[0.000000] (-) TimerEvent: {}
[0.000362] (booster_interface) JobQueued: {'identifier': 'booster_interface', 'dependencies': OrderedDict()}
[0.000430] (booster_msgs) JobQueued: {'identifier': 'booster_msgs', 'dependencies': OrderedDict()}
[0.000469] (game_controller_interface) JobQueued: {'identifier': 'game_controller_interface', 'dependencies': OrderedDict()}
[0.000503] (sound_play) JobQueued: {'identifier': 'sound_play', 'dependencies': OrderedDict()}
[0.000534] (vision_interface) JobQueued: {'identifier': 'vision_interface', 'dependencies': OrderedDict()}
[0.000565] (brain) JobQueued: {'identifier': 'brain', 'dependencies': OrderedDict([('booster_interface', '/home/booster/Workspace/Booster_T1_3v3_Demo/install/booster_interface'), ('booster_msgs', '/home/booster/Workspace/Booster_T1_3v3_Demo/install/booster_msgs'), ('game_controller_interface', '/home/booster/Workspace/Booster_T1_3v3_Demo/install/game_controller_interface'), ('vision_interface', '/home/booster/Workspace/Booster_T1_3v3_Demo/install/vision_interface')])}
[0.000613] (game_controller) JobQueued: {'identifier': 'game_controller', 'dependencies': OrderedDict([('game_controller_interface', '/home/booster/Workspace/Booster_T1_3v3_Demo/install/game_controller_interface')])}
[0.000650] (vision) JobQueued: {'identifier': 'vision', 'dependencies': OrderedDict([('vision_interface', '/home/booster/Workspace/Booster_T1_3v3_Demo/install/vision_interface')])}
[0.000685] (game_controller_interface) JobStarted: {'identifier': 'game_controller_interface'}
[0.008598] (vision_interface) JobStarted: {'identifier': 'vision_interface'}
[0.033218] (booster_interface) JobStarted: {'identifier': 'booster_interface'}
[0.047169] (booster_msgs) JobStarted: {'identifier': 'booster_msgs'}
[0.091746] (-) TimerEvent: {}
[0.094598] (sound_play) JobStarted: {'identifier': 'sound_play'}
[0.147369] (game_controller_interface) JobProgress: {'identifier': 'game_controller_interface', 'progress': 'cmake'}
[0.162591] (game_controller_interface) JobProgress: {'identifier': 'game_controller_interface', 'progress': 'build'}
[0.171959] (game_controller_interface) Command: {'cmd': ['/usr/bin/cmake', '--build', '/home/booster/Workspace/Booster_T1_3v3_Demo/build/game_controller_interface', '--', '-j5', '-l5'], 'cwd': '/home/booster/Workspace/Booster_T1_3v3_Demo/build/game_controller_interface', 'env': OrderedDict([('SUDO_GID', '1000'), ('LESSOPEN', '| /usr/bin/lesspipe %s'), ('PYTHONWARNINGS', 'ignore::DeprecationWarning,ignore::UserWarning,ignore::FutureWarning'), ('MAIL', '/var/mail/root'), ('USER', 'root'), ('SHLVL', '2'), ('LD_LIBRARY_PATH', '/opt/ros/humble/opt/rviz_ogre_vendor/lib:/opt/ros/humble/lib/aarch64-linux-gnu:/opt/ros/humble/lib'), ('HOME', '/root'), ('OLDPWD', '/home/booster/Workspace/Booster_T1_3v3_Demo/scripts'), ('ROS_PYTHON_VERSION', '3'), ('COLORTERM', 'truecolor'), ('SUDO_UID', '1000'), ('ROS_DISTRO', 'humble'), ('LOGNAME', 'root'), ('_', '/usr/bin/colcon'), ('ROS_VERSION', '2'), ('TERM', 'xterm-256color'), ('ROS_LOCALHOST_ONLY', '0'), ('PATH', '/opt/ros/humble/bin:/usr/local/sbin:/usr/local/bin:/usr/sbin:/usr/bin:/sbin:/bin:/usr/games:/usr/local/games:/snap/bin'), ('FASTRTPS_DEFAULT_PROFILES_FILE', '/opt/booster/BoosterRos2/fastdds_profile.xml'), ('LANG', 'en_US.UTF-8'), ('LS_COLORS', 'rs=0:di=01;34:ln=01;36:mh=00:pi=40;33:so=01;35:do=01;35:bd=40;33;01:cd=40;33;01:or=40;31;01:mi=00:su=37;41:sg=30;43:ca=30;41:tw=30;42:ow=34;42:st=37;44:ex=01;32:*.tar=01;31:*.tgz=01;31:*.arc=01;31:*.arj=01;31:*.taz=01;31:*.lha=01;31:*.lz4=01;31:*.lzh=01;31:*.lzma=01;31:*.tlz=01;31:*.txz=01;31:*.tzo=01;31:*.t7z=01;31:*.zip=01;31:*.z=01;31:*.dz=01;31:*.gz=01;31:*.lrz=01;31:*.lz=01;31:*.lzo=01;31:*.xz=01;31:*.zst=01;31:*.tzst=01;31:*.bz2=01;31:*.bz=01;31:*.tbz=01;31:*.tbz2=01;31:*.tz=01;31:*.deb=01;31:*.rpm=01;31:*.jar=01;31:*.war=01;31:*.ear=01;31:*.sar=01;31:*.rar=01;31:*.alz=01;31:*.ace=01;31:*.zoo=01;31:*.cpio=01;31:*.7z=01;31:*.rz=01;31:*.cab=01;31:*.wim=01;31:*.swm=01;31:*.dwm=01;31:*.esd=01;31:*.jpg=01;35:*.jpeg=01;35:*.mjpg=01;35:*.mjpeg=01;35:*.gif=01;35:*.bmp=01;35:*.pbm=01;35:*.pgm=01;35:*.ppm=01;35:*.tga=01;35:*.xbm=01;35:*.xpm=01;35:*.tif=01;35:*.tiff=01;35:*.png=01;35:*.svg=01;35:*.svgz=01;35:*.mng=01;35:*.pcx=01;35:*.mov=01;35:*.mpg=01;35:*.mpeg=01;35:*.m2v=01;35:*.mkv=01;35:*.webm=01;35:*.webp=01;35:*.ogm=01;35:*.mp4=01;35:*.m4v=01;35:*.mp4v=01;35:*.vob=01;35:*.qt=01;35:*.nuv=01;35:*.wmv=01;35:*.asf=01;35:*.rm=01;35:*.rmvb=01;35:*.flc=01;35:*.avi=01;35:*.fli=01;35:*.flv=01;35:*.gl=01;35:*.dl=01;35:*.xcf=01;35:*.xwd=01;35:*.yuv=01;35:*.cgm=01;35:*.emf=01;35:*.ogv=01;35:*.ogx=01;35:*.aac=00;36:*.au=00;36:*.flac=00;36:*.m4a=00;36:*.mid=00;36:*.midi=00;36:*.mka=00;36:*.mp3=00;36:*.mpc=00;36:*.ogg=00;36:*.ra=00;36:*.wav=00;36:*.oga=00;36:*.opus=00;36:*.spx=00;36:*.xspf=00;36:'), ('SUDO_COMMAND', '/usr/bin/su'), ('AMENT_PREFIX_PATH', '/opt/ros/humble'), ('SHELL', '/bin/bash'), ('SUDO_USER', 'booster'), ('LESSCLOSE', '/usr/bin/lesspipe %s %s'), ('PWD', '/home/booster/Workspace/Booster_T1_3v3_Demo/build/game_controller_interface'), ('LC_ALL', 'en_US.UTF-8'), ('PYTHONPATH', '/opt/ros/humble/lib/python3.10/site-packages:/opt/ros/humble/local/lib/python3.10/dist-packages'), ('COLCON', '1'), ('CMAKE_PREFIX_PATH', '/opt/ros/humble')]), 'shell': False}
[0.192031] (-) TimerEvent: {}
[0.212255] (vision_interface) JobProgress: {'identifier': 'vision_interface', 'progress': 'cmake'}
[0.213417] (vision_interface) JobProgress: {'identifier': 'vision_interface', 'progress': 'build'}
[0.213492] (vision_interface) Command: {'cmd': ['/usr/bin/cmake', '--build', '/home/booster/Workspace/Booster_T1_3v3_Demo/build/vision_interface', '--', '-j5', '-l5'], 'cwd': '/home/booster/Workspace/Booster_T1_3v3_Demo/build/vision_interface', 'env': OrderedDict([('SUDO_GID', '1000'), ('LESSOPEN', '| /usr/bin/lesspipe %s'), ('PYTHONWARNINGS', 'ignore::DeprecationWarning,ignore::UserWarning,ignore::FutureWarning'), ('MAIL', '/var/mail/root'), ('USER', 'root'), ('SHLVL', '2'), ('LD_LIBRARY_PATH', '/opt/ros/humble/opt/rviz_ogre_vendor/lib:/opt/ros/humble/lib/aarch64-linux-gnu:/opt/ros/humble/lib'), ('HOME', '/root'), ('OLDPWD', '/home/booster/Workspace/Booster_T1_3v3_Demo/scripts'), ('ROS_PYTHON_VERSION', '3'), ('COLORTERM', 'truecolor'), ('SUDO_UID', '1000'), ('ROS_DISTRO', 'humble'), ('LOGNAME', 'root'), ('_', '/usr/bin/colcon'), ('ROS_VERSION', '2'), ('TERM', 'xterm-256color'), ('ROS_LOCALHOST_ONLY', '0'), ('PATH', '/opt/ros/humble/bin:/usr/local/sbin:/usr/local/bin:/usr/sbin:/usr/bin:/sbin:/bin:/usr/games:/usr/local/games:/snap/bin'), ('FASTRTPS_DEFAULT_PROFILES_FILE', '/opt/booster/BoosterRos2/fastdds_profile.xml'), ('LANG', 'en_US.UTF-8'), ('LS_COLORS', 'rs=0:di=01;34:ln=01;36:mh=00:pi=40;33:so=01;35:do=01;35:bd=40;33;01:cd=40;33;01:or=40;31;01:mi=00:su=37;41:sg=30;43:ca=30;41:tw=30;42:ow=34;42:st=37;44:ex=01;32:*.tar=01;31:*.tgz=01;31:*.arc=01;31:*.arj=01;31:*.taz=01;31:*.lha=01;31:*.lz4=01;31:*.lzh=01;31:*.lzma=01;31:*.tlz=01;31:*.txz=01;31:*.tzo=01;31:*.t7z=01;31:*.zip=01;31:*.z=01;31:*.dz=01;31:*.gz=01;31:*.lrz=01;31:*.lz=01;31:*.lzo=01;31:*.xz=01;31:*.zst=01;31:*.tzst=01;31:*.bz2=01;31:*.bz=01;31:*.tbz=01;31:*.tbz2=01;31:*.tz=01;31:*.deb=01;31:*.rpm=01;31:*.jar=01;31:*.war=01;31:*.ear=01;31:*.sar=01;31:*.rar=01;31:*.alz=01;31:*.ace=01;31:*.zoo=01;31:*.cpio=01;31:*.7z=01;31:*.rz=01;31:*.cab=01;31:*.wim=01;31:*.swm=01;31:*.dwm=01;31:*.esd=01;31:*.jpg=01;35:*.jpeg=01;35:*.mjpg=01;35:*.mjpeg=01;35:*.gif=01;35:*.bmp=01;35:*.pbm=01;35:*.pgm=01;35:*.ppm=01;35:*.tga=01;35:*.xbm=01;35:*.xpm=01;35:*.tif=01;35:*.tiff=01;35:*.png=01;35:*.svg=01;35:*.svgz=01;35:*.mng=01;35:*.pcx=01;35:*.mov=01;35:*.mpg=01;35:*.mpeg=01;35:*.m2v=01;35:*.mkv=01;35:*.webm=01;35:*.webp=01;35:*.ogm=01;35:*.mp4=01;35:*.m4v=01;35:*.mp4v=01;35:*.vob=01;35:*.qt=01;35:*.nuv=01;35:*.wmv=01;35:*.asf=01;35:*.rm=01;35:*.rmvb=01;35:*.flc=01;35:*.avi=01;35:*.fli=01;35:*.flv=01;35:*.gl=01;35:*.dl=01;35:*.xcf=01;35:*.xwd=01;35:*.yuv=01;35:*.cgm=01;35:*.emf=01;35:*.ogv=01;35:*.ogx=01;35:*.aac=00;36:*.au=00;36:*.flac=00;36:*.m4a=00;36:*.mid=00;36:*.midi=00;36:*.mka=00;36:*.mp3=00;36:*.mpc=00;36:*.ogg=00;36:*.ra=00;36:*.wav=00;36:*.oga=00;36:*.opus=00;36:*.spx=00;36:*.xspf=00;36:'), ('SUDO_COMMAND', '/usr/bin/su'), ('AMENT_PREFIX_PATH', '/opt/ros/humble'), ('SHELL', '/bin/bash'), ('SUDO_USER', 'booster'), ('LESSCLOSE', '/usr/bin/lesspipe %s %s'), ('PWD', '/home/booster/Workspace/Booster_T1_3v3_Demo/build/vision_interface'), ('LC_ALL', 'en_US.UTF-8'), ('PYTHONPATH', '/opt/ros/humble/lib/python3.10/site-packages:/opt/ros/humble/local/lib/python3.10/dist-packages'), ('COLCON', '1'), ('CMAKE_PREFIX_PATH', '/opt/ros/humble')]), 'shell': False}
[0.223373] (booster_interface) JobProgress: {'identifier': 'booster_interface', 'progress': 'cmake'}
[0.226836] (booster_interface) JobProgress: {'identifier': 'booster_interface', 'progress': 'build'}
[0.227248] (booster_interface) Command: {'cmd': ['/usr/bin/cmake', '--build', '/home/booster/Workspace/Booster_T1_3v3_Demo/build/booster_interface', '--', '-j5', '-l5'], 'cwd': '/home/booster/Workspace/Booster_T1_3v3_Demo/build/booster_interface', 'env': OrderedDict([('SUDO_GID', '1000'), ('LESSOPEN', '| /usr/bin/lesspipe %s'), ('PYTHONWARNINGS', 'ignore::DeprecationWarning,ignore::UserWarning,ignore::FutureWarning'), ('MAIL', '/var/mail/root'), ('USER', 'root'), ('SHLVL', '2'), ('LD_LIBRARY_PATH', '/opt/ros/humble/opt/rviz_ogre_vendor/lib:/opt/ros/humble/lib/aarch64-linux-gnu:/opt/ros/humble/lib'), ('HOME', '/root'), ('OLDPWD', '/home/booster/Workspace/Booster_T1_3v3_Demo/scripts'), ('ROS_PYTHON_VERSION', '3'), ('COLORTERM', 'truecolor'), ('SUDO_UID', '1000'), ('ROS_DISTRO', 'humble'), ('LOGNAME', 'root'), ('_', '/usr/bin/colcon'), ('ROS_VERSION', '2'), ('TERM', 'xterm-256color'), ('ROS_LOCALHOST_ONLY', '0'), ('PATH', '/opt/ros/humble/bin:/usr/local/sbin:/usr/local/bin:/usr/sbin:/usr/bin:/sbin:/bin:/usr/games:/usr/local/games:/snap/bin'), ('FASTRTPS_DEFAULT_PROFILES_FILE', '/opt/booster/BoosterRos2/fastdds_profile.xml'), ('LANG', 'en_US.UTF-8'), ('LS_COLORS', 'rs=0:di=01;34:ln=01;36:mh=00:pi=40;33:so=01;35:do=01;35:bd=40;33;01:cd=40;33;01:or=40;31;01:mi=00:su=37;41:sg=30;43:ca=30;41:tw=30;42:ow=34;42:st=37;44:ex=01;32:*.tar=01;31:*.tgz=01;31:*.arc=01;31:*.arj=01;31:*.taz=01;31:*.lha=01;31:*.lz4=01;31:*.lzh=01;31:*.lzma=01;31:*.tlz=01;31:*.txz=01;31:*.tzo=01;31:*.t7z=01;31:*.zip=01;31:*.z=01;31:*.dz=01;31:*.gz=01;31:*.lrz=01;31:*.lz=01;31:*.lzo=01;31:*.xz=01;31:*.zst=01;31:*.tzst=01;31:*.bz2=01;31:*.bz=01;31:*.tbz=01;31:*.tbz2=01;31:*.tz=01;31:*.deb=01;31:*.rpm=01;31:*.jar=01;31:*.war=01;31:*.ear=01;31:*.sar=01;31:*.rar=01;31:*.alz=01;31:*.ace=01;31:*.zoo=01;31:*.cpio=01;31:*.7z=01;31:*.rz=01;31:*.cab=01;31:*.wim=01;31:*.swm=01;31:*.dwm=01;31:*.esd=01;31:*.jpg=01;35:*.jpeg=01;35:*.mjpg=01;35:*.mjpeg=01;35:*.gif=01;35:*.bmp=01;35:*.pbm=01;35:*.pgm=01;35:*.ppm=01;35:*.tga=01;35:*.xbm=01;35:*.xpm=01;35:*.tif=01;35:*.tiff=01;35:*.png=01;35:*.svg=01;35:*.svgz=01;35:*.mng=01;35:*.pcx=01;35:*.mov=01;35:*.mpg=01;35:*.mpeg=01;35:*.m2v=01;35:*.mkv=01;35:*.webm=01;35:*.webp=01;35:*.ogm=01;35:*.mp4=01;35:*.m4v=01;35:*.mp4v=01;35:*.vob=01;35:*.qt=01;35:*.nuv=01;35:*.wmv=01;35:*.asf=01;35:*.rm=01;35:*.rmvb=01;35:*.flc=01;35:*.avi=01;35:*.fli=01;35:*.flv=01;35:*.gl=01;35:*.dl=01;35:*.xcf=01;35:*.xwd=01;35:*.yuv=01;35:*.cgm=01;35:*.emf=01;35:*.ogv=01;35:*.ogx=01;35:*.aac=00;36:*.au=00;36:*.flac=00;36:*.m4a=00;36:*.mid=00;36:*.midi=00;36:*.mka=00;36:*.mp3=00;36:*.mpc=00;36:*.ogg=00;36:*.ra=00;36:*.wav=00;36:*.oga=00;36:*.opus=00;36:*.spx=00;36:*.xspf=00;36:'), ('SUDO_COMMAND', '/usr/bin/su'), ('AMENT_PREFIX_PATH', '/opt/ros/humble'), ('SHELL', '/bin/bash'), ('SUDO_USER', 'booster'), ('LESSCLOSE', '/usr/bin/lesspipe %s %s'), ('PWD', '/home/booster/Workspace/Booster_T1_3v3_Demo/build/booster_interface'), ('LC_ALL', 'en_US.UTF-8'), ('PYTHONPATH', '/opt/ros/humble/lib/python3.10/site-packages:/opt/ros/humble/local/lib/python3.10/dist-packages'), ('COLCON', '1'), ('CMAKE_PREFIX_PATH', '/opt/ros/humble')]), 'shell': False}
[0.246110] (booster_msgs) JobProgress: {'identifier': 'booster_msgs', 'progress': 'cmake'}
[0.257780] (booster_msgs) JobProgress: {'identifier': 'booster_msgs', 'progress': 'build'}
[0.257967] (booster_msgs) Command: {'cmd': ['/usr/bin/cmake', '--build', '/home/booster/Workspace/Booster_T1_3v3_Demo/build/booster_msgs', '--', '-j5', '-l5'], 'cwd': '/home/booster/Workspace/Booster_T1_3v3_Demo/build/booster_msgs', 'env': OrderedDict([('SUDO_GID', '1000'), ('LESSOPEN', '| /usr/bin/lesspipe %s'), ('PYTHONWARNINGS', 'ignore::DeprecationWarning,ignore::UserWarning,ignore::FutureWarning'), ('MAIL', '/var/mail/root'), ('USER', 'root'), ('SHLVL', '2'), ('LD_LIBRARY_PATH', '/opt/ros/humble/opt/rviz_ogre_vendor/lib:/opt/ros/humble/lib/aarch64-linux-gnu:/opt/ros/humble/lib'), ('HOME', '/root'), ('OLDPWD', '/home/booster/Workspace/Booster_T1_3v3_Demo/scripts'), ('ROS_PYTHON_VERSION', '3'), ('COLORTERM', 'truecolor'), ('SUDO_UID', '1000'), ('ROS_DISTRO', 'humble'), ('LOGNAME', 'root'), ('_', '/usr/bin/colcon'), ('ROS_VERSION', '2'), ('TERM', 'xterm-256color'), ('ROS_LOCALHOST_ONLY', '0'), ('PATH', '/opt/ros/humble/bin:/usr/local/sbin:/usr/local/bin:/usr/sbin:/usr/bin:/sbin:/bin:/usr/games:/usr/local/games:/snap/bin'), ('FASTRTPS_DEFAULT_PROFILES_FILE', '/opt/booster/BoosterRos2/fastdds_profile.xml'), ('LANG', 'en_US.UTF-8'), ('LS_COLORS', 'rs=0:di=01;34:ln=01;36:mh=00:pi=40;33:so=01;35:do=01;35:bd=40;33;01:cd=40;33;01:or=40;31;01:mi=00:su=37;41:sg=30;43:ca=30;41:tw=30;42:ow=34;42:st=37;44:ex=01;32:*.tar=01;31:*.tgz=01;31:*.arc=01;31:*.arj=01;31:*.taz=01;31:*.lha=01;31:*.lz4=01;31:*.lzh=01;31:*.lzma=01;31:*.tlz=01;31:*.txz=01;31:*.tzo=01;31:*.t7z=01;31:*.zip=01;31:*.z=01;31:*.dz=01;31:*.gz=01;31:*.lrz=01;31:*.lz=01;31:*.lzo=01;31:*.xz=01;31:*.zst=01;31:*.tzst=01;31:*.bz2=01;31:*.bz=01;31:*.tbz=01;31:*.tbz2=01;31:*.tz=01;31:*.deb=01;31:*.rpm=01;31:*.jar=01;31:*.war=01;31:*.ear=01;31:*.sar=01;31:*.rar=01;31:*.alz=01;31:*.ace=01;31:*.zoo=01;31:*.cpio=01;31:*.7z=01;31:*.rz=01;31:*.cab=01;31:*.wim=01;31:*.swm=01;31:*.dwm=01;31:*.esd=01;31:*.jpg=01;35:*.jpeg=01;35:*.mjpg=01;35:*.mjpeg=01;35:*.gif=01;35:*.bmp=01;35:*.pbm=01;35:*.pgm=01;35:*.ppm=01;35:*.tga=01;35:*.xbm=01;35:*.xpm=01;35:*.tif=01;35:*.tiff=01;35:*.png=01;35:*.svg=01;35:*.svgz=01;35:*.mng=01;35:*.pcx=01;35:*.mov=01;35:*.mpg=01;35:*.mpeg=01;35:*.m2v=01;35:*.mkv=01;35:*.webm=01;35:*.webp=01;35:*.ogm=01;35:*.mp4=01;35:*.m4v=01;35:*.mp4v=01;35:*.vob=01;35:*.qt=01;35:*.nuv=01;35:*.wmv=01;35:*.asf=01;35:*.rm=01;35:*.rmvb=01;35:*.flc=01;35:*.avi=01;35:*.fli=01;35:*.flv=01;35:*.gl=01;35:*.dl=01;35:*.xcf=01;35:*.xwd=01;35:*.yuv=01;35:*.cgm=01;35:*.emf=01;35:*.ogv=01;35:*.ogx=01;35:*.aac=00;36:*.au=00;36:*.flac=00;36:*.m4a=00;36:*.mid=00;36:*.midi=00;36:*.mka=00;36:*.mp3=00;36:*.mpc=00;36:*.ogg=00;36:*.ra=00;36:*.wav=00;36:*.oga=00;36:*.opus=00;36:*.spx=00;36:*.xspf=00;36:'), ('SUDO_COMMAND', '/usr/bin/su'), ('AMENT_PREFIX_PATH', '/opt/ros/humble'), ('SHELL', '/bin/bash'), ('SUDO_USER', 'booster'), ('LESSCLOSE', '/usr/bin/lesspipe %s %s'), ('PWD', '/home/booster/Workspace/Booster_T1_3v3_Demo/build/booster_msgs'), ('LC_ALL', 'en_US.UTF-8'), ('PYTHONPATH', '/opt/ros/humble/lib/python3.10/site-packages:/opt/ros/humble/local/lib/python3.10/dist-packages'), ('COLCON', '1'), ('CMAKE_PREFIX_PATH', '/opt/ros/humble')]), 'shell': False}
[0.292192] (-) TimerEvent: {}
[0.392968] (-) TimerEvent: {}
[0.493435] (-) TimerEvent: {}
[0.593905] (-) TimerEvent: {}
[0.694445] (-) TimerEvent: {}
[0.794988] (-) TimerEvent: {}
[0.895523] (-) TimerEvent: {}
[0.996013] (-) TimerEvent: {}
[1.096760] (-) TimerEvent: {}
[1.198124] (-) TimerEvent: {}
[1.298692] (-) TimerEvent: {}
[1.399222] (-) TimerEvent: {}
[1.499850] (-) TimerEvent: {}
[1.600430] (-) TimerEvent: {}
[1.701538] (-) TimerEvent: {}
[1.802063] (-) TimerEvent: {}
[1.902631] (-) TimerEvent: {}
[2.003764] (-) TimerEvent: {}
[2.104456] (-) TimerEvent: {}
[2.205130] (-) TimerEvent: {}
[2.305623] (-) TimerEvent: {}
[2.385087] (game_controller_interface) StdoutLine: {'line': b'[  2%] Built target game_controller_interface__cpp\n'}
[2.385511] (game_controller_interface) StdoutLine: {'line': b'[  2%] Built target ament_cmake_python_symlink_game_controller_interface\n'}
[2.385661] (game_controller_interface) StdoutLine: {'line': b'[ 12%] Built target game_controller_interface__rosidl_typesupport_introspection_cpp\n'}
[2.405818] (-) TimerEvent: {}
[2.431125] (vision_interface) StdoutLine: {'line': b'[  0%] Built target vision_interface__cpp\n'}
[2.434401] (vision_interface) StdoutLine: {'line': b'[  0%] Built target ament_cmake_python_symlink_vision_interface\n'}
[2.434605] (vision_interface) StdoutLine: {'line': b'[ 12%] Built target vision_interface__rosidl_typesupport_introspection_cpp\n'}
[2.481292] (booster_interface) StdoutLine: {'line': b'[  0%] Built target booster_interface__cpp\n'}
[2.481716] (booster_interface) StdoutLine: {'line': b'[  0%] Built target ament_cmake_python_symlink_booster_interface\n'}
[2.481854] (booster_interface) StdoutLine: {'line': b'[ 12%] Built target booster_interface__rosidl_typesupport_introspection_cpp\n'}
[2.488626] (booster_msgs) StdoutLine: {'line': b'[  2%] Built target booster_msgs__cpp\n'}
[2.489041] (booster_msgs) StdoutLine: {'line': b'[  2%] Built target ament_cmake_python_symlink_booster_msgs\n'}
[2.489181] (booster_msgs) StdoutLine: {'line': b'[ 12%] Built target booster_msgs__rosidl_typesupport_cpp\n'}
[2.490145] (booster_msgs) StdoutLine: {'line': b'running egg_info\n'}
[2.490292] (booster_msgs) StdoutLine: {'line': b'writing booster_msgs.egg-info/PKG-INFO\n'}
[2.490418] (booster_msgs) StdoutLine: {'line': b'writing dependency_links to booster_msgs.egg-info/dependency_links.txt\n'}
[2.490531] (booster_msgs) StdoutLine: {'line': b'writing top-level names to booster_msgs.egg-info/top_level.txt\n'}
[2.490635] (booster_msgs) StdoutLine: {'line': b"reading manifest file 'booster_msgs.egg-info/SOURCES.txt'\n"}
[2.490741] (booster_msgs) StdoutLine: {'line': b"writing manifest file 'booster_msgs.egg-info/SOURCES.txt'\n"}
[2.506012] (-) TimerEvent: {}
[2.606546] (-) TimerEvent: {}
[2.627925] (booster_msgs) StdoutLine: {'line': b'[ 12%] Built target ament_cmake_python_build_booster_msgs_egg\n'}
[2.706757] (-) TimerEvent: {}
[2.767771] (vision_interface) StdoutLine: {'line': b'running egg_info\n'}
[2.773159] (vision_interface) StdoutLine: {'line': b'writing vision_interface.egg-info/PKG-INFO\n'}
[2.773609] (vision_interface) StdoutLine: {'line': b'writing dependency_links to vision_interface.egg-info/dependency_links.txt\n'}
[2.773764] (vision_interface) StdoutLine: {'line': b'writing top-level names to vision_interface.egg-info/top_level.txt\n'}
[2.790522] (vision_interface) StdoutLine: {'line': b"reading manifest file 'vision_interface.egg-info/SOURCES.txt'\n"}
[2.795100] (vision_interface) StdoutLine: {'line': b"writing manifest file 'vision_interface.egg-info/SOURCES.txt'\n"}
[2.809526] (-) TimerEvent: {}
[2.823460] (booster_msgs) StdoutLine: {'line': b'[ 23%] Built target booster_msgs__rosidl_typesupport_introspection_cpp\n'}
[2.909703] (-) TimerEvent: {}
[2.956185] (vision_interface) StdoutLine: {'line': b'[ 12%] Built target ament_cmake_python_build_vision_interface_egg\n'}
[2.987232] (booster_msgs) StdoutLine: {'line': b'[ 34%] Built target booster_msgs__rosidl_typesupport_fastrtps_cpp\n'}
[3.010309] (-) TimerEvent: {}
[3.069254] (booster_msgs) StdoutLine: {'line': b'[ 44%] Built target booster_msgs__rosidl_generator_c\n'}
[3.111088] (-) TimerEvent: {}
[3.128444] (booster_msgs) StdoutLine: {'line': b'[ 55%] Built target booster_msgs__rosidl_typesupport_fastrtps_c\n'}
[3.165918] (vision_interface) StdoutLine: {'line': b'[ 23%] Built target vision_interface__rosidl_typesupport_fastrtps_cpp\n'}
[3.179371] (booster_msgs) StdoutLine: {'line': b'[ 65%] Built target booster_msgs__rosidl_typesupport_c\n'}
[3.211228] (-) TimerEvent: {}
[3.216793] (booster_msgs) StdoutLine: {'line': b'[ 76%] Built target booster_msgs__rosidl_typesupport_introspection_c\n'}
[3.276591] (vision_interface) StdoutLine: {'line': b'[ 35%] Built target vision_interface__rosidl_typesupport_cpp\n'}
[3.311361] (-) TimerEvent: {}
[3.345082] (booster_msgs) StdoutLine: {'line': b'[ 76%] Built target booster_msgs\n'}
[3.411557] (-) TimerEvent: {}
[3.468575] (booster_msgs) StdoutLine: {'line': b'[ 78%] Built target booster_msgs__py\n'}
[3.474384] (vision_interface) StdoutLine: {'line': b'[ 47%] Built target vision_interface__rosidl_generator_c\n'}
[3.512066] (-) TimerEvent: {}
[3.590929] (vision_interface) StdoutLine: {'line': b'[ 59%] Built target vision_interface__rosidl_typesupport_fastrtps_c\n'}
[3.612268] (-) TimerEvent: {}
[3.672938] (booster_msgs) StdoutLine: {'line': b'[ 87%] Built target booster_msgs__rosidl_generator_py\n'}
[3.710849] (booster_interface) StdoutLine: {'line': b'running egg_info\n'}
[3.713730] (booster_interface) StdoutLine: {'line': b'writing booster_interface.egg-info/PKG-INFO\n'}
[3.714192] (-) TimerEvent: {}
[3.714450] (booster_interface) StdoutLine: {'line': b'writing dependency_links to booster_interface.egg-info/dependency_links.txt\n'}
[3.714605] (booster_interface) StdoutLine: {'line': b'writing top-level names to booster_interface.egg-info/top_level.txt\n'}
[3.766729] (booster_interface) StdoutLine: {'line': b"reading manifest file 'booster_interface.egg-info/SOURCES.txt'\n"}
[3.770089] (booster_interface) StdoutLine: {'line': b"writing manifest file 'booster_interface.egg-info/SOURCES.txt'\n"}
[3.814440] (-) TimerEvent: {}
[3.836139] (game_controller_interface) StdoutLine: {'line': b'running egg_info\n'}
[3.862013] (game_controller_interface) StdoutLine: {'line': b'writing game_controller_interface.egg-info/PKG-INFO\n'}
[3.864009] (booster_msgs) StdoutLine: {'line': b'[ 91%] Built target booster_msgs__rosidl_typesupport_fastrtps_c__pyext\n'}
[3.864403] (game_controller_interface) StdoutLine: {'line': b'writing dependency_links to game_controller_interface.egg-info/dependency_links.txt\n'}
[3.870195] (game_controller_interface) StdoutLine: {'line': b'writing top-level names to game_controller_interface.egg-info/top_level.txt\n'}
[3.914844] (-) TimerEvent: {}
[3.929557] (game_controller_interface) StdoutLine: {'line': b"reading manifest file 'game_controller_interface.egg-info/SOURCES.txt'\n"}
[3.960962] (vision_interface) StdoutLine: {'line': b'[ 70%] Built target vision_interface__rosidl_typesupport_c\n'}
[3.992151] (game_controller_interface) StdoutLine: {'line': b"writing manifest file 'game_controller_interface.egg-info/SOURCES.txt'\n"}
[4.015059] (-) TimerEvent: {}
[4.093239] (booster_msgs) StdoutLine: {'line': b'[ 95%] Built target booster_msgs__rosidl_typesupport_c__pyext\n'}
[4.115187] (-) TimerEvent: {}
[4.164703] (booster_interface) StdoutLine: {'line': b'[ 12%] Built target ament_cmake_python_build_booster_interface_egg\n'}
[4.215477] (-) TimerEvent: {}
[4.317186] (-) TimerEvent: {}
[4.336708] (game_controller_interface) StdoutLine: {'line': b'[ 12%] Built target ament_cmake_python_build_game_controller_interface_egg\n'}
[4.339682] (booster_interface) StdoutLine: {'line': b'[ 24%] Built target booster_interface__rosidl_typesupport_fastrtps_cpp\n'}
[4.354101] (booster_msgs) StdoutLine: {'line': b'[100%] Built target booster_msgs__rosidl_typesupport_introspection_c__pyext\n'}
[4.407414] (game_controller_interface) StdoutLine: {'line': b'[ 23%] Built target game_controller_interface__rosidl_typesupport_fastrtps_cpp\n'}
[4.408925] (vision_interface) StdoutLine: {'line': b'[ 82%] Built target vision_interface__rosidl_typesupport_introspection_c\n'}
[4.417324] (-) TimerEvent: {}
[4.491498] (booster_msgs) CommandEnded: {'returncode': 0}
[4.492388] (booster_msgs) JobProgress: {'identifier': 'booster_msgs', 'progress': 'install'}
[4.500861] (booster_interface) StdoutLine: {'line': b'[ 36%] Built target booster_interface__rosidl_typesupport_cpp\n'}
[4.517480] (-) TimerEvent: {}
[4.559908] (booster_msgs) Command: {'cmd': ['/usr/bin/cmake', '--install', '/home/booster/Workspace/Booster_T1_3v3_Demo/build/booster_msgs'], 'cwd': '/home/booster/Workspace/Booster_T1_3v3_Demo/build/booster_msgs', 'env': OrderedDict([('SUDO_GID', '1000'), ('LESSOPEN', '| /usr/bin/lesspipe %s'), ('PYTHONWARNINGS', 'ignore::DeprecationWarning,ignore::UserWarning,ignore::FutureWarning'), ('MAIL', '/var/mail/root'), ('USER', 'root'), ('SHLVL', '2'), ('LD_LIBRARY_PATH', '/opt/ros/humble/opt/rviz_ogre_vendor/lib:/opt/ros/humble/lib/aarch64-linux-gnu:/opt/ros/humble/lib'), ('HOME', '/root'), ('OLDPWD', '/home/booster/Workspace/Booster_T1_3v3_Demo/scripts'), ('ROS_PYTHON_VERSION', '3'), ('COLORTERM', 'truecolor'), ('SUDO_UID', '1000'), ('ROS_DISTRO', 'humble'), ('LOGNAME', 'root'), ('_', '/usr/bin/colcon'), ('ROS_VERSION', '2'), ('TERM', 'xterm-256color'), ('ROS_LOCALHOST_ONLY', '0'), ('PATH', '/opt/ros/humble/bin:/usr/local/sbin:/usr/local/bin:/usr/sbin:/usr/bin:/sbin:/bin:/usr/games:/usr/local/games:/snap/bin'), ('FASTRTPS_DEFAULT_PROFILES_FILE', '/opt/booster/BoosterRos2/fastdds_profile.xml'), ('LANG', 'en_US.UTF-8'), ('LS_COLORS', 'rs=0:di=01;34:ln=01;36:mh=00:pi=40;33:so=01;35:do=01;35:bd=40;33;01:cd=40;33;01:or=40;31;01:mi=00:su=37;41:sg=30;43:ca=30;41:tw=30;42:ow=34;42:st=37;44:ex=01;32:*.tar=01;31:*.tgz=01;31:*.arc=01;31:*.arj=01;31:*.taz=01;31:*.lha=01;31:*.lz4=01;31:*.lzh=01;31:*.lzma=01;31:*.tlz=01;31:*.txz=01;31:*.tzo=01;31:*.t7z=01;31:*.zip=01;31:*.z=01;31:*.dz=01;31:*.gz=01;31:*.lrz=01;31:*.lz=01;31:*.lzo=01;31:*.xz=01;31:*.zst=01;31:*.tzst=01;31:*.bz2=01;31:*.bz=01;31:*.tbz=01;31:*.tbz2=01;31:*.tz=01;31:*.deb=01;31:*.rpm=01;31:*.jar=01;31:*.war=01;31:*.ear=01;31:*.sar=01;31:*.rar=01;31:*.alz=01;31:*.ace=01;31:*.zoo=01;31:*.cpio=01;31:*.7z=01;31:*.rz=01;31:*.cab=01;31:*.wim=01;31:*.swm=01;31:*.dwm=01;31:*.esd=01;31:*.jpg=01;35:*.jpeg=01;35:*.mjpg=01;35:*.mjpeg=01;35:*.gif=01;35:*.bmp=01;35:*.pbm=01;35:*.pgm=01;35:*.ppm=01;35:*.tga=01;35:*.xbm=01;35:*.xpm=01;35:*.tif=01;35:*.tiff=01;35:*.png=01;35:*.svg=01;35:*.svgz=01;35:*.mng=01;35:*.pcx=01;35:*.mov=01;35:*.mpg=01;35:*.mpeg=01;35:*.m2v=01;35:*.mkv=01;35:*.webm=01;35:*.webp=01;35:*.ogm=01;35:*.mp4=01;35:*.m4v=01;35:*.mp4v=01;35:*.vob=01;35:*.qt=01;35:*.nuv=01;35:*.wmv=01;35:*.asf=01;35:*.rm=01;35:*.rmvb=01;35:*.flc=01;35:*.avi=01;35:*.fli=01;35:*.flv=01;35:*.gl=01;35:*.dl=01;35:*.xcf=01;35:*.xwd=01;35:*.yuv=01;35:*.cgm=01;35:*.emf=01;35:*.ogv=01;35:*.ogx=01;35:*.aac=00;36:*.au=00;36:*.flac=00;36:*.m4a=00;36:*.mid=00;36:*.midi=00;36:*.mka=00;36:*.mp3=00;36:*.mpc=00;36:*.ogg=00;36:*.ra=00;36:*.wav=00;36:*.oga=00;36:*.opus=00;36:*.spx=00;36:*.xspf=00;36:'), ('SUDO_COMMAND', '/usr/bin/su'), ('AMENT_PREFIX_PATH', '/opt/ros/humble'), ('SHELL', '/bin/bash'), ('SUDO_USER', 'booster'), ('LESSCLOSE', '/usr/bin/lesspipe %s %s'), ('PWD', '/home/booster/Workspace/Booster_T1_3v3_Demo/build/booster_msgs'), ('LC_ALL', 'en_US.UTF-8'), ('PYTHONPATH', '/opt/ros/humble/lib/python3.10/site-packages:/opt/ros/humble/local/lib/python3.10/dist-packages'), ('COLCON', '1'), ('CMAKE_PREFIX_PATH', '/opt/ros/humble')]), 'shell': False}
[4.604509] (booster_msgs) StdoutLine: {'line': b'-- Install configuration: ""\n'}
[4.610548] (booster_msgs) StdoutLine: {'line': b'-- Execute custom install script\n'}
[4.613114] (booster_msgs) StdoutLine: {'line': b'-- Up-to-date symlink: /home/booster/Workspace/Booster_T1_3v3_Demo/install/booster_msgs/share/ament_index/resource_index/rosidl_interfaces/booster_msgs\n'}
[4.617404] (booster_msgs) StdoutLine: {'line': b'-- Up-to-date symlink: /home/booster/Workspace/Booster_T1_3v3_Demo/install/booster_msgs/include/booster_msgs/booster_msgs/msg/binary_data.h\n'}
[4.617739] (-) TimerEvent: {}
[4.620361] (booster_msgs) StdoutLine: {'line': b'-- Up-to-date symlink: /home/booster/Workspace/Booster_T1_3v3_Demo/install/booster_msgs/include/booster_msgs/booster_msgs/msg/detail/binary_data__functions.h\n'}
[4.623144] (booster_msgs) StdoutLine: {'line': b'-- Up-to-date symlink: /home/booster/Workspace/Booster_T1_3v3_Demo/install/booster_msgs/include/booster_msgs/booster_msgs/msg/detail/binary_data__struct.h\n'}
[4.628411] (booster_msgs) StdoutLine: {'line': b'-- Up-to-date symlink: /home/booster/Workspace/Booster_T1_3v3_Demo/install/booster_msgs/include/booster_msgs/booster_msgs/msg/detail/binary_data__type_support.h\n'}
[4.631074] (booster_msgs) StdoutLine: {'line': b'-- Up-to-date symlink: /home/booster/Workspace/Booster_T1_3v3_Demo/install/booster_msgs/include/booster_msgs/booster_msgs/msg/detail/rpc_req_msg__functions.h\n'}
[4.632949] (booster_msgs) StdoutLine: {'line': b'-- Up-to-date symlink: /home/booster/Workspace/Booster_T1_3v3_Demo/install/booster_msgs/include/booster_msgs/booster_msgs/msg/detail/rpc_req_msg__struct.h\n'}
[4.635426] (booster_msgs) StdoutLine: {'line': b'-- Up-to-date symlink: /home/booster/Workspace/Booster_T1_3v3_Demo/install/booster_msgs/include/booster_msgs/booster_msgs/msg/detail/rpc_req_msg__type_support.h\n'}
[4.638668] (booster_msgs) StdoutLine: {'line': b'-- Up-to-date symlink: /home/booster/Workspace/Booster_T1_3v3_Demo/install/booster_msgs/include/booster_msgs/booster_msgs/msg/detail/rpc_resp_msg__functions.h\n'}
[4.644961] (booster_msgs) StdoutLine: {'line': b'-- Up-to-date symlink: /home/booster/Workspace/Booster_T1_3v3_Demo/install/booster_msgs/include/booster_msgs/booster_msgs/msg/detail/rpc_resp_msg__struct.h\n'}
[4.648972] (booster_msgs) StdoutLine: {'line': b'-- Up-to-date symlink: /home/booster/Workspace/Booster_T1_3v3_Demo/install/booster_msgs/include/booster_msgs/booster_msgs/msg/detail/rpc_resp_msg__type_support.h\n'}
[4.651177] (booster_msgs) StdoutLine: {'line': b'-- Up-to-date symlink: /home/booster/Workspace/Booster_T1_3v3_Demo/install/booster_msgs/include/booster_msgs/booster_msgs/msg/rosidl_generator_c__visibility_control.h\n'}
[4.653461] (vision_interface) StdoutLine: {'line': b'[ 82%] Built target vision_interface\n'}
[4.655249] (booster_msgs) StdoutLine: {'line': b'-- Up-to-date symlink: /home/booster/Workspace/Booster_T1_3v3_Demo/install/booster_msgs/include/booster_msgs/booster_msgs/msg/rpc_req_msg.h\n'}
[4.657127] (booster_msgs) StdoutLine: {'line': b'-- Up-to-date symlink: /home/booster/Workspace/Booster_T1_3v3_Demo/install/booster_msgs/include/booster_msgs/booster_msgs/msg/rpc_resp_msg.h\n'}
[4.659302] (booster_msgs) StdoutLine: {'line': b'-- Up-to-date symlink: /home/booster/Workspace/Booster_T1_3v3_Demo/install/booster_msgs/share/booster_msgs/environment/library_path.sh\n'}
[4.663299] (booster_msgs) StdoutLine: {'line': b'-- Up-to-date symlink: /home/booster/Workspace/Booster_T1_3v3_Demo/install/booster_msgs/share/booster_msgs/environment/library_path.dsv\n'}
[4.670978] (booster_msgs) StdoutLine: {'line': b'-- Up-to-date symlink: /home/booster/Workspace/Booster_T1_3v3_Demo/install/booster_msgs/include/booster_msgs/booster_msgs/msg/detail/binary_data__rosidl_typesupport_fastrtps_c.h\n'}
[4.680009] (booster_msgs) StdoutLine: {'line': b'-- Up-to-date symlink: /home/booster/Workspace/Booster_T1_3v3_Demo/install/booster_msgs/include/booster_msgs/booster_msgs/msg/detail/rpc_req_msg__rosidl_typesupport_fastrtps_c.h\n'}
[4.680844] (booster_msgs) StdoutLine: {'line': b'-- Up-to-date symlink: /home/booster/Workspace/Booster_T1_3v3_Demo/install/booster_msgs/include/booster_msgs/booster_msgs/msg/detail/rpc_resp_msg__rosidl_typesupport_fastrtps_c.h\n'}
[4.685457] (booster_msgs) StdoutLine: {'line': b'-- Up-to-date symlink: /home/booster/Workspace/Booster_T1_3v3_Demo/install/booster_msgs/include/booster_msgs/booster_msgs/msg/rosidl_typesupport_fastrtps_c__visibility_control.h\n'}
[4.692004] (booster_msgs) StdoutLine: {'line': b'-- Up-to-date symlink: /home/booster/Workspace/Booster_T1_3v3_Demo/install/booster_msgs/include/booster_msgs/booster_msgs/msg/detail/binary_data__rosidl_typesupport_introspection_c.h\n'}
[4.692839] (booster_msgs) StdoutLine: {'line': b'-- Up-to-date symlink: /home/booster/Workspace/Booster_T1_3v3_Demo/install/booster_msgs/include/booster_msgs/booster_msgs/msg/detail/rpc_req_msg__rosidl_typesupport_introspection_c.h\n'}
[4.694266] (booster_msgs) StdoutLine: {'line': b'-- Up-to-date symlink: /home/booster/Workspace/Booster_T1_3v3_Demo/install/booster_msgs/include/booster_msgs/booster_msgs/msg/detail/rpc_resp_msg__rosidl_typesupport_introspection_c.h\n'}
[4.699252] (booster_msgs) StdoutLine: {'line': b'-- Up-to-date symlink: /home/booster/Workspace/Booster_T1_3v3_Demo/install/booster_msgs/include/booster_msgs/booster_msgs/msg/rosidl_typesupport_introspection_c__visibility_control.h\n'}
[4.703540] (booster_msgs) StdoutLine: {'line': b'-- Up-to-date symlink: /home/booster/Workspace/Booster_T1_3v3_Demo/install/booster_msgs/include/booster_msgs/booster_msgs/msg/binary_data.hpp\n'}
[4.706318] (booster_msgs) StdoutLine: {'line': b'-- Up-to-date symlink: /home/booster/Workspace/Booster_T1_3v3_Demo/install/booster_msgs/include/booster_msgs/booster_msgs/msg/detail/binary_data__builder.hpp\n'}
[4.709608] (booster_msgs) StdoutLine: {'line': b'-- Up-to-date symlink: /home/booster/Workspace/Booster_T1_3v3_Demo/install/booster_msgs/include/booster_msgs/booster_msgs/msg/detail/binary_data__struct.hpp\n'}
[4.711807] (booster_msgs) StdoutLine: {'line': b'-- Up-to-date symlink: /home/booster/Workspace/Booster_T1_3v3_Demo/install/booster_msgs/include/booster_msgs/booster_msgs/msg/detail/binary_data__traits.hpp\n'}
[4.715138] (booster_msgs) StdoutLine: {'line': b'-- Up-to-date symlink: /home/booster/Workspace/Booster_T1_3v3_Demo/install/booster_msgs/include/booster_msgs/booster_msgs/msg/detail/binary_data__type_support.hpp\n'}
[4.717862] (-) TimerEvent: {}
[4.718901] (booster_msgs) StdoutLine: {'line': b'-- Up-to-date symlink: /home/booster/Workspace/Booster_T1_3v3_Demo/install/booster_msgs/include/booster_msgs/booster_msgs/msg/detail/rpc_req_msg__builder.hpp\n'}
[4.720585] (booster_msgs) StdoutLine: {'line': b'-- Up-to-date symlink: /home/booster/Workspace/Booster_T1_3v3_Demo/install/booster_msgs/include/booster_msgs/booster_msgs/msg/detail/rpc_req_msg__struct.hpp\n'}
[4.721923] (booster_msgs) StdoutLine: {'line': b'-- Up-to-date symlink: /home/booster/Workspace/Booster_T1_3v3_Demo/install/booster_msgs/include/booster_msgs/booster_msgs/msg/detail/rpc_req_msg__traits.hpp\n'}
[4.723017] (booster_msgs) StdoutLine: {'line': b'-- Up-to-date symlink: /home/booster/Workspace/Booster_T1_3v3_Demo/install/booster_msgs/include/booster_msgs/booster_msgs/msg/detail/rpc_req_msg__type_support.hpp\n'}
[4.727682] (booster_msgs) StdoutLine: {'line': b'-- Up-to-date symlink: /home/booster/Workspace/Booster_T1_3v3_Demo/install/booster_msgs/include/booster_msgs/booster_msgs/msg/detail/rpc_resp_msg__builder.hpp\n'}
[4.730740] (booster_msgs) StdoutLine: {'line': b'-- Up-to-date symlink: /home/booster/Workspace/Booster_T1_3v3_Demo/install/booster_msgs/include/booster_msgs/booster_msgs/msg/detail/rpc_resp_msg__struct.hpp\n'}
[4.732377] (booster_msgs) StdoutLine: {'line': b'-- Up-to-date symlink: /home/booster/Workspace/Booster_T1_3v3_Demo/install/booster_msgs/include/booster_msgs/booster_msgs/msg/detail/rpc_resp_msg__traits.hpp\n'}
[4.733696] (booster_msgs) StdoutLine: {'line': b'-- Up-to-date symlink: /home/booster/Workspace/Booster_T1_3v3_Demo/install/booster_msgs/include/booster_msgs/booster_msgs/msg/detail/rpc_resp_msg__type_support.hpp\n'}
[4.738083] (booster_msgs) StdoutLine: {'line': b'-- Up-to-date symlink: /home/booster/Workspace/Booster_T1_3v3_Demo/install/booster_msgs/include/booster_msgs/booster_msgs/msg/rosidl_generator_cpp__visibility_control.hpp\n'}
[4.739763] (booster_msgs) StdoutLine: {'line': b'-- Up-to-date symlink: /home/booster/Workspace/Booster_T1_3v3_Demo/install/booster_msgs/include/booster_msgs/booster_msgs/msg/rpc_req_msg.hpp\n'}
[4.744261] (booster_msgs) StdoutLine: {'line': b'-- Up-to-date symlink: /home/booster/Workspace/Booster_T1_3v3_Demo/install/booster_msgs/include/booster_msgs/booster_msgs/msg/rpc_resp_msg.hpp\n'}
[4.747359] (booster_msgs) StdoutLine: {'line': b'-- Up-to-date symlink: /home/booster/Workspace/Booster_T1_3v3_Demo/install/booster_msgs/include/booster_msgs/booster_msgs/msg/detail/binary_data__rosidl_typesupport_fastrtps_cpp.hpp\n'}
[4.749282] (booster_msgs) StdoutLine: {'line': b'-- Up-to-date symlink: /home/booster/Workspace/Booster_T1_3v3_Demo/install/booster_msgs/include/booster_msgs/booster_msgs/msg/detail/rpc_req_msg__rosidl_typesupport_fastrtps_cpp.hpp\n'}
[4.751243] (booster_msgs) StdoutLine: {'line': b'-- Up-to-date symlink: /home/booster/Workspace/Booster_T1_3v3_Demo/install/booster_msgs/include/booster_msgs/booster_msgs/msg/detail/rpc_resp_msg__rosidl_typesupport_fastrtps_cpp.hpp\n'}
[4.753219] (booster_msgs) StdoutLine: {'line': b'-- Up-to-date symlink: /home/booster/Workspace/Booster_T1_3v3_Demo/install/booster_msgs/include/booster_msgs/booster_msgs/msg/rosidl_typesupport_fastrtps_cpp__visibility_control.h\n'}
[4.755849] (booster_msgs) StdoutLine: {'line': b'-- Up-to-date symlink: /home/booster/Workspace/Booster_T1_3v3_Demo/install/booster_msgs/include/booster_msgs/booster_msgs/msg/detail/binary_data__rosidl_typesupport_introspection_cpp.hpp\n'}
[4.757708] (booster_msgs) StdoutLine: {'line': b'-- Up-to-date symlink: /home/booster/Workspace/Booster_T1_3v3_Demo/install/booster_msgs/include/booster_msgs/booster_msgs/msg/detail/rpc_req_msg__rosidl_typesupport_introspection_cpp.hpp\n'}
[4.759876] (booster_msgs) StdoutLine: {'line': b'-- Up-to-date symlink: /home/booster/Workspace/Booster_T1_3v3_Demo/install/booster_msgs/include/booster_msgs/booster_msgs/msg/detail/rpc_resp_msg__rosidl_typesupport_introspection_cpp.hpp\n'}
[4.763270] (booster_msgs) StdoutLine: {'line': b'-- Up-to-date symlink: /home/booster/Workspace/Booster_T1_3v3_Demo/install/booster_msgs/share/booster_msgs/environment/pythonpath.sh\n'}
[4.765220] (booster_msgs) StdoutLine: {'line': b'-- Up-to-date symlink: /home/booster/Workspace/Booster_T1_3v3_Demo/install/booster_msgs/share/booster_msgs/environment/pythonpath.dsv\n'}
[4.769539] (booster_msgs) StdoutLine: {'line': b'-- Up-to-date symlink: /home/booster/Workspace/Booster_T1_3v3_Demo/install/booster_msgs/local/lib/python3.10/dist-packages/booster_msgs-0.0.0-py3.10.egg-info/PKG-INFO\n'}
[4.771261] (booster_msgs) StdoutLine: {'line': b'-- Up-to-date symlink: /home/booster/Workspace/Booster_T1_3v3_Demo/install/booster_msgs/local/lib/python3.10/dist-packages/booster_msgs-0.0.0-py3.10.egg-info/SOURCES.txt\n'}
[4.776547] (booster_msgs) StdoutLine: {'line': b'-- Up-to-date symlink: /home/booster/Workspace/Booster_T1_3v3_Demo/install/booster_msgs/local/lib/python3.10/dist-packages/booster_msgs-0.0.0-py3.10.egg-info/dependency_links.txt\n'}
[4.777904] (game_controller_interface) StdoutLine: {'line': b'[ 34%] Built target game_controller_interface__rosidl_typesupport_cpp\n'}
[4.782795] (booster_msgs) StdoutLine: {'line': b'-- Up-to-date symlink: /home/booster/Workspace/Booster_T1_3v3_Demo/install/booster_msgs/local/lib/python3.10/dist-packages/booster_msgs-0.0.0-py3.10.egg-info/top_level.txt\n'}
[4.787363] (booster_msgs) StdoutLine: {'line': b'-- Up-to-date symlink: /home/booster/Workspace/Booster_T1_3v3_Demo/install/booster_msgs/local/lib/python3.10/dist-packages/booster_msgs/__init__.py\n'}
[4.789415] (booster_msgs) StdoutLine: {'line': b'-- Up-to-date symlink: /home/booster/Workspace/Booster_T1_3v3_Demo/install/booster_msgs/local/lib/python3.10/dist-packages/booster_msgs/_booster_msgs_s.ep.rosidl_typesupport_c.c\n'}
[4.791595] (booster_msgs) StdoutLine: {'line': b'-- Up-to-date symlink: /home/booster/Workspace/Booster_T1_3v3_Demo/install/booster_msgs/local/lib/python3.10/dist-packages/booster_msgs/_booster_msgs_s.ep.rosidl_typesupport_fastrtps_c.c\n'}
[4.793602] (booster_msgs) StdoutLine: {'line': b'-- Up-to-date symlink: /home/booster/Workspace/Booster_T1_3v3_Demo/install/booster_msgs/local/lib/python3.10/dist-packages/booster_msgs/_booster_msgs_s.ep.rosidl_typesupport_introspection_c.c\n'}
[4.795907] (booster_msgs) StdoutLine: {'line': b'-- Up-to-date symlink: /home/booster/Workspace/Booster_T1_3v3_Demo/install/booster_msgs/local/lib/python3.10/dist-packages/booster_msgs/booster_msgs_s__rosidl_typesupport_c.cpython-310-aarch64-linux-gnu.so\n'}
[4.798289] (booster_msgs) StdoutLine: {'line': b'-- Up-to-date symlink: /home/booster/Workspace/Booster_T1_3v3_Demo/install/booster_msgs/local/lib/python3.10/dist-packages/booster_msgs/booster_msgs_s__rosidl_typesupport_fastrtps_c.cpython-310-aarch64-linux-gnu.so\n'}
[4.803645] (booster_msgs) StdoutLine: {'line': b'-- Up-to-date symlink: /home/booster/Workspace/Booster_T1_3v3_Demo/install/booster_msgs/local/lib/python3.10/dist-packages/booster_msgs/booster_msgs_s__rosidl_typesupport_introspection_c.cpython-310-aarch64-linux-gnu.so\n'}
[4.809960] (booster_msgs) StdoutLine: {'line': b'-- Up-to-date symlink: /home/booster/Workspace/Booster_T1_3v3_Demo/install/booster_msgs/local/lib/python3.10/dist-packages/booster_msgs/libbooster_msgs__rosidl_generator_py.so\n'}
[4.813429] (booster_msgs) StdoutLine: {'line': b'-- Up-to-date symlink: /home/booster/Workspace/Booster_T1_3v3_Demo/install/booster_msgs/local/lib/python3.10/dist-packages/booster_msgs/msg/__init__.py\n'}
[4.815065] (booster_msgs) StdoutLine: {'line': b'-- Up-to-date symlink: /home/booster/Workspace/Booster_T1_3v3_Demo/install/booster_msgs/local/lib/python3.10/dist-packages/booster_msgs/msg/_binary_data.py\n'}
[4.816535] (booster_msgs) StdoutLine: {'line': b'-- Up-to-date symlink: /home/booster/Workspace/Booster_T1_3v3_Demo/install/booster_msgs/local/lib/python3.10/dist-packages/booster_msgs/msg/_binary_data_s.c\n'}
[4.818142] (-) TimerEvent: {}
[4.820517] (booster_msgs) StdoutLine: {'line': b'-- Up-to-date symlink: /home/booster/Workspace/Booster_T1_3v3_Demo/install/booster_msgs/local/lib/python3.10/dist-packages/booster_msgs/msg/_rpc_req_msg.py\n'}
[4.823130] (booster_msgs) StdoutLine: {'line': b'-- Up-to-date symlink: /home/booster/Workspace/Booster_T1_3v3_Demo/install/booster_msgs/local/lib/python3.10/dist-packages/booster_msgs/msg/_rpc_req_msg_s.c\n'}
[4.824806] (booster_msgs) StdoutLine: {'line': b'-- Up-to-date symlink: /home/booster/Workspace/Booster_T1_3v3_Demo/install/booster_msgs/local/lib/python3.10/dist-packages/booster_msgs/msg/_rpc_resp_msg.py\n'}
[4.826562] (booster_msgs) StdoutLine: {'line': b'-- Up-to-date symlink: /home/booster/Workspace/Booster_T1_3v3_Demo/install/booster_msgs/local/lib/python3.10/dist-packages/booster_msgs/msg/_rpc_resp_msg_s.c\n'}
[4.828090] (booster_msgs) StdoutLine: {'line': b'-- Up-to-date symlink: /home/booster/Workspace/Booster_T1_3v3_Demo/install/booster_msgs/local/lib/python3.10/dist-packages/booster_msgs/booster_msgs_s__rosidl_typesupport_fastrtps_c.cpython-310-aarch64-linux-gnu.so\n'}
[4.831673] (booster_msgs) StdoutLine: {'line': b'-- Up-to-date symlink: /home/booster/Workspace/Booster_T1_3v3_Demo/install/booster_msgs/local/lib/python3.10/dist-packages/booster_msgs/booster_msgs_s__rosidl_typesupport_introspection_c.cpython-310-aarch64-linux-gnu.so\n'}
[4.834825] (booster_msgs) StdoutLine: {'line': b'-- Up-to-date symlink: /home/booster/Workspace/Booster_T1_3v3_Demo/install/booster_msgs/local/lib/python3.10/dist-packages/booster_msgs/booster_msgs_s__rosidl_typesupport_c.cpython-310-aarch64-linux-gnu.so\n'}
[4.836956] (booster_msgs) StdoutLine: {'line': b'-- Up-to-date symlink: /home/booster/Workspace/Booster_T1_3v3_Demo/install/booster_msgs/share/booster_msgs/msg/BinaryData.idl\n'}
[4.838939] (booster_msgs) StdoutLine: {'line': b'-- Up-to-date symlink: /home/booster/Workspace/Booster_T1_3v3_Demo/install/booster_msgs/share/booster_msgs/msg/RpcReqMsg.idl\n'}
[4.841066] (booster_msgs) StdoutLine: {'line': b'-- Up-to-date symlink: /home/booster/Workspace/Booster_T1_3v3_Demo/install/booster_msgs/share/booster_msgs/msg/RpcRespMsg.idl\n'}
[4.842740] (booster_msgs) StdoutLine: {'line': b'-- Up-to-date symlink: /home/booster/Workspace/Booster_T1_3v3_Demo/install/booster_msgs/share/booster_msgs/msg/BinaryData.msg\n'}
[4.844253] (booster_msgs) StdoutLine: {'line': b'-- Up-to-date symlink: /home/booster/Workspace/Booster_T1_3v3_Demo/install/booster_msgs/share/booster_msgs/msg/RpcReqMsg.msg\n'}
[4.845850] (booster_msgs) StdoutLine: {'line': b'-- Up-to-date symlink: /home/booster/Workspace/Booster_T1_3v3_Demo/install/booster_msgs/share/booster_msgs/msg/RpcRespMsg.msg\n'}
[4.847319] (booster_msgs) StdoutLine: {'line': b'-- Up-to-date symlink: /home/booster/Workspace/Booster_T1_3v3_Demo/install/booster_msgs/share/ament_index/resource_index/package_run_dependencies/booster_msgs\n'}
[4.851467] (booster_msgs) StdoutLine: {'line': b'-- Up-to-date symlink: /home/booster/Workspace/Booster_T1_3v3_Demo/install/booster_msgs/share/ament_index/resource_index/parent_prefix_path/booster_msgs\n'}
[4.853781] (booster_msgs) StdoutLine: {'line': b'-- Up-to-date symlink: /home/booster/Workspace/Booster_T1_3v3_Demo/install/booster_msgs/share/booster_msgs/environment/ament_prefix_path.sh\n'}
[4.856814] (booster_msgs) StdoutLine: {'line': b'-- Up-to-date symlink: /home/booster/Workspace/Booster_T1_3v3_Demo/install/booster_msgs/share/booster_msgs/environment/ament_prefix_path.dsv\n'}
[4.859730] (booster_msgs) StdoutLine: {'line': b'-- Up-to-date symlink: /home/booster/Workspace/Booster_T1_3v3_Demo/install/booster_msgs/share/booster_msgs/environment/path.sh\n'}
[4.862111] (booster_msgs) StdoutLine: {'line': b'-- Up-to-date symlink: /home/booster/Workspace/Booster_T1_3v3_Demo/install/booster_msgs/share/booster_msgs/environment/path.dsv\n'}
[4.864960] (booster_msgs) StdoutLine: {'line': b'-- Up-to-date symlink: /home/booster/Workspace/Booster_T1_3v3_Demo/install/booster_msgs/share/booster_msgs/local_setup.bash\n'}
[4.867593] (booster_msgs) StdoutLine: {'line': b'-- Up-to-date symlink: /home/booster/Workspace/Booster_T1_3v3_Demo/install/booster_msgs/share/booster_msgs/local_setup.sh\n'}
[4.872016] (booster_msgs) StdoutLine: {'line': b'-- Up-to-date symlink: /home/booster/Workspace/Booster_T1_3v3_Demo/install/booster_msgs/share/booster_msgs/local_setup.zsh\n'}
[4.876027] (booster_msgs) StdoutLine: {'line': b'-- Up-to-date symlink: /home/booster/Workspace/Booster_T1_3v3_Demo/install/booster_msgs/share/booster_msgs/local_setup.dsv\n'}
[4.879462] (booster_msgs) StdoutLine: {'line': b'-- Symlinking: /home/booster/Workspace/Booster_T1_3v3_Demo/install/booster_msgs/share/booster_msgs/package.dsv\n'}
[4.915841] (booster_interface) StdoutLine: {'line': b'[ 48%] Built target booster_interface__rosidl_generator_c\n'}
[4.919606] (-) TimerEvent: {}
[5.021043] (-) TimerEvent: {}
[5.041472] (booster_msgs) StdoutLine: {'line': b'-- Up-to-date symlink: /home/booster/Workspace/Booster_T1_3v3_Demo/install/booster_msgs/share/ament_index/resource_index/packages/booster_msgs\n'}
[5.041967] (booster_msgs) StdoutLine: {'line': b'-- Up-to-date symlink: /home/booster/Workspace/Booster_T1_3v3_Demo/install/booster_msgs/share/booster_msgs/cmake/rosidl_cmake-extras.cmake\n'}
[5.043676] (booster_msgs) StdoutLine: {'line': b'-- Up-to-date symlink: /home/booster/Workspace/Booster_T1_3v3_Demo/install/booster_msgs/share/booster_msgs/cmake/ament_cmake_export_include_directories-extras.cmake\n'}
[5.044214] (vision_interface) StdoutLine: {'line': b'[ 83%] Built target vision_interface__py\n'}
[5.044438] (booster_msgs) StdoutLine: {'line': b'-- Up-to-date symlink: /home/booster/Workspace/Booster_T1_3v3_Demo/install/booster_msgs/share/booster_msgs/cmake/ament_cmake_export_libraries-extras.cmake\n'}
[5.045554] (booster_msgs) StdoutLine: {'line': b'-- Up-to-date symlink: /home/booster/Workspace/Booster_T1_3v3_Demo/install/booster_msgs/share/booster_msgs/cmake/ament_cmake_export_targets-extras.cmake\n'}
[5.045918] (booster_msgs) StdoutLine: {'line': b'-- Up-to-date symlink: /home/booster/Workspace/Booster_T1_3v3_Demo/install/booster_msgs/share/booster_msgs/cmake/rosidl_cmake_export_typesupport_targets-extras.cmake\n'}
[5.047058] (booster_msgs) StdoutLine: {'line': b'-- Up-to-date symlink: /home/booster/Workspace/Booster_T1_3v3_Demo/install/booster_msgs/share/booster_msgs/cmake/ament_cmake_export_dependencies-extras.cmake\n'}
[5.047331] (booster_msgs) StdoutLine: {'line': b'-- Up-to-date symlink: /home/booster/Workspace/Booster_T1_3v3_Demo/install/booster_msgs/share/booster_msgs/cmake/rosidl_cmake_export_typesupport_libraries-extras.cmake\n'}
[5.047983] (booster_msgs) StdoutLine: {'line': b'-- Up-to-date symlink: /home/booster/Workspace/Booster_T1_3v3_Demo/install/booster_msgs/share/booster_msgs/cmake/booster_msgsConfig.cmake\n'}
[5.048192] (booster_msgs) StdoutLine: {'line': b'-- Up-to-date symlink: /home/booster/Workspace/Booster_T1_3v3_Demo/install/booster_msgs/share/booster_msgs/cmake/booster_msgsConfig-version.cmake\n'}
[5.048348] (booster_msgs) StdoutLine: {'line': b'-- Up-to-date symlink: /home/booster/Workspace/Booster_T1_3v3_Demo/install/booster_msgs/share/booster_msgs/package.xml\n'}
[5.048849] (booster_msgs) StdoutLine: {'line': b'-- Up-to-date: /home/booster/Workspace/Booster_T1_3v3_Demo/install/booster_msgs/lib/libbooster_msgs__rosidl_generator_c.so\n'}
[5.050331] (booster_msgs) StdoutLine: {'line': b'-- Up-to-date: /home/booster/Workspace/Booster_T1_3v3_Demo/install/booster_msgs/lib/libbooster_msgs__rosidl_typesupport_fastrtps_c.so\n'}
[5.050631] (booster_msgs) StdoutLine: {'line': b'-- Up-to-date: /home/booster/Workspace/Booster_T1_3v3_Demo/install/booster_msgs/lib/libbooster_msgs__rosidl_typesupport_introspection_c.so\n'}
[5.050779] (booster_msgs) StdoutLine: {'line': b'-- Up-to-date: /home/booster/Workspace/Booster_T1_3v3_Demo/install/booster_msgs/lib/libbooster_msgs__rosidl_typesupport_c.so\n'}
[5.051196] (booster_msgs) StdoutLine: {'line': b'-- Up-to-date: /home/booster/Workspace/Booster_T1_3v3_Demo/install/booster_msgs/lib/libbooster_msgs__rosidl_typesupport_fastrtps_cpp.so\n'}
[5.053386] (booster_msgs) StdoutLine: {'line': b'-- Up-to-date: /home/booster/Workspace/Booster_T1_3v3_Demo/install/booster_msgs/lib/libbooster_msgs__rosidl_typesupport_introspection_cpp.so\n'}
[5.053710] (booster_msgs) StdoutLine: {'line': b'-- Up-to-date: /home/booster/Workspace/Booster_T1_3v3_Demo/install/booster_msgs/lib/libbooster_msgs__rosidl_typesupport_cpp.so\n'}
[5.116509] (game_controller_interface) StdoutLine: {'line': b'[ 44%] Built target game_controller_interface__rosidl_generator_c\n'}
[5.121178] (-) TimerEvent: {}
[5.221764] (-) TimerEvent: {}
[5.321398] (booster_msgs) StdoutLine: {'line': b"Listing '/home/booster/Workspace/Booster_T1_3v3_Demo/install/booster_msgs/local/lib/python3.10/dist-packages/booster_msgs'...\n"}
[5.321812] (-) TimerEvent: {}
[5.322057] (booster_msgs) StdoutLine: {'line': b"Listing '/home/booster/Workspace/Booster_T1_3v3_Demo/install/booster_msgs/local/lib/python3.10/dist-packages/booster_msgs/msg'...\n"}
[5.358814] (booster_msgs) StdoutLine: {'line': b'-- Up-to-date: /home/booster/Workspace/Booster_T1_3v3_Demo/install/booster_msgs/lib/libbooster_msgs__rosidl_generator_py.so\n'}
[5.362209] (booster_msgs) StdoutLine: {'line': b'-- Up-to-date: /home/booster/Workspace/Booster_T1_3v3_Demo/install/booster_msgs/share/booster_msgs/cmake/export_booster_msgs__rosidl_generator_cExport.cmake\n'}
[5.362575] (booster_msgs) StdoutLine: {'line': b'-- Up-to-date: /home/booster/Workspace/Booster_T1_3v3_Demo/install/booster_msgs/share/booster_msgs/cmake/export_booster_msgs__rosidl_generator_cExport-noconfig.cmake\n'}
[5.363205] (booster_msgs) StdoutLine: {'line': b'-- Up-to-date: /home/booster/Workspace/Booster_T1_3v3_Demo/install/booster_msgs/share/booster_msgs/cmake/export_booster_msgs__rosidl_typesupport_fastrtps_cExport.cmake\n'}
[5.363496] (booster_msgs) StdoutLine: {'line': b'-- Up-to-date: /home/booster/Workspace/Booster_T1_3v3_Demo/install/booster_msgs/share/booster_msgs/cmake/export_booster_msgs__rosidl_typesupport_fastrtps_cExport-noconfig.cmake\n'}
[5.363655] (booster_msgs) StdoutLine: {'line': b'-- Up-to-date: /home/booster/Workspace/Booster_T1_3v3_Demo/install/booster_msgs/share/booster_msgs/cmake/booster_msgs__rosidl_typesupport_introspection_cExport.cmake\n'}
[5.363790] (booster_msgs) StdoutLine: {'line': b'-- Up-to-date: /home/booster/Workspace/Booster_T1_3v3_Demo/install/booster_msgs/share/booster_msgs/cmake/booster_msgs__rosidl_typesupport_introspection_cExport-noconfig.cmake\n'}
[5.363905] (booster_msgs) StdoutLine: {'line': b'-- Up-to-date: /home/booster/Workspace/Booster_T1_3v3_Demo/install/booster_msgs/share/booster_msgs/cmake/booster_msgs__rosidl_typesupport_cExport.cmake\n'}
[5.364028] (booster_msgs) StdoutLine: {'line': b'-- Up-to-date: /home/booster/Workspace/Booster_T1_3v3_Demo/install/booster_msgs/share/booster_msgs/cmake/booster_msgs__rosidl_typesupport_cExport-noconfig.cmake\n'}
[5.364137] (booster_msgs) StdoutLine: {'line': b'-- Up-to-date: /home/booster/Workspace/Booster_T1_3v3_Demo/install/booster_msgs/share/booster_msgs/cmake/export_booster_msgs__rosidl_generator_cppExport.cmake\n'}
[5.368013] (booster_msgs) StdoutLine: {'line': b'-- Up-to-date: /home/booster/Workspace/Booster_T1_3v3_Demo/install/booster_msgs/share/booster_msgs/cmake/export_booster_msgs__rosidl_typesupport_fastrtps_cppExport.cmake\n'}
[5.368349] (booster_msgs) StdoutLine: {'line': b'-- Up-to-date: /home/booster/Workspace/Booster_T1_3v3_Demo/install/booster_msgs/share/booster_msgs/cmake/export_booster_msgs__rosidl_typesupport_fastrtps_cppExport-noconfig.cmake\n'}
[5.368589] (booster_msgs) StdoutLine: {'line': b'-- Up-to-date: /home/booster/Workspace/Booster_T1_3v3_Demo/install/booster_msgs/share/booster_msgs/cmake/booster_msgs__rosidl_typesupport_introspection_cppExport.cmake\n'}
[5.368726] (booster_msgs) StdoutLine: {'line': b'-- Up-to-date: /home/booster/Workspace/Booster_T1_3v3_Demo/install/booster_msgs/share/booster_msgs/cmake/booster_msgs__rosidl_typesupport_introspection_cppExport-noconfig.cmake\n'}
[5.369066] (booster_msgs) StdoutLine: {'line': b'-- Up-to-date: /home/booster/Workspace/Booster_T1_3v3_Demo/install/booster_msgs/share/booster_msgs/cmake/booster_msgs__rosidl_typesupport_cppExport.cmake\n'}
[5.369201] (booster_msgs) StdoutLine: {'line': b'-- Up-to-date: /home/booster/Workspace/Booster_T1_3v3_Demo/install/booster_msgs/share/booster_msgs/cmake/booster_msgs__rosidl_typesupport_cppExport-noconfig.cmake\n'}
[5.369339] (booster_msgs) StdoutLine: {'line': b'-- Up-to-date: /home/booster/Workspace/Booster_T1_3v3_Demo/install/booster_msgs/share/booster_msgs/cmake/export_booster_msgs__rosidl_generator_pyExport.cmake\n'}
[5.369478] (booster_msgs) StdoutLine: {'line': b'-- Up-to-date: /home/booster/Workspace/Booster_T1_3v3_Demo/install/booster_msgs/share/booster_msgs/cmake/export_booster_msgs__rosidl_generator_pyExport-noconfig.cmake\n'}
[5.378535] (booster_msgs) CommandEnded: {'returncode': 0}
[5.379516] (booster_interface) StdoutLine: {'line': b'[ 60%] Built target booster_interface__rosidl_typesupport_fastrtps_c\n'}
[5.403648] (game_controller_interface) StdoutLine: {'line': b'[ 55%] Built target game_controller_interface__rosidl_typesupport_fastrtps_c\n'}
[5.408747] (vision_interface) StdoutLine: {'line': b'[ 94%] Built target vision_interface__rosidl_generator_py\n'}
[5.423047] (-) TimerEvent: {}
[5.525643] (-) TimerEvent: {}
[5.565771] (game_controller_interface) StdoutLine: {'line': b'[ 65%] Built target game_controller_interface__rosidl_typesupport_c\n'}
[5.627448] (-) TimerEvent: {}
[5.671320] (vision_interface) StdoutLine: {'line': b'[ 96%] Built target vision_interface__rosidl_typesupport_fastrtps_c__pyext\n'}
[5.674072] (booster_interface) StdoutLine: {'line': b'[ 72%] Built target booster_interface__rosidl_typesupport_c\n'}
[5.704622] (game_controller_interface) StdoutLine: {'line': b'[ 76%] Built target game_controller_interface__rosidl_typesupport_introspection_c\n'}
[5.727565] (-) TimerEvent: {}
[5.828663] (-) TimerEvent: {}
[5.837428] (game_controller_interface) StdoutLine: {'line': b'[ 76%] Built target game_controller_interface\n'}
[5.883508] (booster_msgs) JobEnded: {'identifier': 'booster_msgs', 'rc': 0}
[5.885254] (vision_interface) StdoutLine: {'line': b'[ 98%] Built target vision_interface__rosidl_typesupport_c__pyext\n'}
[5.898573] (sound_play) Command: {'cmd': ['/usr/bin/python3', '-W', 'ignore:setup.py install is deprecated', '-W', 'ignore:easy_install command is deprecated', 'setup.py', 'develop', '--editable', '--build-directory', '/home/booster/Workspace/Booster_T1_3v3_Demo/build/sound_play/build', '--no-deps', 'symlink_data'], 'cwd': '/home/booster/Workspace/Booster_T1_3v3_Demo/build/sound_play', 'env': {'SUDO_GID': '1000', 'LESSOPEN': '| /usr/bin/lesspipe %s', 'PYTHONWARNINGS': 'ignore::DeprecationWarning,ignore::UserWarning,ignore::FutureWarning', 'MAIL': '/var/mail/root', 'USER': 'root', 'SHLVL': '2', 'LD_LIBRARY_PATH': '/opt/ros/humble/opt/rviz_ogre_vendor/lib:/opt/ros/humble/lib/aarch64-linux-gnu:/opt/ros/humble/lib', 'HOME': '/root', 'OLDPWD': '/home/booster/Workspace/Booster_T1_3v3_Demo/scripts', 'ROS_PYTHON_VERSION': '3', 'COLORTERM': 'truecolor', 'SUDO_UID': '1000', 'ROS_DISTRO': 'humble', 'LOGNAME': 'root', '_': '/usr/bin/colcon', 'ROS_VERSION': '2', 'TERM': 'xterm-256color', 'ROS_LOCALHOST_ONLY': '0', 'PATH': '/opt/ros/humble/bin:/usr/local/sbin:/usr/local/bin:/usr/sbin:/usr/bin:/sbin:/bin:/usr/games:/usr/local/games:/snap/bin', 'FASTRTPS_DEFAULT_PROFILES_FILE': '/opt/booster/BoosterRos2/fastdds_profile.xml', 'LANG': 'en_US.UTF-8', 'LS_COLORS': 'rs=0:di=01;34:ln=01;36:mh=00:pi=40;33:so=01;35:do=01;35:bd=40;33;01:cd=40;33;01:or=40;31;01:mi=00:su=37;41:sg=30;43:ca=30;41:tw=30;42:ow=34;42:st=37;44:ex=01;32:*.tar=01;31:*.tgz=01;31:*.arc=01;31:*.arj=01;31:*.taz=01;31:*.lha=01;31:*.lz4=01;31:*.lzh=01;31:*.lzma=01;31:*.tlz=01;31:*.txz=01;31:*.tzo=01;31:*.t7z=01;31:*.zip=01;31:*.z=01;31:*.dz=01;31:*.gz=01;31:*.lrz=01;31:*.lz=01;31:*.lzo=01;31:*.xz=01;31:*.zst=01;31:*.tzst=01;31:*.bz2=01;31:*.bz=01;31:*.tbz=01;31:*.tbz2=01;31:*.tz=01;31:*.deb=01;31:*.rpm=01;31:*.jar=01;31:*.war=01;31:*.ear=01;31:*.sar=01;31:*.rar=01;31:*.alz=01;31:*.ace=01;31:*.zoo=01;31:*.cpio=01;31:*.7z=01;31:*.rz=01;31:*.cab=01;31:*.wim=01;31:*.swm=01;31:*.dwm=01;31:*.esd=01;31:*.jpg=01;35:*.jpeg=01;35:*.mjpg=01;35:*.mjpeg=01;35:*.gif=01;35:*.bmp=01;35:*.pbm=01;35:*.pgm=01;35:*.ppm=01;35:*.tga=01;35:*.xbm=01;35:*.xpm=01;35:*.tif=01;35:*.tiff=01;35:*.png=01;35:*.svg=01;35:*.svgz=01;35:*.mng=01;35:*.pcx=01;35:*.mov=01;35:*.mpg=01;35:*.mpeg=01;35:*.m2v=01;35:*.mkv=01;35:*.webm=01;35:*.webp=01;35:*.ogm=01;35:*.mp4=01;35:*.m4v=01;35:*.mp4v=01;35:*.vob=01;35:*.qt=01;35:*.nuv=01;35:*.wmv=01;35:*.asf=01;35:*.rm=01;35:*.rmvb=01;35:*.flc=01;35:*.avi=01;35:*.fli=01;35:*.flv=01;35:*.gl=01;35:*.dl=01;35:*.xcf=01;35:*.xwd=01;35:*.yuv=01;35:*.cgm=01;35:*.emf=01;35:*.ogv=01;35:*.ogx=01;35:*.aac=00;36:*.au=00;36:*.flac=00;36:*.m4a=00;36:*.mid=00;36:*.midi=00;36:*.mka=00;36:*.mp3=00;36:*.mpc=00;36:*.ogg=00;36:*.ra=00;36:*.wav=00;36:*.oga=00;36:*.opus=00;36:*.spx=00;36:*.xspf=00;36:', 'SUDO_COMMAND': '/usr/bin/su', 'AMENT_PREFIX_PATH': '/opt/ros/humble', 'SHELL': '/bin/bash', 'SUDO_USER': 'booster', 'LESSCLOSE': '/usr/bin/lesspipe %s %s', 'PWD': '/home/booster/Workspace/Booster_T1_3v3_Demo/build/sound_play', 'LC_ALL': 'en_US.UTF-8', 'PYTHONPATH': '/home/booster/Workspace/Booster_T1_3v3_Demo/build/sound_play/prefix_override:/usr/lib/python3/dist-packages/colcon_core/task/python/colcon_distutils_commands:/home/booster/Workspace/Booster_T1_3v3_Demo/install/sound_play/lib/python3.10/site-packages:/opt/ros/humble/lib/python3.10/site-packages:/opt/ros/humble/local/lib/python3.10/dist-packages', 'COLCON': '1'}, 'shell': False}
[5.932466] (booster_interface) StdoutLine: {'line': b'[ 84%] Built target booster_interface__rosidl_typesupport_introspection_c\n'}
[5.932852] (-) TimerEvent: {}
[6.033318] (-) TimerEvent: {}
[6.051352] (vision_interface) StdoutLine: {'line': b'[100%] Built target vision_interface__rosidl_typesupport_introspection_c__pyext\n'}
[6.055256] (booster_interface) StdoutLine: {'line': b'[ 84%] Built target booster_interface\n'}
[6.089677] (game_controller_interface) StdoutLine: {'line': b'[ 78%] Built target game_controller_interface__py\n'}
[6.134361] (vision_interface) CommandEnded: {'returncode': 0}
[6.135494] (-) TimerEvent: {}
[6.135779] (vision_interface) JobProgress: {'identifier': 'vision_interface', 'progress': 'install'}
[6.135838] (vision_interface) Command: {'cmd': ['/usr/bin/cmake', '--install', '/home/booster/Workspace/Booster_T1_3v3_Demo/build/vision_interface'], 'cwd': '/home/booster/Workspace/Booster_T1_3v3_Demo/build/vision_interface', 'env': OrderedDict([('SUDO_GID', '1000'), ('LESSOPEN', '| /usr/bin/lesspipe %s'), ('PYTHONWARNINGS', 'ignore::DeprecationWarning,ignore::UserWarning,ignore::FutureWarning'), ('MAIL', '/var/mail/root'), ('USER', 'root'), ('SHLVL', '2'), ('LD_LIBRARY_PATH', '/opt/ros/humble/opt/rviz_ogre_vendor/lib:/opt/ros/humble/lib/aarch64-linux-gnu:/opt/ros/humble/lib'), ('HOME', '/root'), ('OLDPWD', '/home/booster/Workspace/Booster_T1_3v3_Demo/scripts'), ('ROS_PYTHON_VERSION', '3'), ('COLORTERM', 'truecolor'), ('SUDO_UID', '1000'), ('ROS_DISTRO', 'humble'), ('LOGNAME', 'root'), ('_', '/usr/bin/colcon'), ('ROS_VERSION', '2'), ('TERM', 'xterm-256color'), ('ROS_LOCALHOST_ONLY', '0'), ('PATH', '/opt/ros/humble/bin:/usr/local/sbin:/usr/local/bin:/usr/sbin:/usr/bin:/sbin:/bin:/usr/games:/usr/local/games:/snap/bin'), ('FASTRTPS_DEFAULT_PROFILES_FILE', '/opt/booster/BoosterRos2/fastdds_profile.xml'), ('LANG', 'en_US.UTF-8'), ('LS_COLORS', 'rs=0:di=01;34:ln=01;36:mh=00:pi=40;33:so=01;35:do=01;35:bd=40;33;01:cd=40;33;01:or=40;31;01:mi=00:su=37;41:sg=30;43:ca=30;41:tw=30;42:ow=34;42:st=37;44:ex=01;32:*.tar=01;31:*.tgz=01;31:*.arc=01;31:*.arj=01;31:*.taz=01;31:*.lha=01;31:*.lz4=01;31:*.lzh=01;31:*.lzma=01;31:*.tlz=01;31:*.txz=01;31:*.tzo=01;31:*.t7z=01;31:*.zip=01;31:*.z=01;31:*.dz=01;31:*.gz=01;31:*.lrz=01;31:*.lz=01;31:*.lzo=01;31:*.xz=01;31:*.zst=01;31:*.tzst=01;31:*.bz2=01;31:*.bz=01;31:*.tbz=01;31:*.tbz2=01;31:*.tz=01;31:*.deb=01;31:*.rpm=01;31:*.jar=01;31:*.war=01;31:*.ear=01;31:*.sar=01;31:*.rar=01;31:*.alz=01;31:*.ace=01;31:*.zoo=01;31:*.cpio=01;31:*.7z=01;31:*.rz=01;31:*.cab=01;31:*.wim=01;31:*.swm=01;31:*.dwm=01;31:*.esd=01;31:*.jpg=01;35:*.jpeg=01;35:*.mjpg=01;35:*.mjpeg=01;35:*.gif=01;35:*.bmp=01;35:*.pbm=01;35:*.pgm=01;35:*.ppm=01;35:*.tga=01;35:*.xbm=01;35:*.xpm=01;35:*.tif=01;35:*.tiff=01;35:*.png=01;35:*.svg=01;35:*.svgz=01;35:*.mng=01;35:*.pcx=01;35:*.mov=01;35:*.mpg=01;35:*.mpeg=01;35:*.m2v=01;35:*.mkv=01;35:*.webm=01;35:*.webp=01;35:*.ogm=01;35:*.mp4=01;35:*.m4v=01;35:*.mp4v=01;35:*.vob=01;35:*.qt=01;35:*.nuv=01;35:*.wmv=01;35:*.asf=01;35:*.rm=01;35:*.rmvb=01;35:*.flc=01;35:*.avi=01;35:*.fli=01;35:*.flv=01;35:*.gl=01;35:*.dl=01;35:*.xcf=01;35:*.xwd=01;35:*.yuv=01;35:*.cgm=01;35:*.emf=01;35:*.ogv=01;35:*.ogx=01;35:*.aac=00;36:*.au=00;36:*.flac=00;36:*.m4a=00;36:*.mid=00;36:*.midi=00;36:*.mka=00;36:*.mp3=00;36:*.mpc=00;36:*.ogg=00;36:*.ra=00;36:*.wav=00;36:*.oga=00;36:*.opus=00;36:*.spx=00;36:*.xspf=00;36:'), ('SUDO_COMMAND', '/usr/bin/su'), ('AMENT_PREFIX_PATH', '/opt/ros/humble'), ('SHELL', '/bin/bash'), ('SUDO_USER', 'booster'), ('LESSCLOSE', '/usr/bin/lesspipe %s %s'), ('PWD', '/home/booster/Workspace/Booster_T1_3v3_Demo/build/vision_interface'), ('LC_ALL', 'en_US.UTF-8'), ('PYTHONPATH', '/opt/ros/humble/lib/python3.10/site-packages:/opt/ros/humble/local/lib/python3.10/dist-packages'), ('COLCON', '1'), ('CMAKE_PREFIX_PATH', '/opt/ros/humble')]), 'shell': False}
[6.208045] (booster_interface) StdoutLine: {'line': b'[ 85%] Built target booster_interface__py\n'}
[6.222274] (vision_interface) StdoutLine: {'line': b'-- Install configuration: ""\n'}
[6.222667] (vision_interface) StdoutLine: {'line': b'-- Execute custom install script\n'}
[6.222805] (vision_interface) StdoutLine: {'line': b'-- Up-to-date symlink: /home/booster/Workspace/Booster_T1_3v3_Demo/install/vision_interface/share/ament_index/resource_index/rosidl_interfaces/vision_interface\n'}
[6.231527] (vision_interface) StdoutLine: {'line': b'-- Up-to-date symlink: /home/booster/Workspace/Booster_T1_3v3_Demo/install/vision_interface/include/vision_interface/vision_interface/msg/ball.h\n'}
[6.231925] (vision_interface) StdoutLine: {'line': b'-- Up-to-date symlink: /home/booster/Workspace/Booster_T1_3v3_Demo/install/vision_interface/include/vision_interface/vision_interface/msg/cal_param.h\n'}
[6.232072] (vision_interface) StdoutLine: {'line': b'-- Up-to-date symlink: /home/booster/Workspace/Booster_T1_3v3_Demo/install/vision_interface/include/vision_interface/vision_interface/msg/detail/ball__functions.h\n'}
[6.232197] (vision_interface) StdoutLine: {'line': b'-- Up-to-date symlink: /home/booster/Workspace/Booster_T1_3v3_Demo/install/vision_interface/include/vision_interface/vision_interface/msg/detail/ball__struct.h\n'}
[6.232308] (vision_interface) StdoutLine: {'line': b'-- Up-to-date symlink: /home/booster/Workspace/Booster_T1_3v3_Demo/install/vision_interface/include/vision_interface/vision_interface/msg/detail/ball__type_support.h\n'}
[6.232414] (vision_interface) StdoutLine: {'line': b'-- Up-to-date symlink: /home/booster/Workspace/Booster_T1_3v3_Demo/install/vision_interface/include/vision_interface/vision_interface/msg/detail/cal_param__functions.h\n'}
[6.232520] (vision_interface) StdoutLine: {'line': b'-- Up-to-date symlink: /home/booster/Workspace/Booster_T1_3v3_Demo/install/vision_interface/include/vision_interface/vision_interface/msg/detail/cal_param__struct.h\n'}
[6.232621] (vision_interface) StdoutLine: {'line': b'-- Up-to-date symlink: /home/booster/Workspace/Booster_T1_3v3_Demo/install/vision_interface/include/vision_interface/vision_interface/msg/detail/cal_param__type_support.h\n'}
[6.232756] (vision_interface) StdoutLine: {'line': b'-- Up-to-date symlink: /home/booster/Workspace/Booster_T1_3v3_Demo/install/vision_interface/include/vision_interface/vision_interface/msg/detail/detected_object__functions.h\n'}
[6.232858] (vision_interface) StdoutLine: {'line': b'-- Up-to-date symlink: /home/booster/Workspace/Booster_T1_3v3_Demo/install/vision_interface/include/vision_interface/vision_interface/msg/detail/detected_object__struct.h\n'}
[6.232975] (vision_interface) StdoutLine: {'line': b'-- Up-to-date symlink: /home/booster/Workspace/Booster_T1_3v3_Demo/install/vision_interface/include/vision_interface/vision_interface/msg/detail/detected_object__type_support.h\n'}
[6.235623] (-) TimerEvent: {}
[6.238789] (vision_interface) StdoutLine: {'line': b'-- Up-to-date symlink: /home/booster/Workspace/Booster_T1_3v3_Demo/install/vision_interface/include/vision_interface/vision_interface/msg/detail/detections__functions.h\n'}
[6.244899] (vision_interface) StdoutLine: {'line': b'-- Up-to-date symlink: /home/booster/Workspace/Booster_T1_3v3_Demo/install/vision_interface/include/vision_interface/vision_interface/msg/detail/detections__struct.h\n'}
[6.245675] (vision_interface) StdoutLine: {'line': b'-- Up-to-date symlink: /home/booster/Workspace/Booster_T1_3v3_Demo/install/vision_interface/include/vision_interface/vision_interface/msg/detail/detections__type_support.h\n'}
[6.246369] (vision_interface) StdoutLine: {'line': b'-- Up-to-date symlink: /home/booster/Workspace/Booster_T1_3v3_Demo/install/vision_interface/include/vision_interface/vision_interface/msg/detail/detections_track__functions.h\n'}
[6.248553] (vision_interface) StdoutLine: {'line': b'-- Up-to-date symlink: /home/booster/Workspace/Booster_T1_3v3_Demo/install/vision_interface/include/vision_interface/vision_interface/msg/detail/detections_track__struct.h\n'}
[6.249280] (vision_interface) StdoutLine: {'line': b'-- Up-to-date symlink: /home/booster/Workspace/Booster_T1_3v3_Demo/install/vision_interface/include/vision_interface/vision_interface/msg/detail/detections_track__type_support.h\n'}
[6.250363] (vision_interface) StdoutLine: {'line': b'-- Up-to-date symlink: /home/booster/Workspace/Booster_T1_3v3_Demo/install/vision_interface/include/vision_interface/vision_interface/msg/detail/image_head_position__functions.h\n'}
[6.252931] (vision_interface) StdoutLine: {'line': b'-- Up-to-date symlink: /home/booster/Workspace/Booster_T1_3v3_Demo/install/vision_interface/include/vision_interface/vision_interface/msg/detail/image_head_position__struct.h\n'}
[6.257665] (vision_interface) StdoutLine: {'line': b'-- Up-to-date symlink: /home/booster/Workspace/Booster_T1_3v3_Demo/install/vision_interface/include/vision_interface/vision_interface/msg/detail/image_head_position__type_support.h\n'}
[6.258364] (vision_interface) StdoutLine: {'line': b'-- Up-to-date symlink: /home/booster/Workspace/Booster_T1_3v3_Demo/install/vision_interface/include/vision_interface/vision_interface/msg/detail/line_segments__functions.h\n'}
[6.259509] (vision_interface) StdoutLine: {'line': b'-- Up-to-date symlink: /home/booster/Workspace/Booster_T1_3v3_Demo/install/vision_interface/include/vision_interface/vision_interface/msg/detail/line_segments__struct.h\n'}
[6.260702] (vision_interface) StdoutLine: {'line': b'-- Up-to-date symlink: /home/booster/Workspace/Booster_T1_3v3_Demo/install/vision_interface/include/vision_interface/vision_interface/msg/detail/line_segments__type_support.h\n'}
[6.261912] (vision_interface) StdoutLine: {'line': b'-- Up-to-date symlink: /home/booster/Workspace/Booster_T1_3v3_Demo/install/vision_interface/include/vision_interface/vision_interface/msg/detail/segmentation_line__functions.h\n'}
[6.263397] (vision_interface) StdoutLine: {'line': b'-- Up-to-date symlink: /home/booster/Workspace/Booster_T1_3v3_Demo/install/vision_interface/include/vision_interface/vision_interface/msg/detail/segmentation_line__struct.h\n'}
[6.264238] (vision_interface) StdoutLine: {'line': b'-- Up-to-date symlink: /home/booster/Workspace/Booster_T1_3v3_Demo/install/vision_interface/include/vision_interface/vision_interface/msg/detail/segmentation_line__type_support.h\n'}
[6.265385] (vision_interface) StdoutLine: {'line': b'-- Up-to-date symlink: /home/booster/Workspace/Booster_T1_3v3_Demo/install/vision_interface/include/vision_interface/vision_interface/msg/detail/segmentation_point__functions.h\n'}
[6.266365] (vision_interface) StdoutLine: {'line': b'-- Up-to-date symlink: /home/booster/Workspace/Booster_T1_3v3_Demo/install/vision_interface/include/vision_interface/vision_interface/msg/detail/segmentation_point__struct.h\n'}
[6.267829] (vision_interface) StdoutLine: {'line': b'-- Up-to-date symlink: /home/booster/Workspace/Booster_T1_3v3_Demo/install/vision_interface/include/vision_interface/vision_interface/msg/detail/segmentation_point__type_support.h\n'}
[6.268931] (vision_interface) StdoutLine: {'line': b'-- Up-to-date symlink: /home/booster/Workspace/Booster_T1_3v3_Demo/install/vision_interface/include/vision_interface/vision_interface/msg/detail/segmentation_result__functions.h\n'}
[6.269984] (vision_interface) StdoutLine: {'line': b'-- Up-to-date symlink: /home/booster/Workspace/Booster_T1_3v3_Demo/install/vision_interface/include/vision_interface/vision_interface/msg/detail/segmentation_result__struct.h\n'}
[6.271199] (vision_interface) StdoutLine: {'line': b'-- Up-to-date symlink: /home/booster/Workspace/Booster_T1_3v3_Demo/install/vision_interface/include/vision_interface/vision_interface/msg/detail/segmentation_result__type_support.h\n'}
[6.274064] (vision_interface) StdoutLine: {'line': b'-- Up-to-date symlink: /home/booster/Workspace/Booster_T1_3v3_Demo/install/vision_interface/include/vision_interface/vision_interface/msg/detected_object.h\n'}
[6.274394] (vision_interface) StdoutLine: {'line': b'-- Up-to-date symlink: /home/booster/Workspace/Booster_T1_3v3_Demo/install/vision_interface/include/vision_interface/vision_interface/msg/detections.h\n'}
[6.278470] (game_controller_interface) StdoutLine: {'line': b'[ 87%] Built target game_controller_interface__rosidl_generator_py\n'}
[6.279559] (vision_interface) StdoutLine: {'line': b'-- Up-to-date symlink: /home/booster/Workspace/Booster_T1_3v3_Demo/install/vision_interface/include/vision_interface/vision_interface/msg/detections_track.h\n'}
[6.280814] (vision_interface) StdoutLine: {'line': b'-- Up-to-date symlink: /home/booster/Workspace/Booster_T1_3v3_Demo/install/vision_interface/include/vision_interface/vision_interface/msg/image_head_position.h\n'}
[6.282350] (vision_interface) StdoutLine: {'line': b'-- Up-to-date symlink: /home/booster/Workspace/Booster_T1_3v3_Demo/install/vision_interface/include/vision_interface/vision_interface/msg/line_segments.h\n'}
[6.283782] (vision_interface) StdoutLine: {'line': b'-- Up-to-date symlink: /home/booster/Workspace/Booster_T1_3v3_Demo/install/vision_interface/include/vision_interface/vision_interface/msg/rosidl_generator_c__visibility_control.h\n'}
[6.284859] (vision_interface) StdoutLine: {'line': b'-- Up-to-date symlink: /home/booster/Workspace/Booster_T1_3v3_Demo/install/vision_interface/include/vision_interface/vision_interface/msg/segmentation_line.h\n'}
[6.285316] (vision_interface) StdoutLine: {'line': b'-- Up-to-date symlink: /home/booster/Workspace/Booster_T1_3v3_Demo/install/vision_interface/include/vision_interface/vision_interface/msg/segmentation_point.h\n'}
[6.286042] (vision_interface) StdoutLine: {'line': b'-- Up-to-date symlink: /home/booster/Workspace/Booster_T1_3v3_Demo/install/vision_interface/include/vision_interface/vision_interface/msg/segmentation_result.h\n'}
[6.287655] (vision_interface) StdoutLine: {'line': b'-- Up-to-date symlink: /home/booster/Workspace/Booster_T1_3v3_Demo/install/vision_interface/share/vision_interface/environment/library_path.sh\n'}
[6.288479] (vision_interface) StdoutLine: {'line': b'-- Up-to-date symlink: /home/booster/Workspace/Booster_T1_3v3_Demo/install/vision_interface/share/vision_interface/environment/library_path.dsv\n'}
[6.290334] (vision_interface) StdoutLine: {'line': b'-- Up-to-date symlink: /home/booster/Workspace/Booster_T1_3v3_Demo/install/vision_interface/include/vision_interface/vision_interface/msg/detail/ball__rosidl_typesupport_fastrtps_c.h\n'}
[6.291188] (vision_interface) StdoutLine: {'line': b'-- Up-to-date symlink: /home/booster/Workspace/Booster_T1_3v3_Demo/install/vision_interface/include/vision_interface/vision_interface/msg/detail/cal_param__rosidl_typesupport_fastrtps_c.h\n'}
[6.293085] (vision_interface) StdoutLine: {'line': b'-- Up-to-date symlink: /home/booster/Workspace/Booster_T1_3v3_Demo/install/vision_interface/include/vision_interface/vision_interface/msg/detail/detected_object__rosidl_typesupport_fastrtps_c.h\n'}
[6.293823] (vision_interface) StdoutLine: {'line': b'-- Up-to-date symlink: /home/booster/Workspace/Booster_T1_3v3_Demo/install/vision_interface/include/vision_interface/vision_interface/msg/detail/detections__rosidl_typesupport_fastrtps_c.h\n'}
[6.294487] (vision_interface) StdoutLine: {'line': b'-- Up-to-date symlink: /home/booster/Workspace/Booster_T1_3v3_Demo/install/vision_interface/include/vision_interface/vision_interface/msg/detail/detections_track__rosidl_typesupport_fastrtps_c.h\n'}
[6.295562] (vision_interface) StdoutLine: {'line': b'-- Up-to-date symlink: /home/booster/Workspace/Booster_T1_3v3_Demo/install/vision_interface/include/vision_interface/vision_interface/msg/detail/image_head_position__rosidl_typesupport_fastrtps_c.h\n'}
[6.298023] (vision_interface) StdoutLine: {'line': b'-- Up-to-date symlink: /home/booster/Workspace/Booster_T1_3v3_Demo/install/vision_interface/include/vision_interface/vision_interface/msg/detail/line_segments__rosidl_typesupport_fastrtps_c.h\n'}
[6.301563] (vision_interface) StdoutLine: {'line': b'-- Up-to-date symlink: /home/booster/Workspace/Booster_T1_3v3_Demo/install/vision_interface/include/vision_interface/vision_interface/msg/detail/segmentation_line__rosidl_typesupport_fastrtps_c.h\n'}
[6.301885] (vision_interface) StdoutLine: {'line': b'-- Up-to-date symlink: /home/booster/Workspace/Booster_T1_3v3_Demo/install/vision_interface/include/vision_interface/vision_interface/msg/detail/segmentation_point__rosidl_typesupport_fastrtps_c.h\n'}
[6.305458] (vision_interface) StdoutLine: {'line': b'-- Up-to-date symlink: /home/booster/Workspace/Booster_T1_3v3_Demo/install/vision_interface/include/vision_interface/vision_interface/msg/detail/segmentation_result__rosidl_typesupport_fastrtps_c.h\n'}
[6.308978] (vision_interface) StdoutLine: {'line': b'-- Up-to-date symlink: /home/booster/Workspace/Booster_T1_3v3_Demo/install/vision_interface/include/vision_interface/vision_interface/msg/rosidl_typesupport_fastrtps_c__visibility_control.h\n'}
[6.311370] (vision_interface) StdoutLine: {'line': b'-- Up-to-date symlink: /home/booster/Workspace/Booster_T1_3v3_Demo/install/vision_interface/include/vision_interface/vision_interface/msg/ball.hpp\n'}
[6.312010] (vision_interface) StdoutLine: {'line': b'-- Up-to-date symlink: /home/booster/Workspace/Booster_T1_3v3_Demo/install/vision_interface/include/vision_interface/vision_interface/msg/cal_param.hpp\n'}
[6.312993] (vision_interface) StdoutLine: {'line': b'-- Up-to-date symlink: /home/booster/Workspace/Booster_T1_3v3_Demo/install/vision_interface/include/vision_interface/vision_interface/msg/detail/ball__builder.hpp\n'}
[6.313646] (vision_interface) StdoutLine: {'line': b'-- Up-to-date symlink: /home/booster/Workspace/Booster_T1_3v3_Demo/install/vision_interface/include/vision_interface/vision_interface/msg/detail/ball__struct.hpp\n'}
[6.314446] (vision_interface) StdoutLine: {'line': b'-- Up-to-date symlink: /home/booster/Workspace/Booster_T1_3v3_Demo/install/vision_interface/include/vision_interface/vision_interface/msg/detail/ball__traits.hpp\n'}
[6.315332] (vision_interface) StdoutLine: {'line': b'-- Up-to-date symlink: /home/booster/Workspace/Booster_T1_3v3_Demo/install/vision_interface/include/vision_interface/vision_interface/msg/detail/ball__type_support.hpp\n'}
[6.325328] (vision_interface) StdoutLine: {'line': b'-- Up-to-date symlink: /home/booster/Workspace/Booster_T1_3v3_Demo/install/vision_interface/include/vision_interface/vision_interface/msg/detail/cal_param__builder.hpp\n'}
[6.327846] (vision_interface) StdoutLine: {'line': b'-- Up-to-date symlink: /home/booster/Workspace/Booster_T1_3v3_Demo/install/vision_interface/include/vision_interface/vision_interface/msg/detail/cal_param__struct.hpp\n'}
[6.328707] (vision_interface) StdoutLine: {'line': b'-- Up-to-date symlink: /home/booster/Workspace/Booster_T1_3v3_Demo/install/vision_interface/include/vision_interface/vision_interface/msg/detail/cal_param__traits.hpp\n'}
[6.329562] (vision_interface) StdoutLine: {'line': b'-- Up-to-date symlink: /home/booster/Workspace/Booster_T1_3v3_Demo/install/vision_interface/include/vision_interface/vision_interface/msg/detail/cal_param__type_support.hpp\n'}
[6.330300] (vision_interface) StdoutLine: {'line': b'-- Up-to-date symlink: /home/booster/Workspace/Booster_T1_3v3_Demo/install/vision_interface/include/vision_interface/vision_interface/msg/detail/detected_object__builder.hpp\n'}
[6.331408] (vision_interface) StdoutLine: {'line': b'-- Up-to-date symlink: /home/booster/Workspace/Booster_T1_3v3_Demo/install/vision_interface/include/vision_interface/vision_interface/msg/detail/detected_object__struct.hpp\n'}
[6.333236] (vision_interface) StdoutLine: {'line': b'-- Up-to-date symlink: /home/booster/Workspace/Booster_T1_3v3_Demo/install/vision_interface/include/vision_interface/vision_interface/msg/detail/detected_object__traits.hpp\n'}
[6.333895] (vision_interface) StdoutLine: {'line': b'-- Up-to-date symlink: /home/booster/Workspace/Booster_T1_3v3_Demo/install/vision_interface/include/vision_interface/vision_interface/msg/detail/detected_object__type_support.hpp\n'}
[6.334542] (vision_interface) StdoutLine: {'line': b'-- Up-to-date symlink: /home/booster/Workspace/Booster_T1_3v3_Demo/install/vision_interface/include/vision_interface/vision_interface/msg/detail/detections__builder.hpp\n'}
[6.335393] (vision_interface) StdoutLine: {'line': b'-- Up-to-date symlink: /home/booster/Workspace/Booster_T1_3v3_Demo/install/vision_interface/include/vision_interface/vision_interface/msg/detail/detections__struct.hpp\n'}
[6.335606] (-) TimerEvent: {}
[6.336164] (vision_interface) StdoutLine: {'line': b'-- Up-to-date symlink: /home/booster/Workspace/Booster_T1_3v3_Demo/install/vision_interface/include/vision_interface/vision_interface/msg/detail/detections__traits.hpp\n'}
[6.336752] (vision_interface) StdoutLine: {'line': b'-- Up-to-date symlink: /home/booster/Workspace/Booster_T1_3v3_Demo/install/vision_interface/include/vision_interface/vision_interface/msg/detail/detections__type_support.hpp\n'}
[6.338272] (vision_interface) StdoutLine: {'line': b'-- Up-to-date symlink: /home/booster/Workspace/Booster_T1_3v3_Demo/install/vision_interface/include/vision_interface/vision_interface/msg/detail/detections_track__builder.hpp\n'}
[6.338616] (vision_interface) StdoutLine: {'line': b'-- Up-to-date symlink: /home/booster/Workspace/Booster_T1_3v3_Demo/install/vision_interface/include/vision_interface/vision_interface/msg/detail/detections_track__struct.hpp\n'}
[6.339013] (vision_interface) StdoutLine: {'line': b'-- Up-to-date symlink: /home/booster/Workspace/Booster_T1_3v3_Demo/install/vision_interface/include/vision_interface/vision_interface/msg/detail/detections_track__traits.hpp\n'}
[6.339208] (vision_interface) StdoutLine: {'line': b'-- Up-to-date symlink: /home/booster/Workspace/Booster_T1_3v3_Demo/install/vision_interface/include/vision_interface/vision_interface/msg/detail/detections_track__type_support.hpp\n'}
[6.339392] (vision_interface) StdoutLine: {'line': b'-- Up-to-date symlink: /home/booster/Workspace/Booster_T1_3v3_Demo/install/vision_interface/include/vision_interface/vision_interface/msg/detail/image_head_position__builder.hpp\n'}
[6.339576] (vision_interface) StdoutLine: {'line': b'-- Up-to-date symlink: /home/booster/Workspace/Booster_T1_3v3_Demo/install/vision_interface/include/vision_interface/vision_interface/msg/detail/image_head_position__struct.hpp\n'}
[6.339768] (vision_interface) StdoutLine: {'line': b'-- Up-to-date symlink: /home/booster/Workspace/Booster_T1_3v3_Demo/install/vision_interface/include/vision_interface/vision_interface/msg/detail/image_head_position__traits.hpp\n'}
[6.340058] (vision_interface) StdoutLine: {'line': b'-- Up-to-date symlink: /home/booster/Workspace/Booster_T1_3v3_Demo/install/vision_interface/include/vision_interface/vision_interface/msg/detail/image_head_position__type_support.hpp\n'}
[6.347662] (vision_interface) StdoutLine: {'line': b'-- Up-to-date symlink: /home/booster/Workspace/Booster_T1_3v3_Demo/install/vision_interface/include/vision_interface/vision_interface/msg/detail/line_segments__builder.hpp\n'}
[6.348099] (vision_interface) StdoutLine: {'line': b'-- Up-to-date symlink: /home/booster/Workspace/Booster_T1_3v3_Demo/install/vision_interface/include/vision_interface/vision_interface/msg/detail/line_segments__struct.hpp\n'}
[6.348284] (vision_interface) StdoutLine: {'line': b'-- Up-to-date symlink: /home/booster/Workspace/Booster_T1_3v3_Demo/install/vision_interface/include/vision_interface/vision_interface/msg/detail/line_segments__traits.hpp\n'}
[6.349226] (vision_interface) StdoutLine: {'line': b'-- Up-to-date symlink: /home/booster/Workspace/Booster_T1_3v3_Demo/install/vision_interface/include/vision_interface/vision_interface/msg/detail/line_segments__type_support.hpp\n'}
[6.349452] (vision_interface) StdoutLine: {'line': b'-- Up-to-date symlink: /home/booster/Workspace/Booster_T1_3v3_Demo/install/vision_interface/include/vision_interface/vision_interface/msg/detail/segmentation_line__builder.hpp\n'}
[6.349579] (vision_interface) StdoutLine: {'line': b'-- Up-to-date symlink: /home/booster/Workspace/Booster_T1_3v3_Demo/install/vision_interface/include/vision_interface/vision_interface/msg/detail/segmentation_line__struct.hpp\n'}
[6.349692] (vision_interface) StdoutLine: {'line': b'-- Up-to-date symlink: /home/booster/Workspace/Booster_T1_3v3_Demo/install/vision_interface/include/vision_interface/vision_interface/msg/detail/segmentation_line__traits.hpp\n'}
[6.349838] (vision_interface) StdoutLine: {'line': b'-- Up-to-date symlink: /home/booster/Workspace/Booster_T1_3v3_Demo/install/vision_interface/include/vision_interface/vision_interface/msg/detail/segmentation_line__type_support.hpp\n'}
[6.350020] (vision_interface) StdoutLine: {'line': b'-- Up-to-date symlink: /home/booster/Workspace/Booster_T1_3v3_Demo/install/vision_interface/include/vision_interface/vision_interface/msg/detail/segmentation_point__builder.hpp\n'}
[6.350143] (vision_interface) StdoutLine: {'line': b'-- Up-to-date symlink: /home/booster/Workspace/Booster_T1_3v3_Demo/install/vision_interface/include/vision_interface/vision_interface/msg/detail/segmentation_point__struct.hpp\n'}
[6.350253] (vision_interface) StdoutLine: {'line': b'-- Up-to-date symlink: /home/booster/Workspace/Booster_T1_3v3_Demo/install/vision_interface/include/vision_interface/vision_interface/msg/detail/segmentation_point__traits.hpp\n'}
[6.350362] (vision_interface) StdoutLine: {'line': b'-- Up-to-date symlink: /home/booster/Workspace/Booster_T1_3v3_Demo/install/vision_interface/include/vision_interface/vision_interface/msg/detail/segmentation_point__type_support.hpp\n'}
[6.350548] (vision_interface) StdoutLine: {'line': b'-- Up-to-date symlink: /home/booster/Workspace/Booster_T1_3v3_Demo/install/vision_interface/include/vision_interface/vision_interface/msg/detail/segmentation_result__builder.hpp\n'}
[6.350680] (vision_interface) StdoutLine: {'line': b'-- Up-to-date symlink: /home/booster/Workspace/Booster_T1_3v3_Demo/install/vision_interface/include/vision_interface/vision_interface/msg/detail/segmentation_result__struct.hpp\n'}
[6.351152] (vision_interface) StdoutLine: {'line': b'-- Up-to-date symlink: /home/booster/Workspace/Booster_T1_3v3_Demo/install/vision_interface/include/vision_interface/vision_interface/msg/detail/segmentation_result__traits.hpp\n'}
[6.351409] (vision_interface) StdoutLine: {'line': b'-- Up-to-date symlink: /home/booster/Workspace/Booster_T1_3v3_Demo/install/vision_interface/include/vision_interface/vision_interface/msg/detail/segmentation_result__type_support.hpp\n'}
[6.351560] (vision_interface) StdoutLine: {'line': b'-- Up-to-date symlink: /home/booster/Workspace/Booster_T1_3v3_Demo/install/vision_interface/include/vision_interface/vision_interface/msg/detected_object.hpp\n'}
[6.351718] (vision_interface) StdoutLine: {'line': b'-- Up-to-date symlink: /home/booster/Workspace/Booster_T1_3v3_Demo/install/vision_interface/include/vision_interface/vision_interface/msg/detections.hpp\n'}
[6.352017] (vision_interface) StdoutLine: {'line': b'-- Up-to-date symlink: /home/booster/Workspace/Booster_T1_3v3_Demo/install/vision_interface/include/vision_interface/vision_interface/msg/detections_track.hpp\n'}
[6.352147] (vision_interface) StdoutLine: {'line': b'-- Up-to-date symlink: /home/booster/Workspace/Booster_T1_3v3_Demo/install/vision_interface/include/vision_interface/vision_interface/msg/image_head_position.hpp\n'}
[6.352273] (vision_interface) StdoutLine: {'line': b'-- Up-to-date symlink: /home/booster/Workspace/Booster_T1_3v3_Demo/install/vision_interface/include/vision_interface/vision_interface/msg/line_segments.hpp\n'}
[6.353811] (vision_interface) StdoutLine: {'line': b'-- Up-to-date symlink: /home/booster/Workspace/Booster_T1_3v3_Demo/install/vision_interface/include/vision_interface/vision_interface/msg/rosidl_generator_cpp__visibility_control.hpp\n'}
[6.354290] (vision_interface) StdoutLine: {'line': b'-- Up-to-date symlink: /home/booster/Workspace/Booster_T1_3v3_Demo/install/vision_interface/include/vision_interface/vision_interface/msg/segmentation_line.hpp\n'}
[6.380217] (vision_interface) StdoutLine: {'line': b'-- Up-to-date symlink: /home/booster/Workspace/Booster_T1_3v3_Demo/install/vision_interface/include/vision_interface/vision_interface/msg/segmentation_point.hpp\n'}
[6.411490] (vision_interface) StdoutLine: {'line': b'-- Up-to-date symlink: /home/booster/Workspace/Booster_T1_3v3_Demo/install/vision_interface/include/vision_interface/vision_interface/msg/segmentation_result.hpp\n'}
[6.414050] (booster_interface) StdoutLine: {'line': b'[ 96%] Built target booster_interface__rosidl_generator_py\n'}
[6.414403] (vision_interface) StdoutLine: {'line': b'-- Up-to-date symlink: /home/booster/Workspace/Booster_T1_3v3_Demo/install/vision_interface/include/vision_interface/vision_interface/msg/detail/ball__rosidl_typesupport_fastrtps_cpp.hpp\n'}
[6.414573] (vision_interface) StdoutLine: {'line': b'-- Up-to-date symlink: /home/booster/Workspace/Booster_T1_3v3_Demo/install/vision_interface/include/vision_interface/vision_interface/msg/detail/cal_param__rosidl_typesupport_fastrtps_cpp.hpp\n'}
[6.418740] (vision_interface) StdoutLine: {'line': b'-- Up-to-date symlink: /home/booster/Workspace/Booster_T1_3v3_Demo/install/vision_interface/include/vision_interface/vision_interface/msg/detail/detected_object__rosidl_typesupport_fastrtps_cpp.hpp\n'}
[6.419262] (vision_interface) StdoutLine: {'line': b'-- Up-to-date symlink: /home/booster/Workspace/Booster_T1_3v3_Demo/install/vision_interface/include/vision_interface/vision_interface/msg/detail/detections__rosidl_typesupport_fastrtps_cpp.hpp\n'}
[6.419489] (vision_interface) StdoutLine: {'line': b'-- Up-to-date symlink: /home/booster/Workspace/Booster_T1_3v3_Demo/install/vision_interface/include/vision_interface/vision_interface/msg/detail/detections_track__rosidl_typesupport_fastrtps_cpp.hpp\n'}
[6.419719] (vision_interface) StdoutLine: {'line': b'-- Up-to-date symlink: /home/booster/Workspace/Booster_T1_3v3_Demo/install/vision_interface/include/vision_interface/vision_interface/msg/detail/image_head_position__rosidl_typesupport_fastrtps_cpp.hpp\n'}
[6.419914] (vision_interface) StdoutLine: {'line': b'-- Up-to-date symlink: /home/booster/Workspace/Booster_T1_3v3_Demo/install/vision_interface/include/vision_interface/vision_interface/msg/detail/line_segments__rosidl_typesupport_fastrtps_cpp.hpp\n'}
[6.420198] (vision_interface) StdoutLine: {'line': b'-- Up-to-date symlink: /home/booster/Workspace/Booster_T1_3v3_Demo/install/vision_interface/include/vision_interface/vision_interface/msg/detail/segmentation_line__rosidl_typesupport_fastrtps_cpp.hpp\n'}
[6.420620] (vision_interface) StdoutLine: {'line': b'-- Up-to-date symlink: /home/booster/Workspace/Booster_T1_3v3_Demo/install/vision_interface/include/vision_interface/vision_interface/msg/detail/segmentation_point__rosidl_typesupport_fastrtps_cpp.hpp\n'}
[6.426006] (vision_interface) StdoutLine: {'line': b'-- Up-to-date symlink: /home/booster/Workspace/Booster_T1_3v3_Demo/install/vision_interface/include/vision_interface/vision_interface/msg/detail/segmentation_result__rosidl_typesupport_fastrtps_cpp.hpp\n'}
[6.426463] (vision_interface) StdoutLine: {'line': b'-- Up-to-date symlink: /home/booster/Workspace/Booster_T1_3v3_Demo/install/vision_interface/include/vision_interface/vision_interface/msg/rosidl_typesupport_fastrtps_cpp__visibility_control.h\n'}
[6.427217] (vision_interface) StdoutLine: {'line': b'-- Up-to-date symlink: /home/booster/Workspace/Booster_T1_3v3_Demo/install/vision_interface/include/vision_interface/vision_interface/msg/detail/ball__rosidl_typesupport_introspection_c.h\n'}
[6.427435] (vision_interface) StdoutLine: {'line': b'-- Up-to-date symlink: /home/booster/Workspace/Booster_T1_3v3_Demo/install/vision_interface/include/vision_interface/vision_interface/msg/detail/cal_param__rosidl_typesupport_introspection_c.h\n'}
[6.427641] (vision_interface) StdoutLine: {'line': b'-- Up-to-date symlink: /home/booster/Workspace/Booster_T1_3v3_Demo/install/vision_interface/include/vision_interface/vision_interface/msg/detail/detected_object__rosidl_typesupport_introspection_c.h\n'}
[6.427774] (vision_interface) StdoutLine: {'line': b'-- Up-to-date symlink: /home/booster/Workspace/Booster_T1_3v3_Demo/install/vision_interface/include/vision_interface/vision_interface/msg/detail/detections__rosidl_typesupport_introspection_c.h\n'}
[6.427932] (vision_interface) StdoutLine: {'line': b'-- Up-to-date symlink: /home/booster/Workspace/Booster_T1_3v3_Demo/install/vision_interface/include/vision_interface/vision_interface/msg/detail/detections_track__rosidl_typesupport_introspection_c.h\n'}
[6.428114] (vision_interface) StdoutLine: {'line': b'-- Up-to-date symlink: /home/booster/Workspace/Booster_T1_3v3_Demo/install/vision_interface/include/vision_interface/vision_interface/msg/detail/image_head_position__rosidl_typesupport_introspection_c.h\n'}
[6.428365] (vision_interface) StdoutLine: {'line': b'-- Up-to-date symlink: /home/booster/Workspace/Booster_T1_3v3_Demo/install/vision_interface/include/vision_interface/vision_interface/msg/detail/line_segments__rosidl_typesupport_introspection_c.h\n'}
[6.435775] (-) TimerEvent: {}
[6.438060] (vision_interface) StdoutLine: {'line': b'-- Up-to-date symlink: /home/booster/Workspace/Booster_T1_3v3_Demo/install/vision_interface/include/vision_interface/vision_interface/msg/detail/segmentation_line__rosidl_typesupport_introspection_c.h\n'}
[6.439452] (vision_interface) StdoutLine: {'line': b'-- Up-to-date symlink: /home/booster/Workspace/Booster_T1_3v3_Demo/install/vision_interface/include/vision_interface/vision_interface/msg/detail/segmentation_point__rosidl_typesupport_introspection_c.h\n'}
[6.439978] (vision_interface) StdoutLine: {'line': b'-- Up-to-date symlink: /home/booster/Workspace/Booster_T1_3v3_Demo/install/vision_interface/include/vision_interface/vision_interface/msg/detail/segmentation_result__rosidl_typesupport_introspection_c.h\n'}
[6.440258] (vision_interface) StdoutLine: {'line': b'-- Up-to-date symlink: /home/booster/Workspace/Booster_T1_3v3_Demo/install/vision_interface/include/vision_interface/vision_interface/msg/rosidl_typesupport_introspection_c__visibility_control.h\n'}
[6.447895] (vision_interface) StdoutLine: {'line': b'-- Up-to-date symlink: /home/booster/Workspace/Booster_T1_3v3_Demo/install/vision_interface/include/vision_interface/vision_interface/msg/detail/ball__rosidl_typesupport_introspection_cpp.hpp\n'}
[6.449755] (vision_interface) StdoutLine: {'line': b'-- Up-to-date symlink: /home/booster/Workspace/Booster_T1_3v3_Demo/install/vision_interface/include/vision_interface/vision_interface/msg/detail/cal_param__rosidl_typesupport_introspection_cpp.hpp\n'}
[6.450295] (vision_interface) StdoutLine: {'line': b'-- Up-to-date symlink: /home/booster/Workspace/Booster_T1_3v3_Demo/install/vision_interface/include/vision_interface/vision_interface/msg/detail/detected_object__rosidl_typesupport_introspection_cpp.hpp\n'}
[6.450572] (vision_interface) StdoutLine: {'line': b'-- Up-to-date symlink: /home/booster/Workspace/Booster_T1_3v3_Demo/install/vision_interface/include/vision_interface/vision_interface/msg/detail/detections__rosidl_typesupport_introspection_cpp.hpp\n'}
[6.450735] (vision_interface) StdoutLine: {'line': b'-- Up-to-date symlink: /home/booster/Workspace/Booster_T1_3v3_Demo/install/vision_interface/include/vision_interface/vision_interface/msg/detail/detections_track__rosidl_typesupport_introspection_cpp.hpp\n'}
[6.450874] (vision_interface) StdoutLine: {'line': b'-- Up-to-date symlink: /home/booster/Workspace/Booster_T1_3v3_Demo/install/vision_interface/include/vision_interface/vision_interface/msg/detail/image_head_position__rosidl_typesupport_introspection_cpp.hpp\n'}
[6.451901] (vision_interface) StdoutLine: {'line': b'-- Up-to-date symlink: /home/booster/Workspace/Booster_T1_3v3_Demo/install/vision_interface/include/vision_interface/vision_interface/msg/detail/line_segments__rosidl_typesupport_introspection_cpp.hpp\n'}
[6.452193] (game_controller_interface) StdoutLine: {'line': b'[ 91%] Built target game_controller_interface__rosidl_typesupport_fastrtps_c__pyext\n'}
[6.455597] (vision_interface) StdoutLine: {'line': b'-- Up-to-date symlink: /home/booster/Workspace/Booster_T1_3v3_Demo/install/vision_interface/include/vision_interface/vision_interface/msg/detail/segmentation_line__rosidl_typesupport_introspection_cpp.hpp\n'}
[6.456785] (vision_interface) StdoutLine: {'line': b'-- Up-to-date symlink: /home/booster/Workspace/Booster_T1_3v3_Demo/install/vision_interface/include/vision_interface/vision_interface/msg/detail/segmentation_point__rosidl_typesupport_introspection_cpp.hpp\n'}
[6.457071] (vision_interface) StdoutLine: {'line': b'-- Up-to-date symlink: /home/booster/Workspace/Booster_T1_3v3_Demo/install/vision_interface/include/vision_interface/vision_interface/msg/detail/segmentation_result__rosidl_typesupport_introspection_cpp.hpp\n'}
[6.457385] (vision_interface) StdoutLine: {'line': b'-- Up-to-date symlink: /home/booster/Workspace/Booster_T1_3v3_Demo/install/vision_interface/share/vision_interface/environment/pythonpath.sh\n'}
[6.457627] (vision_interface) StdoutLine: {'line': b'-- Up-to-date symlink: /home/booster/Workspace/Booster_T1_3v3_Demo/install/vision_interface/share/vision_interface/environment/pythonpath.dsv\n'}
[6.457894] (vision_interface) StdoutLine: {'line': b'-- Up-to-date symlink: /home/booster/Workspace/Booster_T1_3v3_Demo/install/vision_interface/local/lib/python3.10/dist-packages/vision_interface-1.0.0-py3.10.egg-info/PKG-INFO\n'}
[6.458013] (vision_interface) StdoutLine: {'line': b'-- Up-to-date symlink: /home/booster/Workspace/Booster_T1_3v3_Demo/install/vision_interface/local/lib/python3.10/dist-packages/vision_interface-1.0.0-py3.10.egg-info/SOURCES.txt\n'}
[6.458151] (vision_interface) StdoutLine: {'line': b'-- Up-to-date symlink: /home/booster/Workspace/Booster_T1_3v3_Demo/install/vision_interface/local/lib/python3.10/dist-packages/vision_interface-1.0.0-py3.10.egg-info/dependency_links.txt\n'}
[6.458286] (vision_interface) StdoutLine: {'line': b'-- Up-to-date symlink: /home/booster/Workspace/Booster_T1_3v3_Demo/install/vision_interface/local/lib/python3.10/dist-packages/vision_interface-1.0.0-py3.10.egg-info/top_level.txt\n'}
[6.470152] (vision_interface) StdoutLine: {'line': b'-- Up-to-date symlink: /home/booster/Workspace/Booster_T1_3v3_Demo/install/vision_interface/local/lib/python3.10/dist-packages/vision_interface/__init__.py\n'}
[6.470638] (vision_interface) StdoutLine: {'line': b'-- Up-to-date symlink: /home/booster/Workspace/Booster_T1_3v3_Demo/install/vision_interface/local/lib/python3.10/dist-packages/vision_interface/_vision_interface_s.ep.rosidl_typesupport_c.c\n'}
[6.470789] (vision_interface) StdoutLine: {'line': b'-- Up-to-date symlink: /home/booster/Workspace/Booster_T1_3v3_Demo/install/vision_interface/local/lib/python3.10/dist-packages/vision_interface/_vision_interface_s.ep.rosidl_typesupport_fastrtps_c.c\n'}
[6.471007] (vision_interface) StdoutLine: {'line': b'-- Up-to-date symlink: /home/booster/Workspace/Booster_T1_3v3_Demo/install/vision_interface/local/lib/python3.10/dist-packages/vision_interface/_vision_interface_s.ep.rosidl_typesupport_introspection_c.c\n'}
[6.471146] (vision_interface) StdoutLine: {'line': b'-- Up-to-date symlink: /home/booster/Workspace/Booster_T1_3v3_Demo/install/vision_interface/local/lib/python3.10/dist-packages/vision_interface/libvision_interface__rosidl_generator_py.so\n'}
[6.471421] (vision_interface) StdoutLine: {'line': b'-- Up-to-date symlink: /home/booster/Workspace/Booster_T1_3v3_Demo/install/vision_interface/local/lib/python3.10/dist-packages/vision_interface/msg/__init__.py\n'}
[6.471577] (vision_interface) StdoutLine: {'line': b'-- Up-to-date symlink: /home/booster/Workspace/Booster_T1_3v3_Demo/install/vision_interface/local/lib/python3.10/dist-packages/vision_interface/msg/_ball.py\n'}
[6.471753] (vision_interface) StdoutLine: {'line': b'-- Up-to-date symlink: /home/booster/Workspace/Booster_T1_3v3_Demo/install/vision_interface/local/lib/python3.10/dist-packages/vision_interface/msg/_ball_s.c\n'}
[6.471925] (vision_interface) StdoutLine: {'line': b'-- Up-to-date symlink: /home/booster/Workspace/Booster_T1_3v3_Demo/install/vision_interface/local/lib/python3.10/dist-packages/vision_interface/msg/_cal_param.py\n'}
[6.472086] (vision_interface) StdoutLine: {'line': b'-- Up-to-date symlink: /home/booster/Workspace/Booster_T1_3v3_Demo/install/vision_interface/local/lib/python3.10/dist-packages/vision_interface/msg/_cal_param_s.c\n'}
[6.472238] (vision_interface) StdoutLine: {'line': b'-- Up-to-date symlink: /home/booster/Workspace/Booster_T1_3v3_Demo/install/vision_interface/local/lib/python3.10/dist-packages/vision_interface/msg/_detected_object.py\n'}
[6.472488] (vision_interface) StdoutLine: {'line': b'-- Up-to-date symlink: /home/booster/Workspace/Booster_T1_3v3_Demo/install/vision_interface/local/lib/python3.10/dist-packages/vision_interface/msg/_detected_object_s.c\n'}
[6.472659] (vision_interface) StdoutLine: {'line': b'-- Up-to-date symlink: /home/booster/Workspace/Booster_T1_3v3_Demo/install/vision_interface/local/lib/python3.10/dist-packages/vision_interface/msg/_detections.py\n'}
[6.472823] (vision_interface) StdoutLine: {'line': b'-- Up-to-date symlink: /home/booster/Workspace/Booster_T1_3v3_Demo/install/vision_interface/local/lib/python3.10/dist-packages/vision_interface/msg/_detections_s.c\n'}
[6.472978] (vision_interface) StdoutLine: {'line': b'-- Up-to-date symlink: /home/booster/Workspace/Booster_T1_3v3_Demo/install/vision_interface/local/lib/python3.10/dist-packages/vision_interface/msg/_detections_track.py\n'}
[6.473280] (vision_interface) StdoutLine: {'line': b'-- Up-to-date symlink: /home/booster/Workspace/Booster_T1_3v3_Demo/install/vision_interface/local/lib/python3.10/dist-packages/vision_interface/msg/_detections_track_s.c\n'}
[6.473519] (vision_interface) StdoutLine: {'line': b'-- Up-to-date symlink: /home/booster/Workspace/Booster_T1_3v3_Demo/install/vision_interface/local/lib/python3.10/dist-packages/vision_interface/msg/_image_head_position.py\n'}
[6.473693] (vision_interface) StdoutLine: {'line': b'-- Up-to-date symlink: /home/booster/Workspace/Booster_T1_3v3_Demo/install/vision_interface/local/lib/python3.10/dist-packages/vision_interface/msg/_image_head_position_s.c\n'}
[6.473870] (vision_interface) StdoutLine: {'line': b'-- Up-to-date symlink: /home/booster/Workspace/Booster_T1_3v3_Demo/install/vision_interface/local/lib/python3.10/dist-packages/vision_interface/msg/_line_segments.py\n'}
[6.474156] (vision_interface) StdoutLine: {'line': b'-- Up-to-date symlink: /home/booster/Workspace/Booster_T1_3v3_Demo/install/vision_interface/local/lib/python3.10/dist-packages/vision_interface/msg/_line_segments_s.c\n'}
[6.474312] (vision_interface) StdoutLine: {'line': b'-- Up-to-date symlink: /home/booster/Workspace/Booster_T1_3v3_Demo/install/vision_interface/local/lib/python3.10/dist-packages/vision_interface/msg/_segmentation_line.py\n'}
[6.474517] (vision_interface) StdoutLine: {'line': b'-- Up-to-date symlink: /home/booster/Workspace/Booster_T1_3v3_Demo/install/vision_interface/local/lib/python3.10/dist-packages/vision_interface/msg/_segmentation_line_s.c\n'}
[6.474734] (vision_interface) StdoutLine: {'line': b'-- Up-to-date symlink: /home/booster/Workspace/Booster_T1_3v3_Demo/install/vision_interface/local/lib/python3.10/dist-packages/vision_interface/msg/_segmentation_point.py\n'}
[6.474894] (vision_interface) StdoutLine: {'line': b'-- Up-to-date symlink: /home/booster/Workspace/Booster_T1_3v3_Demo/install/vision_interface/local/lib/python3.10/dist-packages/vision_interface/msg/_segmentation_point_s.c\n'}
[6.475066] (vision_interface) StdoutLine: {'line': b'-- Up-to-date symlink: /home/booster/Workspace/Booster_T1_3v3_Demo/install/vision_interface/local/lib/python3.10/dist-packages/vision_interface/msg/_segmentation_result.py\n'}
[6.475341] (vision_interface) StdoutLine: {'line': b'-- Up-to-date symlink: /home/booster/Workspace/Booster_T1_3v3_Demo/install/vision_interface/local/lib/python3.10/dist-packages/vision_interface/msg/_segmentation_result_s.c\n'}
[6.475504] (vision_interface) StdoutLine: {'line': b'-- Up-to-date symlink: /home/booster/Workspace/Booster_T1_3v3_Demo/install/vision_interface/local/lib/python3.10/dist-packages/vision_interface/vision_interface_s__rosidl_typesupport_c.cpython-310-aarch64-linux-gnu.so\n'}
[6.475658] (vision_interface) StdoutLine: {'line': b'-- Up-to-date symlink: /home/booster/Workspace/Booster_T1_3v3_Demo/install/vision_interface/local/lib/python3.10/dist-packages/vision_interface/vision_interface_s__rosidl_typesupport_fastrtps_c.cpython-310-aarch64-linux-gnu.so\n'}
[6.475811] (vision_interface) StdoutLine: {'line': b'-- Up-to-date symlink: /home/booster/Workspace/Booster_T1_3v3_Demo/install/vision_interface/local/lib/python3.10/dist-packages/vision_interface/vision_interface_s__rosidl_typesupport_introspection_c.cpython-310-aarch64-linux-gnu.so\n'}
[6.476244] (vision_interface) StdoutLine: {'line': b'-- Up-to-date symlink: /home/booster/Workspace/Booster_T1_3v3_Demo/install/vision_interface/local/lib/python3.10/dist-packages/vision_interface/vision_interface_s__rosidl_typesupport_fastrtps_c.cpython-310-aarch64-linux-gnu.so\n'}
[6.476593] (vision_interface) StdoutLine: {'line': b'-- Up-to-date symlink: /home/booster/Workspace/Booster_T1_3v3_Demo/install/vision_interface/local/lib/python3.10/dist-packages/vision_interface/vision_interface_s__rosidl_typesupport_introspection_c.cpython-310-aarch64-linux-gnu.so\n'}
[6.476941] (vision_interface) StdoutLine: {'line': b'-- Up-to-date symlink: /home/booster/Workspace/Booster_T1_3v3_Demo/install/vision_interface/local/lib/python3.10/dist-packages/vision_interface/vision_interface_s__rosidl_typesupport_c.cpython-310-aarch64-linux-gnu.so\n'}
[6.477298] (vision_interface) StdoutLine: {'line': b'-- Up-to-date symlink: /home/booster/Workspace/Booster_T1_3v3_Demo/install/vision_interface/share/vision_interface/msg/DetectedObject.idl\n'}
[6.478073] (vision_interface) StdoutLine: {'line': b'-- Up-to-date symlink: /home/booster/Workspace/Booster_T1_3v3_Demo/install/vision_interface/share/vision_interface/msg/Detections.idl\n'}
[6.478240] (vision_interface) StdoutLine: {'line': b'-- Up-to-date symlink: /home/booster/Workspace/Booster_T1_3v3_Demo/install/vision_interface/share/vision_interface/msg/LineSegments.idl\n'}
[6.478406] (vision_interface) StdoutLine: {'line': b'-- Up-to-date symlink: /home/booster/Workspace/Booster_T1_3v3_Demo/install/vision_interface/share/vision_interface/msg/CalParam.idl\n'}
[6.478547] (vision_interface) StdoutLine: {'line': b'-- Up-to-date symlink: /home/booster/Workspace/Booster_T1_3v3_Demo/install/vision_interface/share/vision_interface/msg/DetectionsTrack.idl\n'}
[6.478688] (vision_interface) StdoutLine: {'line': b'-- Up-to-date symlink: /home/booster/Workspace/Booster_T1_3v3_Demo/install/vision_interface/share/vision_interface/msg/SegmentationPoint.idl\n'}
[6.478809] (vision_interface) StdoutLine: {'line': b'-- Up-to-date symlink: /home/booster/Workspace/Booster_T1_3v3_Demo/install/vision_interface/share/vision_interface/msg/SegmentationLine.idl\n'}
[6.478963] (vision_interface) StdoutLine: {'line': b'-- Up-to-date symlink: /home/booster/Workspace/Booster_T1_3v3_Demo/install/vision_interface/share/vision_interface/msg/SegmentationResult.idl\n'}
[6.479278] (vision_interface) StdoutLine: {'line': b'-- Up-to-date symlink: /home/booster/Workspace/Booster_T1_3v3_Demo/install/vision_interface/share/vision_interface/msg/ImageHeadPosition.idl\n'}
[6.479460] (vision_interface) StdoutLine: {'line': b'-- Up-to-date symlink: /home/booster/Workspace/Booster_T1_3v3_Demo/install/vision_interface/share/vision_interface/msg/Ball.idl\n'}
[6.479693] (vision_interface) StdoutLine: {'line': b'-- Up-to-date symlink: /home/booster/Workspace/Booster_T1_3v3_Demo/install/vision_interface/share/vision_interface/msg/DetectedObject.msg\n'}
[6.479906] (vision_interface) StdoutLine: {'line': b'-- Up-to-date symlink: /home/booster/Workspace/Booster_T1_3v3_Demo/install/vision_interface/share/vision_interface/msg/Detections.msg\n'}
[6.480143] (vision_interface) StdoutLine: {'line': b'-- Up-to-date symlink: /home/booster/Workspace/Booster_T1_3v3_Demo/install/vision_interface/share/vision_interface/msg/LineSegments.msg\n'}
[6.480385] (vision_interface) StdoutLine: {'line': b'-- Up-to-date symlink: /home/booster/Workspace/Booster_T1_3v3_Demo/install/vision_interface/share/vision_interface/msg/CalParam.msg\n'}
[6.480580] (vision_interface) StdoutLine: {'line': b'-- Up-to-date symlink: /home/booster/Workspace/Booster_T1_3v3_Demo/install/vision_interface/share/vision_interface/msg/DetectionsTrack.msg\n'}
[6.480798] (vision_interface) StdoutLine: {'line': b'-- Up-to-date symlink: /home/booster/Workspace/Booster_T1_3v3_Demo/install/vision_interface/share/vision_interface/msg/SegmentationPoint.msg\n'}
[6.481107] (vision_interface) StdoutLine: {'line': b'-- Up-to-date symlink: /home/booster/Workspace/Booster_T1_3v3_Demo/install/vision_interface/share/vision_interface/msg/SegmentationLine.msg\n'}
[6.481362] (vision_interface) StdoutLine: {'line': b'-- Up-to-date symlink: /home/booster/Workspace/Booster_T1_3v3_Demo/install/vision_interface/share/vision_interface/msg/SegmentationResult.msg\n'}
[6.481587] (vision_interface) StdoutLine: {'line': b'-- Up-to-date symlink: /home/booster/Workspace/Booster_T1_3v3_Demo/install/vision_interface/share/vision_interface/msg/ImageHeadPosition.msg\n'}
[6.481807] (vision_interface) StdoutLine: {'line': b'-- Up-to-date symlink: /home/booster/Workspace/Booster_T1_3v3_Demo/install/vision_interface/share/vision_interface/msg/Ball.msg\n'}
[6.482050] (vision_interface) StdoutLine: {'line': b'-- Up-to-date symlink: /home/booster/Workspace/Booster_T1_3v3_Demo/install/vision_interface/share/ament_index/resource_index/package_run_dependencies/vision_interface\n'}
[6.482292] (vision_interface) StdoutLine: {'line': b'-- Up-to-date symlink: /home/booster/Workspace/Booster_T1_3v3_Demo/install/vision_interface/share/ament_index/resource_index/parent_prefix_path/vision_interface\n'}
[6.482723] (vision_interface) StdoutLine: {'line': b'-- Up-to-date symlink: /home/booster/Workspace/Booster_T1_3v3_Demo/install/vision_interface/share/vision_interface/environment/ament_prefix_path.sh\n'}
[6.482852] (vision_interface) StdoutLine: {'line': b'-- Up-to-date symlink: /home/booster/Workspace/Booster_T1_3v3_Demo/install/vision_interface/share/vision_interface/environment/ament_prefix_path.dsv\n'}
[6.483525] (vision_interface) StdoutLine: {'line': b'-- Up-to-date symlink: /home/booster/Workspace/Booster_T1_3v3_Demo/install/vision_interface/share/vision_interface/environment/path.sh\n'}
[6.483726] (vision_interface) StdoutLine: {'line': b'-- Up-to-date symlink: /home/booster/Workspace/Booster_T1_3v3_Demo/install/vision_interface/share/vision_interface/environment/path.dsv\n'}
[6.483867] (vision_interface) StdoutLine: {'line': b'-- Up-to-date symlink: /home/booster/Workspace/Booster_T1_3v3_Demo/install/vision_interface/share/vision_interface/local_setup.bash\n'}
[6.484401] (vision_interface) StdoutLine: {'line': b'-- Up-to-date symlink: /home/booster/Workspace/Booster_T1_3v3_Demo/install/vision_interface/share/vision_interface/local_setup.sh\n'}
[6.484846] (vision_interface) StdoutLine: {'line': b'-- Up-to-date symlink: /home/booster/Workspace/Booster_T1_3v3_Demo/install/vision_interface/share/vision_interface/local_setup.zsh\n'}
[6.484955] (vision_interface) StdoutLine: {'line': b'-- Up-to-date symlink: /home/booster/Workspace/Booster_T1_3v3_Demo/install/vision_interface/share/vision_interface/local_setup.dsv\n'}
[6.487578] (vision_interface) StdoutLine: {'line': b'-- Symlinking: /home/booster/Workspace/Booster_T1_3v3_Demo/install/vision_interface/share/vision_interface/package.dsv\n'}
[6.525162] (vision_interface) StdoutLine: {'line': b'-- Up-to-date symlink: /home/booster/Workspace/Booster_T1_3v3_Demo/install/vision_interface/share/ament_index/resource_index/packages/vision_interface\n'}
[6.526213] (vision_interface) StdoutLine: {'line': b'-- Up-to-date symlink: /home/booster/Workspace/Booster_T1_3v3_Demo/install/vision_interface/share/vision_interface/cmake/rosidl_cmake-extras.cmake\n'}
[6.526422] (vision_interface) StdoutLine: {'line': b'-- Up-to-date symlink: /home/booster/Workspace/Booster_T1_3v3_Demo/install/vision_interface/share/vision_interface/cmake/ament_cmake_export_dependencies-extras.cmake\n'}
[6.526614] (vision_interface) StdoutLine: {'line': b'-- Up-to-date symlink: /home/booster/Workspace/Booster_T1_3v3_Demo/install/vision_interface/share/vision_interface/cmake/ament_cmake_export_include_directories-extras.cmake\n'}
[6.526765] (vision_interface) StdoutLine: {'line': b'-- Up-to-date symlink: /home/booster/Workspace/Booster_T1_3v3_Demo/install/vision_interface/share/vision_interface/cmake/ament_cmake_export_libraries-extras.cmake\n'}
[6.526883] (vision_interface) StdoutLine: {'line': b'-- Up-to-date symlink: /home/booster/Workspace/Booster_T1_3v3_Demo/install/vision_interface/share/vision_interface/cmake/ament_cmake_export_targets-extras.cmake\n'}
[6.527025] (vision_interface) StdoutLine: {'line': b'-- Up-to-date symlink: /home/booster/Workspace/Booster_T1_3v3_Demo/install/vision_interface/share/vision_interface/cmake/rosidl_cmake_export_typesupport_targets-extras.cmake\n'}
[6.527531] (vision_interface) StdoutLine: {'line': b'-- Up-to-date symlink: /home/booster/Workspace/Booster_T1_3v3_Demo/install/vision_interface/share/vision_interface/cmake/rosidl_cmake_export_typesupport_libraries-extras.cmake\n'}
[6.527854] (vision_interface) StdoutLine: {'line': b'-- Up-to-date symlink: /home/booster/Workspace/Booster_T1_3v3_Demo/install/vision_interface/share/vision_interface/cmake/vision_interfaceConfig.cmake\n'}
[6.528041] (vision_interface) StdoutLine: {'line': b'-- Up-to-date symlink: /home/booster/Workspace/Booster_T1_3v3_Demo/install/vision_interface/share/vision_interface/cmake/vision_interfaceConfig-version.cmake\n'}
[6.528295] (vision_interface) StdoutLine: {'line': b'-- Up-to-date symlink: /home/booster/Workspace/Booster_T1_3v3_Demo/install/vision_interface/share/vision_interface/package.xml\n'}
[6.528692] (vision_interface) StdoutLine: {'line': b'-- Up-to-date: /home/booster/Workspace/Booster_T1_3v3_Demo/install/vision_interface/lib/libvision_interface__rosidl_generator_c.so\n'}
[6.530363] (vision_interface) StdoutLine: {'line': b'-- Up-to-date: /home/booster/Workspace/Booster_T1_3v3_Demo/install/vision_interface/lib/libvision_interface__rosidl_typesupport_fastrtps_c.so\n'}
[6.530669] (vision_interface) StdoutLine: {'line': b'-- Up-to-date: /home/booster/Workspace/Booster_T1_3v3_Demo/install/vision_interface/lib/libvision_interface__rosidl_typesupport_fastrtps_cpp.so\n'}
[6.530849] (vision_interface) StdoutLine: {'line': b'-- Up-to-date: /home/booster/Workspace/Booster_T1_3v3_Demo/install/vision_interface/lib/libvision_interface__rosidl_typesupport_introspection_c.so\n'}
[6.532246] (vision_interface) StdoutLine: {'line': b'-- Up-to-date: /home/booster/Workspace/Booster_T1_3v3_Demo/install/vision_interface/lib/libvision_interface__rosidl_typesupport_c.so\n'}
[6.532587] (vision_interface) StdoutLine: {'line': b'-- Up-to-date: /home/booster/Workspace/Booster_T1_3v3_Demo/install/vision_interface/lib/libvision_interface__rosidl_typesupport_introspection_cpp.so\n'}
[6.533020] (vision_interface) StdoutLine: {'line': b'-- Up-to-date: /home/booster/Workspace/Booster_T1_3v3_Demo/install/vision_interface/lib/libvision_interface__rosidl_typesupport_cpp.so\n'}
[6.536660] (-) TimerEvent: {}
[6.597076] (booster_interface) StdoutLine: {'line': b'[ 97%] Built target booster_interface__rosidl_typesupport_fastrtps_c__pyext\n'}
[6.599204] (game_controller_interface) StdoutLine: {'line': b'[ 95%] Built target game_controller_interface__rosidl_typesupport_c__pyext\n'}
[6.636844] (-) TimerEvent: {}
[6.737795] (-) TimerEvent: {}
[6.782402] (booster_interface) StdoutLine: {'line': b'[ 98%] Built target booster_interface__rosidl_typesupport_c__pyext\n'}
[6.839593] (game_controller_interface) StdoutLine: {'line': b'[100%] Built target game_controller_interface__rosidl_typesupport_introspection_c__pyext\n'}
[6.840093] (-) TimerEvent: {}
[6.843878] (vision_interface) StdoutLine: {'line': b"Listing '/home/booster/Workspace/Booster_T1_3v3_Demo/install/vision_interface/local/lib/python3.10/dist-packages/vision_interface'...\n"}
[6.844240] (vision_interface) StdoutLine: {'line': b"Listing '/home/booster/Workspace/Booster_T1_3v3_Demo/install/vision_interface/local/lib/python3.10/dist-packages/vision_interface/msg'...\n"}
[6.877134] (vision_interface) StdoutLine: {'line': b'-- Up-to-date: /home/booster/Workspace/Booster_T1_3v3_Demo/install/vision_interface/lib/libvision_interface__rosidl_generator_py.so\n'}
[6.881802] (vision_interface) StdoutLine: {'line': b'-- Up-to-date: /home/booster/Workspace/Booster_T1_3v3_Demo/install/vision_interface/share/vision_interface/cmake/export_vision_interface__rosidl_generator_cExport.cmake\n'}
[6.883316] (vision_interface) StdoutLine: {'line': b'-- Up-to-date: /home/booster/Workspace/Booster_T1_3v3_Demo/install/vision_interface/share/vision_interface/cmake/export_vision_interface__rosidl_generator_cExport-noconfig.cmake\n'}
[6.883474] (vision_interface) StdoutLine: {'line': b'-- Up-to-date: /home/booster/Workspace/Booster_T1_3v3_Demo/install/vision_interface/share/vision_interface/cmake/export_vision_interface__rosidl_typesupport_fastrtps_cExport.cmake\n'}
[6.884848] (vision_interface) StdoutLine: {'line': b'-- Up-to-date: /home/booster/Workspace/Booster_T1_3v3_Demo/install/vision_interface/share/vision_interface/cmake/export_vision_interface__rosidl_typesupport_fastrtps_cExport-noconfig.cmake\n'}
[6.885091] (vision_interface) StdoutLine: {'line': b'-- Up-to-date: /home/booster/Workspace/Booster_T1_3v3_Demo/install/vision_interface/share/vision_interface/cmake/export_vision_interface__rosidl_generator_cppExport.cmake\n'}
[6.893853] (vision_interface) StdoutLine: {'line': b'-- Up-to-date: /home/booster/Workspace/Booster_T1_3v3_Demo/install/vision_interface/share/vision_interface/cmake/export_vision_interface__rosidl_typesupport_fastrtps_cppExport.cmake\n'}
[6.894293] (vision_interface) StdoutLine: {'line': b'-- Up-to-date: /home/booster/Workspace/Booster_T1_3v3_Demo/install/vision_interface/share/vision_interface/cmake/export_vision_interface__rosidl_typesupport_fastrtps_cppExport-noconfig.cmake\n'}
[6.894509] (vision_interface) StdoutLine: {'line': b'-- Up-to-date: /home/booster/Workspace/Booster_T1_3v3_Demo/install/vision_interface/share/vision_interface/cmake/vision_interface__rosidl_typesupport_introspection_cExport.cmake\n'}
[6.895859] (vision_interface) StdoutLine: {'line': b'-- Up-to-date: /home/booster/Workspace/Booster_T1_3v3_Demo/install/vision_interface/share/vision_interface/cmake/vision_interface__rosidl_typesupport_introspection_cExport-noconfig.cmake\n'}
[6.896170] (vision_interface) StdoutLine: {'line': b'-- Up-to-date: /home/booster/Workspace/Booster_T1_3v3_Demo/install/vision_interface/share/vision_interface/cmake/vision_interface__rosidl_typesupport_cExport.cmake\n'}
[6.896351] (vision_interface) StdoutLine: {'line': b'-- Up-to-date: /home/booster/Workspace/Booster_T1_3v3_Demo/install/vision_interface/share/vision_interface/cmake/vision_interface__rosidl_typesupport_cExport-noconfig.cmake\n'}
[6.899831] (vision_interface) StdoutLine: {'line': b'-- Up-to-date: /home/booster/Workspace/Booster_T1_3v3_Demo/install/vision_interface/share/vision_interface/cmake/vision_interface__rosidl_typesupport_introspection_cppExport.cmake\n'}
[6.900286] (vision_interface) StdoutLine: {'line': b'-- Up-to-date: /home/booster/Workspace/Booster_T1_3v3_Demo/install/vision_interface/share/vision_interface/cmake/vision_interface__rosidl_typesupport_introspection_cppExport-noconfig.cmake\n'}
[6.900530] (vision_interface) StdoutLine: {'line': b'-- Up-to-date: /home/booster/Workspace/Booster_T1_3v3_Demo/install/vision_interface/share/vision_interface/cmake/vision_interface__rosidl_typesupport_cppExport.cmake\n'}
[6.900670] (vision_interface) StdoutLine: {'line': b'-- Up-to-date: /home/booster/Workspace/Booster_T1_3v3_Demo/install/vision_interface/share/vision_interface/cmake/vision_interface__rosidl_typesupport_cppExport-noconfig.cmake\n'}
[6.902216] (vision_interface) StdoutLine: {'line': b'-- Up-to-date: /home/booster/Workspace/Booster_T1_3v3_Demo/install/vision_interface/share/vision_interface/cmake/export_vision_interface__rosidl_generator_pyExport.cmake\n'}
[6.904069] (vision_interface) StdoutLine: {'line': b'-- Up-to-date: /home/booster/Workspace/Booster_T1_3v3_Demo/install/vision_interface/share/vision_interface/cmake/export_vision_interface__rosidl_generator_pyExport-noconfig.cmake\n'}
[6.921583] (booster_interface) StdoutLine: {'line': b'[100%] Built target booster_interface__rosidl_typesupport_introspection_c__pyext\n'}
[6.935237] (vision_interface) CommandEnded: {'returncode': 0}
[6.940219] (-) TimerEvent: {}
[7.007493] (sound_play) StdoutLine: {'line': b'running develop\n'}
[7.053436] (-) TimerEvent: {}
[7.155623] (-) TimerEvent: {}
[7.210093] (vision_interface) JobEnded: {'identifier': 'vision_interface', 'rc': 0}
[7.212434] (vision) JobStarted: {'identifier': 'vision'}
[7.256870] (-) TimerEvent: {}
[7.262728] (vision) JobProgress: {'identifier': 'vision', 'progress': 'cmake'}
[7.265206] (vision) JobProgress: {'identifier': 'vision', 'progress': 'build'}
[7.266472] (vision) Command: {'cmd': ['/usr/bin/cmake', '--build', '/home/booster/Workspace/Booster_T1_3v3_Demo/build/vision', '--', '-j5', '-l5'], 'cwd': '/home/booster/Workspace/Booster_T1_3v3_Demo/build/vision', 'env': OrderedDict([('SUDO_GID', '1000'), ('LESSOPEN', '| /usr/bin/lesspipe %s'), ('PYTHONWARNINGS', 'ignore::DeprecationWarning,ignore::UserWarning,ignore::FutureWarning'), ('MAIL', '/var/mail/root'), ('USER', 'root'), ('SHLVL', '2'), ('LD_LIBRARY_PATH', '/home/booster/Workspace/Booster_T1_3v3_Demo/install/vision_interface/lib:/opt/ros/humble/opt/rviz_ogre_vendor/lib:/opt/ros/humble/lib/aarch64-linux-gnu:/opt/ros/humble/lib'), ('HOME', '/root'), ('OLDPWD', '/home/booster/Workspace/Booster_T1_3v3_Demo/scripts'), ('ROS_PYTHON_VERSION', '3'), ('COLORTERM', 'truecolor'), ('SUDO_UID', '1000'), ('ROS_DISTRO', 'humble'), ('LOGNAME', 'root'), ('_', '/usr/bin/colcon'), ('ROS_VERSION', '2'), ('TERM', 'xterm-256color'), ('ROS_LOCALHOST_ONLY', '0'), ('PATH', '/opt/ros/humble/bin:/usr/local/sbin:/usr/local/bin:/usr/sbin:/usr/bin:/sbin:/bin:/usr/games:/usr/local/games:/snap/bin'), ('FASTRTPS_DEFAULT_PROFILES_FILE', '/opt/booster/BoosterRos2/fastdds_profile.xml'), ('LANG', 'en_US.UTF-8'), ('LS_COLORS', 'rs=0:di=01;34:ln=01;36:mh=00:pi=40;33:so=01;35:do=01;35:bd=40;33;01:cd=40;33;01:or=40;31;01:mi=00:su=37;41:sg=30;43:ca=30;41:tw=30;42:ow=34;42:st=37;44:ex=01;32:*.tar=01;31:*.tgz=01;31:*.arc=01;31:*.arj=01;31:*.taz=01;31:*.lha=01;31:*.lz4=01;31:*.lzh=01;31:*.lzma=01;31:*.tlz=01;31:*.txz=01;31:*.tzo=01;31:*.t7z=01;31:*.zip=01;31:*.z=01;31:*.dz=01;31:*.gz=01;31:*.lrz=01;31:*.lz=01;31:*.lzo=01;31:*.xz=01;31:*.zst=01;31:*.tzst=01;31:*.bz2=01;31:*.bz=01;31:*.tbz=01;31:*.tbz2=01;31:*.tz=01;31:*.deb=01;31:*.rpm=01;31:*.jar=01;31:*.war=01;31:*.ear=01;31:*.sar=01;31:*.rar=01;31:*.alz=01;31:*.ace=01;31:*.zoo=01;31:*.cpio=01;31:*.7z=01;31:*.rz=01;31:*.cab=01;31:*.wim=01;31:*.swm=01;31:*.dwm=01;31:*.esd=01;31:*.jpg=01;35:*.jpeg=01;35:*.mjpg=01;35:*.mjpeg=01;35:*.gif=01;35:*.bmp=01;35:*.pbm=01;35:*.pgm=01;35:*.ppm=01;35:*.tga=01;35:*.xbm=01;35:*.xpm=01;35:*.tif=01;35:*.tiff=01;35:*.png=01;35:*.svg=01;35:*.svgz=01;35:*.mng=01;35:*.pcx=01;35:*.mov=01;35:*.mpg=01;35:*.mpeg=01;35:*.m2v=01;35:*.mkv=01;35:*.webm=01;35:*.webp=01;35:*.ogm=01;35:*.mp4=01;35:*.m4v=01;35:*.mp4v=01;35:*.vob=01;35:*.qt=01;35:*.nuv=01;35:*.wmv=01;35:*.asf=01;35:*.rm=01;35:*.rmvb=01;35:*.flc=01;35:*.avi=01;35:*.fli=01;35:*.flv=01;35:*.gl=01;35:*.dl=01;35:*.xcf=01;35:*.xwd=01;35:*.yuv=01;35:*.cgm=01;35:*.emf=01;35:*.ogv=01;35:*.ogx=01;35:*.aac=00;36:*.au=00;36:*.flac=00;36:*.m4a=00;36:*.mid=00;36:*.midi=00;36:*.mka=00;36:*.mp3=00;36:*.mpc=00;36:*.ogg=00;36:*.ra=00;36:*.wav=00;36:*.oga=00;36:*.opus=00;36:*.spx=00;36:*.xspf=00;36:'), ('SUDO_COMMAND', '/usr/bin/su'), ('AMENT_PREFIX_PATH', '/home/booster/Workspace/Booster_T1_3v3_Demo/install/vision_interface:/opt/ros/humble'), ('SHELL', '/bin/bash'), ('SUDO_USER', 'booster'), ('LESSCLOSE', '/usr/bin/lesspipe %s %s'), ('PWD', '/home/booster/Workspace/Booster_T1_3v3_Demo/build/vision'), ('LC_ALL', 'en_US.UTF-8'), ('PYTHONPATH', '/home/booster/Workspace/Booster_T1_3v3_Demo/install/vision_interface/local/lib/python3.10/dist-packages:/opt/ros/humble/lib/python3.10/site-packages:/opt/ros/humble/local/lib/python3.10/dist-packages'), ('COLCON', '1'), ('CMAKE_PREFIX_PATH', '/home/booster/Workspace/Booster_T1_3v3_Demo/install/vision_interface:/opt/ros/humble')]), 'shell': False}
[7.326943] (booster_interface) CommandEnded: {'returncode': 0}
[7.330197] (booster_interface) JobProgress: {'identifier': 'booster_interface', 'progress': 'install'}
[7.330876] (booster_interface) Command: {'cmd': ['/usr/bin/cmake', '--install', '/home/booster/Workspace/Booster_T1_3v3_Demo/build/booster_interface'], 'cwd': '/home/booster/Workspace/Booster_T1_3v3_Demo/build/booster_interface', 'env': OrderedDict([('SUDO_GID', '1000'), ('LESSOPEN', '| /usr/bin/lesspipe %s'), ('PYTHONWARNINGS', 'ignore::DeprecationWarning,ignore::UserWarning,ignore::FutureWarning'), ('MAIL', '/var/mail/root'), ('USER', 'root'), ('SHLVL', '2'), ('LD_LIBRARY_PATH', '/opt/ros/humble/opt/rviz_ogre_vendor/lib:/opt/ros/humble/lib/aarch64-linux-gnu:/opt/ros/humble/lib'), ('HOME', '/root'), ('OLDPWD', '/home/booster/Workspace/Booster_T1_3v3_Demo/scripts'), ('ROS_PYTHON_VERSION', '3'), ('COLORTERM', 'truecolor'), ('SUDO_UID', '1000'), ('ROS_DISTRO', 'humble'), ('LOGNAME', 'root'), ('_', '/usr/bin/colcon'), ('ROS_VERSION', '2'), ('TERM', 'xterm-256color'), ('ROS_LOCALHOST_ONLY', '0'), ('PATH', '/opt/ros/humble/bin:/usr/local/sbin:/usr/local/bin:/usr/sbin:/usr/bin:/sbin:/bin:/usr/games:/usr/local/games:/snap/bin'), ('FASTRTPS_DEFAULT_PROFILES_FILE', '/opt/booster/BoosterRos2/fastdds_profile.xml'), ('LANG', 'en_US.UTF-8'), ('LS_COLORS', 'rs=0:di=01;34:ln=01;36:mh=00:pi=40;33:so=01;35:do=01;35:bd=40;33;01:cd=40;33;01:or=40;31;01:mi=00:su=37;41:sg=30;43:ca=30;41:tw=30;42:ow=34;42:st=37;44:ex=01;32:*.tar=01;31:*.tgz=01;31:*.arc=01;31:*.arj=01;31:*.taz=01;31:*.lha=01;31:*.lz4=01;31:*.lzh=01;31:*.lzma=01;31:*.tlz=01;31:*.txz=01;31:*.tzo=01;31:*.t7z=01;31:*.zip=01;31:*.z=01;31:*.dz=01;31:*.gz=01;31:*.lrz=01;31:*.lz=01;31:*.lzo=01;31:*.xz=01;31:*.zst=01;31:*.tzst=01;31:*.bz2=01;31:*.bz=01;31:*.tbz=01;31:*.tbz2=01;31:*.tz=01;31:*.deb=01;31:*.rpm=01;31:*.jar=01;31:*.war=01;31:*.ear=01;31:*.sar=01;31:*.rar=01;31:*.alz=01;31:*.ace=01;31:*.zoo=01;31:*.cpio=01;31:*.7z=01;31:*.rz=01;31:*.cab=01;31:*.wim=01;31:*.swm=01;31:*.dwm=01;31:*.esd=01;31:*.jpg=01;35:*.jpeg=01;35:*.mjpg=01;35:*.mjpeg=01;35:*.gif=01;35:*.bmp=01;35:*.pbm=01;35:*.pgm=01;35:*.ppm=01;35:*.tga=01;35:*.xbm=01;35:*.xpm=01;35:*.tif=01;35:*.tiff=01;35:*.png=01;35:*.svg=01;35:*.svgz=01;35:*.mng=01;35:*.pcx=01;35:*.mov=01;35:*.mpg=01;35:*.mpeg=01;35:*.m2v=01;35:*.mkv=01;35:*.webm=01;35:*.webp=01;35:*.ogm=01;35:*.mp4=01;35:*.m4v=01;35:*.mp4v=01;35:*.vob=01;35:*.qt=01;35:*.nuv=01;35:*.wmv=01;35:*.asf=01;35:*.rm=01;35:*.rmvb=01;35:*.flc=01;35:*.avi=01;35:*.fli=01;35:*.flv=01;35:*.gl=01;35:*.dl=01;35:*.xcf=01;35:*.xwd=01;35:*.yuv=01;35:*.cgm=01;35:*.emf=01;35:*.ogv=01;35:*.ogx=01;35:*.aac=00;36:*.au=00;36:*.flac=00;36:*.m4a=00;36:*.mid=00;36:*.midi=00;36:*.mka=00;36:*.mp3=00;36:*.mpc=00;36:*.ogg=00;36:*.ra=00;36:*.wav=00;36:*.oga=00;36:*.opus=00;36:*.spx=00;36:*.xspf=00;36:'), ('SUDO_COMMAND', '/usr/bin/su'), ('AMENT_PREFIX_PATH', '/opt/ros/humble'), ('SHELL', '/bin/bash'), ('SUDO_USER', 'booster'), ('LESSCLOSE', '/usr/bin/lesspipe %s %s'), ('PWD', '/home/booster/Workspace/Booster_T1_3v3_Demo/build/booster_interface'), ('LC_ALL', 'en_US.UTF-8'), ('PYTHONPATH', '/opt/ros/humble/lib/python3.10/site-packages:/opt/ros/humble/local/lib/python3.10/dist-packages'), ('COLCON', '1'), ('CMAKE_PREFIX_PATH', '/opt/ros/humble')]), 'shell': False}
[7.355237] (game_controller_interface) CommandEnded: {'returncode': 0}
[7.356615] (game_controller_interface) JobProgress: {'identifier': 'game_controller_interface', 'progress': 'install'}
[7.356703] (game_controller_interface) Command: {'cmd': ['/usr/bin/cmake', '--install', '/home/booster/Workspace/Booster_T1_3v3_Demo/build/game_controller_interface'], 'cwd': '/home/booster/Workspace/Booster_T1_3v3_Demo/build/game_controller_interface', 'env': OrderedDict([('SUDO_GID', '1000'), ('LESSOPEN', '| /usr/bin/lesspipe %s'), ('PYTHONWARNINGS', 'ignore::DeprecationWarning,ignore::UserWarning,ignore::FutureWarning'), ('MAIL', '/var/mail/root'), ('USER', 'root'), ('SHLVL', '2'), ('LD_LIBRARY_PATH', '/opt/ros/humble/opt/rviz_ogre_vendor/lib:/opt/ros/humble/lib/aarch64-linux-gnu:/opt/ros/humble/lib'), ('HOME', '/root'), ('OLDPWD', '/home/booster/Workspace/Booster_T1_3v3_Demo/scripts'), ('ROS_PYTHON_VERSION', '3'), ('COLORTERM', 'truecolor'), ('SUDO_UID', '1000'), ('ROS_DISTRO', 'humble'), ('LOGNAME', 'root'), ('_', '/usr/bin/colcon'), ('ROS_VERSION', '2'), ('TERM', 'xterm-256color'), ('ROS_LOCALHOST_ONLY', '0'), ('PATH', '/opt/ros/humble/bin:/usr/local/sbin:/usr/local/bin:/usr/sbin:/usr/bin:/sbin:/bin:/usr/games:/usr/local/games:/snap/bin'), ('FASTRTPS_DEFAULT_PROFILES_FILE', '/opt/booster/BoosterRos2/fastdds_profile.xml'), ('LANG', 'en_US.UTF-8'), ('LS_COLORS', 'rs=0:di=01;34:ln=01;36:mh=00:pi=40;33:so=01;35:do=01;35:bd=40;33;01:cd=40;33;01:or=40;31;01:mi=00:su=37;41:sg=30;43:ca=30;41:tw=30;42:ow=34;42:st=37;44:ex=01;32:*.tar=01;31:*.tgz=01;31:*.arc=01;31:*.arj=01;31:*.taz=01;31:*.lha=01;31:*.lz4=01;31:*.lzh=01;31:*.lzma=01;31:*.tlz=01;31:*.txz=01;31:*.tzo=01;31:*.t7z=01;31:*.zip=01;31:*.z=01;31:*.dz=01;31:*.gz=01;31:*.lrz=01;31:*.lz=01;31:*.lzo=01;31:*.xz=01;31:*.zst=01;31:*.tzst=01;31:*.bz2=01;31:*.bz=01;31:*.tbz=01;31:*.tbz2=01;31:*.tz=01;31:*.deb=01;31:*.rpm=01;31:*.jar=01;31:*.war=01;31:*.ear=01;31:*.sar=01;31:*.rar=01;31:*.alz=01;31:*.ace=01;31:*.zoo=01;31:*.cpio=01;31:*.7z=01;31:*.rz=01;31:*.cab=01;31:*.wim=01;31:*.swm=01;31:*.dwm=01;31:*.esd=01;31:*.jpg=01;35:*.jpeg=01;35:*.mjpg=01;35:*.mjpeg=01;35:*.gif=01;35:*.bmp=01;35:*.pbm=01;35:*.pgm=01;35:*.ppm=01;35:*.tga=01;35:*.xbm=01;35:*.xpm=01;35:*.tif=01;35:*.tiff=01;35:*.png=01;35:*.svg=01;35:*.svgz=01;35:*.mng=01;35:*.pcx=01;35:*.mov=01;35:*.mpg=01;35:*.mpeg=01;35:*.m2v=01;35:*.mkv=01;35:*.webm=01;35:*.webp=01;35:*.ogm=01;35:*.mp4=01;35:*.m4v=01;35:*.mp4v=01;35:*.vob=01;35:*.qt=01;35:*.nuv=01;35:*.wmv=01;35:*.asf=01;35:*.rm=01;35:*.rmvb=01;35:*.flc=01;35:*.avi=01;35:*.fli=01;35:*.flv=01;35:*.gl=01;35:*.dl=01;35:*.xcf=01;35:*.xwd=01;35:*.yuv=01;35:*.cgm=01;35:*.emf=01;35:*.ogv=01;35:*.ogx=01;35:*.aac=00;36:*.au=00;36:*.flac=00;36:*.m4a=00;36:*.mid=00;36:*.midi=00;36:*.mka=00;36:*.mp3=00;36:*.mpc=00;36:*.ogg=00;36:*.ra=00;36:*.wav=00;36:*.oga=00;36:*.opus=00;36:*.spx=00;36:*.xspf=00;36:'), ('SUDO_COMMAND', '/usr/bin/su'), ('AMENT_PREFIX_PATH', '/opt/ros/humble'), ('SHELL', '/bin/bash'), ('SUDO_USER', 'booster'), ('LESSCLOSE', '/usr/bin/lesspipe %s %s'), ('PWD', '/home/booster/Workspace/Booster_T1_3v3_Demo/build/game_controller_interface'), ('LC_ALL', 'en_US.UTF-8'), ('PYTHONPATH', '/opt/ros/humble/lib/python3.10/site-packages:/opt/ros/humble/local/lib/python3.10/dist-packages'), ('COLCON', '1'), ('CMAKE_PREFIX_PATH', '/opt/ros/humble')]), 'shell': False}
[7.357365] (-) TimerEvent: {}
[7.372639] (booster_interface) StdoutLine: {'line': b'-- Install configuration: ""\n'}
[7.375617] (booster_interface) StdoutLine: {'line': b'-- Execute custom install script\n'}
[7.377577] (booster_interface) StdoutLine: {'line': b'-- Up-to-date symlink: /home/booster/Workspace/Booster_T1_3v3_Demo/install/booster_interface/share/ament_index/resource_index/rosidl_interfaces/booster_interface\n'}
[7.380463] (booster_interface) StdoutLine: {'line': b'-- Up-to-date symlink: /home/booster/Workspace/Booster_T1_3v3_Demo/install/booster_interface/include/booster_interface/booster_interface/msg/booster_api_req_msg.h\n'}
[7.381287] (booster_interface) StdoutLine: {'line': b'-- Up-to-date symlink: /home/booster/Workspace/Booster_T1_3v3_Demo/install/booster_interface/include/booster_interface/booster_interface/msg/booster_api_resp_msg.h\n'}
[7.382242] (booster_interface) StdoutLine: {'line': b'-- Up-to-date symlink: /home/booster/Workspace/Booster_T1_3v3_Demo/install/booster_interface/include/booster_interface/booster_interface/msg/button_event_msg.h\n'}
[7.383202] (booster_interface) StdoutLine: {'line': b'-- Up-to-date symlink: /home/booster/Workspace/Booster_T1_3v3_Demo/install/booster_interface/include/booster_interface/booster_interface/msg/detail/booster_api_req_msg__functions.h\n'}
[7.384209] (booster_interface) StdoutLine: {'line': b'-- Up-to-date symlink: /home/booster/Workspace/Booster_T1_3v3_Demo/install/booster_interface/include/booster_interface/booster_interface/msg/detail/booster_api_req_msg__struct.h\n'}
[7.385237] (booster_interface) StdoutLine: {'line': b'-- Up-to-date symlink: /home/booster/Workspace/Booster_T1_3v3_Demo/install/booster_interface/include/booster_interface/booster_interface/msg/detail/booster_api_req_msg__type_support.h\n'}
[7.386185] (booster_interface) StdoutLine: {'line': b'-- Up-to-date symlink: /home/booster/Workspace/Booster_T1_3v3_Demo/install/booster_interface/include/booster_interface/booster_interface/msg/detail/booster_api_resp_msg__functions.h\n'}
[7.387741] (booster_interface) StdoutLine: {'line': b'-- Up-to-date symlink: /home/booster/Workspace/Booster_T1_3v3_Demo/install/booster_interface/include/booster_interface/booster_interface/msg/detail/booster_api_resp_msg__struct.h\n'}
[7.388710] (booster_interface) StdoutLine: {'line': b'-- Up-to-date symlink: /home/booster/Workspace/Booster_T1_3v3_Demo/install/booster_interface/include/booster_interface/booster_interface/msg/detail/booster_api_resp_msg__type_support.h\n'}
[7.389629] (booster_interface) StdoutLine: {'line': b'-- Up-to-date symlink: /home/booster/Workspace/Booster_T1_3v3_Demo/install/booster_interface/include/booster_interface/booster_interface/msg/detail/button_event_msg__functions.h\n'}
[7.395069] (game_controller_interface) StdoutLine: {'line': b'-- Install configuration: ""\n'}
[7.398002] (game_controller_interface) StdoutLine: {'line': b'-- Execute custom install script\n'}
[7.398901] (game_controller_interface) StdoutLine: {'line': b'-- Up-to-date symlink: /home/booster/Workspace/Booster_T1_3v3_Demo/install/game_controller_interface/share/ament_index/resource_index/rosidl_interfaces/game_controller_interface\n'}
[7.405055] (game_controller_interface) StdoutLine: {'line': b'-- Up-to-date symlink: /home/booster/Workspace/Booster_T1_3v3_Demo/install/game_controller_interface/include/game_controller_interface/game_controller_interface/msg/detail/game_control_data__functions.h\n'}
[7.405405] (game_controller_interface) StdoutLine: {'line': b'-- Up-to-date symlink: /home/booster/Workspace/Booster_T1_3v3_Demo/install/game_controller_interface/include/game_controller_interface/game_controller_interface/msg/detail/game_control_data__struct.h\n'}
[7.405535] (game_controller_interface) StdoutLine: {'line': b'-- Up-to-date symlink: /home/booster/Workspace/Booster_T1_3v3_Demo/install/game_controller_interface/include/game_controller_interface/game_controller_interface/msg/detail/game_control_data__type_support.h\n'}
[7.405677] (game_controller_interface) StdoutLine: {'line': b'-- Up-to-date symlink: /home/booster/Workspace/Booster_T1_3v3_Demo/install/game_controller_interface/include/game_controller_interface/game_controller_interface/msg/detail/robot_info__functions.h\n'}
[7.405791] (game_controller_interface) StdoutLine: {'line': b'-- Up-to-date symlink: /home/booster/Workspace/Booster_T1_3v3_Demo/install/game_controller_interface/include/game_controller_interface/game_controller_interface/msg/detail/robot_info__struct.h\n'}
[7.407986] (game_controller_interface) StdoutLine: {'line': b'-- Up-to-date symlink: /home/booster/Workspace/Booster_T1_3v3_Demo/install/game_controller_interface/include/game_controller_interface/game_controller_interface/msg/detail/robot_info__type_support.h\n'}
[7.414063] (game_controller_interface) StdoutLine: {'line': b'-- Up-to-date symlink: /home/booster/Workspace/Booster_T1_3v3_Demo/install/game_controller_interface/include/game_controller_interface/game_controller_interface/msg/detail/team_info__functions.h\n'}
[7.414328] (game_controller_interface) StdoutLine: {'line': b'-- Up-to-date symlink: /home/booster/Workspace/Booster_T1_3v3_Demo/install/game_controller_interface/include/game_controller_interface/game_controller_interface/msg/detail/team_info__struct.h\n'}
[7.414476] (game_controller_interface) StdoutLine: {'line': b'-- Up-to-date symlink: /home/booster/Workspace/Booster_T1_3v3_Demo/install/game_controller_interface/include/game_controller_interface/game_controller_interface/msg/detail/team_info__type_support.h\n'}
[7.414597] (game_controller_interface) StdoutLine: {'line': b'-- Up-to-date symlink: /home/booster/Workspace/Booster_T1_3v3_Demo/install/game_controller_interface/include/game_controller_interface/game_controller_interface/msg/game_control_data.h\n'}
[7.414716] (game_controller_interface) StdoutLine: {'line': b'-- Up-to-date symlink: /home/booster/Workspace/Booster_T1_3v3_Demo/install/game_controller_interface/include/game_controller_interface/game_controller_interface/msg/robot_info.h\n'}
[7.414834] (game_controller_interface) StdoutLine: {'line': b'-- Up-to-date symlink: /home/booster/Workspace/Booster_T1_3v3_Demo/install/game_controller_interface/include/game_controller_interface/game_controller_interface/msg/rosidl_generator_c__visibility_control.h\n'}
[7.415013] (game_controller_interface) StdoutLine: {'line': b'-- Up-to-date symlink: /home/booster/Workspace/Booster_T1_3v3_Demo/install/game_controller_interface/include/game_controller_interface/game_controller_interface/msg/team_info.h\n'}
[7.415149] (game_controller_interface) StdoutLine: {'line': b'-- Up-to-date symlink: /home/booster/Workspace/Booster_T1_3v3_Demo/install/game_controller_interface/share/game_controller_interface/environment/library_path.sh\n'}
[7.415280] (game_controller_interface) StdoutLine: {'line': b'-- Up-to-date symlink: /home/booster/Workspace/Booster_T1_3v3_Demo/install/game_controller_interface/share/game_controller_interface/environment/library_path.dsv\n'}
[7.419865] (game_controller_interface) StdoutLine: {'line': b'-- Up-to-date symlink: /home/booster/Workspace/Booster_T1_3v3_Demo/install/game_controller_interface/include/game_controller_interface/game_controller_interface/msg/detail/game_control_data__rosidl_typesupport_fastrtps_c.h\n'}
[7.421587] (game_controller_interface) StdoutLine: {'line': b'-- Up-to-date symlink: /home/booster/Workspace/Booster_T1_3v3_Demo/install/game_controller_interface/include/game_controller_interface/game_controller_interface/msg/detail/robot_info__rosidl_typesupport_fastrtps_c.h\n'}
[7.421776] (game_controller_interface) StdoutLine: {'line': b'-- Up-to-date symlink: /home/booster/Workspace/Booster_T1_3v3_Demo/install/game_controller_interface/include/game_controller_interface/game_controller_interface/msg/detail/team_info__rosidl_typesupport_fastrtps_c.h\n'}
[7.423239] (game_controller_interface) StdoutLine: {'line': b'-- Up-to-date symlink: /home/booster/Workspace/Booster_T1_3v3_Demo/install/game_controller_interface/include/game_controller_interface/game_controller_interface/msg/rosidl_typesupport_fastrtps_c__visibility_control.h\n'}
[7.424391] (booster_interface) StdoutLine: {'line': b'-- Up-to-date symlink: /home/booster/Workspace/Booster_T1_3v3_Demo/install/booster_interface/include/booster_interface/booster_interface/msg/detail/button_event_msg__struct.h\n'}
[7.425215] (sound_play) StdoutLine: {'line': b'running egg_info\n'}
[7.426269] (game_controller_interface) StdoutLine: {'line': b'-- Up-to-date symlink: /home/booster/Workspace/Booster_T1_3v3_Demo/install/game_controller_interface/include/game_controller_interface/game_controller_interface/msg/detail/game_control_data__builder.hpp\n'}
[7.429235] (game_controller_interface) StdoutLine: {'line': b'-- Up-to-date symlink: /home/booster/Workspace/Booster_T1_3v3_Demo/install/game_controller_interface/include/game_controller_interface/game_controller_interface/msg/detail/game_control_data__struct.hpp\n'}
[7.429477] (booster_interface) StdoutLine: {'line': b'-- Up-to-date symlink: /home/booster/Workspace/Booster_T1_3v3_Demo/install/booster_interface/include/booster_interface/booster_interface/msg/detail/button_event_msg__type_support.h\n'}
[7.429636] (booster_interface) StdoutLine: {'line': b'-- Up-to-date symlink: /home/booster/Workspace/Booster_T1_3v3_Demo/install/booster_interface/include/booster_interface/booster_interface/msg/detail/fall_down_state__functions.h\n'}
[7.432200] (sound_play) StdoutLine: {'line': b'writing sound_play.egg-info/PKG-INFO\n'}
[7.432412] (booster_interface) StdoutLine: {'line': b'-- Up-to-date symlink: /home/booster/Workspace/Booster_T1_3v3_Demo/install/booster_interface/include/booster_interface/booster_interface/msg/detail/fall_down_state__struct.h\n'}
[7.432545] (game_controller_interface) StdoutLine: {'line': b'-- Up-to-date symlink: /home/booster/Workspace/Booster_T1_3v3_Demo/install/game_controller_interface/include/game_controller_interface/game_controller_interface/msg/detail/game_control_data__traits.hpp\n'}
[7.433321] (sound_play) StdoutLine: {'line': b'writing dependency_links to sound_play.egg-info/dependency_links.txt\n'}
[7.434541] (game_controller_interface) StdoutLine: {'line': b'-- Up-to-date symlink: /home/booster/Workspace/Booster_T1_3v3_Demo/install/game_controller_interface/include/game_controller_interface/game_controller_interface/msg/detail/game_control_data__type_support.hpp\n'}
[7.435069] (game_controller_interface) StdoutLine: {'line': b'-- Up-to-date symlink: /home/booster/Workspace/Booster_T1_3v3_Demo/install/game_controller_interface/include/game_controller_interface/game_controller_interface/msg/detail/robot_info__builder.hpp\n'}
[7.435312] (game_controller_interface) StdoutLine: {'line': b'-- Up-to-date symlink: /home/booster/Workspace/Booster_T1_3v3_Demo/install/game_controller_interface/include/game_controller_interface/game_controller_interface/msg/detail/robot_info__struct.hpp\n'}
[7.435443] (game_controller_interface) StdoutLine: {'line': b'-- Up-to-date symlink: /home/booster/Workspace/Booster_T1_3v3_Demo/install/game_controller_interface/include/game_controller_interface/game_controller_interface/msg/detail/robot_info__traits.hpp\n'}
[7.435554] (sound_play) StdoutLine: {'line': b'writing entry points to sound_play.egg-info/entry_points.txt\n'}
[7.435780] (sound_play) StdoutLine: {'line': b'writing requirements to sound_play.egg-info/requires.txt\n'}
[7.435907] (sound_play) StdoutLine: {'line': b'writing top-level names to sound_play.egg-info/top_level.txt\n'}
[7.437942] (game_controller_interface) StdoutLine: {'line': b'-- Up-to-date symlink: /home/booster/Workspace/Booster_T1_3v3_Demo/install/game_controller_interface/include/game_controller_interface/game_controller_interface/msg/detail/robot_info__type_support.hpp\n'}
[7.440357] (booster_interface) StdoutLine: {'line': b'-- Up-to-date symlink: /home/booster/Workspace/Booster_T1_3v3_Demo/install/booster_interface/include/booster_interface/booster_interface/msg/detail/fall_down_state__type_support.h\n'}
[7.440748] (game_controller_interface) StdoutLine: {'line': b'-- Up-to-date symlink: /home/booster/Workspace/Booster_T1_3v3_Demo/install/game_controller_interface/include/game_controller_interface/game_controller_interface/msg/detail/team_info__builder.hpp\n'}
[7.440893] (game_controller_interface) StdoutLine: {'line': b'-- Up-to-date symlink: /home/booster/Workspace/Booster_T1_3v3_Demo/install/game_controller_interface/include/game_controller_interface/game_controller_interface/msg/detail/team_info__struct.hpp\n'}
[7.441008] (game_controller_interface) StdoutLine: {'line': b'-- Up-to-date symlink: /home/booster/Workspace/Booster_T1_3v3_Demo/install/game_controller_interface/include/game_controller_interface/game_controller_interface/msg/detail/team_info__traits.hpp\n'}
[7.443256] (game_controller_interface) StdoutLine: {'line': b'-- Up-to-date symlink: /home/booster/Workspace/Booster_T1_3v3_Demo/install/game_controller_interface/include/game_controller_interface/game_controller_interface/msg/detail/team_info__type_support.hpp\n'}
[7.443557] (game_controller_interface) StdoutLine: {'line': b'-- Up-to-date symlink: /home/booster/Workspace/Booster_T1_3v3_Demo/install/game_controller_interface/include/game_controller_interface/game_controller_interface/msg/game_control_data.hpp\n'}
[7.443686] (game_controller_interface) StdoutLine: {'line': b'-- Up-to-date symlink: /home/booster/Workspace/Booster_T1_3v3_Demo/install/game_controller_interface/include/game_controller_interface/game_controller_interface/msg/robot_info.hpp\n'}
[7.443833] (booster_interface) StdoutLine: {'line': b'-- Up-to-date symlink: /home/booster/Workspace/Booster_T1_3v3_Demo/install/booster_interface/include/booster_interface/booster_interface/msg/detail/hand_command__functions.h\n'}
[7.444797] (booster_interface) StdoutLine: {'line': b'-- Up-to-date symlink: /home/booster/Workspace/Booster_T1_3v3_Demo/install/booster_interface/include/booster_interface/booster_interface/msg/detail/hand_command__struct.h\n'}
[7.448961] (booster_interface) StdoutLine: {'line': b'-- Up-to-date symlink: /home/booster/Workspace/Booster_T1_3v3_Demo/install/booster_interface/include/booster_interface/booster_interface/msg/detail/hand_command__type_support.h\n'}
[7.449431] (booster_interface) StdoutLine: {'line': b'-- Up-to-date symlink: /home/booster/Workspace/Booster_T1_3v3_Demo/install/booster_interface/include/booster_interface/booster_interface/msg/detail/hand_dds_msg__functions.h\n'}
[7.449578] (game_controller_interface) StdoutLine: {'line': b'-- Up-to-date symlink: /home/booster/Workspace/Booster_T1_3v3_Demo/install/game_controller_interface/include/game_controller_interface/game_controller_interface/msg/rosidl_generator_cpp__visibility_control.hpp\n'}
[7.449724] (game_controller_interface) StdoutLine: {'line': b'-- Up-to-date symlink: /home/booster/Workspace/Booster_T1_3v3_Demo/install/game_controller_interface/include/game_controller_interface/game_controller_interface/msg/team_info.hpp\n'}
[7.449843] (game_controller_interface) StdoutLine: {'line': b'-- Up-to-date symlink: /home/booster/Workspace/Booster_T1_3v3_Demo/install/game_controller_interface/include/game_controller_interface/game_controller_interface/msg/detail/game_control_data__rosidl_typesupport_fastrtps_cpp.hpp\n'}
[7.449953] (game_controller_interface) StdoutLine: {'line': b'-- Up-to-date symlink: /home/booster/Workspace/Booster_T1_3v3_Demo/install/game_controller_interface/include/game_controller_interface/game_controller_interface/msg/detail/robot_info__rosidl_typesupport_fastrtps_cpp.hpp\n'}
[7.450059] (game_controller_interface) StdoutLine: {'line': b'-- Up-to-date symlink: /home/booster/Workspace/Booster_T1_3v3_Demo/install/game_controller_interface/include/game_controller_interface/game_controller_interface/msg/detail/team_info__rosidl_typesupport_fastrtps_cpp.hpp\n'}
[7.451224] (booster_interface) StdoutLine: {'line': b'-- Up-to-date symlink: /home/booster/Workspace/Booster_T1_3v3_Demo/install/booster_interface/include/booster_interface/booster_interface/msg/detail/hand_dds_msg__struct.h\n'}
[7.453264] (game_controller_interface) StdoutLine: {'line': b'-- Up-to-date symlink: /home/booster/Workspace/Booster_T1_3v3_Demo/install/game_controller_interface/include/game_controller_interface/game_controller_interface/msg/rosidl_typesupport_fastrtps_cpp__visibility_control.h\n'}
[7.453639] (sound_play) StdoutLine: {'line': b"reading manifest file 'sound_play.egg-info/SOURCES.txt'\n"}
[7.454258] (game_controller_interface) StdoutLine: {'line': b'-- Up-to-date symlink: /home/booster/Workspace/Booster_T1_3v3_Demo/install/game_controller_interface/include/game_controller_interface/game_controller_interface/msg/detail/game_control_data__rosidl_typesupport_introspection_c.h\n'}
[7.454887] (game_controller_interface) StdoutLine: {'line': b'-- Up-to-date symlink: /home/booster/Workspace/Booster_T1_3v3_Demo/install/game_controller_interface/include/game_controller_interface/game_controller_interface/msg/detail/robot_info__rosidl_typesupport_introspection_c.h\n'}
[7.455054] (game_controller_interface) StdoutLine: {'line': b'-- Up-to-date symlink: /home/booster/Workspace/Booster_T1_3v3_Demo/install/game_controller_interface/include/game_controller_interface/game_controller_interface/msg/detail/team_info__rosidl_typesupport_introspection_c.h\n'}
[7.455218] (booster_interface) StdoutLine: {'line': b'-- Up-to-date symlink: /home/booster/Workspace/Booster_T1_3v3_Demo/install/booster_interface/include/booster_interface/booster_interface/msg/detail/hand_dds_msg__type_support.h\n'}
[7.455397] (game_controller_interface) StdoutLine: {'line': b'-- Up-to-date symlink: /home/booster/Workspace/Booster_T1_3v3_Demo/install/game_controller_interface/include/game_controller_interface/game_controller_interface/msg/rosidl_typesupport_introspection_c__visibility_control.h\n'}
[7.455992] (booster_interface) StdoutLine: {'line': b'-- Up-to-date symlink: /home/booster/Workspace/Booster_T1_3v3_Demo/install/booster_interface/include/booster_interface/booster_interface/msg/detail/hand_param__functions.h\n'}
[7.456507] (booster_interface) StdoutLine: {'line': b'-- Up-to-date symlink: /home/booster/Workspace/Booster_T1_3v3_Demo/install/booster_interface/include/booster_interface/booster_interface/msg/detail/hand_param__struct.h\n'}
[7.469274] (-) TimerEvent: {}
[7.471372] (game_controller_interface) StdoutLine: {'line': b'-- Up-to-date symlink: /home/booster/Workspace/Booster_T1_3v3_Demo/install/game_controller_interface/include/game_controller_interface/game_controller_interface/msg/detail/game_control_data__rosidl_typesupport_introspection_cpp.hpp\n'}
[7.472454] (game_controller_interface) StdoutLine: {'line': b'-- Up-to-date symlink: /home/booster/Workspace/Booster_T1_3v3_Demo/install/game_controller_interface/include/game_controller_interface/game_controller_interface/msg/detail/robot_info__rosidl_typesupport_introspection_cpp.hpp\n'}
[7.472828] (sound_play) StdoutLine: {'line': b"writing manifest file 'sound_play.egg-info/SOURCES.txt'\n"}
[7.473028] (game_controller_interface) StdoutLine: {'line': b'-- Up-to-date symlink: /home/booster/Workspace/Booster_T1_3v3_Demo/install/game_controller_interface/include/game_controller_interface/game_controller_interface/msg/detail/team_info__rosidl_typesupport_introspection_cpp.hpp\n'}
[7.473212] (game_controller_interface) StdoutLine: {'line': b'-- Up-to-date symlink: /home/booster/Workspace/Booster_T1_3v3_Demo/install/game_controller_interface/share/game_controller_interface/environment/pythonpath.sh\n'}
[7.473970] (game_controller_interface) StdoutLine: {'line': b'-- Up-to-date symlink: /home/booster/Workspace/Booster_T1_3v3_Demo/install/game_controller_interface/share/game_controller_interface/environment/pythonpath.dsv\n'}
[7.474141] (game_controller_interface) StdoutLine: {'line': b'-- Up-to-date symlink: /home/booster/Workspace/Booster_T1_3v3_Demo/install/game_controller_interface/local/lib/python3.10/dist-packages/game_controller_interface-1.0.0-py3.10.egg-info/PKG-INFO\n'}
[7.474267] (game_controller_interface) StdoutLine: {'line': b'-- Up-to-date symlink: /home/booster/Workspace/Booster_T1_3v3_Demo/install/game_controller_interface/local/lib/python3.10/dist-packages/game_controller_interface-1.0.0-py3.10.egg-info/SOURCES.txt\n'}
[7.474402] (game_controller_interface) StdoutLine: {'line': b'-- Up-to-date symlink: /home/booster/Workspace/Booster_T1_3v3_Demo/install/game_controller_interface/local/lib/python3.10/dist-packages/game_controller_interface-1.0.0-py3.10.egg-info/dependency_links.txt\n'}
[7.474516] (game_controller_interface) StdoutLine: {'line': b'-- Up-to-date symlink: /home/booster/Workspace/Booster_T1_3v3_Demo/install/game_controller_interface/local/lib/python3.10/dist-packages/game_controller_interface-1.0.0-py3.10.egg-info/top_level.txt\n'}
[7.474628] (game_controller_interface) StdoutLine: {'line': b'-- Up-to-date symlink: /home/booster/Workspace/Booster_T1_3v3_Demo/install/game_controller_interface/local/lib/python3.10/dist-packages/game_controller_interface/__init__.py\n'}
[7.474774] (game_controller_interface) StdoutLine: {'line': b'-- Up-to-date symlink: /home/booster/Workspace/Booster_T1_3v3_Demo/install/game_controller_interface/local/lib/python3.10/dist-packages/game_controller_interface/_game_controller_interface_s.ep.rosidl_typesupport_c.c\n'}
[7.474890] (game_controller_interface) StdoutLine: {'line': b'-- Up-to-date symlink: /home/booster/Workspace/Booster_T1_3v3_Demo/install/game_controller_interface/local/lib/python3.10/dist-packages/game_controller_interface/_game_controller_interface_s.ep.rosidl_typesupport_fastrtps_c.c\n'}
[7.479309] (game_controller_interface) StdoutLine: {'line': b'-- Up-to-date symlink: /home/booster/Workspace/Booster_T1_3v3_Demo/install/game_controller_interface/local/lib/python3.10/dist-packages/game_controller_interface/_game_controller_interface_s.ep.rosidl_typesupport_introspection_c.c\n'}
[7.498771] (sound_play) StdoutLine: {'line': b'running build_ext\n'}
[7.498945] (game_controller_interface) StdoutLine: {'line': b'-- Up-to-date symlink: /home/booster/Workspace/Booster_T1_3v3_Demo/install/game_controller_interface/local/lib/python3.10/dist-packages/game_controller_interface/game_controller_interface_s__rosidl_typesupport_c.cpython-310-aarch64-linux-gnu.so\n'}
[7.499091] (game_controller_interface) StdoutLine: {'line': b'-- Up-to-date symlink: /home/booster/Workspace/Booster_T1_3v3_Demo/install/game_controller_interface/local/lib/python3.10/dist-packages/game_controller_interface/game_controller_interface_s__rosidl_typesupport_fastrtps_c.cpython-310-aarch64-linux-gnu.so\n'}
[7.499213] (sound_play) StdoutLine: {'line': b'Creating /home/booster/Workspace/Booster_T1_3v3_Demo/install/sound_play/lib/python3.10/site-packages/sound-play.egg-link (link to .)\n'}
[7.499336] (game_controller_interface) StdoutLine: {'line': b'-- Up-to-date symlink: /home/booster/Workspace/Booster_T1_3v3_Demo/install/game_controller_interface/local/lib/python3.10/dist-packages/game_controller_interface/game_controller_interface_s__rosidl_typesupport_introspection_c.cpython-310-aarch64-linux-gnu.so\n'}
[7.499447] (game_controller_interface) StdoutLine: {'line': b'-- Up-to-date symlink: /home/booster/Workspace/Booster_T1_3v3_Demo/install/game_controller_interface/local/lib/python3.10/dist-packages/game_controller_interface/libgame_controller_interface__rosidl_generator_py.so\n'}
[7.499568] (game_controller_interface) StdoutLine: {'line': b'-- Up-to-date symlink: /home/booster/Workspace/Booster_T1_3v3_Demo/install/game_controller_interface/local/lib/python3.10/dist-packages/game_controller_interface/msg/__init__.py\n'}
[7.499673] (game_controller_interface) StdoutLine: {'line': b'-- Up-to-date symlink: /home/booster/Workspace/Booster_T1_3v3_Demo/install/game_controller_interface/local/lib/python3.10/dist-packages/game_controller_interface/msg/_game_control_data.py\n'}
[7.499776] (game_controller_interface) StdoutLine: {'line': b'-- Up-to-date symlink: /home/booster/Workspace/Booster_T1_3v3_Demo/install/game_controller_interface/local/lib/python3.10/dist-packages/game_controller_interface/msg/_game_control_data_s.c\n'}
[7.499878] (booster_interface) StdoutLine: {'line': b'-- Up-to-date symlink: /home/booster/Workspace/Booster_T1_3v3_Demo/install/booster_interface/include/booster_interface/booster_interface/msg/detail/hand_param__type_support.h\n'}
[7.500029] (booster_interface) StdoutLine: {'line': b'-- Up-to-date symlink: /home/booster/Workspace/Booster_T1_3v3_Demo/install/booster_interface/include/booster_interface/booster_interface/msg/detail/imu_state__functions.h\n'}
[7.500135] (booster_interface) StdoutLine: {'line': b'-- Up-to-date symlink: /home/booster/Workspace/Booster_T1_3v3_Demo/install/booster_interface/include/booster_interface/booster_interface/msg/detail/imu_state__struct.h\n'}
[7.500235] (booster_interface) StdoutLine: {'line': b'-- Up-to-date symlink: /home/booster/Workspace/Booster_T1_3v3_Demo/install/booster_interface/include/booster_interface/booster_interface/msg/detail/imu_state__type_support.h\n'}
[7.500334] (booster_interface) StdoutLine: {'line': b'-- Up-to-date symlink: /home/booster/Workspace/Booster_T1_3v3_Demo/install/booster_interface/include/booster_interface/booster_interface/msg/detail/low_cmd__functions.h\n'}
[7.500433] (booster_interface) StdoutLine: {'line': b'-- Up-to-date symlink: /home/booster/Workspace/Booster_T1_3v3_Demo/install/booster_interface/include/booster_interface/booster_interface/msg/detail/low_cmd__struct.h\n'}
[7.500531] (game_controller_interface) StdoutLine: {'line': b'-- Up-to-date symlink: /home/booster/Workspace/Booster_T1_3v3_Demo/install/game_controller_interface/local/lib/python3.10/dist-packages/game_controller_interface/msg/_robot_info.py\n'}
[7.500633] (game_controller_interface) StdoutLine: {'line': b'-- Up-to-date symlink: /home/booster/Workspace/Booster_T1_3v3_Demo/install/game_controller_interface/local/lib/python3.10/dist-packages/game_controller_interface/msg/_robot_info_s.c\n'}
[7.500751] (game_controller_interface) StdoutLine: {'line': b'-- Up-to-date symlink: /home/booster/Workspace/Booster_T1_3v3_Demo/install/game_controller_interface/local/lib/python3.10/dist-packages/game_controller_interface/msg/_team_info.py\n'}
[7.500852] (game_controller_interface) StdoutLine: {'line': b'-- Up-to-date symlink: /home/booster/Workspace/Booster_T1_3v3_Demo/install/game_controller_interface/local/lib/python3.10/dist-packages/game_controller_interface/msg/_team_info_s.c\n'}
[7.500950] (game_controller_interface) StdoutLine: {'line': b'-- Up-to-date symlink: /home/booster/Workspace/Booster_T1_3v3_Demo/install/game_controller_interface/local/lib/python3.10/dist-packages/game_controller_interface/game_controller_interface_s__rosidl_typesupport_fastrtps_c.cpython-310-aarch64-linux-gnu.so\n'}
[7.501052] (game_controller_interface) StdoutLine: {'line': b'-- Up-to-date symlink: /home/booster/Workspace/Booster_T1_3v3_Demo/install/game_controller_interface/local/lib/python3.10/dist-packages/game_controller_interface/game_controller_interface_s__rosidl_typesupport_introspection_c.cpython-310-aarch64-linux-gnu.so\n'}
[7.501154] (game_controller_interface) StdoutLine: {'line': b'-- Up-to-date symlink: /home/booster/Workspace/Booster_T1_3v3_Demo/install/game_controller_interface/local/lib/python3.10/dist-packages/game_controller_interface/game_controller_interface_s__rosidl_typesupport_c.cpython-310-aarch64-linux-gnu.so\n'}
[7.501259] (game_controller_interface) StdoutLine: {'line': b'-- Up-to-date symlink: /home/booster/Workspace/Booster_T1_3v3_Demo/install/game_controller_interface/share/game_controller_interface/msg/GameControlData.idl\n'}
[7.501367] (game_controller_interface) StdoutLine: {'line': b'-- Up-to-date symlink: /home/booster/Workspace/Booster_T1_3v3_Demo/install/game_controller_interface/share/game_controller_interface/msg/RobotInfo.idl\n'}
[7.501462] (game_controller_interface) StdoutLine: {'line': b'-- Up-to-date symlink: /home/booster/Workspace/Booster_T1_3v3_Demo/install/game_controller_interface/share/game_controller_interface/msg/TeamInfo.idl\n'}
[7.501591] (game_controller_interface) StdoutLine: {'line': b'-- Up-to-date symlink: /home/booster/Workspace/Booster_T1_3v3_Demo/install/game_controller_interface/share/game_controller_interface/msg/GameControlData.msg\n'}
[7.501702] (game_controller_interface) StdoutLine: {'line': b'-- Up-to-date symlink: /home/booster/Workspace/Booster_T1_3v3_Demo/install/game_controller_interface/share/game_controller_interface/msg/RobotInfo.msg\n'}
[7.501799] (game_controller_interface) StdoutLine: {'line': b'-- Up-to-date symlink: /home/booster/Workspace/Booster_T1_3v3_Demo/install/game_controller_interface/share/game_controller_interface/msg/TeamInfo.msg\n'}
[7.501915] (game_controller_interface) StdoutLine: {'line': b'-- Up-to-date symlink: /home/booster/Workspace/Booster_T1_3v3_Demo/install/game_controller_interface/share/ament_index/resource_index/package_run_dependencies/game_controller_interface\n'}
[7.502013] (game_controller_interface) StdoutLine: {'line': b'-- Up-to-date symlink: /home/booster/Workspace/Booster_T1_3v3_Demo/install/game_controller_interface/share/ament_index/resource_index/parent_prefix_path/game_controller_interface\n'}
[7.502109] (sound_play) StdoutLine: {'line': b'Installing sound_play_node script to /home/booster/Workspace/Booster_T1_3v3_Demo/install/sound_play/lib/sound_play\n'}
[7.502227] (sound_play) StdoutLine: {'line': b'\n'}
[7.502330] (sound_play) StdoutLine: {'line': b'Installed /home/booster/Workspace/Booster_T1_3v3_Demo/build/sound_play\n'}
[7.502432] (sound_play) StdoutLine: {'line': b'running symlink_data\n'}
[7.502531] (booster_interface) StdoutLine: {'line': b'-- Up-to-date symlink: /home/booster/Workspace/Booster_T1_3v3_Demo/install/booster_interface/include/booster_interface/booster_interface/msg/detail/low_cmd__type_support.h\n'}
[7.502642] (booster_interface) StdoutLine: {'line': b'-- Up-to-date symlink: /home/booster/Workspace/Booster_T1_3v3_Demo/install/booster_interface/include/booster_interface/booster_interface/msg/detail/low_state__functions.h\n'}
[7.502741] (booster_interface) StdoutLine: {'line': b'-- Up-to-date symlink: /home/booster/Workspace/Booster_T1_3v3_Demo/install/booster_interface/include/booster_interface/booster_interface/msg/detail/low_state__struct.h\n'}
[7.502853] (booster_interface) StdoutLine: {'line': b'-- Up-to-date symlink: /home/booster/Workspace/Booster_T1_3v3_Demo/install/booster_interface/include/booster_interface/booster_interface/msg/detail/low_state__type_support.h\n'}
[7.502950] (booster_interface) StdoutLine: {'line': b'-- Up-to-date symlink: /home/booster/Workspace/Booster_T1_3v3_Demo/install/booster_interface/include/booster_interface/booster_interface/msg/detail/motor_cmd__functions.h\n'}
[7.532241] (booster_interface) StdoutLine: {'line': b'-- Up-to-date symlink: /home/booster/Workspace/Booster_T1_3v3_Demo/install/booster_interface/include/booster_interface/booster_interface/msg/detail/motor_cmd__struct.h\n'}
[7.532617] (booster_interface) StdoutLine: {'line': b'-- Up-to-date symlink: /home/booster/Workspace/Booster_T1_3v3_Demo/install/booster_interface/include/booster_interface/booster_interface/msg/detail/motor_cmd__type_support.h\n'}
[7.532771] (booster_interface) StdoutLine: {'line': b'-- Up-to-date symlink: /home/booster/Workspace/Booster_T1_3v3_Demo/install/booster_interface/include/booster_interface/booster_interface/msg/detail/motor_state__functions.h\n'}
[7.532893] (booster_interface) StdoutLine: {'line': b'-- Up-to-date symlink: /home/booster/Workspace/Booster_T1_3v3_Demo/install/booster_interface/include/booster_interface/booster_interface/msg/detail/motor_state__struct.h\n'}
[7.533016] (booster_interface) StdoutLine: {'line': b'-- Up-to-date symlink: /home/booster/Workspace/Booster_T1_3v3_Demo/install/booster_interface/include/booster_interface/booster_interface/msg/detail/motor_state__type_support.h\n'}
[7.533195] (game_controller_interface) StdoutLine: {'line': b'-- Up-to-date symlink: /home/booster/Workspace/Booster_T1_3v3_Demo/install/game_controller_interface/share/game_controller_interface/environment/ament_prefix_path.sh\n'}
[7.533341] (game_controller_interface) StdoutLine: {'line': b'-- Up-to-date symlink: /home/booster/Workspace/Booster_T1_3v3_Demo/install/game_controller_interface/share/game_controller_interface/environment/ament_prefix_path.dsv\n'}
[7.533474] (game_controller_interface) StdoutLine: {'line': b'-- Up-to-date symlink: /home/booster/Workspace/Booster_T1_3v3_Demo/install/game_controller_interface/share/game_controller_interface/environment/path.sh\n'}
[7.533586] (game_controller_interface) StdoutLine: {'line': b'-- Up-to-date symlink: /home/booster/Workspace/Booster_T1_3v3_Demo/install/game_controller_interface/share/game_controller_interface/environment/path.dsv\n'}
[7.533690] (booster_interface) StdoutLine: {'line': b'-- Up-to-date symlink: /home/booster/Workspace/Booster_T1_3v3_Demo/install/booster_interface/include/booster_interface/booster_interface/msg/detail/odometer__functions.h\n'}
[7.533795] (game_controller_interface) StdoutLine: {'line': b'-- Up-to-date symlink: /home/booster/Workspace/Booster_T1_3v3_Demo/install/game_controller_interface/share/game_controller_interface/local_setup.bash\n'}
[7.533903] (game_controller_interface) StdoutLine: {'line': b'-- Up-to-date symlink: /home/booster/Workspace/Booster_T1_3v3_Demo/install/game_controller_interface/share/game_controller_interface/local_setup.sh\n'}
[7.534002] (game_controller_interface) StdoutLine: {'line': b'-- Up-to-date symlink: /home/booster/Workspace/Booster_T1_3v3_Demo/install/game_controller_interface/share/game_controller_interface/local_setup.zsh\n'}
[7.534103] (game_controller_interface) StdoutLine: {'line': b'-- Up-to-date symlink: /home/booster/Workspace/Booster_T1_3v3_Demo/install/game_controller_interface/share/game_controller_interface/local_setup.dsv\n'}
[7.534201] (game_controller_interface) StdoutLine: {'line': b'-- Symlinking: /home/booster/Workspace/Booster_T1_3v3_Demo/install/game_controller_interface/share/game_controller_interface/package.dsv\n'}
[7.534303] (booster_interface) StdoutLine: {'line': b'-- Up-to-date symlink: /home/booster/Workspace/Booster_T1_3v3_Demo/install/booster_interface/include/booster_interface/booster_interface/msg/detail/odometer__struct.h\n'}
[7.534410] (booster_interface) StdoutLine: {'line': b'-- Up-to-date symlink: /home/booster/Workspace/Booster_T1_3v3_Demo/install/booster_interface/include/booster_interface/booster_interface/msg/detail/odometer__type_support.h\n'}
[7.534512] (booster_interface) StdoutLine: {'line': b'-- Up-to-date symlink: /home/booster/Workspace/Booster_T1_3v3_Demo/install/booster_interface/include/booster_interface/booster_interface/msg/detail/raw_bytes_msg__functions.h\n'}
[7.534613] (booster_interface) StdoutLine: {'line': b'-- Up-to-date symlink: /home/booster/Workspace/Booster_T1_3v3_Demo/install/booster_interface/include/booster_interface/booster_interface/msg/detail/raw_bytes_msg__struct.h\n'}
[7.534712] (booster_interface) StdoutLine: {'line': b'-- Up-to-date symlink: /home/booster/Workspace/Booster_T1_3v3_Demo/install/booster_interface/include/booster_interface/booster_interface/msg/detail/raw_bytes_msg__type_support.h\n'}
[7.534810] (booster_interface) StdoutLine: {'line': b'-- Up-to-date symlink: /home/booster/Workspace/Booster_T1_3v3_Demo/install/booster_interface/include/booster_interface/booster_interface/msg/detail/raw_bytes_stamped__functions.h\n'}
[7.534908] (booster_interface) StdoutLine: {'line': b'-- Up-to-date symlink: /home/booster/Workspace/Booster_T1_3v3_Demo/install/booster_interface/include/booster_interface/booster_interface/msg/detail/raw_bytes_stamped__struct.h\n'}
[7.535032] (booster_interface) StdoutLine: {'line': b'-- Up-to-date symlink: /home/booster/Workspace/Booster_T1_3v3_Demo/install/booster_interface/include/booster_interface/booster_interface/msg/detail/raw_bytes_stamped__type_support.h\n'}
[7.535140] (booster_interface) StdoutLine: {'line': b'-- Up-to-date symlink: /home/booster/Workspace/Booster_T1_3v3_Demo/install/booster_interface/include/booster_interface/booster_interface/msg/detail/remote_controller_state__functions.h\n'}
[7.535238] (booster_interface) StdoutLine: {'line': b'-- Up-to-date symlink: /home/booster/Workspace/Booster_T1_3v3_Demo/install/booster_interface/include/booster_interface/booster_interface/msg/detail/remote_controller_state__struct.h\n'}
[7.535397] (booster_interface) StdoutLine: {'line': b'-- Up-to-date symlink: /home/booster/Workspace/Booster_T1_3v3_Demo/install/booster_interface/include/booster_interface/booster_interface/msg/detail/remote_controller_state__type_support.h\n'}
[7.535501] (booster_interface) StdoutLine: {'line': b'-- Up-to-date symlink: /home/booster/Workspace/Booster_T1_3v3_Demo/install/booster_interface/include/booster_interface/booster_interface/msg/fall_down_state.h\n'}
[7.535602] (booster_interface) StdoutLine: {'line': b'-- Up-to-date symlink: /home/booster/Workspace/Booster_T1_3v3_Demo/install/booster_interface/include/booster_interface/booster_interface/msg/hand_command.h\n'}
[7.535704] (booster_interface) StdoutLine: {'line': b'-- Up-to-date symlink: /home/booster/Workspace/Booster_T1_3v3_Demo/install/booster_interface/include/booster_interface/booster_interface/msg/hand_dds_msg.h\n'}
[7.535817] (booster_interface) StdoutLine: {'line': b'-- Up-to-date symlink: /home/booster/Workspace/Booster_T1_3v3_Demo/install/booster_interface/include/booster_interface/booster_interface/msg/hand_param.h\n'}
[7.541455] (booster_interface) StdoutLine: {'line': b'-- Up-to-date symlink: /home/booster/Workspace/Booster_T1_3v3_Demo/install/booster_interface/include/booster_interface/booster_interface/msg/imu_state.h\n'}
[7.541668] (booster_interface) StdoutLine: {'line': b'-- Up-to-date symlink: /home/booster/Workspace/Booster_T1_3v3_Demo/install/booster_interface/include/booster_interface/booster_interface/msg/low_cmd.h\n'}
[7.541788] (booster_interface) StdoutLine: {'line': b'-- Up-to-date symlink: /home/booster/Workspace/Booster_T1_3v3_Demo/install/booster_interface/include/booster_interface/booster_interface/msg/low_state.h\n'}
[7.541900] (booster_interface) StdoutLine: {'line': b'-- Up-to-date symlink: /home/booster/Workspace/Booster_T1_3v3_Demo/install/booster_interface/include/booster_interface/booster_interface/msg/motor_cmd.h\n'}
[7.542004] (booster_interface) StdoutLine: {'line': b'-- Up-to-date symlink: /home/booster/Workspace/Booster_T1_3v3_Demo/install/booster_interface/include/booster_interface/booster_interface/msg/motor_state.h\n'}
[7.542106] (booster_interface) StdoutLine: {'line': b'-- Up-to-date symlink: /home/booster/Workspace/Booster_T1_3v3_Demo/install/booster_interface/include/booster_interface/booster_interface/msg/odometer.h\n'}
[7.542206] (booster_interface) StdoutLine: {'line': b'-- Up-to-date symlink: /home/booster/Workspace/Booster_T1_3v3_Demo/install/booster_interface/include/booster_interface/booster_interface/msg/raw_bytes_msg.h\n'}
[7.542314] (booster_interface) StdoutLine: {'line': b'-- Up-to-date symlink: /home/booster/Workspace/Booster_T1_3v3_Demo/install/booster_interface/include/booster_interface/booster_interface/msg/raw_bytes_stamped.h\n'}
[7.542461] (booster_interface) StdoutLine: {'line': b'-- Up-to-date symlink: /home/booster/Workspace/Booster_T1_3v3_Demo/install/booster_interface/include/booster_interface/booster_interface/msg/remote_controller_state.h\n'}
[7.542564] (booster_interface) StdoutLine: {'line': b'-- Up-to-date symlink: /home/booster/Workspace/Booster_T1_3v3_Demo/install/booster_interface/include/booster_interface/booster_interface/msg/rosidl_generator_c__visibility_control.h\n'}
[7.542667] (booster_interface) StdoutLine: {'line': b'-- Up-to-date symlink: /home/booster/Workspace/Booster_T1_3v3_Demo/install/booster_interface/include/booster_interface/booster_interface/srv/agent_service.h\n'}
[7.542768] (booster_interface) StdoutLine: {'line': b'-- Up-to-date symlink: /home/booster/Workspace/Booster_T1_3v3_Demo/install/booster_interface/include/booster_interface/booster_interface/srv/detail/agent_service__functions.h\n'}
[7.542873] (booster_interface) StdoutLine: {'line': b'-- Up-to-date symlink: /home/booster/Workspace/Booster_T1_3v3_Demo/install/booster_interface/include/booster_interface/booster_interface/srv/detail/agent_service__struct.h\n'}
[7.542984] (booster_interface) StdoutLine: {'line': b'-- Up-to-date symlink: /home/booster/Workspace/Booster_T1_3v3_Demo/install/booster_interface/include/booster_interface/booster_interface/srv/detail/agent_service__type_support.h\n'}
[7.543134] (booster_interface) StdoutLine: {'line': b'-- Up-to-date symlink: /home/booster/Workspace/Booster_T1_3v3_Demo/install/booster_interface/include/booster_interface/booster_interface/srv/detail/rpc_service__functions.h\n'}
[7.543246] (booster_interface) StdoutLine: {'line': b'-- Up-to-date symlink: /home/booster/Workspace/Booster_T1_3v3_Demo/install/booster_interface/include/booster_interface/booster_interface/srv/detail/rpc_service__struct.h\n'}
[7.543350] (booster_interface) StdoutLine: {'line': b'-- Up-to-date symlink: /home/booster/Workspace/Booster_T1_3v3_Demo/install/booster_interface/include/booster_interface/booster_interface/srv/detail/rpc_service__type_support.h\n'}
[7.543457] (booster_interface) StdoutLine: {'line': b'-- Up-to-date symlink: /home/booster/Workspace/Booster_T1_3v3_Demo/install/booster_interface/include/booster_interface/booster_interface/srv/rpc_service.h\n'}
[7.543562] (booster_interface) StdoutLine: {'line': b'-- Up-to-date symlink: /home/booster/Workspace/Booster_T1_3v3_Demo/install/booster_interface/share/booster_interface/environment/library_path.sh\n'}
[7.543662] (booster_interface) StdoutLine: {'line': b'-- Up-to-date symlink: /home/booster/Workspace/Booster_T1_3v3_Demo/install/booster_interface/share/booster_interface/environment/library_path.dsv\n'}
[7.550132] (booster_interface) StdoutLine: {'line': b'-- Up-to-date symlink: /home/booster/Workspace/Booster_T1_3v3_Demo/install/booster_interface/include/booster_interface/booster_interface/msg/detail/booster_api_req_msg__rosidl_typesupport_fastrtps_c.h\n'}
[7.551171] (booster_interface) StdoutLine: {'line': b'-- Up-to-date symlink: /home/booster/Workspace/Booster_T1_3v3_Demo/install/booster_interface/include/booster_interface/booster_interface/msg/detail/booster_api_resp_msg__rosidl_typesupport_fastrtps_c.h\n'}
[7.551467] (booster_interface) StdoutLine: {'line': b'-- Up-to-date symlink: /home/booster/Workspace/Booster_T1_3v3_Demo/install/booster_interface/include/booster_interface/booster_interface/msg/detail/button_event_msg__rosidl_typesupport_fastrtps_c.h\n'}
[7.551639] (booster_interface) StdoutLine: {'line': b'-- Up-to-date symlink: /home/booster/Workspace/Booster_T1_3v3_Demo/install/booster_interface/include/booster_interface/booster_interface/msg/detail/fall_down_state__rosidl_typesupport_fastrtps_c.h\n'}
[7.551771] (booster_interface) StdoutLine: {'line': b'-- Up-to-date symlink: /home/booster/Workspace/Booster_T1_3v3_Demo/install/booster_interface/include/booster_interface/booster_interface/msg/detail/hand_command__rosidl_typesupport_fastrtps_c.h\n'}
[7.551884] (booster_interface) StdoutLine: {'line': b'-- Up-to-date symlink: /home/booster/Workspace/Booster_T1_3v3_Demo/install/booster_interface/include/booster_interface/booster_interface/msg/detail/hand_dds_msg__rosidl_typesupport_fastrtps_c.h\n'}
[7.551991] (booster_interface) StdoutLine: {'line': b'-- Up-to-date symlink: /home/booster/Workspace/Booster_T1_3v3_Demo/install/booster_interface/include/booster_interface/booster_interface/msg/detail/hand_param__rosidl_typesupport_fastrtps_c.h\n'}
[7.552095] (booster_interface) StdoutLine: {'line': b'-- Up-to-date symlink: /home/booster/Workspace/Booster_T1_3v3_Demo/install/booster_interface/include/booster_interface/booster_interface/msg/detail/imu_state__rosidl_typesupport_fastrtps_c.h\n'}
[7.552202] (booster_interface) StdoutLine: {'line': b'-- Up-to-date symlink: /home/booster/Workspace/Booster_T1_3v3_Demo/install/booster_interface/include/booster_interface/booster_interface/msg/detail/low_cmd__rosidl_typesupport_fastrtps_c.h\n'}
[7.552304] (booster_interface) StdoutLine: {'line': b'-- Up-to-date symlink: /home/booster/Workspace/Booster_T1_3v3_Demo/install/booster_interface/include/booster_interface/booster_interface/msg/detail/low_state__rosidl_typesupport_fastrtps_c.h\n'}
[7.559069] (booster_interface) StdoutLine: {'line': b'-- Up-to-date symlink: /home/booster/Workspace/Booster_T1_3v3_Demo/install/booster_interface/include/booster_interface/booster_interface/msg/detail/motor_cmd__rosidl_typesupport_fastrtps_c.h\n'}
[7.559535] (booster_interface) StdoutLine: {'line': b'-- Up-to-date symlink: /home/booster/Workspace/Booster_T1_3v3_Demo/install/booster_interface/include/booster_interface/booster_interface/msg/detail/motor_state__rosidl_typesupport_fastrtps_c.h\n'}
[7.559718] (booster_interface) StdoutLine: {'line': b'-- Up-to-date symlink: /home/booster/Workspace/Booster_T1_3v3_Demo/install/booster_interface/include/booster_interface/booster_interface/msg/detail/odometer__rosidl_typesupport_fastrtps_c.h\n'}
[7.559863] (booster_interface) StdoutLine: {'line': b'-- Up-to-date symlink: /home/booster/Workspace/Booster_T1_3v3_Demo/install/booster_interface/include/booster_interface/booster_interface/msg/detail/raw_bytes_msg__rosidl_typesupport_fastrtps_c.h\n'}
[7.563042] (booster_interface) StdoutLine: {'line': b'-- Up-to-date symlink: /home/booster/Workspace/Booster_T1_3v3_Demo/install/booster_interface/include/booster_interface/booster_interface/msg/detail/raw_bytes_stamped__rosidl_typesupport_fastrtps_c.h\n'}
[7.567359] (booster_interface) StdoutLine: {'line': b'-- Up-to-date symlink: /home/booster/Workspace/Booster_T1_3v3_Demo/install/booster_interface/include/booster_interface/booster_interface/msg/detail/remote_controller_state__rosidl_typesupport_fastrtps_c.h\n'}
[7.568813] (booster_interface) StdoutLine: {'line': b'-- Up-to-date symlink: /home/booster/Workspace/Booster_T1_3v3_Demo/install/booster_interface/include/booster_interface/booster_interface/msg/rosidl_typesupport_fastrtps_c__visibility_control.h\n'}
[7.569144] (booster_interface) StdoutLine: {'line': b'-- Up-to-date symlink: /home/booster/Workspace/Booster_T1_3v3_Demo/install/booster_interface/include/booster_interface/booster_interface/srv/detail/agent_service__rosidl_typesupport_fastrtps_c.h\n'}
[7.569321] (-) TimerEvent: {}
[7.569537] (game_controller_interface) StdoutLine: {'line': b'-- Up-to-date symlink: /home/booster/Workspace/Booster_T1_3v3_Demo/install/game_controller_interface/share/ament_index/resource_index/packages/game_controller_interface\n'}
[7.569718] (game_controller_interface) StdoutLine: {'line': b'-- Up-to-date symlink: /home/booster/Workspace/Booster_T1_3v3_Demo/install/game_controller_interface/share/game_controller_interface/cmake/rosidl_cmake-extras.cmake\n'}
[7.569838] (game_controller_interface) StdoutLine: {'line': b'-- Up-to-date symlink: /home/booster/Workspace/Booster_T1_3v3_Demo/install/game_controller_interface/share/game_controller_interface/cmake/ament_cmake_export_include_directories-extras.cmake\n'}
[7.569951] (game_controller_interface) StdoutLine: {'line': b'-- Up-to-date symlink: /home/booster/Workspace/Booster_T1_3v3_Demo/install/game_controller_interface/share/game_controller_interface/cmake/ament_cmake_export_libraries-extras.cmake\n'}
[7.570056] (booster_interface) StdoutLine: {'line': b'-- Up-to-date symlink: /home/booster/Workspace/Booster_T1_3v3_Demo/install/booster_interface/include/booster_interface/booster_interface/srv/detail/rpc_service__rosidl_typesupport_fastrtps_c.h\n'}
[7.570168] (game_controller_interface) StdoutLine: {'line': b'-- Up-to-date symlink: /home/booster/Workspace/Booster_T1_3v3_Demo/install/game_controller_interface/share/game_controller_interface/cmake/ament_cmake_export_targets-extras.cmake\n'}
[7.570272] (game_controller_interface) StdoutLine: {'line': b'-- Up-to-date symlink: /home/booster/Workspace/Booster_T1_3v3_Demo/install/game_controller_interface/share/game_controller_interface/cmake/rosidl_cmake_export_typesupport_targets-extras.cmake\n'}
[7.570374] (game_controller_interface) StdoutLine: {'line': b'-- Up-to-date symlink: /home/booster/Workspace/Booster_T1_3v3_Demo/install/game_controller_interface/share/game_controller_interface/cmake/ament_cmake_export_dependencies-extras.cmake\n'}
[7.570476] (game_controller_interface) StdoutLine: {'line': b'-- Up-to-date symlink: /home/booster/Workspace/Booster_T1_3v3_Demo/install/game_controller_interface/share/game_controller_interface/cmake/rosidl_cmake_export_typesupport_libraries-extras.cmake\n'}
[7.570599] (game_controller_interface) StdoutLine: {'line': b'-- Up-to-date symlink: /home/booster/Workspace/Booster_T1_3v3_Demo/install/game_controller_interface/share/game_controller_interface/cmake/game_controller_interfaceConfig.cmake\n'}
[7.570701] (game_controller_interface) StdoutLine: {'line': b'-- Up-to-date symlink: /home/booster/Workspace/Booster_T1_3v3_Demo/install/game_controller_interface/share/game_controller_interface/cmake/game_controller_interfaceConfig-version.cmake\n'}
[7.570825] (booster_interface) StdoutLine: {'line': b'-- Up-to-date symlink: /home/booster/Workspace/Booster_T1_3v3_Demo/install/booster_interface/include/booster_interface/booster_interface/msg/booster_api_req_msg.hpp\n'}
[7.570938] (booster_interface) StdoutLine: {'line': b'-- Up-to-date symlink: /home/booster/Workspace/Booster_T1_3v3_Demo/install/booster_interface/include/booster_interface/booster_interface/msg/booster_api_resp_msg.hpp\n'}
[7.575316] (booster_interface) StdoutLine: {'line': b'-- Up-to-date symlink: /home/booster/Workspace/Booster_T1_3v3_Demo/install/booster_interface/include/booster_interface/booster_interface/msg/button_event_msg.hpp\n'}
[7.575508] (booster_interface) StdoutLine: {'line': b'-- Up-to-date symlink: /home/booster/Workspace/Booster_T1_3v3_Demo/install/booster_interface/include/booster_interface/booster_interface/msg/detail/booster_api_req_msg__builder.hpp\n'}
[7.575661] (booster_interface) StdoutLine: {'line': b'-- Up-to-date symlink: /home/booster/Workspace/Booster_T1_3v3_Demo/install/booster_interface/include/booster_interface/booster_interface/msg/detail/booster_api_req_msg__struct.hpp\n'}
[7.575777] (booster_interface) StdoutLine: {'line': b'-- Up-to-date symlink: /home/booster/Workspace/Booster_T1_3v3_Demo/install/booster_interface/include/booster_interface/booster_interface/msg/detail/booster_api_req_msg__traits.hpp\n'}
[7.575884] (booster_interface) StdoutLine: {'line': b'-- Up-to-date symlink: /home/booster/Workspace/Booster_T1_3v3_Demo/install/booster_interface/include/booster_interface/booster_interface/msg/detail/booster_api_req_msg__type_support.hpp\n'}
[7.575990] (booster_interface) StdoutLine: {'line': b'-- Up-to-date symlink: /home/booster/Workspace/Booster_T1_3v3_Demo/install/booster_interface/include/booster_interface/booster_interface/msg/detail/booster_api_resp_msg__builder.hpp\n'}
[7.576092] (booster_interface) StdoutLine: {'line': b'-- Up-to-date symlink: /home/booster/Workspace/Booster_T1_3v3_Demo/install/booster_interface/include/booster_interface/booster_interface/msg/detail/booster_api_resp_msg__struct.hpp\n'}
[7.576198] (game_controller_interface) StdoutLine: {'line': b'-- Up-to-date symlink: /home/booster/Workspace/Booster_T1_3v3_Demo/install/game_controller_interface/share/game_controller_interface/package.xml\n'}
[7.576323] (game_controller_interface) StdoutLine: {'line': b'-- Up-to-date: /home/booster/Workspace/Booster_T1_3v3_Demo/install/game_controller_interface/lib/libgame_controller_interface__rosidl_generator_c.so\n'}
[7.576429] (game_controller_interface) StdoutLine: {'line': b'-- Up-to-date: /home/booster/Workspace/Booster_T1_3v3_Demo/install/game_controller_interface/lib/libgame_controller_interface__rosidl_typesupport_fastrtps_c.so\n'}
[7.576534] (game_controller_interface) StdoutLine: {'line': b'-- Up-to-date: /home/booster/Workspace/Booster_T1_3v3_Demo/install/game_controller_interface/lib/libgame_controller_interface__rosidl_typesupport_fastrtps_cpp.so\n'}
[7.576636] (game_controller_interface) StdoutLine: {'line': b'-- Up-to-date: /home/booster/Workspace/Booster_T1_3v3_Demo/install/game_controller_interface/lib/libgame_controller_interface__rosidl_typesupport_introspection_c.so\n'}
[7.576739] (game_controller_interface) StdoutLine: {'line': b'-- Up-to-date: /home/booster/Workspace/Booster_T1_3v3_Demo/install/game_controller_interface/lib/libgame_controller_interface__rosidl_typesupport_c.so\n'}
[7.576840] (game_controller_interface) StdoutLine: {'line': b'-- Up-to-date: /home/booster/Workspace/Booster_T1_3v3_Demo/install/game_controller_interface/lib/libgame_controller_interface__rosidl_typesupport_introspection_cpp.so\n'}
[7.576965] (game_controller_interface) StdoutLine: {'line': b'-- Up-to-date: /home/booster/Workspace/Booster_T1_3v3_Demo/install/game_controller_interface/lib/libgame_controller_interface__rosidl_typesupport_cpp.so\n'}
[7.578194] (booster_interface) StdoutLine: {'line': b'-- Up-to-date symlink: /home/booster/Workspace/Booster_T1_3v3_Demo/install/booster_interface/include/booster_interface/booster_interface/msg/detail/booster_api_resp_msg__traits.hpp\n'}
[7.579116] (booster_interface) StdoutLine: {'line': b'-- Up-to-date symlink: /home/booster/Workspace/Booster_T1_3v3_Demo/install/booster_interface/include/booster_interface/booster_interface/msg/detail/booster_api_resp_msg__type_support.hpp\n'}
[7.581400] (booster_interface) StdoutLine: {'line': b'-- Up-to-date symlink: /home/booster/Workspace/Booster_T1_3v3_Demo/install/booster_interface/include/booster_interface/booster_interface/msg/detail/button_event_msg__builder.hpp\n'}
[7.581696] (booster_interface) StdoutLine: {'line': b'-- Up-to-date symlink: /home/booster/Workspace/Booster_T1_3v3_Demo/install/booster_interface/include/booster_interface/booster_interface/msg/detail/button_event_msg__struct.hpp\n'}
[7.581860] (booster_interface) StdoutLine: {'line': b'-- Up-to-date symlink: /home/booster/Workspace/Booster_T1_3v3_Demo/install/booster_interface/include/booster_interface/booster_interface/msg/detail/button_event_msg__traits.hpp\n'}
[7.590776] (booster_interface) StdoutLine: {'line': b'-- Up-to-date symlink: /home/booster/Workspace/Booster_T1_3v3_Demo/install/booster_interface/include/booster_interface/booster_interface/msg/detail/button_event_msg__type_support.hpp\n'}
[7.591228] (booster_interface) StdoutLine: {'line': b'-- Up-to-date symlink: /home/booster/Workspace/Booster_T1_3v3_Demo/install/booster_interface/include/booster_interface/booster_interface/msg/detail/fall_down_state__builder.hpp\n'}
[7.595078] (booster_interface) StdoutLine: {'line': b'-- Up-to-date symlink: /home/booster/Workspace/Booster_T1_3v3_Demo/install/booster_interface/include/booster_interface/booster_interface/msg/detail/fall_down_state__struct.hpp\n'}
[7.595457] (booster_interface) StdoutLine: {'line': b'-- Up-to-date symlink: /home/booster/Workspace/Booster_T1_3v3_Demo/install/booster_interface/include/booster_interface/booster_interface/msg/detail/fall_down_state__traits.hpp\n'}
[7.595626] (booster_interface) StdoutLine: {'line': b'-- Up-to-date symlink: /home/booster/Workspace/Booster_T1_3v3_Demo/install/booster_interface/include/booster_interface/booster_interface/msg/detail/fall_down_state__type_support.hpp\n'}
[7.599320] (booster_interface) StdoutLine: {'line': b'-- Up-to-date symlink: /home/booster/Workspace/Booster_T1_3v3_Demo/install/booster_interface/include/booster_interface/booster_interface/msg/detail/hand_command__builder.hpp\n'}
[7.599519] (booster_interface) StdoutLine: {'line': b'-- Up-to-date symlink: /home/booster/Workspace/Booster_T1_3v3_Demo/install/booster_interface/include/booster_interface/booster_interface/msg/detail/hand_command__struct.hpp\n'}
[7.600286] (booster_interface) StdoutLine: {'line': b'-- Up-to-date symlink: /home/booster/Workspace/Booster_T1_3v3_Demo/install/booster_interface/include/booster_interface/booster_interface/msg/detail/hand_command__traits.hpp\n'}
[7.600436] (booster_interface) StdoutLine: {'line': b'-- Up-to-date symlink: /home/booster/Workspace/Booster_T1_3v3_Demo/install/booster_interface/include/booster_interface/booster_interface/msg/detail/hand_command__type_support.hpp\n'}
[7.600556] (booster_interface) StdoutLine: {'line': b'-- Up-to-date symlink: /home/booster/Workspace/Booster_T1_3v3_Demo/install/booster_interface/include/booster_interface/booster_interface/msg/detail/hand_dds_msg__builder.hpp\n'}
[7.600665] (booster_interface) StdoutLine: {'line': b'-- Up-to-date symlink: /home/booster/Workspace/Booster_T1_3v3_Demo/install/booster_interface/include/booster_interface/booster_interface/msg/detail/hand_dds_msg__struct.hpp\n'}
[7.600769] (booster_interface) StdoutLine: {'line': b'-- Up-to-date symlink: /home/booster/Workspace/Booster_T1_3v3_Demo/install/booster_interface/include/booster_interface/booster_interface/msg/detail/hand_dds_msg__traits.hpp\n'}
[7.600911] (booster_interface) StdoutLine: {'line': b'-- Up-to-date symlink: /home/booster/Workspace/Booster_T1_3v3_Demo/install/booster_interface/include/booster_interface/booster_interface/msg/detail/hand_dds_msg__type_support.hpp\n'}
[7.601015] (booster_interface) StdoutLine: {'line': b'-- Up-to-date symlink: /home/booster/Workspace/Booster_T1_3v3_Demo/install/booster_interface/include/booster_interface/booster_interface/msg/detail/hand_param__builder.hpp\n'}
[7.601113] (booster_interface) StdoutLine: {'line': b'-- Up-to-date symlink: /home/booster/Workspace/Booster_T1_3v3_Demo/install/booster_interface/include/booster_interface/booster_interface/msg/detail/hand_param__struct.hpp\n'}
[7.601216] (booster_interface) StdoutLine: {'line': b'-- Up-to-date symlink: /home/booster/Workspace/Booster_T1_3v3_Demo/install/booster_interface/include/booster_interface/booster_interface/msg/detail/hand_param__traits.hpp\n'}
[7.601317] (booster_interface) StdoutLine: {'line': b'-- Up-to-date symlink: /home/booster/Workspace/Booster_T1_3v3_Demo/install/booster_interface/include/booster_interface/booster_interface/msg/detail/hand_param__type_support.hpp\n'}
[7.601425] (booster_interface) StdoutLine: {'line': b'-- Up-to-date symlink: /home/booster/Workspace/Booster_T1_3v3_Demo/install/booster_interface/include/booster_interface/booster_interface/msg/detail/imu_state__builder.hpp\n'}
[7.601580] (booster_interface) StdoutLine: {'line': b'-- Up-to-date symlink: /home/booster/Workspace/Booster_T1_3v3_Demo/install/booster_interface/include/booster_interface/booster_interface/msg/detail/imu_state__struct.hpp\n'}
[7.603358] (booster_interface) StdoutLine: {'line': b'-- Up-to-date symlink: /home/booster/Workspace/Booster_T1_3v3_Demo/install/booster_interface/include/booster_interface/booster_interface/msg/detail/imu_state__traits.hpp\n'}
[7.603658] (booster_interface) StdoutLine: {'line': b'-- Up-to-date symlink: /home/booster/Workspace/Booster_T1_3v3_Demo/install/booster_interface/include/booster_interface/booster_interface/msg/detail/imu_state__type_support.hpp\n'}
[7.603796] (booster_interface) StdoutLine: {'line': b'-- Up-to-date symlink: /home/booster/Workspace/Booster_T1_3v3_Demo/install/booster_interface/include/booster_interface/booster_interface/msg/detail/low_cmd__builder.hpp\n'}
[7.603918] (booster_interface) StdoutLine: {'line': b'-- Up-to-date symlink: /home/booster/Workspace/Booster_T1_3v3_Demo/install/booster_interface/include/booster_interface/booster_interface/msg/detail/low_cmd__struct.hpp\n'}
[7.604023] (booster_interface) StdoutLine: {'line': b'-- Up-to-date symlink: /home/booster/Workspace/Booster_T1_3v3_Demo/install/booster_interface/include/booster_interface/booster_interface/msg/detail/low_cmd__traits.hpp\n'}
[7.624320] (booster_interface) StdoutLine: {'line': b'-- Up-to-date symlink: /home/booster/Workspace/Booster_T1_3v3_Demo/install/booster_interface/include/booster_interface/booster_interface/msg/detail/low_cmd__type_support.hpp\n'}
[7.624718] (booster_interface) StdoutLine: {'line': b'-- Up-to-date symlink: /home/booster/Workspace/Booster_T1_3v3_Demo/install/booster_interface/include/booster_interface/booster_interface/msg/detail/low_state__builder.hpp\n'}
[7.624876] (booster_interface) StdoutLine: {'line': b'-- Up-to-date symlink: /home/booster/Workspace/Booster_T1_3v3_Demo/install/booster_interface/include/booster_interface/booster_interface/msg/detail/low_state__struct.hpp\n'}
[7.625002] (booster_interface) StdoutLine: {'line': b'-- Up-to-date symlink: /home/booster/Workspace/Booster_T1_3v3_Demo/install/booster_interface/include/booster_interface/booster_interface/msg/detail/low_state__traits.hpp\n'}
[7.625112] (booster_interface) StdoutLine: {'line': b'-- Up-to-date symlink: /home/booster/Workspace/Booster_T1_3v3_Demo/install/booster_interface/include/booster_interface/booster_interface/msg/detail/low_state__type_support.hpp\n'}
[7.625250] (booster_interface) StdoutLine: {'line': b'-- Up-to-date symlink: /home/booster/Workspace/Booster_T1_3v3_Demo/install/booster_interface/include/booster_interface/booster_interface/msg/detail/motor_cmd__builder.hpp\n'}
[7.625362] (booster_interface) StdoutLine: {'line': b'-- Up-to-date symlink: /home/booster/Workspace/Booster_T1_3v3_Demo/install/booster_interface/include/booster_interface/booster_interface/msg/detail/motor_cmd__struct.hpp\n'}
[7.625468] (booster_interface) StdoutLine: {'line': b'-- Up-to-date symlink: /home/booster/Workspace/Booster_T1_3v3_Demo/install/booster_interface/include/booster_interface/booster_interface/msg/detail/motor_cmd__traits.hpp\n'}
[7.625572] (booster_interface) StdoutLine: {'line': b'-- Up-to-date symlink: /home/booster/Workspace/Booster_T1_3v3_Demo/install/booster_interface/include/booster_interface/booster_interface/msg/detail/motor_cmd__type_support.hpp\n'}
[7.625675] (booster_interface) StdoutLine: {'line': b'-- Up-to-date symlink: /home/booster/Workspace/Booster_T1_3v3_Demo/install/booster_interface/include/booster_interface/booster_interface/msg/detail/motor_state__builder.hpp\n'}
[7.625776] (booster_interface) StdoutLine: {'line': b'-- Up-to-date symlink: /home/booster/Workspace/Booster_T1_3v3_Demo/install/booster_interface/include/booster_interface/booster_interface/msg/detail/motor_state__struct.hpp\n'}
[7.633081] (booster_interface) StdoutLine: {'line': b'-- Up-to-date symlink: /home/booster/Workspace/Booster_T1_3v3_Demo/install/booster_interface/include/booster_interface/booster_interface/msg/detail/motor_state__traits.hpp\n'}
[7.633506] (booster_interface) StdoutLine: {'line': b'-- Up-to-date symlink: /home/booster/Workspace/Booster_T1_3v3_Demo/install/booster_interface/include/booster_interface/booster_interface/msg/detail/motor_state__type_support.hpp\n'}
[7.634362] (booster_interface) StdoutLine: {'line': b'-- Up-to-date symlink: /home/booster/Workspace/Booster_T1_3v3_Demo/install/booster_interface/include/booster_interface/booster_interface/msg/detail/odometer__builder.hpp\n'}
[7.634526] (booster_interface) StdoutLine: {'line': b'-- Up-to-date symlink: /home/booster/Workspace/Booster_T1_3v3_Demo/install/booster_interface/include/booster_interface/booster_interface/msg/detail/odometer__struct.hpp\n'}
[7.634667] (booster_interface) StdoutLine: {'line': b'-- Up-to-date symlink: /home/booster/Workspace/Booster_T1_3v3_Demo/install/booster_interface/include/booster_interface/booster_interface/msg/detail/odometer__traits.hpp\n'}
[7.634776] (booster_interface) StdoutLine: {'line': b'-- Up-to-date symlink: /home/booster/Workspace/Booster_T1_3v3_Demo/install/booster_interface/include/booster_interface/booster_interface/msg/detail/odometer__type_support.hpp\n'}
[7.634881] (booster_interface) StdoutLine: {'line': b'-- Up-to-date symlink: /home/booster/Workspace/Booster_T1_3v3_Demo/install/booster_interface/include/booster_interface/booster_interface/msg/detail/raw_bytes_msg__builder.hpp\n'}
[7.635006] (booster_interface) StdoutLine: {'line': b'-- Up-to-date symlink: /home/booster/Workspace/Booster_T1_3v3_Demo/install/booster_interface/include/booster_interface/booster_interface/msg/detail/raw_bytes_msg__struct.hpp\n'}
[7.639079] (booster_interface) StdoutLine: {'line': b'-- Up-to-date symlink: /home/booster/Workspace/Booster_T1_3v3_Demo/install/booster_interface/include/booster_interface/booster_interface/msg/detail/raw_bytes_msg__traits.hpp\n'}
[7.639468] (booster_interface) StdoutLine: {'line': b'-- Up-to-date symlink: /home/booster/Workspace/Booster_T1_3v3_Demo/install/booster_interface/include/booster_interface/booster_interface/msg/detail/raw_bytes_msg__type_support.hpp\n'}
[7.639612] (booster_interface) StdoutLine: {'line': b'-- Up-to-date symlink: /home/booster/Workspace/Booster_T1_3v3_Demo/install/booster_interface/include/booster_interface/booster_interface/msg/detail/raw_bytes_stamped__builder.hpp\n'}
[7.639726] (booster_interface) StdoutLine: {'line': b'-- Up-to-date symlink: /home/booster/Workspace/Booster_T1_3v3_Demo/install/booster_interface/include/booster_interface/booster_interface/msg/detail/raw_bytes_stamped__struct.hpp\n'}
[7.639905] (booster_interface) StdoutLine: {'line': b'-- Up-to-date symlink: /home/booster/Workspace/Booster_T1_3v3_Demo/install/booster_interface/include/booster_interface/booster_interface/msg/detail/raw_bytes_stamped__traits.hpp\n'}
[7.640049] (booster_interface) StdoutLine: {'line': b'-- Up-to-date symlink: /home/booster/Workspace/Booster_T1_3v3_Demo/install/booster_interface/include/booster_interface/booster_interface/msg/detail/raw_bytes_stamped__type_support.hpp\n'}
[7.640154] (booster_interface) StdoutLine: {'line': b'-- Up-to-date symlink: /home/booster/Workspace/Booster_T1_3v3_Demo/install/booster_interface/include/booster_interface/booster_interface/msg/detail/remote_controller_state__builder.hpp\n'}
[7.640257] (booster_interface) StdoutLine: {'line': b'-- Up-to-date symlink: /home/booster/Workspace/Booster_T1_3v3_Demo/install/booster_interface/include/booster_interface/booster_interface/msg/detail/remote_controller_state__struct.hpp\n'}
[7.640366] (booster_interface) StdoutLine: {'line': b'-- Up-to-date symlink: /home/booster/Workspace/Booster_T1_3v3_Demo/install/booster_interface/include/booster_interface/booster_interface/msg/detail/remote_controller_state__traits.hpp\n'}
[7.640473] (booster_interface) StdoutLine: {'line': b'-- Up-to-date symlink: /home/booster/Workspace/Booster_T1_3v3_Demo/install/booster_interface/include/booster_interface/booster_interface/msg/detail/remote_controller_state__type_support.hpp\n'}
[7.640594] (booster_interface) StdoutLine: {'line': b'-- Up-to-date symlink: /home/booster/Workspace/Booster_T1_3v3_Demo/install/booster_interface/include/booster_interface/booster_interface/msg/fall_down_state.hpp\n'}
[7.640698] (booster_interface) StdoutLine: {'line': b'-- Up-to-date symlink: /home/booster/Workspace/Booster_T1_3v3_Demo/install/booster_interface/include/booster_interface/booster_interface/msg/hand_command.hpp\n'}
[7.640797] (booster_interface) StdoutLine: {'line': b'-- Up-to-date symlink: /home/booster/Workspace/Booster_T1_3v3_Demo/install/booster_interface/include/booster_interface/booster_interface/msg/hand_dds_msg.hpp\n'}
[7.640897] (booster_interface) StdoutLine: {'line': b'-- Up-to-date symlink: /home/booster/Workspace/Booster_T1_3v3_Demo/install/booster_interface/include/booster_interface/booster_interface/msg/hand_param.hpp\n'}
[7.643068] (booster_interface) StdoutLine: {'line': b'-- Up-to-date symlink: /home/booster/Workspace/Booster_T1_3v3_Demo/install/booster_interface/include/booster_interface/booster_interface/msg/imu_state.hpp\n'}
[7.643413] (booster_interface) StdoutLine: {'line': b'-- Up-to-date symlink: /home/booster/Workspace/Booster_T1_3v3_Demo/install/booster_interface/include/booster_interface/booster_interface/msg/low_cmd.hpp\n'}
[7.643539] (booster_interface) StdoutLine: {'line': b'-- Up-to-date symlink: /home/booster/Workspace/Booster_T1_3v3_Demo/install/booster_interface/include/booster_interface/booster_interface/msg/low_state.hpp\n'}
[7.643638] (booster_interface) StdoutLine: {'line': b'-- Up-to-date symlink: /home/booster/Workspace/Booster_T1_3v3_Demo/install/booster_interface/include/booster_interface/booster_interface/msg/motor_cmd.hpp\n'}
[7.643742] (booster_interface) StdoutLine: {'line': b'-- Up-to-date symlink: /home/booster/Workspace/Booster_T1_3v3_Demo/install/booster_interface/include/booster_interface/booster_interface/msg/motor_state.hpp\n'}
[7.643845] (booster_interface) StdoutLine: {'line': b'-- Up-to-date symlink: /home/booster/Workspace/Booster_T1_3v3_Demo/install/booster_interface/include/booster_interface/booster_interface/msg/odometer.hpp\n'}
[7.650077] (booster_interface) StdoutLine: {'line': b'-- Up-to-date symlink: /home/booster/Workspace/Booster_T1_3v3_Demo/install/booster_interface/include/booster_interface/booster_interface/msg/raw_bytes_msg.hpp\n'}
[7.650425] (booster_interface) StdoutLine: {'line': b'-- Up-to-date symlink: /home/booster/Workspace/Booster_T1_3v3_Demo/install/booster_interface/include/booster_interface/booster_interface/msg/raw_bytes_stamped.hpp\n'}
[7.650582] (booster_interface) StdoutLine: {'line': b'-- Up-to-date symlink: /home/booster/Workspace/Booster_T1_3v3_Demo/install/booster_interface/include/booster_interface/booster_interface/msg/remote_controller_state.hpp\n'}
[7.650702] (booster_interface) StdoutLine: {'line': b'-- Up-to-date symlink: /home/booster/Workspace/Booster_T1_3v3_Demo/install/booster_interface/include/booster_interface/booster_interface/msg/rosidl_generator_cpp__visibility_control.hpp\n'}
[7.650815] (booster_interface) StdoutLine: {'line': b'-- Up-to-date symlink: /home/booster/Workspace/Booster_T1_3v3_Demo/install/booster_interface/include/booster_interface/booster_interface/srv/agent_service.hpp\n'}
[7.650918] (booster_interface) StdoutLine: {'line': b'-- Up-to-date symlink: /home/booster/Workspace/Booster_T1_3v3_Demo/install/booster_interface/include/booster_interface/booster_interface/srv/detail/agent_service__builder.hpp\n'}
[7.655608] (booster_interface) StdoutLine: {'line': b'-- Up-to-date symlink: /home/booster/Workspace/Booster_T1_3v3_Demo/install/booster_interface/include/booster_interface/booster_interface/srv/detail/agent_service__struct.hpp\n'}
[7.655798] (booster_interface) StdoutLine: {'line': b'-- Up-to-date symlink: /home/booster/Workspace/Booster_T1_3v3_Demo/install/booster_interface/include/booster_interface/booster_interface/srv/detail/agent_service__traits.hpp\n'}
[7.655919] (booster_interface) StdoutLine: {'line': b'-- Up-to-date symlink: /home/booster/Workspace/Booster_T1_3v3_Demo/install/booster_interface/include/booster_interface/booster_interface/srv/detail/agent_service__type_support.hpp\n'}
[7.656066] (booster_interface) StdoutLine: {'line': b'-- Up-to-date symlink: /home/booster/Workspace/Booster_T1_3v3_Demo/install/booster_interface/include/booster_interface/booster_interface/srv/detail/rpc_service__builder.hpp\n'}
[7.656178] (booster_interface) StdoutLine: {'line': b'-- Up-to-date symlink: /home/booster/Workspace/Booster_T1_3v3_Demo/install/booster_interface/include/booster_interface/booster_interface/srv/detail/rpc_service__struct.hpp\n'}
[7.658033] (booster_interface) StdoutLine: {'line': b'-- Up-to-date symlink: /home/booster/Workspace/Booster_T1_3v3_Demo/install/booster_interface/include/booster_interface/booster_interface/srv/detail/rpc_service__traits.hpp\n'}
[7.658387] (booster_interface) StdoutLine: {'line': b'-- Up-to-date symlink: /home/booster/Workspace/Booster_T1_3v3_Demo/install/booster_interface/include/booster_interface/booster_interface/srv/detail/rpc_service__type_support.hpp\n'}
[7.658841] (booster_interface) StdoutLine: {'line': b'-- Up-to-date symlink: /home/booster/Workspace/Booster_T1_3v3_Demo/install/booster_interface/include/booster_interface/booster_interface/srv/rpc_service.hpp\n'}
[7.673775] (-) TimerEvent: {}
[7.676525] (booster_interface) StdoutLine: {'line': b'-- Up-to-date symlink: /home/booster/Workspace/Booster_T1_3v3_Demo/install/booster_interface/include/booster_interface/booster_interface/msg/detail/booster_api_req_msg__rosidl_typesupport_fastrtps_cpp.hpp\n'}
[7.678154] (booster_interface) StdoutLine: {'line': b'-- Up-to-date symlink: /home/booster/Workspace/Booster_T1_3v3_Demo/install/booster_interface/include/booster_interface/booster_interface/msg/detail/booster_api_resp_msg__rosidl_typesupport_fastrtps_cpp.hpp\n'}
[7.698170] (booster_interface) StdoutLine: {'line': b'-- Up-to-date symlink: /home/booster/Workspace/Booster_T1_3v3_Demo/install/booster_interface/include/booster_interface/booster_interface/msg/detail/button_event_msg__rosidl_typesupport_fastrtps_cpp.hpp\n'}
[7.698807] (booster_interface) StdoutLine: {'line': b'-- Up-to-date symlink: /home/booster/Workspace/Booster_T1_3v3_Demo/install/booster_interface/include/booster_interface/booster_interface/msg/detail/fall_down_state__rosidl_typesupport_fastrtps_cpp.hpp\n'}
[7.700142] (booster_interface) StdoutLine: {'line': b'-- Up-to-date symlink: /home/booster/Workspace/Booster_T1_3v3_Demo/install/booster_interface/include/booster_interface/booster_interface/msg/detail/hand_command__rosidl_typesupport_fastrtps_cpp.hpp\n'}
[7.700643] (booster_interface) StdoutLine: {'line': b'-- Up-to-date symlink: /home/booster/Workspace/Booster_T1_3v3_Demo/install/booster_interface/include/booster_interface/booster_interface/msg/detail/hand_dds_msg__rosidl_typesupport_fastrtps_cpp.hpp\n'}
[7.700951] (booster_interface) StdoutLine: {'line': b'-- Up-to-date symlink: /home/booster/Workspace/Booster_T1_3v3_Demo/install/booster_interface/include/booster_interface/booster_interface/msg/detail/hand_param__rosidl_typesupport_fastrtps_cpp.hpp\n'}
[7.713751] (booster_interface) StdoutLine: {'line': b'-- Up-to-date symlink: /home/booster/Workspace/Booster_T1_3v3_Demo/install/booster_interface/include/booster_interface/booster_interface/msg/detail/imu_state__rosidl_typesupport_fastrtps_cpp.hpp\n'}
[7.725991] (booster_interface) StdoutLine: {'line': b'-- Up-to-date symlink: /home/booster/Workspace/Booster_T1_3v3_Demo/install/booster_interface/include/booster_interface/booster_interface/msg/detail/low_cmd__rosidl_typesupport_fastrtps_cpp.hpp\n'}
[7.726499] (booster_interface) StdoutLine: {'line': b'-- Up-to-date symlink: /home/booster/Workspace/Booster_T1_3v3_Demo/install/booster_interface/include/booster_interface/booster_interface/msg/detail/low_state__rosidl_typesupport_fastrtps_cpp.hpp\n'}
[7.726795] (booster_interface) StdoutLine: {'line': b'-- Up-to-date symlink: /home/booster/Workspace/Booster_T1_3v3_Demo/install/booster_interface/include/booster_interface/booster_interface/msg/detail/motor_cmd__rosidl_typesupport_fastrtps_cpp.hpp\n'}
[7.727070] (booster_interface) StdoutLine: {'line': b'-- Up-to-date symlink: /home/booster/Workspace/Booster_T1_3v3_Demo/install/booster_interface/include/booster_interface/booster_interface/msg/detail/motor_state__rosidl_typesupport_fastrtps_cpp.hpp\n'}
[7.727221] (booster_interface) StdoutLine: {'line': b'-- Up-to-date symlink: /home/booster/Workspace/Booster_T1_3v3_Demo/install/booster_interface/include/booster_interface/booster_interface/msg/detail/odometer__rosidl_typesupport_fastrtps_cpp.hpp\n'}
[7.727337] (booster_interface) StdoutLine: {'line': b'-- Up-to-date symlink: /home/booster/Workspace/Booster_T1_3v3_Demo/install/booster_interface/include/booster_interface/booster_interface/msg/detail/raw_bytes_msg__rosidl_typesupport_fastrtps_cpp.hpp\n'}
[7.731562] (booster_interface) StdoutLine: {'line': b'-- Up-to-date symlink: /home/booster/Workspace/Booster_T1_3v3_Demo/install/booster_interface/include/booster_interface/booster_interface/msg/detail/raw_bytes_stamped__rosidl_typesupport_fastrtps_cpp.hpp\n'}
[7.731911] (booster_interface) StdoutLine: {'line': b'-- Up-to-date symlink: /home/booster/Workspace/Booster_T1_3v3_Demo/install/booster_interface/include/booster_interface/booster_interface/msg/detail/remote_controller_state__rosidl_typesupport_fastrtps_cpp.hpp\n'}
[7.732110] (booster_interface) StdoutLine: {'line': b'-- Up-to-date symlink: /home/booster/Workspace/Booster_T1_3v3_Demo/install/booster_interface/include/booster_interface/booster_interface/msg/rosidl_typesupport_fastrtps_cpp__visibility_control.h\n'}
[7.732268] (booster_interface) StdoutLine: {'line': b'-- Up-to-date symlink: /home/booster/Workspace/Booster_T1_3v3_Demo/install/booster_interface/include/booster_interface/booster_interface/srv/detail/agent_service__rosidl_typesupport_fastrtps_cpp.hpp\n'}
[7.734474] (booster_interface) StdoutLine: {'line': b'-- Up-to-date symlink: /home/booster/Workspace/Booster_T1_3v3_Demo/install/booster_interface/include/booster_interface/booster_interface/srv/detail/rpc_service__rosidl_typesupport_fastrtps_cpp.hpp\n'}
[7.752904] (booster_interface) StdoutLine: {'line': b'-- Up-to-date symlink: /home/booster/Workspace/Booster_T1_3v3_Demo/install/booster_interface/include/booster_interface/booster_interface/msg/detail/booster_api_req_msg__rosidl_typesupport_introspection_c.h\n'}
[7.755273] (booster_interface) StdoutLine: {'line': b'-- Up-to-date symlink: /home/booster/Workspace/Booster_T1_3v3_Demo/install/booster_interface/include/booster_interface/booster_interface/msg/detail/booster_api_resp_msg__rosidl_typesupport_introspection_c.h\n'}
[7.758703] (booster_interface) StdoutLine: {'line': b'-- Up-to-date symlink: /home/booster/Workspace/Booster_T1_3v3_Demo/install/booster_interface/include/booster_interface/booster_interface/msg/detail/button_event_msg__rosidl_typesupport_introspection_c.h\n'}
[7.760733] (booster_interface) StdoutLine: {'line': b'-- Up-to-date symlink: /home/booster/Workspace/Booster_T1_3v3_Demo/install/booster_interface/include/booster_interface/booster_interface/msg/detail/fall_down_state__rosidl_typesupport_introspection_c.h\n'}
[7.761570] (booster_interface) StdoutLine: {'line': b'-- Up-to-date symlink: /home/booster/Workspace/Booster_T1_3v3_Demo/install/booster_interface/include/booster_interface/booster_interface/msg/detail/hand_command__rosidl_typesupport_introspection_c.h\n'}
[7.763573] (booster_interface) StdoutLine: {'line': b'-- Up-to-date symlink: /home/booster/Workspace/Booster_T1_3v3_Demo/install/booster_interface/include/booster_interface/booster_interface/msg/detail/hand_dds_msg__rosidl_typesupport_introspection_c.h\n'}
[7.765177] (booster_interface) StdoutLine: {'line': b'-- Up-to-date symlink: /home/booster/Workspace/Booster_T1_3v3_Demo/install/booster_interface/include/booster_interface/booster_interface/msg/detail/hand_param__rosidl_typesupport_introspection_c.h\n'}
[7.766914] (booster_interface) StdoutLine: {'line': b'-- Up-to-date symlink: /home/booster/Workspace/Booster_T1_3v3_Demo/install/booster_interface/include/booster_interface/booster_interface/msg/detail/imu_state__rosidl_typesupport_introspection_c.h\n'}
[7.772737] (booster_interface) StdoutLine: {'line': b'-- Up-to-date symlink: /home/booster/Workspace/Booster_T1_3v3_Demo/install/booster_interface/include/booster_interface/booster_interface/msg/detail/low_cmd__rosidl_typesupport_introspection_c.h\n'}
[7.773303] (booster_interface) StdoutLine: {'line': b'-- Up-to-date symlink: /home/booster/Workspace/Booster_T1_3v3_Demo/install/booster_interface/include/booster_interface/booster_interface/msg/detail/low_state__rosidl_typesupport_introspection_c.h\n'}
[7.773501] (booster_interface) StdoutLine: {'line': b'-- Up-to-date symlink: /home/booster/Workspace/Booster_T1_3v3_Demo/install/booster_interface/include/booster_interface/booster_interface/msg/detail/motor_cmd__rosidl_typesupport_introspection_c.h\n'}
[7.773639] (booster_interface) StdoutLine: {'line': b'-- Up-to-date symlink: /home/booster/Workspace/Booster_T1_3v3_Demo/install/booster_interface/include/booster_interface/booster_interface/msg/detail/motor_state__rosidl_typesupport_introspection_c.h\n'}
[7.773778] (-) TimerEvent: {}
[7.774094] (booster_interface) StdoutLine: {'line': b'-- Up-to-date symlink: /home/booster/Workspace/Booster_T1_3v3_Demo/install/booster_interface/include/booster_interface/booster_interface/msg/detail/odometer__rosidl_typesupport_introspection_c.h\n'}
[7.782659] (booster_interface) StdoutLine: {'line': b'-- Up-to-date symlink: /home/booster/Workspace/Booster_T1_3v3_Demo/install/booster_interface/include/booster_interface/booster_interface/msg/detail/raw_bytes_msg__rosidl_typesupport_introspection_c.h\n'}
[7.782904] (booster_interface) StdoutLine: {'line': b'-- Up-to-date symlink: /home/booster/Workspace/Booster_T1_3v3_Demo/install/booster_interface/include/booster_interface/booster_interface/msg/detail/raw_bytes_stamped__rosidl_typesupport_introspection_c.h\n'}
[7.783093] (booster_interface) StdoutLine: {'line': b'-- Up-to-date symlink: /home/booster/Workspace/Booster_T1_3v3_Demo/install/booster_interface/include/booster_interface/booster_interface/msg/detail/remote_controller_state__rosidl_typesupport_introspection_c.h\n'}
[7.795164] (booster_interface) StdoutLine: {'line': b'-- Up-to-date symlink: /home/booster/Workspace/Booster_T1_3v3_Demo/install/booster_interface/include/booster_interface/booster_interface/msg/rosidl_typesupport_introspection_c__visibility_control.h\n'}
[7.795806] (booster_interface) StdoutLine: {'line': b'-- Up-to-date symlink: /home/booster/Workspace/Booster_T1_3v3_Demo/install/booster_interface/include/booster_interface/booster_interface/srv/detail/agent_service__rosidl_typesupport_introspection_c.h\n'}
[7.796560] (booster_interface) StdoutLine: {'line': b'-- Up-to-date symlink: /home/booster/Workspace/Booster_T1_3v3_Demo/install/booster_interface/include/booster_interface/booster_interface/srv/detail/rpc_service__rosidl_typesupport_introspection_c.h\n'}
[7.800902] (booster_interface) StdoutLine: {'line': b'-- Up-to-date symlink: /home/booster/Workspace/Booster_T1_3v3_Demo/install/booster_interface/include/booster_interface/booster_interface/msg/detail/booster_api_req_msg__rosidl_typesupport_introspection_cpp.hpp\n'}
[7.801256] (booster_interface) StdoutLine: {'line': b'-- Up-to-date symlink: /home/booster/Workspace/Booster_T1_3v3_Demo/install/booster_interface/include/booster_interface/booster_interface/msg/detail/booster_api_resp_msg__rosidl_typesupport_introspection_cpp.hpp\n'}
[7.815705] (booster_interface) StdoutLine: {'line': b'-- Up-to-date symlink: /home/booster/Workspace/Booster_T1_3v3_Demo/install/booster_interface/include/booster_interface/booster_interface/msg/detail/button_event_msg__rosidl_typesupport_introspection_cpp.hpp\n'}
[7.815982] (sound_play) CommandEnded: {'returncode': 0}
[7.816456] (game_controller_interface) StdoutLine: {'line': b"Listing '/home/booster/Workspace/Booster_T1_3v3_Demo/install/game_controller_interface/local/lib/python3.10/dist-packages/game_controller_interface'...\n"}
[7.816607] (game_controller_interface) StdoutLine: {'line': b"Listing '/home/booster/Workspace/Booster_T1_3v3_Demo/install/game_controller_interface/local/lib/python3.10/dist-packages/game_controller_interface/msg'...\n"}
[7.816725] (booster_interface) StdoutLine: {'line': b'-- Up-to-date symlink: /home/booster/Workspace/Booster_T1_3v3_Demo/install/booster_interface/include/booster_interface/booster_interface/msg/detail/fall_down_state__rosidl_typesupport_introspection_cpp.hpp\n'}
[7.826250] (booster_interface) StdoutLine: {'line': b'-- Up-to-date symlink: /home/booster/Workspace/Booster_T1_3v3_Demo/install/booster_interface/include/booster_interface/booster_interface/msg/detail/hand_command__rosidl_typesupport_introspection_cpp.hpp\n'}
[7.826524] (booster_interface) StdoutLine: {'line': b'-- Up-to-date symlink: /home/booster/Workspace/Booster_T1_3v3_Demo/install/booster_interface/include/booster_interface/booster_interface/msg/detail/hand_dds_msg__rosidl_typesupport_introspection_cpp.hpp\n'}
[7.826651] (booster_interface) StdoutLine: {'line': b'-- Up-to-date symlink: /home/booster/Workspace/Booster_T1_3v3_Demo/install/booster_interface/include/booster_interface/booster_interface/msg/detail/hand_param__rosidl_typesupport_introspection_cpp.hpp\n'}
[7.826770] (booster_interface) StdoutLine: {'line': b'-- Up-to-date symlink: /home/booster/Workspace/Booster_T1_3v3_Demo/install/booster_interface/include/booster_interface/booster_interface/msg/detail/imu_state__rosidl_typesupport_introspection_cpp.hpp\n'}
[7.826882] (booster_interface) StdoutLine: {'line': b'-- Up-to-date symlink: /home/booster/Workspace/Booster_T1_3v3_Demo/install/booster_interface/include/booster_interface/booster_interface/msg/detail/low_cmd__rosidl_typesupport_introspection_cpp.hpp\n'}
[7.827000] (booster_interface) StdoutLine: {'line': b'-- Up-to-date symlink: /home/booster/Workspace/Booster_T1_3v3_Demo/install/booster_interface/include/booster_interface/booster_interface/msg/detail/low_state__rosidl_typesupport_introspection_cpp.hpp\n'}
[7.827111] (booster_interface) StdoutLine: {'line': b'-- Up-to-date symlink: /home/booster/Workspace/Booster_T1_3v3_Demo/install/booster_interface/include/booster_interface/booster_interface/msg/detail/motor_cmd__rosidl_typesupport_introspection_cpp.hpp\n'}
[7.827218] (booster_interface) StdoutLine: {'line': b'-- Up-to-date symlink: /home/booster/Workspace/Booster_T1_3v3_Demo/install/booster_interface/include/booster_interface/booster_interface/msg/detail/motor_state__rosidl_typesupport_introspection_cpp.hpp\n'}
[7.827321] (booster_interface) StdoutLine: {'line': b'-- Up-to-date symlink: /home/booster/Workspace/Booster_T1_3v3_Demo/install/booster_interface/include/booster_interface/booster_interface/msg/detail/odometer__rosidl_typesupport_introspection_cpp.hpp\n'}
[7.827447] (booster_interface) StdoutLine: {'line': b'-- Up-to-date symlink: /home/booster/Workspace/Booster_T1_3v3_Demo/install/booster_interface/include/booster_interface/booster_interface/msg/detail/raw_bytes_msg__rosidl_typesupport_introspection_cpp.hpp\n'}
[7.827549] (booster_interface) StdoutLine: {'line': b'-- Up-to-date symlink: /home/booster/Workspace/Booster_T1_3v3_Demo/install/booster_interface/include/booster_interface/booster_interface/msg/detail/raw_bytes_stamped__rosidl_typesupport_introspection_cpp.hpp\n'}
[7.827651] (booster_interface) StdoutLine: {'line': b'-- Up-to-date symlink: /home/booster/Workspace/Booster_T1_3v3_Demo/install/booster_interface/include/booster_interface/booster_interface/msg/detail/remote_controller_state__rosidl_typesupport_introspection_cpp.hpp\n'}
[7.827754] (booster_interface) StdoutLine: {'line': b'-- Up-to-date symlink: /home/booster/Workspace/Booster_T1_3v3_Demo/install/booster_interface/include/booster_interface/booster_interface/srv/detail/agent_service__rosidl_typesupport_introspection_cpp.hpp\n'}
[7.830438] (game_controller_interface) StdoutLine: {'line': b'-- Up-to-date: /home/booster/Workspace/Booster_T1_3v3_Demo/install/game_controller_interface/lib/libgame_controller_interface__rosidl_generator_py.so\n'}
[7.830966] (game_controller_interface) StdoutLine: {'line': b'-- Up-to-date: /home/booster/Workspace/Booster_T1_3v3_Demo/install/game_controller_interface/share/game_controller_interface/cmake/export_game_controller_interface__rosidl_generator_cExport.cmake\n'}
[7.831154] (game_controller_interface) StdoutLine: {'line': b'-- Up-to-date: /home/booster/Workspace/Booster_T1_3v3_Demo/install/game_controller_interface/share/game_controller_interface/cmake/export_game_controller_interface__rosidl_generator_cExport-noconfig.cmake\n'}
[7.831299] (game_controller_interface) StdoutLine: {'line': b'-- Up-to-date: /home/booster/Workspace/Booster_T1_3v3_Demo/install/game_controller_interface/share/game_controller_interface/cmake/export_game_controller_interface__rosidl_typesupport_fastrtps_cExport.cmake\n'}
[7.831421] (game_controller_interface) StdoutLine: {'line': b'-- Up-to-date: /home/booster/Workspace/Booster_T1_3v3_Demo/install/game_controller_interface/share/game_controller_interface/cmake/export_game_controller_interface__rosidl_typesupport_fastrtps_cExport-noconfig.cmake\n'}
[7.833797] (game_controller_interface) StdoutLine: {'line': b'-- Up-to-date: /home/booster/Workspace/Booster_T1_3v3_Demo/install/game_controller_interface/share/game_controller_interface/cmake/export_game_controller_interface__rosidl_generator_cppExport.cmake\n'}
[7.834092] (game_controller_interface) StdoutLine: {'line': b'-- Up-to-date: /home/booster/Workspace/Booster_T1_3v3_Demo/install/game_controller_interface/share/game_controller_interface/cmake/export_game_controller_interface__rosidl_typesupport_fastrtps_cppExport.cmake\n'}
[7.834234] (game_controller_interface) StdoutLine: {'line': b'-- Up-to-date: /home/booster/Workspace/Booster_T1_3v3_Demo/install/game_controller_interface/share/game_controller_interface/cmake/export_game_controller_interface__rosidl_typesupport_fastrtps_cppExport-noconfig.cmake\n'}
[7.834409] (game_controller_interface) StdoutLine: {'line': b'-- Up-to-date: /home/booster/Workspace/Booster_T1_3v3_Demo/install/game_controller_interface/share/game_controller_interface/cmake/game_controller_interface__rosidl_typesupport_introspection_cExport.cmake\n'}
[7.834587] (game_controller_interface) StdoutLine: {'line': b'-- Up-to-date: /home/booster/Workspace/Booster_T1_3v3_Demo/install/game_controller_interface/share/game_controller_interface/cmake/game_controller_interface__rosidl_typesupport_introspection_cExport-noconfig.cmake\n'}
[7.834710] (game_controller_interface) StdoutLine: {'line': b'-- Up-to-date: /home/booster/Workspace/Booster_T1_3v3_Demo/install/game_controller_interface/share/game_controller_interface/cmake/game_controller_interface__rosidl_typesupport_cExport.cmake\n'}
[7.834856] (game_controller_interface) StdoutLine: {'line': b'-- Up-to-date: /home/booster/Workspace/Booster_T1_3v3_Demo/install/game_controller_interface/share/game_controller_interface/cmake/game_controller_interface__rosidl_typesupport_cExport-noconfig.cmake\n'}
[7.849031] (game_controller_interface) StdoutLine: {'line': b'-- Up-to-date: /home/booster/Workspace/Booster_T1_3v3_Demo/install/game_controller_interface/share/game_controller_interface/cmake/game_controller_interface__rosidl_typesupport_introspection_cppExport.cmake\n'}
[7.849243] (game_controller_interface) StdoutLine: {'line': b'-- Up-to-date: /home/booster/Workspace/Booster_T1_3v3_Demo/install/game_controller_interface/share/game_controller_interface/cmake/game_controller_interface__rosidl_typesupport_introspection_cppExport-noconfig.cmake\n'}
[7.849372] (game_controller_interface) StdoutLine: {'line': b'-- Up-to-date: /home/booster/Workspace/Booster_T1_3v3_Demo/install/game_controller_interface/share/game_controller_interface/cmake/game_controller_interface__rosidl_typesupport_cppExport.cmake\n'}
[7.849489] (game_controller_interface) StdoutLine: {'line': b'-- Up-to-date: /home/booster/Workspace/Booster_T1_3v3_Demo/install/game_controller_interface/share/game_controller_interface/cmake/game_controller_interface__rosidl_typesupport_cppExport-noconfig.cmake\n'}
[7.849598] (game_controller_interface) StdoutLine: {'line': b'-- Up-to-date: /home/booster/Workspace/Booster_T1_3v3_Demo/install/game_controller_interface/share/game_controller_interface/cmake/export_game_controller_interface__rosidl_generator_pyExport.cmake\n'}
[7.849703] (game_controller_interface) StdoutLine: {'line': b'-- Up-to-date: /home/booster/Workspace/Booster_T1_3v3_Demo/install/game_controller_interface/share/game_controller_interface/cmake/export_game_controller_interface__rosidl_generator_pyExport-noconfig.cmake\n'}
[7.858725] (booster_interface) StdoutLine: {'line': b'-- Up-to-date symlink: /home/booster/Workspace/Booster_T1_3v3_Demo/install/booster_interface/include/booster_interface/booster_interface/srv/detail/rpc_service__rosidl_typesupport_introspection_cpp.hpp\n'}
[7.859303] (booster_interface) StdoutLine: {'line': b'-- Up-to-date symlink: /home/booster/Workspace/Booster_T1_3v3_Demo/install/booster_interface/share/booster_interface/environment/pythonpath.sh\n'}
[7.859543] (booster_interface) StdoutLine: {'line': b'-- Up-to-date symlink: /home/booster/Workspace/Booster_T1_3v3_Demo/install/booster_interface/share/booster_interface/environment/pythonpath.dsv\n'}
[7.865689] (vision) StdoutLine: {'line': b'[ 27%] Built target yolov8_trt\n'}
[7.866080] (booster_interface) StdoutLine: {'line': b'-- Up-to-date symlink: /home/booster/Workspace/Booster_T1_3v3_Demo/install/booster_interface/local/lib/python3.10/dist-packages/booster_interface-0.0.0-py3.10.egg-info/PKG-INFO\n'}
[7.866237] (booster_interface) StdoutLine: {'line': b'-- Up-to-date symlink: /home/booster/Workspace/Booster_T1_3v3_Demo/install/booster_interface/local/lib/python3.10/dist-packages/booster_interface-0.0.0-py3.10.egg-info/SOURCES.txt\n'}
[7.866355] (booster_interface) StdoutLine: {'line': b'-- Up-to-date symlink: /home/booster/Workspace/Booster_T1_3v3_Demo/install/booster_interface/local/lib/python3.10/dist-packages/booster_interface-0.0.0-py3.10.egg-info/dependency_links.txt\n'}
[7.876580] (-) TimerEvent: {}
[7.878557] (booster_interface) StdoutLine: {'line': b'-- Up-to-date symlink: /home/booster/Workspace/Booster_T1_3v3_Demo/install/booster_interface/local/lib/python3.10/dist-packages/booster_interface-0.0.0-py3.10.egg-info/top_level.txt\n'}
[7.883130] (booster_interface) StdoutLine: {'line': b'-- Up-to-date symlink: /home/booster/Workspace/Booster_T1_3v3_Demo/install/booster_interface/local/lib/python3.10/dist-packages/booster_interface/__init__.py\n'}
[7.883740] (booster_interface) StdoutLine: {'line': b'-- Up-to-date symlink: /home/booster/Workspace/Booster_T1_3v3_Demo/install/booster_interface/local/lib/python3.10/dist-packages/booster_interface/_booster_interface_s.ep.rosidl_typesupport_c.c\n'}
[7.887780] (booster_interface) StdoutLine: {'line': b'-- Up-to-date symlink: /home/booster/Workspace/Booster_T1_3v3_Demo/install/booster_interface/local/lib/python3.10/dist-packages/booster_interface/_booster_interface_s.ep.rosidl_typesupport_fastrtps_c.c\n'}
[7.888201] (booster_interface) StdoutLine: {'line': b'-- Up-to-date symlink: /home/booster/Workspace/Booster_T1_3v3_Demo/install/booster_interface/local/lib/python3.10/dist-packages/booster_interface/_booster_interface_s.ep.rosidl_typesupport_introspection_c.c\n'}
[7.888390] (booster_interface) StdoutLine: {'line': b'-- Up-to-date symlink: /home/booster/Workspace/Booster_T1_3v3_Demo/install/booster_interface/local/lib/python3.10/dist-packages/booster_interface/booster_interface_s__rosidl_typesupport_c.cpython-310-aarch64-linux-gnu.so\n'}
[7.888944] (booster_interface) StdoutLine: {'line': b'-- Up-to-date symlink: /home/booster/Workspace/Booster_T1_3v3_Demo/install/booster_interface/local/lib/python3.10/dist-packages/booster_interface/booster_interface_s__rosidl_typesupport_fastrtps_c.cpython-310-aarch64-linux-gnu.so\n'}
[7.889403] (booster_interface) StdoutLine: {'line': b'-- Up-to-date symlink: /home/booster/Workspace/Booster_T1_3v3_Demo/install/booster_interface/local/lib/python3.10/dist-packages/booster_interface/booster_interface_s__rosidl_typesupport_introspection_c.cpython-310-aarch64-linux-gnu.so\n'}
[7.890907] (sound_play) JobEnded: {'identifier': 'sound_play', 'rc': 0}
[7.899325] (booster_interface) StdoutLine: {'line': b'-- Up-to-date symlink: /home/booster/Workspace/Booster_T1_3v3_Demo/install/booster_interface/local/lib/python3.10/dist-packages/booster_interface/libbooster_interface__rosidl_generator_py.so\n'}
[7.899639] (booster_interface) StdoutLine: {'line': b'-- Up-to-date symlink: /home/booster/Workspace/Booster_T1_3v3_Demo/install/booster_interface/local/lib/python3.10/dist-packages/booster_interface/msg/__init__.py\n'}
[7.899785] (booster_interface) StdoutLine: {'line': b'-- Up-to-date symlink: /home/booster/Workspace/Booster_T1_3v3_Demo/install/booster_interface/local/lib/python3.10/dist-packages/booster_interface/msg/_booster_api_req_msg.py\n'}
[7.899909] (booster_interface) StdoutLine: {'line': b'-- Up-to-date symlink: /home/booster/Workspace/Booster_T1_3v3_Demo/install/booster_interface/local/lib/python3.10/dist-packages/booster_interface/msg/_booster_api_req_msg_s.c\n'}
[7.900023] (booster_interface) StdoutLine: {'line': b'-- Up-to-date symlink: /home/booster/Workspace/Booster_T1_3v3_Demo/install/booster_interface/local/lib/python3.10/dist-packages/booster_interface/msg/_booster_api_resp_msg.py\n'}
[7.900134] (booster_interface) StdoutLine: {'line': b'-- Up-to-date symlink: /home/booster/Workspace/Booster_T1_3v3_Demo/install/booster_interface/local/lib/python3.10/dist-packages/booster_interface/msg/_booster_api_resp_msg_s.c\n'}
[7.900240] (booster_interface) StdoutLine: {'line': b'-- Up-to-date symlink: /home/booster/Workspace/Booster_T1_3v3_Demo/install/booster_interface/local/lib/python3.10/dist-packages/booster_interface/msg/_button_event_msg.py\n'}
[7.900347] (booster_interface) StdoutLine: {'line': b'-- Up-to-date symlink: /home/booster/Workspace/Booster_T1_3v3_Demo/install/booster_interface/local/lib/python3.10/dist-packages/booster_interface/msg/_button_event_msg_s.c\n'}
[7.900452] (booster_interface) StdoutLine: {'line': b'-- Up-to-date symlink: /home/booster/Workspace/Booster_T1_3v3_Demo/install/booster_interface/local/lib/python3.10/dist-packages/booster_interface/msg/_fall_down_state.py\n'}
[7.900617] (booster_interface) StdoutLine: {'line': b'-- Up-to-date symlink: /home/booster/Workspace/Booster_T1_3v3_Demo/install/booster_interface/local/lib/python3.10/dist-packages/booster_interface/msg/_fall_down_state_s.c\n'}
[7.900772] (game_controller_interface) CommandEnded: {'returncode': 0}
[7.901684] (booster_interface) StdoutLine: {'line': b'-- Up-to-date symlink: /home/booster/Workspace/Booster_T1_3v3_Demo/install/booster_interface/local/lib/python3.10/dist-packages/booster_interface/msg/_hand_command.py\n'}
[7.907546] (booster_interface) StdoutLine: {'line': b'-- Up-to-date symlink: /home/booster/Workspace/Booster_T1_3v3_Demo/install/booster_interface/local/lib/python3.10/dist-packages/booster_interface/msg/_hand_command_s.c\n'}
[7.907906] (booster_interface) StdoutLine: {'line': b'-- Up-to-date symlink: /home/booster/Workspace/Booster_T1_3v3_Demo/install/booster_interface/local/lib/python3.10/dist-packages/booster_interface/msg/_hand_dds_msg.py\n'}
[7.908048] (booster_interface) StdoutLine: {'line': b'-- Up-to-date symlink: /home/booster/Workspace/Booster_T1_3v3_Demo/install/booster_interface/local/lib/python3.10/dist-packages/booster_interface/msg/_hand_dds_msg_s.c\n'}
[7.908164] (booster_interface) StdoutLine: {'line': b'-- Up-to-date symlink: /home/booster/Workspace/Booster_T1_3v3_Demo/install/booster_interface/local/lib/python3.10/dist-packages/booster_interface/msg/_hand_param.py\n'}
[7.908302] (booster_interface) StdoutLine: {'line': b'-- Up-to-date symlink: /home/booster/Workspace/Booster_T1_3v3_Demo/install/booster_interface/local/lib/python3.10/dist-packages/booster_interface/msg/_hand_param_s.c\n'}
[7.908414] (booster_interface) StdoutLine: {'line': b'-- Up-to-date symlink: /home/booster/Workspace/Booster_T1_3v3_Demo/install/booster_interface/local/lib/python3.10/dist-packages/booster_interface/msg/_imu_state.py\n'}
[7.908539] (booster_interface) StdoutLine: {'line': b'-- Up-to-date symlink: /home/booster/Workspace/Booster_T1_3v3_Demo/install/booster_interface/local/lib/python3.10/dist-packages/booster_interface/msg/_imu_state_s.c\n'}
[7.908685] (booster_interface) StdoutLine: {'line': b'-- Up-to-date symlink: /home/booster/Workspace/Booster_T1_3v3_Demo/install/booster_interface/local/lib/python3.10/dist-packages/booster_interface/msg/_low_cmd.py\n'}
[7.911090] (booster_interface) StdoutLine: {'line': b'-- Up-to-date symlink: /home/booster/Workspace/Booster_T1_3v3_Demo/install/booster_interface/local/lib/python3.10/dist-packages/booster_interface/msg/_low_cmd_s.c\n'}
[7.913121] (booster_interface) StdoutLine: {'line': b'-- Up-to-date symlink: /home/booster/Workspace/Booster_T1_3v3_Demo/install/booster_interface/local/lib/python3.10/dist-packages/booster_interface/msg/_low_state.py\n'}
[7.913646] (booster_interface) StdoutLine: {'line': b'-- Up-to-date symlink: /home/booster/Workspace/Booster_T1_3v3_Demo/install/booster_interface/local/lib/python3.10/dist-packages/booster_interface/msg/_low_state_s.c\n'}
[7.916116] (booster_interface) StdoutLine: {'line': b'-- Up-to-date symlink: /home/booster/Workspace/Booster_T1_3v3_Demo/install/booster_interface/local/lib/python3.10/dist-packages/booster_interface/msg/_motor_cmd.py\n'}
[7.918113] (booster_interface) StdoutLine: {'line': b'-- Up-to-date symlink: /home/booster/Workspace/Booster_T1_3v3_Demo/install/booster_interface/local/lib/python3.10/dist-packages/booster_interface/msg/_motor_cmd_s.c\n'}
[7.918395] (booster_interface) StdoutLine: {'line': b'-- Up-to-date symlink: /home/booster/Workspace/Booster_T1_3v3_Demo/install/booster_interface/local/lib/python3.10/dist-packages/booster_interface/msg/_motor_state.py\n'}
[7.918532] (booster_interface) StdoutLine: {'line': b'-- Up-to-date symlink: /home/booster/Workspace/Booster_T1_3v3_Demo/install/booster_interface/local/lib/python3.10/dist-packages/booster_interface/msg/_motor_state_s.c\n'}
[7.918751] (booster_interface) StdoutLine: {'line': b'-- Up-to-date symlink: /home/booster/Workspace/Booster_T1_3v3_Demo/install/booster_interface/local/lib/python3.10/dist-packages/booster_interface/msg/_odometer.py\n'}
[7.918878] (booster_interface) StdoutLine: {'line': b'-- Up-to-date symlink: /home/booster/Workspace/Booster_T1_3v3_Demo/install/booster_interface/local/lib/python3.10/dist-packages/booster_interface/msg/_odometer_s.c\n'}
[7.919055] (booster_interface) StdoutLine: {'line': b'-- Up-to-date symlink: /home/booster/Workspace/Booster_T1_3v3_Demo/install/booster_interface/local/lib/python3.10/dist-packages/booster_interface/msg/_raw_bytes_msg.py\n'}
[7.923194] (booster_interface) StdoutLine: {'line': b'-- Up-to-date symlink: /home/booster/Workspace/Booster_T1_3v3_Demo/install/booster_interface/local/lib/python3.10/dist-packages/booster_interface/msg/_raw_bytes_msg_s.c\n'}
[7.929272] (booster_interface) StdoutLine: {'line': b'-- Up-to-date symlink: /home/booster/Workspace/Booster_T1_3v3_Demo/install/booster_interface/local/lib/python3.10/dist-packages/booster_interface/msg/_raw_bytes_stamped.py\n'}
[7.929635] (booster_interface) StdoutLine: {'line': b'-- Up-to-date symlink: /home/booster/Workspace/Booster_T1_3v3_Demo/install/booster_interface/local/lib/python3.10/dist-packages/booster_interface/msg/_raw_bytes_stamped_s.c\n'}
[7.929829] (booster_interface) StdoutLine: {'line': b'-- Up-to-date symlink: /home/booster/Workspace/Booster_T1_3v3_Demo/install/booster_interface/local/lib/python3.10/dist-packages/booster_interface/msg/_remote_controller_state.py\n'}
[7.929964] (booster_interface) StdoutLine: {'line': b'-- Up-to-date symlink: /home/booster/Workspace/Booster_T1_3v3_Demo/install/booster_interface/local/lib/python3.10/dist-packages/booster_interface/msg/_remote_controller_state_s.c\n'}
[7.930083] (booster_interface) StdoutLine: {'line': b'-- Up-to-date symlink: /home/booster/Workspace/Booster_T1_3v3_Demo/install/booster_interface/local/lib/python3.10/dist-packages/booster_interface/srv/__init__.py\n'}
[7.931757] (booster_interface) StdoutLine: {'line': b'-- Up-to-date symlink: /home/booster/Workspace/Booster_T1_3v3_Demo/install/booster_interface/local/lib/python3.10/dist-packages/booster_interface/srv/_agent_service.py\n'}
[7.946857] (booster_interface) StdoutLine: {'line': b'-- Up-to-date symlink: /home/booster/Workspace/Booster_T1_3v3_Demo/install/booster_interface/local/lib/python3.10/dist-packages/booster_interface/srv/_agent_service_s.c\n'}
[7.947455] (booster_interface) StdoutLine: {'line': b'-- Up-to-date symlink: /home/booster/Workspace/Booster_T1_3v3_Demo/install/booster_interface/local/lib/python3.10/dist-packages/booster_interface/srv/_rpc_service.py\n'}
[7.951335] (booster_interface) StdoutLine: {'line': b'-- Up-to-date symlink: /home/booster/Workspace/Booster_T1_3v3_Demo/install/booster_interface/local/lib/python3.10/dist-packages/booster_interface/srv/_rpc_service_s.c\n'}
[7.963994] (booster_interface) StdoutLine: {'line': b'-- Up-to-date symlink: /home/booster/Workspace/Booster_T1_3v3_Demo/install/booster_interface/local/lib/python3.10/dist-packages/booster_interface/booster_interface_s__rosidl_typesupport_fastrtps_c.cpython-310-aarch64-linux-gnu.so\n'}
[7.969048] (booster_interface) StdoutLine: {'line': b'-- Up-to-date symlink: /home/booster/Workspace/Booster_T1_3v3_Demo/install/booster_interface/local/lib/python3.10/dist-packages/booster_interface/booster_interface_s__rosidl_typesupport_introspection_c.cpython-310-aarch64-linux-gnu.so\n'}
[7.970490] (booster_interface) StdoutLine: {'line': b'-- Up-to-date symlink: /home/booster/Workspace/Booster_T1_3v3_Demo/install/booster_interface/local/lib/python3.10/dist-packages/booster_interface/booster_interface_s__rosidl_typesupport_c.cpython-310-aarch64-linux-gnu.so\n'}
[7.970841] (booster_interface) StdoutLine: {'line': b'-- Up-to-date symlink: /home/booster/Workspace/Booster_T1_3v3_Demo/install/booster_interface/share/booster_interface/msg/BoosterApiReqMsg.idl\n'}
[7.971967] (vision) StdoutLine: {'line': b'[ 42%] Built target booster_vision_base\n'}
[7.975152] (booster_interface) StdoutLine: {'line': b'-- Up-to-date symlink: /home/booster/Workspace/Booster_T1_3v3_Demo/install/booster_interface/share/booster_interface/msg/BoosterApiRespMsg.idl\n'}
[7.981698] (booster_interface) StdoutLine: {'line': b'-- Up-to-date symlink: /home/booster/Workspace/Booster_T1_3v3_Demo/install/booster_interface/share/booster_interface/msg/ButtonEventMsg.idl\n'}
[7.982093] (-) TimerEvent: {}
[7.990832] (booster_interface) StdoutLine: {'line': b'-- Up-to-date symlink: /home/booster/Workspace/Booster_T1_3v3_Demo/install/booster_interface/share/booster_interface/msg/MotorState.idl\n'}
[7.992996] (booster_interface) StdoutLine: {'line': b'-- Up-to-date symlink: /home/booster/Workspace/Booster_T1_3v3_Demo/install/booster_interface/share/booster_interface/msg/MotorCmd.idl\n'}
[8.004290] (booster_interface) StdoutLine: {'line': b'-- Up-to-date symlink: /home/booster/Workspace/Booster_T1_3v3_Demo/install/booster_interface/share/booster_interface/msg/LowCmd.idl\n'}
[8.004588] (booster_interface) StdoutLine: {'line': b'-- Up-to-date symlink: /home/booster/Workspace/Booster_T1_3v3_Demo/install/booster_interface/share/booster_interface/msg/ImuState.idl\n'}
[8.005436] (booster_interface) StdoutLine: {'line': b'-- Up-to-date symlink: /home/booster/Workspace/Booster_T1_3v3_Demo/install/booster_interface/share/booster_interface/msg/LowState.idl\n'}
[8.013093] (booster_interface) StdoutLine: {'line': b'-- Up-to-date symlink: /home/booster/Workspace/Booster_T1_3v3_Demo/install/booster_interface/share/booster_interface/msg/RawBytesMsg.idl\n'}
[8.013349] (booster_interface) StdoutLine: {'line': b'-- Up-to-date symlink: /home/booster/Workspace/Booster_T1_3v3_Demo/install/booster_interface/share/booster_interface/msg/RawBytesStamped.idl\n'}
[8.013771] (booster_interface) StdoutLine: {'line': b'-- Up-to-date symlink: /home/booster/Workspace/Booster_T1_3v3_Demo/install/booster_interface/share/booster_interface/msg/Odometer.idl\n'}
[8.014335] (booster_interface) StdoutLine: {'line': b'-- Up-to-date symlink: /home/booster/Workspace/Booster_T1_3v3_Demo/install/booster_interface/share/booster_interface/msg/FallDownState.idl\n'}
[8.015532] (booster_interface) StdoutLine: {'line': b'-- Up-to-date symlink: /home/booster/Workspace/Booster_T1_3v3_Demo/install/booster_interface/share/booster_interface/msg/RemoteControllerState.idl\n'}
[8.016616] (booster_interface) StdoutLine: {'line': b'-- Up-to-date symlink: /home/booster/Workspace/Booster_T1_3v3_Demo/install/booster_interface/share/booster_interface/msg/HandCommand.idl\n'}
[8.026426] (booster_interface) StdoutLine: {'line': b'-- Up-to-date symlink: /home/booster/Workspace/Booster_T1_3v3_Demo/install/booster_interface/share/booster_interface/msg/HandDdsMsg.idl\n'}
[8.027221] (booster_interface) StdoutLine: {'line': b'-- Up-to-date symlink: /home/booster/Workspace/Booster_T1_3v3_Demo/install/booster_interface/share/booster_interface/msg/HandParam.idl\n'}
[8.032168] (booster_interface) StdoutLine: {'line': b'-- Up-to-date symlink: /home/booster/Workspace/Booster_T1_3v3_Demo/install/booster_interface/share/booster_interface/srv/RpcService.idl\n'}
[8.039289] (booster_interface) StdoutLine: {'line': b'-- Up-to-date symlink: /home/booster/Workspace/Booster_T1_3v3_Demo/install/booster_interface/share/booster_interface/srv/AgentService.idl\n'}
[8.039506] (booster_interface) StdoutLine: {'line': b'-- Up-to-date symlink: /home/booster/Workspace/Booster_T1_3v3_Demo/install/booster_interface/share/booster_interface/msg/BoosterApiReqMsg.msg\n'}
[8.039641] (booster_interface) StdoutLine: {'line': b'-- Up-to-date symlink: /home/booster/Workspace/Booster_T1_3v3_Demo/install/booster_interface/share/booster_interface/msg/BoosterApiRespMsg.msg\n'}
[8.039941] (booster_interface) StdoutLine: {'line': b'-- Up-to-date symlink: /home/booster/Workspace/Booster_T1_3v3_Demo/install/booster_interface/share/booster_interface/msg/ButtonEventMsg.msg\n'}
[8.040077] (booster_interface) StdoutLine: {'line': b'-- Up-to-date symlink: /home/booster/Workspace/Booster_T1_3v3_Demo/install/booster_interface/share/booster_interface/msg/MotorState.msg\n'}
[8.040204] (booster_interface) StdoutLine: {'line': b'-- Up-to-date symlink: /home/booster/Workspace/Booster_T1_3v3_Demo/install/booster_interface/share/booster_interface/msg/MotorCmd.msg\n'}
[8.040314] (booster_interface) StdoutLine: {'line': b'-- Up-to-date symlink: /home/booster/Workspace/Booster_T1_3v3_Demo/install/booster_interface/share/booster_interface/msg/LowCmd.msg\n'}
[8.040422] (booster_interface) StdoutLine: {'line': b'-- Up-to-date symlink: /home/booster/Workspace/Booster_T1_3v3_Demo/install/booster_interface/share/booster_interface/msg/ImuState.msg\n'}
[8.040526] (booster_interface) StdoutLine: {'line': b'-- Up-to-date symlink: /home/booster/Workspace/Booster_T1_3v3_Demo/install/booster_interface/share/booster_interface/msg/LowState.msg\n'}
[8.040645] (booster_interface) StdoutLine: {'line': b'-- Up-to-date symlink: /home/booster/Workspace/Booster_T1_3v3_Demo/install/booster_interface/share/booster_interface/msg/RawBytesMsg.msg\n'}
[8.040745] (vision) StdoutLine: {'line': b'[ 48%] Built target yolov8_seg\n'}
[8.043515] (booster_interface) StdoutLine: {'line': b'-- Up-to-date symlink: /home/booster/Workspace/Booster_T1_3v3_Demo/install/booster_interface/share/booster_interface/msg/RawBytesStamped.msg\n'}
[8.053294] (booster_interface) StdoutLine: {'line': b'-- Up-to-date symlink: /home/booster/Workspace/Booster_T1_3v3_Demo/install/booster_interface/share/booster_interface/msg/Odometer.msg\n'}
[8.054016] (booster_interface) StdoutLine: {'line': b'-- Up-to-date symlink: /home/booster/Workspace/Booster_T1_3v3_Demo/install/booster_interface/share/booster_interface/msg/FallDownState.msg\n'}
[8.054196] (booster_interface) StdoutLine: {'line': b'-- Up-to-date symlink: /home/booster/Workspace/Booster_T1_3v3_Demo/install/booster_interface/share/booster_interface/msg/RemoteControllerState.msg\n'}
[8.054323] (booster_interface) StdoutLine: {'line': b'-- Up-to-date symlink: /home/booster/Workspace/Booster_T1_3v3_Demo/install/booster_interface/share/booster_interface/msg/HandCommand.msg\n'}
[8.061184] (booster_interface) StdoutLine: {'line': b'-- Up-to-date symlink: /home/booster/Workspace/Booster_T1_3v3_Demo/install/booster_interface/share/booster_interface/msg/HandDdsMsg.msg\n'}
[8.061514] (booster_interface) StdoutLine: {'line': b'-- Up-to-date symlink: /home/booster/Workspace/Booster_T1_3v3_Demo/install/booster_interface/share/booster_interface/msg/HandParam.msg\n'}
[8.061674] (booster_interface) StdoutLine: {'line': b'-- Up-to-date symlink: /home/booster/Workspace/Booster_T1_3v3_Demo/install/booster_interface/share/booster_interface/srv/RpcService.srv\n'}
[8.061806] (booster_interface) StdoutLine: {'line': b'-- Up-to-date symlink: /home/booster/Workspace/Booster_T1_3v3_Demo/install/booster_interface/share/booster_interface/srv/RpcService_Request.msg\n'}
[8.061923] (booster_interface) StdoutLine: {'line': b'-- Up-to-date symlink: /home/booster/Workspace/Booster_T1_3v3_Demo/install/booster_interface/share/booster_interface/srv/RpcService_Response.msg\n'}
[8.062467] (booster_interface) StdoutLine: {'line': b'-- Up-to-date symlink: /home/booster/Workspace/Booster_T1_3v3_Demo/install/booster_interface/share/booster_interface/srv/AgentService.srv\n'}
[8.062670] (booster_interface) StdoutLine: {'line': b'-- Up-to-date symlink: /home/booster/Workspace/Booster_T1_3v3_Demo/install/booster_interface/share/booster_interface/srv/AgentService_Request.msg\n'}
[8.062833] (booster_interface) StdoutLine: {'line': b'-- Up-to-date symlink: /home/booster/Workspace/Booster_T1_3v3_Demo/install/booster_interface/share/booster_interface/srv/AgentService_Response.msg\n'}
[8.067976] (booster_interface) StdoutLine: {'line': b'-- Up-to-date symlink: /home/booster/Workspace/Booster_T1_3v3_Demo/install/booster_interface/include//booster_interface/booster_interface/message_utils.hpp\n'}
[8.068312] (booster_interface) StdoutLine: {'line': b'-- Up-to-date symlink: /home/booster/Workspace/Booster_T1_3v3_Demo/install/booster_interface/include//booster_interface/booster_interface/third_party/nlohmann_json/json.hpp\n'}
[8.068463] (booster_interface) StdoutLine: {'line': b'-- Up-to-date symlink: /home/booster/Workspace/Booster_T1_3v3_Demo/install/booster_interface/share/ament_index/resource_index/package_run_dependencies/booster_interface\n'}
[8.082638] (booster_interface) StdoutLine: {'line': b'-- Up-to-date symlink: /home/booster/Workspace/Booster_T1_3v3_Demo/install/booster_interface/share/ament_index/resource_index/parent_prefix_path/booster_interface\n'}
[8.083019] (-) TimerEvent: {}
[8.083228] (booster_interface) StdoutLine: {'line': b'-- Up-to-date symlink: /home/booster/Workspace/Booster_T1_3v3_Demo/install/booster_interface/share/booster_interface/environment/ament_prefix_path.sh\n'}
[8.083378] (booster_interface) StdoutLine: {'line': b'-- Up-to-date symlink: /home/booster/Workspace/Booster_T1_3v3_Demo/install/booster_interface/share/booster_interface/environment/ament_prefix_path.dsv\n'}
[8.091085] (booster_interface) StdoutLine: {'line': b'-- Up-to-date symlink: /home/booster/Workspace/Booster_T1_3v3_Demo/install/booster_interface/share/booster_interface/environment/path.sh\n'}
[8.091323] (booster_interface) StdoutLine: {'line': b'-- Up-to-date symlink: /home/booster/Workspace/Booster_T1_3v3_Demo/install/booster_interface/share/booster_interface/environment/path.dsv\n'}
[8.091743] (booster_interface) StdoutLine: {'line': b'-- Up-to-date symlink: /home/booster/Workspace/Booster_T1_3v3_Demo/install/booster_interface/share/booster_interface/local_setup.bash\n'}
[8.091975] (booster_interface) StdoutLine: {'line': b'-- Up-to-date symlink: /home/booster/Workspace/Booster_T1_3v3_Demo/install/booster_interface/share/booster_interface/local_setup.sh\n'}
[8.092096] (booster_interface) StdoutLine: {'line': b'-- Up-to-date symlink: /home/booster/Workspace/Booster_T1_3v3_Demo/install/booster_interface/share/booster_interface/local_setup.zsh\n'}
[8.092201] (booster_interface) StdoutLine: {'line': b'-- Up-to-date symlink: /home/booster/Workspace/Booster_T1_3v3_Demo/install/booster_interface/share/booster_interface/local_setup.dsv\n'}
[8.092307] (booster_interface) StdoutLine: {'line': b'-- Symlinking: /home/booster/Workspace/Booster_T1_3v3_Demo/install/booster_interface/share/booster_interface/package.dsv\n'}
[8.119602] (vision) StdoutLine: {'line': b'[ 57%] Built target booster_vision_calibration\n'}
[8.162434] (booster_interface) StdoutLine: {'line': b'-- Up-to-date symlink: /home/booster/Workspace/Booster_T1_3v3_Demo/install/booster_interface/share/ament_index/resource_index/packages/booster_interface\n'}
[8.162813] (booster_interface) StdoutLine: {'line': b'-- Up-to-date symlink: /home/booster/Workspace/Booster_T1_3v3_Demo/install/booster_interface/share/booster_interface/cmake/rosidl_cmake-extras.cmake\n'}
[8.162991] (booster_interface) StdoutLine: {'line': b'-- Up-to-date symlink: /home/booster/Workspace/Booster_T1_3v3_Demo/install/booster_interface/share/booster_interface/cmake/ament_cmake_export_dependencies-extras.cmake\n'}
[8.163133] (booster_interface) StdoutLine: {'line': b'-- Up-to-date symlink: /home/booster/Workspace/Booster_T1_3v3_Demo/install/booster_interface/share/booster_interface/cmake/ament_cmake_export_include_directories-extras.cmake\n'}
[8.163316] (booster_interface) StdoutLine: {'line': b'-- Up-to-date symlink: /home/booster/Workspace/Booster_T1_3v3_Demo/install/booster_interface/share/booster_interface/cmake/ament_cmake_export_libraries-extras.cmake\n'}
[8.163467] (booster_interface) StdoutLine: {'line': b'-- Up-to-date symlink: /home/booster/Workspace/Booster_T1_3v3_Demo/install/booster_interface/share/booster_interface/cmake/ament_cmake_export_targets-extras.cmake\n'}
[8.163582] (booster_interface) StdoutLine: {'line': b'-- Up-to-date symlink: /home/booster/Workspace/Booster_T1_3v3_Demo/install/booster_interface/share/booster_interface/cmake/rosidl_cmake_export_typesupport_targets-extras.cmake\n'}
[8.163689] (booster_interface) StdoutLine: {'line': b'-- Up-to-date symlink: /home/booster/Workspace/Booster_T1_3v3_Demo/install/booster_interface/share/booster_interface/cmake/rosidl_cmake_export_typesupport_libraries-extras.cmake\n'}
[8.163794] (booster_interface) StdoutLine: {'line': b'-- Up-to-date symlink: /home/booster/Workspace/Booster_T1_3v3_Demo/install/booster_interface/share/booster_interface/cmake/booster_interfaceConfig.cmake\n'}
[8.163898] (booster_interface) StdoutLine: {'line': b'-- Up-to-date symlink: /home/booster/Workspace/Booster_T1_3v3_Demo/install/booster_interface/share/booster_interface/cmake/booster_interfaceConfig-version.cmake\n'}
[8.164004] (booster_interface) StdoutLine: {'line': b'-- Up-to-date symlink: /home/booster/Workspace/Booster_T1_3v3_Demo/install/booster_interface/share/booster_interface/package.xml\n'}
[8.164103] (booster_interface) StdoutLine: {'line': b'-- Up-to-date: /home/booster/Workspace/Booster_T1_3v3_Demo/install/booster_interface/lib/libbooster_interface__rosidl_generator_c.so\n'}
[8.164240] (booster_interface) StdoutLine: {'line': b'-- Up-to-date: /home/booster/Workspace/Booster_T1_3v3_Demo/install/booster_interface/lib/libbooster_interface__rosidl_typesupport_fastrtps_c.so\n'}
[8.164342] (booster_interface) StdoutLine: {'line': b'-- Up-to-date: /home/booster/Workspace/Booster_T1_3v3_Demo/install/booster_interface/lib/libbooster_interface__rosidl_typesupport_fastrtps_cpp.so\n'}
[8.164442] (booster_interface) StdoutLine: {'line': b'-- Up-to-date: /home/booster/Workspace/Booster_T1_3v3_Demo/install/booster_interface/lib/libbooster_interface__rosidl_typesupport_introspection_c.so\n'}
[8.164541] (booster_interface) StdoutLine: {'line': b'-- Up-to-date: /home/booster/Workspace/Booster_T1_3v3_Demo/install/booster_interface/lib/libbooster_interface__rosidl_typesupport_c.so\n'}
[8.164653] (booster_interface) StdoutLine: {'line': b'-- Up-to-date: /home/booster/Workspace/Booster_T1_3v3_Demo/install/booster_interface/lib/libbooster_interface__rosidl_typesupport_introspection_cpp.so\n'}
[8.164752] (booster_interface) StdoutLine: {'line': b'-- Up-to-date: /home/booster/Workspace/Booster_T1_3v3_Demo/install/booster_interface/lib/libbooster_interface__rosidl_typesupport_cpp.so\n'}
[8.177686] (game_controller_interface) JobEnded: {'identifier': 'game_controller_interface', 'rc': 0}
[8.179693] (game_controller) JobStarted: {'identifier': 'game_controller'}
[8.188763] (-) TimerEvent: {}
[8.289405] (-) TimerEvent: {}
[8.362016] (game_controller) JobProgress: {'identifier': 'game_controller', 'progress': 'cmake'}
[8.363935] (game_controller) JobProgress: {'identifier': 'game_controller', 'progress': 'build'}
[8.364081] (game_controller) Command: {'cmd': ['/usr/bin/cmake', '--build', '/home/booster/Workspace/Booster_T1_3v3_Demo/build/game_controller', '--', '-j5', '-l5'], 'cwd': '/home/booster/Workspace/Booster_T1_3v3_Demo/build/game_controller', 'env': OrderedDict([('SUDO_GID', '1000'), ('LESSOPEN', '| /usr/bin/lesspipe %s'), ('PYTHONWARNINGS', 'ignore::DeprecationWarning,ignore::UserWarning,ignore::FutureWarning'), ('MAIL', '/var/mail/root'), ('USER', 'root'), ('SHLVL', '2'), ('LD_LIBRARY_PATH', '/home/booster/Workspace/Booster_T1_3v3_Demo/install/game_controller_interface/lib:/opt/ros/humble/opt/rviz_ogre_vendor/lib:/opt/ros/humble/lib/aarch64-linux-gnu:/opt/ros/humble/lib'), ('HOME', '/root'), ('OLDPWD', '/home/booster/Workspace/Booster_T1_3v3_Demo/scripts'), ('ROS_PYTHON_VERSION', '3'), ('COLORTERM', 'truecolor'), ('SUDO_UID', '1000'), ('ROS_DISTRO', 'humble'), ('LOGNAME', 'root'), ('_', '/usr/bin/colcon'), ('ROS_VERSION', '2'), ('TERM', 'xterm-256color'), ('ROS_LOCALHOST_ONLY', '0'), ('PATH', '/opt/ros/humble/bin:/usr/local/sbin:/usr/local/bin:/usr/sbin:/usr/bin:/sbin:/bin:/usr/games:/usr/local/games:/snap/bin'), ('FASTRTPS_DEFAULT_PROFILES_FILE', '/opt/booster/BoosterRos2/fastdds_profile.xml'), ('LANG', 'en_US.UTF-8'), ('LS_COLORS', 'rs=0:di=01;34:ln=01;36:mh=00:pi=40;33:so=01;35:do=01;35:bd=40;33;01:cd=40;33;01:or=40;31;01:mi=00:su=37;41:sg=30;43:ca=30;41:tw=30;42:ow=34;42:st=37;44:ex=01;32:*.tar=01;31:*.tgz=01;31:*.arc=01;31:*.arj=01;31:*.taz=01;31:*.lha=01;31:*.lz4=01;31:*.lzh=01;31:*.lzma=01;31:*.tlz=01;31:*.txz=01;31:*.tzo=01;31:*.t7z=01;31:*.zip=01;31:*.z=01;31:*.dz=01;31:*.gz=01;31:*.lrz=01;31:*.lz=01;31:*.lzo=01;31:*.xz=01;31:*.zst=01;31:*.tzst=01;31:*.bz2=01;31:*.bz=01;31:*.tbz=01;31:*.tbz2=01;31:*.tz=01;31:*.deb=01;31:*.rpm=01;31:*.jar=01;31:*.war=01;31:*.ear=01;31:*.sar=01;31:*.rar=01;31:*.alz=01;31:*.ace=01;31:*.zoo=01;31:*.cpio=01;31:*.7z=01;31:*.rz=01;31:*.cab=01;31:*.wim=01;31:*.swm=01;31:*.dwm=01;31:*.esd=01;31:*.jpg=01;35:*.jpeg=01;35:*.mjpg=01;35:*.mjpeg=01;35:*.gif=01;35:*.bmp=01;35:*.pbm=01;35:*.pgm=01;35:*.ppm=01;35:*.tga=01;35:*.xbm=01;35:*.xpm=01;35:*.tif=01;35:*.tiff=01;35:*.png=01;35:*.svg=01;35:*.svgz=01;35:*.mng=01;35:*.pcx=01;35:*.mov=01;35:*.mpg=01;35:*.mpeg=01;35:*.m2v=01;35:*.mkv=01;35:*.webm=01;35:*.webp=01;35:*.ogm=01;35:*.mp4=01;35:*.m4v=01;35:*.mp4v=01;35:*.vob=01;35:*.qt=01;35:*.nuv=01;35:*.wmv=01;35:*.asf=01;35:*.rm=01;35:*.rmvb=01;35:*.flc=01;35:*.avi=01;35:*.fli=01;35:*.flv=01;35:*.gl=01;35:*.dl=01;35:*.xcf=01;35:*.xwd=01;35:*.yuv=01;35:*.cgm=01;35:*.emf=01;35:*.ogv=01;35:*.ogx=01;35:*.aac=00;36:*.au=00;36:*.flac=00;36:*.m4a=00;36:*.mid=00;36:*.midi=00;36:*.mka=00;36:*.mp3=00;36:*.mpc=00;36:*.ogg=00;36:*.ra=00;36:*.wav=00;36:*.oga=00;36:*.opus=00;36:*.spx=00;36:*.xspf=00;36:'), ('SUDO_COMMAND', '/usr/bin/su'), ('AMENT_PREFIX_PATH', '/home/booster/Workspace/Booster_T1_3v3_Demo/install/game_controller_interface:/opt/ros/humble'), ('SHELL', '/bin/bash'), ('SUDO_USER', 'booster'), ('LESSCLOSE', '/usr/bin/lesspipe %s %s'), ('PWD', '/home/booster/Workspace/Booster_T1_3v3_Demo/build/game_controller'), ('LC_ALL', 'en_US.UTF-8'), ('PYTHONPATH', '/home/booster/Workspace/Booster_T1_3v3_Demo/install/game_controller_interface/local/lib/python3.10/dist-packages:/opt/ros/humble/lib/python3.10/site-packages:/opt/ros/humble/local/lib/python3.10/dist-packages'), ('COLCON', '1'), ('CMAKE_PREFIX_PATH', '/home/booster/Workspace/Booster_T1_3v3_Demo/install/game_controller_interface:/opt/ros/humble')]), 'shell': False}
[8.382847] (vision) StdoutLine: {'line': b'[ 63%] Built target yolov8_det\n'}
[8.389545] (-) TimerEvent: {}
[8.438176] (booster_interface) StdoutLine: {'line': b"Listing '/home/booster/Workspace/Booster_T1_3v3_Demo/install/booster_interface/local/lib/python3.10/dist-packages/booster_interface'...\n"}
[8.438561] (booster_interface) StdoutLine: {'line': b"Listing '/home/booster/Workspace/Booster_T1_3v3_Demo/install/booster_interface/local/lib/python3.10/dist-packages/booster_interface/msg'...\n"}
[8.438698] (booster_interface) StdoutLine: {'line': b"Listing '/home/booster/Workspace/Booster_T1_3v3_Demo/install/booster_interface/local/lib/python3.10/dist-packages/booster_interface/srv'...\n"}
[8.469345] (booster_interface) StdoutLine: {'line': b'-- Up-to-date: /home/booster/Workspace/Booster_T1_3v3_Demo/install/booster_interface/lib/libbooster_interface__rosidl_generator_py.so\n'}
[8.469718] (booster_interface) StdoutLine: {'line': b'-- Up-to-date: /home/booster/Workspace/Booster_T1_3v3_Demo/install/booster_interface/share/booster_interface/cmake/export_booster_interface__rosidl_generator_cExport.cmake\n'}
[8.469879] (booster_interface) StdoutLine: {'line': b'-- Up-to-date: /home/booster/Workspace/Booster_T1_3v3_Demo/install/booster_interface/share/booster_interface/cmake/export_booster_interface__rosidl_generator_cExport-noconfig.cmake\n'}
[8.469998] (booster_interface) StdoutLine: {'line': b'-- Up-to-date: /home/booster/Workspace/Booster_T1_3v3_Demo/install/booster_interface/share/booster_interface/cmake/export_booster_interface__rosidl_typesupport_fastrtps_cExport.cmake\n'}
[8.470110] (booster_interface) StdoutLine: {'line': b'-- Up-to-date: /home/booster/Workspace/Booster_T1_3v3_Demo/install/booster_interface/share/booster_interface/cmake/export_booster_interface__rosidl_typesupport_fastrtps_cExport-noconfig.cmake\n'}
[8.470220] (booster_interface) StdoutLine: {'line': b'-- Up-to-date: /home/booster/Workspace/Booster_T1_3v3_Demo/install/booster_interface/share/booster_interface/cmake/export_booster_interface__rosidl_generator_cppExport.cmake\n'}
[8.470326] (booster_interface) StdoutLine: {'line': b'-- Up-to-date: /home/booster/Workspace/Booster_T1_3v3_Demo/install/booster_interface/share/booster_interface/cmake/export_booster_interface__rosidl_typesupport_fastrtps_cppExport.cmake\n'}
[8.470431] (booster_interface) StdoutLine: {'line': b'-- Up-to-date: /home/booster/Workspace/Booster_T1_3v3_Demo/install/booster_interface/share/booster_interface/cmake/export_booster_interface__rosidl_typesupport_fastrtps_cppExport-noconfig.cmake\n'}
[8.470532] (booster_interface) StdoutLine: {'line': b'-- Up-to-date: /home/booster/Workspace/Booster_T1_3v3_Demo/install/booster_interface/share/booster_interface/cmake/booster_interface__rosidl_typesupport_introspection_cExport.cmake\n'}
[8.470922] (booster_interface) StdoutLine: {'line': b'-- Up-to-date: /home/booster/Workspace/Booster_T1_3v3_Demo/install/booster_interface/share/booster_interface/cmake/booster_interface__rosidl_typesupport_introspection_cExport-noconfig.cmake\n'}
[8.472022] (booster_interface) StdoutLine: {'line': b'-- Up-to-date: /home/booster/Workspace/Booster_T1_3v3_Demo/install/booster_interface/share/booster_interface/cmake/booster_interface__rosidl_typesupport_cExport.cmake\n'}
[8.472144] (booster_interface) StdoutLine: {'line': b'-- Up-to-date: /home/booster/Workspace/Booster_T1_3v3_Demo/install/booster_interface/share/booster_interface/cmake/booster_interface__rosidl_typesupport_cExport-noconfig.cmake\n'}
[8.472250] (booster_interface) StdoutLine: {'line': b'-- Up-to-date: /home/booster/Workspace/Booster_T1_3v3_Demo/install/booster_interface/share/booster_interface/cmake/booster_interface__rosidl_typesupport_introspection_cppExport.cmake\n'}
[8.472354] (booster_interface) StdoutLine: {'line': b'-- Up-to-date: /home/booster/Workspace/Booster_T1_3v3_Demo/install/booster_interface/share/booster_interface/cmake/booster_interface__rosidl_typesupport_introspection_cppExport-noconfig.cmake\n'}
[8.472453] (booster_interface) StdoutLine: {'line': b'-- Up-to-date: /home/booster/Workspace/Booster_T1_3v3_Demo/install/booster_interface/share/booster_interface/cmake/booster_interface__rosidl_typesupport_cppExport.cmake\n'}
[8.472553] (booster_interface) StdoutLine: {'line': b'-- Up-to-date: /home/booster/Workspace/Booster_T1_3v3_Demo/install/booster_interface/share/booster_interface/cmake/booster_interface__rosidl_typesupport_cppExport-noconfig.cmake\n'}
[8.472652] (booster_interface) StdoutLine: {'line': b'-- Up-to-date: /home/booster/Workspace/Booster_T1_3v3_Demo/install/booster_interface/share/booster_interface/cmake/export_booster_interface__rosidl_generator_pyExport.cmake\n'}
[8.472748] (booster_interface) StdoutLine: {'line': b'-- Up-to-date: /home/booster/Workspace/Booster_T1_3v3_Demo/install/booster_interface/share/booster_interface/cmake/export_booster_interface__rosidl_generator_pyExport-noconfig.cmake\n'}
[8.476670] (booster_interface) CommandEnded: {'returncode': 0}
[8.493123] (-) TimerEvent: {}
[8.524613] (vision) StdoutLine: {'line': b'[ 72%] Built target yolov8_model\n'}
[8.593371] (-) TimerEvent: {}
[8.612454] (vision) StdoutLine: {'line': b'[ 78%] Built target booster_vision_pose_estimator\n'}
[8.638418] (game_controller) StdoutLine: {'line': b'[100%] Built target game_controller_node\n'}
[8.668625] (booster_interface) JobEnded: {'identifier': 'booster_interface', 'rc': 0}
[8.671934] (brain) JobStarted: {'identifier': 'brain'}
[8.692184] (vision) StdoutLine: {'line': b'[ 90%] Built target vision_node\n'}
[8.693470] (-) TimerEvent: {}
[8.720093] (game_controller) CommandEnded: {'returncode': 0}
[8.720956] (game_controller) JobProgress: {'identifier': 'game_controller', 'progress': 'install'}
[8.721019] (game_controller) Command: {'cmd': ['/usr/bin/cmake', '--install', '/home/booster/Workspace/Booster_T1_3v3_Demo/build/game_controller'], 'cwd': '/home/booster/Workspace/Booster_T1_3v3_Demo/build/game_controller', 'env': OrderedDict([('SUDO_GID', '1000'), ('LESSOPEN', '| /usr/bin/lesspipe %s'), ('PYTHONWARNINGS', 'ignore::DeprecationWarning,ignore::UserWarning,ignore::FutureWarning'), ('MAIL', '/var/mail/root'), ('USER', 'root'), ('SHLVL', '2'), ('LD_LIBRARY_PATH', '/home/booster/Workspace/Booster_T1_3v3_Demo/install/game_controller_interface/lib:/opt/ros/humble/opt/rviz_ogre_vendor/lib:/opt/ros/humble/lib/aarch64-linux-gnu:/opt/ros/humble/lib'), ('HOME', '/root'), ('OLDPWD', '/home/booster/Workspace/Booster_T1_3v3_Demo/scripts'), ('ROS_PYTHON_VERSION', '3'), ('COLORTERM', 'truecolor'), ('SUDO_UID', '1000'), ('ROS_DISTRO', 'humble'), ('LOGNAME', 'root'), ('_', '/usr/bin/colcon'), ('ROS_VERSION', '2'), ('TERM', 'xterm-256color'), ('ROS_LOCALHOST_ONLY', '0'), ('PATH', '/opt/ros/humble/bin:/usr/local/sbin:/usr/local/bin:/usr/sbin:/usr/bin:/sbin:/bin:/usr/games:/usr/local/games:/snap/bin'), ('FASTRTPS_DEFAULT_PROFILES_FILE', '/opt/booster/BoosterRos2/fastdds_profile.xml'), ('LANG', 'en_US.UTF-8'), ('LS_COLORS', 'rs=0:di=01;34:ln=01;36:mh=00:pi=40;33:so=01;35:do=01;35:bd=40;33;01:cd=40;33;01:or=40;31;01:mi=00:su=37;41:sg=30;43:ca=30;41:tw=30;42:ow=34;42:st=37;44:ex=01;32:*.tar=01;31:*.tgz=01;31:*.arc=01;31:*.arj=01;31:*.taz=01;31:*.lha=01;31:*.lz4=01;31:*.lzh=01;31:*.lzma=01;31:*.tlz=01;31:*.txz=01;31:*.tzo=01;31:*.t7z=01;31:*.zip=01;31:*.z=01;31:*.dz=01;31:*.gz=01;31:*.lrz=01;31:*.lz=01;31:*.lzo=01;31:*.xz=01;31:*.zst=01;31:*.tzst=01;31:*.bz2=01;31:*.bz=01;31:*.tbz=01;31:*.tbz2=01;31:*.tz=01;31:*.deb=01;31:*.rpm=01;31:*.jar=01;31:*.war=01;31:*.ear=01;31:*.sar=01;31:*.rar=01;31:*.alz=01;31:*.ace=01;31:*.zoo=01;31:*.cpio=01;31:*.7z=01;31:*.rz=01;31:*.cab=01;31:*.wim=01;31:*.swm=01;31:*.dwm=01;31:*.esd=01;31:*.jpg=01;35:*.jpeg=01;35:*.mjpg=01;35:*.mjpeg=01;35:*.gif=01;35:*.bmp=01;35:*.pbm=01;35:*.pgm=01;35:*.ppm=01;35:*.tga=01;35:*.xbm=01;35:*.xpm=01;35:*.tif=01;35:*.tiff=01;35:*.png=01;35:*.svg=01;35:*.svgz=01;35:*.mng=01;35:*.pcx=01;35:*.mov=01;35:*.mpg=01;35:*.mpeg=01;35:*.m2v=01;35:*.mkv=01;35:*.webm=01;35:*.webp=01;35:*.ogm=01;35:*.mp4=01;35:*.m4v=01;35:*.mp4v=01;35:*.vob=01;35:*.qt=01;35:*.nuv=01;35:*.wmv=01;35:*.asf=01;35:*.rm=01;35:*.rmvb=01;35:*.flc=01;35:*.avi=01;35:*.fli=01;35:*.flv=01;35:*.gl=01;35:*.dl=01;35:*.xcf=01;35:*.xwd=01;35:*.yuv=01;35:*.cgm=01;35:*.emf=01;35:*.ogv=01;35:*.ogx=01;35:*.aac=00;36:*.au=00;36:*.flac=00;36:*.m4a=00;36:*.mid=00;36:*.midi=00;36:*.mka=00;36:*.mp3=00;36:*.mpc=00;36:*.ogg=00;36:*.ra=00;36:*.wav=00;36:*.oga=00;36:*.opus=00;36:*.spx=00;36:*.xspf=00;36:'), ('SUDO_COMMAND', '/usr/bin/su'), ('AMENT_PREFIX_PATH', '/home/booster/Workspace/Booster_T1_3v3_Demo/install/game_controller_interface:/opt/ros/humble'), ('SHELL', '/bin/bash'), ('SUDO_USER', 'booster'), ('LESSCLOSE', '/usr/bin/lesspipe %s %s'), ('PWD', '/home/booster/Workspace/Booster_T1_3v3_Demo/build/game_controller'), ('LC_ALL', 'en_US.UTF-8'), ('PYTHONPATH', '/home/booster/Workspace/Booster_T1_3v3_Demo/install/game_controller_interface/local/lib/python3.10/dist-packages:/opt/ros/humble/lib/python3.10/site-packages:/opt/ros/humble/local/lib/python3.10/dist-packages'), ('COLCON', '1'), ('CMAKE_PREFIX_PATH', '/home/booster/Workspace/Booster_T1_3v3_Demo/install/game_controller_interface:/opt/ros/humble')]), 'shell': False}
[8.738694] (game_controller) StdoutLine: {'line': b'-- Install configuration: ""\n'}
[8.741512] (game_controller) StdoutLine: {'line': b'-- Execute custom install script\n'}
[8.741850] (game_controller) StdoutLine: {'line': b'-- Up-to-date symlink: /home/booster/Workspace/Booster_T1_3v3_Demo/install/game_controller/share/game_controller/launch/launch.py\n'}
[8.741987] (game_controller) StdoutLine: {'line': b'-- Up-to-date symlink: /home/booster/Workspace/Booster_T1_3v3_Demo/install/game_controller/lib/game_controller/game_controller_node\n'}
[8.742105] (game_controller) StdoutLine: {'line': b'-- Up-to-date symlink: /home/booster/Workspace/Booster_T1_3v3_Demo/install/game_controller/share/ament_index/resource_index/package_run_dependencies/game_controller\n'}
[8.742215] (game_controller) StdoutLine: {'line': b'-- Up-to-date symlink: /home/booster/Workspace/Booster_T1_3v3_Demo/install/game_controller/share/ament_index/resource_index/parent_prefix_path/game_controller\n'}
[8.745408] (game_controller) StdoutLine: {'line': b'-- Up-to-date symlink: /home/booster/Workspace/Booster_T1_3v3_Demo/install/game_controller/share/game_controller/environment/ament_prefix_path.sh\n'}
[8.745774] (game_controller) StdoutLine: {'line': b'-- Up-to-date symlink: /home/booster/Workspace/Booster_T1_3v3_Demo/install/game_controller/share/game_controller/environment/ament_prefix_path.dsv\n'}
[8.745914] (game_controller) StdoutLine: {'line': b'-- Up-to-date symlink: /home/booster/Workspace/Booster_T1_3v3_Demo/install/game_controller/share/game_controller/environment/path.sh\n'}
[8.746033] (game_controller) StdoutLine: {'line': b'-- Up-to-date symlink: /home/booster/Workspace/Booster_T1_3v3_Demo/install/game_controller/share/game_controller/environment/path.dsv\n'}
[8.746139] (game_controller) StdoutLine: {'line': b'-- Up-to-date symlink: /home/booster/Workspace/Booster_T1_3v3_Demo/install/game_controller/share/game_controller/local_setup.bash\n'}
[8.746275] (game_controller) StdoutLine: {'line': b'-- Up-to-date symlink: /home/booster/Workspace/Booster_T1_3v3_Demo/install/game_controller/share/game_controller/local_setup.sh\n'}
[8.746377] (game_controller) StdoutLine: {'line': b'-- Up-to-date symlink: /home/booster/Workspace/Booster_T1_3v3_Demo/install/game_controller/share/game_controller/local_setup.zsh\n'}
[8.746475] (game_controller) StdoutLine: {'line': b'-- Up-to-date symlink: /home/booster/Workspace/Booster_T1_3v3_Demo/install/game_controller/share/game_controller/local_setup.dsv\n'}
[8.746574] (game_controller) StdoutLine: {'line': b'-- Symlinking: /home/booster/Workspace/Booster_T1_3v3_Demo/install/game_controller/share/game_controller/package.dsv\n'}
[8.775892] (game_controller) StdoutLine: {'line': b'-- Up-to-date symlink: /home/booster/Workspace/Booster_T1_3v3_Demo/install/game_controller/share/ament_index/resource_index/packages/game_controller\n'}
[8.776273] (game_controller) StdoutLine: {'line': b'-- Up-to-date symlink: /home/booster/Workspace/Booster_T1_3v3_Demo/install/game_controller/share/game_controller/cmake/game_controllerConfig.cmake\n'}
[8.776620] (game_controller) StdoutLine: {'line': b'-- Up-to-date symlink: /home/booster/Workspace/Booster_T1_3v3_Demo/install/game_controller/share/game_controller/cmake/game_controllerConfig-version.cmake\n'}
[8.776750] (game_controller) StdoutLine: {'line': b'-- Up-to-date symlink: /home/booster/Workspace/Booster_T1_3v3_Demo/install/game_controller/share/game_controller/package.xml\n'}
[8.783307] (game_controller) CommandEnded: {'returncode': 0}
[8.796470] (-) TimerEvent: {}
[8.804708] (vision) StdoutLine: {'line': b'[100%] Built target calibration_node\n'}
[8.897294] (-) TimerEvent: {}
[8.900348] (game_controller) JobEnded: {'identifier': 'game_controller', 'rc': 0}
[8.902763] (vision) CommandEnded: {'returncode': 0}
[8.904201] (vision) JobProgress: {'identifier': 'vision', 'progress': 'install'}
[8.905220] (vision) Command: {'cmd': ['/usr/bin/cmake', '--install', '/home/booster/Workspace/Booster_T1_3v3_Demo/build/vision'], 'cwd': '/home/booster/Workspace/Booster_T1_3v3_Demo/build/vision', 'env': OrderedDict([('SUDO_GID', '1000'), ('LESSOPEN', '| /usr/bin/lesspipe %s'), ('PYTHONWARNINGS', 'ignore::DeprecationWarning,ignore::UserWarning,ignore::FutureWarning'), ('MAIL', '/var/mail/root'), ('USER', 'root'), ('SHLVL', '2'), ('LD_LIBRARY_PATH', '/home/booster/Workspace/Booster_T1_3v3_Demo/install/vision_interface/lib:/opt/ros/humble/opt/rviz_ogre_vendor/lib:/opt/ros/humble/lib/aarch64-linux-gnu:/opt/ros/humble/lib'), ('HOME', '/root'), ('OLDPWD', '/home/booster/Workspace/Booster_T1_3v3_Demo/scripts'), ('ROS_PYTHON_VERSION', '3'), ('COLORTERM', 'truecolor'), ('SUDO_UID', '1000'), ('ROS_DISTRO', 'humble'), ('LOGNAME', 'root'), ('_', '/usr/bin/colcon'), ('ROS_VERSION', '2'), ('TERM', 'xterm-256color'), ('ROS_LOCALHOST_ONLY', '0'), ('PATH', '/opt/ros/humble/bin:/usr/local/sbin:/usr/local/bin:/usr/sbin:/usr/bin:/sbin:/bin:/usr/games:/usr/local/games:/snap/bin'), ('FASTRTPS_DEFAULT_PROFILES_FILE', '/opt/booster/BoosterRos2/fastdds_profile.xml'), ('LANG', 'en_US.UTF-8'), ('LS_COLORS', 'rs=0:di=01;34:ln=01;36:mh=00:pi=40;33:so=01;35:do=01;35:bd=40;33;01:cd=40;33;01:or=40;31;01:mi=00:su=37;41:sg=30;43:ca=30;41:tw=30;42:ow=34;42:st=37;44:ex=01;32:*.tar=01;31:*.tgz=01;31:*.arc=01;31:*.arj=01;31:*.taz=01;31:*.lha=01;31:*.lz4=01;31:*.lzh=01;31:*.lzma=01;31:*.tlz=01;31:*.txz=01;31:*.tzo=01;31:*.t7z=01;31:*.zip=01;31:*.z=01;31:*.dz=01;31:*.gz=01;31:*.lrz=01;31:*.lz=01;31:*.lzo=01;31:*.xz=01;31:*.zst=01;31:*.tzst=01;31:*.bz2=01;31:*.bz=01;31:*.tbz=01;31:*.tbz2=01;31:*.tz=01;31:*.deb=01;31:*.rpm=01;31:*.jar=01;31:*.war=01;31:*.ear=01;31:*.sar=01;31:*.rar=01;31:*.alz=01;31:*.ace=01;31:*.zoo=01;31:*.cpio=01;31:*.7z=01;31:*.rz=01;31:*.cab=01;31:*.wim=01;31:*.swm=01;31:*.dwm=01;31:*.esd=01;31:*.jpg=01;35:*.jpeg=01;35:*.mjpg=01;35:*.mjpeg=01;35:*.gif=01;35:*.bmp=01;35:*.pbm=01;35:*.pgm=01;35:*.ppm=01;35:*.tga=01;35:*.xbm=01;35:*.xpm=01;35:*.tif=01;35:*.tiff=01;35:*.png=01;35:*.svg=01;35:*.svgz=01;35:*.mng=01;35:*.pcx=01;35:*.mov=01;35:*.mpg=01;35:*.mpeg=01;35:*.m2v=01;35:*.mkv=01;35:*.webm=01;35:*.webp=01;35:*.ogm=01;35:*.mp4=01;35:*.m4v=01;35:*.mp4v=01;35:*.vob=01;35:*.qt=01;35:*.nuv=01;35:*.wmv=01;35:*.asf=01;35:*.rm=01;35:*.rmvb=01;35:*.flc=01;35:*.avi=01;35:*.fli=01;35:*.flv=01;35:*.gl=01;35:*.dl=01;35:*.xcf=01;35:*.xwd=01;35:*.yuv=01;35:*.cgm=01;35:*.emf=01;35:*.ogv=01;35:*.ogx=01;35:*.aac=00;36:*.au=00;36:*.flac=00;36:*.m4a=00;36:*.mid=00;36:*.midi=00;36:*.mka=00;36:*.mp3=00;36:*.mpc=00;36:*.ogg=00;36:*.ra=00;36:*.wav=00;36:*.oga=00;36:*.opus=00;36:*.spx=00;36:*.xspf=00;36:'), ('SUDO_COMMAND', '/usr/bin/su'), ('AMENT_PREFIX_PATH', '/home/booster/Workspace/Booster_T1_3v3_Demo/install/vision_interface:/opt/ros/humble'), ('SHELL', '/bin/bash'), ('SUDO_USER', 'booster'), ('LESSCLOSE', '/usr/bin/lesspipe %s %s'), ('PWD', '/home/booster/Workspace/Booster_T1_3v3_Demo/build/vision'), ('LC_ALL', 'en_US.UTF-8'), ('PYTHONPATH', '/home/booster/Workspace/Booster_T1_3v3_Demo/install/vision_interface/local/lib/python3.10/dist-packages:/opt/ros/humble/lib/python3.10/site-packages:/opt/ros/humble/local/lib/python3.10/dist-packages'), ('COLCON', '1'), ('CMAKE_PREFIX_PATH', '/home/booster/Workspace/Booster_T1_3v3_Demo/install/vision_interface:/opt/ros/humble')]), 'shell': False}
[8.929659] (brain) JobProgress: {'identifier': 'brain', 'progress': 'cmake'}
[8.937746] (brain) JobProgress: {'identifier': 'brain', 'progress': 'build'}
[8.937894] (brain) Command: {'cmd': ['/usr/bin/cmake', '--build', '/home/booster/Workspace/Booster_T1_3v3_Demo/build/brain', '--', '-j5', '-l5'], 'cwd': '/home/booster/Workspace/Booster_T1_3v3_Demo/build/brain', 'env': OrderedDict([('SUDO_GID', '1000'), ('LESSOPEN', '| /usr/bin/lesspipe %s'), ('PYTHONWARNINGS', 'ignore::DeprecationWarning,ignore::UserWarning,ignore::FutureWarning'), ('MAIL', '/var/mail/root'), ('USER', 'root'), ('SHLVL', '2'), ('LD_LIBRARY_PATH', '/home/booster/Workspace/Booster_T1_3v3_Demo/install/vision_interface/lib:/home/booster/Workspace/Booster_T1_3v3_Demo/install/game_controller_interface/lib:/home/booster/Workspace/Booster_T1_3v3_Demo/install/booster_msgs/lib:/home/booster/Workspace/Booster_T1_3v3_Demo/install/booster_interface/lib:/opt/ros/humble/opt/rviz_ogre_vendor/lib:/opt/ros/humble/lib/aarch64-linux-gnu:/opt/ros/humble/lib'), ('HOME', '/root'), ('OLDPWD', '/home/booster/Workspace/Booster_T1_3v3_Demo/scripts'), ('ROS_PYTHON_VERSION', '3'), ('COLORTERM', 'truecolor'), ('SUDO_UID', '1000'), ('ROS_DISTRO', 'humble'), ('LOGNAME', 'root'), ('_', '/usr/bin/colcon'), ('ROS_VERSION', '2'), ('TERM', 'xterm-256color'), ('ROS_LOCALHOST_ONLY', '0'), ('PATH', '/opt/ros/humble/bin:/usr/local/sbin:/usr/local/bin:/usr/sbin:/usr/bin:/sbin:/bin:/usr/games:/usr/local/games:/snap/bin'), ('FASTRTPS_DEFAULT_PROFILES_FILE', '/opt/booster/BoosterRos2/fastdds_profile.xml'), ('LANG', 'en_US.UTF-8'), ('LS_COLORS', 'rs=0:di=01;34:ln=01;36:mh=00:pi=40;33:so=01;35:do=01;35:bd=40;33;01:cd=40;33;01:or=40;31;01:mi=00:su=37;41:sg=30;43:ca=30;41:tw=30;42:ow=34;42:st=37;44:ex=01;32:*.tar=01;31:*.tgz=01;31:*.arc=01;31:*.arj=01;31:*.taz=01;31:*.lha=01;31:*.lz4=01;31:*.lzh=01;31:*.lzma=01;31:*.tlz=01;31:*.txz=01;31:*.tzo=01;31:*.t7z=01;31:*.zip=01;31:*.z=01;31:*.dz=01;31:*.gz=01;31:*.lrz=01;31:*.lz=01;31:*.lzo=01;31:*.xz=01;31:*.zst=01;31:*.tzst=01;31:*.bz2=01;31:*.bz=01;31:*.tbz=01;31:*.tbz2=01;31:*.tz=01;31:*.deb=01;31:*.rpm=01;31:*.jar=01;31:*.war=01;31:*.ear=01;31:*.sar=01;31:*.rar=01;31:*.alz=01;31:*.ace=01;31:*.zoo=01;31:*.cpio=01;31:*.7z=01;31:*.rz=01;31:*.cab=01;31:*.wim=01;31:*.swm=01;31:*.dwm=01;31:*.esd=01;31:*.jpg=01;35:*.jpeg=01;35:*.mjpg=01;35:*.mjpeg=01;35:*.gif=01;35:*.bmp=01;35:*.pbm=01;35:*.pgm=01;35:*.ppm=01;35:*.tga=01;35:*.xbm=01;35:*.xpm=01;35:*.tif=01;35:*.tiff=01;35:*.png=01;35:*.svg=01;35:*.svgz=01;35:*.mng=01;35:*.pcx=01;35:*.mov=01;35:*.mpg=01;35:*.mpeg=01;35:*.m2v=01;35:*.mkv=01;35:*.webm=01;35:*.webp=01;35:*.ogm=01;35:*.mp4=01;35:*.m4v=01;35:*.mp4v=01;35:*.vob=01;35:*.qt=01;35:*.nuv=01;35:*.wmv=01;35:*.asf=01;35:*.rm=01;35:*.rmvb=01;35:*.flc=01;35:*.avi=01;35:*.fli=01;35:*.flv=01;35:*.gl=01;35:*.dl=01;35:*.xcf=01;35:*.xwd=01;35:*.yuv=01;35:*.cgm=01;35:*.emf=01;35:*.ogv=01;35:*.ogx=01;35:*.aac=00;36:*.au=00;36:*.flac=00;36:*.m4a=00;36:*.mid=00;36:*.midi=00;36:*.mka=00;36:*.mp3=00;36:*.mpc=00;36:*.ogg=00;36:*.ra=00;36:*.wav=00;36:*.oga=00;36:*.opus=00;36:*.spx=00;36:*.xspf=00;36:'), ('SUDO_COMMAND', '/usr/bin/su'), ('AMENT_PREFIX_PATH', '/home/booster/Workspace/Booster_T1_3v3_Demo/install/vision_interface:/home/booster/Workspace/Booster_T1_3v3_Demo/install/game_controller_interface:/home/booster/Workspace/Booster_T1_3v3_Demo/install/booster_msgs:/home/booster/Workspace/Booster_T1_3v3_Demo/install/booster_interface:/opt/ros/humble'), ('SHELL', '/bin/bash'), ('SUDO_USER', 'booster'), ('LESSCLOSE', '/usr/bin/lesspipe %s %s'), ('PWD', '/home/booster/Workspace/Booster_T1_3v3_Demo/build/brain'), ('LC_ALL', 'en_US.UTF-8'), ('PYTHONPATH', '/home/booster/Workspace/Booster_T1_3v3_Demo/install/vision_interface/local/lib/python3.10/dist-packages:/home/booster/Workspace/Booster_T1_3v3_Demo/install/game_controller_interface/local/lib/python3.10/dist-packages:/home/booster/Workspace/Booster_T1_3v3_Demo/install/booster_msgs/local/lib/python3.10/dist-packages:/home/booster/Workspace/Booster_T1_3v3_Demo/install/booster_interface/local/lib/python3.10/dist-packages:/opt/ros/humble/lib/python3.10/site-packages:/opt/ros/humble/local/lib/python3.10/dist-packages'), ('COLCON', '1'), ('CMAKE_PREFIX_PATH', '/home/booster/Workspace/Booster_T1_3v3_Demo/install/vision_interface:/home/booster/Workspace/Booster_T1_3v3_Demo/install/game_controller_interface:/home/booster/Workspace/Booster_T1_3v3_Demo/install/booster_msgs:/home/booster/Workspace/Booster_T1_3v3_Demo/install/booster_interface:/opt/ros/humble')]), 'shell': False}
[8.980421] (vision) StdoutLine: {'line': b'-- Install configuration: ""\n'}
[8.980754] (vision) StdoutLine: {'line': b'-- Execute custom install script\n'}
[8.980887] (vision) StdoutLine: {'line': b'-- Up-to-date symlink: /home/booster/Workspace/Booster_T1_3v3_Demo/install/vision/lib/libbooster_vision_base.so\n'}
[8.981005] (vision) StdoutLine: {'line': b'-- Up-to-date symlink: /home/booster/Workspace/Booster_T1_3v3_Demo/install/vision/lib/libyolov8_trt.so\n'}
[8.981115] (vision) StdoutLine: {'line': b'-- Up-to-date symlink: /home/booster/Workspace/Booster_T1_3v3_Demo/install/vision/lib/vision/yolov8_det\n'}
[8.981219] (vision) StdoutLine: {'line': b'-- Up-to-date symlink: /home/booster/Workspace/Booster_T1_3v3_Demo/install/vision/lib/vision/yolov8_seg\n'}
[8.981322] (vision) StdoutLine: {'line': b'-- Up-to-date symlink: /home/booster/Workspace/Booster_T1_3v3_Demo/install/vision/lib/libyolov8_model.so\n'}
[8.981422] (vision) StdoutLine: {'line': b'-- Up-to-date symlink: /home/booster/Workspace/Booster_T1_3v3_Demo/install/vision/lib/libbooster_vision_pose_estimator.so\n'}
[8.981526] (vision) StdoutLine: {'line': b'-- Up-to-date symlink: /home/booster/Workspace/Booster_T1_3v3_Demo/install/vision/lib/vision/calibration_node\n'}
[8.981625] (vision) StdoutLine: {'line': b'-- Up-to-date symlink: /home/booster/Workspace/Booster_T1_3v3_Demo/install/vision/lib/libbooster_vision_calibration.so\n'}
[8.982089] (vision) StdoutLine: {'line': b'-- Up-to-date symlink: /home/booster/Workspace/Booster_T1_3v3_Demo/install/vision/lib/vision/vision_node\n'}
[8.982210] (vision) StdoutLine: {'line': b'-- Up-to-date symlink: /home/booster/Workspace/Booster_T1_3v3_Demo/install/vision/share/vision/launch/launch.py\n'}
[8.982314] (vision) StdoutLine: {'line': b'-- Up-to-date symlink: /home/booster/Workspace/Booster_T1_3v3_Demo/install/vision/share/vision/config/field.yaml\n'}
[8.982417] (vision) StdoutLine: {'line': b'-- Up-to-date symlink: /home/booster/Workspace/Booster_T1_3v3_Demo/install/vision/share/vision/config/vision.yaml\n'}
[8.982517] (vision) StdoutLine: {'line': b'-- Up-to-date symlink: /home/booster/Workspace/Booster_T1_3v3_Demo/install/vision/share/vision/model/best_orin.engine\n'}
[8.982625] (vision) StdoutLine: {'line': b'-- Up-to-date symlink: /home/booster/Workspace/Booster_T1_3v3_Demo/install/vision/share/vision/model/best_orin_10.3.engine\n'}
[8.982751] (vision) StdoutLine: {'line': b'-- Up-to-date symlink: /home/booster/Workspace/Booster_T1_3v3_Demo/install/vision/share/vision/model/best_seg_orin.engine\n'}
[8.982867] (vision) StdoutLine: {'line': b'-- Up-to-date symlink: /home/booster/Workspace/Booster_T1_3v3_Demo/install/vision/share/vision/model/best_seg_orin_10.3.engine\n'}
[8.983429] (vision) StdoutLine: {'line': b'-- Up-to-date symlink: /home/booster/Workspace/Booster_T1_3v3_Demo/install/vision/share/ament_index/resource_index/package_run_dependencies/vision\n'}
[8.983735] (vision) StdoutLine: {'line': b'-- Up-to-date symlink: /home/booster/Workspace/Booster_T1_3v3_Demo/install/vision/share/ament_index/resource_index/parent_prefix_path/vision\n'}
[8.983889] (vision) StdoutLine: {'line': b'-- Up-to-date symlink: /home/booster/Workspace/Booster_T1_3v3_Demo/install/vision/share/vision/environment/ament_prefix_path.sh\n'}
[8.984009] (vision) StdoutLine: {'line': b'-- Up-to-date symlink: /home/booster/Workspace/Booster_T1_3v3_Demo/install/vision/share/vision/environment/ament_prefix_path.dsv\n'}
[8.984123] (vision) StdoutLine: {'line': b'-- Up-to-date symlink: /home/booster/Workspace/Booster_T1_3v3_Demo/install/vision/share/vision/environment/path.sh\n'}
[8.984225] (vision) StdoutLine: {'line': b'-- Up-to-date symlink: /home/booster/Workspace/Booster_T1_3v3_Demo/install/vision/share/vision/environment/path.dsv\n'}
[8.984328] (vision) StdoutLine: {'line': b'-- Up-to-date symlink: /home/booster/Workspace/Booster_T1_3v3_Demo/install/vision/share/vision/local_setup.bash\n'}
[8.984432] (vision) StdoutLine: {'line': b'-- Up-to-date symlink: /home/booster/Workspace/Booster_T1_3v3_Demo/install/vision/share/vision/local_setup.sh\n'}
[8.984533] (vision) StdoutLine: {'line': b'-- Up-to-date symlink: /home/booster/Workspace/Booster_T1_3v3_Demo/install/vision/share/vision/local_setup.zsh\n'}
[8.984630] (vision) StdoutLine: {'line': b'-- Up-to-date symlink: /home/booster/Workspace/Booster_T1_3v3_Demo/install/vision/share/vision/local_setup.dsv\n'}
[8.984727] (vision) StdoutLine: {'line': b'-- Symlinking: /home/booster/Workspace/Booster_T1_3v3_Demo/install/vision/share/vision/package.dsv\n'}
[8.997475] (-) TimerEvent: {}
[9.022915] (vision) StdoutLine: {'line': b'-- Up-to-date symlink: /home/booster/Workspace/Booster_T1_3v3_Demo/install/vision/share/ament_index/resource_index/packages/vision\n'}
[9.023293] (vision) StdoutLine: {'line': b'-- Up-to-date symlink: /home/booster/Workspace/Booster_T1_3v3_Demo/install/vision/share/vision/cmake/ament_cmake_export_include_directories-extras.cmake\n'}
[9.023481] (vision) StdoutLine: {'line': b'-- Up-to-date symlink: /home/booster/Workspace/Booster_T1_3v3_Demo/install/vision/share/vision/cmake/visionConfig.cmake\n'}
[9.023620] (vision) StdoutLine: {'line': b'-- Up-to-date symlink: /home/booster/Workspace/Booster_T1_3v3_Demo/install/vision/share/vision/cmake/visionConfig-version.cmake\n'}
[9.023737] (vision) StdoutLine: {'line': b'-- Up-to-date symlink: /home/booster/Workspace/Booster_T1_3v3_Demo/install/vision/share/vision/package.xml\n'}
[9.023887] (vision) StdoutLine: {'line': b'-- Up-to-date: /home/booster/Workspace/Booster_T1_3v3_Demo/install/vision/lib\n'}
[9.024000] (vision) StdoutLine: {'line': b'-- Up-to-date: /home/booster/Workspace/Booster_T1_3v3_Demo/install/vision/lib/libceres.so\n'}
[9.024107] (vision) StdoutLine: {'line': b'-- Up-to-date: /home/booster/Workspace/Booster_T1_3v3_Demo/install/vision/lib/cmake\n'}
[9.024210] (vision) StdoutLine: {'line': b'-- Up-to-date: /home/booster/Workspace/Booster_T1_3v3_Demo/install/vision/lib/cmake/Ceres\n'}
[9.024314] (vision) StdoutLine: {'line': b'-- Up-to-date: /home/booster/Workspace/Booster_T1_3v3_Demo/install/vision/lib/libceres.so.4\n'}
[9.024417] (vision) StdoutLine: {'line': b'-- Up-to-date: /home/booster/Workspace/Booster_T1_3v3_Demo/install/vision/lib/libceres.so.2.2.0\n'}
[9.030631] (vision) CommandEnded: {'returncode': 0}
[9.071584] (vision) JobEnded: {'identifier': 'vision', 'rc': 0}
[9.097664] (-) TimerEvent: {}
[9.198161] (-) TimerEvent: {}
[9.226432] (brain) StdoutLine: {'line': b'[  2%] Built target brain__cpp\n'}
[9.298311] (-) TimerEvent: {}
[9.316693] (brain) StdoutLine: {'line': b'[  2%] Built target ament_cmake_python_symlink_brain\n'}
[9.398481] (-) TimerEvent: {}
[9.400275] (brain) StdoutLine: {'line': b'[  9%] Built target brain__rosidl_typesupport_introspection_cpp\n'}
[9.498629] (-) TimerEvent: {}
[9.599598] (-) TimerEvent: {}
[9.700091] (-) TimerEvent: {}
[9.803204] (-) TimerEvent: {}
[9.905270] (-) TimerEvent: {}
[10.005816] (-) TimerEvent: {}
[10.106294] (-) TimerEvent: {}
[10.206751] (-) TimerEvent: {}
[10.307244] (-) TimerEvent: {}
[10.408511] (-) TimerEvent: {}
[10.510440] (-) TimerEvent: {}
[10.610936] (-) TimerEvent: {}
[10.673963] (brain) StdoutLine: {'line': b'running egg_info\n'}
[10.684656] (brain) StdoutLine: {'line': b'writing brain.egg-info/PKG-INFO\n'}
[10.685766] (brain) StdoutLine: {'line': b'writing dependency_links to brain.egg-info/dependency_links.txt\n'}
[10.687557] (brain) StdoutLine: {'line': b'writing top-level names to brain.egg-info/top_level.txt\n'}
[10.702390] (brain) StdoutLine: {'line': b"reading manifest file 'brain.egg-info/SOURCES.txt'\n"}
[10.704312] (brain) StdoutLine: {'line': b"writing manifest file 'brain.egg-info/SOURCES.txt'\n"}
[10.711113] (-) TimerEvent: {}
[10.811674] (-) TimerEvent: {}
[10.912184] (-) TimerEvent: {}
[10.914662] (brain) StdoutLine: {'line': b'[  9%] Built target ament_cmake_python_build_brain_egg\n'}
[11.011768] (brain) StdoutLine: {'line': b'[ 17%] Built target brain__rosidl_typesupport_fastrtps_cpp\n'}
[11.012468] (-) TimerEvent: {}
[11.113004] (-) TimerEvent: {}
[11.118447] (brain) StdoutLine: {'line': b'[ 24%] Built target brain__rosidl_typesupport_cpp\n'}
[11.213145] (-) TimerEvent: {}
[11.249009] (brain) StdoutLine: {'line': b'[ 31%] Built target brain__rosidl_generator_c\n'}
[11.313290] (-) TimerEvent: {}
[11.370829] (brain) StdoutLine: {'line': b'\x1b[35m\x1b[1mConsolidate compiler generated dependencies of target brain_node\x1b[0m\n'}
[11.413439] (-) TimerEvent: {}
[11.513939] (-) TimerEvent: {}
[11.614518] (-) TimerEvent: {}
[11.715061] (-) TimerEvent: {}
[11.798371] (brain) StdoutLine: {'line': b'[ 34%] \x1b[32mBuilding CXX object CMakeFiles/brain_node.dir/src/brain.cpp.o\x1b[0m\n'}
[11.815205] (-) TimerEvent: {}
[11.915716] (-) TimerEvent: {}
[12.016204] (-) TimerEvent: {}
[12.116693] (-) TimerEvent: {}
[12.217355] (-) TimerEvent: {}
[12.317863] (-) TimerEvent: {}
[12.419089] (-) TimerEvent: {}
[12.519622] (-) TimerEvent: {}
[12.620161] (-) TimerEvent: {}
[12.720708] (-) TimerEvent: {}
[12.821298] (-) TimerEvent: {}
[12.922238] (-) TimerEvent: {}
[13.022786] (-) TimerEvent: {}
[13.123400] (-) TimerEvent: {}
[13.223936] (-) TimerEvent: {}
[13.324421] (-) TimerEvent: {}
[13.424901] (-) TimerEvent: {}
[13.526168] (-) TimerEvent: {}
[13.626922] (-) TimerEvent: {}
[13.728283] (-) TimerEvent: {}
[13.828741] (-) TimerEvent: {}
[13.929311] (-) TimerEvent: {}
[14.029852] (-) TimerEvent: {}
[14.130347] (-) TimerEvent: {}
[14.230833] (-) TimerEvent: {}
[14.332277] (-) TimerEvent: {}
[14.432871] (-) TimerEvent: {}
[14.534858] (-) TimerEvent: {}
[14.635333] (-) TimerEvent: {}
[14.736022] (-) TimerEvent: {}
[14.836679] (-) TimerEvent: {}
[14.937174] (-) TimerEvent: {}
[15.037642] (-) TimerEvent: {}
[15.138104] (-) TimerEvent: {}
[15.239426] (-) TimerEvent: {}
[15.339912] (-) TimerEvent: {}
[15.440562] (-) TimerEvent: {}
[15.541089] (-) TimerEvent: {}
[15.641595] (-) TimerEvent: {}
[15.742590] (-) TimerEvent: {}
[15.845103] (-) TimerEvent: {}
[15.946364] (-) TimerEvent: {}
[16.046942] (-) TimerEvent: {}
[16.148787] (-) TimerEvent: {}
[16.249267] (-) TimerEvent: {}
[16.355144] (-) TimerEvent: {}
[16.455663] (-) TimerEvent: {}
[16.556193] (-) TimerEvent: {}
[16.656723] (-) TimerEvent: {}
[16.758079] (-) TimerEvent: {}
[16.858832] (-) TimerEvent: {}
[16.959429] (-) TimerEvent: {}
[17.059964] (-) TimerEvent: {}
[17.160471] (-) TimerEvent: {}
[17.260985] (-) TimerEvent: {}
[17.361767] (-) TimerEvent: {}
[17.463223] (-) TimerEvent: {}
[17.563671] (-) TimerEvent: {}
[17.664136] (-) TimerEvent: {}
[17.764697] (-) TimerEvent: {}
[17.865871] (-) TimerEvent: {}
[17.966579] (-) TimerEvent: {}
[18.067112] (-) TimerEvent: {}
[18.168548] (-) TimerEvent: {}
[18.269180] (-) TimerEvent: {}
[18.370249] (-) TimerEvent: {}
[18.470820] (-) TimerEvent: {}
[18.571743] (-) TimerEvent: {}
[18.672267] (-) TimerEvent: {}
[18.774334] (-) TimerEvent: {}
[18.874840] (-) TimerEvent: {}
[18.977194] (-) TimerEvent: {}
[19.077737] (-) TimerEvent: {}
[19.178289] (-) TimerEvent: {}
[19.278878] (-) TimerEvent: {}
[19.379745] (-) TimerEvent: {}
[19.480267] (-) TimerEvent: {}
[19.581065] (-) TimerEvent: {}
[19.682196] (-) TimerEvent: {}
[19.783092] (-) TimerEvent: {}
[19.883964] (-) TimerEvent: {}
[19.984564] (-) TimerEvent: {}
[20.085985] (-) TimerEvent: {}
[20.186527] (-) TimerEvent: {}
[20.287107] (-) TimerEvent: {}
[20.387695] (-) TimerEvent: {}
[20.488333] (-) TimerEvent: {}
[20.588972] (-) TimerEvent: {}
[20.689618] (-) TimerEvent: {}
[20.791326] (-) TimerEvent: {}
[20.891810] (-) TimerEvent: {}
[20.992252] (-) TimerEvent: {}
[21.093225] (-) TimerEvent: {}
[21.193800] (-) TimerEvent: {}
[21.295100] (-) TimerEvent: {}
[21.395710] (-) TimerEvent: {}
[21.496256] (-) TimerEvent: {}
[21.596781] (-) TimerEvent: {}
[21.697289] (-) TimerEvent: {}
[21.797971] (-) TimerEvent: {}
[21.900332] (-) TimerEvent: {}
[22.001856] (-) TimerEvent: {}
[22.103073] (-) TimerEvent: {}
[22.204078] (-) TimerEvent: {}
[22.304632] (-) TimerEvent: {}
[22.405112] (-) TimerEvent: {}
[22.505607] (-) TimerEvent: {}
[22.606144] (-) TimerEvent: {}
[22.706717] (-) TimerEvent: {}
[22.807271] (-) TimerEvent: {}
[22.907777] (-) TimerEvent: {}
[23.008289] (-) TimerEvent: {}
[23.108920] (-) TimerEvent: {}
[23.209417] (-) TimerEvent: {}
[23.310000] (-) TimerEvent: {}
[23.410511] (-) TimerEvent: {}
[23.511289] (-) TimerEvent: {}
[23.611791] (-) TimerEvent: {}
[23.712278] (-) TimerEvent: {}
[23.812808] (-) TimerEvent: {}
[23.914271] (-) TimerEvent: {}
[24.014846] (-) TimerEvent: {}
[24.116220] (-) TimerEvent: {}
[24.216730] (-) TimerEvent: {}
[24.317228] (-) TimerEvent: {}
[24.418051] (-) TimerEvent: {}
[24.518524] (-) TimerEvent: {}
[24.619201] (-) TimerEvent: {}
[24.720265] (-) TimerEvent: {}
[24.820743] (-) TimerEvent: {}
[24.921228] (-) TimerEvent: {}
[25.022141] (-) TimerEvent: {}
[25.122858] (-) TimerEvent: {}
[25.224881] (-) TimerEvent: {}
[25.325427] (-) TimerEvent: {}
[25.427085] (-) TimerEvent: {}
[25.529860] (-) TimerEvent: {}
[25.630365] (-) TimerEvent: {}
[25.730990] (-) TimerEvent: {}
[25.832665] (-) TimerEvent: {}
[25.933274] (-) TimerEvent: {}
[26.033794] (-) TimerEvent: {}
[26.134269] (-) TimerEvent: {}
[26.234843] (-) TimerEvent: {}
[26.335459] (-) TimerEvent: {}
[26.435990] (-) TimerEvent: {}
[26.536491] (-) TimerEvent: {}
[26.637064] (-) TimerEvent: {}
[26.738027] (-) TimerEvent: {}
[26.838480] (-) TimerEvent: {}
[26.938949] (-) TimerEvent: {}
[27.039611] (-) TimerEvent: {}
[27.140126] (-) TimerEvent: {}
[27.240634] (-) TimerEvent: {}
[27.341150] (-) TimerEvent: {}
[27.441656] (-) TimerEvent: {}
[27.542169] (-) TimerEvent: {}
[27.642765] (-) TimerEvent: {}
[27.745746] (-) TimerEvent: {}
[27.846497] (-) TimerEvent: {}
[27.954837] (-) TimerEvent: {}
[28.055400] (-) TimerEvent: {}
[28.156191] (-) TimerEvent: {}
[28.257192] (-) TimerEvent: {}
[28.357834] (-) TimerEvent: {}
[28.458376] (-) TimerEvent: {}
[28.558793] (-) TimerEvent: {}
[28.659260] (-) TimerEvent: {}
[28.759918] (-) TimerEvent: {}
[28.860428] (-) TimerEvent: {}
[28.961874] (-) TimerEvent: {}
[29.062433] (-) TimerEvent: {}
[29.162984] (-) TimerEvent: {}
[29.267138] (-) TimerEvent: {}
[29.367669] (-) TimerEvent: {}
[29.468211] (-) TimerEvent: {}
[29.568714] (-) TimerEvent: {}
[29.669200] (-) TimerEvent: {}
[29.769785] (-) TimerEvent: {}
[29.870310] (-) TimerEvent: {}
[29.970830] (-) TimerEvent: {}
[30.071606] (-) TimerEvent: {}
[30.172284] (-) TimerEvent: {}
[30.272804] (-) TimerEvent: {}
[30.373321] (-) TimerEvent: {}
[30.474360] (-) TimerEvent: {}
[30.574894] (-) TimerEvent: {}
[30.675434] (-) TimerEvent: {}
[30.775954] (-) TimerEvent: {}
[30.876502] (-) TimerEvent: {}
[30.977033] (-) TimerEvent: {}
[31.077518] (-) TimerEvent: {}
[31.178006] (-) TimerEvent: {}
[31.278885] (-) TimerEvent: {}
[31.379461] (-) TimerEvent: {}
[31.480422] (-) TimerEvent: {}
[31.581695] (-) TimerEvent: {}
[31.682211] (-) TimerEvent: {}
[31.782815] (-) TimerEvent: {}
[31.884342] (-) TimerEvent: {}
[31.985078] (-) TimerEvent: {}
[32.086110] (-) TimerEvent: {}
[32.186730] (-) TimerEvent: {}
[32.287279] (-) TimerEvent: {}
[32.387800] (-) TimerEvent: {}
[32.488773] (-) TimerEvent: {}
[32.589926] (-) TimerEvent: {}
[32.690445] (-) TimerEvent: {}
[32.790934] (-) TimerEvent: {}
[32.891487] (-) TimerEvent: {}
[32.991957] (-) TimerEvent: {}
[33.092442] (-) TimerEvent: {}
[33.193455] (-) TimerEvent: {}
[33.293934] (-) TimerEvent: {}
[33.394409] (-) TimerEvent: {}
[33.494918] (-) TimerEvent: {}
[33.595888] (-) TimerEvent: {}
[33.696425] (-) TimerEvent: {}
[33.797058] (-) TimerEvent: {}
[33.897547] (-) TimerEvent: {}
[33.998131] (-) TimerEvent: {}
[34.098711] (-) TimerEvent: {}
[34.200029] (-) TimerEvent: {}
[34.300533] (-) TimerEvent: {}
[34.401054] (-) TimerEvent: {}
[34.503061] (-) TimerEvent: {}
[34.603577] (-) TimerEvent: {}
[34.707066] (-) TimerEvent: {}
[34.808051] (-) TimerEvent: {}
[34.908565] (-) TimerEvent: {}
[35.010741] (-) TimerEvent: {}
[35.111315] (-) TimerEvent: {}
[35.211965] (-) TimerEvent: {}
[35.312538] (-) TimerEvent: {}
[35.413925] (-) TimerEvent: {}
[35.516100] (-) TimerEvent: {}
[35.617037] (-) TimerEvent: {}
[35.717524] (-) TimerEvent: {}
[35.818208] (-) TimerEvent: {}
[35.918699] (-) TimerEvent: {}
[36.019431] (-) TimerEvent: {}
[36.119931] (-) TimerEvent: {}
[36.221053] (-) TimerEvent: {}
[36.321555] (-) TimerEvent: {}
[36.422127] (-) TimerEvent: {}
[36.522743] (-) TimerEvent: {}
[36.623302] (-) TimerEvent: {}
[36.723832] (-) TimerEvent: {}
[36.824767] (-) TimerEvent: {}
[36.925349] (-) TimerEvent: {}
[37.025907] (-) TimerEvent: {}
[37.126470] (-) TimerEvent: {}
[37.227009] (-) TimerEvent: {}
[37.327597] (-) TimerEvent: {}
[37.428941] (-) TimerEvent: {}
[37.529484] (-) TimerEvent: {}
[37.630127] (-) TimerEvent: {}
[37.732012] (-) TimerEvent: {}
[37.832547] (-) TimerEvent: {}
[37.933626] (-) TimerEvent: {}
[38.034170] (-) TimerEvent: {}
[38.135294] (-) TimerEvent: {}
[38.235840] (-) TimerEvent: {}
[38.244907] (brain) StderrLine: {'line': b'gmake[2]: *** [CMakeFiles/brain_node.dir/build.make:76: CMakeFiles/brain_node.dir/src/brain.cpp.o] Interrupt\n'}
[38.248240] (brain) StderrLine: {'line': b'gmake[1]: *** [CMakeFiles/Makefile2:593: CMakeFiles/brain_node.dir/all] Interrupt\n'}
[38.248565] (brain) StderrLine: {'line': b'gmake: *** [Makefile:146: all] Interrupt\n'}
[38.339789] (-) TimerEvent: {}
[38.440272] (-) TimerEvent: {}
[38.498784] (brain) CommandEnded: {'returncode': -2}
[38.547366] (-) TimerEvent: {}
[38.571063] (brain) JobEnded: {'identifier': 'brain', 'rc': 'SIGINT'}
[38.577609] (-) EventReactorShutdown: {}
