[0.323s] [34mcolcon[0m [1;30mDEBUG[0m [32mCommand line arguments: ['/usr/bin/colcon', 'build', '--symlink-install', '--parallel-workers', '5'][0m
[0.324s] [34mcolcon[0m [1;30mDEBUG[0m [32mParsed command line arguments: Namespace(log_base=None, log_level=None, verb_name='build', build_base='build', install_base='install', merge_install=False, symlink_install=True, test_result_base=None, continue_on_error=False, executor='parallel', parallel_workers=5, event_handlers=None, ignore_user_meta=False, metas=['./colcon.meta'], base_paths=['.'], packages_ignore=None, packages_ignore_regex=None, paths=None, packages_up_to=None, packages_up_to_regex=None, packages_above=None, packages_above_and_dependencies=None, packages_above_depth=None, packages_select_by_dep=None, packages_skip_by_dep=None, packages_skip_up_to=None, packages_select_build_failed=False, packages_skip_build_finished=False, packages_select_test_failures=False, packages_skip_test_passed=False, packages_select=None, packages_skip=None, packages_select_regex=None, packages_skip_regex=None, packages_start=None, packages_end=None, allow_overriding=[], cmake_args=None, cmake_target=None, cmake_target_skip_unavailable=False, cmake_clean_cache=False, cmake_clean_first=False, cmake_force_configure=False, ament_cmake_args=None, catkin_cmake_args=None, catkin_skip_building_tests=False, verb_parser=<colcon_defaults.argument_parser.defaults.DefaultArgumentsDecorator object at 0xffffb748eb90>, verb_extension=<colcon_core.verb.build.BuildVerb object at 0xffffb744c490>, main=<bound method BuildVerb.main of <colcon_core.verb.build.BuildVerb object at 0xffffb744c490>>)[0m
[0.816s] [34mcolcon.colcon_core.package_discovery[0m [1;30mLevel 1[0m discover_packages(colcon_meta) check parameters
[0.816s] [34mcolcon.colcon_core.package_discovery[0m [1;30mLevel 1[0m discover_packages(recursive) check parameters
[0.816s] [34mcolcon.colcon_core.package_discovery[0m [1;30mLevel 1[0m discover_packages(ignore) check parameters
[0.816s] [34mcolcon.colcon_core.package_discovery[0m [1;30mLevel 1[0m discover_packages(path) check parameters
[0.817s] [34mcolcon.colcon_core.package_discovery[0m [1;30mLevel 1[0m discover_packages(colcon_meta) discover
[0.817s] [34mcolcon.colcon_core.package_discovery[0m [1;30mLevel 1[0m discover_packages(recursive) discover
[0.817s] [34mcolcon.colcon_core.package_discovery[0m [1;30mINFO[0m Crawling recursively for packages in '/home/booster/Workspace/Booster_T1_3v3_Demo'
[0.817s] [34mcolcon.colcon_core.package_identification[0m [1;30mLevel 1[0m _identify(.) by extensions ['ignore', 'ignore_ament_install']
[0.817s] [34mcolcon.colcon_core.package_identification[0m [1;30mLevel 1[0m _identify(.) by extension 'ignore'
[0.818s] [34mcolcon.colcon_core.package_identification[0m [1;30mLevel 1[0m _identify(.) by extension 'ignore_ament_install'
[0.818s] [34mcolcon.colcon_core.package_identification[0m [1;30mLevel 1[0m _identify(.) by extensions ['colcon_pkg']
[0.818s] [34mcolcon.colcon_core.package_identification[0m [1;30mLevel 1[0m _identify(.) by extension 'colcon_pkg'
[0.818s] [34mcolcon.colcon_core.package_identification[0m [1;30mLevel 1[0m _identify(.) by extensions ['colcon_meta']
[0.818s] [34mcolcon.colcon_core.package_identification[0m [1;30mLevel 1[0m _identify(.) by extension 'colcon_meta'
[0.818s] [34mcolcon.colcon_core.package_identification[0m [1;30mLevel 1[0m _identify(.) by extensions ['ros']
[0.818s] [34mcolcon.colcon_core.package_identification[0m [1;30mLevel 1[0m _identify(.) by extension 'ros'
[0.843s] [34mcolcon.colcon_core.package_identification[0m [1;30mLevel 1[0m _identify(.) by extensions ['cmake', 'python']
[0.844s] [34mcolcon.colcon_core.package_identification[0m [1;30mLevel 1[0m _identify(.) by extension 'cmake'
[0.844s] [34mcolcon.colcon_core.package_identification[0m [1;30mLevel 1[0m _identify(.) by extension 'python'
[0.844s] [34mcolcon.colcon_core.package_identification[0m [1;30mLevel 1[0m _identify(.) by extensions ['python_setup_py']
[0.844s] [34mcolcon.colcon_core.package_identification[0m [1;30mLevel 1[0m _identify(.) by extension 'python_setup_py'
[0.844s] [34mcolcon.colcon_core.package_identification[0m [1;30mLevel 1[0m _identify(build) by extensions ['ignore', 'ignore_ament_install']
[0.845s] [34mcolcon.colcon_core.package_identification[0m [1;30mLevel 1[0m _identify(build) by extension 'ignore'
[0.845s] [34mcolcon.colcon_core.package_identification[0m [1;30mLevel 1[0m _identify(build) ignored
[0.845s] [34mcolcon.colcon_core.package_identification[0m [1;30mLevel 1[0m _identify(configs) by extensions ['ignore', 'ignore_ament_install']
[0.845s] [34mcolcon.colcon_core.package_identification[0m [1;30mLevel 1[0m _identify(configs) by extension 'ignore'
[0.845s] [34mcolcon.colcon_core.package_identification[0m [1;30mLevel 1[0m _identify(configs) by extension 'ignore_ament_install'
[0.845s] [34mcolcon.colcon_core.package_identification[0m [1;30mLevel 1[0m _identify(configs) by extensions ['colcon_pkg']
[0.845s] [34mcolcon.colcon_core.package_identification[0m [1;30mLevel 1[0m _identify(configs) by extension 'colcon_pkg'
[0.846s] [34mcolcon.colcon_core.package_identification[0m [1;30mLevel 1[0m _identify(configs) by extensions ['colcon_meta']
[0.846s] [34mcolcon.colcon_core.package_identification[0m [1;30mLevel 1[0m _identify(configs) by extension 'colcon_meta'
[0.846s] [34mcolcon.colcon_core.package_identification[0m [1;30mLevel 1[0m _identify(configs) by extensions ['ros']
[0.846s] [34mcolcon.colcon_core.package_identification[0m [1;30mLevel 1[0m _identify(configs) by extension 'ros'
[0.846s] [34mcolcon.colcon_core.package_identification[0m [1;30mLevel 1[0m _identify(configs) by extensions ['cmake', 'python']
[0.846s] [34mcolcon.colcon_core.package_identification[0m [1;30mLevel 1[0m _identify(configs) by extension 'cmake'
[0.846s] [34mcolcon.colcon_core.package_identification[0m [1;30mLevel 1[0m _identify(configs) by extension 'python'
[0.846s] [34mcolcon.colcon_core.package_identification[0m [1;30mLevel 1[0m _identify(configs) by extensions ['python_setup_py']
[0.846s] [34mcolcon.colcon_core.package_identification[0m [1;30mLevel 1[0m _identify(configs) by extension 'python_setup_py'
[0.846s] [34mcolcon.colcon_core.package_identification[0m [1;30mLevel 1[0m _identify(distribution) by extensions ['ignore', 'ignore_ament_install']
[0.846s] [34mcolcon.colcon_core.package_identification[0m [1;30mLevel 1[0m _identify(distribution) by extension 'ignore'
[0.847s] [34mcolcon.colcon_core.package_identification[0m [1;30mLevel 1[0m _identify(distribution) by extension 'ignore_ament_install'
[0.847s] [34mcolcon.colcon_core.package_identification[0m [1;30mLevel 1[0m _identify(distribution) by extensions ['colcon_pkg']
[0.847s] [34mcolcon.colcon_core.package_identification[0m [1;30mLevel 1[0m _identify(distribution) by extension 'colcon_pkg'
[0.847s] [34mcolcon.colcon_core.package_identification[0m [1;30mLevel 1[0m _identify(distribution) by extensions ['colcon_meta']
[0.847s] [34mcolcon.colcon_core.package_identification[0m [1;30mLevel 1[0m _identify(distribution) by extension 'colcon_meta'
[0.847s] [34mcolcon.colcon_core.package_identification[0m [1;30mLevel 1[0m _identify(distribution) by extensions ['ros']
[0.847s] [34mcolcon.colcon_core.package_identification[0m [1;30mLevel 1[0m _identify(distribution) by extension 'ros'
[0.847s] [34mcolcon.colcon_core.package_identification[0m [1;30mLevel 1[0m _identify(distribution) by extensions ['cmake', 'python']
[0.847s] [34mcolcon.colcon_core.package_identification[0m [1;30mLevel 1[0m _identify(distribution) by extension 'cmake'
[0.847s] [34mcolcon.colcon_core.package_identification[0m [1;30mLevel 1[0m _identify(distribution) by extension 'python'
[0.848s] [34mcolcon.colcon_core.package_identification[0m [1;30mLevel 1[0m _identify(distribution) by extensions ['python_setup_py']
[0.848s] [34mcolcon.colcon_core.package_identification[0m [1;30mLevel 1[0m _identify(distribution) by extension 'python_setup_py'
[0.848s] [34mcolcon.colcon_core.package_identification[0m [1;30mLevel 1[0m _identify(install) by extensions ['ignore', 'ignore_ament_install']
[0.848s] [34mcolcon.colcon_core.package_identification[0m [1;30mLevel 1[0m _identify(install) by extension 'ignore'
[0.848s] [34mcolcon.colcon_core.package_identification[0m [1;30mLevel 1[0m _identify(install) ignored
[0.848s] [34mcolcon.colcon_core.package_identification[0m [1;30mLevel 1[0m _identify(log) by extensions ['ignore', 'ignore_ament_install']
[0.849s] [34mcolcon.colcon_core.package_identification[0m [1;30mLevel 1[0m _identify(log) by extension 'ignore'
[0.849s] [34mcolcon.colcon_core.package_identification[0m [1;30mLevel 1[0m _identify(log) ignored
[0.849s] [34mcolcon.colcon_core.package_identification[0m [1;30mLevel 1[0m _identify(scripts) by extensions ['ignore', 'ignore_ament_install']
[0.849s] [34mcolcon.colcon_core.package_identification[0m [1;30mLevel 1[0m _identify(scripts) by extension 'ignore'
[0.849s] [34mcolcon.colcon_core.package_identification[0m [1;30mLevel 1[0m _identify(scripts) by extension 'ignore_ament_install'
[0.849s] [34mcolcon.colcon_core.package_identification[0m [1;30mLevel 1[0m _identify(scripts) by extensions ['colcon_pkg']
[0.849s] [34mcolcon.colcon_core.package_identification[0m [1;30mLevel 1[0m _identify(scripts) by extension 'colcon_pkg'
[0.850s] [34mcolcon.colcon_core.package_identification[0m [1;30mLevel 1[0m _identify(scripts) by extensions ['colcon_meta']
[0.850s] [34mcolcon.colcon_core.package_identification[0m [1;30mLevel 1[0m _identify(scripts) by extension 'colcon_meta'
[0.850s] [34mcolcon.colcon_core.package_identification[0m [1;30mLevel 1[0m _identify(scripts) by extensions ['ros']
[0.850s] [34mcolcon.colcon_core.package_identification[0m [1;30mLevel 1[0m _identify(scripts) by extension 'ros'
[0.850s] [34mcolcon.colcon_core.package_identification[0m [1;30mLevel 1[0m _identify(scripts) by extensions ['cmake', 'python']
[0.850s] [34mcolcon.colcon_core.package_identification[0m [1;30mLevel 1[0m _identify(scripts) by extension 'cmake'
[0.850s] [34mcolcon.colcon_core.package_identification[0m [1;30mLevel 1[0m _identify(scripts) by extension 'python'
[0.850s] [34mcolcon.colcon_core.package_identification[0m [1;30mLevel 1[0m _identify(scripts) by extensions ['python_setup_py']
[0.850s] [34mcolcon.colcon_core.package_identification[0m [1;30mLevel 1[0m _identify(scripts) by extension 'python_setup_py'
[0.850s] [34mcolcon.colcon_core.package_identification[0m [1;30mLevel 1[0m _identify(scripts/build) by extensions ['ignore', 'ignore_ament_install']
[0.850s] [34mcolcon.colcon_core.package_identification[0m [1;30mLevel 1[0m _identify(scripts/build) by extension 'ignore'
[0.850s] [34mcolcon.colcon_core.package_identification[0m [1;30mLevel 1[0m _identify(scripts/build) ignored
[0.851s] [34mcolcon.colcon_core.package_identification[0m [1;30mLevel 1[0m _identify(scripts/install) by extensions ['ignore', 'ignore_ament_install']
[0.851s] [34mcolcon.colcon_core.package_identification[0m [1;30mLevel 1[0m _identify(scripts/install) by extension 'ignore'
[0.851s] [34mcolcon.colcon_core.package_identification[0m [1;30mLevel 1[0m _identify(scripts/install) ignored
[0.851s] [34mcolcon.colcon_core.package_identification[0m [1;30mLevel 1[0m _identify(scripts/log) by extensions ['ignore', 'ignore_ament_install']
[0.851s] [34mcolcon.colcon_core.package_identification[0m [1;30mLevel 1[0m _identify(scripts/log) by extension 'ignore'
[0.851s] [34mcolcon.colcon_core.package_identification[0m [1;30mLevel 1[0m _identify(scripts/log) ignored
[0.852s] [34mcolcon.colcon_core.package_identification[0m [1;30mLevel 1[0m _identify(src) by extensions ['ignore', 'ignore_ament_install']
[0.852s] [34mcolcon.colcon_core.package_identification[0m [1;30mLevel 1[0m _identify(src) by extension 'ignore'
[0.852s] [34mcolcon.colcon_core.package_identification[0m [1;30mLevel 1[0m _identify(src) by extension 'ignore_ament_install'
[0.852s] [34mcolcon.colcon_core.package_identification[0m [1;30mLevel 1[0m _identify(src) by extensions ['colcon_pkg']
[0.852s] [34mcolcon.colcon_core.package_identification[0m [1;30mLevel 1[0m _identify(src) by extension 'colcon_pkg'
[0.852s] [34mcolcon.colcon_core.package_identification[0m [1;30mLevel 1[0m _identify(src) by extensions ['colcon_meta']
[0.852s] [34mcolcon.colcon_core.package_identification[0m [1;30mLevel 1[0m _identify(src) by extension 'colcon_meta'
[0.852s] [34mcolcon.colcon_core.package_identification[0m [1;30mLevel 1[0m _identify(src) by extensions ['ros']
[0.852s] [34mcolcon.colcon_core.package_identification[0m [1;30mLevel 1[0m _identify(src) by extension 'ros'
[0.852s] [34mcolcon.colcon_core.package_identification[0m [1;30mLevel 1[0m _identify(src) by extensions ['cmake', 'python']
[0.852s] [34mcolcon.colcon_core.package_identification[0m [1;30mLevel 1[0m _identify(src) by extension 'cmake'
[0.852s] [34mcolcon.colcon_core.package_identification[0m [1;30mLevel 1[0m _identify(src) by extension 'python'
[0.853s] [34mcolcon.colcon_core.package_identification[0m [1;30mLevel 1[0m _identify(src) by extensions ['python_setup_py']
[0.853s] [34mcolcon.colcon_core.package_identification[0m [1;30mLevel 1[0m _identify(src) by extension 'python_setup_py'
[0.853s] [34mcolcon.colcon_core.package_identification[0m [1;30mLevel 1[0m _identify(src/booster_msgs) by extensions ['ignore', 'ignore_ament_install']
[0.853s] [34mcolcon.colcon_core.package_identification[0m [1;30mLevel 1[0m _identify(src/booster_msgs) by extension 'ignore'
[0.853s] [34mcolcon.colcon_core.package_identification[0m [1;30mLevel 1[0m _identify(src/booster_msgs) by extension 'ignore_ament_install'
[0.853s] [34mcolcon.colcon_core.package_identification[0m [1;30mLevel 1[0m _identify(src/booster_msgs) by extensions ['colcon_pkg']
[0.853s] [34mcolcon.colcon_core.package_identification[0m [1;30mLevel 1[0m _identify(src/booster_msgs) by extension 'colcon_pkg'
[0.853s] [34mcolcon.colcon_core.package_identification[0m [1;30mLevel 1[0m _identify(src/booster_msgs) by extensions ['colcon_meta']
[0.853s] [34mcolcon.colcon_core.package_identification[0m [1;30mLevel 1[0m _identify(src/booster_msgs) by extension 'colcon_meta'
[0.854s] [34mcolcon.colcon_core.package_identification[0m [1;30mLevel 1[0m _identify(src/booster_msgs) by extensions ['ros']
[0.854s] [34mcolcon.colcon_core.package_identification[0m [1;30mLevel 1[0m _identify(src/booster_msgs) by extension 'ros'
[0.893s] [34mcolcon.colcon_core.package_identification[0m [1;30mDEBUG[0m [32mPackage 'src/booster_msgs' with type 'ros.ament_cmake' and name 'booster_msgs'[0m
[0.894s] [34mcolcon.colcon_core.package_identification[0m [1;30mLevel 1[0m _identify(src/booster_ros2_interface) by extensions ['ignore', 'ignore_ament_install']
[0.894s] [34mcolcon.colcon_core.package_identification[0m [1;30mLevel 1[0m _identify(src/booster_ros2_interface) by extension 'ignore'
[0.894s] [34mcolcon.colcon_core.package_identification[0m [1;30mLevel 1[0m _identify(src/booster_ros2_interface) by extension 'ignore_ament_install'
[0.894s] [34mcolcon.colcon_core.package_identification[0m [1;30mLevel 1[0m _identify(src/booster_ros2_interface) by extensions ['colcon_pkg']
[0.894s] [34mcolcon.colcon_core.package_identification[0m [1;30mLevel 1[0m _identify(src/booster_ros2_interface) by extension 'colcon_pkg'
[0.894s] [34mcolcon.colcon_core.package_identification[0m [1;30mLevel 1[0m _identify(src/booster_ros2_interface) by extensions ['colcon_meta']
[0.894s] [34mcolcon.colcon_core.package_identification[0m [1;30mLevel 1[0m _identify(src/booster_ros2_interface) by extension 'colcon_meta'
[0.894s] [34mcolcon.colcon_core.package_identification[0m [1;30mLevel 1[0m _identify(src/booster_ros2_interface) by extensions ['ros']
[0.894s] [34mcolcon.colcon_core.package_identification[0m [1;30mLevel 1[0m _identify(src/booster_ros2_interface) by extension 'ros'
[0.896s] [34mcolcon.colcon_core.package_identification[0m [1;30mDEBUG[0m [32mPackage 'src/booster_ros2_interface' with type 'ros.ament_cmake' and name 'booster_interface'[0m
[0.896s] [34mcolcon.colcon_core.package_identification[0m [1;30mLevel 1[0m _identify(src/brain) by extensions ['ignore', 'ignore_ament_install']
[0.896s] [34mcolcon.colcon_core.package_identification[0m [1;30mLevel 1[0m _identify(src/brain) by extension 'ignore'
[0.897s] [34mcolcon.colcon_core.package_identification[0m [1;30mLevel 1[0m _identify(src/brain) by extension 'ignore_ament_install'
[0.897s] [34mcolcon.colcon_core.package_identification[0m [1;30mLevel 1[0m _identify(src/brain) by extensions ['colcon_pkg']
[0.897s] [34mcolcon.colcon_core.package_identification[0m [1;30mLevel 1[0m _identify(src/brain) by extension 'colcon_pkg'
[0.897s] [34mcolcon.colcon_core.package_identification[0m [1;30mLevel 1[0m _identify(src/brain) by extensions ['colcon_meta']
[0.897s] [34mcolcon.colcon_core.package_identification[0m [1;30mLevel 1[0m _identify(src/brain) by extension 'colcon_meta'
[0.897s] [34mcolcon.colcon_core.package_identification[0m [1;30mLevel 1[0m _identify(src/brain) by extensions ['ros']
[0.897s] [34mcolcon.colcon_core.package_identification[0m [1;30mLevel 1[0m _identify(src/brain) by extension 'ros'
[0.900s] [34mcolcon.colcon_core.package_identification[0m [1;30mDEBUG[0m [32mPackage 'src/brain' with type 'ros.ament_cmake' and name 'brain'[0m
[0.900s] [34mcolcon.colcon_core.package_identification[0m [1;30mLevel 1[0m _identify(src/build) by extensions ['ignore', 'ignore_ament_install']
[0.900s] [34mcolcon.colcon_core.package_identification[0m [1;30mLevel 1[0m _identify(src/build) by extension 'ignore'
[0.900s] [34mcolcon.colcon_core.package_identification[0m [1;30mLevel 1[0m _identify(src/build) ignored
[0.901s] [34mcolcon.colcon_core.package_identification[0m [1;30mLevel 1[0m _identify(src/game_controller) by extensions ['ignore', 'ignore_ament_install']
[0.901s] [34mcolcon.colcon_core.package_identification[0m [1;30mLevel 1[0m _identify(src/game_controller) by extension 'ignore'
[0.901s] [34mcolcon.colcon_core.package_identification[0m [1;30mLevel 1[0m _identify(src/game_controller) by extension 'ignore_ament_install'
[0.901s] [34mcolcon.colcon_core.package_identification[0m [1;30mLevel 1[0m _identify(src/game_controller) by extensions ['colcon_pkg']
[0.901s] [34mcolcon.colcon_core.package_identification[0m [1;30mLevel 1[0m _identify(src/game_controller) by extension 'colcon_pkg'
[0.901s] [34mcolcon.colcon_core.package_identification[0m [1;30mLevel 1[0m _identify(src/game_controller) by extensions ['colcon_meta']
[0.901s] [34mcolcon.colcon_core.package_identification[0m [1;30mLevel 1[0m _identify(src/game_controller) by extension 'colcon_meta'
[0.901s] [34mcolcon.colcon_core.package_identification[0m [1;30mLevel 1[0m _identify(src/game_controller) by extensions ['ros']
[0.902s] [34mcolcon.colcon_core.package_identification[0m [1;30mLevel 1[0m _identify(src/game_controller) by extension 'ros'
[0.903s] [34mcolcon.colcon_core.package_identification[0m [1;30mDEBUG[0m [32mPackage 'src/game_controller' with type 'ros.ament_cmake' and name 'game_controller'[0m
[0.904s] [34mcolcon.colcon_core.package_identification[0m [1;30mLevel 1[0m _identify(src/install) by extensions ['ignore', 'ignore_ament_install']
[0.904s] [34mcolcon.colcon_core.package_identification[0m [1;30mLevel 1[0m _identify(src/install) by extension 'ignore'
[0.904s] [34mcolcon.colcon_core.package_identification[0m [1;30mLevel 1[0m _identify(src/install) ignored
[0.904s] [34mcolcon.colcon_core.package_identification[0m [1;30mLevel 1[0m _identify(src/log) by extensions ['ignore', 'ignore_ament_install']
[0.905s] [34mcolcon.colcon_core.package_identification[0m [1;30mLevel 1[0m _identify(src/log) by extension 'ignore'
[0.905s] [34mcolcon.colcon_core.package_identification[0m [1;30mLevel 1[0m _identify(src/log) ignored
[0.905s] [34mcolcon.colcon_core.package_identification[0m [1;30mLevel 1[0m _identify(src/robocup_ros2_interface) by extensions ['ignore', 'ignore_ament_install']
[0.905s] [34mcolcon.colcon_core.package_identification[0m [1;30mLevel 1[0m _identify(src/robocup_ros2_interface) by extension 'ignore'
[0.905s] [34mcolcon.colcon_core.package_identification[0m [1;30mLevel 1[0m _identify(src/robocup_ros2_interface) by extension 'ignore_ament_install'
[0.905s] [34mcolcon.colcon_core.package_identification[0m [1;30mLevel 1[0m _identify(src/robocup_ros2_interface) by extensions ['colcon_pkg']
[0.905s] [34mcolcon.colcon_core.package_identification[0m [1;30mLevel 1[0m _identify(src/robocup_ros2_interface) by extension 'colcon_pkg'
[0.906s] [34mcolcon.colcon_core.package_identification[0m [1;30mLevel 1[0m _identify(src/robocup_ros2_interface) by extensions ['colcon_meta']
[0.906s] [34mcolcon.colcon_core.package_identification[0m [1;30mLevel 1[0m _identify(src/robocup_ros2_interface) by extension 'colcon_meta'
[0.906s] [34mcolcon.colcon_core.package_identification[0m [1;30mLevel 1[0m _identify(src/robocup_ros2_interface) by extensions ['ros']
[0.906s] [34mcolcon.colcon_core.package_identification[0m [1;30mLevel 1[0m _identify(src/robocup_ros2_interface) by extension 'ros'
[0.906s] [34mcolcon.colcon_core.package_identification[0m [1;30mLevel 1[0m _identify(src/robocup_ros2_interface) by extensions ['cmake', 'python']
[0.906s] [34mcolcon.colcon_core.package_identification[0m [1;30mLevel 1[0m _identify(src/robocup_ros2_interface) by extension 'cmake'
[0.906s] [34mcolcon.colcon_core.package_identification[0m [1;30mLevel 1[0m _identify(src/robocup_ros2_interface) by extension 'python'
[0.906s] [34mcolcon.colcon_core.package_identification[0m [1;30mLevel 1[0m _identify(src/robocup_ros2_interface) by extensions ['python_setup_py']
[0.906s] [34mcolcon.colcon_core.package_identification[0m [1;30mLevel 1[0m _identify(src/robocup_ros2_interface) by extension 'python_setup_py'
[0.907s] [34mcolcon.colcon_core.package_identification[0m [1;30mLevel 1[0m _identify(src/robocup_ros2_interface/src) by extensions ['ignore', 'ignore_ament_install']
[0.907s] [34mcolcon.colcon_core.package_identification[0m [1;30mLevel 1[0m _identify(src/robocup_ros2_interface/src) by extension 'ignore'
[0.907s] [34mcolcon.colcon_core.package_identification[0m [1;30mLevel 1[0m _identify(src/robocup_ros2_interface/src) by extension 'ignore_ament_install'
[0.907s] [34mcolcon.colcon_core.package_identification[0m [1;30mLevel 1[0m _identify(src/robocup_ros2_interface/src) by extensions ['colcon_pkg']
[0.907s] [34mcolcon.colcon_core.package_identification[0m [1;30mLevel 1[0m _identify(src/robocup_ros2_interface/src) by extension 'colcon_pkg'
[0.907s] [34mcolcon.colcon_core.package_identification[0m [1;30mLevel 1[0m _identify(src/robocup_ros2_interface/src) by extensions ['colcon_meta']
[0.907s] [34mcolcon.colcon_core.package_identification[0m [1;30mLevel 1[0m _identify(src/robocup_ros2_interface/src) by extension 'colcon_meta'
[0.907s] [34mcolcon.colcon_core.package_identification[0m [1;30mLevel 1[0m _identify(src/robocup_ros2_interface/src) by extensions ['ros']
[0.908s] [34mcolcon.colcon_core.package_identification[0m [1;30mLevel 1[0m _identify(src/robocup_ros2_interface/src) by extension 'ros'
[0.908s] [34mcolcon.colcon_core.package_identification[0m [1;30mLevel 1[0m _identify(src/robocup_ros2_interface/src) by extensions ['cmake', 'python']
[0.908s] [34mcolcon.colcon_core.package_identification[0m [1;30mLevel 1[0m _identify(src/robocup_ros2_interface/src) by extension 'cmake'
[0.908s] [34mcolcon.colcon_core.package_identification[0m [1;30mLevel 1[0m _identify(src/robocup_ros2_interface/src) by extension 'python'
[0.908s] [34mcolcon.colcon_core.package_identification[0m [1;30mLevel 1[0m _identify(src/robocup_ros2_interface/src) by extensions ['python_setup_py']
[0.908s] [34mcolcon.colcon_core.package_identification[0m [1;30mLevel 1[0m _identify(src/robocup_ros2_interface/src) by extension 'python_setup_py'
[0.908s] [34mcolcon.colcon_core.package_identification[0m [1;30mLevel 1[0m _identify(src/robocup_ros2_interface/src/game_controller_interface) by extensions ['ignore', 'ignore_ament_install']
[0.908s] [34mcolcon.colcon_core.package_identification[0m [1;30mLevel 1[0m _identify(src/robocup_ros2_interface/src/game_controller_interface) by extension 'ignore'
[0.908s] [34mcolcon.colcon_core.package_identification[0m [1;30mLevel 1[0m _identify(src/robocup_ros2_interface/src/game_controller_interface) by extension 'ignore_ament_install'
[0.909s] [34mcolcon.colcon_core.package_identification[0m [1;30mLevel 1[0m _identify(src/robocup_ros2_interface/src/game_controller_interface) by extensions ['colcon_pkg']
[0.909s] [34mcolcon.colcon_core.package_identification[0m [1;30mLevel 1[0m _identify(src/robocup_ros2_interface/src/game_controller_interface) by extension 'colcon_pkg'
[0.909s] [34mcolcon.colcon_core.package_identification[0m [1;30mLevel 1[0m _identify(src/robocup_ros2_interface/src/game_controller_interface) by extensions ['colcon_meta']
[0.909s] [34mcolcon.colcon_core.package_identification[0m [1;30mLevel 1[0m _identify(src/robocup_ros2_interface/src/game_controller_interface) by extension 'colcon_meta'
[0.909s] [34mcolcon.colcon_core.package_identification[0m [1;30mLevel 1[0m _identify(src/robocup_ros2_interface/src/game_controller_interface) by extensions ['ros']
[0.909s] [34mcolcon.colcon_core.package_identification[0m [1;30mLevel 1[0m _identify(src/robocup_ros2_interface/src/game_controller_interface) by extension 'ros'
[0.910s] [34mcolcon.colcon_core.package_identification[0m [1;30mDEBUG[0m [32mPackage 'src/robocup_ros2_interface/src/game_controller_interface' with type 'ros.ament_cmake' and name 'game_controller_interface'[0m
[0.911s] [34mcolcon.colcon_core.package_identification[0m [1;30mLevel 1[0m _identify(src/robocup_ros2_interface/src/vision_interface) by extensions ['ignore', 'ignore_ament_install']
[0.912s] [34mcolcon.colcon_core.package_identification[0m [1;30mLevel 1[0m _identify(src/robocup_ros2_interface/src/vision_interface) by extension 'ignore'
[0.912s] [34mcolcon.colcon_core.package_identification[0m [1;30mLevel 1[0m _identify(src/robocup_ros2_interface/src/vision_interface) by extension 'ignore_ament_install'
[0.913s] [34mcolcon.colcon_core.package_identification[0m [1;30mLevel 1[0m _identify(src/robocup_ros2_interface/src/vision_interface) by extensions ['colcon_pkg']
[0.913s] [34mcolcon.colcon_core.package_identification[0m [1;30mLevel 1[0m _identify(src/robocup_ros2_interface/src/vision_interface) by extension 'colcon_pkg'
[0.913s] [34mcolcon.colcon_core.package_identification[0m [1;30mLevel 1[0m _identify(src/robocup_ros2_interface/src/vision_interface) by extensions ['colcon_meta']
[0.913s] [34mcolcon.colcon_core.package_identification[0m [1;30mLevel 1[0m _identify(src/robocup_ros2_interface/src/vision_interface) by extension 'colcon_meta'
[0.914s] [34mcolcon.colcon_core.package_identification[0m [1;30mLevel 1[0m _identify(src/robocup_ros2_interface/src/vision_interface) by extensions ['ros']
[0.914s] [34mcolcon.colcon_core.package_identification[0m [1;30mLevel 1[0m _identify(src/robocup_ros2_interface/src/vision_interface) by extension 'ros'
[0.916s] [34mcolcon.colcon_core.package_identification[0m [1;30mDEBUG[0m [32mPackage 'src/robocup_ros2_interface/src/vision_interface' with type 'ros.ament_cmake' and name 'vision_interface'[0m
[0.916s] [34mcolcon.colcon_core.package_identification[0m [1;30mLevel 1[0m _identify(src/sound_play) by extensions ['ignore', 'ignore_ament_install']
[0.917s] [34mcolcon.colcon_core.package_identification[0m [1;30mLevel 1[0m _identify(src/sound_play) by extension 'ignore'
[0.917s] [34mcolcon.colcon_core.package_identification[0m [1;30mLevel 1[0m _identify(src/sound_play) by extension 'ignore_ament_install'
[0.917s] [34mcolcon.colcon_core.package_identification[0m [1;30mLevel 1[0m _identify(src/sound_play) by extensions ['colcon_pkg']
[0.917s] [34mcolcon.colcon_core.package_identification[0m [1;30mLevel 1[0m _identify(src/sound_play) by extension 'colcon_pkg'
[0.918s] [34mcolcon.colcon_core.package_identification[0m [1;30mLevel 1[0m _identify(src/sound_play) by extensions ['colcon_meta']
[0.918s] [34mcolcon.colcon_core.package_identification[0m [1;30mLevel 1[0m _identify(src/sound_play) by extension 'colcon_meta'
[0.918s] [34mcolcon.colcon_core.package_identification[0m [1;30mLevel 1[0m _identify(src/sound_play) by extensions ['ros']
[0.918s] [34mcolcon.colcon_core.package_identification[0m [1;30mLevel 1[0m _identify(src/sound_play) by extension 'ros'
[0.920s] [34mcolcon.colcon_core.package_identification[0m [1;30mDEBUG[0m [32mPackage 'src/sound_play' with type 'ros.ament_python' and name 'sound_play'[0m
[0.921s] [34mcolcon.colcon_core.package_identification[0m [1;30mLevel 1[0m _identify(src/vision) by extensions ['ignore', 'ignore_ament_install']
[0.921s] [34mcolcon.colcon_core.package_identification[0m [1;30mLevel 1[0m _identify(src/vision) by extension 'ignore'
[0.921s] [34mcolcon.colcon_core.package_identification[0m [1;30mLevel 1[0m _identify(src/vision) by extension 'ignore_ament_install'
[0.922s] [34mcolcon.colcon_core.package_identification[0m [1;30mLevel 1[0m _identify(src/vision) by extensions ['colcon_pkg']
[0.922s] [34mcolcon.colcon_core.package_identification[0m [1;30mLevel 1[0m _identify(src/vision) by extension 'colcon_pkg'
[0.922s] [34mcolcon.colcon_core.package_identification[0m [1;30mLevel 1[0m _identify(src/vision) by extensions ['colcon_meta']
[0.922s] [34mcolcon.colcon_core.package_identification[0m [1;30mLevel 1[0m _identify(src/vision) by extension 'colcon_meta'
[0.923s] [34mcolcon.colcon_core.package_identification[0m [1;30mLevel 1[0m _identify(src/vision) by extensions ['ros']
[0.923s] [34mcolcon.colcon_core.package_identification[0m [1;30mLevel 1[0m _identify(src/vision) by extension 'ros'
[0.925s] [34mcolcon.colcon_core.package_identification[0m [1;30mDEBUG[0m [32mPackage 'src/vision' with type 'ros.ament_cmake' and name 'vision'[0m
[0.926s] [34mcolcon.colcon_core.package_identification[0m [1;30mLevel 1[0m _identify(utils) by extensions ['ignore', 'ignore_ament_install']
[0.926s] [34mcolcon.colcon_core.package_identification[0m [1;30mLevel 1[0m _identify(utils) by extension 'ignore'
[0.927s] [34mcolcon.colcon_core.package_identification[0m [1;30mLevel 1[0m _identify(utils) by extension 'ignore_ament_install'
[0.927s] [34mcolcon.colcon_core.package_identification[0m [1;30mLevel 1[0m _identify(utils) by extensions ['colcon_pkg']
[0.927s] [34mcolcon.colcon_core.package_identification[0m [1;30mLevel 1[0m _identify(utils) by extension 'colcon_pkg'
[0.927s] [34mcolcon.colcon_core.package_identification[0m [1;30mLevel 1[0m _identify(utils) by extensions ['colcon_meta']
[0.928s] [34mcolcon.colcon_core.package_identification[0m [1;30mLevel 1[0m _identify(utils) by extension 'colcon_meta'
[0.928s] [34mcolcon.colcon_core.package_identification[0m [1;30mLevel 1[0m _identify(utils) by extensions ['ros']
[0.928s] [34mcolcon.colcon_core.package_identification[0m [1;30mLevel 1[0m _identify(utils) by extension 'ros'
[0.928s] [34mcolcon.colcon_core.package_identification[0m [1;30mLevel 1[0m _identify(utils) by extensions ['cmake', 'python']
[0.929s] [34mcolcon.colcon_core.package_identification[0m [1;30mLevel 1[0m _identify(utils) by extension 'cmake'
[0.929s] [34mcolcon.colcon_core.package_identification[0m [1;30mLevel 1[0m _identify(utils) by extension 'python'
[0.929s] [34mcolcon.colcon_core.package_identification[0m [1;30mLevel 1[0m _identify(utils) by extensions ['python_setup_py']
[0.929s] [34mcolcon.colcon_core.package_identification[0m [1;30mLevel 1[0m _identify(utils) by extension 'python_setup_py'
[0.930s] [34mcolcon.colcon_core.package_identification[0m [1;30mLevel 1[0m _identify(utils/service) by extensions ['ignore', 'ignore_ament_install']
[0.930s] [34mcolcon.colcon_core.package_identification[0m [1;30mLevel 1[0m _identify(utils/service) by extension 'ignore'
[0.930s] [34mcolcon.colcon_core.package_identification[0m [1;30mLevel 1[0m _identify(utils/service) by extension 'ignore_ament_install'
[0.930s] [34mcolcon.colcon_core.package_identification[0m [1;30mLevel 1[0m _identify(utils/service) by extensions ['colcon_pkg']
[0.931s] [34mcolcon.colcon_core.package_identification[0m [1;30mLevel 1[0m _identify(utils/service) by extension 'colcon_pkg'
[0.931s] [34mcolcon.colcon_core.package_identification[0m [1;30mLevel 1[0m _identify(utils/service) by extensions ['colcon_meta']
[0.931s] [34mcolcon.colcon_core.package_identification[0m [1;30mLevel 1[0m _identify(utils/service) by extension 'colcon_meta'
[0.931s] [34mcolcon.colcon_core.package_identification[0m [1;30mLevel 1[0m _identify(utils/service) by extensions ['ros']
[0.931s] [34mcolcon.colcon_core.package_identification[0m [1;30mLevel 1[0m _identify(utils/service) by extension 'ros'
[0.932s] [34mcolcon.colcon_core.package_identification[0m [1;30mLevel 1[0m _identify(utils/service) by extensions ['cmake', 'python']
[0.932s] [34mcolcon.colcon_core.package_identification[0m [1;30mLevel 1[0m _identify(utils/service) by extension 'cmake'
[0.932s] [34mcolcon.colcon_core.package_identification[0m [1;30mLevel 1[0m _identify(utils/service) by extension 'python'
[0.933s] [34mcolcon.colcon_core.package_identification[0m [1;30mLevel 1[0m _identify(utils/service) by extensions ['python_setup_py']
[0.933s] [34mcolcon.colcon_core.package_identification[0m [1;30mLevel 1[0m _identify(utils/service) by extension 'python_setup_py'
[0.933s] [34mcolcon.colcon_core.package_discovery[0m [1;30mLevel 1[0m discover_packages(recursive) using defaults
[0.933s] [34mcolcon.colcon_core.package_discovery[0m [1;30mLevel 1[0m discover_packages(ignore) discover
[0.933s] [34mcolcon.colcon_core.package_discovery[0m [1;30mLevel 1[0m discover_packages(ignore) using defaults
[0.933s] [34mcolcon.colcon_core.package_discovery[0m [1;30mLevel 1[0m discover_packages(path) discover
[0.934s] [34mcolcon.colcon_core.package_discovery[0m [1;30mLevel 1[0m discover_packages(path) using defaults
[0.974s] [34mcolcon.colcon_core.package_discovery[0m [1;30mLevel 1[0m discover_packages(prefix_path) check parameters
[0.974s] [34mcolcon.colcon_core.package_discovery[0m [1;30mLevel 1[0m discover_packages(prefix_path) discover
[0.982s] [34mcolcon.colcon_installed_package_information.package_discovery[0m [1;30mDEBUG[0m [32mFound 281 installed packages in /opt/ros/humble[0m
[0.984s] [34mcolcon.colcon_core.package_discovery[0m [1;30mLevel 1[0m discover_packages(prefix_path) using defaults
[1.052s] [34mcolcon.colcon_core.verb[0m [1;30mLevel 5[0m set package 'booster_interface' build argument 'cmake_args' from command line to 'None'
[1.052s] [34mcolcon.colcon_core.verb[0m [1;30mLevel 5[0m set package 'booster_interface' build argument 'cmake_target' from command line to 'None'
[1.052s] [34mcolcon.colcon_core.verb[0m [1;30mLevel 5[0m set package 'booster_interface' build argument 'cmake_target_skip_unavailable' from command line to 'False'
[1.053s] [34mcolcon.colcon_core.verb[0m [1;30mLevel 5[0m set package 'booster_interface' build argument 'cmake_clean_cache' from command line to 'False'
[1.053s] [34mcolcon.colcon_core.verb[0m [1;30mLevel 5[0m set package 'booster_interface' build argument 'cmake_clean_first' from command line to 'False'
[1.053s] [34mcolcon.colcon_core.verb[0m [1;30mLevel 5[0m set package 'booster_interface' build argument 'cmake_force_configure' from command line to 'False'
[1.053s] [34mcolcon.colcon_core.verb[0m [1;30mLevel 5[0m set package 'booster_interface' build argument 'ament_cmake_args' from command line to 'None'
[1.053s] [34mcolcon.colcon_core.verb[0m [1;30mLevel 5[0m set package 'booster_interface' build argument 'catkin_cmake_args' from command line to 'None'
[1.053s] [34mcolcon.colcon_core.verb[0m [1;30mLevel 5[0m set package 'booster_interface' build argument 'catkin_skip_building_tests' from command line to 'False'
[1.054s] [34mcolcon.colcon_core.verb[0m [1;30mDEBUG[0m [32mBuilding package 'booster_interface' with the following arguments: {'ament_cmake_args': None, 'build_base': '/home/booster/Workspace/Booster_T1_3v3_Demo/build/booster_interface', 'catkin_cmake_args': None, 'catkin_skip_building_tests': False, 'cmake_args': None, 'cmake_clean_cache': False, 'cmake_clean_first': False, 'cmake_force_configure': False, 'cmake_target': None, 'cmake_target_skip_unavailable': False, 'install_base': '/home/booster/Workspace/Booster_T1_3v3_Demo/install/booster_interface', 'merge_install': False, 'path': '/home/booster/Workspace/Booster_T1_3v3_Demo/src/booster_ros2_interface', 'symlink_install': True, 'test_result_base': None}[0m
[1.055s] [34mcolcon.colcon_core.verb[0m [1;30mLevel 5[0m set package 'booster_msgs' build argument 'cmake_args' from command line to 'None'
[1.055s] [34mcolcon.colcon_core.verb[0m [1;30mLevel 5[0m set package 'booster_msgs' build argument 'cmake_target' from command line to 'None'
[1.055s] [34mcolcon.colcon_core.verb[0m [1;30mLevel 5[0m set package 'booster_msgs' build argument 'cmake_target_skip_unavailable' from command line to 'False'
[1.055s] [34mcolcon.colcon_core.verb[0m [1;30mLevel 5[0m set package 'booster_msgs' build argument 'cmake_clean_cache' from command line to 'False'
[1.056s] [34mcolcon.colcon_core.verb[0m [1;30mLevel 5[0m set package 'booster_msgs' build argument 'cmake_clean_first' from command line to 'False'
[1.056s] [34mcolcon.colcon_core.verb[0m [1;30mLevel 5[0m set package 'booster_msgs' build argument 'cmake_force_configure' from command line to 'False'
[1.056s] [34mcolcon.colcon_core.verb[0m [1;30mLevel 5[0m set package 'booster_msgs' build argument 'ament_cmake_args' from command line to 'None'
[1.056s] [34mcolcon.colcon_core.verb[0m [1;30mLevel 5[0m set package 'booster_msgs' build argument 'catkin_cmake_args' from command line to 'None'
[1.056s] [34mcolcon.colcon_core.verb[0m [1;30mLevel 5[0m set package 'booster_msgs' build argument 'catkin_skip_building_tests' from command line to 'False'
[1.057s] [34mcolcon.colcon_core.verb[0m [1;30mDEBUG[0m [32mBuilding package 'booster_msgs' with the following arguments: {'ament_cmake_args': None, 'build_base': '/home/booster/Workspace/Booster_T1_3v3_Demo/build/booster_msgs', 'catkin_cmake_args': None, 'catkin_skip_building_tests': False, 'cmake_args': None, 'cmake_clean_cache': False, 'cmake_clean_first': False, 'cmake_force_configure': False, 'cmake_target': None, 'cmake_target_skip_unavailable': False, 'install_base': '/home/booster/Workspace/Booster_T1_3v3_Demo/install/booster_msgs', 'merge_install': False, 'path': '/home/booster/Workspace/Booster_T1_3v3_Demo/src/booster_msgs', 'symlink_install': True, 'test_result_base': None}[0m
[1.057s] [34mcolcon.colcon_core.verb[0m [1;30mLevel 5[0m set package 'game_controller_interface' build argument 'cmake_args' from command line to 'None'
[1.058s] [34mcolcon.colcon_core.verb[0m [1;30mLevel 5[0m set package 'game_controller_interface' build argument 'cmake_target' from command line to 'None'
[1.058s] [34mcolcon.colcon_core.verb[0m [1;30mLevel 5[0m set package 'game_controller_interface' build argument 'cmake_target_skip_unavailable' from command line to 'False'
[1.058s] [34mcolcon.colcon_core.verb[0m [1;30mLevel 5[0m set package 'game_controller_interface' build argument 'cmake_clean_cache' from command line to 'False'
[1.058s] [34mcolcon.colcon_core.verb[0m [1;30mLevel 5[0m set package 'game_controller_interface' build argument 'cmake_clean_first' from command line to 'False'
[1.058s] [34mcolcon.colcon_core.verb[0m [1;30mLevel 5[0m set package 'game_controller_interface' build argument 'cmake_force_configure' from command line to 'False'
[1.059s] [34mcolcon.colcon_core.verb[0m [1;30mLevel 5[0m set package 'game_controller_interface' build argument 'ament_cmake_args' from command line to 'None'
[1.059s] [34mcolcon.colcon_core.verb[0m [1;30mLevel 5[0m set package 'game_controller_interface' build argument 'catkin_cmake_args' from command line to 'None'
[1.059s] [34mcolcon.colcon_core.verb[0m [1;30mLevel 5[0m set package 'game_controller_interface' build argument 'catkin_skip_building_tests' from command line to 'False'
[1.059s] [34mcolcon.colcon_core.verb[0m [1;30mDEBUG[0m [32mBuilding package 'game_controller_interface' with the following arguments: {'ament_cmake_args': None, 'build_base': '/home/booster/Workspace/Booster_T1_3v3_Demo/build/game_controller_interface', 'catkin_cmake_args': None, 'catkin_skip_building_tests': False, 'cmake_args': None, 'cmake_clean_cache': False, 'cmake_clean_first': False, 'cmake_force_configure': False, 'cmake_target': None, 'cmake_target_skip_unavailable': False, 'install_base': '/home/booster/Workspace/Booster_T1_3v3_Demo/install/game_controller_interface', 'merge_install': False, 'path': '/home/booster/Workspace/Booster_T1_3v3_Demo/src/robocup_ros2_interface/src/game_controller_interface', 'symlink_install': True, 'test_result_base': None}[0m
[1.060s] [34mcolcon.colcon_core.verb[0m [1;30mLevel 5[0m set package 'sound_play' build argument 'cmake_args' from command line to 'None'
[1.061s] [34mcolcon.colcon_core.verb[0m [1;30mLevel 5[0m set package 'sound_play' build argument 'cmake_target' from command line to 'None'
[1.061s] [34mcolcon.colcon_core.verb[0m [1;30mLevel 5[0m set package 'sound_play' build argument 'cmake_target_skip_unavailable' from command line to 'False'
[1.061s] [34mcolcon.colcon_core.verb[0m [1;30mLevel 5[0m set package 'sound_play' build argument 'cmake_clean_cache' from command line to 'False'
[1.061s] [34mcolcon.colcon_core.verb[0m [1;30mLevel 5[0m set package 'sound_play' build argument 'cmake_clean_first' from command line to 'False'
[1.061s] [34mcolcon.colcon_core.verb[0m [1;30mLevel 5[0m set package 'sound_play' build argument 'cmake_force_configure' from command line to 'False'
[1.061s] [34mcolcon.colcon_core.verb[0m [1;30mLevel 5[0m set package 'sound_play' build argument 'ament_cmake_args' from command line to 'None'
[1.061s] [34mcolcon.colcon_core.verb[0m [1;30mLevel 5[0m set package 'sound_play' build argument 'catkin_cmake_args' from command line to 'None'
[1.062s] [34mcolcon.colcon_core.verb[0m [1;30mLevel 5[0m set package 'sound_play' build argument 'catkin_skip_building_tests' from command line to 'False'
[1.062s] [34mcolcon.colcon_core.verb[0m [1;30mDEBUG[0m [32mBuilding package 'sound_play' with the following arguments: {'ament_cmake_args': None, 'build_base': '/home/booster/Workspace/Booster_T1_3v3_Demo/build/sound_play', 'catkin_cmake_args': None, 'catkin_skip_building_tests': False, 'cmake_args': None, 'cmake_clean_cache': False, 'cmake_clean_first': False, 'cmake_force_configure': False, 'cmake_target': None, 'cmake_target_skip_unavailable': False, 'install_base': '/home/booster/Workspace/Booster_T1_3v3_Demo/install/sound_play', 'merge_install': False, 'path': '/home/booster/Workspace/Booster_T1_3v3_Demo/src/sound_play', 'symlink_install': True, 'test_result_base': None}[0m
[1.063s] [34mcolcon.colcon_core.verb[0m [1;30mLevel 5[0m set package 'vision_interface' build argument 'cmake_args' from command line to 'None'
[1.063s] [34mcolcon.colcon_core.verb[0m [1;30mLevel 5[0m set package 'vision_interface' build argument 'cmake_target' from command line to 'None'
[1.063s] [34mcolcon.colcon_core.verb[0m [1;30mLevel 5[0m set package 'vision_interface' build argument 'cmake_target_skip_unavailable' from command line to 'False'
[1.063s] [34mcolcon.colcon_core.verb[0m [1;30mLevel 5[0m set package 'vision_interface' build argument 'cmake_clean_cache' from command line to 'False'
[1.063s] [34mcolcon.colcon_core.verb[0m [1;30mLevel 5[0m set package 'vision_interface' build argument 'cmake_clean_first' from command line to 'False'
[1.064s] [34mcolcon.colcon_core.verb[0m [1;30mLevel 5[0m set package 'vision_interface' build argument 'cmake_force_configure' from command line to 'False'
[1.064s] [34mcolcon.colcon_core.verb[0m [1;30mLevel 5[0m set package 'vision_interface' build argument 'ament_cmake_args' from command line to 'None'
[1.064s] [34mcolcon.colcon_core.verb[0m [1;30mLevel 5[0m set package 'vision_interface' build argument 'catkin_cmake_args' from command line to 'None'
[1.064s] [34mcolcon.colcon_core.verb[0m [1;30mLevel 5[0m set package 'vision_interface' build argument 'catkin_skip_building_tests' from command line to 'False'
[1.065s] [34mcolcon.colcon_core.verb[0m [1;30mDEBUG[0m [32mBuilding package 'vision_interface' with the following arguments: {'ament_cmake_args': None, 'build_base': '/home/booster/Workspace/Booster_T1_3v3_Demo/build/vision_interface', 'catkin_cmake_args': None, 'catkin_skip_building_tests': False, 'cmake_args': None, 'cmake_clean_cache': False, 'cmake_clean_first': False, 'cmake_force_configure': False, 'cmake_target': None, 'cmake_target_skip_unavailable': False, 'install_base': '/home/booster/Workspace/Booster_T1_3v3_Demo/install/vision_interface', 'merge_install': False, 'path': '/home/booster/Workspace/Booster_T1_3v3_Demo/src/robocup_ros2_interface/src/vision_interface', 'symlink_install': True, 'test_result_base': None}[0m
[1.065s] [34mcolcon.colcon_core.verb[0m [1;30mLevel 5[0m set package 'brain' build argument 'cmake_args' from command line to 'None'
[1.066s] [34mcolcon.colcon_core.verb[0m [1;30mLevel 5[0m set package 'brain' build argument 'cmake_target' from command line to 'None'
[1.066s] [34mcolcon.colcon_core.verb[0m [1;30mLevel 5[0m set package 'brain' build argument 'cmake_target_skip_unavailable' from command line to 'False'
[1.066s] [34mcolcon.colcon_core.verb[0m [1;30mLevel 5[0m set package 'brain' build argument 'cmake_clean_cache' from command line to 'False'
[1.066s] [34mcolcon.colcon_core.verb[0m [1;30mLevel 5[0m set package 'brain' build argument 'cmake_clean_first' from command line to 'False'
[1.066s] [34mcolcon.colcon_core.verb[0m [1;30mLevel 5[0m set package 'brain' build argument 'cmake_force_configure' from command line to 'False'
[1.067s] [34mcolcon.colcon_core.verb[0m [1;30mLevel 5[0m set package 'brain' build argument 'ament_cmake_args' from command line to 'None'
[1.067s] [34mcolcon.colcon_core.verb[0m [1;30mLevel 5[0m set package 'brain' build argument 'catkin_cmake_args' from command line to 'None'
[1.067s] [34mcolcon.colcon_core.verb[0m [1;30mLevel 5[0m set package 'brain' build argument 'catkin_skip_building_tests' from command line to 'False'
[1.067s] [34mcolcon.colcon_core.verb[0m [1;30mDEBUG[0m [32mBuilding package 'brain' with the following arguments: {'ament_cmake_args': None, 'build_base': '/home/booster/Workspace/Booster_T1_3v3_Demo/build/brain', 'catkin_cmake_args': None, 'catkin_skip_building_tests': False, 'cmake_args': None, 'cmake_clean_cache': False, 'cmake_clean_first': False, 'cmake_force_configure': False, 'cmake_target': None, 'cmake_target_skip_unavailable': False, 'install_base': '/home/booster/Workspace/Booster_T1_3v3_Demo/install/brain', 'merge_install': False, 'path': '/home/booster/Workspace/Booster_T1_3v3_Demo/src/brain', 'symlink_install': True, 'test_result_base': None}[0m
[1.068s] [34mcolcon.colcon_core.verb[0m [1;30mLevel 5[0m set package 'game_controller' build argument 'cmake_args' from command line to 'None'
[1.068s] [34mcolcon.colcon_core.verb[0m [1;30mLevel 5[0m set package 'game_controller' build argument 'cmake_target' from command line to 'None'
[1.069s] [34mcolcon.colcon_core.verb[0m [1;30mLevel 5[0m set package 'game_controller' build argument 'cmake_target_skip_unavailable' from command line to 'False'
[1.069s] [34mcolcon.colcon_core.verb[0m [1;30mLevel 5[0m set package 'game_controller' build argument 'cmake_clean_cache' from command line to 'False'
[1.069s] [34mcolcon.colcon_core.verb[0m [1;30mLevel 5[0m set package 'game_controller' build argument 'cmake_clean_first' from command line to 'False'
[1.069s] [34mcolcon.colcon_core.verb[0m [1;30mLevel 5[0m set package 'game_controller' build argument 'cmake_force_configure' from command line to 'False'
[1.069s] [34mcolcon.colcon_core.verb[0m [1;30mLevel 5[0m set package 'game_controller' build argument 'ament_cmake_args' from command line to 'None'
[1.069s] [34mcolcon.colcon_core.verb[0m [1;30mLevel 5[0m set package 'game_controller' build argument 'catkin_cmake_args' from command line to 'None'
[1.069s] [34mcolcon.colcon_core.verb[0m [1;30mLevel 5[0m set package 'game_controller' build argument 'catkin_skip_building_tests' from command line to 'False'
[1.070s] [34mcolcon.colcon_core.verb[0m [1;30mDEBUG[0m [32mBuilding package 'game_controller' with the following arguments: {'ament_cmake_args': None, 'build_base': '/home/booster/Workspace/Booster_T1_3v3_Demo/build/game_controller', 'catkin_cmake_args': None, 'catkin_skip_building_tests': False, 'cmake_args': None, 'cmake_clean_cache': False, 'cmake_clean_first': False, 'cmake_force_configure': False, 'cmake_target': None, 'cmake_target_skip_unavailable': False, 'install_base': '/home/booster/Workspace/Booster_T1_3v3_Demo/install/game_controller', 'merge_install': False, 'path': '/home/booster/Workspace/Booster_T1_3v3_Demo/src/game_controller', 'symlink_install': True, 'test_result_base': None}[0m
[1.071s] [34mcolcon.colcon_core.verb[0m [1;30mLevel 5[0m set package 'vision' build argument 'cmake_args' from command line to 'None'
[1.071s] [34mcolcon.colcon_core.verb[0m [1;30mLevel 5[0m set package 'vision' build argument 'cmake_target' from command line to 'None'
[1.071s] [34mcolcon.colcon_core.verb[0m [1;30mLevel 5[0m set package 'vision' build argument 'cmake_target_skip_unavailable' from command line to 'False'
[1.071s] [34mcolcon.colcon_core.verb[0m [1;30mLevel 5[0m set package 'vision' build argument 'cmake_clean_cache' from command line to 'False'
[1.071s] [34mcolcon.colcon_core.verb[0m [1;30mLevel 5[0m set package 'vision' build argument 'cmake_clean_first' from command line to 'False'
[1.072s] [34mcolcon.colcon_core.verb[0m [1;30mLevel 5[0m set package 'vision' build argument 'cmake_force_configure' from command line to 'False'
[1.072s] [34mcolcon.colcon_core.verb[0m [1;30mLevel 5[0m set package 'vision' build argument 'ament_cmake_args' from command line to 'None'
[1.072s] [34mcolcon.colcon_core.verb[0m [1;30mLevel 5[0m set package 'vision' build argument 'catkin_cmake_args' from command line to 'None'
[1.072s] [34mcolcon.colcon_core.verb[0m [1;30mLevel 5[0m set package 'vision' build argument 'catkin_skip_building_tests' from command line to 'False'
[1.072s] [34mcolcon.colcon_core.verb[0m [1;30mDEBUG[0m [32mBuilding package 'vision' with the following arguments: {'ament_cmake_args': None, 'build_base': '/home/booster/Workspace/Booster_T1_3v3_Demo/build/vision', 'catkin_cmake_args': None, 'catkin_skip_building_tests': False, 'cmake_args': None, 'cmake_clean_cache': False, 'cmake_clean_first': False, 'cmake_force_configure': False, 'cmake_target': None, 'cmake_target_skip_unavailable': False, 'install_base': '/home/booster/Workspace/Booster_T1_3v3_Demo/install/vision', 'merge_install': False, 'path': '/home/booster/Workspace/Booster_T1_3v3_Demo/src/vision', 'symlink_install': True, 'test_result_base': None}[0m
[1.073s] [34mcolcon.colcon_core.executor[0m [1;30mINFO[0m Executing jobs using 'parallel' executor
[1.076s] [34mcolcon.colcon_parallel_executor.executor.parallel[0m [1;30mDEBUG[0m [32mrun_until_complete[0m
[1.077s] [34mcolcon.colcon_ros.task.ament_cmake.build[0m [1;30mINFO[0m Building ROS package in '/home/booster/Workspace/Booster_T1_3v3_Demo/src/robocup_ros2_interface/src/game_controller_interface' with build type 'ament_cmake'
[1.078s] [34mcolcon.colcon_cmake.task.cmake.build[0m [1;30mINFO[0m Building CMake package in '/home/booster/Workspace/Booster_T1_3v3_Demo/src/robocup_ros2_interface/src/game_controller_interface'
[1.085s] [34mcolcon.colcon_core.plugin_system[0m [1;30mINFO[0m Skipping extension 'colcon_core.shell.bat': Not used on non-Windows systems
[1.086s] [34mcolcon.colcon_core.shell[0m [1;30mINFO[0m Skip shell extension 'powershell' for command environment: Not usable outside of PowerShell
[1.086s] [34mcolcon.colcon_core.shell[0m [1;30mDEBUG[0m [32mSkip shell extension 'dsv' for command environment[0m
[1.102s] [34mcolcon.colcon_ros.task.ament_cmake.build[0m [1;30mINFO[0m Building ROS package in '/home/booster/Workspace/Booster_T1_3v3_Demo/src/robocup_ros2_interface/src/vision_interface' with build type 'ament_cmake'
[1.102s] [34mcolcon.colcon_cmake.task.cmake.build[0m [1;30mINFO[0m Building CMake package in '/home/booster/Workspace/Booster_T1_3v3_Demo/src/robocup_ros2_interface/src/vision_interface'
[1.103s] [34mcolcon.colcon_core.shell[0m [1;30mINFO[0m Skip shell extension 'powershell' for command environment: Not usable outside of PowerShell
[1.104s] [34mcolcon.colcon_core.shell[0m [1;30mDEBUG[0m [32mSkip shell extension 'dsv' for command environment[0m
[1.109s] [34mcolcon.colcon_ros.task.ament_cmake.build[0m [1;30mINFO[0m Building ROS package in '/home/booster/Workspace/Booster_T1_3v3_Demo/src/booster_ros2_interface' with build type 'ament_cmake'
[1.110s] [34mcolcon.colcon_cmake.task.cmake.build[0m [1;30mINFO[0m Building CMake package in '/home/booster/Workspace/Booster_T1_3v3_Demo/src/booster_ros2_interface'
[1.110s] [34mcolcon.colcon_core.shell[0m [1;30mINFO[0m Skip shell extension 'powershell' for command environment: Not usable outside of PowerShell
[1.111s] [34mcolcon.colcon_core.shell[0m [1;30mDEBUG[0m [32mSkip shell extension 'dsv' for command environment[0m
[1.117s] [34mcolcon.colcon_ros.task.ament_cmake.build[0m [1;30mINFO[0m Building ROS package in '/home/booster/Workspace/Booster_T1_3v3_Demo/src/booster_msgs' with build type 'ament_cmake'
[1.117s] [34mcolcon.colcon_cmake.task.cmake.build[0m [1;30mINFO[0m Building CMake package in '/home/booster/Workspace/Booster_T1_3v3_Demo/src/booster_msgs'
[1.118s] [34mcolcon.colcon_core.shell[0m [1;30mINFO[0m Skip shell extension 'powershell' for command environment: Not usable outside of PowerShell
[1.118s] [34mcolcon.colcon_core.shell[0m [1;30mDEBUG[0m [32mSkip shell extension 'dsv' for command environment[0m
[1.128s] [34mcolcon.colcon_ros.task.ament_python.build[0m [1;30mINFO[0m Building ROS package in '/home/booster/Workspace/Booster_T1_3v3_Demo/src/sound_play' with build type 'ament_python'
[1.132s] [34mcolcon.colcon_core.shell[0m [1;30mLevel 1[0m create_environment_hook('sound_play', 'ament_prefix_path')
[1.134s] [34mcolcon.colcon_core.shell[0m [1;30mINFO[0m Creating environment hook '/home/booster/Workspace/Booster_T1_3v3_Demo/install/sound_play/share/sound_play/hook/ament_prefix_path.ps1'
[1.139s] [34mcolcon.colcon_core.shell[0m [1;30mINFO[0m Creating environment descriptor '/home/booster/Workspace/Booster_T1_3v3_Demo/install/sound_play/share/sound_play/hook/ament_prefix_path.dsv'
[1.141s] [34mcolcon.colcon_core.shell[0m [1;30mINFO[0m Creating environment hook '/home/booster/Workspace/Booster_T1_3v3_Demo/install/sound_play/share/sound_play/hook/ament_prefix_path.sh'
[1.143s] [34mcolcon.colcon_core.shell[0m [1;30mINFO[0m Skip shell extension 'powershell' for command environment: Not usable outside of PowerShell
[1.143s] [34mcolcon.colcon_core.shell[0m [1;30mDEBUG[0m [32mSkip shell extension 'dsv' for command environment[0m
[1.170s] [34mcolcon.colcon_core.event_handler.log_command[0m [1;30mDEBUG[0m [32mInvoking command in '/home/booster/Workspace/Booster_T1_3v3_Demo/build/game_controller_interface': CMAKE_PREFIX_PATH=/opt/ros/humble /usr/bin/cmake --build /home/booster/Workspace/Booster_T1_3v3_Demo/build/game_controller_interface -- -j5 -l5[0m
[1.174s] [34mcolcon.colcon_core.event_handler.log_command[0m [1;30mDEBUG[0m [32mInvoking command in '/home/booster/Workspace/Booster_T1_3v3_Demo/build/vision_interface': CMAKE_PREFIX_PATH=/opt/ros/humble /usr/bin/cmake --build /home/booster/Workspace/Booster_T1_3v3_Demo/build/vision_interface -- -j5 -l5[0m
[1.181s] [34mcolcon.colcon_core.event_handler.log_command[0m [1;30mDEBUG[0m [32mInvoking command in '/home/booster/Workspace/Booster_T1_3v3_Demo/build/booster_interface': CMAKE_PREFIX_PATH=/opt/ros/humble /usr/bin/cmake --build /home/booster/Workspace/Booster_T1_3v3_Demo/build/booster_interface -- -j5 -l5[0m
[1.211s] [34mcolcon.colcon_core.event_handler.log_command[0m [1;30mDEBUG[0m [32mInvoking command in '/home/booster/Workspace/Booster_T1_3v3_Demo/build/booster_msgs': CMAKE_PREFIX_PATH=/opt/ros/humble /usr/bin/cmake --build /home/booster/Workspace/Booster_T1_3v3_Demo/build/booster_msgs -- -j5 -l5[0m
[2.287s] [34mcolcon.colcon_core.task.python.build[0m [1;30mINFO[0m Building Python package in '/home/booster/Workspace/Booster_T1_3v3_Demo/src/sound_play'
[2.289s] [34mcolcon.colcon_core.shell[0m [1;30mINFO[0m Skip shell extension 'powershell' for command environment: Not usable outside of PowerShell
[2.289s] [34mcolcon.colcon_core.shell[0m [1;30mDEBUG[0m [32mSkip shell extension 'dsv' for command environment[0m
[3.845s] [34mcolcon.colcon_core.event_handler.log_command[0m [1;30mDEBUG[0m [32mInvoked command in '/home/booster/Workspace/Booster_T1_3v3_Demo/build/booster_msgs' returned '0': CMAKE_PREFIX_PATH=/opt/ros/humble /usr/bin/cmake --build /home/booster/Workspace/Booster_T1_3v3_Demo/build/booster_msgs -- -j5 -l5[0m
[3.883s] [34mcolcon.colcon_core.event_handler.log_command[0m [1;30mDEBUG[0m [32mInvoking command in '/home/booster/Workspace/Booster_T1_3v3_Demo/build/booster_msgs': CMAKE_PREFIX_PATH=/opt/ros/humble /usr/bin/cmake --install /home/booster/Workspace/Booster_T1_3v3_Demo/build/booster_msgs[0m
[4.153s] [34mcolcon.colcon_core.environment[0m [1;30mLevel 1[0m create_environment_scripts_only(booster_msgs)
[4.155s] [34mcolcon.colcon_core.event_handler.log_command[0m [1;30mDEBUG[0m [32mInvoked command in '/home/booster/Workspace/Booster_T1_3v3_Demo/build/booster_msgs' returned '0': CMAKE_PREFIX_PATH=/opt/ros/humble /usr/bin/cmake --install /home/booster/Workspace/Booster_T1_3v3_Demo/build/booster_msgs[0m
[4.210s] [34mcolcon.colcon_core.environment[0m [1;30mLevel 1[0m checking '/home/booster/Workspace/Booster_T1_3v3_Demo/install/booster_msgs' for CMake module files
[4.214s] [34mcolcon.colcon_core.environment[0m [1;30mLevel 1[0m checking '/home/booster/Workspace/Booster_T1_3v3_Demo/install/booster_msgs' for CMake config files
[4.218s] [34mcolcon.colcon_core.shell[0m [1;30mLevel 1[0m create_environment_hook('booster_msgs', 'cmake_prefix_path')
[4.219s] [34mcolcon.colcon_core.shell[0m [1;30mINFO[0m Creating environment hook '/home/booster/Workspace/Booster_T1_3v3_Demo/install/booster_msgs/share/booster_msgs/hook/cmake_prefix_path.ps1'
[4.230s] [34mcolcon.colcon_core.shell[0m [1;30mINFO[0m Creating environment descriptor '/home/booster/Workspace/Booster_T1_3v3_Demo/install/booster_msgs/share/booster_msgs/hook/cmake_prefix_path.dsv'
[4.231s] [34mcolcon.colcon_core.shell[0m [1;30mINFO[0m Creating environment hook '/home/booster/Workspace/Booster_T1_3v3_Demo/install/booster_msgs/share/booster_msgs/hook/cmake_prefix_path.sh'
[4.240s] [34mcolcon.colcon_core.environment[0m [1;30mLevel 1[0m checking '/home/booster/Workspace/Booster_T1_3v3_Demo/install/booster_msgs/lib'
[4.242s] [34mcolcon.colcon_core.shell[0m [1;30mLevel 1[0m create_environment_hook('booster_msgs', 'ld_library_path_lib')
[4.243s] [34mcolcon.colcon_core.shell[0m [1;30mINFO[0m Creating environment hook '/home/booster/Workspace/Booster_T1_3v3_Demo/install/booster_msgs/share/booster_msgs/hook/ld_library_path_lib.ps1'
[4.249s] [34mcolcon.colcon_core.shell[0m [1;30mINFO[0m Creating environment descriptor '/home/booster/Workspace/Booster_T1_3v3_Demo/install/booster_msgs/share/booster_msgs/hook/ld_library_path_lib.dsv'
[4.253s] [34mcolcon.colcon_core.shell[0m [1;30mINFO[0m Creating environment hook '/home/booster/Workspace/Booster_T1_3v3_Demo/install/booster_msgs/share/booster_msgs/hook/ld_library_path_lib.sh'
[4.255s] [34mcolcon.colcon_core.environment[0m [1;30mLevel 1[0m checking '/home/booster/Workspace/Booster_T1_3v3_Demo/install/booster_msgs/bin'
[4.256s] [34mcolcon.colcon_core.environment[0m [1;30mLevel 1[0m checking '/home/booster/Workspace/Booster_T1_3v3_Demo/install/booster_msgs/lib/pkgconfig/booster_msgs.pc'
[4.257s] [34mcolcon.colcon_core.environment[0m [1;30mLevel 1[0m checking '/home/booster/Workspace/Booster_T1_3v3_Demo/install/booster_msgs/lib/python3.10/site-packages'
[4.258s] [34mcolcon.colcon_core.environment[0m [1;30mLevel 1[0m checking '/home/booster/Workspace/Booster_T1_3v3_Demo/install/booster_msgs/bin'
[4.259s] [34mcolcon.colcon_core.shell[0m [1;30mINFO[0m Creating package script '/home/booster/Workspace/Booster_T1_3v3_Demo/install/booster_msgs/share/booster_msgs/package.ps1'
[4.262s] [34mcolcon.colcon_core.shell[0m [1;30mINFO[0m Creating package descriptor '/home/booster/Workspace/Booster_T1_3v3_Demo/install/booster_msgs/share/booster_msgs/package.dsv'
[4.265s] [34mcolcon.colcon_core.shell[0m [1;30mINFO[0m Creating package script '/home/booster/Workspace/Booster_T1_3v3_Demo/install/booster_msgs/share/booster_msgs/package.sh'
[4.268s] [34mcolcon.colcon_core.shell[0m [1;30mINFO[0m Creating package script '/home/booster/Workspace/Booster_T1_3v3_Demo/install/booster_msgs/share/booster_msgs/package.bash'
[4.273s] [34mcolcon.colcon_core.shell[0m [1;30mINFO[0m Creating package script '/home/booster/Workspace/Booster_T1_3v3_Demo/install/booster_msgs/share/booster_msgs/package.zsh'
[4.278s] [34mcolcon.colcon_core.environment[0m [1;30mLevel 1[0m create_file_with_runtime_dependencies(/home/booster/Workspace/Booster_T1_3v3_Demo/install/booster_msgs/share/colcon-core/packages/booster_msgs)
[4.280s] [34mcolcon.colcon_core.environment[0m [1;30mLevel 1[0m create_environment_scripts_only(booster_msgs)
[4.281s] [34mcolcon.colcon_core.environment[0m [1;30mLevel 1[0m checking '/home/booster/Workspace/Booster_T1_3v3_Demo/install/booster_msgs' for CMake module files
[4.282s] [34mcolcon.colcon_core.environment[0m [1;30mLevel 1[0m checking '/home/booster/Workspace/Booster_T1_3v3_Demo/install/booster_msgs' for CMake config files
[4.284s] [34mcolcon.colcon_core.shell[0m [1;30mLevel 1[0m create_environment_hook('booster_msgs', 'cmake_prefix_path')
[4.285s] [34mcolcon.colcon_core.shell[0m [1;30mINFO[0m Creating environment hook '/home/booster/Workspace/Booster_T1_3v3_Demo/install/booster_msgs/share/booster_msgs/hook/cmake_prefix_path.ps1'
[4.287s] [34mcolcon.colcon_core.shell[0m [1;30mINFO[0m Creating environment descriptor '/home/booster/Workspace/Booster_T1_3v3_Demo/install/booster_msgs/share/booster_msgs/hook/cmake_prefix_path.dsv'
[4.288s] [34mcolcon.colcon_core.shell[0m [1;30mINFO[0m Creating environment hook '/home/booster/Workspace/Booster_T1_3v3_Demo/install/booster_msgs/share/booster_msgs/hook/cmake_prefix_path.sh'
[4.291s] [34mcolcon.colcon_core.environment[0m [1;30mLevel 1[0m checking '/home/booster/Workspace/Booster_T1_3v3_Demo/install/booster_msgs/lib'
[4.292s] [34mcolcon.colcon_core.shell[0m [1;30mLevel 1[0m create_environment_hook('booster_msgs', 'ld_library_path_lib')
[4.293s] [34mcolcon.colcon_core.shell[0m [1;30mINFO[0m Creating environment hook '/home/booster/Workspace/Booster_T1_3v3_Demo/install/booster_msgs/share/booster_msgs/hook/ld_library_path_lib.ps1'
[4.297s] [34mcolcon.colcon_core.shell[0m [1;30mINFO[0m Creating environment descriptor '/home/booster/Workspace/Booster_T1_3v3_Demo/install/booster_msgs/share/booster_msgs/hook/ld_library_path_lib.dsv'
[4.299s] [34mcolcon.colcon_core.shell[0m [1;30mINFO[0m Creating environment hook '/home/booster/Workspace/Booster_T1_3v3_Demo/install/booster_msgs/share/booster_msgs/hook/ld_library_path_lib.sh'
[4.304s] [34mcolcon.colcon_core.environment[0m [1;30mLevel 1[0m checking '/home/booster/Workspace/Booster_T1_3v3_Demo/install/booster_msgs/bin'
[4.305s] [34mcolcon.colcon_core.environment[0m [1;30mLevel 1[0m checking '/home/booster/Workspace/Booster_T1_3v3_Demo/install/booster_msgs/lib/pkgconfig/booster_msgs.pc'
[4.305s] [34mcolcon.colcon_core.environment[0m [1;30mLevel 1[0m checking '/home/booster/Workspace/Booster_T1_3v3_Demo/install/booster_msgs/lib/python3.10/site-packages'
[4.306s] [34mcolcon.colcon_core.environment[0m [1;30mLevel 1[0m checking '/home/booster/Workspace/Booster_T1_3v3_Demo/install/booster_msgs/bin'
[4.307s] [34mcolcon.colcon_core.shell[0m [1;30mINFO[0m Creating package script '/home/booster/Workspace/Booster_T1_3v3_Demo/install/booster_msgs/share/booster_msgs/package.ps1'
[4.311s] [34mcolcon.colcon_core.shell[0m [1;30mINFO[0m Creating package descriptor '/home/booster/Workspace/Booster_T1_3v3_Demo/install/booster_msgs/share/booster_msgs/package.dsv'
[4.313s] [34mcolcon.colcon_core.shell[0m [1;30mINFO[0m Creating package script '/home/booster/Workspace/Booster_T1_3v3_Demo/install/booster_msgs/share/booster_msgs/package.sh'
[4.318s] [34mcolcon.colcon_core.shell[0m [1;30mINFO[0m Creating package script '/home/booster/Workspace/Booster_T1_3v3_Demo/install/booster_msgs/share/booster_msgs/package.bash'
[4.320s] [34mcolcon.colcon_core.shell[0m [1;30mINFO[0m Creating package script '/home/booster/Workspace/Booster_T1_3v3_Demo/install/booster_msgs/share/booster_msgs/package.zsh'
[4.322s] [34mcolcon.colcon_core.environment[0m [1;30mLevel 1[0m create_file_with_runtime_dependencies(/home/booster/Workspace/Booster_T1_3v3_Demo/install/booster_msgs/share/colcon-core/packages/booster_msgs)
[4.329s] [34mcolcon.colcon_core.event_handler.log_command[0m [1;30mDEBUG[0m [32mInvoked command in '/home/booster/Workspace/Booster_T1_3v3_Demo/build/game_controller_interface' returned '0': CMAKE_PREFIX_PATH=/opt/ros/humble /usr/bin/cmake --build /home/booster/Workspace/Booster_T1_3v3_Demo/build/game_controller_interface -- -j5 -l5[0m
[4.336s] [34mcolcon.colcon_core.event_handler.log_command[0m [1;30mDEBUG[0m [32mInvoking command in '/home/booster/Workspace/Booster_T1_3v3_Demo/build/game_controller_interface': CMAKE_PREFIX_PATH=/opt/ros/humble /usr/bin/cmake --install /home/booster/Workspace/Booster_T1_3v3_Demo/build/game_controller_interface[0m
[4.441s] [34mcolcon.colcon_core.event_handler.log_command[0m [1;30mDEBUG[0m [32mInvoking command in '/home/booster/Workspace/Booster_T1_3v3_Demo/build/sound_play': PYTHONPATH=/home/booster/Workspace/Booster_T1_3v3_Demo/build/sound_play/prefix_override:/usr/lib/python3/dist-packages/colcon_core/task/python/colcon_distutils_commands:/home/booster/Workspace/Booster_T1_3v3_Demo/install/sound_play/lib/python3.10/site-packages:${PYTHONPATH} /usr/bin/python3 -W ignore:setup.py install is deprecated -W ignore:easy_install command is deprecated setup.py develop --editable --build-directory /home/booster/Workspace/Booster_T1_3v3_Demo/build/sound_play/build --no-deps symlink_data[0m
[4.444s] [34mcolcon.colcon_core.event_handler.log_command[0m [1;30mDEBUG[0m [32mInvoked command in '/home/booster/Workspace/Booster_T1_3v3_Demo/build/booster_interface' returned '0': CMAKE_PREFIX_PATH=/opt/ros/humble /usr/bin/cmake --build /home/booster/Workspace/Booster_T1_3v3_Demo/build/booster_interface -- -j5 -l5[0m
[4.446s] [34mcolcon.colcon_core.event_handler.log_command[0m [1;30mDEBUG[0m [32mInvoking command in '/home/booster/Workspace/Booster_T1_3v3_Demo/build/booster_interface': CMAKE_PREFIX_PATH=/opt/ros/humble /usr/bin/cmake --install /home/booster/Workspace/Booster_T1_3v3_Demo/build/booster_interface[0m
[4.575s] [34mcolcon.colcon_core.environment[0m [1;30mLevel 1[0m create_environment_scripts_only(game_controller_interface)
[4.576s] [34mcolcon.colcon_core.environment[0m [1;30mLevel 1[0m checking '/home/booster/Workspace/Booster_T1_3v3_Demo/install/game_controller_interface' for CMake module files
[4.577s] [34mcolcon.colcon_core.environment[0m [1;30mLevel 1[0m checking '/home/booster/Workspace/Booster_T1_3v3_Demo/install/game_controller_interface' for CMake config files
[4.582s] [34mcolcon.colcon_core.shell[0m [1;30mLevel 1[0m create_environment_hook('game_controller_interface', 'cmake_prefix_path')
[4.582s] [34mcolcon.colcon_core.shell[0m [1;30mINFO[0m Creating environment hook '/home/booster/Workspace/Booster_T1_3v3_Demo/install/game_controller_interface/share/game_controller_interface/hook/cmake_prefix_path.ps1'
[4.584s] [34mcolcon.colcon_core.shell[0m [1;30mINFO[0m Creating environment descriptor '/home/booster/Workspace/Booster_T1_3v3_Demo/install/game_controller_interface/share/game_controller_interface/hook/cmake_prefix_path.dsv'
[4.585s] [34mcolcon.colcon_core.shell[0m [1;30mINFO[0m Creating environment hook '/home/booster/Workspace/Booster_T1_3v3_Demo/install/game_controller_interface/share/game_controller_interface/hook/cmake_prefix_path.sh'
[4.588s] [34mcolcon.colcon_core.environment[0m [1;30mLevel 1[0m checking '/home/booster/Workspace/Booster_T1_3v3_Demo/install/game_controller_interface/lib'
[4.588s] [34mcolcon.colcon_core.shell[0m [1;30mLevel 1[0m create_environment_hook('game_controller_interface', 'ld_library_path_lib')
[4.588s] [34mcolcon.colcon_core.shell[0m [1;30mINFO[0m Creating environment hook '/home/booster/Workspace/Booster_T1_3v3_Demo/install/game_controller_interface/share/game_controller_interface/hook/ld_library_path_lib.ps1'
[4.590s] [34mcolcon.colcon_core.shell[0m [1;30mINFO[0m Creating environment descriptor '/home/booster/Workspace/Booster_T1_3v3_Demo/install/game_controller_interface/share/game_controller_interface/hook/ld_library_path_lib.dsv'
[4.593s] [34mcolcon.colcon_core.shell[0m [1;30mINFO[0m Creating environment hook '/home/booster/Workspace/Booster_T1_3v3_Demo/install/game_controller_interface/share/game_controller_interface/hook/ld_library_path_lib.sh'
[4.595s] [34mcolcon.colcon_core.event_handler.log_command[0m [1;30mDEBUG[0m [32mInvoked command in '/home/booster/Workspace/Booster_T1_3v3_Demo/build/game_controller_interface' returned '0': CMAKE_PREFIX_PATH=/opt/ros/humble /usr/bin/cmake --install /home/booster/Workspace/Booster_T1_3v3_Demo/build/game_controller_interface[0m
[4.597s] [34mcolcon.colcon_core.environment[0m [1;30mLevel 1[0m checking '/home/booster/Workspace/Booster_T1_3v3_Demo/install/game_controller_interface/bin'
[4.599s] [34mcolcon.colcon_core.environment[0m [1;30mLevel 1[0m checking '/home/booster/Workspace/Booster_T1_3v3_Demo/install/game_controller_interface/lib/pkgconfig/game_controller_interface.pc'
[4.600s] [34mcolcon.colcon_core.environment[0m [1;30mLevel 1[0m checking '/home/booster/Workspace/Booster_T1_3v3_Demo/install/game_controller_interface/lib/python3.10/site-packages'
[4.600s] [34mcolcon.colcon_core.environment[0m [1;30mLevel 1[0m checking '/home/booster/Workspace/Booster_T1_3v3_Demo/install/game_controller_interface/bin'
[4.606s] [34mcolcon.colcon_core.shell[0m [1;30mINFO[0m Creating package script '/home/booster/Workspace/Booster_T1_3v3_Demo/install/game_controller_interface/share/game_controller_interface/package.ps1'
[4.608s] [34mcolcon.colcon_core.shell[0m [1;30mINFO[0m Creating package descriptor '/home/booster/Workspace/Booster_T1_3v3_Demo/install/game_controller_interface/share/game_controller_interface/package.dsv'
[4.613s] [34mcolcon.colcon_core.shell[0m [1;30mINFO[0m Creating package script '/home/booster/Workspace/Booster_T1_3v3_Demo/install/game_controller_interface/share/game_controller_interface/package.sh'
[4.615s] [34mcolcon.colcon_core.shell[0m [1;30mINFO[0m Creating package script '/home/booster/Workspace/Booster_T1_3v3_Demo/install/game_controller_interface/share/game_controller_interface/package.bash'
[4.622s] [34mcolcon.colcon_core.shell[0m [1;30mINFO[0m Creating package script '/home/booster/Workspace/Booster_T1_3v3_Demo/install/game_controller_interface/share/game_controller_interface/package.zsh'
[4.628s] [34mcolcon.colcon_core.environment[0m [1;30mLevel 1[0m create_file_with_runtime_dependencies(/home/booster/Workspace/Booster_T1_3v3_Demo/install/game_controller_interface/share/colcon-core/packages/game_controller_interface)
[4.634s] [34mcolcon.colcon_core.environment[0m [1;30mLevel 1[0m create_environment_scripts_only(game_controller_interface)
[4.634s] [34mcolcon.colcon_core.environment[0m [1;30mLevel 1[0m checking '/home/booster/Workspace/Booster_T1_3v3_Demo/install/game_controller_interface' for CMake module files
[4.643s] [34mcolcon.colcon_core.environment[0m [1;30mLevel 1[0m checking '/home/booster/Workspace/Booster_T1_3v3_Demo/install/game_controller_interface' for CMake config files
[4.647s] [34mcolcon.colcon_core.shell[0m [1;30mLevel 1[0m create_environment_hook('game_controller_interface', 'cmake_prefix_path')
[4.648s] [34mcolcon.colcon_core.shell[0m [1;30mINFO[0m Creating environment hook '/home/booster/Workspace/Booster_T1_3v3_Demo/install/game_controller_interface/share/game_controller_interface/hook/cmake_prefix_path.ps1'
[4.656s] [34mcolcon.colcon_core.shell[0m [1;30mINFO[0m Creating environment descriptor '/home/booster/Workspace/Booster_T1_3v3_Demo/install/game_controller_interface/share/game_controller_interface/hook/cmake_prefix_path.dsv'
[4.658s] [34mcolcon.colcon_core.shell[0m [1;30mINFO[0m Creating environment hook '/home/booster/Workspace/Booster_T1_3v3_Demo/install/game_controller_interface/share/game_controller_interface/hook/cmake_prefix_path.sh'
[4.664s] [34mcolcon.colcon_core.environment[0m [1;30mLevel 1[0m checking '/home/booster/Workspace/Booster_T1_3v3_Demo/install/game_controller_interface/lib'
[4.664s] [34mcolcon.colcon_core.shell[0m [1;30mLevel 1[0m create_environment_hook('game_controller_interface', 'ld_library_path_lib')
[4.665s] [34mcolcon.colcon_core.shell[0m [1;30mINFO[0m Creating environment hook '/home/booster/Workspace/Booster_T1_3v3_Demo/install/game_controller_interface/share/game_controller_interface/hook/ld_library_path_lib.ps1'
[4.670s] [34mcolcon.colcon_core.shell[0m [1;30mINFO[0m Creating environment descriptor '/home/booster/Workspace/Booster_T1_3v3_Demo/install/game_controller_interface/share/game_controller_interface/hook/ld_library_path_lib.dsv'
[4.674s] [34mcolcon.colcon_core.shell[0m [1;30mINFO[0m Creating environment hook '/home/booster/Workspace/Booster_T1_3v3_Demo/install/game_controller_interface/share/game_controller_interface/hook/ld_library_path_lib.sh'
[4.675s] [34mcolcon.colcon_core.environment[0m [1;30mLevel 1[0m checking '/home/booster/Workspace/Booster_T1_3v3_Demo/install/game_controller_interface/bin'
[4.676s] [34mcolcon.colcon_core.environment[0m [1;30mLevel 1[0m checking '/home/booster/Workspace/Booster_T1_3v3_Demo/install/game_controller_interface/lib/pkgconfig/game_controller_interface.pc'
[4.677s] [34mcolcon.colcon_core.environment[0m [1;30mLevel 1[0m checking '/home/booster/Workspace/Booster_T1_3v3_Demo/install/game_controller_interface/lib/python3.10/site-packages'
[4.677s] [34mcolcon.colcon_core.environment[0m [1;30mLevel 1[0m checking '/home/booster/Workspace/Booster_T1_3v3_Demo/install/game_controller_interface/bin'
[4.678s] [34mcolcon.colcon_core.shell[0m [1;30mINFO[0m Creating package script '/home/booster/Workspace/Booster_T1_3v3_Demo/install/game_controller_interface/share/game_controller_interface/package.ps1'
[4.679s] [34mcolcon.colcon_core.shell[0m [1;30mINFO[0m Creating package descriptor '/home/booster/Workspace/Booster_T1_3v3_Demo/install/game_controller_interface/share/game_controller_interface/package.dsv'
[4.681s] [34mcolcon.colcon_core.shell[0m [1;30mINFO[0m Creating package script '/home/booster/Workspace/Booster_T1_3v3_Demo/install/game_controller_interface/share/game_controller_interface/package.sh'
[4.682s] [34mcolcon.colcon_core.shell[0m [1;30mINFO[0m Creating package script '/home/booster/Workspace/Booster_T1_3v3_Demo/install/game_controller_interface/share/game_controller_interface/package.bash'
[4.684s] [34mcolcon.colcon_core.shell[0m [1;30mINFO[0m Creating package script '/home/booster/Workspace/Booster_T1_3v3_Demo/install/game_controller_interface/share/game_controller_interface/package.zsh'
[4.686s] [34mcolcon.colcon_core.environment[0m [1;30mLevel 1[0m create_file_with_runtime_dependencies(/home/booster/Workspace/Booster_T1_3v3_Demo/install/game_controller_interface/share/colcon-core/packages/game_controller_interface)
[4.690s] [34mcolcon.colcon_ros.task.ament_cmake.build[0m [1;30mINFO[0m Building ROS package in '/home/booster/Workspace/Booster_T1_3v3_Demo/src/game_controller' with build type 'ament_cmake'
[4.691s] [34mcolcon.colcon_cmake.task.cmake.build[0m [1;30mINFO[0m Building CMake package in '/home/booster/Workspace/Booster_T1_3v3_Demo/src/game_controller'
[4.692s] [34mcolcon.colcon_core.shell[0m [1;30mINFO[0m Skip shell extension 'powershell' for command environment: Not usable outside of PowerShell
[4.693s] [34mcolcon.colcon_core.shell[0m [1;30mDEBUG[0m [32mSkip shell extension 'dsv' for command environment[0m
[4.715s] [34mcolcon.colcon_core.event_handler.log_command[0m [1;30mDEBUG[0m [32mInvoked command in '/home/booster/Workspace/Booster_T1_3v3_Demo/build/vision_interface' returned '0': CMAKE_PREFIX_PATH=/opt/ros/humble /usr/bin/cmake --build /home/booster/Workspace/Booster_T1_3v3_Demo/build/vision_interface -- -j5 -l5[0m
[4.720s] [34mcolcon.colcon_core.event_handler.log_command[0m [1;30mDEBUG[0m [32mInvoking command in '/home/booster/Workspace/Booster_T1_3v3_Demo/build/vision_interface': CMAKE_PREFIX_PATH=/opt/ros/humble /usr/bin/cmake --install /home/booster/Workspace/Booster_T1_3v3_Demo/build/vision_interface[0m
[4.751s] [34mcolcon.colcon_core.event_handler.log_command[0m [1;30mDEBUG[0m [32mInvoking command in '/home/booster/Workspace/Booster_T1_3v3_Demo/build/game_controller': AMENT_PREFIX_PATH=/home/booster/Workspace/Booster_T1_3v3_Demo/install/game_controller_interface:${AMENT_PREFIX_PATH} CMAKE_PREFIX_PATH=/home/booster/Workspace/Booster_T1_3v3_Demo/install/game_controller_interface:/opt/ros/humble LD_LIBRARY_PATH=/home/booster/Workspace/Booster_T1_3v3_Demo/install/game_controller_interface/lib:/opt/ros/humble/opt/rviz_ogre_vendor/lib:/opt/ros/humble/lib/aarch64-linux-gnu:/opt/ros/humble/lib:/usr/local/cuda/lib64 PYTHONPATH=/home/booster/Workspace/Booster_T1_3v3_Demo/install/game_controller_interface/local/lib/python3.10/dist-packages:${PYTHONPATH} /usr/bin/cmake --build /home/booster/Workspace/Booster_T1_3v3_Demo/build/game_controller -- -j5 -l5[0m
[4.844s] [34mcolcon.colcon_core.environment[0m [1;30mLevel 1[0m create_environment_scripts_only(booster_interface)
[4.845s] [34mcolcon.colcon_core.environment[0m [1;30mLevel 1[0m checking '/home/booster/Workspace/Booster_T1_3v3_Demo/install/booster_interface' for CMake module files
[4.859s] [34mcolcon.colcon_core.environment[0m [1;30mLevel 1[0m checking '/home/booster/Workspace/Booster_T1_3v3_Demo/install/booster_interface' for CMake config files
[4.877s] [34mcolcon.colcon_core.shell[0m [1;30mLevel 1[0m create_environment_hook('booster_interface', 'cmake_prefix_path')
[4.877s] [34mcolcon.colcon_core.shell[0m [1;30mINFO[0m Creating environment hook '/home/booster/Workspace/Booster_T1_3v3_Demo/install/booster_interface/share/booster_interface/hook/cmake_prefix_path.ps1'
[4.880s] [34mcolcon.colcon_core.event_handler.log_command[0m [1;30mDEBUG[0m [32mInvoked command in '/home/booster/Workspace/Booster_T1_3v3_Demo/build/booster_interface' returned '0': CMAKE_PREFIX_PATH=/opt/ros/humble /usr/bin/cmake --install /home/booster/Workspace/Booster_T1_3v3_Demo/build/booster_interface[0m
[4.880s] [34mcolcon.colcon_core.shell[0m [1;30mINFO[0m Creating environment descriptor '/home/booster/Workspace/Booster_T1_3v3_Demo/install/booster_interface/share/booster_interface/hook/cmake_prefix_path.dsv'
[4.882s] [34mcolcon.colcon_core.shell[0m [1;30mINFO[0m Creating environment hook '/home/booster/Workspace/Booster_T1_3v3_Demo/install/booster_interface/share/booster_interface/hook/cmake_prefix_path.sh'
[4.884s] [34mcolcon.colcon_core.environment[0m [1;30mLevel 1[0m checking '/home/booster/Workspace/Booster_T1_3v3_Demo/install/booster_interface/lib'
[4.885s] [34mcolcon.colcon_core.shell[0m [1;30mLevel 1[0m create_environment_hook('booster_interface', 'ld_library_path_lib')
[4.887s] [34mcolcon.colcon_core.shell[0m [1;30mINFO[0m Creating environment hook '/home/booster/Workspace/Booster_T1_3v3_Demo/install/booster_interface/share/booster_interface/hook/ld_library_path_lib.ps1'
[4.896s] [34mcolcon.colcon_core.shell[0m [1;30mINFO[0m Creating environment descriptor '/home/booster/Workspace/Booster_T1_3v3_Demo/install/booster_interface/share/booster_interface/hook/ld_library_path_lib.dsv'
[4.899s] [34mcolcon.colcon_core.shell[0m [1;30mINFO[0m Creating environment hook '/home/booster/Workspace/Booster_T1_3v3_Demo/install/booster_interface/share/booster_interface/hook/ld_library_path_lib.sh'
[4.901s] [34mcolcon.colcon_core.environment[0m [1;30mLevel 1[0m checking '/home/booster/Workspace/Booster_T1_3v3_Demo/install/booster_interface/bin'
[4.902s] [34mcolcon.colcon_core.environment[0m [1;30mLevel 1[0m checking '/home/booster/Workspace/Booster_T1_3v3_Demo/install/booster_interface/lib/pkgconfig/booster_interface.pc'
[4.908s] [34mcolcon.colcon_core.environment[0m [1;30mLevel 1[0m checking '/home/booster/Workspace/Booster_T1_3v3_Demo/install/booster_interface/lib/python3.10/site-packages'
[4.908s] [34mcolcon.colcon_core.environment[0m [1;30mLevel 1[0m checking '/home/booster/Workspace/Booster_T1_3v3_Demo/install/booster_interface/bin'
[4.910s] [34mcolcon.colcon_core.shell[0m [1;30mINFO[0m Creating package script '/home/booster/Workspace/Booster_T1_3v3_Demo/install/booster_interface/share/booster_interface/package.ps1'
[4.914s] [34mcolcon.colcon_core.shell[0m [1;30mINFO[0m Creating package descriptor '/home/booster/Workspace/Booster_T1_3v3_Demo/install/booster_interface/share/booster_interface/package.dsv'
[4.915s] [34mcolcon.colcon_core.shell[0m [1;30mINFO[0m Creating package script '/home/booster/Workspace/Booster_T1_3v3_Demo/install/booster_interface/share/booster_interface/package.sh'
[4.916s] [34mcolcon.colcon_core.shell[0m [1;30mINFO[0m Creating package script '/home/booster/Workspace/Booster_T1_3v3_Demo/install/booster_interface/share/booster_interface/package.bash'
[4.923s] [34mcolcon.colcon_core.shell[0m [1;30mINFO[0m Creating package script '/home/booster/Workspace/Booster_T1_3v3_Demo/install/booster_interface/share/booster_interface/package.zsh'
[4.934s] [34mcolcon.colcon_core.environment[0m [1;30mLevel 1[0m create_file_with_runtime_dependencies(/home/booster/Workspace/Booster_T1_3v3_Demo/install/booster_interface/share/colcon-core/packages/booster_interface)
[4.939s] [34mcolcon.colcon_core.environment[0m [1;30mLevel 1[0m create_environment_scripts_only(booster_interface)
[4.940s] [34mcolcon.colcon_core.environment[0m [1;30mLevel 1[0m checking '/home/booster/Workspace/Booster_T1_3v3_Demo/install/booster_interface' for CMake module files
[4.942s] [34mcolcon.colcon_core.environment[0m [1;30mLevel 1[0m checking '/home/booster/Workspace/Booster_T1_3v3_Demo/install/booster_interface' for CMake config files
[4.947s] [34mcolcon.colcon_core.shell[0m [1;30mLevel 1[0m create_environment_hook('booster_interface', 'cmake_prefix_path')
[4.948s] [34mcolcon.colcon_core.shell[0m [1;30mINFO[0m Creating environment hook '/home/booster/Workspace/Booster_T1_3v3_Demo/install/booster_interface/share/booster_interface/hook/cmake_prefix_path.ps1'
[4.949s] [34mcolcon.colcon_core.shell[0m [1;30mINFO[0m Creating environment descriptor '/home/booster/Workspace/Booster_T1_3v3_Demo/install/booster_interface/share/booster_interface/hook/cmake_prefix_path.dsv'
[4.950s] [34mcolcon.colcon_core.shell[0m [1;30mINFO[0m Creating environment hook '/home/booster/Workspace/Booster_T1_3v3_Demo/install/booster_interface/share/booster_interface/hook/cmake_prefix_path.sh'
[4.953s] [34mcolcon.colcon_core.environment[0m [1;30mLevel 1[0m checking '/home/booster/Workspace/Booster_T1_3v3_Demo/install/booster_interface/lib'
[4.953s] [34mcolcon.colcon_core.shell[0m [1;30mLevel 1[0m create_environment_hook('booster_interface', 'ld_library_path_lib')
[4.954s] [34mcolcon.colcon_core.shell[0m [1;30mINFO[0m Creating environment hook '/home/booster/Workspace/Booster_T1_3v3_Demo/install/booster_interface/share/booster_interface/hook/ld_library_path_lib.ps1'
[4.955s] [34mcolcon.colcon_core.shell[0m [1;30mINFO[0m Creating environment descriptor '/home/booster/Workspace/Booster_T1_3v3_Demo/install/booster_interface/share/booster_interface/hook/ld_library_path_lib.dsv'
[4.957s] [34mcolcon.colcon_core.shell[0m [1;30mINFO[0m Creating environment hook '/home/booster/Workspace/Booster_T1_3v3_Demo/install/booster_interface/share/booster_interface/hook/ld_library_path_lib.sh'
[4.958s] [34mcolcon.colcon_core.environment[0m [1;30mLevel 1[0m checking '/home/booster/Workspace/Booster_T1_3v3_Demo/install/booster_interface/bin'
[4.958s] [34mcolcon.colcon_core.environment[0m [1;30mLevel 1[0m checking '/home/booster/Workspace/Booster_T1_3v3_Demo/install/booster_interface/lib/pkgconfig/booster_interface.pc'
[4.959s] [34mcolcon.colcon_core.environment[0m [1;30mLevel 1[0m checking '/home/booster/Workspace/Booster_T1_3v3_Demo/install/booster_interface/lib/python3.10/site-packages'
[4.959s] [34mcolcon.colcon_core.environment[0m [1;30mLevel 1[0m checking '/home/booster/Workspace/Booster_T1_3v3_Demo/install/booster_interface/bin'
[4.960s] [34mcolcon.colcon_core.shell[0m [1;30mINFO[0m Creating package script '/home/booster/Workspace/Booster_T1_3v3_Demo/install/booster_interface/share/booster_interface/package.ps1'
[4.962s] [34mcolcon.colcon_core.shell[0m [1;30mINFO[0m Creating package descriptor '/home/booster/Workspace/Booster_T1_3v3_Demo/install/booster_interface/share/booster_interface/package.dsv'
[4.967s] [34mcolcon.colcon_core.shell[0m [1;30mINFO[0m Creating package script '/home/booster/Workspace/Booster_T1_3v3_Demo/install/booster_interface/share/booster_interface/package.sh'
[4.971s] [34mcolcon.colcon_core.shell[0m [1;30mINFO[0m Creating package script '/home/booster/Workspace/Booster_T1_3v3_Demo/install/booster_interface/share/booster_interface/package.bash'
[4.973s] [34mcolcon.colcon_core.shell[0m [1;30mINFO[0m Creating package script '/home/booster/Workspace/Booster_T1_3v3_Demo/install/booster_interface/share/booster_interface/package.zsh'
[4.976s] [34mcolcon.colcon_core.environment[0m [1;30mLevel 1[0m create_file_with_runtime_dependencies(/home/booster/Workspace/Booster_T1_3v3_Demo/install/booster_interface/share/colcon-core/packages/booster_interface)
[4.983s] [34mcolcon.colcon_core.event_handler.log_command[0m [1;30mDEBUG[0m [32mInvoked command in '/home/booster/Workspace/Booster_T1_3v3_Demo/build/game_controller' returned '0': AMENT_PREFIX_PATH=/home/booster/Workspace/Booster_T1_3v3_Demo/install/game_controller_interface:${AMENT_PREFIX_PATH} CMAKE_PREFIX_PATH=/home/booster/Workspace/Booster_T1_3v3_Demo/install/game_controller_interface:/opt/ros/humble LD_LIBRARY_PATH=/home/booster/Workspace/Booster_T1_3v3_Demo/install/game_controller_interface/lib:/opt/ros/humble/opt/rviz_ogre_vendor/lib:/opt/ros/humble/lib/aarch64-linux-gnu:/opt/ros/humble/lib:/usr/local/cuda/lib64 PYTHONPATH=/home/booster/Workspace/Booster_T1_3v3_Demo/install/game_controller_interface/local/lib/python3.10/dist-packages:${PYTHONPATH} /usr/bin/cmake --build /home/booster/Workspace/Booster_T1_3v3_Demo/build/game_controller -- -j5 -l5[0m
[4.989s] [34mcolcon.colcon_core.event_handler.log_command[0m [1;30mDEBUG[0m [32mInvoking command in '/home/booster/Workspace/Booster_T1_3v3_Demo/build/game_controller': AMENT_PREFIX_PATH=/home/booster/Workspace/Booster_T1_3v3_Demo/install/game_controller_interface:${AMENT_PREFIX_PATH} CMAKE_PREFIX_PATH=/home/booster/Workspace/Booster_T1_3v3_Demo/install/game_controller_interface:/opt/ros/humble LD_LIBRARY_PATH=/home/booster/Workspace/Booster_T1_3v3_Demo/install/game_controller_interface/lib:/opt/ros/humble/opt/rviz_ogre_vendor/lib:/opt/ros/humble/lib/aarch64-linux-gnu:/opt/ros/humble/lib:/usr/local/cuda/lib64 PYTHONPATH=/home/booster/Workspace/Booster_T1_3v3_Demo/install/game_controller_interface/local/lib/python3.10/dist-packages:${PYTHONPATH} /usr/bin/cmake --install /home/booster/Workspace/Booster_T1_3v3_Demo/build/game_controller[0m
[5.054s] [34mcolcon.colcon_core.environment[0m [1;30mLevel 1[0m create_environment_scripts_only(vision_interface)
[5.055s] [34mcolcon.colcon_core.environment[0m [1;30mLevel 1[0m checking '/home/booster/Workspace/Booster_T1_3v3_Demo/install/vision_interface' for CMake module files
[5.057s] [34mcolcon.colcon_core.environment[0m [1;30mLevel 1[0m checking '/home/booster/Workspace/Booster_T1_3v3_Demo/install/vision_interface' for CMake config files
[5.058s] [34mcolcon.colcon_core.event_handler.log_command[0m [1;30mDEBUG[0m [32mInvoked command in '/home/booster/Workspace/Booster_T1_3v3_Demo/build/vision_interface' returned '0': CMAKE_PREFIX_PATH=/opt/ros/humble /usr/bin/cmake --install /home/booster/Workspace/Booster_T1_3v3_Demo/build/vision_interface[0m
[5.060s] [34mcolcon.colcon_core.shell[0m [1;30mLevel 1[0m create_environment_hook('vision_interface', 'cmake_prefix_path')
[5.061s] [34mcolcon.colcon_core.shell[0m [1;30mINFO[0m Creating environment hook '/home/booster/Workspace/Booster_T1_3v3_Demo/install/vision_interface/share/vision_interface/hook/cmake_prefix_path.ps1'
[5.062s] [34mcolcon.colcon_core.shell[0m [1;30mINFO[0m Creating environment descriptor '/home/booster/Workspace/Booster_T1_3v3_Demo/install/vision_interface/share/vision_interface/hook/cmake_prefix_path.dsv'
[5.063s] [34mcolcon.colcon_core.shell[0m [1;30mINFO[0m Creating environment hook '/home/booster/Workspace/Booster_T1_3v3_Demo/install/vision_interface/share/vision_interface/hook/cmake_prefix_path.sh'
[5.064s] [34mcolcon.colcon_core.environment[0m [1;30mLevel 1[0m checking '/home/booster/Workspace/Booster_T1_3v3_Demo/install/vision_interface/lib'
[5.064s] [34mcolcon.colcon_core.shell[0m [1;30mLevel 1[0m create_environment_hook('vision_interface', 'ld_library_path_lib')
[5.065s] [34mcolcon.colcon_core.shell[0m [1;30mINFO[0m Creating environment hook '/home/booster/Workspace/Booster_T1_3v3_Demo/install/vision_interface/share/vision_interface/hook/ld_library_path_lib.ps1'
[5.065s] [34mcolcon.colcon_core.shell[0m [1;30mINFO[0m Creating environment descriptor '/home/booster/Workspace/Booster_T1_3v3_Demo/install/vision_interface/share/vision_interface/hook/ld_library_path_lib.dsv'
[5.066s] [34mcolcon.colcon_core.shell[0m [1;30mINFO[0m Creating environment hook '/home/booster/Workspace/Booster_T1_3v3_Demo/install/vision_interface/share/vision_interface/hook/ld_library_path_lib.sh'
[5.067s] [34mcolcon.colcon_core.environment[0m [1;30mLevel 1[0m checking '/home/booster/Workspace/Booster_T1_3v3_Demo/install/vision_interface/bin'
[5.067s] [34mcolcon.colcon_core.environment[0m [1;30mLevel 1[0m checking '/home/booster/Workspace/Booster_T1_3v3_Demo/install/vision_interface/lib/pkgconfig/vision_interface.pc'
[5.068s] [34mcolcon.colcon_core.environment[0m [1;30mLevel 1[0m checking '/home/booster/Workspace/Booster_T1_3v3_Demo/install/vision_interface/lib/python3.10/site-packages'
[5.069s] [34mcolcon.colcon_core.environment[0m [1;30mLevel 1[0m checking '/home/booster/Workspace/Booster_T1_3v3_Demo/install/vision_interface/bin'
[5.071s] [34mcolcon.colcon_core.shell[0m [1;30mINFO[0m Creating package script '/home/booster/Workspace/Booster_T1_3v3_Demo/install/vision_interface/share/vision_interface/package.ps1'
[5.073s] [34mcolcon.colcon_core.shell[0m [1;30mINFO[0m Creating package descriptor '/home/booster/Workspace/Booster_T1_3v3_Demo/install/vision_interface/share/vision_interface/package.dsv'
[5.076s] [34mcolcon.colcon_core.shell[0m [1;30mINFO[0m Creating package script '/home/booster/Workspace/Booster_T1_3v3_Demo/install/vision_interface/share/vision_interface/package.sh'
[5.077s] [34mcolcon.colcon_core.shell[0m [1;30mINFO[0m Creating package script '/home/booster/Workspace/Booster_T1_3v3_Demo/install/vision_interface/share/vision_interface/package.bash'
[5.078s] [34mcolcon.colcon_core.shell[0m [1;30mINFO[0m Creating package script '/home/booster/Workspace/Booster_T1_3v3_Demo/install/vision_interface/share/vision_interface/package.zsh'
[5.079s] [34mcolcon.colcon_core.environment[0m [1;30mLevel 1[0m create_file_with_runtime_dependencies(/home/booster/Workspace/Booster_T1_3v3_Demo/install/vision_interface/share/colcon-core/packages/vision_interface)
[5.080s] [34mcolcon.colcon_core.environment[0m [1;30mLevel 1[0m create_environment_scripts_only(vision_interface)
[5.081s] [34mcolcon.colcon_core.environment[0m [1;30mLevel 1[0m checking '/home/booster/Workspace/Booster_T1_3v3_Demo/install/vision_interface' for CMake module files
[5.082s] [34mcolcon.colcon_core.environment[0m [1;30mLevel 1[0m checking '/home/booster/Workspace/Booster_T1_3v3_Demo/install/vision_interface' for CMake config files
[5.085s] [34mcolcon.colcon_core.shell[0m [1;30mLevel 1[0m create_environment_hook('vision_interface', 'cmake_prefix_path')
[5.085s] [34mcolcon.colcon_core.shell[0m [1;30mINFO[0m Creating environment hook '/home/booster/Workspace/Booster_T1_3v3_Demo/install/vision_interface/share/vision_interface/hook/cmake_prefix_path.ps1'
[5.087s] [34mcolcon.colcon_core.shell[0m [1;30mINFO[0m Creating environment descriptor '/home/booster/Workspace/Booster_T1_3v3_Demo/install/vision_interface/share/vision_interface/hook/cmake_prefix_path.dsv'
[5.087s] [34mcolcon.colcon_core.shell[0m [1;30mINFO[0m Creating environment hook '/home/booster/Workspace/Booster_T1_3v3_Demo/install/vision_interface/share/vision_interface/hook/cmake_prefix_path.sh'
[5.089s] [34mcolcon.colcon_core.environment[0m [1;30mLevel 1[0m checking '/home/booster/Workspace/Booster_T1_3v3_Demo/install/vision_interface/lib'
[5.089s] [34mcolcon.colcon_core.shell[0m [1;30mLevel 1[0m create_environment_hook('vision_interface', 'ld_library_path_lib')
[5.089s] [34mcolcon.colcon_core.shell[0m [1;30mINFO[0m Creating environment hook '/home/booster/Workspace/Booster_T1_3v3_Demo/install/vision_interface/share/vision_interface/hook/ld_library_path_lib.ps1'
[5.090s] [34mcolcon.colcon_core.shell[0m [1;30mINFO[0m Creating environment descriptor '/home/booster/Workspace/Booster_T1_3v3_Demo/install/vision_interface/share/vision_interface/hook/ld_library_path_lib.dsv'
[5.091s] [34mcolcon.colcon_core.shell[0m [1;30mINFO[0m Creating environment hook '/home/booster/Workspace/Booster_T1_3v3_Demo/install/vision_interface/share/vision_interface/hook/ld_library_path_lib.sh'
[5.092s] [34mcolcon.colcon_core.environment[0m [1;30mLevel 1[0m checking '/home/booster/Workspace/Booster_T1_3v3_Demo/install/vision_interface/bin'
[5.092s] [34mcolcon.colcon_core.environment[0m [1;30mLevel 1[0m checking '/home/booster/Workspace/Booster_T1_3v3_Demo/install/vision_interface/lib/pkgconfig/vision_interface.pc'
[5.092s] [34mcolcon.colcon_core.environment[0m [1;30mLevel 1[0m checking '/home/booster/Workspace/Booster_T1_3v3_Demo/install/vision_interface/lib/python3.10/site-packages'
[5.092s] [34mcolcon.colcon_core.environment[0m [1;30mLevel 1[0m checking '/home/booster/Workspace/Booster_T1_3v3_Demo/install/vision_interface/bin'
[5.093s] [34mcolcon.colcon_core.shell[0m [1;30mINFO[0m Creating package script '/home/booster/Workspace/Booster_T1_3v3_Demo/install/vision_interface/share/vision_interface/package.ps1'
[5.094s] [34mcolcon.colcon_core.shell[0m [1;30mINFO[0m Creating package descriptor '/home/booster/Workspace/Booster_T1_3v3_Demo/install/vision_interface/share/vision_interface/package.dsv'
[5.095s] [34mcolcon.colcon_core.shell[0m [1;30mINFO[0m Creating package script '/home/booster/Workspace/Booster_T1_3v3_Demo/install/vision_interface/share/vision_interface/package.sh'
[5.096s] [34mcolcon.colcon_core.shell[0m [1;30mINFO[0m Creating package script '/home/booster/Workspace/Booster_T1_3v3_Demo/install/vision_interface/share/vision_interface/package.bash'
[5.097s] [34mcolcon.colcon_core.shell[0m [1;30mINFO[0m Creating package script '/home/booster/Workspace/Booster_T1_3v3_Demo/install/vision_interface/share/vision_interface/package.zsh'
[5.098s] [34mcolcon.colcon_core.environment[0m [1;30mLevel 1[0m create_file_with_runtime_dependencies(/home/booster/Workspace/Booster_T1_3v3_Demo/install/vision_interface/share/colcon-core/packages/vision_interface)
[5.099s] [34mcolcon.colcon_ros.task.ament_cmake.build[0m [1;30mINFO[0m Building ROS package in '/home/booster/Workspace/Booster_T1_3v3_Demo/src/brain' with build type 'ament_cmake'
[5.100s] [34mcolcon.colcon_cmake.task.cmake.build[0m [1;30mINFO[0m Building CMake package in '/home/booster/Workspace/Booster_T1_3v3_Demo/src/brain'
[5.100s] [34mcolcon.colcon_core.shell[0m [1;30mINFO[0m Skip shell extension 'powershell' for command environment: Not usable outside of PowerShell
[5.101s] [34mcolcon.colcon_core.shell[0m [1;30mDEBUG[0m [32mSkip shell extension 'dsv' for command environment[0m
[5.109s] [34mcolcon.colcon_ros.task.ament_cmake.build[0m [1;30mINFO[0m Building ROS package in '/home/booster/Workspace/Booster_T1_3v3_Demo/src/vision' with build type 'ament_cmake'
[5.109s] [34mcolcon.colcon_cmake.task.cmake.build[0m [1;30mINFO[0m Building CMake package in '/home/booster/Workspace/Booster_T1_3v3_Demo/src/vision'
[5.110s] [34mcolcon.colcon_core.shell[0m [1;30mINFO[0m Skip shell extension 'powershell' for command environment: Not usable outside of PowerShell
[5.110s] [34mcolcon.colcon_core.shell[0m [1;30mDEBUG[0m [32mSkip shell extension 'dsv' for command environment[0m
[5.120s] [34mcolcon.colcon_core.environment[0m [1;30mLevel 1[0m create_environment_scripts_only(game_controller)
[5.121s] [34mcolcon.colcon_core.event_handler.log_command[0m [1;30mDEBUG[0m [32mInvoked command in '/home/booster/Workspace/Booster_T1_3v3_Demo/build/game_controller' returned '0': AMENT_PREFIX_PATH=/home/booster/Workspace/Booster_T1_3v3_Demo/install/game_controller_interface:${AMENT_PREFIX_PATH} CMAKE_PREFIX_PATH=/home/booster/Workspace/Booster_T1_3v3_Demo/install/game_controller_interface:/opt/ros/humble LD_LIBRARY_PATH=/home/booster/Workspace/Booster_T1_3v3_Demo/install/game_controller_interface/lib:/opt/ros/humble/opt/rviz_ogre_vendor/lib:/opt/ros/humble/lib/aarch64-linux-gnu:/opt/ros/humble/lib:/usr/local/cuda/lib64 PYTHONPATH=/home/booster/Workspace/Booster_T1_3v3_Demo/install/game_controller_interface/local/lib/python3.10/dist-packages:${PYTHONPATH} /usr/bin/cmake --install /home/booster/Workspace/Booster_T1_3v3_Demo/build/game_controller[0m
[5.122s] [34mcolcon.colcon_core.environment[0m [1;30mLevel 1[0m checking '/home/booster/Workspace/Booster_T1_3v3_Demo/install/game_controller' for CMake module files
[5.124s] [34mcolcon.colcon_core.environment[0m [1;30mLevel 1[0m checking '/home/booster/Workspace/Booster_T1_3v3_Demo/install/game_controller' for CMake config files
[5.126s] [34mcolcon.colcon_core.shell[0m [1;30mLevel 1[0m create_environment_hook('game_controller', 'cmake_prefix_path')
[5.127s] [34mcolcon.colcon_core.shell[0m [1;30mINFO[0m Creating environment hook '/home/booster/Workspace/Booster_T1_3v3_Demo/install/game_controller/share/game_controller/hook/cmake_prefix_path.ps1'
[5.130s] [34mcolcon.colcon_core.shell[0m [1;30mINFO[0m Creating environment descriptor '/home/booster/Workspace/Booster_T1_3v3_Demo/install/game_controller/share/game_controller/hook/cmake_prefix_path.dsv'
[5.135s] [34mcolcon.colcon_core.shell[0m [1;30mINFO[0m Creating environment hook '/home/booster/Workspace/Booster_T1_3v3_Demo/install/game_controller/share/game_controller/hook/cmake_prefix_path.sh'
[5.139s] [34mcolcon.colcon_core.environment[0m [1;30mLevel 1[0m checking '/home/booster/Workspace/Booster_T1_3v3_Demo/install/game_controller/lib'
[5.140s] [34mcolcon.colcon_core.environment[0m [1;30mLevel 1[0m checking '/home/booster/Workspace/Booster_T1_3v3_Demo/install/game_controller/bin'
[5.140s] [34mcolcon.colcon_core.environment[0m [1;30mLevel 1[0m checking '/home/booster/Workspace/Booster_T1_3v3_Demo/install/game_controller/lib/pkgconfig/game_controller.pc'
[5.141s] [34mcolcon.colcon_core.environment[0m [1;30mLevel 1[0m checking '/home/booster/Workspace/Booster_T1_3v3_Demo/install/game_controller/lib/python3.10/site-packages'
[5.141s] [34mcolcon.colcon_core.environment[0m [1;30mLevel 1[0m checking '/home/booster/Workspace/Booster_T1_3v3_Demo/install/game_controller/bin'
[5.142s] [34mcolcon.colcon_core.shell[0m [1;30mINFO[0m Creating package script '/home/booster/Workspace/Booster_T1_3v3_Demo/install/game_controller/share/game_controller/package.ps1'
[5.145s] [34mcolcon.colcon_core.shell[0m [1;30mINFO[0m Creating package descriptor '/home/booster/Workspace/Booster_T1_3v3_Demo/install/game_controller/share/game_controller/package.dsv'
[5.146s] [34mcolcon.colcon_core.shell[0m [1;30mINFO[0m Creating package script '/home/booster/Workspace/Booster_T1_3v3_Demo/install/game_controller/share/game_controller/package.sh'
[5.147s] [34mcolcon.colcon_core.shell[0m [1;30mINFO[0m Creating package script '/home/booster/Workspace/Booster_T1_3v3_Demo/install/game_controller/share/game_controller/package.bash'
[5.148s] [34mcolcon.colcon_core.shell[0m [1;30mINFO[0m Creating package script '/home/booster/Workspace/Booster_T1_3v3_Demo/install/game_controller/share/game_controller/package.zsh'
[5.148s] [34mcolcon.colcon_core.environment[0m [1;30mLevel 1[0m create_file_with_runtime_dependencies(/home/booster/Workspace/Booster_T1_3v3_Demo/install/game_controller/share/colcon-core/packages/game_controller)
[5.149s] [34mcolcon.colcon_core.environment[0m [1;30mLevel 1[0m create_environment_scripts_only(game_controller)
[5.150s] [34mcolcon.colcon_core.environment[0m [1;30mLevel 1[0m checking '/home/booster/Workspace/Booster_T1_3v3_Demo/install/game_controller' for CMake module files
[5.151s] [34mcolcon.colcon_core.environment[0m [1;30mLevel 1[0m checking '/home/booster/Workspace/Booster_T1_3v3_Demo/install/game_controller' for CMake config files
[5.151s] [34mcolcon.colcon_core.shell[0m [1;30mLevel 1[0m create_environment_hook('game_controller', 'cmake_prefix_path')
[5.152s] [34mcolcon.colcon_core.shell[0m [1;30mINFO[0m Creating environment hook '/home/booster/Workspace/Booster_T1_3v3_Demo/install/game_controller/share/game_controller/hook/cmake_prefix_path.ps1'
[5.153s] [34mcolcon.colcon_core.shell[0m [1;30mINFO[0m Creating environment descriptor '/home/booster/Workspace/Booster_T1_3v3_Demo/install/game_controller/share/game_controller/hook/cmake_prefix_path.dsv'
[5.153s] [34mcolcon.colcon_core.shell[0m [1;30mINFO[0m Creating environment hook '/home/booster/Workspace/Booster_T1_3v3_Demo/install/game_controller/share/game_controller/hook/cmake_prefix_path.sh'
[5.155s] [34mcolcon.colcon_core.environment[0m [1;30mLevel 1[0m checking '/home/booster/Workspace/Booster_T1_3v3_Demo/install/game_controller/lib'
[5.156s] [34mcolcon.colcon_core.environment[0m [1;30mLevel 1[0m checking '/home/booster/Workspace/Booster_T1_3v3_Demo/install/game_controller/bin'
[5.156s] [34mcolcon.colcon_core.environment[0m [1;30mLevel 1[0m checking '/home/booster/Workspace/Booster_T1_3v3_Demo/install/game_controller/lib/pkgconfig/game_controller.pc'
[5.156s] [34mcolcon.colcon_core.environment[0m [1;30mLevel 1[0m checking '/home/booster/Workspace/Booster_T1_3v3_Demo/install/game_controller/lib/python3.10/site-packages'
[5.156s] [34mcolcon.colcon_core.environment[0m [1;30mLevel 1[0m checking '/home/booster/Workspace/Booster_T1_3v3_Demo/install/game_controller/bin'
[5.157s] [34mcolcon.colcon_core.shell[0m [1;30mINFO[0m Creating package script '/home/booster/Workspace/Booster_T1_3v3_Demo/install/game_controller/share/game_controller/package.ps1'
[5.158s] [34mcolcon.colcon_core.shell[0m [1;30mINFO[0m Creating package descriptor '/home/booster/Workspace/Booster_T1_3v3_Demo/install/game_controller/share/game_controller/package.dsv'
[5.159s] [34mcolcon.colcon_core.shell[0m [1;30mINFO[0m Creating package script '/home/booster/Workspace/Booster_T1_3v3_Demo/install/game_controller/share/game_controller/package.sh'
[5.160s] [34mcolcon.colcon_core.shell[0m [1;30mINFO[0m Creating package script '/home/booster/Workspace/Booster_T1_3v3_Demo/install/game_controller/share/game_controller/package.bash'
[5.161s] [34mcolcon.colcon_core.shell[0m [1;30mINFO[0m Creating package script '/home/booster/Workspace/Booster_T1_3v3_Demo/install/game_controller/share/game_controller/package.zsh'
[5.162s] [34mcolcon.colcon_core.environment[0m [1;30mLevel 1[0m create_file_with_runtime_dependencies(/home/booster/Workspace/Booster_T1_3v3_Demo/install/game_controller/share/colcon-core/packages/game_controller)
[5.178s] [34mcolcon.colcon_core.event_handler.log_command[0m [1;30mDEBUG[0m [32mInvoking command in '/home/booster/Workspace/Booster_T1_3v3_Demo/build/vision': AMENT_PREFIX_PATH=/home/booster/Workspace/Booster_T1_3v3_Demo/install/vision_interface:${AMENT_PREFIX_PATH} CMAKE_PREFIX_PATH=/home/booster/Workspace/Booster_T1_3v3_Demo/install/vision_interface:/opt/ros/humble LD_LIBRARY_PATH=/home/booster/Workspace/Booster_T1_3v3_Demo/install/vision_interface/lib:/opt/ros/humble/opt/rviz_ogre_vendor/lib:/opt/ros/humble/lib/aarch64-linux-gnu:/opt/ros/humble/lib:/usr/local/cuda/lib64 PYTHONPATH=/home/booster/Workspace/Booster_T1_3v3_Demo/install/vision_interface/local/lib/python3.10/dist-packages:${PYTHONPATH} /usr/bin/cmake --build /home/booster/Workspace/Booster_T1_3v3_Demo/build/vision -- -j5 -l5[0m
[5.182s] [34mcolcon.colcon_core.event_handler.log_command[0m [1;30mDEBUG[0m [32mInvoking command in '/home/booster/Workspace/Booster_T1_3v3_Demo/build/brain': AMENT_PREFIX_PATH=/home/booster/Workspace/Booster_T1_3v3_Demo/install/vision_interface:/home/booster/Workspace/Booster_T1_3v3_Demo/install/game_controller_interface:/home/booster/Workspace/Booster_T1_3v3_Demo/install/booster_msgs:/home/booster/Workspace/Booster_T1_3v3_Demo/install/booster_interface:${AMENT_PREFIX_PATH} CMAKE_PREFIX_PATH=/home/booster/Workspace/Booster_T1_3v3_Demo/install/vision_interface:/home/booster/Workspace/Booster_T1_3v3_Demo/install/game_controller_interface:/home/booster/Workspace/Booster_T1_3v3_Demo/install/booster_msgs:/home/booster/Workspace/Booster_T1_3v3_Demo/install/booster_interface:/opt/ros/humble LD_LIBRARY_PATH=/home/booster/Workspace/Booster_T1_3v3_Demo/install/vision_interface/lib:/home/booster/Workspace/Booster_T1_3v3_Demo/install/game_controller_interface/lib:/home/booster/Workspace/Booster_T1_3v3_Demo/install/booster_msgs/lib:/home/booster/Workspace/Booster_T1_3v3_Demo/install/booster_interface/lib:/opt/ros/humble/opt/rviz_ogre_vendor/lib:/opt/ros/humble/lib/aarch64-linux-gnu:/opt/ros/humble/lib:/usr/local/cuda/lib64 PYTHONPATH=/home/booster/Workspace/Booster_T1_3v3_Demo/install/vision_interface/local/lib/python3.10/dist-packages:/home/booster/Workspace/Booster_T1_3v3_Demo/install/game_controller_interface/local/lib/python3.10/dist-packages:/home/booster/Workspace/Booster_T1_3v3_Demo/install/booster_msgs/local/lib/python3.10/dist-packages:/home/booster/Workspace/Booster_T1_3v3_Demo/install/booster_interface/local/lib/python3.10/dist-packages:${PYTHONPATH} /usr/bin/cmake --build /home/booster/Workspace/Booster_T1_3v3_Demo/build/brain -- -j5 -l5[0m
[6.313s] [34mcolcon.colcon_core.event_handler.log_command[0m [1;30mDEBUG[0m [32mInvoked command in '/home/booster/Workspace/Booster_T1_3v3_Demo/build/vision' returned '0': AMENT_PREFIX_PATH=/home/booster/Workspace/Booster_T1_3v3_Demo/install/vision_interface:${AMENT_PREFIX_PATH} CMAKE_PREFIX_PATH=/home/booster/Workspace/Booster_T1_3v3_Demo/install/vision_interface:/opt/ros/humble LD_LIBRARY_PATH=/home/booster/Workspace/Booster_T1_3v3_Demo/install/vision_interface/lib:/opt/ros/humble/opt/rviz_ogre_vendor/lib:/opt/ros/humble/lib/aarch64-linux-gnu:/opt/ros/humble/lib:/usr/local/cuda/lib64 PYTHONPATH=/home/booster/Workspace/Booster_T1_3v3_Demo/install/vision_interface/local/lib/python3.10/dist-packages:${PYTHONPATH} /usr/bin/cmake --build /home/booster/Workspace/Booster_T1_3v3_Demo/build/vision -- -j5 -l5[0m
[6.314s] [34mcolcon.colcon_core.event_handler.log_command[0m [1;30mDEBUG[0m [32mInvoking command in '/home/booster/Workspace/Booster_T1_3v3_Demo/build/vision': AMENT_PREFIX_PATH=/home/booster/Workspace/Booster_T1_3v3_Demo/install/vision_interface:${AMENT_PREFIX_PATH} CMAKE_PREFIX_PATH=/home/booster/Workspace/Booster_T1_3v3_Demo/install/vision_interface:/opt/ros/humble LD_LIBRARY_PATH=/home/booster/Workspace/Booster_T1_3v3_Demo/install/vision_interface/lib:/opt/ros/humble/opt/rviz_ogre_vendor/lib:/opt/ros/humble/lib/aarch64-linux-gnu:/opt/ros/humble/lib:/usr/local/cuda/lib64 PYTHONPATH=/home/booster/Workspace/Booster_T1_3v3_Demo/install/vision_interface/local/lib/python3.10/dist-packages:${PYTHONPATH} /usr/bin/cmake --install /home/booster/Workspace/Booster_T1_3v3_Demo/build/vision[0m
[6.408s] [34mcolcon.colcon_core.shell[0m [1;30mLevel 1[0m create_environment_hook('sound_play', 'pythonpath_develop')
[6.409s] [34mcolcon.colcon_core.shell[0m [1;30mINFO[0m Creating environment hook '/home/booster/Workspace/Booster_T1_3v3_Demo/build/sound_play/share/sound_play/hook/pythonpath_develop.ps1'
[6.411s] [34mcolcon.colcon_core.shell[0m [1;30mINFO[0m Creating environment descriptor '/home/booster/Workspace/Booster_T1_3v3_Demo/build/sound_play/share/sound_play/hook/pythonpath_develop.dsv'
[6.413s] [34mcolcon.colcon_core.event_handler.log_command[0m [1;30mDEBUG[0m [32mInvoked command in '/home/booster/Workspace/Booster_T1_3v3_Demo/build/sound_play' returned '0': PYTHONPATH=/home/booster/Workspace/Booster_T1_3v3_Demo/build/sound_play/prefix_override:/usr/lib/python3/dist-packages/colcon_core/task/python/colcon_distutils_commands:/home/booster/Workspace/Booster_T1_3v3_Demo/install/sound_play/lib/python3.10/site-packages:${PYTHONPATH} /usr/bin/python3 -W ignore:setup.py install is deprecated -W ignore:easy_install command is deprecated setup.py develop --editable --build-directory /home/booster/Workspace/Booster_T1_3v3_Demo/build/sound_play/build --no-deps symlink_data[0m
[6.413s] [34mcolcon.colcon_core.shell[0m [1;30mINFO[0m Creating environment hook '/home/booster/Workspace/Booster_T1_3v3_Demo/build/sound_play/share/sound_play/hook/pythonpath_develop.sh'
[6.415s] [34mcolcon.colcon_core.environment[0m [1;30mLevel 1[0m checking '/home/booster/Workspace/Booster_T1_3v3_Demo/install/sound_play' for CMake module files
[6.416s] [34mcolcon.colcon_core.environment[0m [1;30mLevel 1[0m checking '/home/booster/Workspace/Booster_T1_3v3_Demo/install/sound_play' for CMake config files
[6.418s] [34mcolcon.colcon_core.environment[0m [1;30mLevel 1[0m checking '/home/booster/Workspace/Booster_T1_3v3_Demo/install/sound_play/lib'
[6.418s] [34mcolcon.colcon_core.environment[0m [1;30mLevel 1[0m checking '/home/booster/Workspace/Booster_T1_3v3_Demo/install/sound_play/bin'
[6.418s] [34mcolcon.colcon_core.environment[0m [1;30mLevel 1[0m checking '/home/booster/Workspace/Booster_T1_3v3_Demo/install/sound_play/lib/pkgconfig/sound_play.pc'
[6.419s] [34mcolcon.colcon_core.environment[0m [1;30mLevel 1[0m checking '/home/booster/Workspace/Booster_T1_3v3_Demo/install/sound_play/lib/python3.10/site-packages'
[6.419s] [34mcolcon.colcon_core.shell[0m [1;30mLevel 1[0m create_environment_hook('sound_play', 'pythonpath')
[6.419s] [34mcolcon.colcon_core.shell[0m [1;30mINFO[0m Creating environment hook '/home/booster/Workspace/Booster_T1_3v3_Demo/install/sound_play/share/sound_play/hook/pythonpath.ps1'
[6.420s] [34mcolcon.colcon_core.shell[0m [1;30mINFO[0m Creating environment descriptor '/home/booster/Workspace/Booster_T1_3v3_Demo/install/sound_play/share/sound_play/hook/pythonpath.dsv'
[6.421s] [34mcolcon.colcon_core.shell[0m [1;30mINFO[0m Creating environment hook '/home/booster/Workspace/Booster_T1_3v3_Demo/install/sound_play/share/sound_play/hook/pythonpath.sh'
[6.422s] [34mcolcon.colcon_core.environment[0m [1;30mLevel 1[0m checking '/home/booster/Workspace/Booster_T1_3v3_Demo/install/sound_play/bin'
[6.422s] [34mcolcon.colcon_core.environment[0m [1;30mLevel 1[0m create_environment_scripts_only(sound_play)
[6.424s] [34mcolcon.colcon_core.shell[0m [1;30mINFO[0m Creating package script '/home/booster/Workspace/Booster_T1_3v3_Demo/install/sound_play/share/sound_play/package.ps1'
[6.425s] [34mcolcon.colcon_core.shell[0m [1;30mINFO[0m Creating package descriptor '/home/booster/Workspace/Booster_T1_3v3_Demo/install/sound_play/share/sound_play/package.dsv'
[6.426s] [34mcolcon.colcon_core.shell[0m [1;30mINFO[0m Creating package script '/home/booster/Workspace/Booster_T1_3v3_Demo/install/sound_play/share/sound_play/package.sh'
[6.428s] [34mcolcon.colcon_core.shell[0m [1;30mINFO[0m Creating package script '/home/booster/Workspace/Booster_T1_3v3_Demo/install/sound_play/share/sound_play/package.bash'
[6.429s] [34mcolcon.colcon_core.shell[0m [1;30mINFO[0m Creating package script '/home/booster/Workspace/Booster_T1_3v3_Demo/install/sound_play/share/sound_play/package.zsh'
[6.430s] [34mcolcon.colcon_core.environment[0m [1;30mLevel 1[0m create_file_with_runtime_dependencies(/home/booster/Workspace/Booster_T1_3v3_Demo/install/sound_play/share/colcon-core/packages/sound_play)
[6.433s] [34mcolcon.colcon_core.environment[0m [1;30mLevel 1[0m create_environment_scripts_only(vision)
[6.433s] [34mcolcon.colcon_core.environment[0m [1;30mLevel 1[0m checking '/home/booster/Workspace/Booster_T1_3v3_Demo/install/vision' for CMake module files
[6.436s] [34mcolcon.colcon_core.event_handler.log_command[0m [1;30mDEBUG[0m [32mInvoked command in '/home/booster/Workspace/Booster_T1_3v3_Demo/build/vision' returned '0': AMENT_PREFIX_PATH=/home/booster/Workspace/Booster_T1_3v3_Demo/install/vision_interface:${AMENT_PREFIX_PATH} CMAKE_PREFIX_PATH=/home/booster/Workspace/Booster_T1_3v3_Demo/install/vision_interface:/opt/ros/humble LD_LIBRARY_PATH=/home/booster/Workspace/Booster_T1_3v3_Demo/install/vision_interface/lib:/opt/ros/humble/opt/rviz_ogre_vendor/lib:/opt/ros/humble/lib/aarch64-linux-gnu:/opt/ros/humble/lib:/usr/local/cuda/lib64 PYTHONPATH=/home/booster/Workspace/Booster_T1_3v3_Demo/install/vision_interface/local/lib/python3.10/dist-packages:${PYTHONPATH} /usr/bin/cmake --install /home/booster/Workspace/Booster_T1_3v3_Demo/build/vision[0m
[6.440s] [34mcolcon.colcon_core.environment[0m [1;30mLevel 1[0m checking '/home/booster/Workspace/Booster_T1_3v3_Demo/install/vision' for CMake config files
[6.441s] [34mcolcon.colcon_core.shell[0m [1;30mLevel 1[0m create_environment_hook('vision', 'cmake_prefix_path')
[6.442s] [34mcolcon.colcon_core.shell[0m [1;30mINFO[0m Creating environment hook '/home/booster/Workspace/Booster_T1_3v3_Demo/install/vision/share/vision/hook/cmake_prefix_path.ps1'
[6.443s] [34mcolcon.colcon_core.shell[0m [1;30mINFO[0m Creating environment descriptor '/home/booster/Workspace/Booster_T1_3v3_Demo/install/vision/share/vision/hook/cmake_prefix_path.dsv'
[6.444s] [34mcolcon.colcon_core.shell[0m [1;30mINFO[0m Creating environment hook '/home/booster/Workspace/Booster_T1_3v3_Demo/install/vision/share/vision/hook/cmake_prefix_path.sh'
[6.445s] [34mcolcon.colcon_core.environment[0m [1;30mLevel 1[0m checking '/home/booster/Workspace/Booster_T1_3v3_Demo/install/vision/lib'
[6.445s] [34mcolcon.colcon_core.shell[0m [1;30mLevel 1[0m create_environment_hook('vision', 'ld_library_path_lib')
[6.446s] [34mcolcon.colcon_core.shell[0m [1;30mINFO[0m Creating environment hook '/home/booster/Workspace/Booster_T1_3v3_Demo/install/vision/share/vision/hook/ld_library_path_lib.ps1'
[6.456s] [34mcolcon.colcon_core.shell[0m [1;30mINFO[0m Creating environment descriptor '/home/booster/Workspace/Booster_T1_3v3_Demo/install/vision/share/vision/hook/ld_library_path_lib.dsv'
[6.458s] [34mcolcon.colcon_core.shell[0m [1;30mINFO[0m Creating environment hook '/home/booster/Workspace/Booster_T1_3v3_Demo/install/vision/share/vision/hook/ld_library_path_lib.sh'
[6.459s] [34mcolcon.colcon_core.environment[0m [1;30mLevel 1[0m checking '/home/booster/Workspace/Booster_T1_3v3_Demo/install/vision/bin'
[6.459s] [34mcolcon.colcon_core.environment[0m [1;30mLevel 1[0m checking '/home/booster/Workspace/Booster_T1_3v3_Demo/install/vision/lib/pkgconfig/vision.pc'
[6.460s] [34mcolcon.colcon_core.environment[0m [1;30mLevel 1[0m checking '/home/booster/Workspace/Booster_T1_3v3_Demo/install/vision/lib/python3.10/site-packages'
[6.461s] [34mcolcon.colcon_core.environment[0m [1;30mLevel 1[0m checking '/home/booster/Workspace/Booster_T1_3v3_Demo/install/vision/bin'
[6.462s] [34mcolcon.colcon_core.shell[0m [1;30mINFO[0m Creating package script '/home/booster/Workspace/Booster_T1_3v3_Demo/install/vision/share/vision/package.ps1'
[6.464s] [34mcolcon.colcon_core.shell[0m [1;30mINFO[0m Creating package descriptor '/home/booster/Workspace/Booster_T1_3v3_Demo/install/vision/share/vision/package.dsv'
[6.465s] [34mcolcon.colcon_core.shell[0m [1;30mINFO[0m Creating package script '/home/booster/Workspace/Booster_T1_3v3_Demo/install/vision/share/vision/package.sh'
[6.467s] [34mcolcon.colcon_core.shell[0m [1;30mINFO[0m Creating package script '/home/booster/Workspace/Booster_T1_3v3_Demo/install/vision/share/vision/package.bash'
[6.468s] [34mcolcon.colcon_core.shell[0m [1;30mINFO[0m Creating package script '/home/booster/Workspace/Booster_T1_3v3_Demo/install/vision/share/vision/package.zsh'
[6.472s] [34mcolcon.colcon_core.environment[0m [1;30mLevel 1[0m create_file_with_runtime_dependencies(/home/booster/Workspace/Booster_T1_3v3_Demo/install/vision/share/colcon-core/packages/vision)
[6.474s] [34mcolcon.colcon_core.environment[0m [1;30mLevel 1[0m create_environment_scripts_only(vision)
[6.474s] [34mcolcon.colcon_core.environment[0m [1;30mLevel 1[0m checking '/home/booster/Workspace/Booster_T1_3v3_Demo/install/vision' for CMake module files
[6.475s] [34mcolcon.colcon_core.environment[0m [1;30mLevel 1[0m checking '/home/booster/Workspace/Booster_T1_3v3_Demo/install/vision' for CMake config files
[6.477s] [34mcolcon.colcon_core.shell[0m [1;30mLevel 1[0m create_environment_hook('vision', 'cmake_prefix_path')
[6.477s] [34mcolcon.colcon_core.shell[0m [1;30mINFO[0m Creating environment hook '/home/booster/Workspace/Booster_T1_3v3_Demo/install/vision/share/vision/hook/cmake_prefix_path.ps1'
[6.478s] [34mcolcon.colcon_core.shell[0m [1;30mINFO[0m Creating environment descriptor '/home/booster/Workspace/Booster_T1_3v3_Demo/install/vision/share/vision/hook/cmake_prefix_path.dsv'
[6.479s] [34mcolcon.colcon_core.shell[0m [1;30mINFO[0m Creating environment hook '/home/booster/Workspace/Booster_T1_3v3_Demo/install/vision/share/vision/hook/cmake_prefix_path.sh'
[6.481s] [34mcolcon.colcon_core.environment[0m [1;30mLevel 1[0m checking '/home/booster/Workspace/Booster_T1_3v3_Demo/install/vision/lib'
[6.481s] [34mcolcon.colcon_core.shell[0m [1;30mLevel 1[0m create_environment_hook('vision', 'ld_library_path_lib')
[6.482s] [34mcolcon.colcon_core.shell[0m [1;30mINFO[0m Creating environment hook '/home/booster/Workspace/Booster_T1_3v3_Demo/install/vision/share/vision/hook/ld_library_path_lib.ps1'
[6.483s] [34mcolcon.colcon_core.shell[0m [1;30mINFO[0m Creating environment descriptor '/home/booster/Workspace/Booster_T1_3v3_Demo/install/vision/share/vision/hook/ld_library_path_lib.dsv'
[6.483s] [34mcolcon.colcon_core.shell[0m [1;30mINFO[0m Creating environment hook '/home/booster/Workspace/Booster_T1_3v3_Demo/install/vision/share/vision/hook/ld_library_path_lib.sh'
[6.484s] [34mcolcon.colcon_core.environment[0m [1;30mLevel 1[0m checking '/home/booster/Workspace/Booster_T1_3v3_Demo/install/vision/bin'
[6.484s] [34mcolcon.colcon_core.environment[0m [1;30mLevel 1[0m checking '/home/booster/Workspace/Booster_T1_3v3_Demo/install/vision/lib/pkgconfig/vision.pc'
[6.485s] [34mcolcon.colcon_core.environment[0m [1;30mLevel 1[0m checking '/home/booster/Workspace/Booster_T1_3v3_Demo/install/vision/lib/python3.10/site-packages'
[6.485s] [34mcolcon.colcon_core.environment[0m [1;30mLevel 1[0m checking '/home/booster/Workspace/Booster_T1_3v3_Demo/install/vision/bin'
[6.486s] [34mcolcon.colcon_core.shell[0m [1;30mINFO[0m Creating package script '/home/booster/Workspace/Booster_T1_3v3_Demo/install/vision/share/vision/package.ps1'
[6.487s] [34mcolcon.colcon_core.shell[0m [1;30mINFO[0m Creating package descriptor '/home/booster/Workspace/Booster_T1_3v3_Demo/install/vision/share/vision/package.dsv'
[6.489s] [34mcolcon.colcon_core.shell[0m [1;30mINFO[0m Creating package script '/home/booster/Workspace/Booster_T1_3v3_Demo/install/vision/share/vision/package.sh'
[6.491s] [34mcolcon.colcon_core.shell[0m [1;30mINFO[0m Creating package script '/home/booster/Workspace/Booster_T1_3v3_Demo/install/vision/share/vision/package.bash'
[6.492s] [34mcolcon.colcon_core.shell[0m [1;30mINFO[0m Creating package script '/home/booster/Workspace/Booster_T1_3v3_Demo/install/vision/share/vision/package.zsh'
[6.493s] [34mcolcon.colcon_core.environment[0m [1;30mLevel 1[0m create_file_with_runtime_dependencies(/home/booster/Workspace/Booster_T1_3v3_Demo/install/vision/share/colcon-core/packages/vision)
[545.848s] [34mcolcon.colcon_core.event_handler.log_command[0m [1;30mDEBUG[0m [32mInvoked command in '/home/booster/Workspace/Booster_T1_3v3_Demo/build/brain' returned '0': AMENT_PREFIX_PATH=/home/booster/Workspace/Booster_T1_3v3_Demo/install/vision_interface:/home/booster/Workspace/Booster_T1_3v3_Demo/install/game_controller_interface:/home/booster/Workspace/Booster_T1_3v3_Demo/install/booster_msgs:/home/booster/Workspace/Booster_T1_3v3_Demo/install/booster_interface:${AMENT_PREFIX_PATH} CMAKE_PREFIX_PATH=/home/booster/Workspace/Booster_T1_3v3_Demo/install/vision_interface:/home/booster/Workspace/Booster_T1_3v3_Demo/install/game_controller_interface:/home/booster/Workspace/Booster_T1_3v3_Demo/install/booster_msgs:/home/booster/Workspace/Booster_T1_3v3_Demo/install/booster_interface:/opt/ros/humble LD_LIBRARY_PATH=/home/booster/Workspace/Booster_T1_3v3_Demo/install/vision_interface/lib:/home/booster/Workspace/Booster_T1_3v3_Demo/install/game_controller_interface/lib:/home/booster/Workspace/Booster_T1_3v3_Demo/install/booster_msgs/lib:/home/booster/Workspace/Booster_T1_3v3_Demo/install/booster_interface/lib:/opt/ros/humble/opt/rviz_ogre_vendor/lib:/opt/ros/humble/lib/aarch64-linux-gnu:/opt/ros/humble/lib:/usr/local/cuda/lib64 PYTHONPATH=/home/booster/Workspace/Booster_T1_3v3_Demo/install/vision_interface/local/lib/python3.10/dist-packages:/home/booster/Workspace/Booster_T1_3v3_Demo/install/game_controller_interface/local/lib/python3.10/dist-packages:/home/booster/Workspace/Booster_T1_3v3_Demo/install/booster_msgs/local/lib/python3.10/dist-packages:/home/booster/Workspace/Booster_T1_3v3_Demo/install/booster_interface/local/lib/python3.10/dist-packages:${PYTHONPATH} /usr/bin/cmake --build /home/booster/Workspace/Booster_T1_3v3_Demo/build/brain -- -j5 -l5[0m
[545.859s] [34mcolcon.colcon_core.event_handler.log_command[0m [1;30mDEBUG[0m [32mInvoking command in '/home/booster/Workspace/Booster_T1_3v3_Demo/build/brain': AMENT_PREFIX_PATH=/home/booster/Workspace/Booster_T1_3v3_Demo/install/vision_interface:/home/booster/Workspace/Booster_T1_3v3_Demo/install/game_controller_interface:/home/booster/Workspace/Booster_T1_3v3_Demo/install/booster_msgs:/home/booster/Workspace/Booster_T1_3v3_Demo/install/booster_interface:${AMENT_PREFIX_PATH} CMAKE_PREFIX_PATH=/home/booster/Workspace/Booster_T1_3v3_Demo/install/vision_interface:/home/booster/Workspace/Booster_T1_3v3_Demo/install/game_controller_interface:/home/booster/Workspace/Booster_T1_3v3_Demo/install/booster_msgs:/home/booster/Workspace/Booster_T1_3v3_Demo/install/booster_interface:/opt/ros/humble LD_LIBRARY_PATH=/home/booster/Workspace/Booster_T1_3v3_Demo/install/vision_interface/lib:/home/booster/Workspace/Booster_T1_3v3_Demo/install/game_controller_interface/lib:/home/booster/Workspace/Booster_T1_3v3_Demo/install/booster_msgs/lib:/home/booster/Workspace/Booster_T1_3v3_Demo/install/booster_interface/lib:/opt/ros/humble/opt/rviz_ogre_vendor/lib:/opt/ros/humble/lib/aarch64-linux-gnu:/opt/ros/humble/lib:/usr/local/cuda/lib64 PYTHONPATH=/home/booster/Workspace/Booster_T1_3v3_Demo/install/vision_interface/local/lib/python3.10/dist-packages:/home/booster/Workspace/Booster_T1_3v3_Demo/install/game_controller_interface/local/lib/python3.10/dist-packages:/home/booster/Workspace/Booster_T1_3v3_Demo/install/booster_msgs/local/lib/python3.10/dist-packages:/home/booster/Workspace/Booster_T1_3v3_Demo/install/booster_interface/local/lib/python3.10/dist-packages:${PYTHONPATH} /usr/bin/cmake --install /home/booster/Workspace/Booster_T1_3v3_Demo/build/brain[0m
[546.169s] [34mcolcon.colcon_core.environment[0m [1;30mLevel 1[0m create_environment_scripts_only(brain)
[546.171s] [34mcolcon.colcon_core.environment[0m [1;30mLevel 1[0m checking '/home/booster/Workspace/Booster_T1_3v3_Demo/install/brain' for CMake module files
[546.173s] [34mcolcon.colcon_core.event_handler.log_command[0m [1;30mDEBUG[0m [32mInvoked command in '/home/booster/Workspace/Booster_T1_3v3_Demo/build/brain' returned '0': AMENT_PREFIX_PATH=/home/booster/Workspace/Booster_T1_3v3_Demo/install/vision_interface:/home/booster/Workspace/Booster_T1_3v3_Demo/install/game_controller_interface:/home/booster/Workspace/Booster_T1_3v3_Demo/install/booster_msgs:/home/booster/Workspace/Booster_T1_3v3_Demo/install/booster_interface:${AMENT_PREFIX_PATH} CMAKE_PREFIX_PATH=/home/booster/Workspace/Booster_T1_3v3_Demo/install/vision_interface:/home/booster/Workspace/Booster_T1_3v3_Demo/install/game_controller_interface:/home/booster/Workspace/Booster_T1_3v3_Demo/install/booster_msgs:/home/booster/Workspace/Booster_T1_3v3_Demo/install/booster_interface:/opt/ros/humble LD_LIBRARY_PATH=/home/booster/Workspace/Booster_T1_3v3_Demo/install/vision_interface/lib:/home/booster/Workspace/Booster_T1_3v3_Demo/install/game_controller_interface/lib:/home/booster/Workspace/Booster_T1_3v3_Demo/install/booster_msgs/lib:/home/booster/Workspace/Booster_T1_3v3_Demo/install/booster_interface/lib:/opt/ros/humble/opt/rviz_ogre_vendor/lib:/opt/ros/humble/lib/aarch64-linux-gnu:/opt/ros/humble/lib:/usr/local/cuda/lib64 PYTHONPATH=/home/booster/Workspace/Booster_T1_3v3_Demo/install/vision_interface/local/lib/python3.10/dist-packages:/home/booster/Workspace/Booster_T1_3v3_Demo/install/game_controller_interface/local/lib/python3.10/dist-packages:/home/booster/Workspace/Booster_T1_3v3_Demo/install/booster_msgs/local/lib/python3.10/dist-packages:/home/booster/Workspace/Booster_T1_3v3_Demo/install/booster_interface/local/lib/python3.10/dist-packages:${PYTHONPATH} /usr/bin/cmake --install /home/booster/Workspace/Booster_T1_3v3_Demo/build/brain[0m
[546.177s] [34mcolcon.colcon_core.environment[0m [1;30mLevel 1[0m checking '/home/booster/Workspace/Booster_T1_3v3_Demo/install/brain' for CMake config files
[546.181s] [34mcolcon.colcon_core.shell[0m [1;30mLevel 1[0m create_environment_hook('brain', 'cmake_prefix_path')
[546.181s] [34mcolcon.colcon_core.shell[0m [1;30mINFO[0m Creating environment hook '/home/booster/Workspace/Booster_T1_3v3_Demo/install/brain/share/brain/hook/cmake_prefix_path.ps1'
[546.184s] [34mcolcon.colcon_core.shell[0m [1;30mINFO[0m Creating environment descriptor '/home/booster/Workspace/Booster_T1_3v3_Demo/install/brain/share/brain/hook/cmake_prefix_path.dsv'
[546.193s] [34mcolcon.colcon_core.shell[0m [1;30mINFO[0m Creating environment hook '/home/booster/Workspace/Booster_T1_3v3_Demo/install/brain/share/brain/hook/cmake_prefix_path.sh'
[546.197s] [34mcolcon.colcon_core.environment[0m [1;30mLevel 1[0m checking '/home/booster/Workspace/Booster_T1_3v3_Demo/install/brain/lib'
[546.200s] [34mcolcon.colcon_core.shell[0m [1;30mLevel 1[0m create_environment_hook('brain', 'ld_library_path_lib')
[546.205s] [34mcolcon.colcon_core.shell[0m [1;30mINFO[0m Creating environment hook '/home/booster/Workspace/Booster_T1_3v3_Demo/install/brain/share/brain/hook/ld_library_path_lib.ps1'
[546.208s] [34mcolcon.colcon_core.shell[0m [1;30mINFO[0m Creating environment descriptor '/home/booster/Workspace/Booster_T1_3v3_Demo/install/brain/share/brain/hook/ld_library_path_lib.dsv'
[546.215s] [34mcolcon.colcon_core.shell[0m [1;30mINFO[0m Creating environment hook '/home/booster/Workspace/Booster_T1_3v3_Demo/install/brain/share/brain/hook/ld_library_path_lib.sh'
[546.218s] [34mcolcon.colcon_core.environment[0m [1;30mLevel 1[0m checking '/home/booster/Workspace/Booster_T1_3v3_Demo/install/brain/bin'
[546.219s] [34mcolcon.colcon_core.environment[0m [1;30mLevel 1[0m checking '/home/booster/Workspace/Booster_T1_3v3_Demo/install/brain/lib/pkgconfig/brain.pc'
[546.219s] [34mcolcon.colcon_core.environment[0m [1;30mLevel 1[0m checking '/home/booster/Workspace/Booster_T1_3v3_Demo/install/brain/lib/python3.10/site-packages'
[546.220s] [34mcolcon.colcon_core.environment[0m [1;30mLevel 1[0m checking '/home/booster/Workspace/Booster_T1_3v3_Demo/install/brain/bin'
[546.223s] [34mcolcon.colcon_core.shell[0m [1;30mINFO[0m Creating package script '/home/booster/Workspace/Booster_T1_3v3_Demo/install/brain/share/brain/package.ps1'
[546.230s] [34mcolcon.colcon_core.shell[0m [1;30mINFO[0m Creating package descriptor '/home/booster/Workspace/Booster_T1_3v3_Demo/install/brain/share/brain/package.dsv'
[546.237s] [34mcolcon.colcon_core.shell[0m [1;30mINFO[0m Creating package script '/home/booster/Workspace/Booster_T1_3v3_Demo/install/brain/share/brain/package.sh'
[546.241s] [34mcolcon.colcon_core.shell[0m [1;30mINFO[0m Creating package script '/home/booster/Workspace/Booster_T1_3v3_Demo/install/brain/share/brain/package.bash'
[546.247s] [34mcolcon.colcon_core.shell[0m [1;30mINFO[0m Creating package script '/home/booster/Workspace/Booster_T1_3v3_Demo/install/brain/share/brain/package.zsh'
[546.249s] [34mcolcon.colcon_core.environment[0m [1;30mLevel 1[0m create_file_with_runtime_dependencies(/home/booster/Workspace/Booster_T1_3v3_Demo/install/brain/share/colcon-core/packages/brain)
[546.277s] [34mcolcon.colcon_core.environment[0m [1;30mLevel 1[0m create_environment_scripts_only(brain)
[546.279s] [34mcolcon.colcon_core.environment[0m [1;30mLevel 1[0m checking '/home/booster/Workspace/Booster_T1_3v3_Demo/install/brain' for CMake module files
[546.282s] [34mcolcon.colcon_core.environment[0m [1;30mLevel 1[0m checking '/home/booster/Workspace/Booster_T1_3v3_Demo/install/brain' for CMake config files
[546.286s] [34mcolcon.colcon_core.shell[0m [1;30mLevel 1[0m create_environment_hook('brain', 'cmake_prefix_path')
[546.292s] [34mcolcon.colcon_core.shell[0m [1;30mINFO[0m Creating environment hook '/home/booster/Workspace/Booster_T1_3v3_Demo/install/brain/share/brain/hook/cmake_prefix_path.ps1'
[546.303s] [34mcolcon.colcon_core.shell[0m [1;30mINFO[0m Creating environment descriptor '/home/booster/Workspace/Booster_T1_3v3_Demo/install/brain/share/brain/hook/cmake_prefix_path.dsv'
[546.307s] [34mcolcon.colcon_core.shell[0m [1;30mINFO[0m Creating environment hook '/home/booster/Workspace/Booster_T1_3v3_Demo/install/brain/share/brain/hook/cmake_prefix_path.sh'
[546.313s] [34mcolcon.colcon_core.environment[0m [1;30mLevel 1[0m checking '/home/booster/Workspace/Booster_T1_3v3_Demo/install/brain/lib'
[546.314s] [34mcolcon.colcon_core.shell[0m [1;30mLevel 1[0m create_environment_hook('brain', 'ld_library_path_lib')
[546.322s] [34mcolcon.colcon_core.shell[0m [1;30mINFO[0m Creating environment hook '/home/booster/Workspace/Booster_T1_3v3_Demo/install/brain/share/brain/hook/ld_library_path_lib.ps1'
[546.328s] [34mcolcon.colcon_core.shell[0m [1;30mINFO[0m Creating environment descriptor '/home/booster/Workspace/Booster_T1_3v3_Demo/install/brain/share/brain/hook/ld_library_path_lib.dsv'
[546.332s] [34mcolcon.colcon_core.shell[0m [1;30mINFO[0m Creating environment hook '/home/booster/Workspace/Booster_T1_3v3_Demo/install/brain/share/brain/hook/ld_library_path_lib.sh'
[546.339s] [34mcolcon.colcon_core.environment[0m [1;30mLevel 1[0m checking '/home/booster/Workspace/Booster_T1_3v3_Demo/install/brain/bin'
[546.339s] [34mcolcon.colcon_core.environment[0m [1;30mLevel 1[0m checking '/home/booster/Workspace/Booster_T1_3v3_Demo/install/brain/lib/pkgconfig/brain.pc'
[546.341s] [34mcolcon.colcon_core.environment[0m [1;30mLevel 1[0m checking '/home/booster/Workspace/Booster_T1_3v3_Demo/install/brain/lib/python3.10/site-packages'
[546.363s] [34mcolcon.colcon_core.environment[0m [1;30mLevel 1[0m checking '/home/booster/Workspace/Booster_T1_3v3_Demo/install/brain/bin'
[546.370s] [34mcolcon.colcon_core.shell[0m [1;30mINFO[0m Creating package script '/home/booster/Workspace/Booster_T1_3v3_Demo/install/brain/share/brain/package.ps1'
[546.372s] [34mcolcon.colcon_core.shell[0m [1;30mINFO[0m Creating package descriptor '/home/booster/Workspace/Booster_T1_3v3_Demo/install/brain/share/brain/package.dsv'
[546.374s] [34mcolcon.colcon_core.shell[0m [1;30mINFO[0m Creating package script '/home/booster/Workspace/Booster_T1_3v3_Demo/install/brain/share/brain/package.sh'
[546.375s] [34mcolcon.colcon_core.shell[0m [1;30mINFO[0m Creating package script '/home/booster/Workspace/Booster_T1_3v3_Demo/install/brain/share/brain/package.bash'
[546.377s] [34mcolcon.colcon_core.shell[0m [1;30mINFO[0m Creating package script '/home/booster/Workspace/Booster_T1_3v3_Demo/install/brain/share/brain/package.zsh'
[546.379s] [34mcolcon.colcon_core.environment[0m [1;30mLevel 1[0m create_file_with_runtime_dependencies(/home/booster/Workspace/Booster_T1_3v3_Demo/install/brain/share/colcon-core/packages/brain)
[546.380s] [34mcolcon.colcon_parallel_executor.executor.parallel[0m [1;30mDEBUG[0m [32mclosing loop[0m
[546.380s] [34mcolcon.colcon_parallel_executor.executor.parallel[0m [1;30mDEBUG[0m [32mloop closed[0m
[546.381s] [34mcolcon.colcon_parallel_executor.executor.parallel[0m [1;30mDEBUG[0m [32mrun_until_complete finished with '0'[0m
[546.381s] [34mcolcon.colcon_core.event_reactor[0m [1;30mDEBUG[0m [32mjoining thread[0m
[546.407s] [34mcolcon.colcon_core.plugin_system[0m [1;30mINFO[0m Skipping extension 'colcon_notification.desktop_notification.terminal_notifier': Not used on non-Darwin systems
[546.410s] [34mcolcon.colcon_core.plugin_system[0m [1;30mINFO[0m Skipping extension 'colcon_notification.desktop_notification.win32': Not used on non-Windows systems
[546.411s] [34mcolcon.colcon_notification.desktop_notification[0m [1;30mINFO[0m Sending desktop notification using 'notify2'
[546.480s] [34mcolcon.colcon_core.event_reactor[0m [1;30mDEBUG[0m [32mjoined thread[0m
[546.481s] [34mcolcon.colcon_core.shell[0m [1;30mINFO[0m Creating prefix script '/home/booster/Workspace/Booster_T1_3v3_Demo/install/local_setup.ps1'
[546.489s] [34mcolcon.colcon_core.shell[0m [1;30mINFO[0m Creating prefix util module '/home/booster/Workspace/Booster_T1_3v3_Demo/install/_local_setup_util_ps1.py'
[546.498s] [34mcolcon.colcon_core.shell[0m [1;30mINFO[0m Creating prefix chain script '/home/booster/Workspace/Booster_T1_3v3_Demo/install/setup.ps1'
[546.506s] [34mcolcon.colcon_core.shell[0m [1;30mINFO[0m Creating prefix script '/home/booster/Workspace/Booster_T1_3v3_Demo/install/local_setup.sh'
[546.510s] [34mcolcon.colcon_core.shell[0m [1;30mINFO[0m Creating prefix util module '/home/booster/Workspace/Booster_T1_3v3_Demo/install/_local_setup_util_sh.py'
[546.512s] [34mcolcon.colcon_core.shell[0m [1;30mINFO[0m Creating prefix chain script '/home/booster/Workspace/Booster_T1_3v3_Demo/install/setup.sh'
[546.516s] [34mcolcon.colcon_core.shell[0m [1;30mINFO[0m Creating prefix script '/home/booster/Workspace/Booster_T1_3v3_Demo/install/local_setup.bash'
[546.518s] [34mcolcon.colcon_core.shell[0m [1;30mINFO[0m Creating prefix chain script '/home/booster/Workspace/Booster_T1_3v3_Demo/install/setup.bash'
[546.525s] [34mcolcon.colcon_core.shell[0m [1;30mINFO[0m Creating prefix script '/home/booster/Workspace/Booster_T1_3v3_Demo/install/local_setup.zsh'
[546.528s] [34mcolcon.colcon_core.shell[0m [1;30mINFO[0m Creating prefix chain script '/home/booster/Workspace/Booster_T1_3v3_Demo/install/setup.zsh'
