The system is: Linux - 5.15.148-rt-tegra - aarch64
Compiling the C compiler identification source file "CMakeCCompilerId.c" succeeded.
Compiler: /usr/bin/cc 
Build flags: 
Id flags:  

The output was:
0


Compilation of the C compiler identification source "CMakeCCompilerId.c" produced "a.out"

The C compiler identification is GNU, found in "/home/booster/Workspace/Booster_T1_3v3_Demo/src/build/vision/CMakeFiles/3.22.1/CompilerIdC/a.out"

Compiling the CXX compiler identification source file "CMakeCXXCompilerId.cpp" succeeded.
Compiler: /usr/bin/c++ 
Build flags: 
Id flags:  

The output was:
0


Compilation of the CXX compiler identification source "CMakeCXXCompilerId.cpp" produced "a.out"

The CXX compiler identification is GNU, found in "/home/booster/Workspace/Booster_T1_3v3_Demo/src/build/vision/CMakeFiles/3.22.1/CompilerIdCXX/a.out"

Detecting C compiler ABI info compiled with the following output:
Change Dir: /home/booster/Workspace/Booster_T1_3v3_Demo/src/build/vision/CMakeFiles/CMakeTmp

Run Build Command(s):/usr/bin/gmake -f Makefile cmTC_be2e1/fast && /usr/bin/gmake  -f CMakeFiles/cmTC_be2e1.dir/build.make CMakeFiles/cmTC_be2e1.dir/build
gmake[1]: Entering directory '/home/booster/Workspace/Booster_T1_3v3_Demo/src/build/vision/CMakeFiles/CMakeTmp'
Building C object CMakeFiles/cmTC_be2e1.dir/CMakeCCompilerABI.c.o
/usr/bin/cc   -v -o CMakeFiles/cmTC_be2e1.dir/CMakeCCompilerABI.c.o -c /usr/share/cmake-3.22/Modules/CMakeCCompilerABI.c
Using built-in specs.
COLLECT_GCC=/usr/bin/cc
Target: aarch64-linux-gnu
Configured with: ../src/configure -v --with-pkgversion='Ubuntu 11.4.0-1ubuntu1~22.04' --with-bugurl=file:///usr/share/doc/gcc-11/README.Bugs --enable-languages=c,ada,c++,go,d,fortran,objc,obj-c++,m2 --prefix=/usr --with-gcc-major-version-only --program-suffix=-11 --program-prefix=aarch64-linux-gnu- --enable-shared --enable-linker-build-id --libexecdir=/usr/lib --without-included-gettext --enable-threads=posix --libdir=/usr/lib --enable-nls --enable-bootstrap --enable-clocale=gnu --enable-libstdcxx-debug --enable-libstdcxx-time=yes --with-default-libstdcxx-abi=new --enable-gnu-unique-object --disable-libquadmath --disable-libquadmath-support --enable-plugin --enable-default-pie --with-system-zlib --enable-libphobos-checking=release --with-target-system-zlib=auto --enable-objc-gc=auto --enable-multiarch --enable-fix-cortex-a53-843419 --disable-werror --enable-checking=release --build=aarch64-linux-gnu --host=aarch64-linux-gnu --target=aarch64-linux-gnu --with-build-config=bootstrap-lto-lean --enable-link-serialization=2
Thread model: posix
Supported LTO compression algorithms: zlib zstd
gcc version 11.4.0 (Ubuntu 11.4.0-1ubuntu1~22.04) 
COLLECT_GCC_OPTIONS='-v' '-o' 'CMakeFiles/cmTC_be2e1.dir/CMakeCCompilerABI.c.o' '-c' '-mlittle-endian' '-mabi=lp64' '-dumpdir' 'CMakeFiles/cmTC_be2e1.dir/'
 /usr/lib/gcc/aarch64-linux-gnu/11/cc1 -quiet -v -imultiarch aarch64-linux-gnu /usr/share/cmake-3.22/Modules/CMakeCCompilerABI.c -quiet -dumpdir CMakeFiles/cmTC_be2e1.dir/ -dumpbase CMakeCCompilerABI.c.c -dumpbase-ext .c -mlittle-endian -mabi=lp64 -version -fasynchronous-unwind-tables -fstack-protector-strong -Wformat -Wformat-security -fstack-clash-protection -o /tmp/ccm2ezYt.s
GNU C17 (Ubuntu 11.4.0-1ubuntu1~22.04) version 11.4.0 (aarch64-linux-gnu)
	compiled by GNU C version 11.4.0, GMP version 6.2.1, MPFR version 4.1.0, MPC version 1.2.1, isl version isl-0.24-GMP

GGC heuristics: --param ggc-min-expand=100 --param ggc-min-heapsize=131072
ignoring nonexistent directory "/usr/local/include/aarch64-linux-gnu"
ignoring nonexistent directory "/usr/lib/gcc/aarch64-linux-gnu/11/include-fixed"
ignoring nonexistent directory "/usr/lib/gcc/aarch64-linux-gnu/11/../../../../aarch64-linux-gnu/include"
#include "..." search starts here:
#include <...> search starts here:
 /usr/lib/gcc/aarch64-linux-gnu/11/include
 /usr/local/include
 /usr/include/aarch64-linux-gnu
 /usr/include
End of search list.
GNU C17 (Ubuntu 11.4.0-1ubuntu1~22.04) version 11.4.0 (aarch64-linux-gnu)
	compiled by GNU C version 11.4.0, GMP version 6.2.1, MPFR version 4.1.0, MPC version 1.2.1, isl version isl-0.24-GMP

GGC heuristics: --param ggc-min-expand=100 --param ggc-min-heapsize=131072
Compiler executable checksum: 52ed857e9cd110e5efaa797811afcfbb
COLLECT_GCC_OPTIONS='-v' '-o' 'CMakeFiles/cmTC_be2e1.dir/CMakeCCompilerABI.c.o' '-c' '-mlittle-endian' '-mabi=lp64' '-dumpdir' 'CMakeFiles/cmTC_be2e1.dir/'
 as -v -EL -mabi=lp64 -o CMakeFiles/cmTC_be2e1.dir/CMakeCCompilerABI.c.o /tmp/ccm2ezYt.s
GNU assembler version 2.38 (aarch64-linux-gnu) using BFD version (GNU Binutils for Ubuntu) 2.38
COMPILER_PATH=/usr/lib/gcc/aarch64-linux-gnu/11/:/usr/lib/gcc/aarch64-linux-gnu/11/:/usr/lib/gcc/aarch64-linux-gnu/:/usr/lib/gcc/aarch64-linux-gnu/11/:/usr/lib/gcc/aarch64-linux-gnu/
LIBRARY_PATH=/usr/lib/gcc/aarch64-linux-gnu/11/:/usr/lib/gcc/aarch64-linux-gnu/11/../../../aarch64-linux-gnu/:/usr/lib/gcc/aarch64-linux-gnu/11/../../../../lib/:/lib/aarch64-linux-gnu/:/lib/../lib/:/usr/lib/aarch64-linux-gnu/:/usr/lib/../lib/:/usr/lib/gcc/aarch64-linux-gnu/11/../../../:/lib/:/usr/lib/
COLLECT_GCC_OPTIONS='-v' '-o' 'CMakeFiles/cmTC_be2e1.dir/CMakeCCompilerABI.c.o' '-c' '-mlittle-endian' '-mabi=lp64' '-dumpdir' 'CMakeFiles/cmTC_be2e1.dir/CMakeCCompilerABI.c.'
Linking C executable cmTC_be2e1
/usr/bin/cmake -E cmake_link_script CMakeFiles/cmTC_be2e1.dir/link.txt --verbose=1
/usr/bin/cc  -v CMakeFiles/cmTC_be2e1.dir/CMakeCCompilerABI.c.o -o cmTC_be2e1 
Using built-in specs.
COLLECT_GCC=/usr/bin/cc
COLLECT_LTO_WRAPPER=/usr/lib/gcc/aarch64-linux-gnu/11/lto-wrapper
Target: aarch64-linux-gnu
Configured with: ../src/configure -v --with-pkgversion='Ubuntu 11.4.0-1ubuntu1~22.04' --with-bugurl=file:///usr/share/doc/gcc-11/README.Bugs --enable-languages=c,ada,c++,go,d,fortran,objc,obj-c++,m2 --prefix=/usr --with-gcc-major-version-only --program-suffix=-11 --program-prefix=aarch64-linux-gnu- --enable-shared --enable-linker-build-id --libexecdir=/usr/lib --without-included-gettext --enable-threads=posix --libdir=/usr/lib --enable-nls --enable-bootstrap --enable-clocale=gnu --enable-libstdcxx-debug --enable-libstdcxx-time=yes --with-default-libstdcxx-abi=new --enable-gnu-unique-object --disable-libquadmath --disable-libquadmath-support --enable-plugin --enable-default-pie --with-system-zlib --enable-libphobos-checking=release --with-target-system-zlib=auto --enable-objc-gc=auto --enable-multiarch --enable-fix-cortex-a53-843419 --disable-werror --enable-checking=release --build=aarch64-linux-gnu --host=aarch64-linux-gnu --target=aarch64-linux-gnu --with-build-config=bootstrap-lto-lean --enable-link-serialization=2
Thread model: posix
Supported LTO compression algorithms: zlib zstd
gcc version 11.4.0 (Ubuntu 11.4.0-1ubuntu1~22.04) 
COMPILER_PATH=/usr/lib/gcc/aarch64-linux-gnu/11/:/usr/lib/gcc/aarch64-linux-gnu/11/:/usr/lib/gcc/aarch64-linux-gnu/:/usr/lib/gcc/aarch64-linux-gnu/11/:/usr/lib/gcc/aarch64-linux-gnu/
LIBRARY_PATH=/usr/lib/gcc/aarch64-linux-gnu/11/:/usr/lib/gcc/aarch64-linux-gnu/11/../../../aarch64-linux-gnu/:/usr/lib/gcc/aarch64-linux-gnu/11/../../../../lib/:/lib/aarch64-linux-gnu/:/lib/../lib/:/usr/lib/aarch64-linux-gnu/:/usr/lib/../lib/:/usr/lib/gcc/aarch64-linux-gnu/11/../../../:/lib/:/usr/lib/
COLLECT_GCC_OPTIONS='-v' '-o' 'cmTC_be2e1' '-mlittle-endian' '-mabi=lp64' '-dumpdir' 'cmTC_be2e1.'
 /usr/lib/gcc/aarch64-linux-gnu/11/collect2 -plugin /usr/lib/gcc/aarch64-linux-gnu/11/liblto_plugin.so -plugin-opt=/usr/lib/gcc/aarch64-linux-gnu/11/lto-wrapper -plugin-opt=-fresolution=/tmp/ccOdGOqb.res -plugin-opt=-pass-through=-lgcc -plugin-opt=-pass-through=-lgcc_s -plugin-opt=-pass-through=-lc -plugin-opt=-pass-through=-lgcc -plugin-opt=-pass-through=-lgcc_s --build-id --eh-frame-hdr --hash-style=gnu --as-needed -dynamic-linker /lib/ld-linux-aarch64.so.1 -X -EL -maarch64linux --fix-cortex-a53-843419 -pie -z now -z relro -o cmTC_be2e1 /usr/lib/gcc/aarch64-linux-gnu/11/../../../aarch64-linux-gnu/Scrt1.o /usr/lib/gcc/aarch64-linux-gnu/11/../../../aarch64-linux-gnu/crti.o /usr/lib/gcc/aarch64-linux-gnu/11/crtbeginS.o -L/usr/lib/gcc/aarch64-linux-gnu/11 -L/usr/lib/gcc/aarch64-linux-gnu/11/../../../aarch64-linux-gnu -L/usr/lib/gcc/aarch64-linux-gnu/11/../../../../lib -L/lib/aarch64-linux-gnu -L/lib/../lib -L/usr/lib/aarch64-linux-gnu -L/usr/lib/../lib -L/usr/lib/gcc/aarch64-linux-gnu/11/../../.. CMakeFiles/cmTC_be2e1.dir/CMakeCCompilerABI.c.o -lgcc --push-state --as-needed -lgcc_s --pop-state -lc -lgcc --push-state --as-needed -lgcc_s --pop-state /usr/lib/gcc/aarch64-linux-gnu/11/crtendS.o /usr/lib/gcc/aarch64-linux-gnu/11/../../../aarch64-linux-gnu/crtn.o
COLLECT_GCC_OPTIONS='-v' '-o' 'cmTC_be2e1' '-mlittle-endian' '-mabi=lp64' '-dumpdir' 'cmTC_be2e1.'
gmake[1]: Leaving directory '/home/booster/Workspace/Booster_T1_3v3_Demo/src/build/vision/CMakeFiles/CMakeTmp'



Parsed C implicit include dir info from above output: rv=done
  found start of include info
  found start of implicit include info
    add: [/usr/lib/gcc/aarch64-linux-gnu/11/include]
    add: [/usr/local/include]
    add: [/usr/include/aarch64-linux-gnu]
    add: [/usr/include]
  end of search list found
  collapse include dir [/usr/lib/gcc/aarch64-linux-gnu/11/include] ==> [/usr/lib/gcc/aarch64-linux-gnu/11/include]
  collapse include dir [/usr/local/include] ==> [/usr/local/include]
  collapse include dir [/usr/include/aarch64-linux-gnu] ==> [/usr/include/aarch64-linux-gnu]
  collapse include dir [/usr/include] ==> [/usr/include]
  implicit include dirs: [/usr/lib/gcc/aarch64-linux-gnu/11/include;/usr/local/include;/usr/include/aarch64-linux-gnu;/usr/include]


Parsed C implicit link information from above output:
  link line regex: [^( *|.*[/\])(ld|CMAKE_LINK_STARTFILE-NOTFOUND|([^/\]+-)?ld|collect2)[^/\]*( |$)]
  ignore line: [Change Dir: /home/booster/Workspace/Booster_T1_3v3_Demo/src/build/vision/CMakeFiles/CMakeTmp]
  ignore line: []
  ignore line: [Run Build Command(s):/usr/bin/gmake -f Makefile cmTC_be2e1/fast && /usr/bin/gmake  -f CMakeFiles/cmTC_be2e1.dir/build.make CMakeFiles/cmTC_be2e1.dir/build]
  ignore line: [gmake[1]: Entering directory '/home/booster/Workspace/Booster_T1_3v3_Demo/src/build/vision/CMakeFiles/CMakeTmp']
  ignore line: [Building C object CMakeFiles/cmTC_be2e1.dir/CMakeCCompilerABI.c.o]
  ignore line: [/usr/bin/cc   -v -o CMakeFiles/cmTC_be2e1.dir/CMakeCCompilerABI.c.o -c /usr/share/cmake-3.22/Modules/CMakeCCompilerABI.c]
  ignore line: [Using built-in specs.]
  ignore line: [COLLECT_GCC=/usr/bin/cc]
  ignore line: [Target: aarch64-linux-gnu]
  ignore line: [Configured with: ../src/configure -v --with-pkgversion='Ubuntu 11.4.0-1ubuntu1~22.04' --with-bugurl=file:///usr/share/doc/gcc-11/README.Bugs --enable-languages=c ada c++ go d fortran objc obj-c++ m2 --prefix=/usr --with-gcc-major-version-only --program-suffix=-11 --program-prefix=aarch64-linux-gnu- --enable-shared --enable-linker-build-id --libexecdir=/usr/lib --without-included-gettext --enable-threads=posix --libdir=/usr/lib --enable-nls --enable-bootstrap --enable-clocale=gnu --enable-libstdcxx-debug --enable-libstdcxx-time=yes --with-default-libstdcxx-abi=new --enable-gnu-unique-object --disable-libquadmath --disable-libquadmath-support --enable-plugin --enable-default-pie --with-system-zlib --enable-libphobos-checking=release --with-target-system-zlib=auto --enable-objc-gc=auto --enable-multiarch --enable-fix-cortex-a53-843419 --disable-werror --enable-checking=release --build=aarch64-linux-gnu --host=aarch64-linux-gnu --target=aarch64-linux-gnu --with-build-config=bootstrap-lto-lean --enable-link-serialization=2]
  ignore line: [Thread model: posix]
  ignore line: [Supported LTO compression algorithms: zlib zstd]
  ignore line: [gcc version 11.4.0 (Ubuntu 11.4.0-1ubuntu1~22.04) ]
  ignore line: [COLLECT_GCC_OPTIONS='-v' '-o' 'CMakeFiles/cmTC_be2e1.dir/CMakeCCompilerABI.c.o' '-c' '-mlittle-endian' '-mabi=lp64' '-dumpdir' 'CMakeFiles/cmTC_be2e1.dir/']
  ignore line: [ /usr/lib/gcc/aarch64-linux-gnu/11/cc1 -quiet -v -imultiarch aarch64-linux-gnu /usr/share/cmake-3.22/Modules/CMakeCCompilerABI.c -quiet -dumpdir CMakeFiles/cmTC_be2e1.dir/ -dumpbase CMakeCCompilerABI.c.c -dumpbase-ext .c -mlittle-endian -mabi=lp64 -version -fasynchronous-unwind-tables -fstack-protector-strong -Wformat -Wformat-security -fstack-clash-protection -o /tmp/ccm2ezYt.s]
  ignore line: [GNU C17 (Ubuntu 11.4.0-1ubuntu1~22.04) version 11.4.0 (aarch64-linux-gnu)]
  ignore line: [	compiled by GNU C version 11.4.0  GMP version 6.2.1  MPFR version 4.1.0  MPC version 1.2.1  isl version isl-0.24-GMP]
  ignore line: []
  ignore line: [GGC heuristics: --param ggc-min-expand=100 --param ggc-min-heapsize=131072]
  ignore line: [ignoring nonexistent directory "/usr/local/include/aarch64-linux-gnu"]
  ignore line: [ignoring nonexistent directory "/usr/lib/gcc/aarch64-linux-gnu/11/include-fixed"]
  ignore line: [ignoring nonexistent directory "/usr/lib/gcc/aarch64-linux-gnu/11/../../../../aarch64-linux-gnu/include"]
  ignore line: [#include "..." search starts here:]
  ignore line: [#include <...> search starts here:]
  ignore line: [ /usr/lib/gcc/aarch64-linux-gnu/11/include]
  ignore line: [ /usr/local/include]
  ignore line: [ /usr/include/aarch64-linux-gnu]
  ignore line: [ /usr/include]
  ignore line: [End of search list.]
  ignore line: [GNU C17 (Ubuntu 11.4.0-1ubuntu1~22.04) version 11.4.0 (aarch64-linux-gnu)]
  ignore line: [	compiled by GNU C version 11.4.0  GMP version 6.2.1  MPFR version 4.1.0  MPC version 1.2.1  isl version isl-0.24-GMP]
  ignore line: []
  ignore line: [GGC heuristics: --param ggc-min-expand=100 --param ggc-min-heapsize=131072]
  ignore line: [Compiler executable checksum: 52ed857e9cd110e5efaa797811afcfbb]
  ignore line: [COLLECT_GCC_OPTIONS='-v' '-o' 'CMakeFiles/cmTC_be2e1.dir/CMakeCCompilerABI.c.o' '-c' '-mlittle-endian' '-mabi=lp64' '-dumpdir' 'CMakeFiles/cmTC_be2e1.dir/']
  ignore line: [ as -v -EL -mabi=lp64 -o CMakeFiles/cmTC_be2e1.dir/CMakeCCompilerABI.c.o /tmp/ccm2ezYt.s]
  ignore line: [GNU assembler version 2.38 (aarch64-linux-gnu) using BFD version (GNU Binutils for Ubuntu) 2.38]
  ignore line: [COMPILER_PATH=/usr/lib/gcc/aarch64-linux-gnu/11/:/usr/lib/gcc/aarch64-linux-gnu/11/:/usr/lib/gcc/aarch64-linux-gnu/:/usr/lib/gcc/aarch64-linux-gnu/11/:/usr/lib/gcc/aarch64-linux-gnu/]
  ignore line: [LIBRARY_PATH=/usr/lib/gcc/aarch64-linux-gnu/11/:/usr/lib/gcc/aarch64-linux-gnu/11/../../../aarch64-linux-gnu/:/usr/lib/gcc/aarch64-linux-gnu/11/../../../../lib/:/lib/aarch64-linux-gnu/:/lib/../lib/:/usr/lib/aarch64-linux-gnu/:/usr/lib/../lib/:/usr/lib/gcc/aarch64-linux-gnu/11/../../../:/lib/:/usr/lib/]
  ignore line: [COLLECT_GCC_OPTIONS='-v' '-o' 'CMakeFiles/cmTC_be2e1.dir/CMakeCCompilerABI.c.o' '-c' '-mlittle-endian' '-mabi=lp64' '-dumpdir' 'CMakeFiles/cmTC_be2e1.dir/CMakeCCompilerABI.c.']
  ignore line: [Linking C executable cmTC_be2e1]
  ignore line: [/usr/bin/cmake -E cmake_link_script CMakeFiles/cmTC_be2e1.dir/link.txt --verbose=1]
  ignore line: [/usr/bin/cc  -v CMakeFiles/cmTC_be2e1.dir/CMakeCCompilerABI.c.o -o cmTC_be2e1 ]
  ignore line: [Using built-in specs.]
  ignore line: [COLLECT_GCC=/usr/bin/cc]
  ignore line: [COLLECT_LTO_WRAPPER=/usr/lib/gcc/aarch64-linux-gnu/11/lto-wrapper]
  ignore line: [Target: aarch64-linux-gnu]
  ignore line: [Configured with: ../src/configure -v --with-pkgversion='Ubuntu 11.4.0-1ubuntu1~22.04' --with-bugurl=file:///usr/share/doc/gcc-11/README.Bugs --enable-languages=c ada c++ go d fortran objc obj-c++ m2 --prefix=/usr --with-gcc-major-version-only --program-suffix=-11 --program-prefix=aarch64-linux-gnu- --enable-shared --enable-linker-build-id --libexecdir=/usr/lib --without-included-gettext --enable-threads=posix --libdir=/usr/lib --enable-nls --enable-bootstrap --enable-clocale=gnu --enable-libstdcxx-debug --enable-libstdcxx-time=yes --with-default-libstdcxx-abi=new --enable-gnu-unique-object --disable-libquadmath --disable-libquadmath-support --enable-plugin --enable-default-pie --with-system-zlib --enable-libphobos-checking=release --with-target-system-zlib=auto --enable-objc-gc=auto --enable-multiarch --enable-fix-cortex-a53-843419 --disable-werror --enable-checking=release --build=aarch64-linux-gnu --host=aarch64-linux-gnu --target=aarch64-linux-gnu --with-build-config=bootstrap-lto-lean --enable-link-serialization=2]
  ignore line: [Thread model: posix]
  ignore line: [Supported LTO compression algorithms: zlib zstd]
  ignore line: [gcc version 11.4.0 (Ubuntu 11.4.0-1ubuntu1~22.04) ]
  ignore line: [COMPILER_PATH=/usr/lib/gcc/aarch64-linux-gnu/11/:/usr/lib/gcc/aarch64-linux-gnu/11/:/usr/lib/gcc/aarch64-linux-gnu/:/usr/lib/gcc/aarch64-linux-gnu/11/:/usr/lib/gcc/aarch64-linux-gnu/]
  ignore line: [LIBRARY_PATH=/usr/lib/gcc/aarch64-linux-gnu/11/:/usr/lib/gcc/aarch64-linux-gnu/11/../../../aarch64-linux-gnu/:/usr/lib/gcc/aarch64-linux-gnu/11/../../../../lib/:/lib/aarch64-linux-gnu/:/lib/../lib/:/usr/lib/aarch64-linux-gnu/:/usr/lib/../lib/:/usr/lib/gcc/aarch64-linux-gnu/11/../../../:/lib/:/usr/lib/]
  ignore line: [COLLECT_GCC_OPTIONS='-v' '-o' 'cmTC_be2e1' '-mlittle-endian' '-mabi=lp64' '-dumpdir' 'cmTC_be2e1.']
  link line: [ /usr/lib/gcc/aarch64-linux-gnu/11/collect2 -plugin /usr/lib/gcc/aarch64-linux-gnu/11/liblto_plugin.so -plugin-opt=/usr/lib/gcc/aarch64-linux-gnu/11/lto-wrapper -plugin-opt=-fresolution=/tmp/ccOdGOqb.res -plugin-opt=-pass-through=-lgcc -plugin-opt=-pass-through=-lgcc_s -plugin-opt=-pass-through=-lc -plugin-opt=-pass-through=-lgcc -plugin-opt=-pass-through=-lgcc_s --build-id --eh-frame-hdr --hash-style=gnu --as-needed -dynamic-linker /lib/ld-linux-aarch64.so.1 -X -EL -maarch64linux --fix-cortex-a53-843419 -pie -z now -z relro -o cmTC_be2e1 /usr/lib/gcc/aarch64-linux-gnu/11/../../../aarch64-linux-gnu/Scrt1.o /usr/lib/gcc/aarch64-linux-gnu/11/../../../aarch64-linux-gnu/crti.o /usr/lib/gcc/aarch64-linux-gnu/11/crtbeginS.o -L/usr/lib/gcc/aarch64-linux-gnu/11 -L/usr/lib/gcc/aarch64-linux-gnu/11/../../../aarch64-linux-gnu -L/usr/lib/gcc/aarch64-linux-gnu/11/../../../../lib -L/lib/aarch64-linux-gnu -L/lib/../lib -L/usr/lib/aarch64-linux-gnu -L/usr/lib/../lib -L/usr/lib/gcc/aarch64-linux-gnu/11/../../.. CMakeFiles/cmTC_be2e1.dir/CMakeCCompilerABI.c.o -lgcc --push-state --as-needed -lgcc_s --pop-state -lc -lgcc --push-state --as-needed -lgcc_s --pop-state /usr/lib/gcc/aarch64-linux-gnu/11/crtendS.o /usr/lib/gcc/aarch64-linux-gnu/11/../../../aarch64-linux-gnu/crtn.o]
    arg [/usr/lib/gcc/aarch64-linux-gnu/11/collect2] ==> ignore
    arg [-plugin] ==> ignore
    arg [/usr/lib/gcc/aarch64-linux-gnu/11/liblto_plugin.so] ==> ignore
    arg [-plugin-opt=/usr/lib/gcc/aarch64-linux-gnu/11/lto-wrapper] ==> ignore
    arg [-plugin-opt=-fresolution=/tmp/ccOdGOqb.res] ==> ignore
    arg [-plugin-opt=-pass-through=-lgcc] ==> ignore
    arg [-plugin-opt=-pass-through=-lgcc_s] ==> ignore
    arg [-plugin-opt=-pass-through=-lc] ==> ignore
    arg [-plugin-opt=-pass-through=-lgcc] ==> ignore
    arg [-plugin-opt=-pass-through=-lgcc_s] ==> ignore
    arg [--build-id] ==> ignore
    arg [--eh-frame-hdr] ==> ignore
    arg [--hash-style=gnu] ==> ignore
    arg [--as-needed] ==> ignore
    arg [-dynamic-linker] ==> ignore
    arg [/lib/ld-linux-aarch64.so.1] ==> ignore
    arg [-X] ==> ignore
    arg [-EL] ==> ignore
    arg [-maarch64linux] ==> ignore
    arg [--fix-cortex-a53-843419] ==> ignore
    arg [-pie] ==> ignore
    arg [-znow] ==> ignore
    arg [-zrelro] ==> ignore
    arg [-o] ==> ignore
    arg [cmTC_be2e1] ==> ignore
    arg [/usr/lib/gcc/aarch64-linux-gnu/11/../../../aarch64-linux-gnu/Scrt1.o] ==> obj [/usr/lib/gcc/aarch64-linux-gnu/11/../../../aarch64-linux-gnu/Scrt1.o]
    arg [/usr/lib/gcc/aarch64-linux-gnu/11/../../../aarch64-linux-gnu/crti.o] ==> obj [/usr/lib/gcc/aarch64-linux-gnu/11/../../../aarch64-linux-gnu/crti.o]
    arg [/usr/lib/gcc/aarch64-linux-gnu/11/crtbeginS.o] ==> obj [/usr/lib/gcc/aarch64-linux-gnu/11/crtbeginS.o]
    arg [-L/usr/lib/gcc/aarch64-linux-gnu/11] ==> dir [/usr/lib/gcc/aarch64-linux-gnu/11]
    arg [-L/usr/lib/gcc/aarch64-linux-gnu/11/../../../aarch64-linux-gnu] ==> dir [/usr/lib/gcc/aarch64-linux-gnu/11/../../../aarch64-linux-gnu]
    arg [-L/usr/lib/gcc/aarch64-linux-gnu/11/../../../../lib] ==> dir [/usr/lib/gcc/aarch64-linux-gnu/11/../../../../lib]
    arg [-L/lib/aarch64-linux-gnu] ==> dir [/lib/aarch64-linux-gnu]
    arg [-L/lib/../lib] ==> dir [/lib/../lib]
    arg [-L/usr/lib/aarch64-linux-gnu] ==> dir [/usr/lib/aarch64-linux-gnu]
    arg [-L/usr/lib/../lib] ==> dir [/usr/lib/../lib]
    arg [-L/usr/lib/gcc/aarch64-linux-gnu/11/../../..] ==> dir [/usr/lib/gcc/aarch64-linux-gnu/11/../../..]
    arg [CMakeFiles/cmTC_be2e1.dir/CMakeCCompilerABI.c.o] ==> ignore
    arg [-lgcc] ==> lib [gcc]
    arg [--push-state] ==> ignore
    arg [--as-needed] ==> ignore
    arg [-lgcc_s] ==> lib [gcc_s]
    arg [--pop-state] ==> ignore
    arg [-lc] ==> lib [c]
    arg [-lgcc] ==> lib [gcc]
    arg [--push-state] ==> ignore
    arg [--as-needed] ==> ignore
    arg [-lgcc_s] ==> lib [gcc_s]
    arg [--pop-state] ==> ignore
    arg [/usr/lib/gcc/aarch64-linux-gnu/11/crtendS.o] ==> obj [/usr/lib/gcc/aarch64-linux-gnu/11/crtendS.o]
    arg [/usr/lib/gcc/aarch64-linux-gnu/11/../../../aarch64-linux-gnu/crtn.o] ==> obj [/usr/lib/gcc/aarch64-linux-gnu/11/../../../aarch64-linux-gnu/crtn.o]
  collapse obj [/usr/lib/gcc/aarch64-linux-gnu/11/../../../aarch64-linux-gnu/Scrt1.o] ==> [/usr/lib/aarch64-linux-gnu/Scrt1.o]
  collapse obj [/usr/lib/gcc/aarch64-linux-gnu/11/../../../aarch64-linux-gnu/crti.o] ==> [/usr/lib/aarch64-linux-gnu/crti.o]
  collapse obj [/usr/lib/gcc/aarch64-linux-gnu/11/../../../aarch64-linux-gnu/crtn.o] ==> [/usr/lib/aarch64-linux-gnu/crtn.o]
  collapse library dir [/usr/lib/gcc/aarch64-linux-gnu/11] ==> [/usr/lib/gcc/aarch64-linux-gnu/11]
  collapse library dir [/usr/lib/gcc/aarch64-linux-gnu/11/../../../aarch64-linux-gnu] ==> [/usr/lib/aarch64-linux-gnu]
  collapse library dir [/usr/lib/gcc/aarch64-linux-gnu/11/../../../../lib] ==> [/usr/lib]
  collapse library dir [/lib/aarch64-linux-gnu] ==> [/lib/aarch64-linux-gnu]
  collapse library dir [/lib/../lib] ==> [/lib]
  collapse library dir [/usr/lib/aarch64-linux-gnu] ==> [/usr/lib/aarch64-linux-gnu]
  collapse library dir [/usr/lib/../lib] ==> [/usr/lib]
  collapse library dir [/usr/lib/gcc/aarch64-linux-gnu/11/../../..] ==> [/usr/lib]
  implicit libs: [gcc;gcc_s;c;gcc;gcc_s]
  implicit objs: [/usr/lib/aarch64-linux-gnu/Scrt1.o;/usr/lib/aarch64-linux-gnu/crti.o;/usr/lib/gcc/aarch64-linux-gnu/11/crtbeginS.o;/usr/lib/gcc/aarch64-linux-gnu/11/crtendS.o;/usr/lib/aarch64-linux-gnu/crtn.o]
  implicit dirs: [/usr/lib/gcc/aarch64-linux-gnu/11;/usr/lib/aarch64-linux-gnu;/usr/lib;/lib/aarch64-linux-gnu;/lib]
  implicit fwks: []


Detecting CXX compiler ABI info compiled with the following output:
Change Dir: /home/booster/Workspace/Booster_T1_3v3_Demo/src/build/vision/CMakeFiles/CMakeTmp

Run Build Command(s):/usr/bin/gmake -f Makefile cmTC_07a9f/fast && /usr/bin/gmake  -f CMakeFiles/cmTC_07a9f.dir/build.make CMakeFiles/cmTC_07a9f.dir/build
gmake[1]: Entering directory '/home/booster/Workspace/Booster_T1_3v3_Demo/src/build/vision/CMakeFiles/CMakeTmp'
Building CXX object CMakeFiles/cmTC_07a9f.dir/CMakeCXXCompilerABI.cpp.o
/usr/bin/c++   -v -o CMakeFiles/cmTC_07a9f.dir/CMakeCXXCompilerABI.cpp.o -c /usr/share/cmake-3.22/Modules/CMakeCXXCompilerABI.cpp
Using built-in specs.
COLLECT_GCC=/usr/bin/c++
Target: aarch64-linux-gnu
Configured with: ../src/configure -v --with-pkgversion='Ubuntu 11.4.0-1ubuntu1~22.04' --with-bugurl=file:///usr/share/doc/gcc-11/README.Bugs --enable-languages=c,ada,c++,go,d,fortran,objc,obj-c++,m2 --prefix=/usr --with-gcc-major-version-only --program-suffix=-11 --program-prefix=aarch64-linux-gnu- --enable-shared --enable-linker-build-id --libexecdir=/usr/lib --without-included-gettext --enable-threads=posix --libdir=/usr/lib --enable-nls --enable-bootstrap --enable-clocale=gnu --enable-libstdcxx-debug --enable-libstdcxx-time=yes --with-default-libstdcxx-abi=new --enable-gnu-unique-object --disable-libquadmath --disable-libquadmath-support --enable-plugin --enable-default-pie --with-system-zlib --enable-libphobos-checking=release --with-target-system-zlib=auto --enable-objc-gc=auto --enable-multiarch --enable-fix-cortex-a53-843419 --disable-werror --enable-checking=release --build=aarch64-linux-gnu --host=aarch64-linux-gnu --target=aarch64-linux-gnu --with-build-config=bootstrap-lto-lean --enable-link-serialization=2
Thread model: posix
Supported LTO compression algorithms: zlib zstd
gcc version 11.4.0 (Ubuntu 11.4.0-1ubuntu1~22.04) 
COLLECT_GCC_OPTIONS='-v' '-o' 'CMakeFiles/cmTC_07a9f.dir/CMakeCXXCompilerABI.cpp.o' '-c' '-shared-libgcc' '-mlittle-endian' '-mabi=lp64' '-dumpdir' 'CMakeFiles/cmTC_07a9f.dir/'
 /usr/lib/gcc/aarch64-linux-gnu/11/cc1plus -quiet -v -imultiarch aarch64-linux-gnu -D_GNU_SOURCE /usr/share/cmake-3.22/Modules/CMakeCXXCompilerABI.cpp -quiet -dumpdir CMakeFiles/cmTC_07a9f.dir/ -dumpbase CMakeCXXCompilerABI.cpp.cpp -dumpbase-ext .cpp -mlittle-endian -mabi=lp64 -version -fasynchronous-unwind-tables -fstack-protector-strong -Wformat -Wformat-security -fstack-clash-protection -o /tmp/cc0fbli7.s
GNU C++17 (Ubuntu 11.4.0-1ubuntu1~22.04) version 11.4.0 (aarch64-linux-gnu)
	compiled by GNU C version 11.4.0, GMP version 6.2.1, MPFR version 4.1.0, MPC version 1.2.1, isl version isl-0.24-GMP

GGC heuristics: --param ggc-min-expand=100 --param ggc-min-heapsize=131072
ignoring duplicate directory "/usr/include/aarch64-linux-gnu/c++/11"
ignoring nonexistent directory "/usr/local/include/aarch64-linux-gnu"
ignoring nonexistent directory "/usr/lib/gcc/aarch64-linux-gnu/11/include-fixed"
ignoring nonexistent directory "/usr/lib/gcc/aarch64-linux-gnu/11/../../../../aarch64-linux-gnu/include"
#include "..." search starts here:
#include <...> search starts here:
 /usr/include/c++/11
 /usr/include/aarch64-linux-gnu/c++/11
 /usr/include/c++/11/backward
 /usr/lib/gcc/aarch64-linux-gnu/11/include
 /usr/local/include
 /usr/include/aarch64-linux-gnu
 /usr/include
End of search list.
GNU C++17 (Ubuntu 11.4.0-1ubuntu1~22.04) version 11.4.0 (aarch64-linux-gnu)
	compiled by GNU C version 11.4.0, GMP version 6.2.1, MPFR version 4.1.0, MPC version 1.2.1, isl version isl-0.24-GMP

GGC heuristics: --param ggc-min-expand=100 --param ggc-min-heapsize=131072
Compiler executable checksum: 3e6e780af1232722b47e0979fda82402
COLLECT_GCC_OPTIONS='-v' '-o' 'CMakeFiles/cmTC_07a9f.dir/CMakeCXXCompilerABI.cpp.o' '-c' '-shared-libgcc' '-mlittle-endian' '-mabi=lp64' '-dumpdir' 'CMakeFiles/cmTC_07a9f.dir/'
 as -v -EL -mabi=lp64 -o CMakeFiles/cmTC_07a9f.dir/CMakeCXXCompilerABI.cpp.o /tmp/cc0fbli7.s
GNU assembler version 2.38 (aarch64-linux-gnu) using BFD version (GNU Binutils for Ubuntu) 2.38
COMPILER_PATH=/usr/lib/gcc/aarch64-linux-gnu/11/:/usr/lib/gcc/aarch64-linux-gnu/11/:/usr/lib/gcc/aarch64-linux-gnu/:/usr/lib/gcc/aarch64-linux-gnu/11/:/usr/lib/gcc/aarch64-linux-gnu/
LIBRARY_PATH=/usr/lib/gcc/aarch64-linux-gnu/11/:/usr/lib/gcc/aarch64-linux-gnu/11/../../../aarch64-linux-gnu/:/usr/lib/gcc/aarch64-linux-gnu/11/../../../../lib/:/lib/aarch64-linux-gnu/:/lib/../lib/:/usr/lib/aarch64-linux-gnu/:/usr/lib/../lib/:/usr/lib/gcc/aarch64-linux-gnu/11/../../../:/lib/:/usr/lib/
COLLECT_GCC_OPTIONS='-v' '-o' 'CMakeFiles/cmTC_07a9f.dir/CMakeCXXCompilerABI.cpp.o' '-c' '-shared-libgcc' '-mlittle-endian' '-mabi=lp64' '-dumpdir' 'CMakeFiles/cmTC_07a9f.dir/CMakeCXXCompilerABI.cpp.'
Linking CXX executable cmTC_07a9f
/usr/bin/cmake -E cmake_link_script CMakeFiles/cmTC_07a9f.dir/link.txt --verbose=1
/usr/bin/c++  -v CMakeFiles/cmTC_07a9f.dir/CMakeCXXCompilerABI.cpp.o -o cmTC_07a9f 
Using built-in specs.
COLLECT_GCC=/usr/bin/c++
COLLECT_LTO_WRAPPER=/usr/lib/gcc/aarch64-linux-gnu/11/lto-wrapper
Target: aarch64-linux-gnu
Configured with: ../src/configure -v --with-pkgversion='Ubuntu 11.4.0-1ubuntu1~22.04' --with-bugurl=file:///usr/share/doc/gcc-11/README.Bugs --enable-languages=c,ada,c++,go,d,fortran,objc,obj-c++,m2 --prefix=/usr --with-gcc-major-version-only --program-suffix=-11 --program-prefix=aarch64-linux-gnu- --enable-shared --enable-linker-build-id --libexecdir=/usr/lib --without-included-gettext --enable-threads=posix --libdir=/usr/lib --enable-nls --enable-bootstrap --enable-clocale=gnu --enable-libstdcxx-debug --enable-libstdcxx-time=yes --with-default-libstdcxx-abi=new --enable-gnu-unique-object --disable-libquadmath --disable-libquadmath-support --enable-plugin --enable-default-pie --with-system-zlib --enable-libphobos-checking=release --with-target-system-zlib=auto --enable-objc-gc=auto --enable-multiarch --enable-fix-cortex-a53-843419 --disable-werror --enable-checking=release --build=aarch64-linux-gnu --host=aarch64-linux-gnu --target=aarch64-linux-gnu --with-build-config=bootstrap-lto-lean --enable-link-serialization=2
Thread model: posix
Supported LTO compression algorithms: zlib zstd
gcc version 11.4.0 (Ubuntu 11.4.0-1ubuntu1~22.04) 
COMPILER_PATH=/usr/lib/gcc/aarch64-linux-gnu/11/:/usr/lib/gcc/aarch64-linux-gnu/11/:/usr/lib/gcc/aarch64-linux-gnu/:/usr/lib/gcc/aarch64-linux-gnu/11/:/usr/lib/gcc/aarch64-linux-gnu/
LIBRARY_PATH=/usr/lib/gcc/aarch64-linux-gnu/11/:/usr/lib/gcc/aarch64-linux-gnu/11/../../../aarch64-linux-gnu/:/usr/lib/gcc/aarch64-linux-gnu/11/../../../../lib/:/lib/aarch64-linux-gnu/:/lib/../lib/:/usr/lib/aarch64-linux-gnu/:/usr/lib/../lib/:/usr/lib/gcc/aarch64-linux-gnu/11/../../../:/lib/:/usr/lib/
COLLECT_GCC_OPTIONS='-v' '-o' 'cmTC_07a9f' '-shared-libgcc' '-mlittle-endian' '-mabi=lp64' '-dumpdir' 'cmTC_07a9f.'
 /usr/lib/gcc/aarch64-linux-gnu/11/collect2 -plugin /usr/lib/gcc/aarch64-linux-gnu/11/liblto_plugin.so -plugin-opt=/usr/lib/gcc/aarch64-linux-gnu/11/lto-wrapper -plugin-opt=-fresolution=/tmp/ccOPluiH.res -plugin-opt=-pass-through=-lgcc_s -plugin-opt=-pass-through=-lgcc -plugin-opt=-pass-through=-lc -plugin-opt=-pass-through=-lgcc_s -plugin-opt=-pass-through=-lgcc --build-id --eh-frame-hdr --hash-style=gnu --as-needed -dynamic-linker /lib/ld-linux-aarch64.so.1 -X -EL -maarch64linux --fix-cortex-a53-843419 -pie -z now -z relro -o cmTC_07a9f /usr/lib/gcc/aarch64-linux-gnu/11/../../../aarch64-linux-gnu/Scrt1.o /usr/lib/gcc/aarch64-linux-gnu/11/../../../aarch64-linux-gnu/crti.o /usr/lib/gcc/aarch64-linux-gnu/11/crtbeginS.o -L/usr/lib/gcc/aarch64-linux-gnu/11 -L/usr/lib/gcc/aarch64-linux-gnu/11/../../../aarch64-linux-gnu -L/usr/lib/gcc/aarch64-linux-gnu/11/../../../../lib -L/lib/aarch64-linux-gnu -L/lib/../lib -L/usr/lib/aarch64-linux-gnu -L/usr/lib/../lib -L/usr/lib/gcc/aarch64-linux-gnu/11/../../.. CMakeFiles/cmTC_07a9f.dir/CMakeCXXCompilerABI.cpp.o -lstdc++ -lm -lgcc_s -lgcc -lc -lgcc_s -lgcc /usr/lib/gcc/aarch64-linux-gnu/11/crtendS.o /usr/lib/gcc/aarch64-linux-gnu/11/../../../aarch64-linux-gnu/crtn.o
COLLECT_GCC_OPTIONS='-v' '-o' 'cmTC_07a9f' '-shared-libgcc' '-mlittle-endian' '-mabi=lp64' '-dumpdir' 'cmTC_07a9f.'
gmake[1]: Leaving directory '/home/booster/Workspace/Booster_T1_3v3_Demo/src/build/vision/CMakeFiles/CMakeTmp'



Parsed CXX implicit include dir info from above output: rv=done
  found start of include info
  found start of implicit include info
    add: [/usr/include/c++/11]
    add: [/usr/include/aarch64-linux-gnu/c++/11]
    add: [/usr/include/c++/11/backward]
    add: [/usr/lib/gcc/aarch64-linux-gnu/11/include]
    add: [/usr/local/include]
    add: [/usr/include/aarch64-linux-gnu]
    add: [/usr/include]
  end of search list found
  collapse include dir [/usr/include/c++/11] ==> [/usr/include/c++/11]
  collapse include dir [/usr/include/aarch64-linux-gnu/c++/11] ==> [/usr/include/aarch64-linux-gnu/c++/11]
  collapse include dir [/usr/include/c++/11/backward] ==> [/usr/include/c++/11/backward]
  collapse include dir [/usr/lib/gcc/aarch64-linux-gnu/11/include] ==> [/usr/lib/gcc/aarch64-linux-gnu/11/include]
  collapse include dir [/usr/local/include] ==> [/usr/local/include]
  collapse include dir [/usr/include/aarch64-linux-gnu] ==> [/usr/include/aarch64-linux-gnu]
  collapse include dir [/usr/include] ==> [/usr/include]
  implicit include dirs: [/usr/include/c++/11;/usr/include/aarch64-linux-gnu/c++/11;/usr/include/c++/11/backward;/usr/lib/gcc/aarch64-linux-gnu/11/include;/usr/local/include;/usr/include/aarch64-linux-gnu;/usr/include]


Parsed CXX implicit link information from above output:
  link line regex: [^( *|.*[/\])(ld|CMAKE_LINK_STARTFILE-NOTFOUND|([^/\]+-)?ld|collect2)[^/\]*( |$)]
  ignore line: [Change Dir: /home/booster/Workspace/Booster_T1_3v3_Demo/src/build/vision/CMakeFiles/CMakeTmp]
  ignore line: []
  ignore line: [Run Build Command(s):/usr/bin/gmake -f Makefile cmTC_07a9f/fast && /usr/bin/gmake  -f CMakeFiles/cmTC_07a9f.dir/build.make CMakeFiles/cmTC_07a9f.dir/build]
  ignore line: [gmake[1]: Entering directory '/home/booster/Workspace/Booster_T1_3v3_Demo/src/build/vision/CMakeFiles/CMakeTmp']
  ignore line: [Building CXX object CMakeFiles/cmTC_07a9f.dir/CMakeCXXCompilerABI.cpp.o]
  ignore line: [/usr/bin/c++   -v -o CMakeFiles/cmTC_07a9f.dir/CMakeCXXCompilerABI.cpp.o -c /usr/share/cmake-3.22/Modules/CMakeCXXCompilerABI.cpp]
  ignore line: [Using built-in specs.]
  ignore line: [COLLECT_GCC=/usr/bin/c++]
  ignore line: [Target: aarch64-linux-gnu]
  ignore line: [Configured with: ../src/configure -v --with-pkgversion='Ubuntu 11.4.0-1ubuntu1~22.04' --with-bugurl=file:///usr/share/doc/gcc-11/README.Bugs --enable-languages=c ada c++ go d fortran objc obj-c++ m2 --prefix=/usr --with-gcc-major-version-only --program-suffix=-11 --program-prefix=aarch64-linux-gnu- --enable-shared --enable-linker-build-id --libexecdir=/usr/lib --without-included-gettext --enable-threads=posix --libdir=/usr/lib --enable-nls --enable-bootstrap --enable-clocale=gnu --enable-libstdcxx-debug --enable-libstdcxx-time=yes --with-default-libstdcxx-abi=new --enable-gnu-unique-object --disable-libquadmath --disable-libquadmath-support --enable-plugin --enable-default-pie --with-system-zlib --enable-libphobos-checking=release --with-target-system-zlib=auto --enable-objc-gc=auto --enable-multiarch --enable-fix-cortex-a53-843419 --disable-werror --enable-checking=release --build=aarch64-linux-gnu --host=aarch64-linux-gnu --target=aarch64-linux-gnu --with-build-config=bootstrap-lto-lean --enable-link-serialization=2]
  ignore line: [Thread model: posix]
  ignore line: [Supported LTO compression algorithms: zlib zstd]
  ignore line: [gcc version 11.4.0 (Ubuntu 11.4.0-1ubuntu1~22.04) ]
  ignore line: [COLLECT_GCC_OPTIONS='-v' '-o' 'CMakeFiles/cmTC_07a9f.dir/CMakeCXXCompilerABI.cpp.o' '-c' '-shared-libgcc' '-mlittle-endian' '-mabi=lp64' '-dumpdir' 'CMakeFiles/cmTC_07a9f.dir/']
  ignore line: [ /usr/lib/gcc/aarch64-linux-gnu/11/cc1plus -quiet -v -imultiarch aarch64-linux-gnu -D_GNU_SOURCE /usr/share/cmake-3.22/Modules/CMakeCXXCompilerABI.cpp -quiet -dumpdir CMakeFiles/cmTC_07a9f.dir/ -dumpbase CMakeCXXCompilerABI.cpp.cpp -dumpbase-ext .cpp -mlittle-endian -mabi=lp64 -version -fasynchronous-unwind-tables -fstack-protector-strong -Wformat -Wformat-security -fstack-clash-protection -o /tmp/cc0fbli7.s]
  ignore line: [GNU C++17 (Ubuntu 11.4.0-1ubuntu1~22.04) version 11.4.0 (aarch64-linux-gnu)]
  ignore line: [	compiled by GNU C version 11.4.0  GMP version 6.2.1  MPFR version 4.1.0  MPC version 1.2.1  isl version isl-0.24-GMP]
  ignore line: []
  ignore line: [GGC heuristics: --param ggc-min-expand=100 --param ggc-min-heapsize=131072]
  ignore line: [ignoring duplicate directory "/usr/include/aarch64-linux-gnu/c++/11"]
  ignore line: [ignoring nonexistent directory "/usr/local/include/aarch64-linux-gnu"]
  ignore line: [ignoring nonexistent directory "/usr/lib/gcc/aarch64-linux-gnu/11/include-fixed"]
  ignore line: [ignoring nonexistent directory "/usr/lib/gcc/aarch64-linux-gnu/11/../../../../aarch64-linux-gnu/include"]
  ignore line: [#include "..." search starts here:]
  ignore line: [#include <...> search starts here:]
  ignore line: [ /usr/include/c++/11]
  ignore line: [ /usr/include/aarch64-linux-gnu/c++/11]
  ignore line: [ /usr/include/c++/11/backward]
  ignore line: [ /usr/lib/gcc/aarch64-linux-gnu/11/include]
  ignore line: [ /usr/local/include]
  ignore line: [ /usr/include/aarch64-linux-gnu]
  ignore line: [ /usr/include]
  ignore line: [End of search list.]
  ignore line: [GNU C++17 (Ubuntu 11.4.0-1ubuntu1~22.04) version 11.4.0 (aarch64-linux-gnu)]
  ignore line: [	compiled by GNU C version 11.4.0  GMP version 6.2.1  MPFR version 4.1.0  MPC version 1.2.1  isl version isl-0.24-GMP]
  ignore line: []
  ignore line: [GGC heuristics: --param ggc-min-expand=100 --param ggc-min-heapsize=131072]
  ignore line: [Compiler executable checksum: 3e6e780af1232722b47e0979fda82402]
  ignore line: [COLLECT_GCC_OPTIONS='-v' '-o' 'CMakeFiles/cmTC_07a9f.dir/CMakeCXXCompilerABI.cpp.o' '-c' '-shared-libgcc' '-mlittle-endian' '-mabi=lp64' '-dumpdir' 'CMakeFiles/cmTC_07a9f.dir/']
  ignore line: [ as -v -EL -mabi=lp64 -o CMakeFiles/cmTC_07a9f.dir/CMakeCXXCompilerABI.cpp.o /tmp/cc0fbli7.s]
  ignore line: [GNU assembler version 2.38 (aarch64-linux-gnu) using BFD version (GNU Binutils for Ubuntu) 2.38]
  ignore line: [COMPILER_PATH=/usr/lib/gcc/aarch64-linux-gnu/11/:/usr/lib/gcc/aarch64-linux-gnu/11/:/usr/lib/gcc/aarch64-linux-gnu/:/usr/lib/gcc/aarch64-linux-gnu/11/:/usr/lib/gcc/aarch64-linux-gnu/]
  ignore line: [LIBRARY_PATH=/usr/lib/gcc/aarch64-linux-gnu/11/:/usr/lib/gcc/aarch64-linux-gnu/11/../../../aarch64-linux-gnu/:/usr/lib/gcc/aarch64-linux-gnu/11/../../../../lib/:/lib/aarch64-linux-gnu/:/lib/../lib/:/usr/lib/aarch64-linux-gnu/:/usr/lib/../lib/:/usr/lib/gcc/aarch64-linux-gnu/11/../../../:/lib/:/usr/lib/]
  ignore line: [COLLECT_GCC_OPTIONS='-v' '-o' 'CMakeFiles/cmTC_07a9f.dir/CMakeCXXCompilerABI.cpp.o' '-c' '-shared-libgcc' '-mlittle-endian' '-mabi=lp64' '-dumpdir' 'CMakeFiles/cmTC_07a9f.dir/CMakeCXXCompilerABI.cpp.']
  ignore line: [Linking CXX executable cmTC_07a9f]
  ignore line: [/usr/bin/cmake -E cmake_link_script CMakeFiles/cmTC_07a9f.dir/link.txt --verbose=1]
  ignore line: [/usr/bin/c++  -v CMakeFiles/cmTC_07a9f.dir/CMakeCXXCompilerABI.cpp.o -o cmTC_07a9f ]
  ignore line: [Using built-in specs.]
  ignore line: [COLLECT_GCC=/usr/bin/c++]
  ignore line: [COLLECT_LTO_WRAPPER=/usr/lib/gcc/aarch64-linux-gnu/11/lto-wrapper]
  ignore line: [Target: aarch64-linux-gnu]
  ignore line: [Configured with: ../src/configure -v --with-pkgversion='Ubuntu 11.4.0-1ubuntu1~22.04' --with-bugurl=file:///usr/share/doc/gcc-11/README.Bugs --enable-languages=c ada c++ go d fortran objc obj-c++ m2 --prefix=/usr --with-gcc-major-version-only --program-suffix=-11 --program-prefix=aarch64-linux-gnu- --enable-shared --enable-linker-build-id --libexecdir=/usr/lib --without-included-gettext --enable-threads=posix --libdir=/usr/lib --enable-nls --enable-bootstrap --enable-clocale=gnu --enable-libstdcxx-debug --enable-libstdcxx-time=yes --with-default-libstdcxx-abi=new --enable-gnu-unique-object --disable-libquadmath --disable-libquadmath-support --enable-plugin --enable-default-pie --with-system-zlib --enable-libphobos-checking=release --with-target-system-zlib=auto --enable-objc-gc=auto --enable-multiarch --enable-fix-cortex-a53-843419 --disable-werror --enable-checking=release --build=aarch64-linux-gnu --host=aarch64-linux-gnu --target=aarch64-linux-gnu --with-build-config=bootstrap-lto-lean --enable-link-serialization=2]
  ignore line: [Thread model: posix]
  ignore line: [Supported LTO compression algorithms: zlib zstd]
  ignore line: [gcc version 11.4.0 (Ubuntu 11.4.0-1ubuntu1~22.04) ]
  ignore line: [COMPILER_PATH=/usr/lib/gcc/aarch64-linux-gnu/11/:/usr/lib/gcc/aarch64-linux-gnu/11/:/usr/lib/gcc/aarch64-linux-gnu/:/usr/lib/gcc/aarch64-linux-gnu/11/:/usr/lib/gcc/aarch64-linux-gnu/]
  ignore line: [LIBRARY_PATH=/usr/lib/gcc/aarch64-linux-gnu/11/:/usr/lib/gcc/aarch64-linux-gnu/11/../../../aarch64-linux-gnu/:/usr/lib/gcc/aarch64-linux-gnu/11/../../../../lib/:/lib/aarch64-linux-gnu/:/lib/../lib/:/usr/lib/aarch64-linux-gnu/:/usr/lib/../lib/:/usr/lib/gcc/aarch64-linux-gnu/11/../../../:/lib/:/usr/lib/]
  ignore line: [COLLECT_GCC_OPTIONS='-v' '-o' 'cmTC_07a9f' '-shared-libgcc' '-mlittle-endian' '-mabi=lp64' '-dumpdir' 'cmTC_07a9f.']
  link line: [ /usr/lib/gcc/aarch64-linux-gnu/11/collect2 -plugin /usr/lib/gcc/aarch64-linux-gnu/11/liblto_plugin.so -plugin-opt=/usr/lib/gcc/aarch64-linux-gnu/11/lto-wrapper -plugin-opt=-fresolution=/tmp/ccOPluiH.res -plugin-opt=-pass-through=-lgcc_s -plugin-opt=-pass-through=-lgcc -plugin-opt=-pass-through=-lc -plugin-opt=-pass-through=-lgcc_s -plugin-opt=-pass-through=-lgcc --build-id --eh-frame-hdr --hash-style=gnu --as-needed -dynamic-linker /lib/ld-linux-aarch64.so.1 -X -EL -maarch64linux --fix-cortex-a53-843419 -pie -z now -z relro -o cmTC_07a9f /usr/lib/gcc/aarch64-linux-gnu/11/../../../aarch64-linux-gnu/Scrt1.o /usr/lib/gcc/aarch64-linux-gnu/11/../../../aarch64-linux-gnu/crti.o /usr/lib/gcc/aarch64-linux-gnu/11/crtbeginS.o -L/usr/lib/gcc/aarch64-linux-gnu/11 -L/usr/lib/gcc/aarch64-linux-gnu/11/../../../aarch64-linux-gnu -L/usr/lib/gcc/aarch64-linux-gnu/11/../../../../lib -L/lib/aarch64-linux-gnu -L/lib/../lib -L/usr/lib/aarch64-linux-gnu -L/usr/lib/../lib -L/usr/lib/gcc/aarch64-linux-gnu/11/../../.. CMakeFiles/cmTC_07a9f.dir/CMakeCXXCompilerABI.cpp.o -lstdc++ -lm -lgcc_s -lgcc -lc -lgcc_s -lgcc /usr/lib/gcc/aarch64-linux-gnu/11/crtendS.o /usr/lib/gcc/aarch64-linux-gnu/11/../../../aarch64-linux-gnu/crtn.o]
    arg [/usr/lib/gcc/aarch64-linux-gnu/11/collect2] ==> ignore
    arg [-plugin] ==> ignore
    arg [/usr/lib/gcc/aarch64-linux-gnu/11/liblto_plugin.so] ==> ignore
    arg [-plugin-opt=/usr/lib/gcc/aarch64-linux-gnu/11/lto-wrapper] ==> ignore
    arg [-plugin-opt=-fresolution=/tmp/ccOPluiH.res] ==> ignore
    arg [-plugin-opt=-pass-through=-lgcc_s] ==> ignore
    arg [-plugin-opt=-pass-through=-lgcc] ==> ignore
    arg [-plugin-opt=-pass-through=-lc] ==> ignore
    arg [-plugin-opt=-pass-through=-lgcc_s] ==> ignore
    arg [-plugin-opt=-pass-through=-lgcc] ==> ignore
    arg [--build-id] ==> ignore
    arg [--eh-frame-hdr] ==> ignore
    arg [--hash-style=gnu] ==> ignore
    arg [--as-needed] ==> ignore
    arg [-dynamic-linker] ==> ignore
    arg [/lib/ld-linux-aarch64.so.1] ==> ignore
    arg [-X] ==> ignore
    arg [-EL] ==> ignore
    arg [-maarch64linux] ==> ignore
    arg [--fix-cortex-a53-843419] ==> ignore
    arg [-pie] ==> ignore
    arg [-znow] ==> ignore
    arg [-zrelro] ==> ignore
    arg [-o] ==> ignore
    arg [cmTC_07a9f] ==> ignore
    arg [/usr/lib/gcc/aarch64-linux-gnu/11/../../../aarch64-linux-gnu/Scrt1.o] ==> obj [/usr/lib/gcc/aarch64-linux-gnu/11/../../../aarch64-linux-gnu/Scrt1.o]
    arg [/usr/lib/gcc/aarch64-linux-gnu/11/../../../aarch64-linux-gnu/crti.o] ==> obj [/usr/lib/gcc/aarch64-linux-gnu/11/../../../aarch64-linux-gnu/crti.o]
    arg [/usr/lib/gcc/aarch64-linux-gnu/11/crtbeginS.o] ==> obj [/usr/lib/gcc/aarch64-linux-gnu/11/crtbeginS.o]
    arg [-L/usr/lib/gcc/aarch64-linux-gnu/11] ==> dir [/usr/lib/gcc/aarch64-linux-gnu/11]
    arg [-L/usr/lib/gcc/aarch64-linux-gnu/11/../../../aarch64-linux-gnu] ==> dir [/usr/lib/gcc/aarch64-linux-gnu/11/../../../aarch64-linux-gnu]
    arg [-L/usr/lib/gcc/aarch64-linux-gnu/11/../../../../lib] ==> dir [/usr/lib/gcc/aarch64-linux-gnu/11/../../../../lib]
    arg [-L/lib/aarch64-linux-gnu] ==> dir [/lib/aarch64-linux-gnu]
    arg [-L/lib/../lib] ==> dir [/lib/../lib]
    arg [-L/usr/lib/aarch64-linux-gnu] ==> dir [/usr/lib/aarch64-linux-gnu]
    arg [-L/usr/lib/../lib] ==> dir [/usr/lib/../lib]
    arg [-L/usr/lib/gcc/aarch64-linux-gnu/11/../../..] ==> dir [/usr/lib/gcc/aarch64-linux-gnu/11/../../..]
    arg [CMakeFiles/cmTC_07a9f.dir/CMakeCXXCompilerABI.cpp.o] ==> ignore
    arg [-lstdc++] ==> lib [stdc++]
    arg [-lm] ==> lib [m]
    arg [-lgcc_s] ==> lib [gcc_s]
    arg [-lgcc] ==> lib [gcc]
    arg [-lc] ==> lib [c]
    arg [-lgcc_s] ==> lib [gcc_s]
    arg [-lgcc] ==> lib [gcc]
    arg [/usr/lib/gcc/aarch64-linux-gnu/11/crtendS.o] ==> obj [/usr/lib/gcc/aarch64-linux-gnu/11/crtendS.o]
    arg [/usr/lib/gcc/aarch64-linux-gnu/11/../../../aarch64-linux-gnu/crtn.o] ==> obj [/usr/lib/gcc/aarch64-linux-gnu/11/../../../aarch64-linux-gnu/crtn.o]
  collapse obj [/usr/lib/gcc/aarch64-linux-gnu/11/../../../aarch64-linux-gnu/Scrt1.o] ==> [/usr/lib/aarch64-linux-gnu/Scrt1.o]
  collapse obj [/usr/lib/gcc/aarch64-linux-gnu/11/../../../aarch64-linux-gnu/crti.o] ==> [/usr/lib/aarch64-linux-gnu/crti.o]
  collapse obj [/usr/lib/gcc/aarch64-linux-gnu/11/../../../aarch64-linux-gnu/crtn.o] ==> [/usr/lib/aarch64-linux-gnu/crtn.o]
  collapse library dir [/usr/lib/gcc/aarch64-linux-gnu/11] ==> [/usr/lib/gcc/aarch64-linux-gnu/11]
  collapse library dir [/usr/lib/gcc/aarch64-linux-gnu/11/../../../aarch64-linux-gnu] ==> [/usr/lib/aarch64-linux-gnu]
  collapse library dir [/usr/lib/gcc/aarch64-linux-gnu/11/../../../../lib] ==> [/usr/lib]
  collapse library dir [/lib/aarch64-linux-gnu] ==> [/lib/aarch64-linux-gnu]
  collapse library dir [/lib/../lib] ==> [/lib]
  collapse library dir [/usr/lib/aarch64-linux-gnu] ==> [/usr/lib/aarch64-linux-gnu]
  collapse library dir [/usr/lib/../lib] ==> [/usr/lib]
  collapse library dir [/usr/lib/gcc/aarch64-linux-gnu/11/../../..] ==> [/usr/lib]
  implicit libs: [stdc++;m;gcc_s;gcc;c;gcc_s;gcc]
  implicit objs: [/usr/lib/aarch64-linux-gnu/Scrt1.o;/usr/lib/aarch64-linux-gnu/crti.o;/usr/lib/gcc/aarch64-linux-gnu/11/crtbeginS.o;/usr/lib/gcc/aarch64-linux-gnu/11/crtendS.o;/usr/lib/aarch64-linux-gnu/crtn.o]
  implicit dirs: [/usr/lib/gcc/aarch64-linux-gnu/11;/usr/lib/aarch64-linux-gnu;/usr/lib;/lib/aarch64-linux-gnu;/lib]
  implicit fwks: []


Determining if the include file pthread.h exists passed with the following output:
Change Dir: /home/booster/Workspace/Booster_T1_3v3_Demo/src/build/vision/CMakeFiles/CMakeTmp

Run Build Command(s):/usr/bin/gmake -f Makefile cmTC_7e777/fast && /usr/bin/gmake  -f CMakeFiles/cmTC_7e777.dir/build.make CMakeFiles/cmTC_7e777.dir/build
gmake[1]: Entering directory '/home/booster/Workspace/Booster_T1_3v3_Demo/src/build/vision/CMakeFiles/CMakeTmp'
Building C object CMakeFiles/cmTC_7e777.dir/CheckIncludeFile.c.o
/usr/bin/cc    -o CMakeFiles/cmTC_7e777.dir/CheckIncludeFile.c.o -c /home/booster/Workspace/Booster_T1_3v3_Demo/src/build/vision/CMakeFiles/CMakeTmp/CheckIncludeFile.c
Linking C executable cmTC_7e777
/usr/bin/cmake -E cmake_link_script CMakeFiles/cmTC_7e777.dir/link.txt --verbose=1
/usr/bin/cc CMakeFiles/cmTC_7e777.dir/CheckIncludeFile.c.o -o cmTC_7e777 
gmake[1]: Leaving directory '/home/booster/Workspace/Booster_T1_3v3_Demo/src/build/vision/CMakeFiles/CMakeTmp'



Performing C SOURCE FILE Test CMAKE_HAVE_LIBC_PTHREAD succeeded with the following output:
Change Dir: /home/booster/Workspace/Booster_T1_3v3_Demo/src/build/vision/CMakeFiles/CMakeTmp

Run Build Command(s):/usr/bin/gmake -f Makefile cmTC_6c432/fast && /usr/bin/gmake  -f CMakeFiles/cmTC_6c432.dir/build.make CMakeFiles/cmTC_6c432.dir/build
gmake[1]: Entering directory '/home/booster/Workspace/Booster_T1_3v3_Demo/src/build/vision/CMakeFiles/CMakeTmp'
Building C object CMakeFiles/cmTC_6c432.dir/src.c.o
/usr/bin/cc -DCMAKE_HAVE_LIBC_PTHREAD   -o CMakeFiles/cmTC_6c432.dir/src.c.o -c /home/booster/Workspace/Booster_T1_3v3_Demo/src/build/vision/CMakeFiles/CMakeTmp/src.c
Linking C executable cmTC_6c432
/usr/bin/cmake -E cmake_link_script CMakeFiles/cmTC_6c432.dir/link.txt --verbose=1
/usr/bin/cc CMakeFiles/cmTC_6c432.dir/src.c.o -o cmTC_6c432 
gmake[1]: Leaving directory '/home/booster/Workspace/Booster_T1_3v3_Demo/src/build/vision/CMakeFiles/CMakeTmp'


Source file was:
#include <pthread.h>

static void* test_func(void* data)
{
  return data;
}

int main(void)
{
  pthread_t thread;
  pthread_create(&thread, NULL, test_func, NULL);
  pthread_detach(thread);
  pthread_cancel(thread);
  pthread_join(thread, NULL);
  pthread_atfork(NULL, NULL, NULL);
  pthread_exit(NULL);

  return 0;
}

Determining if the function XOpenDisplay exists in the /usr/lib/aarch64-linux-gnu/libX11.so;/usr/lib/aarch64-linux-gnu/libXext.so passed with the following output:
Change Dir: /home/booster/Workspace/Booster_T1_3v3_Demo/src/build/vision/CMakeFiles/CMakeTmp

Run Build Command(s):/usr/bin/gmake -f Makefile cmTC_8edcc/fast && /usr/bin/gmake  -f CMakeFiles/cmTC_8edcc.dir/build.make CMakeFiles/cmTC_8edcc.dir/build
gmake[1]: Entering directory '/home/booster/Workspace/Booster_T1_3v3_Demo/src/build/vision/CMakeFiles/CMakeTmp'
Building C object CMakeFiles/cmTC_8edcc.dir/CheckFunctionExists.c.o
/usr/bin/cc   -DCHECK_FUNCTION_EXISTS=XOpenDisplay -o CMakeFiles/cmTC_8edcc.dir/CheckFunctionExists.c.o -c /usr/share/cmake-3.22/Modules/CheckFunctionExists.c
Linking C executable cmTC_8edcc
/usr/bin/cmake -E cmake_link_script CMakeFiles/cmTC_8edcc.dir/link.txt --verbose=1
/usr/bin/cc  -DCHECK_FUNCTION_EXISTS=XOpenDisplay CMakeFiles/cmTC_8edcc.dir/CheckFunctionExists.c.o -o cmTC_8edcc  /usr/lib/aarch64-linux-gnu/libX11.so /usr/lib/aarch64-linux-gnu/libXext.so 
gmake[1]: Leaving directory '/home/booster/Workspace/Booster_T1_3v3_Demo/src/build/vision/CMakeFiles/CMakeTmp'



Determining if the function gethostbyname exists passed with the following output:
Change Dir: /home/booster/Workspace/Booster_T1_3v3_Demo/src/build/vision/CMakeFiles/CMakeTmp

Run Build Command(s):/usr/bin/gmake -f Makefile cmTC_e5f24/fast && /usr/bin/gmake  -f CMakeFiles/cmTC_e5f24.dir/build.make CMakeFiles/cmTC_e5f24.dir/build
gmake[1]: Entering directory '/home/booster/Workspace/Booster_T1_3v3_Demo/src/build/vision/CMakeFiles/CMakeTmp'
Building C object CMakeFiles/cmTC_e5f24.dir/CheckFunctionExists.c.o
/usr/bin/cc   -DCHECK_FUNCTION_EXISTS=gethostbyname -o CMakeFiles/cmTC_e5f24.dir/CheckFunctionExists.c.o -c /usr/share/cmake-3.22/Modules/CheckFunctionExists.c
Linking C executable cmTC_e5f24
/usr/bin/cmake -E cmake_link_script CMakeFiles/cmTC_e5f24.dir/link.txt --verbose=1
/usr/bin/cc  -DCHECK_FUNCTION_EXISTS=gethostbyname CMakeFiles/cmTC_e5f24.dir/CheckFunctionExists.c.o -o cmTC_e5f24 
gmake[1]: Leaving directory '/home/booster/Workspace/Booster_T1_3v3_Demo/src/build/vision/CMakeFiles/CMakeTmp'



Determining if the function connect exists passed with the following output:
Change Dir: /home/booster/Workspace/Booster_T1_3v3_Demo/src/build/vision/CMakeFiles/CMakeTmp

Run Build Command(s):/usr/bin/gmake -f Makefile cmTC_716f2/fast && /usr/bin/gmake  -f CMakeFiles/cmTC_716f2.dir/build.make CMakeFiles/cmTC_716f2.dir/build
gmake[1]: Entering directory '/home/booster/Workspace/Booster_T1_3v3_Demo/src/build/vision/CMakeFiles/CMakeTmp'
Building C object CMakeFiles/cmTC_716f2.dir/CheckFunctionExists.c.o
/usr/bin/cc   -DCHECK_FUNCTION_EXISTS=connect -o CMakeFiles/cmTC_716f2.dir/CheckFunctionExists.c.o -c /usr/share/cmake-3.22/Modules/CheckFunctionExists.c
Linking C executable cmTC_716f2
/usr/bin/cmake -E cmake_link_script CMakeFiles/cmTC_716f2.dir/link.txt --verbose=1
/usr/bin/cc  -DCHECK_FUNCTION_EXISTS=connect CMakeFiles/cmTC_716f2.dir/CheckFunctionExists.c.o -o cmTC_716f2 
gmake[1]: Leaving directory '/home/booster/Workspace/Booster_T1_3v3_Demo/src/build/vision/CMakeFiles/CMakeTmp'



Determining if the function remove exists passed with the following output:
Change Dir: /home/booster/Workspace/Booster_T1_3v3_Demo/src/build/vision/CMakeFiles/CMakeTmp

Run Build Command(s):/usr/bin/gmake -f Makefile cmTC_c4670/fast && /usr/bin/gmake  -f CMakeFiles/cmTC_c4670.dir/build.make CMakeFiles/cmTC_c4670.dir/build
gmake[1]: Entering directory '/home/booster/Workspace/Booster_T1_3v3_Demo/src/build/vision/CMakeFiles/CMakeTmp'
Building C object CMakeFiles/cmTC_c4670.dir/CheckFunctionExists.c.o
/usr/bin/cc   -DCHECK_FUNCTION_EXISTS=remove -o CMakeFiles/cmTC_c4670.dir/CheckFunctionExists.c.o -c /usr/share/cmake-3.22/Modules/CheckFunctionExists.c
Linking C executable cmTC_c4670
/usr/bin/cmake -E cmake_link_script CMakeFiles/cmTC_c4670.dir/link.txt --verbose=1
/usr/bin/cc  -DCHECK_FUNCTION_EXISTS=remove CMakeFiles/cmTC_c4670.dir/CheckFunctionExists.c.o -o cmTC_c4670 
gmake[1]: Leaving directory '/home/booster/Workspace/Booster_T1_3v3_Demo/src/build/vision/CMakeFiles/CMakeTmp'



Determining if the function shmat exists passed with the following output:
Change Dir: /home/booster/Workspace/Booster_T1_3v3_Demo/src/build/vision/CMakeFiles/CMakeTmp

Run Build Command(s):/usr/bin/gmake -f Makefile cmTC_27997/fast && /usr/bin/gmake  -f CMakeFiles/cmTC_27997.dir/build.make CMakeFiles/cmTC_27997.dir/build
gmake[1]: Entering directory '/home/booster/Workspace/Booster_T1_3v3_Demo/src/build/vision/CMakeFiles/CMakeTmp'
Building C object CMakeFiles/cmTC_27997.dir/CheckFunctionExists.c.o
/usr/bin/cc   -DCHECK_FUNCTION_EXISTS=shmat -o CMakeFiles/cmTC_27997.dir/CheckFunctionExists.c.o -c /usr/share/cmake-3.22/Modules/CheckFunctionExists.c
Linking C executable cmTC_27997
/usr/bin/cmake -E cmake_link_script CMakeFiles/cmTC_27997.dir/link.txt --verbose=1
/usr/bin/cc  -DCHECK_FUNCTION_EXISTS=shmat CMakeFiles/cmTC_27997.dir/CheckFunctionExists.c.o -o cmTC_27997 
gmake[1]: Leaving directory '/home/booster/Workspace/Booster_T1_3v3_Demo/src/build/vision/CMakeFiles/CMakeTmp'



Determining if the function IceConnectionNumber exists in the ICE passed with the following output:
Change Dir: /home/booster/Workspace/Booster_T1_3v3_Demo/src/build/vision/CMakeFiles/CMakeTmp

Run Build Command(s):/usr/bin/gmake -f Makefile cmTC_dc663/fast && /usr/bin/gmake  -f CMakeFiles/cmTC_dc663.dir/build.make CMakeFiles/cmTC_dc663.dir/build
gmake[1]: Entering directory '/home/booster/Workspace/Booster_T1_3v3_Demo/src/build/vision/CMakeFiles/CMakeTmp'
Building C object CMakeFiles/cmTC_dc663.dir/CheckFunctionExists.c.o
/usr/bin/cc   -DCHECK_FUNCTION_EXISTS=IceConnectionNumber -o CMakeFiles/cmTC_dc663.dir/CheckFunctionExists.c.o -c /usr/share/cmake-3.22/Modules/CheckFunctionExists.c
Linking C executable cmTC_dc663
/usr/bin/cmake -E cmake_link_script CMakeFiles/cmTC_dc663.dir/link.txt --verbose=1
/usr/bin/cc  -DCHECK_FUNCTION_EXISTS=IceConnectionNumber CMakeFiles/cmTC_dc663.dir/CheckFunctionExists.c.o -o cmTC_dc663  -lICE 
gmake[1]: Leaving directory '/home/booster/Workspace/Booster_T1_3v3_Demo/src/build/vision/CMakeFiles/CMakeTmp'



Checking whether the CUDA compiler is NVIDIA using "" matched "nvcc: NVIDIA \(R\) Cuda compiler driver":
nvcc: NVIDIA (R) Cuda compiler driver
Copyright (c) 2005-2024 NVIDIA Corporation
Built on Wed_Aug_14_10:14:07_PDT_2024
Cuda compilation tools, release 12.6, V12.6.68
Build cuda_12.6.r12.6/compiler.34714021_0
Compiling the CUDA compiler identification source file "CMakeCUDACompilerId.cu" succeeded.
Compiler: /usr/local/cuda/bin/nvcc 
Build flags: 
Id flags: --keep;--keep-dir;tmp -v

The output was:
0
#$ _NVVM_BRANCH_=nvvm
#$ _SPACE_= 
#$ _CUDART_=cudart
#$ _HERE_=/usr/local/cuda/bin
#$ _THERE_=/usr/local/cuda/bin
#$ _TARGET_SIZE_=
#$ _TARGET_DIR_=
#$ _TARGET_DIR_=targets/aarch64-linux
#$ TOP=/usr/local/cuda/bin/..
#$ CICC_PATH=/usr/local/cuda/bin/../nvvm/bin
#$ NVVMIR_LIBRARY_DIR=/usr/local/cuda/bin/../nvvm/libdevice
#$ LD_LIBRARY_PATH=/usr/local/cuda/bin/../lib:/home/booster/Workspace/Booster_T1_3v3_Demo/src/install/vision_interface/lib:/opt/ros/humble/opt/rviz_ogre_vendor/lib:/opt/ros/humble/lib/aarch64-linux-gnu:/opt/ros/humble/lib:/usr/local/cuda/lib64
#$ PATH=/usr/local/cuda/bin/../nvvm/bin:/usr/local/cuda/bin:/opt/ros/humble/bin:/usr/local/cuda/bin:/usr/local/sbin:/usr/local/bin:/usr/sbin:/usr/bin:/sbin:/bin:/snap/bin
#$ INCLUDES="-I/usr/local/cuda/bin/../targets/aarch64-linux/include"  
#$ LIBRARIES=  "-L/usr/local/cuda/bin/../targets/aarch64-linux/lib/stubs" "-L/usr/local/cuda/bin/../targets/aarch64-linux/lib"
#$ CUDAFE_FLAGS=
#$ PTXAS_FLAGS=
#$ rm tmp/a_dlink.reg.c
#$ gcc -D__CUDA_ARCH_LIST__=520 -D__NV_LEGACY_LAUNCH -E -x c++ -D__CUDACC__ -D__NVCC__  "-I/usr/local/cuda/bin/../targets/aarch64-linux/include"    -D__CUDACC_VER_MAJOR__=12 -D__CUDACC_VER_MINOR__=6 -D__CUDACC_VER_BUILD__=68 -D__CUDA_API_VER_MAJOR__=12 -D__CUDA_API_VER_MINOR__=6 -D__NVCC_DIAG_PRAGMA_SUPPORT__=1 -include "cuda_runtime.h" "CMakeCUDACompilerId.cu" -o "tmp/CMakeCUDACompilerId.cpp4.ii" 
#$ cudafe++ --c++17 --gnu_version=110400 --display_error_number --orig_src_file_name "CMakeCUDACompilerId.cu" --orig_src_path_name "/home/booster/Workspace/Booster_T1_3v3_Demo/src/build/vision/CMakeFiles/3.22.1/CompilerIdCUDA/CMakeCUDACompilerId.cu" --allow_managed --unsigned_chars --unsigned_wchar_t  --m64 --parse_templates --gen_c_file_name "tmp/CMakeCUDACompilerId.cudafe1.cpp" --stub_file_name "CMakeCUDACompilerId.cudafe1.stub.c" --gen_module_id_file --module_id_file_name "tmp/CMakeCUDACompilerId.module_id" "tmp/CMakeCUDACompilerId.cpp4.ii" 
#$ gcc -D__CUDA_ARCH__=520 -D__CUDA_ARCH_LIST__=520 -D__NV_LEGACY_LAUNCH -E -x c++  -DCUDA_DOUBLE_MATH_FUNCTIONS -D__CUDACC__ -D__NVCC__  "-I/usr/local/cuda/bin/../targets/aarch64-linux/include"    -D__CUDACC_VER_MAJOR__=12 -D__CUDACC_VER_MINOR__=6 -D__CUDACC_VER_BUILD__=68 -D__CUDA_API_VER_MAJOR__=12 -D__CUDA_API_VER_MINOR__=6 -D__NVCC_DIAG_PRAGMA_SUPPORT__=1 -include "cuda_runtime.h" "CMakeCUDACompilerId.cu" -o "tmp/CMakeCUDACompilerId.cpp1.ii" 
#$ "$CICC_PATH/cicc" --c++17 --gnu_version=110400 --display_error_number --orig_src_file_name "CMakeCUDACompilerId.cu" --orig_src_path_name "/home/booster/Workspace/Booster_T1_3v3_Demo/src/build/vision/CMakeFiles/3.22.1/CompilerIdCUDA/CMakeCUDACompilerId.cu" --allow_managed --unsigned_chars --unsigned_wchar_t   -arch compute_52 -m64 --no-version-ident -ftz=0 -prec_div=1 -prec_sqrt=1 -fmad=1 --include_file_name "CMakeCUDACompilerId.fatbin.c" -tused --module_id_file_name "tmp/CMakeCUDACompilerId.module_id" --gen_c_file_name "tmp/CMakeCUDACompilerId.cudafe1.c" --stub_file_name "tmp/CMakeCUDACompilerId.cudafe1.stub.c" --gen_device_file_name "tmp/CMakeCUDACompilerId.cudafe1.gpu"  "tmp/CMakeCUDACompilerId.cpp1.ii" -o "tmp/CMakeCUDACompilerId.ptx"
#$ ptxas -arch=sm_52 -m64  "tmp/CMakeCUDACompilerId.ptx"  -o "tmp/CMakeCUDACompilerId.sm_52.cubin" 
#$ fatbinary --create="tmp/CMakeCUDACompilerId.fatbin" -64 --cicc-cmdline="-ftz=0 -prec_div=1 -prec_sqrt=1 -fmad=1 " "--image3=kind=elf,sm=52,file=tmp/CMakeCUDACompilerId.sm_52.cubin" "--image3=kind=ptx,sm=52,file=tmp/CMakeCUDACompilerId.ptx" --embedded-fatbin="tmp/CMakeCUDACompilerId.fatbin.c" 
#$ gcc -D__CUDA_ARCH__=520 -D__CUDA_ARCH_LIST__=520 -D__NV_LEGACY_LAUNCH -c -x c++  -DCUDA_DOUBLE_MATH_FUNCTIONS -Wno-psabi "-I/usr/local/cuda/bin/../targets/aarch64-linux/include"   "tmp/CMakeCUDACompilerId.cudafe1.cpp" -o "tmp/CMakeCUDACompilerId.o" 
#$ nvlink -m64 --arch=sm_52 --register-link-binaries="tmp/a_dlink.reg.c"    "-L/usr/local/cuda/bin/../targets/aarch64-linux/lib/stubs" "-L/usr/local/cuda/bin/../targets/aarch64-linux/lib" -cpu-arch=AARCH64 "tmp/CMakeCUDACompilerId.o"  -lcudadevrt  -o "tmp/a_dlink.sm_52.cubin" --host-ccbin "gcc"
#$ fatbinary --create="tmp/a_dlink.fatbin" -64 --cicc-cmdline="-ftz=0 -prec_div=1 -prec_sqrt=1 -fmad=1 " -link "--image3=kind=elf,sm=52,file=tmp/a_dlink.sm_52.cubin" --embedded-fatbin="tmp/a_dlink.fatbin.c" 
#$ gcc -D__CUDA_ARCH_LIST__=520 -D__NV_LEGACY_LAUNCH -c -x c++ -DFATBINFILE="\"tmp/a_dlink.fatbin.c\"" -DREGISTERLINKBINARYFILE="\"tmp/a_dlink.reg.c\"" -I. -D__NV_EXTRA_INITIALIZATION= -D__NV_EXTRA_FINALIZATION= -D__CUDA_INCLUDE_COMPILER_INTERNAL_HEADERS__  -Wno-psabi "-I/usr/local/cuda/bin/../targets/aarch64-linux/include"    -D__CUDACC_VER_MAJOR__=12 -D__CUDACC_VER_MINOR__=6 -D__CUDACC_VER_BUILD__=68 -D__CUDA_API_VER_MAJOR__=12 -D__CUDA_API_VER_MINOR__=6 -D__NVCC_DIAG_PRAGMA_SUPPORT__=1 "/usr/local/cuda/bin/crt/link.stub" -o "tmp/a_dlink.o" 
#$ g++ -D__CUDA_ARCH_LIST__=520 -D__NV_LEGACY_LAUNCH -Wl,--start-group "tmp/a_dlink.o" "tmp/CMakeCUDACompilerId.o"   "-L/usr/local/cuda/bin/../targets/aarch64-linux/lib/stubs" "-L/usr/local/cuda/bin/../targets/aarch64-linux/lib"  -lcudadevrt  -lcudart_static  -lrt -lpthread  -ldl  -Wl,--end-group -o "a.out" 


Compilation of the CUDA compiler identification source "CMakeCUDACompilerId.cu" produced "a.out"

The CUDA compiler identification is NVIDIA, found in "/home/booster/Workspace/Booster_T1_3v3_Demo/src/build/vision/CMakeFiles/3.22.1/CompilerIdCUDA/a.out"

Parsed CUDA nvcc implicit link information from above output:
  found 'PATH=' string: [/usr/local/cuda/bin/../nvvm/bin:/usr/local/cuda/bin:/opt/ros/humble/bin:/usr/local/cuda/bin:/usr/local/sbin:/usr/local/bin:/usr/sbin:/usr/bin:/sbin:/bin:/snap/bin]
  found 'LIBRARIES=' string: ["-L/usr/local/cuda/bin/../targets/aarch64-linux/lib/stubs" "-L/usr/local/cuda/bin/../targets/aarch64-linux/lib"]
  considering line: [#$ rm tmp/a_dlink.reg.c]
  considering line: [gcc -D__CUDA_ARCH_LIST__=520 -D__NV_LEGACY_LAUNCH -E -x c++ -D__CUDACC__ -D__NVCC__  "-I/usr/local/cuda/bin/../targets/aarch64-linux/include"    -D__CUDACC_VER_MAJOR__=12 -D__CUDACC_VER_MINOR__=6 -D__CUDACC_VER_BUILD__=68 -D__CUDA_API_VER_MAJOR__=12 -D__CUDA_API_VER_MINOR__=6 -D__NVCC_DIAG_PRAGMA_SUPPORT__=1 -include "cuda_runtime.h" "CMakeCUDACompilerId.cu" -o "tmp/CMakeCUDACompilerId.cpp4.ii" ]
  considering line: [cudafe++ --c++17 --gnu_version=110400 --display_error_number --orig_src_file_name "CMakeCUDACompilerId.cu" --orig_src_path_name "/home/booster/Workspace/Booster_T1_3v3_Demo/src/build/vision/CMakeFiles/3.22.1/CompilerIdCUDA/CMakeCUDACompilerId.cu" --allow_managed --unsigned_chars --unsigned_wchar_t  --m64 --parse_templates --gen_c_file_name "tmp/CMakeCUDACompilerId.cudafe1.cpp" --stub_file_name "CMakeCUDACompilerId.cudafe1.stub.c" --gen_module_id_file --module_id_file_name "tmp/CMakeCUDACompilerId.module_id" "tmp/CMakeCUDACompilerId.cpp4.ii" ]
  considering line: [gcc -D__CUDA_ARCH__=520 -D__CUDA_ARCH_LIST__=520 -D__NV_LEGACY_LAUNCH -E -x c++  -DCUDA_DOUBLE_MATH_FUNCTIONS -D__CUDACC__ -D__NVCC__  "-I/usr/local/cuda/bin/../targets/aarch64-linux/include"    -D__CUDACC_VER_MAJOR__=12 -D__CUDACC_VER_MINOR__=6 -D__CUDACC_VER_BUILD__=68 -D__CUDA_API_VER_MAJOR__=12 -D__CUDA_API_VER_MINOR__=6 -D__NVCC_DIAG_PRAGMA_SUPPORT__=1 -include "cuda_runtime.h" "CMakeCUDACompilerId.cu" -o "tmp/CMakeCUDACompilerId.cpp1.ii" ]
  considering line: ["$CICC_PATH/cicc" --c++17 --gnu_version=110400 --display_error_number --orig_src_file_name "CMakeCUDACompilerId.cu" --orig_src_path_name "/home/booster/Workspace/Booster_T1_3v3_Demo/src/build/vision/CMakeFiles/3.22.1/CompilerIdCUDA/CMakeCUDACompilerId.cu" --allow_managed --unsigned_chars --unsigned_wchar_t   -arch compute_52 -m64 --no-version-ident -ftz=0 -prec_div=1 -prec_sqrt=1 -fmad=1 --include_file_name "CMakeCUDACompilerId.fatbin.c" -tused --module_id_file_name "tmp/CMakeCUDACompilerId.module_id" --gen_c_file_name "tmp/CMakeCUDACompilerId.cudafe1.c" --stub_file_name "tmp/CMakeCUDACompilerId.cudafe1.stub.c" --gen_device_file_name "tmp/CMakeCUDACompilerId.cudafe1.gpu"  "tmp/CMakeCUDACompilerId.cpp1.ii" -o "tmp/CMakeCUDACompilerId.ptx"]
  considering line: [ptxas -arch=sm_52 -m64  "tmp/CMakeCUDACompilerId.ptx"  -o "tmp/CMakeCUDACompilerId.sm_52.cubin" ]
  considering line: [fatbinary --create="tmp/CMakeCUDACompilerId.fatbin" -64 --cicc-cmdline="-ftz=0 -prec_div=1 -prec_sqrt=1 -fmad=1 " "--image3=kind=elf,sm=52,file=tmp/CMakeCUDACompilerId.sm_52.cubin" "--image3=kind=ptx,sm=52,file=tmp/CMakeCUDACompilerId.ptx" --embedded-fatbin="tmp/CMakeCUDACompilerId.fatbin.c" ]
  considering line: [gcc -D__CUDA_ARCH__=520 -D__CUDA_ARCH_LIST__=520 -D__NV_LEGACY_LAUNCH -c -x c++  -DCUDA_DOUBLE_MATH_FUNCTIONS -Wno-psabi "-I/usr/local/cuda/bin/../targets/aarch64-linux/include"   "tmp/CMakeCUDACompilerId.cudafe1.cpp" -o "tmp/CMakeCUDACompilerId.o" ]
  considering line: [nvlink -m64 --arch=sm_52 --register-link-binaries="tmp/a_dlink.reg.c"    "-L/usr/local/cuda/bin/../targets/aarch64-linux/lib/stubs" "-L/usr/local/cuda/bin/../targets/aarch64-linux/lib" -cpu-arch=AARCH64 "tmp/CMakeCUDACompilerId.o"  -lcudadevrt  -o "tmp/a_dlink.sm_52.cubin" --host-ccbin "gcc"]
    ignoring nvlink line
  considering line: [fatbinary --create="tmp/a_dlink.fatbin" -64 --cicc-cmdline="-ftz=0 -prec_div=1 -prec_sqrt=1 -fmad=1 " -link "--image3=kind=elf,sm=52,file=tmp/a_dlink.sm_52.cubin" --embedded-fatbin="tmp/a_dlink.fatbin.c" ]
  considering line: [gcc -D__CUDA_ARCH_LIST__=520 -D__NV_LEGACY_LAUNCH -c -x c++ -DFATBINFILE="\"tmp/a_dlink.fatbin.c\"" -DREGISTERLINKBINARYFILE="\"tmp/a_dlink.reg.c\"" -I. -D__NV_EXTRA_INITIALIZATION= -D__NV_EXTRA_FINALIZATION= -D__CUDA_INCLUDE_COMPILER_INTERNAL_HEADERS__  -Wno-psabi "-I/usr/local/cuda/bin/../targets/aarch64-linux/include"    -D__CUDACC_VER_MAJOR__=12 -D__CUDACC_VER_MINOR__=6 -D__CUDACC_VER_BUILD__=68 -D__CUDA_API_VER_MAJOR__=12 -D__CUDA_API_VER_MINOR__=6 -D__NVCC_DIAG_PRAGMA_SUPPORT__=1 "/usr/local/cuda/bin/crt/link.stub" -o "tmp/a_dlink.o" ]
  considering line: [g++ -D__CUDA_ARCH_LIST__=520 -D__NV_LEGACY_LAUNCH -Wl,--start-group "tmp/a_dlink.o" "tmp/CMakeCUDACompilerId.o"   "-L/usr/local/cuda/bin/../targets/aarch64-linux/lib/stubs" "-L/usr/local/cuda/bin/../targets/aarch64-linux/lib"  -lcudadevrt  -lcudart_static  -lrt -lpthread  -ldl  -Wl,--end-group -o "a.out" ]
    extracted link line: [g++ -D__CUDA_ARCH_LIST__=520 -D__NV_LEGACY_LAUNCH -Wl,--start-group "tmp/a_dlink.o" "tmp/CMakeCUDACompilerId.o"   "-L/usr/local/cuda/bin/../targets/aarch64-linux/lib/stubs" "-L/usr/local/cuda/bin/../targets/aarch64-linux/lib"  -lcudadevrt  -lcudart_static  -lrt -lpthread  -ldl  -Wl,--end-group -o "a.out" ]
  considering line: []
  extracted link launcher name: [g++]
  found link launcher absolute path: [/usr/bin/g++]

  link line regex: [^( *|.*[/\])(ld|CMAKE_LINK_STARTFILE-NOTFOUND|([^/\]+-)?ld|collect2)[^/\]*( |$)]
  link line: [cuda-fake-ld g++ -D__CUDA_ARCH_LIST__=520 -D__NV_LEGACY_LAUNCH -Wl,--start-group "tmp/a_dlink.o" "tmp/CMakeCUDACompilerId.o"   "-L/usr/local/cuda/bin/../targets/aarch64-linux/lib/stubs" "-L/usr/local/cuda/bin/../targets/aarch64-linux/lib"  -lcudadevrt  -lcudart_static  -lrt -lpthread  -ldl  -Wl,--end-group -o "a.out" ]
    arg [cuda-fake-ld] ==> ignore
    arg [g++] ==> ignore
    arg [-D__CUDA_ARCH_LIST__=520] ==> ignore
    arg [-D__NV_LEGACY_LAUNCH] ==> ignore
    arg [-Wl,--start-group] ==> ignore
    arg [tmp/a_dlink.o] ==> ignore
    arg [tmp/CMakeCUDACompilerId.o] ==> ignore
    arg [-L/usr/local/cuda/bin/../targets/aarch64-linux/lib/stubs] ==> dir [/usr/local/cuda/bin/../targets/aarch64-linux/lib/stubs]
    arg [-L/usr/local/cuda/bin/../targets/aarch64-linux/lib] ==> dir [/usr/local/cuda/bin/../targets/aarch64-linux/lib]
    arg [-lcudadevrt] ==> lib [cudadevrt]
    arg [-lcudart_static] ==> lib [cudart_static]
    arg [-lrt] ==> lib [rt]
    arg [-lpthread] ==> lib [pthread]
    arg [-ldl] ==> lib [dl]
    arg [-Wl,--end-group] ==> ignore
    arg [-o] ==> ignore
    arg [a.out] ==> ignore
  collapse library dir [/usr/local/cuda/bin/../targets/aarch64-linux/lib/stubs] ==> [/usr/local/cuda/targets/aarch64-linux/lib/stubs]
  collapse library dir [/usr/local/cuda/bin/../targets/aarch64-linux/lib] ==> [/usr/local/cuda/targets/aarch64-linux/lib]
  implicit libs: [cudadevrt;cudart_static;rt;pthread;dl]
  implicit objs: []
  implicit dirs: [/usr/local/cuda/targets/aarch64-linux/lib/stubs;/usr/local/cuda/targets/aarch64-linux/lib]
  implicit fwks: []


Parsed CUDA nvcc include information from above output:
  found 'PATH=' string: [/usr/local/cuda/bin/../nvvm/bin:/usr/local/cuda/bin:/opt/ros/humble/bin:/usr/local/cuda/bin:/usr/local/sbin:/usr/local/bin:/usr/sbin:/usr/bin:/sbin:/bin:/snap/bin]
  found 'LIBRARIES=' string: ["-L/usr/local/cuda/bin/../targets/aarch64-linux/lib/stubs" "-L/usr/local/cuda/bin/../targets/aarch64-linux/lib"]
  considering line: [#$ rm tmp/a_dlink.reg.c]
  considering line: [gcc -D__CUDA_ARCH_LIST__=520 -D__NV_LEGACY_LAUNCH -E -x c++ -D__CUDACC__ -D__NVCC__  "-I/usr/local/cuda/bin/../targets/aarch64-linux/include"    -D__CUDACC_VER_MAJOR__=12 -D__CUDACC_VER_MINOR__=6 -D__CUDACC_VER_BUILD__=68 -D__CUDA_API_VER_MAJOR__=12 -D__CUDA_API_VER_MINOR__=6 -D__NVCC_DIAG_PRAGMA_SUPPORT__=1 -include "cuda_runtime.h" "CMakeCUDACompilerId.cu" -o "tmp/CMakeCUDACompilerId.cpp4.ii" ]
  considering line: [cudafe++ --c++17 --gnu_version=110400 --display_error_number --orig_src_file_name "CMakeCUDACompilerId.cu" --orig_src_path_name "/home/booster/Workspace/Booster_T1_3v3_Demo/src/build/vision/CMakeFiles/3.22.1/CompilerIdCUDA/CMakeCUDACompilerId.cu" --allow_managed --unsigned_chars --unsigned_wchar_t  --m64 --parse_templates --gen_c_file_name "tmp/CMakeCUDACompilerId.cudafe1.cpp" --stub_file_name "CMakeCUDACompilerId.cudafe1.stub.c" --gen_module_id_file --module_id_file_name "tmp/CMakeCUDACompilerId.module_id" "tmp/CMakeCUDACompilerId.cpp4.ii" ]
  considering line: [gcc -D__CUDA_ARCH__=520 -D__CUDA_ARCH_LIST__=520 -D__NV_LEGACY_LAUNCH -E -x c++  -DCUDA_DOUBLE_MATH_FUNCTIONS -D__CUDACC__ -D__NVCC__  "-I/usr/local/cuda/bin/../targets/aarch64-linux/include"    -D__CUDACC_VER_MAJOR__=12 -D__CUDACC_VER_MINOR__=6 -D__CUDACC_VER_BUILD__=68 -D__CUDA_API_VER_MAJOR__=12 -D__CUDA_API_VER_MINOR__=6 -D__NVCC_DIAG_PRAGMA_SUPPORT__=1 -include "cuda_runtime.h" "CMakeCUDACompilerId.cu" -o "tmp/CMakeCUDACompilerId.cpp1.ii" ]
  considering line: ["$CICC_PATH/cicc" --c++17 --gnu_version=110400 --display_error_number --orig_src_file_name "CMakeCUDACompilerId.cu" --orig_src_path_name "/home/booster/Workspace/Booster_T1_3v3_Demo/src/build/vision/CMakeFiles/3.22.1/CompilerIdCUDA/CMakeCUDACompilerId.cu" --allow_managed --unsigned_chars --unsigned_wchar_t   -arch compute_52 -m64 --no-version-ident -ftz=0 -prec_div=1 -prec_sqrt=1 -fmad=1 --include_file_name "CMakeCUDACompilerId.fatbin.c" -tused --module_id_file_name "tmp/CMakeCUDACompilerId.module_id" --gen_c_file_name "tmp/CMakeCUDACompilerId.cudafe1.c" --stub_file_name "tmp/CMakeCUDACompilerId.cudafe1.stub.c" --gen_device_file_name "tmp/CMakeCUDACompilerId.cudafe1.gpu"  "tmp/CMakeCUDACompilerId.cpp1.ii" -o "tmp/CMakeCUDACompilerId.ptx"]
  considering line: [ptxas -arch=sm_52 -m64  "tmp/CMakeCUDACompilerId.ptx"  -o "tmp/CMakeCUDACompilerId.sm_52.cubin" ]
  considering line: [fatbinary --create="tmp/CMakeCUDACompilerId.fatbin" -64 --cicc-cmdline="-ftz=0 -prec_div=1 -prec_sqrt=1 -fmad=1 " "--image3=kind=elf,sm=52,file=tmp/CMakeCUDACompilerId.sm_52.cubin" "--image3=kind=ptx,sm=52,file=tmp/CMakeCUDACompilerId.ptx" --embedded-fatbin="tmp/CMakeCUDACompilerId.fatbin.c" ]
  considering line: [gcc -D__CUDA_ARCH__=520 -D__CUDA_ARCH_LIST__=520 -D__NV_LEGACY_LAUNCH -c -x c++  -DCUDA_DOUBLE_MATH_FUNCTIONS -Wno-psabi "-I/usr/local/cuda/bin/../targets/aarch64-linux/include"   "tmp/CMakeCUDACompilerId.cudafe1.cpp" -o "tmp/CMakeCUDACompilerId.o" ]
  considering line: [nvlink -m64 --arch=sm_52 --register-link-binaries="tmp/a_dlink.reg.c"    "-L/usr/local/cuda/bin/../targets/aarch64-linux/lib/stubs" "-L/usr/local/cuda/bin/../targets/aarch64-linux/lib" -cpu-arch=AARCH64 "tmp/CMakeCUDACompilerId.o"  -lcudadevrt  -o "tmp/a_dlink.sm_52.cubin" --host-ccbin "gcc"]
    ignoring nvlink line
  considering line: [fatbinary --create="tmp/a_dlink.fatbin" -64 --cicc-cmdline="-ftz=0 -prec_div=1 -prec_sqrt=1 -fmad=1 " -link "--image3=kind=elf,sm=52,file=tmp/a_dlink.sm_52.cubin" --embedded-fatbin="tmp/a_dlink.fatbin.c" ]
  considering line: [gcc -D__CUDA_ARCH_LIST__=520 -D__NV_LEGACY_LAUNCH -c -x c++ -DFATBINFILE="\"tmp/a_dlink.fatbin.c\"" -DREGISTERLINKBINARYFILE="\"tmp/a_dlink.reg.c\"" -I. -D__NV_EXTRA_INITIALIZATION= -D__NV_EXTRA_FINALIZATION= -D__CUDA_INCLUDE_COMPILER_INTERNAL_HEADERS__  -Wno-psabi "-I/usr/local/cuda/bin/../targets/aarch64-linux/include"    -D__CUDACC_VER_MAJOR__=12 -D__CUDACC_VER_MINOR__=6 -D__CUDACC_VER_BUILD__=68 -D__CUDA_API_VER_MAJOR__=12 -D__CUDA_API_VER_MINOR__=6 -D__NVCC_DIAG_PRAGMA_SUPPORT__=1 "/usr/local/cuda/bin/crt/link.stub" -o "tmp/a_dlink.o" ]
  considering line: [g++ -D__CUDA_ARCH_LIST__=520 -D__NV_LEGACY_LAUNCH -Wl,--start-group "tmp/a_dlink.o" "tmp/CMakeCUDACompilerId.o"   "-L/usr/local/cuda/bin/../targets/aarch64-linux/lib/stubs" "-L/usr/local/cuda/bin/../targets/aarch64-linux/lib"  -lcudadevrt  -lcudart_static  -lrt -lpthread  -ldl  -Wl,--end-group -o "a.out" ]
    extracted link line: [g++ -D__CUDA_ARCH_LIST__=520 -D__NV_LEGACY_LAUNCH -Wl,--start-group "tmp/a_dlink.o" "tmp/CMakeCUDACompilerId.o"   "-L/usr/local/cuda/bin/../targets/aarch64-linux/lib/stubs" "-L/usr/local/cuda/bin/../targets/aarch64-linux/lib"  -lcudadevrt  -lcudart_static  -lrt -lpthread  -ldl  -Wl,--end-group -o "a.out" ]
  considering line: []
  extracted link launcher name: [g++]
  found link launcher absolute path: [/usr/bin/g++]
  found 'INCLUDES=' string: ["-I/usr/local/cuda/bin/../targets/aarch64-linux/include"  ]

  link line regex: [^( *|.*[/\])(ld|CMAKE_LINK_STARTFILE-NOTFOUND|([^/\]+-)?ld|collect2)[^/\]*( |$)]
  link line: [cuda-fake-ld g++ -D__CUDA_ARCH_LIST__=520 -D__NV_LEGACY_LAUNCH -Wl,--start-group "tmp/a_dlink.o" "tmp/CMakeCUDACompilerId.o"   "-L/usr/local/cuda/bin/../targets/aarch64-linux/lib/stubs" "-L/usr/local/cuda/bin/../targets/aarch64-linux/lib"  -lcudadevrt  -lcudart_static  -lrt -lpthread  -ldl  -Wl,--end-group -o "a.out" ]
    arg [cuda-fake-ld] ==> ignore
    arg [g++] ==> ignore
    arg [-D__CUDA_ARCH_LIST__=520] ==> ignore
    arg [-D__NV_LEGACY_LAUNCH] ==> ignore
    arg [-Wl,--start-group] ==> ignore
    arg [tmp/a_dlink.o] ==> ignore
    arg [tmp/CMakeCUDACompilerId.o] ==> ignore
    arg [-L/usr/local/cuda/bin/../targets/aarch64-linux/lib/stubs] ==> dir [/usr/local/cuda/bin/../targets/aarch64-linux/lib/stubs]
    arg [-L/usr/local/cuda/bin/../targets/aarch64-linux/lib] ==> dir [/usr/local/cuda/bin/../targets/aarch64-linux/lib]
    arg [-lcudadevrt] ==> lib [cudadevrt]
    arg [-lcudart_static] ==> lib [cudart_static]
    arg [-lrt] ==> lib [rt]
    arg [-lpthread] ==> lib [pthread]
    arg [-ldl] ==> lib [dl]
    arg [-Wl,--end-group] ==> ignore
    arg [-o] ==> ignore
    arg [a.out] ==> ignore
  collapse library dir [/usr/local/cuda/bin/../targets/aarch64-linux/lib/stubs] ==> [/usr/local/cuda/targets/aarch64-linux/lib/stubs]
  collapse library dir [/usr/local/cuda/bin/../targets/aarch64-linux/lib] ==> [/usr/local/cuda/targets/aarch64-linux/lib]
  implicit libs: [cudadevrt;cudart_static;rt;pthread;dl]
  implicit objs: []
  implicit dirs: [/usr/local/cuda/targets/aarch64-linux/lib/stubs;/usr/local/cuda/targets/aarch64-linux/lib]
  implicit fwks: []


Detecting CUDA compiler ABI info compiled with the following output:
Change Dir: /home/booster/Workspace/Booster_T1_3v3_Demo/src/build/vision/CMakeFiles/CMakeTmp

Run Build Command(s):/usr/bin/gmake -f Makefile cmTC_6eec9/fast && /usr/bin/gmake  -f CMakeFiles/cmTC_6eec9.dir/build.make CMakeFiles/cmTC_6eec9.dir/build
gmake[1]: Entering directory '/home/booster/Workspace/Booster_T1_3v3_Demo/src/build/vision/CMakeFiles/CMakeTmp'
Building CUDA object CMakeFiles/cmTC_6eec9.dir/CMakeCUDACompilerABI.cu.o
/usr/local/cuda/bin/nvcc -forward-unknown-to-host-compiler   -Xcompiler=-v -MD -MT CMakeFiles/cmTC_6eec9.dir/CMakeCUDACompilerABI.cu.o -MF CMakeFiles/cmTC_6eec9.dir/CMakeCUDACompilerABI.cu.o.d -x cu -c /usr/share/cmake-3.22/Modules/CMakeCUDACompilerABI.cu -o CMakeFiles/cmTC_6eec9.dir/CMakeCUDACompilerABI.cu.o
Using built-in specs.
COLLECT_GCC=gcc
Target: aarch64-linux-gnu
Configured with: ../src/configure -v --with-pkgversion='Ubuntu 11.4.0-1ubuntu1~22.04' --with-bugurl=file:///usr/share/doc/gcc-11/README.Bugs --enable-languages=c,ada,c++,go,d,fortran,objc,obj-c++,m2 --prefix=/usr --with-gcc-major-version-only --program-suffix=-11 --program-prefix=aarch64-linux-gnu- --enable-shared --enable-linker-build-id --libexecdir=/usr/lib --without-included-gettext --enable-threads=posix --libdir=/usr/lib --enable-nls --enable-bootstrap --enable-clocale=gnu --enable-libstdcxx-debug --enable-libstdcxx-time=yes --with-default-libstdcxx-abi=new --enable-gnu-unique-object --disable-libquadmath --disable-libquadmath-support --enable-plugin --enable-default-pie --with-system-zlib --enable-libphobos-checking=release --with-target-system-zlib=auto --enable-objc-gc=auto --enable-multiarch --enable-fix-cortex-a53-843419 --disable-werror --enable-checking=release --build=aarch64-linux-gnu --host=aarch64-linux-gnu --target=aarch64-linux-gnu --with-build-config=bootstrap-lto-lean --enable-link-serialization=2
Thread model: posix
Supported LTO compression algorithms: zlib zstd
gcc version 11.4.0 (Ubuntu 11.4.0-1ubuntu1~22.04) 
COLLECT_GCC_OPTIONS='-D' '__CUDA_ARCH__=520' '-D' '__CUDA_ARCH_LIST__=520' '-D' '__NV_LEGACY_LAUNCH' '-E' '-D' 'CUDA_DOUBLE_MATH_FUNCTIONS' '-D' '__CUDACC__' '-D' '__NVCC__' '-v' '-I' '/usr/local/cuda/bin/../targets/aarch64-linux/include' '-D' '__CUDACC_VER_MAJOR__=12' '-D' '__CUDACC_VER_MINOR__=6' '-D' '__CUDACC_VER_BUILD__=68' '-D' '__CUDA_API_VER_MAJOR__=12' '-D' '__CUDA_API_VER_MINOR__=6' '-D' '__NVCC_DIAG_PRAGMA_SUPPORT__=1' '-include' 'cuda_runtime.h' '-o' '/tmp/tmpxft_0000b48f_00000000-7_CMakeCUDACompilerABI.cpp1.ii' '-mlittle-endian' '-mabi=lp64' '-dumpdir' '/tmp/'
 /usr/lib/gcc/aarch64-linux-gnu/11/cc1plus -E -quiet -v -I /usr/local/cuda/bin/../targets/aarch64-linux/include -imultiarch aarch64-linux-gnu -D_GNU_SOURCE -D __CUDA_ARCH__=520 -D __CUDA_ARCH_LIST__=520 -D __NV_LEGACY_LAUNCH -D CUDA_DOUBLE_MATH_FUNCTIONS -D __CUDACC__ -D __NVCC__ -D __CUDACC_VER_MAJOR__=12 -D __CUDACC_VER_MINOR__=6 -D __CUDACC_VER_BUILD__=68 -D __CUDA_API_VER_MAJOR__=12 -D __CUDA_API_VER_MINOR__=6 -D __NVCC_DIAG_PRAGMA_SUPPORT__=1 -include cuda_runtime.h /usr/share/cmake-3.22/Modules/CMakeCUDACompilerABI.cu -o /tmp/tmpxft_0000b48f_00000000-7_CMakeCUDACompilerABI.cpp1.ii -mlittle-endian -mabi=lp64 -fasynchronous-unwind-tables -fstack-protector-strong -Wformat -Wformat-security -fstack-clash-protection -dumpdir /tmp/ -dumpbase tmpxft_0000b48f_00000000-7_CMakeCUDACompilerABI.cpp1.cu -dumpbase-ext .cu
ignoring duplicate directory "/usr/include/aarch64-linux-gnu/c++/11"
ignoring nonexistent directory "/usr/local/include/aarch64-linux-gnu"
ignoring nonexistent directory "/usr/lib/gcc/aarch64-linux-gnu/11/include-fixed"
ignoring nonexistent directory "/usr/lib/gcc/aarch64-linux-gnu/11/../../../../aarch64-linux-gnu/include"
#include "..." search starts here:
#include <...> search starts here:
 /usr/local/cuda/bin/../targets/aarch64-linux/include
 /usr/include/c++/11
 /usr/include/aarch64-linux-gnu/c++/11
 /usr/include/c++/11/backward
 /usr/lib/gcc/aarch64-linux-gnu/11/include
 /usr/local/include
 /usr/include/aarch64-linux-gnu
 /usr/include
End of search list.
COMPILER_PATH=/usr/lib/gcc/aarch64-linux-gnu/11/:/usr/lib/gcc/aarch64-linux-gnu/11/:/usr/lib/gcc/aarch64-linux-gnu/:/usr/lib/gcc/aarch64-linux-gnu/11/:/usr/lib/gcc/aarch64-linux-gnu/
LIBRARY_PATH=/usr/lib/gcc/aarch64-linux-gnu/11/:/usr/lib/gcc/aarch64-linux-gnu/11/../../../aarch64-linux-gnu/:/usr/lib/gcc/aarch64-linux-gnu/11/../../../../lib/:/lib/aarch64-linux-gnu/:/lib/../lib/:/usr/lib/aarch64-linux-gnu/:/usr/lib/../lib/:/usr/lib/gcc/aarch64-linux-gnu/11/../../../:/lib/:/usr/lib/
COLLECT_GCC_OPTIONS='-D' '__CUDA_ARCH__=520' '-D' '__CUDA_ARCH_LIST__=520' '-D' '__NV_LEGACY_LAUNCH' '-E' '-D' 'CUDA_DOUBLE_MATH_FUNCTIONS' '-D' '__CUDACC__' '-D' '__NVCC__' '-v' '-I' '/usr/local/cuda/bin/../targets/aarch64-linux/include' '-D' '__CUDACC_VER_MAJOR__=12' '-D' '__CUDACC_VER_MINOR__=6' '-D' '__CUDACC_VER_BUILD__=68' '-D' '__CUDA_API_VER_MAJOR__=12' '-D' '__CUDA_API_VER_MINOR__=6' '-D' '__NVCC_DIAG_PRAGMA_SUPPORT__=1' '-include' 'cuda_runtime.h' '-o' '/tmp/tmpxft_0000b48f_00000000-7_CMakeCUDACompilerABI.cpp1.ii' '-mlittle-endian' '-mabi=lp64' '-dumpdir' '/tmp/tmpxft_0000b48f_00000000-7_CMakeCUDACompilerABI.cpp1.'
Using built-in specs.
COLLECT_GCC=gcc
Target: aarch64-linux-gnu
Configured with: ../src/configure -v --with-pkgversion='Ubuntu 11.4.0-1ubuntu1~22.04' --with-bugurl=file:///usr/share/doc/gcc-11/README.Bugs --enable-languages=c,ada,c++,go,d,fortran,objc,obj-c++,m2 --prefix=/usr --with-gcc-major-version-only --program-suffix=-11 --program-prefix=aarch64-linux-gnu- --enable-shared --enable-linker-build-id --libexecdir=/usr/lib --without-included-gettext --enable-threads=posix --libdir=/usr/lib --enable-nls --enable-bootstrap --enable-clocale=gnu --enable-libstdcxx-debug --enable-libstdcxx-time=yes --with-default-libstdcxx-abi=new --enable-gnu-unique-object --disable-libquadmath --disable-libquadmath-support --enable-plugin --enable-default-pie --with-system-zlib --enable-libphobos-checking=release --with-target-system-zlib=auto --enable-objc-gc=auto --enable-multiarch --enable-fix-cortex-a53-843419 --disable-werror --enable-checking=release --build=aarch64-linux-gnu --host=aarch64-linux-gnu --target=aarch64-linux-gnu --with-build-config=bootstrap-lto-lean --enable-link-serialization=2
Thread model: posix
Supported LTO compression algorithms: zlib zstd
gcc version 11.4.0 (Ubuntu 11.4.0-1ubuntu1~22.04) 
COLLECT_GCC_OPTIONS='-D' '__CUDA_ARCH_LIST__=520' '-D' '__NV_LEGACY_LAUNCH' '-E' '-D' '__CUDACC__' '-D' '__NVCC__' '-v' '-I' '/usr/local/cuda/bin/../targets/aarch64-linux/include' '-D' '__CUDACC_VER_MAJOR__=12' '-D' '__CUDACC_VER_MINOR__=6' '-D' '__CUDACC_VER_BUILD__=68' '-D' '__CUDA_API_VER_MAJOR__=12' '-D' '__CUDA_API_VER_MINOR__=6' '-D' '__NVCC_DIAG_PRAGMA_SUPPORT__=1' '-include' 'cuda_runtime.h' '-o' '/tmp/tmpxft_0000b48f_00000000-5_CMakeCUDACompilerABI.cpp4.ii' '-mlittle-endian' '-mabi=lp64' '-dumpdir' '/tmp/'
 /usr/lib/gcc/aarch64-linux-gnu/11/cc1plus -E -quiet -v -I /usr/local/cuda/bin/../targets/aarch64-linux/include -imultiarch aarch64-linux-gnu -D_GNU_SOURCE -D __CUDA_ARCH_LIST__=520 -D __NV_LEGACY_LAUNCH -D __CUDACC__ -D __NVCC__ -D __CUDACC_VER_MAJOR__=12 -D __CUDACC_VER_MINOR__=6 -D __CUDACC_VER_BUILD__=68 -D __CUDA_API_VER_MAJOR__=12 -D __CUDA_API_VER_MINOR__=6 -D __NVCC_DIAG_PRAGMA_SUPPORT__=1 -include cuda_runtime.h /usr/share/cmake-3.22/Modules/CMakeCUDACompilerABI.cu -o /tmp/tmpxft_0000b48f_00000000-5_CMakeCUDACompilerABI.cpp4.ii -mlittle-endian -mabi=lp64 -fasynchronous-unwind-tables -fstack-protector-strong -Wformat -Wformat-security -fstack-clash-protection -dumpdir /tmp/ -dumpbase tmpxft_0000b48f_00000000-5_CMakeCUDACompilerABI.cpp4.cu -dumpbase-ext .cu
ignoring duplicate directory "/usr/include/aarch64-linux-gnu/c++/11"
ignoring nonexistent directory "/usr/local/include/aarch64-linux-gnu"
ignoring nonexistent directory "/usr/lib/gcc/aarch64-linux-gnu/11/include-fixed"
ignoring nonexistent directory "/usr/lib/gcc/aarch64-linux-gnu/11/../../../../aarch64-linux-gnu/include"
#include "..." search starts here:
#include <...> search starts here:
 /usr/local/cuda/bin/../targets/aarch64-linux/include
 /usr/include/c++/11
 /usr/include/aarch64-linux-gnu/c++/11
 /usr/include/c++/11/backward
 /usr/lib/gcc/aarch64-linux-gnu/11/include
 /usr/local/include
 /usr/include/aarch64-linux-gnu
 /usr/include
End of search list.
COMPILER_PATH=/usr/lib/gcc/aarch64-linux-gnu/11/:/usr/lib/gcc/aarch64-linux-gnu/11/:/usr/lib/gcc/aarch64-linux-gnu/:/usr/lib/gcc/aarch64-linux-gnu/11/:/usr/lib/gcc/aarch64-linux-gnu/
LIBRARY_PATH=/usr/lib/gcc/aarch64-linux-gnu/11/:/usr/lib/gcc/aarch64-linux-gnu/11/../../../aarch64-linux-gnu/:/usr/lib/gcc/aarch64-linux-gnu/11/../../../../lib/:/lib/aarch64-linux-gnu/:/lib/../lib/:/usr/lib/aarch64-linux-gnu/:/usr/lib/../lib/:/usr/lib/gcc/aarch64-linux-gnu/11/../../../:/lib/:/usr/lib/
COLLECT_GCC_OPTIONS='-D' '__CUDA_ARCH_LIST__=520' '-D' '__NV_LEGACY_LAUNCH' '-E' '-D' '__CUDACC__' '-D' '__NVCC__' '-v' '-I' '/usr/local/cuda/bin/../targets/aarch64-linux/include' '-D' '__CUDACC_VER_MAJOR__=12' '-D' '__CUDACC_VER_MINOR__=6' '-D' '__CUDACC_VER_BUILD__=68' '-D' '__CUDA_API_VER_MAJOR__=12' '-D' '__CUDA_API_VER_MINOR__=6' '-D' '__NVCC_DIAG_PRAGMA_SUPPORT__=1' '-include' 'cuda_runtime.h' '-o' '/tmp/tmpxft_0000b48f_00000000-5_CMakeCUDACompilerABI.cpp4.ii' '-mlittle-endian' '-mabi=lp64' '-dumpdir' '/tmp/tmpxft_0000b48f_00000000-5_CMakeCUDACompilerABI.cpp4.'
Using built-in specs.
COLLECT_GCC=gcc
Target: aarch64-linux-gnu
Configured with: ../src/configure -v --with-pkgversion='Ubuntu 11.4.0-1ubuntu1~22.04' --with-bugurl=file:///usr/share/doc/gcc-11/README.Bugs --enable-languages=c,ada,c++,go,d,fortran,objc,obj-c++,m2 --prefix=/usr --with-gcc-major-version-only --program-suffix=-11 --program-prefix=aarch64-linux-gnu- --enable-shared --enable-linker-build-id --libexecdir=/usr/lib --without-included-gettext --enable-threads=posix --libdir=/usr/lib --enable-nls --enable-bootstrap --enable-clocale=gnu --enable-libstdcxx-debug --enable-libstdcxx-time=yes --with-default-libstdcxx-abi=new --enable-gnu-unique-object --disable-libquadmath --disable-libquadmath-support --enable-plugin --enable-default-pie --with-system-zlib --enable-libphobos-checking=release --with-target-system-zlib=auto --enable-objc-gc=auto --enable-multiarch --enable-fix-cortex-a53-843419 --disable-werror --enable-checking=release --build=aarch64-linux-gnu --host=aarch64-linux-gnu --target=aarch64-linux-gnu --with-build-config=bootstrap-lto-lean --enable-link-serialization=2
Thread model: posix
Supported LTO compression algorithms: zlib zstd
gcc version 11.4.0 (Ubuntu 11.4.0-1ubuntu1~22.04) 
COLLECT_GCC_OPTIONS='-D' '__CUDA_ARCH__=520' '-D' '__CUDA_ARCH_LIST__=520' '-D' '__NV_LEGACY_LAUNCH' '-c' '-D' 'CUDA_DOUBLE_MATH_FUNCTIONS' '-v' '-Wno-psabi' '-I' '/usr/local/cuda/bin/../targets/aarch64-linux/include' '-o' 'CMakeFiles/cmTC_6eec9.dir/CMakeCUDACompilerABI.cu.o' '-mlittle-endian' '-mabi=lp64' '-dumpdir' 'CMakeFiles/cmTC_6eec9.dir/'
 /usr/lib/gcc/aarch64-linux-gnu/11/cc1plus -quiet -v -I /usr/local/cuda/bin/../targets/aarch64-linux/include -imultiarch aarch64-linux-gnu -D_GNU_SOURCE -D __CUDA_ARCH__=520 -D __CUDA_ARCH_LIST__=520 -D __NV_LEGACY_LAUNCH -D CUDA_DOUBLE_MATH_FUNCTIONS /tmp/tmpxft_0000b48f_00000000-6_CMakeCUDACompilerABI.cudafe1.cpp -quiet -dumpdir CMakeFiles/cmTC_6eec9.dir/ -dumpbase CMakeCUDACompilerABI.cu.cpp -dumpbase-ext .cpp -mlittle-endian -mabi=lp64 -Wno-psabi -version -fasynchronous-unwind-tables -fstack-protector-strong -Wformat -Wformat-security -fstack-clash-protection -o /tmp/ccHWXD3q.s
GNU C++17 (Ubuntu 11.4.0-1ubuntu1~22.04) version 11.4.0 (aarch64-linux-gnu)
	compiled by GNU C version 11.4.0, GMP version 6.2.1, MPFR version 4.1.0, MPC version 1.2.1, isl version isl-0.24-GMP

GGC heuristics: --param ggc-min-expand=100 --param ggc-min-heapsize=131072
ignoring duplicate directory "/usr/include/aarch64-linux-gnu/c++/11"
ignoring nonexistent directory "/usr/local/include/aarch64-linux-gnu"
ignoring nonexistent directory "/usr/lib/gcc/aarch64-linux-gnu/11/include-fixed"
ignoring nonexistent directory "/usr/lib/gcc/aarch64-linux-gnu/11/../../../../aarch64-linux-gnu/include"
#include "..." search starts here:
#include <...> search starts here:
 /usr/local/cuda/bin/../targets/aarch64-linux/include
 /usr/include/c++/11
 /usr/include/aarch64-linux-gnu/c++/11
 /usr/include/c++/11/backward
 /usr/lib/gcc/aarch64-linux-gnu/11/include
 /usr/local/include
 /usr/include/aarch64-linux-gnu
 /usr/include
End of search list.
GNU C++17 (Ubuntu 11.4.0-1ubuntu1~22.04) version 11.4.0 (aarch64-linux-gnu)
	compiled by GNU C version 11.4.0, GMP version 6.2.1, MPFR version 4.1.0, MPC version 1.2.1, isl version isl-0.24-GMP

GGC heuristics: --param ggc-min-expand=100 --param ggc-min-heapsize=131072
Compiler executable checksum: 3e6e780af1232722b47e0979fda82402
COLLECT_GCC_OPTIONS='-D' '__CUDA_ARCH__=520' '-D' '__CUDA_ARCH_LIST__=520' '-D' '__NV_LEGACY_LAUNCH' '-c' '-D' 'CUDA_DOUBLE_MATH_FUNCTIONS' '-v' '-Wno-psabi' '-I' '/usr/local/cuda/bin/../targets/aarch64-linux/include' '-o' 'CMakeFiles/cmTC_6eec9.dir/CMakeCUDACompilerABI.cu.o' '-mlittle-endian' '-mabi=lp64' '-dumpdir' 'CMakeFiles/cmTC_6eec9.dir/'
 as -v -I /usr/local/cuda/bin/../targets/aarch64-linux/include -EL -mabi=lp64 -o CMakeFiles/cmTC_6eec9.dir/CMakeCUDACompilerABI.cu.o /tmp/ccHWXD3q.s
GNU assembler version 2.38 (aarch64-linux-gnu) using BFD version (GNU Binutils for Ubuntu) 2.38
COMPILER_PATH=/usr/lib/gcc/aarch64-linux-gnu/11/:/usr/lib/gcc/aarch64-linux-gnu/11/:/usr/lib/gcc/aarch64-linux-gnu/:/usr/lib/gcc/aarch64-linux-gnu/11/:/usr/lib/gcc/aarch64-linux-gnu/
LIBRARY_PATH=/usr/lib/gcc/aarch64-linux-gnu/11/:/usr/lib/gcc/aarch64-linux-gnu/11/../../../aarch64-linux-gnu/:/usr/lib/gcc/aarch64-linux-gnu/11/../../../../lib/:/lib/aarch64-linux-gnu/:/lib/../lib/:/usr/lib/aarch64-linux-gnu/:/usr/lib/../lib/:/usr/lib/gcc/aarch64-linux-gnu/11/../../../:/lib/:/usr/lib/
COLLECT_GCC_OPTIONS='-D' '__CUDA_ARCH__=520' '-D' '__CUDA_ARCH_LIST__=520' '-D' '__NV_LEGACY_LAUNCH' '-c' '-D' 'CUDA_DOUBLE_MATH_FUNCTIONS' '-v' '-Wno-psabi' '-I' '/usr/local/cuda/bin/../targets/aarch64-linux/include' '-o' 'CMakeFiles/cmTC_6eec9.dir/CMakeCUDACompilerABI.cu.o' '-mlittle-endian' '-mabi=lp64' '-dumpdir' 'CMakeFiles/cmTC_6eec9.dir/CMakeCUDACompilerABI.cu.'
Linking CUDA executable cmTC_6eec9
/usr/bin/cmake -E cmake_link_script CMakeFiles/cmTC_6eec9.dir/link.txt --verbose=1
/usr/bin/g++  -v CMakeFiles/cmTC_6eec9.dir/CMakeCUDACompilerABI.cu.o -o cmTC_6eec9  -lcudadevrt -lcudart_static -lrt -lpthread -ldl  -L"/usr/local/cuda/targets/aarch64-linux/lib/stubs" -L"/usr/local/cuda/targets/aarch64-linux/lib"
Using built-in specs.
COLLECT_GCC=/usr/bin/g++
COLLECT_LTO_WRAPPER=/usr/lib/gcc/aarch64-linux-gnu/11/lto-wrapper
Target: aarch64-linux-gnu
Configured with: ../src/configure -v --with-pkgversion='Ubuntu 11.4.0-1ubuntu1~22.04' --with-bugurl=file:///usr/share/doc/gcc-11/README.Bugs --enable-languages=c,ada,c++,go,d,fortran,objc,obj-c++,m2 --prefix=/usr --with-gcc-major-version-only --program-suffix=-11 --program-prefix=aarch64-linux-gnu- --enable-shared --enable-linker-build-id --libexecdir=/usr/lib --without-included-gettext --enable-threads=posix --libdir=/usr/lib --enable-nls --enable-bootstrap --enable-clocale=gnu --enable-libstdcxx-debug --enable-libstdcxx-time=yes --with-default-libstdcxx-abi=new --enable-gnu-unique-object --disable-libquadmath --disable-libquadmath-support --enable-plugin --enable-default-pie --with-system-zlib --enable-libphobos-checking=release --with-target-system-zlib=auto --enable-objc-gc=auto --enable-multiarch --enable-fix-cortex-a53-843419 --disable-werror --enable-checking=release --build=aarch64-linux-gnu --host=aarch64-linux-gnu --target=aarch64-linux-gnu --with-build-config=bootstrap-lto-lean --enable-link-serialization=2
Thread model: posix
Supported LTO compression algorithms: zlib zstd
gcc version 11.4.0 (Ubuntu 11.4.0-1ubuntu1~22.04) 
COMPILER_PATH=/usr/lib/gcc/aarch64-linux-gnu/11/:/usr/lib/gcc/aarch64-linux-gnu/11/:/usr/lib/gcc/aarch64-linux-gnu/:/usr/lib/gcc/aarch64-linux-gnu/11/:/usr/lib/gcc/aarch64-linux-gnu/
LIBRARY_PATH=/usr/lib/gcc/aarch64-linux-gnu/11/:/usr/lib/gcc/aarch64-linux-gnu/11/../../../aarch64-linux-gnu/:/usr/lib/gcc/aarch64-linux-gnu/11/../../../../lib/:/lib/aarch64-linux-gnu/:/lib/../lib/:/usr/lib/aarch64-linux-gnu/:/usr/lib/../lib/:/usr/lib/gcc/aarch64-linux-gnu/11/../../../:/lib/:/usr/lib/
COLLECT_GCC_OPTIONS='-v' '-o' 'cmTC_6eec9' '-L/usr/local/cuda/targets/aarch64-linux/lib/stubs' '-L/usr/local/cuda/targets/aarch64-linux/lib' '-shared-libgcc' '-mlittle-endian' '-mabi=lp64' '-dumpdir' 'cmTC_6eec9.'
 /usr/lib/gcc/aarch64-linux-gnu/11/collect2 -plugin /usr/lib/gcc/aarch64-linux-gnu/11/liblto_plugin.so -plugin-opt=/usr/lib/gcc/aarch64-linux-gnu/11/lto-wrapper -plugin-opt=-fresolution=/tmp/ccEsgEVb.res -plugin-opt=-pass-through=-lgcc_s -plugin-opt=-pass-through=-lgcc -plugin-opt=-pass-through=-lc -plugin-opt=-pass-through=-lgcc_s -plugin-opt=-pass-through=-lgcc --build-id --eh-frame-hdr --hash-style=gnu --as-needed -dynamic-linker /lib/ld-linux-aarch64.so.1 -X -EL -maarch64linux --fix-cortex-a53-843419 -pie -z now -z relro -o cmTC_6eec9 /usr/lib/gcc/aarch64-linux-gnu/11/../../../aarch64-linux-gnu/Scrt1.o /usr/lib/gcc/aarch64-linux-gnu/11/../../../aarch64-linux-gnu/crti.o /usr/lib/gcc/aarch64-linux-gnu/11/crtbeginS.o -L/usr/local/cuda/targets/aarch64-linux/lib/stubs -L/usr/local/cuda/targets/aarch64-linux/lib -L/usr/lib/gcc/aarch64-linux-gnu/11 -L/usr/lib/gcc/aarch64-linux-gnu/11/../../../aarch64-linux-gnu -L/usr/lib/gcc/aarch64-linux-gnu/11/../../../../lib -L/lib/aarch64-linux-gnu -L/lib/../lib -L/usr/lib/aarch64-linux-gnu -L/usr/lib/../lib -L/usr/lib/gcc/aarch64-linux-gnu/11/../../.. CMakeFiles/cmTC_6eec9.dir/CMakeCUDACompilerABI.cu.o -lcudadevrt -lcudart_static -lrt -lpthread -ldl -lstdc++ -lm -lgcc_s -lgcc -lc -lgcc_s -lgcc /usr/lib/gcc/aarch64-linux-gnu/11/crtendS.o /usr/lib/gcc/aarch64-linux-gnu/11/../../../aarch64-linux-gnu/crtn.o
COLLECT_GCC_OPTIONS='-v' '-o' 'cmTC_6eec9' '-L/usr/local/cuda/targets/aarch64-linux/lib/stubs' '-L/usr/local/cuda/targets/aarch64-linux/lib' '-shared-libgcc' '-mlittle-endian' '-mabi=lp64' '-dumpdir' 'cmTC_6eec9.'
gmake[1]: Leaving directory '/home/booster/Workspace/Booster_T1_3v3_Demo/src/build/vision/CMakeFiles/CMakeTmp'



Parsed CUDA implicit include dir info from above output: rv=done
  found start of include info
  found start of implicit include info
    add: [/usr/local/cuda/bin/../targets/aarch64-linux/include]
    add: [/usr/include/c++/11]
    add: [/usr/include/aarch64-linux-gnu/c++/11]
    add: [/usr/include/c++/11/backward]
    add: [/usr/lib/gcc/aarch64-linux-gnu/11/include]
    add: [/usr/local/include]
    add: [/usr/include/aarch64-linux-gnu]
    add: [/usr/include]
  end of search list found
  collapse include dir [/usr/local/cuda/bin/../targets/aarch64-linux/include] ==> [/usr/local/cuda/targets/aarch64-linux/include]
  collapse include dir [/usr/include/c++/11] ==> [/usr/include/c++/11]
  collapse include dir [/usr/include/aarch64-linux-gnu/c++/11] ==> [/usr/include/aarch64-linux-gnu/c++/11]
  collapse include dir [/usr/include/c++/11/backward] ==> [/usr/include/c++/11/backward]
  collapse include dir [/usr/lib/gcc/aarch64-linux-gnu/11/include] ==> [/usr/lib/gcc/aarch64-linux-gnu/11/include]
  collapse include dir [/usr/local/include] ==> [/usr/local/include]
  collapse include dir [/usr/include/aarch64-linux-gnu] ==> [/usr/include/aarch64-linux-gnu]
  collapse include dir [/usr/include] ==> [/usr/include]
  implicit include dirs: [/usr/local/cuda/targets/aarch64-linux/include;/usr/include/c++/11;/usr/include/aarch64-linux-gnu/c++/11;/usr/include/c++/11/backward;/usr/lib/gcc/aarch64-linux-gnu/11/include;/usr/local/include;/usr/include/aarch64-linux-gnu;/usr/include]


Parsed CUDA implicit link information from above output:
  link line regex: [^( *|.*[/\])(ld|CMAKE_LINK_STARTFILE-NOTFOUND|([^/\]+-)?ld|collect2)[^/\]*( |$)]
  ignore line: [Change Dir: /home/booster/Workspace/Booster_T1_3v3_Demo/src/build/vision/CMakeFiles/CMakeTmp]
  ignore line: []
  ignore line: [Run Build Command(s):/usr/bin/gmake -f Makefile cmTC_6eec9/fast && /usr/bin/gmake  -f CMakeFiles/cmTC_6eec9.dir/build.make CMakeFiles/cmTC_6eec9.dir/build]
  ignore line: [gmake[1]: Entering directory '/home/booster/Workspace/Booster_T1_3v3_Demo/src/build/vision/CMakeFiles/CMakeTmp']
  ignore line: [Building CUDA object CMakeFiles/cmTC_6eec9.dir/CMakeCUDACompilerABI.cu.o]
  ignore line: [/usr/local/cuda/bin/nvcc -forward-unknown-to-host-compiler   -Xcompiler=-v -MD -MT CMakeFiles/cmTC_6eec9.dir/CMakeCUDACompilerABI.cu.o -MF CMakeFiles/cmTC_6eec9.dir/CMakeCUDACompilerABI.cu.o.d -x cu -c /usr/share/cmake-3.22/Modules/CMakeCUDACompilerABI.cu -o CMakeFiles/cmTC_6eec9.dir/CMakeCUDACompilerABI.cu.o]
  ignore line: [Using built-in specs.]
  ignore line: [COLLECT_GCC=gcc]
  ignore line: [Target: aarch64-linux-gnu]
  ignore line: [Configured with: ../src/configure -v --with-pkgversion='Ubuntu 11.4.0-1ubuntu1~22.04' --with-bugurl=file:///usr/share/doc/gcc-11/README.Bugs --enable-languages=c ada c++ go d fortran objc obj-c++ m2 --prefix=/usr --with-gcc-major-version-only --program-suffix=-11 --program-prefix=aarch64-linux-gnu- --enable-shared --enable-linker-build-id --libexecdir=/usr/lib --without-included-gettext --enable-threads=posix --libdir=/usr/lib --enable-nls --enable-bootstrap --enable-clocale=gnu --enable-libstdcxx-debug --enable-libstdcxx-time=yes --with-default-libstdcxx-abi=new --enable-gnu-unique-object --disable-libquadmath --disable-libquadmath-support --enable-plugin --enable-default-pie --with-system-zlib --enable-libphobos-checking=release --with-target-system-zlib=auto --enable-objc-gc=auto --enable-multiarch --enable-fix-cortex-a53-843419 --disable-werror --enable-checking=release --build=aarch64-linux-gnu --host=aarch64-linux-gnu --target=aarch64-linux-gnu --with-build-config=bootstrap-lto-lean --enable-link-serialization=2]
  ignore line: [Thread model: posix]
  ignore line: [Supported LTO compression algorithms: zlib zstd]
  ignore line: [gcc version 11.4.0 (Ubuntu 11.4.0-1ubuntu1~22.04) ]
  ignore line: [COLLECT_GCC_OPTIONS='-D' '__CUDA_ARCH__=520' '-D' '__CUDA_ARCH_LIST__=520' '-D' '__NV_LEGACY_LAUNCH' '-E' '-D' 'CUDA_DOUBLE_MATH_FUNCTIONS' '-D' '__CUDACC__' '-D' '__NVCC__' '-v' '-I' '/usr/local/cuda/bin/../targets/aarch64-linux/include' '-D' '__CUDACC_VER_MAJOR__=12' '-D' '__CUDACC_VER_MINOR__=6' '-D' '__CUDACC_VER_BUILD__=68' '-D' '__CUDA_API_VER_MAJOR__=12' '-D' '__CUDA_API_VER_MINOR__=6' '-D' '__NVCC_DIAG_PRAGMA_SUPPORT__=1' '-include' 'cuda_runtime.h' '-o' '/tmp/tmpxft_0000b48f_00000000-7_CMakeCUDACompilerABI.cpp1.ii' '-mlittle-endian' '-mabi=lp64' '-dumpdir' '/tmp/']
  ignore line: [ /usr/lib/gcc/aarch64-linux-gnu/11/cc1plus -E -quiet -v -I /usr/local/cuda/bin/../targets/aarch64-linux/include -imultiarch aarch64-linux-gnu -D_GNU_SOURCE -D __CUDA_ARCH__=520 -D __CUDA_ARCH_LIST__=520 -D __NV_LEGACY_LAUNCH -D CUDA_DOUBLE_MATH_FUNCTIONS -D __CUDACC__ -D __NVCC__ -D __CUDACC_VER_MAJOR__=12 -D __CUDACC_VER_MINOR__=6 -D __CUDACC_VER_BUILD__=68 -D __CUDA_API_VER_MAJOR__=12 -D __CUDA_API_VER_MINOR__=6 -D __NVCC_DIAG_PRAGMA_SUPPORT__=1 -include cuda_runtime.h /usr/share/cmake-3.22/Modules/CMakeCUDACompilerABI.cu -o /tmp/tmpxft_0000b48f_00000000-7_CMakeCUDACompilerABI.cpp1.ii -mlittle-endian -mabi=lp64 -fasynchronous-unwind-tables -fstack-protector-strong -Wformat -Wformat-security -fstack-clash-protection -dumpdir /tmp/ -dumpbase tmpxft_0000b48f_00000000-7_CMakeCUDACompilerABI.cpp1.cu -dumpbase-ext .cu]
  ignore line: [ignoring duplicate directory "/usr/include/aarch64-linux-gnu/c++/11"]
  ignore line: [ignoring nonexistent directory "/usr/local/include/aarch64-linux-gnu"]
  ignore line: [ignoring nonexistent directory "/usr/lib/gcc/aarch64-linux-gnu/11/include-fixed"]
  ignore line: [ignoring nonexistent directory "/usr/lib/gcc/aarch64-linux-gnu/11/../../../../aarch64-linux-gnu/include"]
  ignore line: [#include "..." search starts here:]
  ignore line: [#include <...> search starts here:]
  ignore line: [ /usr/local/cuda/bin/../targets/aarch64-linux/include]
  ignore line: [ /usr/include/c++/11]
  ignore line: [ /usr/include/aarch64-linux-gnu/c++/11]
  ignore line: [ /usr/include/c++/11/backward]
  ignore line: [ /usr/lib/gcc/aarch64-linux-gnu/11/include]
  ignore line: [ /usr/local/include]
  ignore line: [ /usr/include/aarch64-linux-gnu]
  ignore line: [ /usr/include]
  ignore line: [End of search list.]
  ignore line: [COMPILER_PATH=/usr/lib/gcc/aarch64-linux-gnu/11/:/usr/lib/gcc/aarch64-linux-gnu/11/:/usr/lib/gcc/aarch64-linux-gnu/:/usr/lib/gcc/aarch64-linux-gnu/11/:/usr/lib/gcc/aarch64-linux-gnu/]
  ignore line: [LIBRARY_PATH=/usr/lib/gcc/aarch64-linux-gnu/11/:/usr/lib/gcc/aarch64-linux-gnu/11/../../../aarch64-linux-gnu/:/usr/lib/gcc/aarch64-linux-gnu/11/../../../../lib/:/lib/aarch64-linux-gnu/:/lib/../lib/:/usr/lib/aarch64-linux-gnu/:/usr/lib/../lib/:/usr/lib/gcc/aarch64-linux-gnu/11/../../../:/lib/:/usr/lib/]
  ignore line: [COLLECT_GCC_OPTIONS='-D' '__CUDA_ARCH__=520' '-D' '__CUDA_ARCH_LIST__=520' '-D' '__NV_LEGACY_LAUNCH' '-E' '-D' 'CUDA_DOUBLE_MATH_FUNCTIONS' '-D' '__CUDACC__' '-D' '__NVCC__' '-v' '-I' '/usr/local/cuda/bin/../targets/aarch64-linux/include' '-D' '__CUDACC_VER_MAJOR__=12' '-D' '__CUDACC_VER_MINOR__=6' '-D' '__CUDACC_VER_BUILD__=68' '-D' '__CUDA_API_VER_MAJOR__=12' '-D' '__CUDA_API_VER_MINOR__=6' '-D' '__NVCC_DIAG_PRAGMA_SUPPORT__=1' '-include' 'cuda_runtime.h' '-o' '/tmp/tmpxft_0000b48f_00000000-7_CMakeCUDACompilerABI.cpp1.ii' '-mlittle-endian' '-mabi=lp64' '-dumpdir' '/tmp/tmpxft_0000b48f_00000000-7_CMakeCUDACompilerABI.cpp1.']
  ignore line: [Using built-in specs.]
  ignore line: [COLLECT_GCC=gcc]
  ignore line: [Target: aarch64-linux-gnu]
  ignore line: [Configured with: ../src/configure -v --with-pkgversion='Ubuntu 11.4.0-1ubuntu1~22.04' --with-bugurl=file:///usr/share/doc/gcc-11/README.Bugs --enable-languages=c ada c++ go d fortran objc obj-c++ m2 --prefix=/usr --with-gcc-major-version-only --program-suffix=-11 --program-prefix=aarch64-linux-gnu- --enable-shared --enable-linker-build-id --libexecdir=/usr/lib --without-included-gettext --enable-threads=posix --libdir=/usr/lib --enable-nls --enable-bootstrap --enable-clocale=gnu --enable-libstdcxx-debug --enable-libstdcxx-time=yes --with-default-libstdcxx-abi=new --enable-gnu-unique-object --disable-libquadmath --disable-libquadmath-support --enable-plugin --enable-default-pie --with-system-zlib --enable-libphobos-checking=release --with-target-system-zlib=auto --enable-objc-gc=auto --enable-multiarch --enable-fix-cortex-a53-843419 --disable-werror --enable-checking=release --build=aarch64-linux-gnu --host=aarch64-linux-gnu --target=aarch64-linux-gnu --with-build-config=bootstrap-lto-lean --enable-link-serialization=2]
  ignore line: [Thread model: posix]
  ignore line: [Supported LTO compression algorithms: zlib zstd]
  ignore line: [gcc version 11.4.0 (Ubuntu 11.4.0-1ubuntu1~22.04) ]
  ignore line: [COLLECT_GCC_OPTIONS='-D' '__CUDA_ARCH_LIST__=520' '-D' '__NV_LEGACY_LAUNCH' '-E' '-D' '__CUDACC__' '-D' '__NVCC__' '-v' '-I' '/usr/local/cuda/bin/../targets/aarch64-linux/include' '-D' '__CUDACC_VER_MAJOR__=12' '-D' '__CUDACC_VER_MINOR__=6' '-D' '__CUDACC_VER_BUILD__=68' '-D' '__CUDA_API_VER_MAJOR__=12' '-D' '__CUDA_API_VER_MINOR__=6' '-D' '__NVCC_DIAG_PRAGMA_SUPPORT__=1' '-include' 'cuda_runtime.h' '-o' '/tmp/tmpxft_0000b48f_00000000-5_CMakeCUDACompilerABI.cpp4.ii' '-mlittle-endian' '-mabi=lp64' '-dumpdir' '/tmp/']
  ignore line: [ /usr/lib/gcc/aarch64-linux-gnu/11/cc1plus -E -quiet -v -I /usr/local/cuda/bin/../targets/aarch64-linux/include -imultiarch aarch64-linux-gnu -D_GNU_SOURCE -D __CUDA_ARCH_LIST__=520 -D __NV_LEGACY_LAUNCH -D __CUDACC__ -D __NVCC__ -D __CUDACC_VER_MAJOR__=12 -D __CUDACC_VER_MINOR__=6 -D __CUDACC_VER_BUILD__=68 -D __CUDA_API_VER_MAJOR__=12 -D __CUDA_API_VER_MINOR__=6 -D __NVCC_DIAG_PRAGMA_SUPPORT__=1 -include cuda_runtime.h /usr/share/cmake-3.22/Modules/CMakeCUDACompilerABI.cu -o /tmp/tmpxft_0000b48f_00000000-5_CMakeCUDACompilerABI.cpp4.ii -mlittle-endian -mabi=lp64 -fasynchronous-unwind-tables -fstack-protector-strong -Wformat -Wformat-security -fstack-clash-protection -dumpdir /tmp/ -dumpbase tmpxft_0000b48f_00000000-5_CMakeCUDACompilerABI.cpp4.cu -dumpbase-ext .cu]
  ignore line: [ignoring duplicate directory "/usr/include/aarch64-linux-gnu/c++/11"]
  ignore line: [ignoring nonexistent directory "/usr/local/include/aarch64-linux-gnu"]
  ignore line: [ignoring nonexistent directory "/usr/lib/gcc/aarch64-linux-gnu/11/include-fixed"]
  ignore line: [ignoring nonexistent directory "/usr/lib/gcc/aarch64-linux-gnu/11/../../../../aarch64-linux-gnu/include"]
  ignore line: [#include "..." search starts here:]
  ignore line: [#include <...> search starts here:]
  ignore line: [ /usr/local/cuda/bin/../targets/aarch64-linux/include]
  ignore line: [ /usr/include/c++/11]
  ignore line: [ /usr/include/aarch64-linux-gnu/c++/11]
  ignore line: [ /usr/include/c++/11/backward]
  ignore line: [ /usr/lib/gcc/aarch64-linux-gnu/11/include]
  ignore line: [ /usr/local/include]
  ignore line: [ /usr/include/aarch64-linux-gnu]
  ignore line: [ /usr/include]
  ignore line: [End of search list.]
  ignore line: [COMPILER_PATH=/usr/lib/gcc/aarch64-linux-gnu/11/:/usr/lib/gcc/aarch64-linux-gnu/11/:/usr/lib/gcc/aarch64-linux-gnu/:/usr/lib/gcc/aarch64-linux-gnu/11/:/usr/lib/gcc/aarch64-linux-gnu/]
  ignore line: [LIBRARY_PATH=/usr/lib/gcc/aarch64-linux-gnu/11/:/usr/lib/gcc/aarch64-linux-gnu/11/../../../aarch64-linux-gnu/:/usr/lib/gcc/aarch64-linux-gnu/11/../../../../lib/:/lib/aarch64-linux-gnu/:/lib/../lib/:/usr/lib/aarch64-linux-gnu/:/usr/lib/../lib/:/usr/lib/gcc/aarch64-linux-gnu/11/../../../:/lib/:/usr/lib/]
  ignore line: [COLLECT_GCC_OPTIONS='-D' '__CUDA_ARCH_LIST__=520' '-D' '__NV_LEGACY_LAUNCH' '-E' '-D' '__CUDACC__' '-D' '__NVCC__' '-v' '-I' '/usr/local/cuda/bin/../targets/aarch64-linux/include' '-D' '__CUDACC_VER_MAJOR__=12' '-D' '__CUDACC_VER_MINOR__=6' '-D' '__CUDACC_VER_BUILD__=68' '-D' '__CUDA_API_VER_MAJOR__=12' '-D' '__CUDA_API_VER_MINOR__=6' '-D' '__NVCC_DIAG_PRAGMA_SUPPORT__=1' '-include' 'cuda_runtime.h' '-o' '/tmp/tmpxft_0000b48f_00000000-5_CMakeCUDACompilerABI.cpp4.ii' '-mlittle-endian' '-mabi=lp64' '-dumpdir' '/tmp/tmpxft_0000b48f_00000000-5_CMakeCUDACompilerABI.cpp4.']
  ignore line: [Using built-in specs.]
  ignore line: [COLLECT_GCC=gcc]
  ignore line: [Target: aarch64-linux-gnu]
  ignore line: [Configured with: ../src/configure -v --with-pkgversion='Ubuntu 11.4.0-1ubuntu1~22.04' --with-bugurl=file:///usr/share/doc/gcc-11/README.Bugs --enable-languages=c ada c++ go d fortran objc obj-c++ m2 --prefix=/usr --with-gcc-major-version-only --program-suffix=-11 --program-prefix=aarch64-linux-gnu- --enable-shared --enable-linker-build-id --libexecdir=/usr/lib --without-included-gettext --enable-threads=posix --libdir=/usr/lib --enable-nls --enable-bootstrap --enable-clocale=gnu --enable-libstdcxx-debug --enable-libstdcxx-time=yes --with-default-libstdcxx-abi=new --enable-gnu-unique-object --disable-libquadmath --disable-libquadmath-support --enable-plugin --enable-default-pie --with-system-zlib --enable-libphobos-checking=release --with-target-system-zlib=auto --enable-objc-gc=auto --enable-multiarch --enable-fix-cortex-a53-843419 --disable-werror --enable-checking=release --build=aarch64-linux-gnu --host=aarch64-linux-gnu --target=aarch64-linux-gnu --with-build-config=bootstrap-lto-lean --enable-link-serialization=2]
  ignore line: [Thread model: posix]
  ignore line: [Supported LTO compression algorithms: zlib zstd]
  ignore line: [gcc version 11.4.0 (Ubuntu 11.4.0-1ubuntu1~22.04) ]
  ignore line: [COLLECT_GCC_OPTIONS='-D' '__CUDA_ARCH__=520' '-D' '__CUDA_ARCH_LIST__=520' '-D' '__NV_LEGACY_LAUNCH' '-c' '-D' 'CUDA_DOUBLE_MATH_FUNCTIONS' '-v' '-Wno-psabi' '-I' '/usr/local/cuda/bin/../targets/aarch64-linux/include' '-o' 'CMakeFiles/cmTC_6eec9.dir/CMakeCUDACompilerABI.cu.o' '-mlittle-endian' '-mabi=lp64' '-dumpdir' 'CMakeFiles/cmTC_6eec9.dir/']
  ignore line: [ /usr/lib/gcc/aarch64-linux-gnu/11/cc1plus -quiet -v -I /usr/local/cuda/bin/../targets/aarch64-linux/include -imultiarch aarch64-linux-gnu -D_GNU_SOURCE -D __CUDA_ARCH__=520 -D __CUDA_ARCH_LIST__=520 -D __NV_LEGACY_LAUNCH -D CUDA_DOUBLE_MATH_FUNCTIONS /tmp/tmpxft_0000b48f_00000000-6_CMakeCUDACompilerABI.cudafe1.cpp -quiet -dumpdir CMakeFiles/cmTC_6eec9.dir/ -dumpbase CMakeCUDACompilerABI.cu.cpp -dumpbase-ext .cpp -mlittle-endian -mabi=lp64 -Wno-psabi -version -fasynchronous-unwind-tables -fstack-protector-strong -Wformat -Wformat-security -fstack-clash-protection -o /tmp/ccHWXD3q.s]
  ignore line: [GNU C++17 (Ubuntu 11.4.0-1ubuntu1~22.04) version 11.4.0 (aarch64-linux-gnu)]
  ignore line: [	compiled by GNU C version 11.4.0  GMP version 6.2.1  MPFR version 4.1.0  MPC version 1.2.1  isl version isl-0.24-GMP]
  ignore line: []
  ignore line: [GGC heuristics: --param ggc-min-expand=100 --param ggc-min-heapsize=131072]
  ignore line: [ignoring duplicate directory "/usr/include/aarch64-linux-gnu/c++/11"]
  ignore line: [ignoring nonexistent directory "/usr/local/include/aarch64-linux-gnu"]
  ignore line: [ignoring nonexistent directory "/usr/lib/gcc/aarch64-linux-gnu/11/include-fixed"]
  ignore line: [ignoring nonexistent directory "/usr/lib/gcc/aarch64-linux-gnu/11/../../../../aarch64-linux-gnu/include"]
  ignore line: [#include "..." search starts here:]
  ignore line: [#include <...> search starts here:]
  ignore line: [ /usr/local/cuda/bin/../targets/aarch64-linux/include]
  ignore line: [ /usr/include/c++/11]
  ignore line: [ /usr/include/aarch64-linux-gnu/c++/11]
  ignore line: [ /usr/include/c++/11/backward]
  ignore line: [ /usr/lib/gcc/aarch64-linux-gnu/11/include]
  ignore line: [ /usr/local/include]
  ignore line: [ /usr/include/aarch64-linux-gnu]
  ignore line: [ /usr/include]
  ignore line: [End of search list.]
  ignore line: [GNU C++17 (Ubuntu 11.4.0-1ubuntu1~22.04) version 11.4.0 (aarch64-linux-gnu)]
  ignore line: [	compiled by GNU C version 11.4.0  GMP version 6.2.1  MPFR version 4.1.0  MPC version 1.2.1  isl version isl-0.24-GMP]
  ignore line: []
  ignore line: [GGC heuristics: --param ggc-min-expand=100 --param ggc-min-heapsize=131072]
  ignore line: [Compiler executable checksum: 3e6e780af1232722b47e0979fda82402]
  ignore line: [COLLECT_GCC_OPTIONS='-D' '__CUDA_ARCH__=520' '-D' '__CUDA_ARCH_LIST__=520' '-D' '__NV_LEGACY_LAUNCH' '-c' '-D' 'CUDA_DOUBLE_MATH_FUNCTIONS' '-v' '-Wno-psabi' '-I' '/usr/local/cuda/bin/../targets/aarch64-linux/include' '-o' 'CMakeFiles/cmTC_6eec9.dir/CMakeCUDACompilerABI.cu.o' '-mlittle-endian' '-mabi=lp64' '-dumpdir' 'CMakeFiles/cmTC_6eec9.dir/']
  ignore line: [ as -v -I /usr/local/cuda/bin/../targets/aarch64-linux/include -EL -mabi=lp64 -o CMakeFiles/cmTC_6eec9.dir/CMakeCUDACompilerABI.cu.o /tmp/ccHWXD3q.s]
  ignore line: [GNU assembler version 2.38 (aarch64-linux-gnu) using BFD version (GNU Binutils for Ubuntu) 2.38]
  ignore line: [COMPILER_PATH=/usr/lib/gcc/aarch64-linux-gnu/11/:/usr/lib/gcc/aarch64-linux-gnu/11/:/usr/lib/gcc/aarch64-linux-gnu/:/usr/lib/gcc/aarch64-linux-gnu/11/:/usr/lib/gcc/aarch64-linux-gnu/]
  ignore line: [LIBRARY_PATH=/usr/lib/gcc/aarch64-linux-gnu/11/:/usr/lib/gcc/aarch64-linux-gnu/11/../../../aarch64-linux-gnu/:/usr/lib/gcc/aarch64-linux-gnu/11/../../../../lib/:/lib/aarch64-linux-gnu/:/lib/../lib/:/usr/lib/aarch64-linux-gnu/:/usr/lib/../lib/:/usr/lib/gcc/aarch64-linux-gnu/11/../../../:/lib/:/usr/lib/]
  ignore line: [COLLECT_GCC_OPTIONS='-D' '__CUDA_ARCH__=520' '-D' '__CUDA_ARCH_LIST__=520' '-D' '__NV_LEGACY_LAUNCH' '-c' '-D' 'CUDA_DOUBLE_MATH_FUNCTIONS' '-v' '-Wno-psabi' '-I' '/usr/local/cuda/bin/../targets/aarch64-linux/include' '-o' 'CMakeFiles/cmTC_6eec9.dir/CMakeCUDACompilerABI.cu.o' '-mlittle-endian' '-mabi=lp64' '-dumpdir' 'CMakeFiles/cmTC_6eec9.dir/CMakeCUDACompilerABI.cu.']
  ignore line: [Linking CUDA executable cmTC_6eec9]
  ignore line: [/usr/bin/cmake -E cmake_link_script CMakeFiles/cmTC_6eec9.dir/link.txt --verbose=1]
  ignore line: [/usr/bin/g++  -v CMakeFiles/cmTC_6eec9.dir/CMakeCUDACompilerABI.cu.o -o cmTC_6eec9  -lcudadevrt -lcudart_static -lrt -lpthread -ldl  -L"/usr/local/cuda/targets/aarch64-linux/lib/stubs" -L"/usr/local/cuda/targets/aarch64-linux/lib"]
  ignore line: [Using built-in specs.]
  ignore line: [COLLECT_GCC=/usr/bin/g++]
  ignore line: [COLLECT_LTO_WRAPPER=/usr/lib/gcc/aarch64-linux-gnu/11/lto-wrapper]
  ignore line: [Target: aarch64-linux-gnu]
  ignore line: [Configured with: ../src/configure -v --with-pkgversion='Ubuntu 11.4.0-1ubuntu1~22.04' --with-bugurl=file:///usr/share/doc/gcc-11/README.Bugs --enable-languages=c ada c++ go d fortran objc obj-c++ m2 --prefix=/usr --with-gcc-major-version-only --program-suffix=-11 --program-prefix=aarch64-linux-gnu- --enable-shared --enable-linker-build-id --libexecdir=/usr/lib --without-included-gettext --enable-threads=posix --libdir=/usr/lib --enable-nls --enable-bootstrap --enable-clocale=gnu --enable-libstdcxx-debug --enable-libstdcxx-time=yes --with-default-libstdcxx-abi=new --enable-gnu-unique-object --disable-libquadmath --disable-libquadmath-support --enable-plugin --enable-default-pie --with-system-zlib --enable-libphobos-checking=release --with-target-system-zlib=auto --enable-objc-gc=auto --enable-multiarch --enable-fix-cortex-a53-843419 --disable-werror --enable-checking=release --build=aarch64-linux-gnu --host=aarch64-linux-gnu --target=aarch64-linux-gnu --with-build-config=bootstrap-lto-lean --enable-link-serialization=2]
  ignore line: [Thread model: posix]
  ignore line: [Supported LTO compression algorithms: zlib zstd]
  ignore line: [gcc version 11.4.0 (Ubuntu 11.4.0-1ubuntu1~22.04) ]
  ignore line: [COMPILER_PATH=/usr/lib/gcc/aarch64-linux-gnu/11/:/usr/lib/gcc/aarch64-linux-gnu/11/:/usr/lib/gcc/aarch64-linux-gnu/:/usr/lib/gcc/aarch64-linux-gnu/11/:/usr/lib/gcc/aarch64-linux-gnu/]
  ignore line: [LIBRARY_PATH=/usr/lib/gcc/aarch64-linux-gnu/11/:/usr/lib/gcc/aarch64-linux-gnu/11/../../../aarch64-linux-gnu/:/usr/lib/gcc/aarch64-linux-gnu/11/../../../../lib/:/lib/aarch64-linux-gnu/:/lib/../lib/:/usr/lib/aarch64-linux-gnu/:/usr/lib/../lib/:/usr/lib/gcc/aarch64-linux-gnu/11/../../../:/lib/:/usr/lib/]
  ignore line: [COLLECT_GCC_OPTIONS='-v' '-o' 'cmTC_6eec9' '-L/usr/local/cuda/targets/aarch64-linux/lib/stubs' '-L/usr/local/cuda/targets/aarch64-linux/lib' '-shared-libgcc' '-mlittle-endian' '-mabi=lp64' '-dumpdir' 'cmTC_6eec9.']
  link line: [ /usr/lib/gcc/aarch64-linux-gnu/11/collect2 -plugin /usr/lib/gcc/aarch64-linux-gnu/11/liblto_plugin.so -plugin-opt=/usr/lib/gcc/aarch64-linux-gnu/11/lto-wrapper -plugin-opt=-fresolution=/tmp/ccEsgEVb.res -plugin-opt=-pass-through=-lgcc_s -plugin-opt=-pass-through=-lgcc -plugin-opt=-pass-through=-lc -plugin-opt=-pass-through=-lgcc_s -plugin-opt=-pass-through=-lgcc --build-id --eh-frame-hdr --hash-style=gnu --as-needed -dynamic-linker /lib/ld-linux-aarch64.so.1 -X -EL -maarch64linux --fix-cortex-a53-843419 -pie -z now -z relro -o cmTC_6eec9 /usr/lib/gcc/aarch64-linux-gnu/11/../../../aarch64-linux-gnu/Scrt1.o /usr/lib/gcc/aarch64-linux-gnu/11/../../../aarch64-linux-gnu/crti.o /usr/lib/gcc/aarch64-linux-gnu/11/crtbeginS.o -L/usr/local/cuda/targets/aarch64-linux/lib/stubs -L/usr/local/cuda/targets/aarch64-linux/lib -L/usr/lib/gcc/aarch64-linux-gnu/11 -L/usr/lib/gcc/aarch64-linux-gnu/11/../../../aarch64-linux-gnu -L/usr/lib/gcc/aarch64-linux-gnu/11/../../../../lib -L/lib/aarch64-linux-gnu -L/lib/../lib -L/usr/lib/aarch64-linux-gnu -L/usr/lib/../lib -L/usr/lib/gcc/aarch64-linux-gnu/11/../../.. CMakeFiles/cmTC_6eec9.dir/CMakeCUDACompilerABI.cu.o -lcudadevrt -lcudart_static -lrt -lpthread -ldl -lstdc++ -lm -lgcc_s -lgcc -lc -lgcc_s -lgcc /usr/lib/gcc/aarch64-linux-gnu/11/crtendS.o /usr/lib/gcc/aarch64-linux-gnu/11/../../../aarch64-linux-gnu/crtn.o]
    arg [/usr/lib/gcc/aarch64-linux-gnu/11/collect2] ==> ignore
    arg [-plugin] ==> ignore
    arg [/usr/lib/gcc/aarch64-linux-gnu/11/liblto_plugin.so] ==> ignore
    arg [-plugin-opt=/usr/lib/gcc/aarch64-linux-gnu/11/lto-wrapper] ==> ignore
    arg [-plugin-opt=-fresolution=/tmp/ccEsgEVb.res] ==> ignore
    arg [-plugin-opt=-pass-through=-lgcc_s] ==> ignore
    arg [-plugin-opt=-pass-through=-lgcc] ==> ignore
    arg [-plugin-opt=-pass-through=-lc] ==> ignore
    arg [-plugin-opt=-pass-through=-lgcc_s] ==> ignore
    arg [-plugin-opt=-pass-through=-lgcc] ==> ignore
    arg [--build-id] ==> ignore
    arg [--eh-frame-hdr] ==> ignore
    arg [--hash-style=gnu] ==> ignore
    arg [--as-needed] ==> ignore
    arg [-dynamic-linker] ==> ignore
    arg [/lib/ld-linux-aarch64.so.1] ==> ignore
    arg [-X] ==> ignore
    arg [-EL] ==> ignore
    arg [-maarch64linux] ==> ignore
    arg [--fix-cortex-a53-843419] ==> ignore
    arg [-pie] ==> ignore
    arg [-znow] ==> ignore
    arg [-zrelro] ==> ignore
    arg [-o] ==> ignore
    arg [cmTC_6eec9] ==> ignore
    arg [/usr/lib/gcc/aarch64-linux-gnu/11/../../../aarch64-linux-gnu/Scrt1.o] ==> obj [/usr/lib/gcc/aarch64-linux-gnu/11/../../../aarch64-linux-gnu/Scrt1.o]
    arg [/usr/lib/gcc/aarch64-linux-gnu/11/../../../aarch64-linux-gnu/crti.o] ==> obj [/usr/lib/gcc/aarch64-linux-gnu/11/../../../aarch64-linux-gnu/crti.o]
    arg [/usr/lib/gcc/aarch64-linux-gnu/11/crtbeginS.o] ==> obj [/usr/lib/gcc/aarch64-linux-gnu/11/crtbeginS.o]
    arg [-L/usr/local/cuda/targets/aarch64-linux/lib/stubs] ==> dir [/usr/local/cuda/targets/aarch64-linux/lib/stubs]
    arg [-L/usr/local/cuda/targets/aarch64-linux/lib] ==> dir [/usr/local/cuda/targets/aarch64-linux/lib]
    arg [-L/usr/lib/gcc/aarch64-linux-gnu/11] ==> dir [/usr/lib/gcc/aarch64-linux-gnu/11]
    arg [-L/usr/lib/gcc/aarch64-linux-gnu/11/../../../aarch64-linux-gnu] ==> dir [/usr/lib/gcc/aarch64-linux-gnu/11/../../../aarch64-linux-gnu]
    arg [-L/usr/lib/gcc/aarch64-linux-gnu/11/../../../../lib] ==> dir [/usr/lib/gcc/aarch64-linux-gnu/11/../../../../lib]
    arg [-L/lib/aarch64-linux-gnu] ==> dir [/lib/aarch64-linux-gnu]
    arg [-L/lib/../lib] ==> dir [/lib/../lib]
    arg [-L/usr/lib/aarch64-linux-gnu] ==> dir [/usr/lib/aarch64-linux-gnu]
    arg [-L/usr/lib/../lib] ==> dir [/usr/lib/../lib]
    arg [-L/usr/lib/gcc/aarch64-linux-gnu/11/../../..] ==> dir [/usr/lib/gcc/aarch64-linux-gnu/11/../../..]
    arg [CMakeFiles/cmTC_6eec9.dir/CMakeCUDACompilerABI.cu.o] ==> ignore
    arg [-lcudadevrt] ==> lib [cudadevrt]
    arg [-lcudart_static] ==> lib [cudart_static]
    arg [-lrt] ==> lib [rt]
    arg [-lpthread] ==> lib [pthread]
    arg [-ldl] ==> lib [dl]
    arg [-lstdc++] ==> lib [stdc++]
    arg [-lm] ==> lib [m]
    arg [-lgcc_s] ==> lib [gcc_s]
    arg [-lgcc] ==> lib [gcc]
    arg [-lc] ==> lib [c]
    arg [-lgcc_s] ==> lib [gcc_s]
    arg [-lgcc] ==> lib [gcc]
    arg [/usr/lib/gcc/aarch64-linux-gnu/11/crtendS.o] ==> obj [/usr/lib/gcc/aarch64-linux-gnu/11/crtendS.o]
    arg [/usr/lib/gcc/aarch64-linux-gnu/11/../../../aarch64-linux-gnu/crtn.o] ==> obj [/usr/lib/gcc/aarch64-linux-gnu/11/../../../aarch64-linux-gnu/crtn.o]
  collapse obj [/usr/lib/gcc/aarch64-linux-gnu/11/../../../aarch64-linux-gnu/Scrt1.o] ==> [/usr/lib/aarch64-linux-gnu/Scrt1.o]
  collapse obj [/usr/lib/gcc/aarch64-linux-gnu/11/../../../aarch64-linux-gnu/crti.o] ==> [/usr/lib/aarch64-linux-gnu/crti.o]
  collapse obj [/usr/lib/gcc/aarch64-linux-gnu/11/../../../aarch64-linux-gnu/crtn.o] ==> [/usr/lib/aarch64-linux-gnu/crtn.o]
  collapse library dir [/usr/local/cuda/targets/aarch64-linux/lib/stubs] ==> [/usr/local/cuda/targets/aarch64-linux/lib/stubs]
  collapse library dir [/usr/local/cuda/targets/aarch64-linux/lib] ==> [/usr/local/cuda/targets/aarch64-linux/lib]
  collapse library dir [/usr/lib/gcc/aarch64-linux-gnu/11] ==> [/usr/lib/gcc/aarch64-linux-gnu/11]
  collapse library dir [/usr/lib/gcc/aarch64-linux-gnu/11/../../../aarch64-linux-gnu] ==> [/usr/lib/aarch64-linux-gnu]
  collapse library dir [/usr/lib/gcc/aarch64-linux-gnu/11/../../../../lib] ==> [/usr/lib]
  collapse library dir [/lib/aarch64-linux-gnu] ==> [/lib/aarch64-linux-gnu]
  collapse library dir [/lib/../lib] ==> [/lib]
  collapse library dir [/usr/lib/aarch64-linux-gnu] ==> [/usr/lib/aarch64-linux-gnu]
  collapse library dir [/usr/lib/../lib] ==> [/usr/lib]
  collapse library dir [/usr/lib/gcc/aarch64-linux-gnu/11/../../..] ==> [/usr/lib]
  implicit libs: [cudadevrt;cudart_static;rt;pthread;dl;stdc++;m;gcc_s;gcc;c;gcc_s;gcc]
  implicit objs: [/usr/lib/aarch64-linux-gnu/Scrt1.o;/usr/lib/aarch64-linux-gnu/crti.o;/usr/lib/gcc/aarch64-linux-gnu/11/crtbeginS.o;/usr/lib/gcc/aarch64-linux-gnu/11/crtendS.o;/usr/lib/aarch64-linux-gnu/crtn.o]
  implicit dirs: [/usr/local/cuda/targets/aarch64-linux/lib/stubs;/usr/local/cuda/targets/aarch64-linux/lib;/usr/lib/gcc/aarch64-linux-gnu/11;/usr/lib/aarch64-linux-gnu;/usr/lib;/lib/aarch64-linux-gnu;/lib]
  implicit fwks: []


