[0.325s] [34mcolcon[0m [1;30mDEBUG[0m [32mCommand line arguments: ['/usr/bin/colcon', 'build', '--symlink-install', '--parallel-workers', '8'][0m
[0.326s] [34mcolcon[0m [1;30mDEBUG[0m [32mParsed command line arguments: Namespace(log_base=None, log_level=None, verb_name='build', build_base='build', install_base='install', merge_install=False, symlink_install=True, test_result_base=None, continue_on_error=False, executor='parallel', parallel_workers=8, event_handlers=None, ignore_user_meta=False, metas=['./colcon.meta'], base_paths=['.'], packages_ignore=None, packages_ignore_regex=None, paths=None, packages_up_to=None, packages_up_to_regex=None, packages_above=None, packages_above_and_dependencies=None, packages_above_depth=None, packages_select_by_dep=None, packages_skip_by_dep=None, packages_skip_up_to=None, packages_select_build_failed=False, packages_skip_build_finished=False, packages_select_test_failures=False, packages_skip_test_passed=False, packages_select=None, packages_skip=None, packages_select_regex=None, packages_skip_regex=None, packages_start=None, packages_end=None, allow_overriding=[], cmake_args=None, cmake_target=None, cmake_target_skip_unavailable=False, cmake_clean_cache=False, cmake_clean_first=False, cmake_force_configure=False, ament_cmake_args=None, catkin_cmake_args=None, catkin_skip_building_tests=False, verb_parser=<colcon_defaults.argument_parser.defaults.DefaultArgumentsDecorator object at 0xffff98baeb90>, verb_extension=<colcon_core.verb.build.BuildVerb object at 0xffff98b6c490>, main=<bound method BuildVerb.main of <colcon_core.verb.build.BuildVerb object at 0xffff98b6c490>>)[0m
[0.771s] [34mcolcon.colcon_core.package_discovery[0m [1;30mLevel 1[0m discover_packages(colcon_meta) check parameters
[0.771s] [34mcolcon.colcon_core.package_discovery[0m [1;30mLevel 1[0m discover_packages(recursive) check parameters
[0.771s] [34mcolcon.colcon_core.package_discovery[0m [1;30mLevel 1[0m discover_packages(ignore) check parameters
[0.771s] [34mcolcon.colcon_core.package_discovery[0m [1;30mLevel 1[0m discover_packages(path) check parameters
[0.771s] [34mcolcon.colcon_core.package_discovery[0m [1;30mLevel 1[0m discover_packages(colcon_meta) discover
[0.771s] [34mcolcon.colcon_core.package_discovery[0m [1;30mLevel 1[0m discover_packages(recursive) discover
[0.771s] [34mcolcon.colcon_core.package_discovery[0m [1;30mINFO[0m Crawling recursively for packages in '/home/booster/Workspace/Booster_T1_3v3_Demo'
[0.772s] [34mcolcon.colcon_core.package_identification[0m [1;30mLevel 1[0m _identify(.) by extensions ['ignore', 'ignore_ament_install']
[0.772s] [34mcolcon.colcon_core.package_identification[0m [1;30mLevel 1[0m _identify(.) by extension 'ignore'
[0.772s] [34mcolcon.colcon_core.package_identification[0m [1;30mLevel 1[0m _identify(.) by extension 'ignore_ament_install'
[0.772s] [34mcolcon.colcon_core.package_identification[0m [1;30mLevel 1[0m _identify(.) by extensions ['colcon_pkg']
[0.772s] [34mcolcon.colcon_core.package_identification[0m [1;30mLevel 1[0m _identify(.) by extension 'colcon_pkg'
[0.773s] [34mcolcon.colcon_core.package_identification[0m [1;30mLevel 1[0m _identify(.) by extensions ['colcon_meta']
[0.773s] [34mcolcon.colcon_core.package_identification[0m [1;30mLevel 1[0m _identify(.) by extension 'colcon_meta'
[0.773s] [34mcolcon.colcon_core.package_identification[0m [1;30mLevel 1[0m _identify(.) by extensions ['ros']
[0.773s] [34mcolcon.colcon_core.package_identification[0m [1;30mLevel 1[0m _identify(.) by extension 'ros'
[0.798s] [34mcolcon.colcon_core.package_identification[0m [1;30mLevel 1[0m _identify(.) by extensions ['cmake', 'python']
[0.798s] [34mcolcon.colcon_core.package_identification[0m [1;30mLevel 1[0m _identify(.) by extension 'cmake'
[0.798s] [34mcolcon.colcon_core.package_identification[0m [1;30mLevel 1[0m _identify(.) by extension 'python'
[0.799s] [34mcolcon.colcon_core.package_identification[0m [1;30mLevel 1[0m _identify(.) by extensions ['python_setup_py']
[0.799s] [34mcolcon.colcon_core.package_identification[0m [1;30mLevel 1[0m _identify(.) by extension 'python_setup_py'
[0.799s] [34mcolcon.colcon_core.package_identification[0m [1;30mLevel 1[0m _identify(build) by extensions ['ignore', 'ignore_ament_install']
[0.799s] [34mcolcon.colcon_core.package_identification[0m [1;30mLevel 1[0m _identify(build) by extension 'ignore'
[0.799s] [34mcolcon.colcon_core.package_identification[0m [1;30mLevel 1[0m _identify(build) ignored
[0.800s] [34mcolcon.colcon_core.package_identification[0m [1;30mLevel 1[0m _identify(configs) by extensions ['ignore', 'ignore_ament_install']
[0.800s] [34mcolcon.colcon_core.package_identification[0m [1;30mLevel 1[0m _identify(configs) by extension 'ignore'
[0.800s] [34mcolcon.colcon_core.package_identification[0m [1;30mLevel 1[0m _identify(configs) by extension 'ignore_ament_install'
[0.800s] [34mcolcon.colcon_core.package_identification[0m [1;30mLevel 1[0m _identify(configs) by extensions ['colcon_pkg']
[0.800s] [34mcolcon.colcon_core.package_identification[0m [1;30mLevel 1[0m _identify(configs) by extension 'colcon_pkg'
[0.800s] [34mcolcon.colcon_core.package_identification[0m [1;30mLevel 1[0m _identify(configs) by extensions ['colcon_meta']
[0.800s] [34mcolcon.colcon_core.package_identification[0m [1;30mLevel 1[0m _identify(configs) by extension 'colcon_meta'
[0.800s] [34mcolcon.colcon_core.package_identification[0m [1;30mLevel 1[0m _identify(configs) by extensions ['ros']
[0.800s] [34mcolcon.colcon_core.package_identification[0m [1;30mLevel 1[0m _identify(configs) by extension 'ros'
[0.800s] [34mcolcon.colcon_core.package_identification[0m [1;30mLevel 1[0m _identify(configs) by extensions ['cmake', 'python']
[0.801s] [34mcolcon.colcon_core.package_identification[0m [1;30mLevel 1[0m _identify(configs) by extension 'cmake'
[0.801s] [34mcolcon.colcon_core.package_identification[0m [1;30mLevel 1[0m _identify(configs) by extension 'python'
[0.801s] [34mcolcon.colcon_core.package_identification[0m [1;30mLevel 1[0m _identify(configs) by extensions ['python_setup_py']
[0.801s] [34mcolcon.colcon_core.package_identification[0m [1;30mLevel 1[0m _identify(configs) by extension 'python_setup_py'
[0.801s] [34mcolcon.colcon_core.package_identification[0m [1;30mLevel 1[0m _identify(distribution) by extensions ['ignore', 'ignore_ament_install']
[0.801s] [34mcolcon.colcon_core.package_identification[0m [1;30mLevel 1[0m _identify(distribution) by extension 'ignore'
[0.801s] [34mcolcon.colcon_core.package_identification[0m [1;30mLevel 1[0m _identify(distribution) by extension 'ignore_ament_install'
[0.801s] [34mcolcon.colcon_core.package_identification[0m [1;30mLevel 1[0m _identify(distribution) by extensions ['colcon_pkg']
[0.801s] [34mcolcon.colcon_core.package_identification[0m [1;30mLevel 1[0m _identify(distribution) by extension 'colcon_pkg'
[0.801s] [34mcolcon.colcon_core.package_identification[0m [1;30mLevel 1[0m _identify(distribution) by extensions ['colcon_meta']
[0.801s] [34mcolcon.colcon_core.package_identification[0m [1;30mLevel 1[0m _identify(distribution) by extension 'colcon_meta'
[0.802s] [34mcolcon.colcon_core.package_identification[0m [1;30mLevel 1[0m _identify(distribution) by extensions ['ros']
[0.802s] [34mcolcon.colcon_core.package_identification[0m [1;30mLevel 1[0m _identify(distribution) by extension 'ros'
[0.802s] [34mcolcon.colcon_core.package_identification[0m [1;30mLevel 1[0m _identify(distribution) by extensions ['cmake', 'python']
[0.802s] [34mcolcon.colcon_core.package_identification[0m [1;30mLevel 1[0m _identify(distribution) by extension 'cmake'
[0.802s] [34mcolcon.colcon_core.package_identification[0m [1;30mLevel 1[0m _identify(distribution) by extension 'python'
[0.802s] [34mcolcon.colcon_core.package_identification[0m [1;30mLevel 1[0m _identify(distribution) by extensions ['python_setup_py']
[0.802s] [34mcolcon.colcon_core.package_identification[0m [1;30mLevel 1[0m _identify(distribution) by extension 'python_setup_py'
[0.802s] [34mcolcon.colcon_core.package_identification[0m [1;30mLevel 1[0m _identify(install) by extensions ['ignore', 'ignore_ament_install']
[0.802s] [34mcolcon.colcon_core.package_identification[0m [1;30mLevel 1[0m _identify(install) by extension 'ignore'
[0.803s] [34mcolcon.colcon_core.package_identification[0m [1;30mLevel 1[0m _identify(install) ignored
[0.803s] [34mcolcon.colcon_core.package_identification[0m [1;30mLevel 1[0m _identify(log) by extensions ['ignore', 'ignore_ament_install']
[0.803s] [34mcolcon.colcon_core.package_identification[0m [1;30mLevel 1[0m _identify(log) by extension 'ignore'
[0.803s] [34mcolcon.colcon_core.package_identification[0m [1;30mLevel 1[0m _identify(log) ignored
[0.803s] [34mcolcon.colcon_core.package_identification[0m [1;30mLevel 1[0m _identify(scripts) by extensions ['ignore', 'ignore_ament_install']
[0.803s] [34mcolcon.colcon_core.package_identification[0m [1;30mLevel 1[0m _identify(scripts) by extension 'ignore'
[0.803s] [34mcolcon.colcon_core.package_identification[0m [1;30mLevel 1[0m _identify(scripts) by extension 'ignore_ament_install'
[0.803s] [34mcolcon.colcon_core.package_identification[0m [1;30mLevel 1[0m _identify(scripts) by extensions ['colcon_pkg']
[0.804s] [34mcolcon.colcon_core.package_identification[0m [1;30mLevel 1[0m _identify(scripts) by extension 'colcon_pkg'
[0.804s] [34mcolcon.colcon_core.package_identification[0m [1;30mLevel 1[0m _identify(scripts) by extensions ['colcon_meta']
[0.804s] [34mcolcon.colcon_core.package_identification[0m [1;30mLevel 1[0m _identify(scripts) by extension 'colcon_meta'
[0.804s] [34mcolcon.colcon_core.package_identification[0m [1;30mLevel 1[0m _identify(scripts) by extensions ['ros']
[0.804s] [34mcolcon.colcon_core.package_identification[0m [1;30mLevel 1[0m _identify(scripts) by extension 'ros'
[0.804s] [34mcolcon.colcon_core.package_identification[0m [1;30mLevel 1[0m _identify(scripts) by extensions ['cmake', 'python']
[0.804s] [34mcolcon.colcon_core.package_identification[0m [1;30mLevel 1[0m _identify(scripts) by extension 'cmake'
[0.804s] [34mcolcon.colcon_core.package_identification[0m [1;30mLevel 1[0m _identify(scripts) by extension 'python'
[0.804s] [34mcolcon.colcon_core.package_identification[0m [1;30mLevel 1[0m _identify(scripts) by extensions ['python_setup_py']
[0.804s] [34mcolcon.colcon_core.package_identification[0m [1;30mLevel 1[0m _identify(scripts) by extension 'python_setup_py'
[0.804s] [34mcolcon.colcon_core.package_identification[0m [1;30mLevel 1[0m _identify(scripts/build) by extensions ['ignore', 'ignore_ament_install']
[0.805s] [34mcolcon.colcon_core.package_identification[0m [1;30mLevel 1[0m _identify(scripts/build) by extension 'ignore'
[0.805s] [34mcolcon.colcon_core.package_identification[0m [1;30mLevel 1[0m _identify(scripts/build) ignored
[0.805s] [34mcolcon.colcon_core.package_identification[0m [1;30mLevel 1[0m _identify(scripts/install) by extensions ['ignore', 'ignore_ament_install']
[0.805s] [34mcolcon.colcon_core.package_identification[0m [1;30mLevel 1[0m _identify(scripts/install) by extension 'ignore'
[0.805s] [34mcolcon.colcon_core.package_identification[0m [1;30mLevel 1[0m _identify(scripts/install) ignored
[0.805s] [34mcolcon.colcon_core.package_identification[0m [1;30mLevel 1[0m _identify(scripts/log) by extensions ['ignore', 'ignore_ament_install']
[0.805s] [34mcolcon.colcon_core.package_identification[0m [1;30mLevel 1[0m _identify(scripts/log) by extension 'ignore'
[0.805s] [34mcolcon.colcon_core.package_identification[0m [1;30mLevel 1[0m _identify(scripts/log) ignored
[0.806s] [34mcolcon.colcon_core.package_identification[0m [1;30mLevel 1[0m _identify(src) by extensions ['ignore', 'ignore_ament_install']
[0.806s] [34mcolcon.colcon_core.package_identification[0m [1;30mLevel 1[0m _identify(src) by extension 'ignore'
[0.806s] [34mcolcon.colcon_core.package_identification[0m [1;30mLevel 1[0m _identify(src) by extension 'ignore_ament_install'
[0.806s] [34mcolcon.colcon_core.package_identification[0m [1;30mLevel 1[0m _identify(src) by extensions ['colcon_pkg']
[0.806s] [34mcolcon.colcon_core.package_identification[0m [1;30mLevel 1[0m _identify(src) by extension 'colcon_pkg'
[0.806s] [34mcolcon.colcon_core.package_identification[0m [1;30mLevel 1[0m _identify(src) by extensions ['colcon_meta']
[0.806s] [34mcolcon.colcon_core.package_identification[0m [1;30mLevel 1[0m _identify(src) by extension 'colcon_meta'
[0.806s] [34mcolcon.colcon_core.package_identification[0m [1;30mLevel 1[0m _identify(src) by extensions ['ros']
[0.806s] [34mcolcon.colcon_core.package_identification[0m [1;30mLevel 1[0m _identify(src) by extension 'ros'
[0.807s] [34mcolcon.colcon_core.package_identification[0m [1;30mLevel 1[0m _identify(src) by extensions ['cmake', 'python']
[0.807s] [34mcolcon.colcon_core.package_identification[0m [1;30mLevel 1[0m _identify(src) by extension 'cmake'
[0.807s] [34mcolcon.colcon_core.package_identification[0m [1;30mLevel 1[0m _identify(src) by extension 'python'
[0.807s] [34mcolcon.colcon_core.package_identification[0m [1;30mLevel 1[0m _identify(src) by extensions ['python_setup_py']
[0.807s] [34mcolcon.colcon_core.package_identification[0m [1;30mLevel 1[0m _identify(src) by extension 'python_setup_py'
[0.807s] [34mcolcon.colcon_core.package_identification[0m [1;30mLevel 1[0m _identify(src/booster_msgs) by extensions ['ignore', 'ignore_ament_install']
[0.807s] [34mcolcon.colcon_core.package_identification[0m [1;30mLevel 1[0m _identify(src/booster_msgs) by extension 'ignore'
[0.807s] [34mcolcon.colcon_core.package_identification[0m [1;30mLevel 1[0m _identify(src/booster_msgs) by extension 'ignore_ament_install'
[0.807s] [34mcolcon.colcon_core.package_identification[0m [1;30mLevel 1[0m _identify(src/booster_msgs) by extensions ['colcon_pkg']
[0.807s] [34mcolcon.colcon_core.package_identification[0m [1;30mLevel 1[0m _identify(src/booster_msgs) by extension 'colcon_pkg'
[0.808s] [34mcolcon.colcon_core.package_identification[0m [1;30mLevel 1[0m _identify(src/booster_msgs) by extensions ['colcon_meta']
[0.808s] [34mcolcon.colcon_core.package_identification[0m [1;30mLevel 1[0m _identify(src/booster_msgs) by extension 'colcon_meta'
[0.808s] [34mcolcon.colcon_core.package_identification[0m [1;30mLevel 1[0m _identify(src/booster_msgs) by extensions ['ros']
[0.808s] [34mcolcon.colcon_core.package_identification[0m [1;30mLevel 1[0m _identify(src/booster_msgs) by extension 'ros'
[0.846s] [34mcolcon.colcon_core.package_identification[0m [1;30mDEBUG[0m [32mPackage 'src/booster_msgs' with type 'ros.ament_cmake' and name 'booster_msgs'[0m
[0.846s] [34mcolcon.colcon_core.package_identification[0m [1;30mLevel 1[0m _identify(src/booster_ros2_interface) by extensions ['ignore', 'ignore_ament_install']
[0.846s] [34mcolcon.colcon_core.package_identification[0m [1;30mLevel 1[0m _identify(src/booster_ros2_interface) by extension 'ignore'
[0.847s] [34mcolcon.colcon_core.package_identification[0m [1;30mLevel 1[0m _identify(src/booster_ros2_interface) by extension 'ignore_ament_install'
[0.847s] [34mcolcon.colcon_core.package_identification[0m [1;30mLevel 1[0m _identify(src/booster_ros2_interface) by extensions ['colcon_pkg']
[0.847s] [34mcolcon.colcon_core.package_identification[0m [1;30mLevel 1[0m _identify(src/booster_ros2_interface) by extension 'colcon_pkg'
[0.847s] [34mcolcon.colcon_core.package_identification[0m [1;30mLevel 1[0m _identify(src/booster_ros2_interface) by extensions ['colcon_meta']
[0.847s] [34mcolcon.colcon_core.package_identification[0m [1;30mLevel 1[0m _identify(src/booster_ros2_interface) by extension 'colcon_meta'
[0.847s] [34mcolcon.colcon_core.package_identification[0m [1;30mLevel 1[0m _identify(src/booster_ros2_interface) by extensions ['ros']
[0.847s] [34mcolcon.colcon_core.package_identification[0m [1;30mLevel 1[0m _identify(src/booster_ros2_interface) by extension 'ros'
[0.849s] [34mcolcon.colcon_core.package_identification[0m [1;30mDEBUG[0m [32mPackage 'src/booster_ros2_interface' with type 'ros.ament_cmake' and name 'booster_interface'[0m
[0.849s] [34mcolcon.colcon_core.package_identification[0m [1;30mLevel 1[0m _identify(src/brain) by extensions ['ignore', 'ignore_ament_install']
[0.849s] [34mcolcon.colcon_core.package_identification[0m [1;30mLevel 1[0m _identify(src/brain) by extension 'ignore'
[0.849s] [34mcolcon.colcon_core.package_identification[0m [1;30mLevel 1[0m _identify(src/brain) by extension 'ignore_ament_install'
[0.849s] [34mcolcon.colcon_core.package_identification[0m [1;30mLevel 1[0m _identify(src/brain) by extensions ['colcon_pkg']
[0.849s] [34mcolcon.colcon_core.package_identification[0m [1;30mLevel 1[0m _identify(src/brain) by extension 'colcon_pkg'
[0.850s] [34mcolcon.colcon_core.package_identification[0m [1;30mLevel 1[0m _identify(src/brain) by extensions ['colcon_meta']
[0.850s] [34mcolcon.colcon_core.package_identification[0m [1;30mLevel 1[0m _identify(src/brain) by extension 'colcon_meta'
[0.850s] [34mcolcon.colcon_core.package_identification[0m [1;30mLevel 1[0m _identify(src/brain) by extensions ['ros']
[0.850s] [34mcolcon.colcon_core.package_identification[0m [1;30mLevel 1[0m _identify(src/brain) by extension 'ros'
[0.852s] [34mcolcon.colcon_core.package_identification[0m [1;30mDEBUG[0m [32mPackage 'src/brain' with type 'ros.ament_cmake' and name 'brain'[0m
[0.853s] [34mcolcon.colcon_core.package_identification[0m [1;30mLevel 1[0m _identify(src/build) by extensions ['ignore', 'ignore_ament_install']
[0.853s] [34mcolcon.colcon_core.package_identification[0m [1;30mLevel 1[0m _identify(src/build) by extension 'ignore'
[0.853s] [34mcolcon.colcon_core.package_identification[0m [1;30mLevel 1[0m _identify(src/build) ignored
[0.853s] [34mcolcon.colcon_core.package_identification[0m [1;30mLevel 1[0m _identify(src/game_controller) by extensions ['ignore', 'ignore_ament_install']
[0.854s] [34mcolcon.colcon_core.package_identification[0m [1;30mLevel 1[0m _identify(src/game_controller) by extension 'ignore'
[0.854s] [34mcolcon.colcon_core.package_identification[0m [1;30mLevel 1[0m _identify(src/game_controller) by extension 'ignore_ament_install'
[0.854s] [34mcolcon.colcon_core.package_identification[0m [1;30mLevel 1[0m _identify(src/game_controller) by extensions ['colcon_pkg']
[0.854s] [34mcolcon.colcon_core.package_identification[0m [1;30mLevel 1[0m _identify(src/game_controller) by extension 'colcon_pkg'
[0.854s] [34mcolcon.colcon_core.package_identification[0m [1;30mLevel 1[0m _identify(src/game_controller) by extensions ['colcon_meta']
[0.854s] [34mcolcon.colcon_core.package_identification[0m [1;30mLevel 1[0m _identify(src/game_controller) by extension 'colcon_meta'
[0.854s] [34mcolcon.colcon_core.package_identification[0m [1;30mLevel 1[0m _identify(src/game_controller) by extensions ['ros']
[0.854s] [34mcolcon.colcon_core.package_identification[0m [1;30mLevel 1[0m _identify(src/game_controller) by extension 'ros'
[0.856s] [34mcolcon.colcon_core.package_identification[0m [1;30mDEBUG[0m [32mPackage 'src/game_controller' with type 'ros.ament_cmake' and name 'game_controller'[0m
[0.856s] [34mcolcon.colcon_core.package_identification[0m [1;30mLevel 1[0m _identify(src/install) by extensions ['ignore', 'ignore_ament_install']
[0.856s] [34mcolcon.colcon_core.package_identification[0m [1;30mLevel 1[0m _identify(src/install) by extension 'ignore'
[0.856s] [34mcolcon.colcon_core.package_identification[0m [1;30mLevel 1[0m _identify(src/install) ignored
[0.857s] [34mcolcon.colcon_core.package_identification[0m [1;30mLevel 1[0m _identify(src/log) by extensions ['ignore', 'ignore_ament_install']
[0.857s] [34mcolcon.colcon_core.package_identification[0m [1;30mLevel 1[0m _identify(src/log) by extension 'ignore'
[0.857s] [34mcolcon.colcon_core.package_identification[0m [1;30mLevel 1[0m _identify(src/log) ignored
[0.857s] [34mcolcon.colcon_core.package_identification[0m [1;30mLevel 1[0m _identify(src/robocup_ros2_interface) by extensions ['ignore', 'ignore_ament_install']
[0.857s] [34mcolcon.colcon_core.package_identification[0m [1;30mLevel 1[0m _identify(src/robocup_ros2_interface) by extension 'ignore'
[0.857s] [34mcolcon.colcon_core.package_identification[0m [1;30mLevel 1[0m _identify(src/robocup_ros2_interface) by extension 'ignore_ament_install'
[0.857s] [34mcolcon.colcon_core.package_identification[0m [1;30mLevel 1[0m _identify(src/robocup_ros2_interface) by extensions ['colcon_pkg']
[0.857s] [34mcolcon.colcon_core.package_identification[0m [1;30mLevel 1[0m _identify(src/robocup_ros2_interface) by extension 'colcon_pkg'
[0.858s] [34mcolcon.colcon_core.package_identification[0m [1;30mLevel 1[0m _identify(src/robocup_ros2_interface) by extensions ['colcon_meta']
[0.858s] [34mcolcon.colcon_core.package_identification[0m [1;30mLevel 1[0m _identify(src/robocup_ros2_interface) by extension 'colcon_meta'
[0.858s] [34mcolcon.colcon_core.package_identification[0m [1;30mLevel 1[0m _identify(src/robocup_ros2_interface) by extensions ['ros']
[0.858s] [34mcolcon.colcon_core.package_identification[0m [1;30mLevel 1[0m _identify(src/robocup_ros2_interface) by extension 'ros'
[0.858s] [34mcolcon.colcon_core.package_identification[0m [1;30mLevel 1[0m _identify(src/robocup_ros2_interface) by extensions ['cmake', 'python']
[0.858s] [34mcolcon.colcon_core.package_identification[0m [1;30mLevel 1[0m _identify(src/robocup_ros2_interface) by extension 'cmake'
[0.858s] [34mcolcon.colcon_core.package_identification[0m [1;30mLevel 1[0m _identify(src/robocup_ros2_interface) by extension 'python'
[0.858s] [34mcolcon.colcon_core.package_identification[0m [1;30mLevel 1[0m _identify(src/robocup_ros2_interface) by extensions ['python_setup_py']
[0.858s] [34mcolcon.colcon_core.package_identification[0m [1;30mLevel 1[0m _identify(src/robocup_ros2_interface) by extension 'python_setup_py'
[0.859s] [34mcolcon.colcon_core.package_identification[0m [1;30mLevel 1[0m _identify(src/robocup_ros2_interface/src) by extensions ['ignore', 'ignore_ament_install']
[0.859s] [34mcolcon.colcon_core.package_identification[0m [1;30mLevel 1[0m _identify(src/robocup_ros2_interface/src) by extension 'ignore'
[0.859s] [34mcolcon.colcon_core.package_identification[0m [1;30mLevel 1[0m _identify(src/robocup_ros2_interface/src) by extension 'ignore_ament_install'
[0.859s] [34mcolcon.colcon_core.package_identification[0m [1;30mLevel 1[0m _identify(src/robocup_ros2_interface/src) by extensions ['colcon_pkg']
[0.859s] [34mcolcon.colcon_core.package_identification[0m [1;30mLevel 1[0m _identify(src/robocup_ros2_interface/src) by extension 'colcon_pkg'
[0.859s] [34mcolcon.colcon_core.package_identification[0m [1;30mLevel 1[0m _identify(src/robocup_ros2_interface/src) by extensions ['colcon_meta']
[0.859s] [34mcolcon.colcon_core.package_identification[0m [1;30mLevel 1[0m _identify(src/robocup_ros2_interface/src) by extension 'colcon_meta'
[0.859s] [34mcolcon.colcon_core.package_identification[0m [1;30mLevel 1[0m _identify(src/robocup_ros2_interface/src) by extensions ['ros']
[0.859s] [34mcolcon.colcon_core.package_identification[0m [1;30mLevel 1[0m _identify(src/robocup_ros2_interface/src) by extension 'ros'
[0.859s] [34mcolcon.colcon_core.package_identification[0m [1;30mLevel 1[0m _identify(src/robocup_ros2_interface/src) by extensions ['cmake', 'python']
[0.859s] [34mcolcon.colcon_core.package_identification[0m [1;30mLevel 1[0m _identify(src/robocup_ros2_interface/src) by extension 'cmake'
[0.860s] [34mcolcon.colcon_core.package_identification[0m [1;30mLevel 1[0m _identify(src/robocup_ros2_interface/src) by extension 'python'
[0.860s] [34mcolcon.colcon_core.package_identification[0m [1;30mLevel 1[0m _identify(src/robocup_ros2_interface/src) by extensions ['python_setup_py']
[0.860s] [34mcolcon.colcon_core.package_identification[0m [1;30mLevel 1[0m _identify(src/robocup_ros2_interface/src) by extension 'python_setup_py'
[0.860s] [34mcolcon.colcon_core.package_identification[0m [1;30mLevel 1[0m _identify(src/robocup_ros2_interface/src/game_controller_interface) by extensions ['ignore', 'ignore_ament_install']
[0.860s] [34mcolcon.colcon_core.package_identification[0m [1;30mLevel 1[0m _identify(src/robocup_ros2_interface/src/game_controller_interface) by extension 'ignore'
[0.860s] [34mcolcon.colcon_core.package_identification[0m [1;30mLevel 1[0m _identify(src/robocup_ros2_interface/src/game_controller_interface) by extension 'ignore_ament_install'
[0.860s] [34mcolcon.colcon_core.package_identification[0m [1;30mLevel 1[0m _identify(src/robocup_ros2_interface/src/game_controller_interface) by extensions ['colcon_pkg']
[0.860s] [34mcolcon.colcon_core.package_identification[0m [1;30mLevel 1[0m _identify(src/robocup_ros2_interface/src/game_controller_interface) by extension 'colcon_pkg'
[0.860s] [34mcolcon.colcon_core.package_identification[0m [1;30mLevel 1[0m _identify(src/robocup_ros2_interface/src/game_controller_interface) by extensions ['colcon_meta']
[0.860s] [34mcolcon.colcon_core.package_identification[0m [1;30mLevel 1[0m _identify(src/robocup_ros2_interface/src/game_controller_interface) by extension 'colcon_meta'
[0.861s] [34mcolcon.colcon_core.package_identification[0m [1;30mLevel 1[0m _identify(src/robocup_ros2_interface/src/game_controller_interface) by extensions ['ros']
[0.861s] [34mcolcon.colcon_core.package_identification[0m [1;30mLevel 1[0m _identify(src/robocup_ros2_interface/src/game_controller_interface) by extension 'ros'
[0.862s] [34mcolcon.colcon_core.package_identification[0m [1;30mDEBUG[0m [32mPackage 'src/robocup_ros2_interface/src/game_controller_interface' with type 'ros.ament_cmake' and name 'game_controller_interface'[0m
[0.862s] [34mcolcon.colcon_core.package_identification[0m [1;30mLevel 1[0m _identify(src/robocup_ros2_interface/src/vision_interface) by extensions ['ignore', 'ignore_ament_install']
[0.863s] [34mcolcon.colcon_core.package_identification[0m [1;30mLevel 1[0m _identify(src/robocup_ros2_interface/src/vision_interface) by extension 'ignore'
[0.863s] [34mcolcon.colcon_core.package_identification[0m [1;30mLevel 1[0m _identify(src/robocup_ros2_interface/src/vision_interface) by extension 'ignore_ament_install'
[0.863s] [34mcolcon.colcon_core.package_identification[0m [1;30mLevel 1[0m _identify(src/robocup_ros2_interface/src/vision_interface) by extensions ['colcon_pkg']
[0.863s] [34mcolcon.colcon_core.package_identification[0m [1;30mLevel 1[0m _identify(src/robocup_ros2_interface/src/vision_interface) by extension 'colcon_pkg'
[0.863s] [34mcolcon.colcon_core.package_identification[0m [1;30mLevel 1[0m _identify(src/robocup_ros2_interface/src/vision_interface) by extensions ['colcon_meta']
[0.863s] [34mcolcon.colcon_core.package_identification[0m [1;30mLevel 1[0m _identify(src/robocup_ros2_interface/src/vision_interface) by extension 'colcon_meta'
[0.863s] [34mcolcon.colcon_core.package_identification[0m [1;30mLevel 1[0m _identify(src/robocup_ros2_interface/src/vision_interface) by extensions ['ros']
[0.863s] [34mcolcon.colcon_core.package_identification[0m [1;30mLevel 1[0m _identify(src/robocup_ros2_interface/src/vision_interface) by extension 'ros'
[0.865s] [34mcolcon.colcon_core.package_identification[0m [1;30mDEBUG[0m [32mPackage 'src/robocup_ros2_interface/src/vision_interface' with type 'ros.ament_cmake' and name 'vision_interface'[0m
[0.865s] [34mcolcon.colcon_core.package_identification[0m [1;30mLevel 1[0m _identify(src/sound_play) by extensions ['ignore', 'ignore_ament_install']
[0.865s] [34mcolcon.colcon_core.package_identification[0m [1;30mLevel 1[0m _identify(src/sound_play) by extension 'ignore'
[0.865s] [34mcolcon.colcon_core.package_identification[0m [1;30mLevel 1[0m _identify(src/sound_play) by extension 'ignore_ament_install'
[0.866s] [34mcolcon.colcon_core.package_identification[0m [1;30mLevel 1[0m _identify(src/sound_play) by extensions ['colcon_pkg']
[0.866s] [34mcolcon.colcon_core.package_identification[0m [1;30mLevel 1[0m _identify(src/sound_play) by extension 'colcon_pkg'
[0.866s] [34mcolcon.colcon_core.package_identification[0m [1;30mLevel 1[0m _identify(src/sound_play) by extensions ['colcon_meta']
[0.866s] [34mcolcon.colcon_core.package_identification[0m [1;30mLevel 1[0m _identify(src/sound_play) by extension 'colcon_meta'
[0.866s] [34mcolcon.colcon_core.package_identification[0m [1;30mLevel 1[0m _identify(src/sound_play) by extensions ['ros']
[0.866s] [34mcolcon.colcon_core.package_identification[0m [1;30mLevel 1[0m _identify(src/sound_play) by extension 'ros'
[0.867s] [34mcolcon.colcon_core.package_identification[0m [1;30mDEBUG[0m [32mPackage 'src/sound_play' with type 'ros.ament_python' and name 'sound_play'[0m
[0.868s] [34mcolcon.colcon_core.package_identification[0m [1;30mLevel 1[0m _identify(src/vision) by extensions ['ignore', 'ignore_ament_install']
[0.868s] [34mcolcon.colcon_core.package_identification[0m [1;30mLevel 1[0m _identify(src/vision) by extension 'ignore'
[0.868s] [34mcolcon.colcon_core.package_identification[0m [1;30mLevel 1[0m _identify(src/vision) by extension 'ignore_ament_install'
[0.868s] [34mcolcon.colcon_core.package_identification[0m [1;30mLevel 1[0m _identify(src/vision) by extensions ['colcon_pkg']
[0.868s] [34mcolcon.colcon_core.package_identification[0m [1;30mLevel 1[0m _identify(src/vision) by extension 'colcon_pkg'
[0.868s] [34mcolcon.colcon_core.package_identification[0m [1;30mLevel 1[0m _identify(src/vision) by extensions ['colcon_meta']
[0.868s] [34mcolcon.colcon_core.package_identification[0m [1;30mLevel 1[0m _identify(src/vision) by extension 'colcon_meta'
[0.868s] [34mcolcon.colcon_core.package_identification[0m [1;30mLevel 1[0m _identify(src/vision) by extensions ['ros']
[0.868s] [34mcolcon.colcon_core.package_identification[0m [1;30mLevel 1[0m _identify(src/vision) by extension 'ros'
[0.870s] [34mcolcon.colcon_core.package_identification[0m [1;30mDEBUG[0m [32mPackage 'src/vision' with type 'ros.ament_cmake' and name 'vision'[0m
[0.871s] [34mcolcon.colcon_core.package_identification[0m [1;30mLevel 1[0m _identify(utils) by extensions ['ignore', 'ignore_ament_install']
[0.871s] [34mcolcon.colcon_core.package_identification[0m [1;30mLevel 1[0m _identify(utils) by extension 'ignore'
[0.871s] [34mcolcon.colcon_core.package_identification[0m [1;30mLevel 1[0m _identify(utils) by extension 'ignore_ament_install'
[0.871s] [34mcolcon.colcon_core.package_identification[0m [1;30mLevel 1[0m _identify(utils) by extensions ['colcon_pkg']
[0.871s] [34mcolcon.colcon_core.package_identification[0m [1;30mLevel 1[0m _identify(utils) by extension 'colcon_pkg'
[0.871s] [34mcolcon.colcon_core.package_identification[0m [1;30mLevel 1[0m _identify(utils) by extensions ['colcon_meta']
[0.871s] [34mcolcon.colcon_core.package_identification[0m [1;30mLevel 1[0m _identify(utils) by extension 'colcon_meta'
[0.871s] [34mcolcon.colcon_core.package_identification[0m [1;30mLevel 1[0m _identify(utils) by extensions ['ros']
[0.871s] [34mcolcon.colcon_core.package_identification[0m [1;30mLevel 1[0m _identify(utils) by extension 'ros'
[0.872s] [34mcolcon.colcon_core.package_identification[0m [1;30mLevel 1[0m _identify(utils) by extensions ['cmake', 'python']
[0.872s] [34mcolcon.colcon_core.package_identification[0m [1;30mLevel 1[0m _identify(utils) by extension 'cmake'
[0.872s] [34mcolcon.colcon_core.package_identification[0m [1;30mLevel 1[0m _identify(utils) by extension 'python'
[0.872s] [34mcolcon.colcon_core.package_identification[0m [1;30mLevel 1[0m _identify(utils) by extensions ['python_setup_py']
[0.872s] [34mcolcon.colcon_core.package_identification[0m [1;30mLevel 1[0m _identify(utils) by extension 'python_setup_py'
[0.872s] [34mcolcon.colcon_core.package_identification[0m [1;30mLevel 1[0m _identify(utils/service) by extensions ['ignore', 'ignore_ament_install']
[0.872s] [34mcolcon.colcon_core.package_identification[0m [1;30mLevel 1[0m _identify(utils/service) by extension 'ignore'
[0.872s] [34mcolcon.colcon_core.package_identification[0m [1;30mLevel 1[0m _identify(utils/service) by extension 'ignore_ament_install'
[0.873s] [34mcolcon.colcon_core.package_identification[0m [1;30mLevel 1[0m _identify(utils/service) by extensions ['colcon_pkg']
[0.873s] [34mcolcon.colcon_core.package_identification[0m [1;30mLevel 1[0m _identify(utils/service) by extension 'colcon_pkg'
[0.873s] [34mcolcon.colcon_core.package_identification[0m [1;30mLevel 1[0m _identify(utils/service) by extensions ['colcon_meta']
[0.873s] [34mcolcon.colcon_core.package_identification[0m [1;30mLevel 1[0m _identify(utils/service) by extension 'colcon_meta'
[0.873s] [34mcolcon.colcon_core.package_identification[0m [1;30mLevel 1[0m _identify(utils/service) by extensions ['ros']
[0.873s] [34mcolcon.colcon_core.package_identification[0m [1;30mLevel 1[0m _identify(utils/service) by extension 'ros'
[0.873s] [34mcolcon.colcon_core.package_identification[0m [1;30mLevel 1[0m _identify(utils/service) by extensions ['cmake', 'python']
[0.873s] [34mcolcon.colcon_core.package_identification[0m [1;30mLevel 1[0m _identify(utils/service) by extension 'cmake'
[0.873s] [34mcolcon.colcon_core.package_identification[0m [1;30mLevel 1[0m _identify(utils/service) by extension 'python'
[0.873s] [34mcolcon.colcon_core.package_identification[0m [1;30mLevel 1[0m _identify(utils/service) by extensions ['python_setup_py']
[0.873s] [34mcolcon.colcon_core.package_identification[0m [1;30mLevel 1[0m _identify(utils/service) by extension 'python_setup_py'
[0.873s] [34mcolcon.colcon_core.package_discovery[0m [1;30mLevel 1[0m discover_packages(recursive) using defaults
[0.874s] [34mcolcon.colcon_core.package_discovery[0m [1;30mLevel 1[0m discover_packages(ignore) discover
[0.874s] [34mcolcon.colcon_core.package_discovery[0m [1;30mLevel 1[0m discover_packages(ignore) using defaults
[0.874s] [34mcolcon.colcon_core.package_discovery[0m [1;30mLevel 1[0m discover_packages(path) discover
[0.874s] [34mcolcon.colcon_core.package_discovery[0m [1;30mLevel 1[0m discover_packages(path) using defaults
[0.912s] [34mcolcon.colcon_core.package_discovery[0m [1;30mLevel 1[0m discover_packages(prefix_path) check parameters
[0.912s] [34mcolcon.colcon_core.package_discovery[0m [1;30mLevel 1[0m discover_packages(prefix_path) discover
[0.917s] [34mcolcon.colcon_installed_package_information.package_discovery[0m [1;30mDEBUG[0m [32mFound 281 installed packages in /opt/ros/humble[0m
[0.919s] [34mcolcon.colcon_core.package_discovery[0m [1;30mLevel 1[0m discover_packages(prefix_path) using defaults
[0.980s] [34mcolcon.colcon_core.verb[0m [1;30mLevel 5[0m set package 'booster_interface' build argument 'cmake_args' from command line to 'None'
[0.980s] [34mcolcon.colcon_core.verb[0m [1;30mLevel 5[0m set package 'booster_interface' build argument 'cmake_target' from command line to 'None'
[0.980s] [34mcolcon.colcon_core.verb[0m [1;30mLevel 5[0m set package 'booster_interface' build argument 'cmake_target_skip_unavailable' from command line to 'False'
[0.980s] [34mcolcon.colcon_core.verb[0m [1;30mLevel 5[0m set package 'booster_interface' build argument 'cmake_clean_cache' from command line to 'False'
[0.980s] [34mcolcon.colcon_core.verb[0m [1;30mLevel 5[0m set package 'booster_interface' build argument 'cmake_clean_first' from command line to 'False'
[0.980s] [34mcolcon.colcon_core.verb[0m [1;30mLevel 5[0m set package 'booster_interface' build argument 'cmake_force_configure' from command line to 'False'
[0.980s] [34mcolcon.colcon_core.verb[0m [1;30mLevel 5[0m set package 'booster_interface' build argument 'ament_cmake_args' from command line to 'None'
[0.980s] [34mcolcon.colcon_core.verb[0m [1;30mLevel 5[0m set package 'booster_interface' build argument 'catkin_cmake_args' from command line to 'None'
[0.980s] [34mcolcon.colcon_core.verb[0m [1;30mLevel 5[0m set package 'booster_interface' build argument 'catkin_skip_building_tests' from command line to 'False'
[0.980s] [34mcolcon.colcon_core.verb[0m [1;30mDEBUG[0m [32mBuilding package 'booster_interface' with the following arguments: {'ament_cmake_args': None, 'build_base': '/home/booster/Workspace/Booster_T1_3v3_Demo/build/booster_interface', 'catkin_cmake_args': None, 'catkin_skip_building_tests': False, 'cmake_args': None, 'cmake_clean_cache': False, 'cmake_clean_first': False, 'cmake_force_configure': False, 'cmake_target': None, 'cmake_target_skip_unavailable': False, 'install_base': '/home/booster/Workspace/Booster_T1_3v3_Demo/install/booster_interface', 'merge_install': False, 'path': '/home/booster/Workspace/Booster_T1_3v3_Demo/src/booster_ros2_interface', 'symlink_install': True, 'test_result_base': None}[0m
[0.981s] [34mcolcon.colcon_core.verb[0m [1;30mLevel 5[0m set package 'booster_msgs' build argument 'cmake_args' from command line to 'None'
[0.981s] [34mcolcon.colcon_core.verb[0m [1;30mLevel 5[0m set package 'booster_msgs' build argument 'cmake_target' from command line to 'None'
[0.981s] [34mcolcon.colcon_core.verb[0m [1;30mLevel 5[0m set package 'booster_msgs' build argument 'cmake_target_skip_unavailable' from command line to 'False'
[0.981s] [34mcolcon.colcon_core.verb[0m [1;30mLevel 5[0m set package 'booster_msgs' build argument 'cmake_clean_cache' from command line to 'False'
[0.981s] [34mcolcon.colcon_core.verb[0m [1;30mLevel 5[0m set package 'booster_msgs' build argument 'cmake_clean_first' from command line to 'False'
[0.981s] [34mcolcon.colcon_core.verb[0m [1;30mLevel 5[0m set package 'booster_msgs' build argument 'cmake_force_configure' from command line to 'False'
[0.981s] [34mcolcon.colcon_core.verb[0m [1;30mLevel 5[0m set package 'booster_msgs' build argument 'ament_cmake_args' from command line to 'None'
[0.981s] [34mcolcon.colcon_core.verb[0m [1;30mLevel 5[0m set package 'booster_msgs' build argument 'catkin_cmake_args' from command line to 'None'
[0.982s] [34mcolcon.colcon_core.verb[0m [1;30mLevel 5[0m set package 'booster_msgs' build argument 'catkin_skip_building_tests' from command line to 'False'
[0.982s] [34mcolcon.colcon_core.verb[0m [1;30mDEBUG[0m [32mBuilding package 'booster_msgs' with the following arguments: {'ament_cmake_args': None, 'build_base': '/home/booster/Workspace/Booster_T1_3v3_Demo/build/booster_msgs', 'catkin_cmake_args': None, 'catkin_skip_building_tests': False, 'cmake_args': None, 'cmake_clean_cache': False, 'cmake_clean_first': False, 'cmake_force_configure': False, 'cmake_target': None, 'cmake_target_skip_unavailable': False, 'install_base': '/home/booster/Workspace/Booster_T1_3v3_Demo/install/booster_msgs', 'merge_install': False, 'path': '/home/booster/Workspace/Booster_T1_3v3_Demo/src/booster_msgs', 'symlink_install': True, 'test_result_base': None}[0m
[0.982s] [34mcolcon.colcon_core.verb[0m [1;30mLevel 5[0m set package 'game_controller_interface' build argument 'cmake_args' from command line to 'None'
[0.982s] [34mcolcon.colcon_core.verb[0m [1;30mLevel 5[0m set package 'game_controller_interface' build argument 'cmake_target' from command line to 'None'
[0.982s] [34mcolcon.colcon_core.verb[0m [1;30mLevel 5[0m set package 'game_controller_interface' build argument 'cmake_target_skip_unavailable' from command line to 'False'
[0.982s] [34mcolcon.colcon_core.verb[0m [1;30mLevel 5[0m set package 'game_controller_interface' build argument 'cmake_clean_cache' from command line to 'False'
[0.982s] [34mcolcon.colcon_core.verb[0m [1;30mLevel 5[0m set package 'game_controller_interface' build argument 'cmake_clean_first' from command line to 'False'
[0.982s] [34mcolcon.colcon_core.verb[0m [1;30mLevel 5[0m set package 'game_controller_interface' build argument 'cmake_force_configure' from command line to 'False'
[0.982s] [34mcolcon.colcon_core.verb[0m [1;30mLevel 5[0m set package 'game_controller_interface' build argument 'ament_cmake_args' from command line to 'None'
[0.982s] [34mcolcon.colcon_core.verb[0m [1;30mLevel 5[0m set package 'game_controller_interface' build argument 'catkin_cmake_args' from command line to 'None'
[0.982s] [34mcolcon.colcon_core.verb[0m [1;30mLevel 5[0m set package 'game_controller_interface' build argument 'catkin_skip_building_tests' from command line to 'False'
[0.983s] [34mcolcon.colcon_core.verb[0m [1;30mDEBUG[0m [32mBuilding package 'game_controller_interface' with the following arguments: {'ament_cmake_args': None, 'build_base': '/home/booster/Workspace/Booster_T1_3v3_Demo/build/game_controller_interface', 'catkin_cmake_args': None, 'catkin_skip_building_tests': False, 'cmake_args': None, 'cmake_clean_cache': False, 'cmake_clean_first': False, 'cmake_force_configure': False, 'cmake_target': None, 'cmake_target_skip_unavailable': False, 'install_base': '/home/booster/Workspace/Booster_T1_3v3_Demo/install/game_controller_interface', 'merge_install': False, 'path': '/home/booster/Workspace/Booster_T1_3v3_Demo/src/robocup_ros2_interface/src/game_controller_interface', 'symlink_install': True, 'test_result_base': None}[0m
[0.983s] [34mcolcon.colcon_core.verb[0m [1;30mLevel 5[0m set package 'sound_play' build argument 'cmake_args' from command line to 'None'
[0.983s] [34mcolcon.colcon_core.verb[0m [1;30mLevel 5[0m set package 'sound_play' build argument 'cmake_target' from command line to 'None'
[0.983s] [34mcolcon.colcon_core.verb[0m [1;30mLevel 5[0m set package 'sound_play' build argument 'cmake_target_skip_unavailable' from command line to 'False'
[0.983s] [34mcolcon.colcon_core.verb[0m [1;30mLevel 5[0m set package 'sound_play' build argument 'cmake_clean_cache' from command line to 'False'
[0.983s] [34mcolcon.colcon_core.verb[0m [1;30mLevel 5[0m set package 'sound_play' build argument 'cmake_clean_first' from command line to 'False'
[0.983s] [34mcolcon.colcon_core.verb[0m [1;30mLevel 5[0m set package 'sound_play' build argument 'cmake_force_configure' from command line to 'False'
[0.983s] [34mcolcon.colcon_core.verb[0m [1;30mLevel 5[0m set package 'sound_play' build argument 'ament_cmake_args' from command line to 'None'
[0.983s] [34mcolcon.colcon_core.verb[0m [1;30mLevel 5[0m set package 'sound_play' build argument 'catkin_cmake_args' from command line to 'None'
[0.983s] [34mcolcon.colcon_core.verb[0m [1;30mLevel 5[0m set package 'sound_play' build argument 'catkin_skip_building_tests' from command line to 'False'
[0.984s] [34mcolcon.colcon_core.verb[0m [1;30mDEBUG[0m [32mBuilding package 'sound_play' with the following arguments: {'ament_cmake_args': None, 'build_base': '/home/booster/Workspace/Booster_T1_3v3_Demo/build/sound_play', 'catkin_cmake_args': None, 'catkin_skip_building_tests': False, 'cmake_args': None, 'cmake_clean_cache': False, 'cmake_clean_first': False, 'cmake_force_configure': False, 'cmake_target': None, 'cmake_target_skip_unavailable': False, 'install_base': '/home/booster/Workspace/Booster_T1_3v3_Demo/install/sound_play', 'merge_install': False, 'path': '/home/booster/Workspace/Booster_T1_3v3_Demo/src/sound_play', 'symlink_install': True, 'test_result_base': None}[0m
[0.984s] [34mcolcon.colcon_core.verb[0m [1;30mLevel 5[0m set package 'vision_interface' build argument 'cmake_args' from command line to 'None'
[0.984s] [34mcolcon.colcon_core.verb[0m [1;30mLevel 5[0m set package 'vision_interface' build argument 'cmake_target' from command line to 'None'
[0.984s] [34mcolcon.colcon_core.verb[0m [1;30mLevel 5[0m set package 'vision_interface' build argument 'cmake_target_skip_unavailable' from command line to 'False'
[0.984s] [34mcolcon.colcon_core.verb[0m [1;30mLevel 5[0m set package 'vision_interface' build argument 'cmake_clean_cache' from command line to 'False'
[0.984s] [34mcolcon.colcon_core.verb[0m [1;30mLevel 5[0m set package 'vision_interface' build argument 'cmake_clean_first' from command line to 'False'
[0.984s] [34mcolcon.colcon_core.verb[0m [1;30mLevel 5[0m set package 'vision_interface' build argument 'cmake_force_configure' from command line to 'False'
[0.984s] [34mcolcon.colcon_core.verb[0m [1;30mLevel 5[0m set package 'vision_interface' build argument 'ament_cmake_args' from command line to 'None'
[0.984s] [34mcolcon.colcon_core.verb[0m [1;30mLevel 5[0m set package 'vision_interface' build argument 'catkin_cmake_args' from command line to 'None'
[0.984s] [34mcolcon.colcon_core.verb[0m [1;30mLevel 5[0m set package 'vision_interface' build argument 'catkin_skip_building_tests' from command line to 'False'
[0.984s] [34mcolcon.colcon_core.verb[0m [1;30mDEBUG[0m [32mBuilding package 'vision_interface' with the following arguments: {'ament_cmake_args': None, 'build_base': '/home/booster/Workspace/Booster_T1_3v3_Demo/build/vision_interface', 'catkin_cmake_args': None, 'catkin_skip_building_tests': False, 'cmake_args': None, 'cmake_clean_cache': False, 'cmake_clean_first': False, 'cmake_force_configure': False, 'cmake_target': None, 'cmake_target_skip_unavailable': False, 'install_base': '/home/booster/Workspace/Booster_T1_3v3_Demo/install/vision_interface', 'merge_install': False, 'path': '/home/booster/Workspace/Booster_T1_3v3_Demo/src/robocup_ros2_interface/src/vision_interface', 'symlink_install': True, 'test_result_base': None}[0m
[0.985s] [34mcolcon.colcon_core.verb[0m [1;30mLevel 5[0m set package 'brain' build argument 'cmake_args' from command line to 'None'
[0.985s] [34mcolcon.colcon_core.verb[0m [1;30mLevel 5[0m set package 'brain' build argument 'cmake_target' from command line to 'None'
[0.985s] [34mcolcon.colcon_core.verb[0m [1;30mLevel 5[0m set package 'brain' build argument 'cmake_target_skip_unavailable' from command line to 'False'
[0.985s] [34mcolcon.colcon_core.verb[0m [1;30mLevel 5[0m set package 'brain' build argument 'cmake_clean_cache' from command line to 'False'
[0.985s] [34mcolcon.colcon_core.verb[0m [1;30mLevel 5[0m set package 'brain' build argument 'cmake_clean_first' from command line to 'False'
[0.985s] [34mcolcon.colcon_core.verb[0m [1;30mLevel 5[0m set package 'brain' build argument 'cmake_force_configure' from command line to 'False'
[0.985s] [34mcolcon.colcon_core.verb[0m [1;30mLevel 5[0m set package 'brain' build argument 'ament_cmake_args' from command line to 'None'
[0.985s] [34mcolcon.colcon_core.verb[0m [1;30mLevel 5[0m set package 'brain' build argument 'catkin_cmake_args' from command line to 'None'
[0.985s] [34mcolcon.colcon_core.verb[0m [1;30mLevel 5[0m set package 'brain' build argument 'catkin_skip_building_tests' from command line to 'False'
[0.985s] [34mcolcon.colcon_core.verb[0m [1;30mDEBUG[0m [32mBuilding package 'brain' with the following arguments: {'ament_cmake_args': None, 'build_base': '/home/booster/Workspace/Booster_T1_3v3_Demo/build/brain', 'catkin_cmake_args': None, 'catkin_skip_building_tests': False, 'cmake_args': None, 'cmake_clean_cache': False, 'cmake_clean_first': False, 'cmake_force_configure': False, 'cmake_target': None, 'cmake_target_skip_unavailable': False, 'install_base': '/home/booster/Workspace/Booster_T1_3v3_Demo/install/brain', 'merge_install': False, 'path': '/home/booster/Workspace/Booster_T1_3v3_Demo/src/brain', 'symlink_install': True, 'test_result_base': None}[0m
[0.986s] [34mcolcon.colcon_core.verb[0m [1;30mLevel 5[0m set package 'game_controller' build argument 'cmake_args' from command line to 'None'
[0.986s] [34mcolcon.colcon_core.verb[0m [1;30mLevel 5[0m set package 'game_controller' build argument 'cmake_target' from command line to 'None'
[0.986s] [34mcolcon.colcon_core.verb[0m [1;30mLevel 5[0m set package 'game_controller' build argument 'cmake_target_skip_unavailable' from command line to 'False'
[0.986s] [34mcolcon.colcon_core.verb[0m [1;30mLevel 5[0m set package 'game_controller' build argument 'cmake_clean_cache' from command line to 'False'
[0.986s] [34mcolcon.colcon_core.verb[0m [1;30mLevel 5[0m set package 'game_controller' build argument 'cmake_clean_first' from command line to 'False'
[0.986s] [34mcolcon.colcon_core.verb[0m [1;30mLevel 5[0m set package 'game_controller' build argument 'cmake_force_configure' from command line to 'False'
[0.986s] [34mcolcon.colcon_core.verb[0m [1;30mLevel 5[0m set package 'game_controller' build argument 'ament_cmake_args' from command line to 'None'
[0.986s] [34mcolcon.colcon_core.verb[0m [1;30mLevel 5[0m set package 'game_controller' build argument 'catkin_cmake_args' from command line to 'None'
[0.986s] [34mcolcon.colcon_core.verb[0m [1;30mLevel 5[0m set package 'game_controller' build argument 'catkin_skip_building_tests' from command line to 'False'
[0.986s] [34mcolcon.colcon_core.verb[0m [1;30mDEBUG[0m [32mBuilding package 'game_controller' with the following arguments: {'ament_cmake_args': None, 'build_base': '/home/booster/Workspace/Booster_T1_3v3_Demo/build/game_controller', 'catkin_cmake_args': None, 'catkin_skip_building_tests': False, 'cmake_args': None, 'cmake_clean_cache': False, 'cmake_clean_first': False, 'cmake_force_configure': False, 'cmake_target': None, 'cmake_target_skip_unavailable': False, 'install_base': '/home/booster/Workspace/Booster_T1_3v3_Demo/install/game_controller', 'merge_install': False, 'path': '/home/booster/Workspace/Booster_T1_3v3_Demo/src/game_controller', 'symlink_install': True, 'test_result_base': None}[0m
[0.987s] [34mcolcon.colcon_core.verb[0m [1;30mLevel 5[0m set package 'vision' build argument 'cmake_args' from command line to 'None'
[0.987s] [34mcolcon.colcon_core.verb[0m [1;30mLevel 5[0m set package 'vision' build argument 'cmake_target' from command line to 'None'
[0.987s] [34mcolcon.colcon_core.verb[0m [1;30mLevel 5[0m set package 'vision' build argument 'cmake_target_skip_unavailable' from command line to 'False'
[0.987s] [34mcolcon.colcon_core.verb[0m [1;30mLevel 5[0m set package 'vision' build argument 'cmake_clean_cache' from command line to 'False'
[0.987s] [34mcolcon.colcon_core.verb[0m [1;30mLevel 5[0m set package 'vision' build argument 'cmake_clean_first' from command line to 'False'
[0.987s] [34mcolcon.colcon_core.verb[0m [1;30mLevel 5[0m set package 'vision' build argument 'cmake_force_configure' from command line to 'False'
[0.987s] [34mcolcon.colcon_core.verb[0m [1;30mLevel 5[0m set package 'vision' build argument 'ament_cmake_args' from command line to 'None'
[0.987s] [34mcolcon.colcon_core.verb[0m [1;30mLevel 5[0m set package 'vision' build argument 'catkin_cmake_args' from command line to 'None'
[0.987s] [34mcolcon.colcon_core.verb[0m [1;30mLevel 5[0m set package 'vision' build argument 'catkin_skip_building_tests' from command line to 'False'
[0.987s] [34mcolcon.colcon_core.verb[0m [1;30mDEBUG[0m [32mBuilding package 'vision' with the following arguments: {'ament_cmake_args': None, 'build_base': '/home/booster/Workspace/Booster_T1_3v3_Demo/build/vision', 'catkin_cmake_args': None, 'catkin_skip_building_tests': False, 'cmake_args': None, 'cmake_clean_cache': False, 'cmake_clean_first': False, 'cmake_force_configure': False, 'cmake_target': None, 'cmake_target_skip_unavailable': False, 'install_base': '/home/booster/Workspace/Booster_T1_3v3_Demo/install/vision', 'merge_install': False, 'path': '/home/booster/Workspace/Booster_T1_3v3_Demo/src/vision', 'symlink_install': True, 'test_result_base': None}[0m
[0.987s] [34mcolcon.colcon_core.executor[0m [1;30mINFO[0m Executing jobs using 'parallel' executor
[0.990s] [34mcolcon.colcon_parallel_executor.executor.parallel[0m [1;30mDEBUG[0m [32mrun_until_complete[0m
[0.990s] [34mcolcon.colcon_ros.task.ament_cmake.build[0m [1;30mINFO[0m Building ROS package in '/home/booster/Workspace/Booster_T1_3v3_Demo/src/robocup_ros2_interface/src/game_controller_interface' with build type 'ament_cmake'
[0.991s] [34mcolcon.colcon_cmake.task.cmake.build[0m [1;30mINFO[0m Building CMake package in '/home/booster/Workspace/Booster_T1_3v3_Demo/src/robocup_ros2_interface/src/game_controller_interface'
[0.998s] [34mcolcon.colcon_core.plugin_system[0m [1;30mINFO[0m Skipping extension 'colcon_core.shell.bat': Not used on non-Windows systems
[0.999s] [34mcolcon.colcon_core.shell[0m [1;30mINFO[0m Skip shell extension 'powershell' for command environment: Not usable outside of PowerShell
[0.999s] [34mcolcon.colcon_core.shell[0m [1;30mDEBUG[0m [32mSkip shell extension 'dsv' for command environment[0m
[1.004s] [34mcolcon.colcon_ros.task.ament_cmake.build[0m [1;30mINFO[0m Building ROS package in '/home/booster/Workspace/Booster_T1_3v3_Demo/src/robocup_ros2_interface/src/vision_interface' with build type 'ament_cmake'
[1.006s] [34mcolcon.colcon_cmake.task.cmake.build[0m [1;30mINFO[0m Building CMake package in '/home/booster/Workspace/Booster_T1_3v3_Demo/src/robocup_ros2_interface/src/vision_interface'
[1.007s] [34mcolcon.colcon_core.shell[0m [1;30mINFO[0m Skip shell extension 'powershell' for command environment: Not usable outside of PowerShell
[1.007s] [34mcolcon.colcon_core.shell[0m [1;30mDEBUG[0m [32mSkip shell extension 'dsv' for command environment[0m
[1.012s] [34mcolcon.colcon_ros.task.ament_cmake.build[0m [1;30mINFO[0m Building ROS package in '/home/booster/Workspace/Booster_T1_3v3_Demo/src/booster_ros2_interface' with build type 'ament_cmake'
[1.012s] [34mcolcon.colcon_cmake.task.cmake.build[0m [1;30mINFO[0m Building CMake package in '/home/booster/Workspace/Booster_T1_3v3_Demo/src/booster_ros2_interface'
[1.013s] [34mcolcon.colcon_core.shell[0m [1;30mINFO[0m Skip shell extension 'powershell' for command environment: Not usable outside of PowerShell
[1.013s] [34mcolcon.colcon_core.shell[0m [1;30mDEBUG[0m [32mSkip shell extension 'dsv' for command environment[0m
[1.019s] [34mcolcon.colcon_ros.task.ament_cmake.build[0m [1;30mINFO[0m Building ROS package in '/home/booster/Workspace/Booster_T1_3v3_Demo/src/booster_msgs' with build type 'ament_cmake'
[1.020s] [34mcolcon.colcon_cmake.task.cmake.build[0m [1;30mINFO[0m Building CMake package in '/home/booster/Workspace/Booster_T1_3v3_Demo/src/booster_msgs'
[1.020s] [34mcolcon.colcon_core.shell[0m [1;30mINFO[0m Skip shell extension 'powershell' for command environment: Not usable outside of PowerShell
[1.021s] [34mcolcon.colcon_core.shell[0m [1;30mDEBUG[0m [32mSkip shell extension 'dsv' for command environment[0m
[1.026s] [34mcolcon.colcon_ros.task.ament_python.build[0m [1;30mINFO[0m Building ROS package in '/home/booster/Workspace/Booster_T1_3v3_Demo/src/sound_play' with build type 'ament_python'
[1.027s] [34mcolcon.colcon_core.shell[0m [1;30mLevel 1[0m create_environment_hook('sound_play', 'ament_prefix_path')
[1.027s] [34mcolcon.colcon_core.shell[0m [1;30mINFO[0m Creating environment hook '/home/booster/Workspace/Booster_T1_3v3_Demo/install/sound_play/share/sound_play/hook/ament_prefix_path.ps1'
[1.029s] [34mcolcon.colcon_core.shell[0m [1;30mINFO[0m Creating environment descriptor '/home/booster/Workspace/Booster_T1_3v3_Demo/install/sound_play/share/sound_play/hook/ament_prefix_path.dsv'
[1.031s] [34mcolcon.colcon_core.shell[0m [1;30mINFO[0m Creating environment hook '/home/booster/Workspace/Booster_T1_3v3_Demo/install/sound_play/share/sound_play/hook/ament_prefix_path.sh'
[1.033s] [34mcolcon.colcon_core.shell[0m [1;30mINFO[0m Skip shell extension 'powershell' for command environment: Not usable outside of PowerShell
[1.033s] [34mcolcon.colcon_core.shell[0m [1;30mDEBUG[0m [32mSkip shell extension 'dsv' for command environment[0m
[1.051s] [34mcolcon.colcon_core.event_handler.log_command[0m [1;30mDEBUG[0m [32mInvoking command in '/home/booster/Workspace/Booster_T1_3v3_Demo/build/game_controller_interface': CMAKE_PREFIX_PATH=/opt/ros/humble /usr/bin/cmake --build /home/booster/Workspace/Booster_T1_3v3_Demo/build/game_controller_interface -- -j8 -l8[0m
[1.060s] [34mcolcon.colcon_core.event_handler.log_command[0m [1;30mDEBUG[0m [32mInvoking command in '/home/booster/Workspace/Booster_T1_3v3_Demo/build/vision_interface': CMAKE_PREFIX_PATH=/opt/ros/humble /usr/bin/cmake --build /home/booster/Workspace/Booster_T1_3v3_Demo/build/vision_interface -- -j8 -l8[0m
[1.062s] [34mcolcon.colcon_core.event_handler.log_command[0m [1;30mDEBUG[0m [32mInvoking command in '/home/booster/Workspace/Booster_T1_3v3_Demo/build/booster_interface': CMAKE_PREFIX_PATH=/opt/ros/humble /usr/bin/cmake --build /home/booster/Workspace/Booster_T1_3v3_Demo/build/booster_interface -- -j8 -l8[0m
[1.068s] [34mcolcon.colcon_core.event_handler.log_command[0m [1;30mDEBUG[0m [32mInvoking command in '/home/booster/Workspace/Booster_T1_3v3_Demo/build/booster_msgs': CMAKE_PREFIX_PATH=/opt/ros/humble /usr/bin/cmake --build /home/booster/Workspace/Booster_T1_3v3_Demo/build/booster_msgs -- -j8 -l8[0m
[1.856s] [34mcolcon.colcon_core.task.python.build[0m [1;30mINFO[0m Building Python package in '/home/booster/Workspace/Booster_T1_3v3_Demo/src/sound_play'
[1.857s] [34mcolcon.colcon_core.shell[0m [1;30mINFO[0m Skip shell extension 'powershell' for command environment: Not usable outside of PowerShell
[1.857s] [34mcolcon.colcon_core.shell[0m [1;30mDEBUG[0m [32mSkip shell extension 'dsv' for command environment[0m
[2.876s] [34mcolcon.colcon_core.event_handler.log_command[0m [1;30mDEBUG[0m [32mInvoked command in '/home/booster/Workspace/Booster_T1_3v3_Demo/build/booster_msgs' returned '0': CMAKE_PREFIX_PATH=/opt/ros/humble /usr/bin/cmake --build /home/booster/Workspace/Booster_T1_3v3_Demo/build/booster_msgs -- -j8 -l8[0m
[2.912s] [34mcolcon.colcon_core.event_handler.log_command[0m [1;30mDEBUG[0m [32mInvoking command in '/home/booster/Workspace/Booster_T1_3v3_Demo/build/booster_msgs': CMAKE_PREFIX_PATH=/opt/ros/humble /usr/bin/cmake --install /home/booster/Workspace/Booster_T1_3v3_Demo/build/booster_msgs[0m
[2.924s] [34mcolcon.colcon_core.event_handler.log_command[0m [1;30mDEBUG[0m [32mInvoked command in '/home/booster/Workspace/Booster_T1_3v3_Demo/build/vision_interface' returned '0': CMAKE_PREFIX_PATH=/opt/ros/humble /usr/bin/cmake --build /home/booster/Workspace/Booster_T1_3v3_Demo/build/vision_interface -- -j8 -l8[0m
[2.925s] [34mcolcon.colcon_core.event_handler.log_command[0m [1;30mDEBUG[0m [32mInvoking command in '/home/booster/Workspace/Booster_T1_3v3_Demo/build/vision_interface': CMAKE_PREFIX_PATH=/opt/ros/humble /usr/bin/cmake --install /home/booster/Workspace/Booster_T1_3v3_Demo/build/vision_interface[0m
[3.149s] [34mcolcon.colcon_core.event_handler.log_command[0m [1;30mDEBUG[0m [32mInvoked command in '/home/booster/Workspace/Booster_T1_3v3_Demo/build/game_controller_interface' returned '0': CMAKE_PREFIX_PATH=/opt/ros/humble /usr/bin/cmake --build /home/booster/Workspace/Booster_T1_3v3_Demo/build/game_controller_interface -- -j8 -l8[0m
[3.154s] [34mcolcon.colcon_core.event_handler.log_command[0m [1;30mDEBUG[0m [32mInvoking command in '/home/booster/Workspace/Booster_T1_3v3_Demo/build/game_controller_interface': CMAKE_PREFIX_PATH=/opt/ros/humble /usr/bin/cmake --install /home/booster/Workspace/Booster_T1_3v3_Demo/build/game_controller_interface[0m
[3.173s] [34mcolcon.colcon_core.environment[0m [1;30mLevel 1[0m create_environment_scripts_only(vision_interface)
[3.191s] [34mcolcon.colcon_core.environment[0m [1;30mLevel 1[0m checking '/home/booster/Workspace/Booster_T1_3v3_Demo/install/vision_interface' for CMake module files
[3.193s] [34mcolcon.colcon_core.environment[0m [1;30mLevel 1[0m checking '/home/booster/Workspace/Booster_T1_3v3_Demo/install/vision_interface' for CMake config files
[3.199s] [34mcolcon.colcon_core.shell[0m [1;30mLevel 1[0m create_environment_hook('vision_interface', 'cmake_prefix_path')
[3.199s] [34mcolcon.colcon_core.shell[0m [1;30mINFO[0m Creating environment hook '/home/booster/Workspace/Booster_T1_3v3_Demo/install/vision_interface/share/vision_interface/hook/cmake_prefix_path.ps1'
[3.201s] [34mcolcon.colcon_core.shell[0m [1;30mINFO[0m Creating environment descriptor '/home/booster/Workspace/Booster_T1_3v3_Demo/install/vision_interface/share/vision_interface/hook/cmake_prefix_path.dsv'
[3.211s] [34mcolcon.colcon_core.shell[0m [1;30mINFO[0m Creating environment hook '/home/booster/Workspace/Booster_T1_3v3_Demo/install/vision_interface/share/vision_interface/hook/cmake_prefix_path.sh'
[3.214s] [34mcolcon.colcon_core.environment[0m [1;30mLevel 1[0m checking '/home/booster/Workspace/Booster_T1_3v3_Demo/install/vision_interface/lib'
[3.215s] [34mcolcon.colcon_core.shell[0m [1;30mLevel 1[0m create_environment_hook('vision_interface', 'ld_library_path_lib')
[3.231s] [34mcolcon.colcon_core.shell[0m [1;30mINFO[0m Creating environment hook '/home/booster/Workspace/Booster_T1_3v3_Demo/install/vision_interface/share/vision_interface/hook/ld_library_path_lib.ps1'
[3.232s] [34mcolcon.colcon_core.shell[0m [1;30mINFO[0m Creating environment descriptor '/home/booster/Workspace/Booster_T1_3v3_Demo/install/vision_interface/share/vision_interface/hook/ld_library_path_lib.dsv'
[3.233s] [34mcolcon.colcon_core.shell[0m [1;30mINFO[0m Creating environment hook '/home/booster/Workspace/Booster_T1_3v3_Demo/install/vision_interface/share/vision_interface/hook/ld_library_path_lib.sh'
[3.234s] [34mcolcon.colcon_core.environment[0m [1;30mLevel 1[0m checking '/home/booster/Workspace/Booster_T1_3v3_Demo/install/vision_interface/bin'
[3.241s] [34mcolcon.colcon_core.environment[0m [1;30mLevel 1[0m checking '/home/booster/Workspace/Booster_T1_3v3_Demo/install/vision_interface/lib/pkgconfig/vision_interface.pc'
[3.250s] [34mcolcon.colcon_core.environment[0m [1;30mLevel 1[0m checking '/home/booster/Workspace/Booster_T1_3v3_Demo/install/vision_interface/lib/python3.10/site-packages'
[3.251s] [34mcolcon.colcon_core.environment[0m [1;30mLevel 1[0m checking '/home/booster/Workspace/Booster_T1_3v3_Demo/install/vision_interface/bin'
[3.252s] [34mcolcon.colcon_core.shell[0m [1;30mINFO[0m Creating package script '/home/booster/Workspace/Booster_T1_3v3_Demo/install/vision_interface/share/vision_interface/package.ps1'
[3.254s] [34mcolcon.colcon_core.shell[0m [1;30mINFO[0m Creating package descriptor '/home/booster/Workspace/Booster_T1_3v3_Demo/install/vision_interface/share/vision_interface/package.dsv'
[3.256s] [34mcolcon.colcon_core.shell[0m [1;30mINFO[0m Creating package script '/home/booster/Workspace/Booster_T1_3v3_Demo/install/vision_interface/share/vision_interface/package.sh'
[3.260s] [34mcolcon.colcon_core.event_handler.log_command[0m [1;30mDEBUG[0m [32mInvoked command in '/home/booster/Workspace/Booster_T1_3v3_Demo/build/vision_interface' returned '0': CMAKE_PREFIX_PATH=/opt/ros/humble /usr/bin/cmake --install /home/booster/Workspace/Booster_T1_3v3_Demo/build/vision_interface[0m
[3.274s] [34mcolcon.colcon_core.shell[0m [1;30mINFO[0m Creating package script '/home/booster/Workspace/Booster_T1_3v3_Demo/install/vision_interface/share/vision_interface/package.bash'
[3.278s] [34mcolcon.colcon_core.shell[0m [1;30mINFO[0m Creating package script '/home/booster/Workspace/Booster_T1_3v3_Demo/install/vision_interface/share/vision_interface/package.zsh'
[3.281s] [34mcolcon.colcon_core.environment[0m [1;30mLevel 1[0m create_file_with_runtime_dependencies(/home/booster/Workspace/Booster_T1_3v3_Demo/install/vision_interface/share/colcon-core/packages/vision_interface)
[3.284s] [34mcolcon.colcon_core.environment[0m [1;30mLevel 1[0m create_environment_scripts_only(vision_interface)
[3.284s] [34mcolcon.colcon_core.environment[0m [1;30mLevel 1[0m checking '/home/booster/Workspace/Booster_T1_3v3_Demo/install/vision_interface' for CMake module files
[3.289s] [34mcolcon.colcon_core.environment[0m [1;30mLevel 1[0m checking '/home/booster/Workspace/Booster_T1_3v3_Demo/install/vision_interface' for CMake config files
[3.296s] [34mcolcon.colcon_core.shell[0m [1;30mLevel 1[0m create_environment_hook('vision_interface', 'cmake_prefix_path')
[3.298s] [34mcolcon.colcon_core.shell[0m [1;30mINFO[0m Creating environment hook '/home/booster/Workspace/Booster_T1_3v3_Demo/install/vision_interface/share/vision_interface/hook/cmake_prefix_path.ps1'
[3.300s] [34mcolcon.colcon_core.shell[0m [1;30mINFO[0m Creating environment descriptor '/home/booster/Workspace/Booster_T1_3v3_Demo/install/vision_interface/share/vision_interface/hook/cmake_prefix_path.dsv'
[3.301s] [34mcolcon.colcon_core.shell[0m [1;30mINFO[0m Creating environment hook '/home/booster/Workspace/Booster_T1_3v3_Demo/install/vision_interface/share/vision_interface/hook/cmake_prefix_path.sh'
[3.304s] [34mcolcon.colcon_core.environment[0m [1;30mLevel 1[0m checking '/home/booster/Workspace/Booster_T1_3v3_Demo/install/vision_interface/lib'
[3.305s] [34mcolcon.colcon_core.shell[0m [1;30mLevel 1[0m create_environment_hook('vision_interface', 'ld_library_path_lib')
[3.306s] [34mcolcon.colcon_core.shell[0m [1;30mINFO[0m Creating environment hook '/home/booster/Workspace/Booster_T1_3v3_Demo/install/vision_interface/share/vision_interface/hook/ld_library_path_lib.ps1'
[3.308s] [34mcolcon.colcon_core.shell[0m [1;30mINFO[0m Creating environment descriptor '/home/booster/Workspace/Booster_T1_3v3_Demo/install/vision_interface/share/vision_interface/hook/ld_library_path_lib.dsv'
[3.310s] [34mcolcon.colcon_core.shell[0m [1;30mINFO[0m Creating environment hook '/home/booster/Workspace/Booster_T1_3v3_Demo/install/vision_interface/share/vision_interface/hook/ld_library_path_lib.sh'
[3.312s] [34mcolcon.colcon_core.environment[0m [1;30mLevel 1[0m checking '/home/booster/Workspace/Booster_T1_3v3_Demo/install/vision_interface/bin'
[3.312s] [34mcolcon.colcon_core.environment[0m [1;30mLevel 1[0m checking '/home/booster/Workspace/Booster_T1_3v3_Demo/install/vision_interface/lib/pkgconfig/vision_interface.pc'
[3.313s] [34mcolcon.colcon_core.environment[0m [1;30mLevel 1[0m checking '/home/booster/Workspace/Booster_T1_3v3_Demo/install/vision_interface/lib/python3.10/site-packages'
[3.314s] [34mcolcon.colcon_core.environment[0m [1;30mLevel 1[0m checking '/home/booster/Workspace/Booster_T1_3v3_Demo/install/vision_interface/bin'
[3.316s] [34mcolcon.colcon_core.shell[0m [1;30mINFO[0m Creating package script '/home/booster/Workspace/Booster_T1_3v3_Demo/install/vision_interface/share/vision_interface/package.ps1'
[3.320s] [34mcolcon.colcon_core.shell[0m [1;30mINFO[0m Creating package descriptor '/home/booster/Workspace/Booster_T1_3v3_Demo/install/vision_interface/share/vision_interface/package.dsv'
[3.322s] [34mcolcon.colcon_core.shell[0m [1;30mINFO[0m Creating package script '/home/booster/Workspace/Booster_T1_3v3_Demo/install/vision_interface/share/vision_interface/package.sh'
[3.324s] [34mcolcon.colcon_core.shell[0m [1;30mINFO[0m Creating package script '/home/booster/Workspace/Booster_T1_3v3_Demo/install/vision_interface/share/vision_interface/package.bash'
[3.326s] [34mcolcon.colcon_core.shell[0m [1;30mINFO[0m Creating package script '/home/booster/Workspace/Booster_T1_3v3_Demo/install/vision_interface/share/vision_interface/package.zsh'
[3.328s] [34mcolcon.colcon_core.environment[0m [1;30mLevel 1[0m create_file_with_runtime_dependencies(/home/booster/Workspace/Booster_T1_3v3_Demo/install/vision_interface/share/colcon-core/packages/vision_interface)
[3.333s] [34mcolcon.colcon_ros.task.ament_cmake.build[0m [1;30mINFO[0m Building ROS package in '/home/booster/Workspace/Booster_T1_3v3_Demo/src/vision' with build type 'ament_cmake'
[3.334s] [34mcolcon.colcon_cmake.task.cmake.build[0m [1;30mINFO[0m Building CMake package in '/home/booster/Workspace/Booster_T1_3v3_Demo/src/vision'
[3.336s] [34mcolcon.colcon_core.shell[0m [1;30mINFO[0m Skip shell extension 'powershell' for command environment: Not usable outside of PowerShell
[3.336s] [34mcolcon.colcon_core.shell[0m [1;30mDEBUG[0m [32mSkip shell extension 'dsv' for command environment[0m
[3.356s] [34mcolcon.colcon_core.event_handler.log_command[0m [1;30mDEBUG[0m [32mInvoking command in '/home/booster/Workspace/Booster_T1_3v3_Demo/build/sound_play': PYTHONPATH=/home/booster/Workspace/Booster_T1_3v3_Demo/build/sound_play/prefix_override:/usr/lib/python3/dist-packages/colcon_core/task/python/colcon_distutils_commands:/home/booster/Workspace/Booster_T1_3v3_Demo/install/sound_play/lib/python3.10/site-packages:${PYTHONPATH} /usr/bin/python3 -W ignore:setup.py install is deprecated -W ignore:easy_install command is deprecated setup.py develop --editable --build-directory /home/booster/Workspace/Booster_T1_3v3_Demo/build/sound_play/build --no-deps symlink_data[0m
[3.372s] [34mcolcon.colcon_core.environment[0m [1;30mLevel 1[0m create_environment_scripts_only(booster_msgs)
[3.373s] [34mcolcon.colcon_core.environment[0m [1;30mLevel 1[0m checking '/home/booster/Workspace/Booster_T1_3v3_Demo/install/booster_msgs' for CMake module files
[3.374s] [34mcolcon.colcon_core.event_handler.log_command[0m [1;30mDEBUG[0m [32mInvoked command in '/home/booster/Workspace/Booster_T1_3v3_Demo/build/booster_msgs' returned '0': CMAKE_PREFIX_PATH=/opt/ros/humble /usr/bin/cmake --install /home/booster/Workspace/Booster_T1_3v3_Demo/build/booster_msgs[0m
[3.375s] [34mcolcon.colcon_core.environment[0m [1;30mLevel 1[0m checking '/home/booster/Workspace/Booster_T1_3v3_Demo/install/booster_msgs' for CMake config files
[3.377s] [34mcolcon.colcon_core.shell[0m [1;30mLevel 1[0m create_environment_hook('booster_msgs', 'cmake_prefix_path')
[3.377s] [34mcolcon.colcon_core.shell[0m [1;30mINFO[0m Creating environment hook '/home/booster/Workspace/Booster_T1_3v3_Demo/install/booster_msgs/share/booster_msgs/hook/cmake_prefix_path.ps1'
[3.379s] [34mcolcon.colcon_core.shell[0m [1;30mINFO[0m Creating environment descriptor '/home/booster/Workspace/Booster_T1_3v3_Demo/install/booster_msgs/share/booster_msgs/hook/cmake_prefix_path.dsv'
[3.380s] [34mcolcon.colcon_core.shell[0m [1;30mINFO[0m Creating environment hook '/home/booster/Workspace/Booster_T1_3v3_Demo/install/booster_msgs/share/booster_msgs/hook/cmake_prefix_path.sh'
[3.381s] [34mcolcon.colcon_core.environment[0m [1;30mLevel 1[0m checking '/home/booster/Workspace/Booster_T1_3v3_Demo/install/booster_msgs/lib'
[3.381s] [34mcolcon.colcon_core.shell[0m [1;30mLevel 1[0m create_environment_hook('booster_msgs', 'ld_library_path_lib')
[3.382s] [34mcolcon.colcon_core.shell[0m [1;30mINFO[0m Creating environment hook '/home/booster/Workspace/Booster_T1_3v3_Demo/install/booster_msgs/share/booster_msgs/hook/ld_library_path_lib.ps1'
[3.383s] [34mcolcon.colcon_core.shell[0m [1;30mINFO[0m Creating environment descriptor '/home/booster/Workspace/Booster_T1_3v3_Demo/install/booster_msgs/share/booster_msgs/hook/ld_library_path_lib.dsv'
[3.384s] [34mcolcon.colcon_core.shell[0m [1;30mINFO[0m Creating environment hook '/home/booster/Workspace/Booster_T1_3v3_Demo/install/booster_msgs/share/booster_msgs/hook/ld_library_path_lib.sh'
[3.385s] [34mcolcon.colcon_core.environment[0m [1;30mLevel 1[0m checking '/home/booster/Workspace/Booster_T1_3v3_Demo/install/booster_msgs/bin'
[3.385s] [34mcolcon.colcon_core.environment[0m [1;30mLevel 1[0m checking '/home/booster/Workspace/Booster_T1_3v3_Demo/install/booster_msgs/lib/pkgconfig/booster_msgs.pc'
[3.386s] [34mcolcon.colcon_core.environment[0m [1;30mLevel 1[0m checking '/home/booster/Workspace/Booster_T1_3v3_Demo/install/booster_msgs/lib/python3.10/site-packages'
[3.386s] [34mcolcon.colcon_core.environment[0m [1;30mLevel 1[0m checking '/home/booster/Workspace/Booster_T1_3v3_Demo/install/booster_msgs/bin'
[3.387s] [34mcolcon.colcon_core.shell[0m [1;30mINFO[0m Creating package script '/home/booster/Workspace/Booster_T1_3v3_Demo/install/booster_msgs/share/booster_msgs/package.ps1'
[3.390s] [34mcolcon.colcon_core.shell[0m [1;30mINFO[0m Creating package descriptor '/home/booster/Workspace/Booster_T1_3v3_Demo/install/booster_msgs/share/booster_msgs/package.dsv'
[3.392s] [34mcolcon.colcon_core.shell[0m [1;30mINFO[0m Creating package script '/home/booster/Workspace/Booster_T1_3v3_Demo/install/booster_msgs/share/booster_msgs/package.sh'
[3.393s] [34mcolcon.colcon_core.shell[0m [1;30mINFO[0m Creating package script '/home/booster/Workspace/Booster_T1_3v3_Demo/install/booster_msgs/share/booster_msgs/package.bash'
[3.394s] [34mcolcon.colcon_core.shell[0m [1;30mINFO[0m Creating package script '/home/booster/Workspace/Booster_T1_3v3_Demo/install/booster_msgs/share/booster_msgs/package.zsh'
[3.408s] [34mcolcon.colcon_core.environment[0m [1;30mLevel 1[0m create_file_with_runtime_dependencies(/home/booster/Workspace/Booster_T1_3v3_Demo/install/booster_msgs/share/colcon-core/packages/booster_msgs)
[3.410s] [34mcolcon.colcon_core.environment[0m [1;30mLevel 1[0m create_environment_scripts_only(booster_msgs)
[3.410s] [34mcolcon.colcon_core.environment[0m [1;30mLevel 1[0m checking '/home/booster/Workspace/Booster_T1_3v3_Demo/install/booster_msgs' for CMake module files
[3.411s] [34mcolcon.colcon_core.environment[0m [1;30mLevel 1[0m checking '/home/booster/Workspace/Booster_T1_3v3_Demo/install/booster_msgs' for CMake config files
[3.413s] [34mcolcon.colcon_core.shell[0m [1;30mLevel 1[0m create_environment_hook('booster_msgs', 'cmake_prefix_path')
[3.413s] [34mcolcon.colcon_core.shell[0m [1;30mINFO[0m Creating environment hook '/home/booster/Workspace/Booster_T1_3v3_Demo/install/booster_msgs/share/booster_msgs/hook/cmake_prefix_path.ps1'
[3.415s] [34mcolcon.colcon_core.shell[0m [1;30mINFO[0m Creating environment descriptor '/home/booster/Workspace/Booster_T1_3v3_Demo/install/booster_msgs/share/booster_msgs/hook/cmake_prefix_path.dsv'
[3.416s] [34mcolcon.colcon_core.shell[0m [1;30mINFO[0m Creating environment hook '/home/booster/Workspace/Booster_T1_3v3_Demo/install/booster_msgs/share/booster_msgs/hook/cmake_prefix_path.sh'
[3.417s] [34mcolcon.colcon_core.environment[0m [1;30mLevel 1[0m checking '/home/booster/Workspace/Booster_T1_3v3_Demo/install/booster_msgs/lib'
[3.417s] [34mcolcon.colcon_core.shell[0m [1;30mLevel 1[0m create_environment_hook('booster_msgs', 'ld_library_path_lib')
[3.418s] [34mcolcon.colcon_core.shell[0m [1;30mINFO[0m Creating environment hook '/home/booster/Workspace/Booster_T1_3v3_Demo/install/booster_msgs/share/booster_msgs/hook/ld_library_path_lib.ps1'
[3.419s] [34mcolcon.colcon_core.shell[0m [1;30mINFO[0m Creating environment descriptor '/home/booster/Workspace/Booster_T1_3v3_Demo/install/booster_msgs/share/booster_msgs/hook/ld_library_path_lib.dsv'
[3.420s] [34mcolcon.colcon_core.shell[0m [1;30mINFO[0m Creating environment hook '/home/booster/Workspace/Booster_T1_3v3_Demo/install/booster_msgs/share/booster_msgs/hook/ld_library_path_lib.sh'
[3.422s] [34mcolcon.colcon_core.environment[0m [1;30mLevel 1[0m checking '/home/booster/Workspace/Booster_T1_3v3_Demo/install/booster_msgs/bin'
[3.422s] [34mcolcon.colcon_core.environment[0m [1;30mLevel 1[0m checking '/home/booster/Workspace/Booster_T1_3v3_Demo/install/booster_msgs/lib/pkgconfig/booster_msgs.pc'
[3.423s] [34mcolcon.colcon_core.environment[0m [1;30mLevel 1[0m checking '/home/booster/Workspace/Booster_T1_3v3_Demo/install/booster_msgs/lib/python3.10/site-packages'
[3.423s] [34mcolcon.colcon_core.environment[0m [1;30mLevel 1[0m checking '/home/booster/Workspace/Booster_T1_3v3_Demo/install/booster_msgs/bin'
[3.424s] [34mcolcon.colcon_core.shell[0m [1;30mINFO[0m Creating package script '/home/booster/Workspace/Booster_T1_3v3_Demo/install/booster_msgs/share/booster_msgs/package.ps1'
[3.426s] [34mcolcon.colcon_core.shell[0m [1;30mINFO[0m Creating package descriptor '/home/booster/Workspace/Booster_T1_3v3_Demo/install/booster_msgs/share/booster_msgs/package.dsv'
[3.427s] [34mcolcon.colcon_core.shell[0m [1;30mINFO[0m Creating package script '/home/booster/Workspace/Booster_T1_3v3_Demo/install/booster_msgs/share/booster_msgs/package.sh'
[3.429s] [34mcolcon.colcon_core.shell[0m [1;30mINFO[0m Creating package script '/home/booster/Workspace/Booster_T1_3v3_Demo/install/booster_msgs/share/booster_msgs/package.bash'
[3.430s] [34mcolcon.colcon_core.shell[0m [1;30mINFO[0m Creating package script '/home/booster/Workspace/Booster_T1_3v3_Demo/install/booster_msgs/share/booster_msgs/package.zsh'
[3.431s] [34mcolcon.colcon_core.environment[0m [1;30mLevel 1[0m create_file_with_runtime_dependencies(/home/booster/Workspace/Booster_T1_3v3_Demo/install/booster_msgs/share/colcon-core/packages/booster_msgs)
[3.443s] [34mcolcon.colcon_core.event_handler.log_command[0m [1;30mDEBUG[0m [32mInvoking command in '/home/booster/Workspace/Booster_T1_3v3_Demo/build/vision': AMENT_PREFIX_PATH=/home/booster/Workspace/Booster_T1_3v3_Demo/install/vision_interface:${AMENT_PREFIX_PATH} CMAKE_PREFIX_PATH=/home/booster/Workspace/Booster_T1_3v3_Demo/install/vision_interface:/opt/ros/humble LD_LIBRARY_PATH=/home/booster/Workspace/Booster_T1_3v3_Demo/install/vision_interface/lib:/opt/ros/humble/opt/rviz_ogre_vendor/lib:/opt/ros/humble/lib/aarch64-linux-gnu:/opt/ros/humble/lib:/usr/local/cuda/lib64 PYTHONPATH=/home/booster/Workspace/Booster_T1_3v3_Demo/install/vision_interface/local/lib/python3.10/dist-packages:${PYTHONPATH} /usr/bin/cmake --build /home/booster/Workspace/Booster_T1_3v3_Demo/build/vision -- -j8 -l8[0m
[3.446s] [34mcolcon.colcon_core.environment[0m [1;30mLevel 1[0m create_environment_scripts_only(game_controller_interface)
[3.448s] [34mcolcon.colcon_core.environment[0m [1;30mLevel 1[0m checking '/home/booster/Workspace/Booster_T1_3v3_Demo/install/game_controller_interface' for CMake module files
[3.448s] [34mcolcon.colcon_core.event_handler.log_command[0m [1;30mDEBUG[0m [32mInvoked command in '/home/booster/Workspace/Booster_T1_3v3_Demo/build/game_controller_interface' returned '0': CMAKE_PREFIX_PATH=/opt/ros/humble /usr/bin/cmake --install /home/booster/Workspace/Booster_T1_3v3_Demo/build/game_controller_interface[0m
[3.454s] [34mcolcon.colcon_core.environment[0m [1;30mLevel 1[0m checking '/home/booster/Workspace/Booster_T1_3v3_Demo/install/game_controller_interface' for CMake config files
[3.462s] [34mcolcon.colcon_core.shell[0m [1;30mLevel 1[0m create_environment_hook('game_controller_interface', 'cmake_prefix_path')
[3.464s] [34mcolcon.colcon_core.shell[0m [1;30mINFO[0m Creating environment hook '/home/booster/Workspace/Booster_T1_3v3_Demo/install/game_controller_interface/share/game_controller_interface/hook/cmake_prefix_path.ps1'
[3.470s] [34mcolcon.colcon_core.shell[0m [1;30mINFO[0m Creating environment descriptor '/home/booster/Workspace/Booster_T1_3v3_Demo/install/game_controller_interface/share/game_controller_interface/hook/cmake_prefix_path.dsv'
[3.476s] [34mcolcon.colcon_core.shell[0m [1;30mINFO[0m Creating environment hook '/home/booster/Workspace/Booster_T1_3v3_Demo/install/game_controller_interface/share/game_controller_interface/hook/cmake_prefix_path.sh'
[3.482s] [34mcolcon.colcon_core.environment[0m [1;30mLevel 1[0m checking '/home/booster/Workspace/Booster_T1_3v3_Demo/install/game_controller_interface/lib'
[3.484s] [34mcolcon.colcon_core.shell[0m [1;30mLevel 1[0m create_environment_hook('game_controller_interface', 'ld_library_path_lib')
[3.486s] [34mcolcon.colcon_core.shell[0m [1;30mINFO[0m Creating environment hook '/home/booster/Workspace/Booster_T1_3v3_Demo/install/game_controller_interface/share/game_controller_interface/hook/ld_library_path_lib.ps1'
[3.492s] [34mcolcon.colcon_core.shell[0m [1;30mINFO[0m Creating environment descriptor '/home/booster/Workspace/Booster_T1_3v3_Demo/install/game_controller_interface/share/game_controller_interface/hook/ld_library_path_lib.dsv'
[3.496s] [34mcolcon.colcon_core.shell[0m [1;30mINFO[0m Creating environment hook '/home/booster/Workspace/Booster_T1_3v3_Demo/install/game_controller_interface/share/game_controller_interface/hook/ld_library_path_lib.sh'
[3.502s] [34mcolcon.colcon_core.environment[0m [1;30mLevel 1[0m checking '/home/booster/Workspace/Booster_T1_3v3_Demo/install/game_controller_interface/bin'
[3.502s] [34mcolcon.colcon_core.environment[0m [1;30mLevel 1[0m checking '/home/booster/Workspace/Booster_T1_3v3_Demo/install/game_controller_interface/lib/pkgconfig/game_controller_interface.pc'
[3.508s] [34mcolcon.colcon_core.environment[0m [1;30mLevel 1[0m checking '/home/booster/Workspace/Booster_T1_3v3_Demo/install/game_controller_interface/lib/python3.10/site-packages'
[3.510s] [34mcolcon.colcon_core.environment[0m [1;30mLevel 1[0m checking '/home/booster/Workspace/Booster_T1_3v3_Demo/install/game_controller_interface/bin'
[3.514s] [34mcolcon.colcon_core.shell[0m [1;30mINFO[0m Creating package script '/home/booster/Workspace/Booster_T1_3v3_Demo/install/game_controller_interface/share/game_controller_interface/package.ps1'
[3.524s] [34mcolcon.colcon_core.shell[0m [1;30mINFO[0m Creating package descriptor '/home/booster/Workspace/Booster_T1_3v3_Demo/install/game_controller_interface/share/game_controller_interface/package.dsv'
[3.532s] [34mcolcon.colcon_core.shell[0m [1;30mINFO[0m Creating package script '/home/booster/Workspace/Booster_T1_3v3_Demo/install/game_controller_interface/share/game_controller_interface/package.sh'
[3.538s] [34mcolcon.colcon_core.shell[0m [1;30mINFO[0m Creating package script '/home/booster/Workspace/Booster_T1_3v3_Demo/install/game_controller_interface/share/game_controller_interface/package.bash'
[3.540s] [34mcolcon.colcon_core.shell[0m [1;30mINFO[0m Creating package script '/home/booster/Workspace/Booster_T1_3v3_Demo/install/game_controller_interface/share/game_controller_interface/package.zsh'
[3.542s] [34mcolcon.colcon_core.environment[0m [1;30mLevel 1[0m create_file_with_runtime_dependencies(/home/booster/Workspace/Booster_T1_3v3_Demo/install/game_controller_interface/share/colcon-core/packages/game_controller_interface)
[3.543s] [34mcolcon.colcon_core.environment[0m [1;30mLevel 1[0m create_environment_scripts_only(game_controller_interface)
[3.544s] [34mcolcon.colcon_core.environment[0m [1;30mLevel 1[0m checking '/home/booster/Workspace/Booster_T1_3v3_Demo/install/game_controller_interface' for CMake module files
[3.545s] [34mcolcon.colcon_core.environment[0m [1;30mLevel 1[0m checking '/home/booster/Workspace/Booster_T1_3v3_Demo/install/game_controller_interface' for CMake config files
[3.546s] [34mcolcon.colcon_core.shell[0m [1;30mLevel 1[0m create_environment_hook('game_controller_interface', 'cmake_prefix_path')
[3.547s] [34mcolcon.colcon_core.shell[0m [1;30mINFO[0m Creating environment hook '/home/booster/Workspace/Booster_T1_3v3_Demo/install/game_controller_interface/share/game_controller_interface/hook/cmake_prefix_path.ps1'
[3.548s] [34mcolcon.colcon_core.shell[0m [1;30mINFO[0m Creating environment descriptor '/home/booster/Workspace/Booster_T1_3v3_Demo/install/game_controller_interface/share/game_controller_interface/hook/cmake_prefix_path.dsv'
[3.549s] [34mcolcon.colcon_core.shell[0m [1;30mINFO[0m Creating environment hook '/home/booster/Workspace/Booster_T1_3v3_Demo/install/game_controller_interface/share/game_controller_interface/hook/cmake_prefix_path.sh'
[3.551s] [34mcolcon.colcon_core.environment[0m [1;30mLevel 1[0m checking '/home/booster/Workspace/Booster_T1_3v3_Demo/install/game_controller_interface/lib'
[3.551s] [34mcolcon.colcon_core.shell[0m [1;30mLevel 1[0m create_environment_hook('game_controller_interface', 'ld_library_path_lib')
[3.552s] [34mcolcon.colcon_core.shell[0m [1;30mINFO[0m Creating environment hook '/home/booster/Workspace/Booster_T1_3v3_Demo/install/game_controller_interface/share/game_controller_interface/hook/ld_library_path_lib.ps1'
[3.553s] [34mcolcon.colcon_core.shell[0m [1;30mINFO[0m Creating environment descriptor '/home/booster/Workspace/Booster_T1_3v3_Demo/install/game_controller_interface/share/game_controller_interface/hook/ld_library_path_lib.dsv'
[3.554s] [34mcolcon.colcon_core.shell[0m [1;30mINFO[0m Creating environment hook '/home/booster/Workspace/Booster_T1_3v3_Demo/install/game_controller_interface/share/game_controller_interface/hook/ld_library_path_lib.sh'
[3.555s] [34mcolcon.colcon_core.environment[0m [1;30mLevel 1[0m checking '/home/booster/Workspace/Booster_T1_3v3_Demo/install/game_controller_interface/bin'
[3.555s] [34mcolcon.colcon_core.environment[0m [1;30mLevel 1[0m checking '/home/booster/Workspace/Booster_T1_3v3_Demo/install/game_controller_interface/lib/pkgconfig/game_controller_interface.pc'
[3.555s] [34mcolcon.colcon_core.environment[0m [1;30mLevel 1[0m checking '/home/booster/Workspace/Booster_T1_3v3_Demo/install/game_controller_interface/lib/python3.10/site-packages'
[3.556s] [34mcolcon.colcon_core.environment[0m [1;30mLevel 1[0m checking '/home/booster/Workspace/Booster_T1_3v3_Demo/install/game_controller_interface/bin'
[3.556s] [34mcolcon.colcon_core.shell[0m [1;30mINFO[0m Creating package script '/home/booster/Workspace/Booster_T1_3v3_Demo/install/game_controller_interface/share/game_controller_interface/package.ps1'
[3.558s] [34mcolcon.colcon_core.shell[0m [1;30mINFO[0m Creating package descriptor '/home/booster/Workspace/Booster_T1_3v3_Demo/install/game_controller_interface/share/game_controller_interface/package.dsv'
[3.559s] [34mcolcon.colcon_core.shell[0m [1;30mINFO[0m Creating package script '/home/booster/Workspace/Booster_T1_3v3_Demo/install/game_controller_interface/share/game_controller_interface/package.sh'
[3.561s] [34mcolcon.colcon_core.shell[0m [1;30mINFO[0m Creating package script '/home/booster/Workspace/Booster_T1_3v3_Demo/install/game_controller_interface/share/game_controller_interface/package.bash'
[3.562s] [34mcolcon.colcon_core.shell[0m [1;30mINFO[0m Creating package script '/home/booster/Workspace/Booster_T1_3v3_Demo/install/game_controller_interface/share/game_controller_interface/package.zsh'
[3.563s] [34mcolcon.colcon_core.environment[0m [1;30mLevel 1[0m create_file_with_runtime_dependencies(/home/booster/Workspace/Booster_T1_3v3_Demo/install/game_controller_interface/share/colcon-core/packages/game_controller_interface)
[3.565s] [34mcolcon.colcon_ros.task.ament_cmake.build[0m [1;30mINFO[0m Building ROS package in '/home/booster/Workspace/Booster_T1_3v3_Demo/src/game_controller' with build type 'ament_cmake'
[3.567s] [34mcolcon.colcon_cmake.task.cmake.build[0m [1;30mINFO[0m Building CMake package in '/home/booster/Workspace/Booster_T1_3v3_Demo/src/game_controller'
[3.567s] [34mcolcon.colcon_core.shell[0m [1;30mINFO[0m Skip shell extension 'powershell' for command environment: Not usable outside of PowerShell
[3.567s] [34mcolcon.colcon_core.shell[0m [1;30mDEBUG[0m [32mSkip shell extension 'dsv' for command environment[0m
[3.603s] [34mcolcon.colcon_core.event_handler.log_command[0m [1;30mDEBUG[0m [32mInvoking command in '/home/booster/Workspace/Booster_T1_3v3_Demo/build/game_controller': AMENT_PREFIX_PATH=/home/booster/Workspace/Booster_T1_3v3_Demo/install/game_controller_interface:${AMENT_PREFIX_PATH} CMAKE_PREFIX_PATH=/home/booster/Workspace/Booster_T1_3v3_Demo/install/game_controller_interface:/opt/ros/humble LD_LIBRARY_PATH=/home/booster/Workspace/Booster_T1_3v3_Demo/install/game_controller_interface/lib:/opt/ros/humble/opt/rviz_ogre_vendor/lib:/opt/ros/humble/lib/aarch64-linux-gnu:/opt/ros/humble/lib:/usr/local/cuda/lib64 PYTHONPATH=/home/booster/Workspace/Booster_T1_3v3_Demo/install/game_controller_interface/local/lib/python3.10/dist-packages:${PYTHONPATH} /usr/bin/cmake --build /home/booster/Workspace/Booster_T1_3v3_Demo/build/game_controller -- -j8 -l8[0m
[3.634s] [34mcolcon.colcon_core.event_handler.log_command[0m [1;30mDEBUG[0m [32mInvoked command in '/home/booster/Workspace/Booster_T1_3v3_Demo/build/booster_interface' returned '0': CMAKE_PREFIX_PATH=/opt/ros/humble /usr/bin/cmake --build /home/booster/Workspace/Booster_T1_3v3_Demo/build/booster_interface -- -j8 -l8[0m
[3.635s] [34mcolcon.colcon_core.event_handler.log_command[0m [1;30mDEBUG[0m [32mInvoking command in '/home/booster/Workspace/Booster_T1_3v3_Demo/build/booster_interface': CMAKE_PREFIX_PATH=/opt/ros/humble /usr/bin/cmake --install /home/booster/Workspace/Booster_T1_3v3_Demo/build/booster_interface[0m
[3.964s] [34mcolcon.colcon_core.event_handler.log_command[0m [1;30mDEBUG[0m [32mInvoked command in '/home/booster/Workspace/Booster_T1_3v3_Demo/build/game_controller' returned '0': AMENT_PREFIX_PATH=/home/booster/Workspace/Booster_T1_3v3_Demo/install/game_controller_interface:${AMENT_PREFIX_PATH} CMAKE_PREFIX_PATH=/home/booster/Workspace/Booster_T1_3v3_Demo/install/game_controller_interface:/opt/ros/humble LD_LIBRARY_PATH=/home/booster/Workspace/Booster_T1_3v3_Demo/install/game_controller_interface/lib:/opt/ros/humble/opt/rviz_ogre_vendor/lib:/opt/ros/humble/lib/aarch64-linux-gnu:/opt/ros/humble/lib:/usr/local/cuda/lib64 PYTHONPATH=/home/booster/Workspace/Booster_T1_3v3_Demo/install/game_controller_interface/local/lib/python3.10/dist-packages:${PYTHONPATH} /usr/bin/cmake --build /home/booster/Workspace/Booster_T1_3v3_Demo/build/game_controller -- -j8 -l8[0m
[3.969s] [34mcolcon.colcon_core.event_handler.log_command[0m [1;30mDEBUG[0m [32mInvoking command in '/home/booster/Workspace/Booster_T1_3v3_Demo/build/game_controller': AMENT_PREFIX_PATH=/home/booster/Workspace/Booster_T1_3v3_Demo/install/game_controller_interface:${AMENT_PREFIX_PATH} CMAKE_PREFIX_PATH=/home/booster/Workspace/Booster_T1_3v3_Demo/install/game_controller_interface:/opt/ros/humble LD_LIBRARY_PATH=/home/booster/Workspace/Booster_T1_3v3_Demo/install/game_controller_interface/lib:/opt/ros/humble/opt/rviz_ogre_vendor/lib:/opt/ros/humble/lib/aarch64-linux-gnu:/opt/ros/humble/lib:/usr/local/cuda/lib64 PYTHONPATH=/home/booster/Workspace/Booster_T1_3v3_Demo/install/game_controller_interface/local/lib/python3.10/dist-packages:${PYTHONPATH} /usr/bin/cmake --install /home/booster/Workspace/Booster_T1_3v3_Demo/build/game_controller[0m
[4.029s] [34mcolcon.colcon_core.environment[0m [1;30mLevel 1[0m create_environment_scripts_only(booster_interface)
[4.030s] [34mcolcon.colcon_core.environment[0m [1;30mLevel 1[0m checking '/home/booster/Workspace/Booster_T1_3v3_Demo/install/booster_interface' for CMake module files
[4.031s] [34mcolcon.colcon_core.environment[0m [1;30mLevel 1[0m checking '/home/booster/Workspace/Booster_T1_3v3_Demo/install/booster_interface' for CMake config files
[4.036s] [34mcolcon.colcon_core.shell[0m [1;30mLevel 1[0m create_environment_hook('booster_interface', 'cmake_prefix_path')
[4.036s] [34mcolcon.colcon_core.shell[0m [1;30mINFO[0m Creating environment hook '/home/booster/Workspace/Booster_T1_3v3_Demo/install/booster_interface/share/booster_interface/hook/cmake_prefix_path.ps1'
[4.037s] [34mcolcon.colcon_core.event_handler.log_command[0m [1;30mDEBUG[0m [32mInvoked command in '/home/booster/Workspace/Booster_T1_3v3_Demo/build/booster_interface' returned '0': CMAKE_PREFIX_PATH=/opt/ros/humble /usr/bin/cmake --install /home/booster/Workspace/Booster_T1_3v3_Demo/build/booster_interface[0m
[4.039s] [34mcolcon.colcon_core.shell[0m [1;30mINFO[0m Creating environment descriptor '/home/booster/Workspace/Booster_T1_3v3_Demo/install/booster_interface/share/booster_interface/hook/cmake_prefix_path.dsv'
[4.040s] [34mcolcon.colcon_core.shell[0m [1;30mINFO[0m Creating environment hook '/home/booster/Workspace/Booster_T1_3v3_Demo/install/booster_interface/share/booster_interface/hook/cmake_prefix_path.sh'
[4.041s] [34mcolcon.colcon_core.environment[0m [1;30mLevel 1[0m checking '/home/booster/Workspace/Booster_T1_3v3_Demo/install/booster_interface/lib'
[4.041s] [34mcolcon.colcon_core.shell[0m [1;30mLevel 1[0m create_environment_hook('booster_interface', 'ld_library_path_lib')
[4.042s] [34mcolcon.colcon_core.shell[0m [1;30mINFO[0m Creating environment hook '/home/booster/Workspace/Booster_T1_3v3_Demo/install/booster_interface/share/booster_interface/hook/ld_library_path_lib.ps1'
[4.043s] [34mcolcon.colcon_core.shell[0m [1;30mINFO[0m Creating environment descriptor '/home/booster/Workspace/Booster_T1_3v3_Demo/install/booster_interface/share/booster_interface/hook/ld_library_path_lib.dsv'
[4.043s] [34mcolcon.colcon_core.shell[0m [1;30mINFO[0m Creating environment hook '/home/booster/Workspace/Booster_T1_3v3_Demo/install/booster_interface/share/booster_interface/hook/ld_library_path_lib.sh'
[4.045s] [34mcolcon.colcon_core.environment[0m [1;30mLevel 1[0m checking '/home/booster/Workspace/Booster_T1_3v3_Demo/install/booster_interface/bin'
[4.046s] [34mcolcon.colcon_core.environment[0m [1;30mLevel 1[0m checking '/home/booster/Workspace/Booster_T1_3v3_Demo/install/booster_interface/lib/pkgconfig/booster_interface.pc'
[4.046s] [34mcolcon.colcon_core.environment[0m [1;30mLevel 1[0m checking '/home/booster/Workspace/Booster_T1_3v3_Demo/install/booster_interface/lib/python3.10/site-packages'
[4.046s] [34mcolcon.colcon_core.environment[0m [1;30mLevel 1[0m checking '/home/booster/Workspace/Booster_T1_3v3_Demo/install/booster_interface/bin'
[4.047s] [34mcolcon.colcon_core.shell[0m [1;30mINFO[0m Creating package script '/home/booster/Workspace/Booster_T1_3v3_Demo/install/booster_interface/share/booster_interface/package.ps1'
[4.049s] [34mcolcon.colcon_core.shell[0m [1;30mINFO[0m Creating package descriptor '/home/booster/Workspace/Booster_T1_3v3_Demo/install/booster_interface/share/booster_interface/package.dsv'
[4.050s] [34mcolcon.colcon_core.shell[0m [1;30mINFO[0m Creating package script '/home/booster/Workspace/Booster_T1_3v3_Demo/install/booster_interface/share/booster_interface/package.sh'
[4.051s] [34mcolcon.colcon_core.shell[0m [1;30mINFO[0m Creating package script '/home/booster/Workspace/Booster_T1_3v3_Demo/install/booster_interface/share/booster_interface/package.bash'
[4.053s] [34mcolcon.colcon_core.shell[0m [1;30mINFO[0m Creating package script '/home/booster/Workspace/Booster_T1_3v3_Demo/install/booster_interface/share/booster_interface/package.zsh'
[4.058s] [34mcolcon.colcon_core.environment[0m [1;30mLevel 1[0m create_file_with_runtime_dependencies(/home/booster/Workspace/Booster_T1_3v3_Demo/install/booster_interface/share/colcon-core/packages/booster_interface)
[4.062s] [34mcolcon.colcon_core.environment[0m [1;30mLevel 1[0m create_environment_scripts_only(booster_interface)
[4.063s] [34mcolcon.colcon_core.environment[0m [1;30mLevel 1[0m checking '/home/booster/Workspace/Booster_T1_3v3_Demo/install/booster_interface' for CMake module files
[4.069s] [34mcolcon.colcon_core.environment[0m [1;30mLevel 1[0m checking '/home/booster/Workspace/Booster_T1_3v3_Demo/install/booster_interface' for CMake config files
[4.079s] [34mcolcon.colcon_core.shell[0m [1;30mLevel 1[0m create_environment_hook('booster_interface', 'cmake_prefix_path')
[4.080s] [34mcolcon.colcon_core.shell[0m [1;30mINFO[0m Creating environment hook '/home/booster/Workspace/Booster_T1_3v3_Demo/install/booster_interface/share/booster_interface/hook/cmake_prefix_path.ps1'
[4.082s] [34mcolcon.colcon_core.shell[0m [1;30mINFO[0m Creating environment descriptor '/home/booster/Workspace/Booster_T1_3v3_Demo/install/booster_interface/share/booster_interface/hook/cmake_prefix_path.dsv'
[4.083s] [34mcolcon.colcon_core.shell[0m [1;30mINFO[0m Creating environment hook '/home/booster/Workspace/Booster_T1_3v3_Demo/install/booster_interface/share/booster_interface/hook/cmake_prefix_path.sh'
[4.085s] [34mcolcon.colcon_core.environment[0m [1;30mLevel 1[0m checking '/home/booster/Workspace/Booster_T1_3v3_Demo/install/booster_interface/lib'
[4.085s] [34mcolcon.colcon_core.shell[0m [1;30mLevel 1[0m create_environment_hook('booster_interface', 'ld_library_path_lib')
[4.086s] [34mcolcon.colcon_core.shell[0m [1;30mINFO[0m Creating environment hook '/home/booster/Workspace/Booster_T1_3v3_Demo/install/booster_interface/share/booster_interface/hook/ld_library_path_lib.ps1'
[4.087s] [34mcolcon.colcon_core.shell[0m [1;30mINFO[0m Creating environment descriptor '/home/booster/Workspace/Booster_T1_3v3_Demo/install/booster_interface/share/booster_interface/hook/ld_library_path_lib.dsv'
[4.088s] [34mcolcon.colcon_core.shell[0m [1;30mINFO[0m Creating environment hook '/home/booster/Workspace/Booster_T1_3v3_Demo/install/booster_interface/share/booster_interface/hook/ld_library_path_lib.sh'
[4.088s] [34mcolcon.colcon_core.environment[0m [1;30mLevel 1[0m checking '/home/booster/Workspace/Booster_T1_3v3_Demo/install/booster_interface/bin'
[4.089s] [34mcolcon.colcon_core.environment[0m [1;30mLevel 1[0m checking '/home/booster/Workspace/Booster_T1_3v3_Demo/install/booster_interface/lib/pkgconfig/booster_interface.pc'
[4.089s] [34mcolcon.colcon_core.environment[0m [1;30mLevel 1[0m checking '/home/booster/Workspace/Booster_T1_3v3_Demo/install/booster_interface/lib/python3.10/site-packages'
[4.089s] [34mcolcon.colcon_core.environment[0m [1;30mLevel 1[0m checking '/home/booster/Workspace/Booster_T1_3v3_Demo/install/booster_interface/bin'
[4.090s] [34mcolcon.colcon_core.shell[0m [1;30mINFO[0m Creating package script '/home/booster/Workspace/Booster_T1_3v3_Demo/install/booster_interface/share/booster_interface/package.ps1'
[4.092s] [34mcolcon.colcon_core.shell[0m [1;30mINFO[0m Creating package descriptor '/home/booster/Workspace/Booster_T1_3v3_Demo/install/booster_interface/share/booster_interface/package.dsv'
[4.093s] [34mcolcon.colcon_core.shell[0m [1;30mINFO[0m Creating package script '/home/booster/Workspace/Booster_T1_3v3_Demo/install/booster_interface/share/booster_interface/package.sh'
[4.094s] [34mcolcon.colcon_core.shell[0m [1;30mINFO[0m Creating package script '/home/booster/Workspace/Booster_T1_3v3_Demo/install/booster_interface/share/booster_interface/package.bash'
[4.095s] [34mcolcon.colcon_core.shell[0m [1;30mINFO[0m Creating package script '/home/booster/Workspace/Booster_T1_3v3_Demo/install/booster_interface/share/booster_interface/package.zsh'
[4.097s] [34mcolcon.colcon_core.environment[0m [1;30mLevel 1[0m create_file_with_runtime_dependencies(/home/booster/Workspace/Booster_T1_3v3_Demo/install/booster_interface/share/colcon-core/packages/booster_interface)
[4.103s] [34mcolcon.colcon_ros.task.ament_cmake.build[0m [1;30mINFO[0m Building ROS package in '/home/booster/Workspace/Booster_T1_3v3_Demo/src/brain' with build type 'ament_cmake'
[4.105s] [34mcolcon.colcon_cmake.task.cmake.build[0m [1;30mINFO[0m Building CMake package in '/home/booster/Workspace/Booster_T1_3v3_Demo/src/brain'
[4.106s] [34mcolcon.colcon_core.shell[0m [1;30mINFO[0m Skip shell extension 'powershell' for command environment: Not usable outside of PowerShell
[4.106s] [34mcolcon.colcon_core.shell[0m [1;30mDEBUG[0m [32mSkip shell extension 'dsv' for command environment[0m
[4.120s] [34mcolcon.colcon_core.environment[0m [1;30mLevel 1[0m create_environment_scripts_only(game_controller)
[4.121s] [34mcolcon.colcon_core.event_handler.log_command[0m [1;30mDEBUG[0m [32mInvoked command in '/home/booster/Workspace/Booster_T1_3v3_Demo/build/game_controller' returned '0': AMENT_PREFIX_PATH=/home/booster/Workspace/Booster_T1_3v3_Demo/install/game_controller_interface:${AMENT_PREFIX_PATH} CMAKE_PREFIX_PATH=/home/booster/Workspace/Booster_T1_3v3_Demo/install/game_controller_interface:/opt/ros/humble LD_LIBRARY_PATH=/home/booster/Workspace/Booster_T1_3v3_Demo/install/game_controller_interface/lib:/opt/ros/humble/opt/rviz_ogre_vendor/lib:/opt/ros/humble/lib/aarch64-linux-gnu:/opt/ros/humble/lib:/usr/local/cuda/lib64 PYTHONPATH=/home/booster/Workspace/Booster_T1_3v3_Demo/install/game_controller_interface/local/lib/python3.10/dist-packages:${PYTHONPATH} /usr/bin/cmake --install /home/booster/Workspace/Booster_T1_3v3_Demo/build/game_controller[0m
[4.135s] [34mcolcon.colcon_core.environment[0m [1;30mLevel 1[0m checking '/home/booster/Workspace/Booster_T1_3v3_Demo/install/game_controller' for CMake module files
[4.137s] [34mcolcon.colcon_core.environment[0m [1;30mLevel 1[0m checking '/home/booster/Workspace/Booster_T1_3v3_Demo/install/game_controller' for CMake config files
[4.138s] [34mcolcon.colcon_core.shell[0m [1;30mLevel 1[0m create_environment_hook('game_controller', 'cmake_prefix_path')
[4.139s] [34mcolcon.colcon_core.shell[0m [1;30mINFO[0m Creating environment hook '/home/booster/Workspace/Booster_T1_3v3_Demo/install/game_controller/share/game_controller/hook/cmake_prefix_path.ps1'
[4.141s] [34mcolcon.colcon_core.shell[0m [1;30mINFO[0m Creating environment descriptor '/home/booster/Workspace/Booster_T1_3v3_Demo/install/game_controller/share/game_controller/hook/cmake_prefix_path.dsv'
[4.142s] [34mcolcon.colcon_core.shell[0m [1;30mINFO[0m Creating environment hook '/home/booster/Workspace/Booster_T1_3v3_Demo/install/game_controller/share/game_controller/hook/cmake_prefix_path.sh'
[4.144s] [34mcolcon.colcon_core.environment[0m [1;30mLevel 1[0m checking '/home/booster/Workspace/Booster_T1_3v3_Demo/install/game_controller/lib'
[4.144s] [34mcolcon.colcon_core.environment[0m [1;30mLevel 1[0m checking '/home/booster/Workspace/Booster_T1_3v3_Demo/install/game_controller/bin'
[4.144s] [34mcolcon.colcon_core.environment[0m [1;30mLevel 1[0m checking '/home/booster/Workspace/Booster_T1_3v3_Demo/install/game_controller/lib/pkgconfig/game_controller.pc'
[4.144s] [34mcolcon.colcon_core.environment[0m [1;30mLevel 1[0m checking '/home/booster/Workspace/Booster_T1_3v3_Demo/install/game_controller/lib/python3.10/site-packages'
[4.145s] [34mcolcon.colcon_core.environment[0m [1;30mLevel 1[0m checking '/home/booster/Workspace/Booster_T1_3v3_Demo/install/game_controller/bin'
[4.146s] [34mcolcon.colcon_core.shell[0m [1;30mINFO[0m Creating package script '/home/booster/Workspace/Booster_T1_3v3_Demo/install/game_controller/share/game_controller/package.ps1'
[4.147s] [34mcolcon.colcon_core.shell[0m [1;30mINFO[0m Creating package descriptor '/home/booster/Workspace/Booster_T1_3v3_Demo/install/game_controller/share/game_controller/package.dsv'
[4.148s] [34mcolcon.colcon_core.shell[0m [1;30mINFO[0m Creating package script '/home/booster/Workspace/Booster_T1_3v3_Demo/install/game_controller/share/game_controller/package.sh'
[4.149s] [34mcolcon.colcon_core.shell[0m [1;30mINFO[0m Creating package script '/home/booster/Workspace/Booster_T1_3v3_Demo/install/game_controller/share/game_controller/package.bash'
[4.150s] [34mcolcon.colcon_core.shell[0m [1;30mINFO[0m Creating package script '/home/booster/Workspace/Booster_T1_3v3_Demo/install/game_controller/share/game_controller/package.zsh'
[4.152s] [34mcolcon.colcon_core.environment[0m [1;30mLevel 1[0m create_file_with_runtime_dependencies(/home/booster/Workspace/Booster_T1_3v3_Demo/install/game_controller/share/colcon-core/packages/game_controller)
[4.153s] [34mcolcon.colcon_core.environment[0m [1;30mLevel 1[0m create_environment_scripts_only(game_controller)
[4.154s] [34mcolcon.colcon_core.environment[0m [1;30mLevel 1[0m checking '/home/booster/Workspace/Booster_T1_3v3_Demo/install/game_controller' for CMake module files
[4.155s] [34mcolcon.colcon_core.environment[0m [1;30mLevel 1[0m checking '/home/booster/Workspace/Booster_T1_3v3_Demo/install/game_controller' for CMake config files
[4.156s] [34mcolcon.colcon_core.shell[0m [1;30mLevel 1[0m create_environment_hook('game_controller', 'cmake_prefix_path')
[4.157s] [34mcolcon.colcon_core.shell[0m [1;30mINFO[0m Creating environment hook '/home/booster/Workspace/Booster_T1_3v3_Demo/install/game_controller/share/game_controller/hook/cmake_prefix_path.ps1'
[4.160s] [34mcolcon.colcon_core.shell[0m [1;30mINFO[0m Creating environment descriptor '/home/booster/Workspace/Booster_T1_3v3_Demo/install/game_controller/share/game_controller/hook/cmake_prefix_path.dsv'
[4.161s] [34mcolcon.colcon_core.shell[0m [1;30mINFO[0m Creating environment hook '/home/booster/Workspace/Booster_T1_3v3_Demo/install/game_controller/share/game_controller/hook/cmake_prefix_path.sh'
[4.163s] [34mcolcon.colcon_core.environment[0m [1;30mLevel 1[0m checking '/home/booster/Workspace/Booster_T1_3v3_Demo/install/game_controller/lib'
[4.164s] [34mcolcon.colcon_core.environment[0m [1;30mLevel 1[0m checking '/home/booster/Workspace/Booster_T1_3v3_Demo/install/game_controller/bin'
[4.164s] [34mcolcon.colcon_core.environment[0m [1;30mLevel 1[0m checking '/home/booster/Workspace/Booster_T1_3v3_Demo/install/game_controller/lib/pkgconfig/game_controller.pc'
[4.165s] [34mcolcon.colcon_core.environment[0m [1;30mLevel 1[0m checking '/home/booster/Workspace/Booster_T1_3v3_Demo/install/game_controller/lib/python3.10/site-packages'
[4.165s] [34mcolcon.colcon_core.environment[0m [1;30mLevel 1[0m checking '/home/booster/Workspace/Booster_T1_3v3_Demo/install/game_controller/bin'
[4.166s] [34mcolcon.colcon_core.shell[0m [1;30mINFO[0m Creating package script '/home/booster/Workspace/Booster_T1_3v3_Demo/install/game_controller/share/game_controller/package.ps1'
[4.168s] [34mcolcon.colcon_core.shell[0m [1;30mINFO[0m Creating package descriptor '/home/booster/Workspace/Booster_T1_3v3_Demo/install/game_controller/share/game_controller/package.dsv'
[4.169s] [34mcolcon.colcon_core.shell[0m [1;30mINFO[0m Creating package script '/home/booster/Workspace/Booster_T1_3v3_Demo/install/game_controller/share/game_controller/package.sh'
[4.170s] [34mcolcon.colcon_core.shell[0m [1;30mINFO[0m Creating package script '/home/booster/Workspace/Booster_T1_3v3_Demo/install/game_controller/share/game_controller/package.bash'
[4.171s] [34mcolcon.colcon_core.shell[0m [1;30mINFO[0m Creating package script '/home/booster/Workspace/Booster_T1_3v3_Demo/install/game_controller/share/game_controller/package.zsh'
[4.172s] [34mcolcon.colcon_core.environment[0m [1;30mLevel 1[0m create_file_with_runtime_dependencies(/home/booster/Workspace/Booster_T1_3v3_Demo/install/game_controller/share/colcon-core/packages/game_controller)
[4.179s] [34mcolcon.colcon_core.event_handler.log_command[0m [1;30mDEBUG[0m [32mInvoking command in '/home/booster/Workspace/Booster_T1_3v3_Demo/build/brain': AMENT_PREFIX_PATH=/home/booster/Workspace/Booster_T1_3v3_Demo/install/vision_interface:/home/booster/Workspace/Booster_T1_3v3_Demo/install/game_controller_interface:/home/booster/Workspace/Booster_T1_3v3_Demo/install/booster_msgs:/home/booster/Workspace/Booster_T1_3v3_Demo/install/booster_interface:${AMENT_PREFIX_PATH} CMAKE_PREFIX_PATH=/home/booster/Workspace/Booster_T1_3v3_Demo/install/vision_interface:/home/booster/Workspace/Booster_T1_3v3_Demo/install/game_controller_interface:/home/booster/Workspace/Booster_T1_3v3_Demo/install/booster_msgs:/home/booster/Workspace/Booster_T1_3v3_Demo/install/booster_interface:/opt/ros/humble LD_LIBRARY_PATH=/home/booster/Workspace/Booster_T1_3v3_Demo/install/vision_interface/lib:/home/booster/Workspace/Booster_T1_3v3_Demo/install/game_controller_interface/lib:/home/booster/Workspace/Booster_T1_3v3_Demo/install/booster_msgs/lib:/home/booster/Workspace/Booster_T1_3v3_Demo/install/booster_interface/lib:/opt/ros/humble/opt/rviz_ogre_vendor/lib:/opt/ros/humble/lib/aarch64-linux-gnu:/opt/ros/humble/lib:/usr/local/cuda/lib64 PYTHONPATH=/home/booster/Workspace/Booster_T1_3v3_Demo/install/vision_interface/local/lib/python3.10/dist-packages:/home/booster/Workspace/Booster_T1_3v3_Demo/install/game_controller_interface/local/lib/python3.10/dist-packages:/home/booster/Workspace/Booster_T1_3v3_Demo/install/booster_msgs/local/lib/python3.10/dist-packages:/home/booster/Workspace/Booster_T1_3v3_Demo/install/booster_interface/local/lib/python3.10/dist-packages:${PYTHONPATH} /usr/bin/cmake --build /home/booster/Workspace/Booster_T1_3v3_Demo/build/brain -- -j8 -l8[0m
[4.667s] [34mcolcon.colcon_core.event_handler.log_command[0m [1;30mDEBUG[0m [32mInvoked command in '/home/booster/Workspace/Booster_T1_3v3_Demo/build/vision' returned '0': AMENT_PREFIX_PATH=/home/booster/Workspace/Booster_T1_3v3_Demo/install/vision_interface:${AMENT_PREFIX_PATH} CMAKE_PREFIX_PATH=/home/booster/Workspace/Booster_T1_3v3_Demo/install/vision_interface:/opt/ros/humble LD_LIBRARY_PATH=/home/booster/Workspace/Booster_T1_3v3_Demo/install/vision_interface/lib:/opt/ros/humble/opt/rviz_ogre_vendor/lib:/opt/ros/humble/lib/aarch64-linux-gnu:/opt/ros/humble/lib:/usr/local/cuda/lib64 PYTHONPATH=/home/booster/Workspace/Booster_T1_3v3_Demo/install/vision_interface/local/lib/python3.10/dist-packages:${PYTHONPATH} /usr/bin/cmake --build /home/booster/Workspace/Booster_T1_3v3_Demo/build/vision -- -j8 -l8[0m
[4.668s] [34mcolcon.colcon_core.event_handler.log_command[0m [1;30mDEBUG[0m [32mInvoking command in '/home/booster/Workspace/Booster_T1_3v3_Demo/build/vision': AMENT_PREFIX_PATH=/home/booster/Workspace/Booster_T1_3v3_Demo/install/vision_interface:${AMENT_PREFIX_PATH} CMAKE_PREFIX_PATH=/home/booster/Workspace/Booster_T1_3v3_Demo/install/vision_interface:/opt/ros/humble LD_LIBRARY_PATH=/home/booster/Workspace/Booster_T1_3v3_Demo/install/vision_interface/lib:/opt/ros/humble/opt/rviz_ogre_vendor/lib:/opt/ros/humble/lib/aarch64-linux-gnu:/opt/ros/humble/lib:/usr/local/cuda/lib64 PYTHONPATH=/home/booster/Workspace/Booster_T1_3v3_Demo/install/vision_interface/local/lib/python3.10/dist-packages:${PYTHONPATH} /usr/bin/cmake --install /home/booster/Workspace/Booster_T1_3v3_Demo/build/vision[0m
[4.739s] [34mcolcon.colcon_core.environment[0m [1;30mLevel 1[0m create_environment_scripts_only(vision)
[4.740s] [34mcolcon.colcon_core.environment[0m [1;30mLevel 1[0m checking '/home/booster/Workspace/Booster_T1_3v3_Demo/install/vision' for CMake module files
[4.741s] [34mcolcon.colcon_core.environment[0m [1;30mLevel 1[0m checking '/home/booster/Workspace/Booster_T1_3v3_Demo/install/vision' for CMake config files
[4.742s] [34mcolcon.colcon_core.shell[0m [1;30mLevel 1[0m create_environment_hook('vision', 'cmake_prefix_path')
[4.743s] [34mcolcon.colcon_core.shell[0m [1;30mINFO[0m Creating environment hook '/home/booster/Workspace/Booster_T1_3v3_Demo/install/vision/share/vision/hook/cmake_prefix_path.ps1'
[4.745s] [34mcolcon.colcon_core.shell[0m [1;30mINFO[0m Creating environment descriptor '/home/booster/Workspace/Booster_T1_3v3_Demo/install/vision/share/vision/hook/cmake_prefix_path.dsv'
[4.746s] [34mcolcon.colcon_core.event_handler.log_command[0m [1;30mDEBUG[0m [32mInvoked command in '/home/booster/Workspace/Booster_T1_3v3_Demo/build/vision' returned '0': AMENT_PREFIX_PATH=/home/booster/Workspace/Booster_T1_3v3_Demo/install/vision_interface:${AMENT_PREFIX_PATH} CMAKE_PREFIX_PATH=/home/booster/Workspace/Booster_T1_3v3_Demo/install/vision_interface:/opt/ros/humble LD_LIBRARY_PATH=/home/booster/Workspace/Booster_T1_3v3_Demo/install/vision_interface/lib:/opt/ros/humble/opt/rviz_ogre_vendor/lib:/opt/ros/humble/lib/aarch64-linux-gnu:/opt/ros/humble/lib:/usr/local/cuda/lib64 PYTHONPATH=/home/booster/Workspace/Booster_T1_3v3_Demo/install/vision_interface/local/lib/python3.10/dist-packages:${PYTHONPATH} /usr/bin/cmake --install /home/booster/Workspace/Booster_T1_3v3_Demo/build/vision[0m
[4.747s] [34mcolcon.colcon_core.shell[0m [1;30mINFO[0m Creating environment hook '/home/booster/Workspace/Booster_T1_3v3_Demo/install/vision/share/vision/hook/cmake_prefix_path.sh'
[4.749s] [34mcolcon.colcon_core.environment[0m [1;30mLevel 1[0m checking '/home/booster/Workspace/Booster_T1_3v3_Demo/install/vision/lib'
[4.749s] [34mcolcon.colcon_core.shell[0m [1;30mLevel 1[0m create_environment_hook('vision', 'ld_library_path_lib')
[4.750s] [34mcolcon.colcon_core.shell[0m [1;30mINFO[0m Creating environment hook '/home/booster/Workspace/Booster_T1_3v3_Demo/install/vision/share/vision/hook/ld_library_path_lib.ps1'
[4.751s] [34mcolcon.colcon_core.shell[0m [1;30mINFO[0m Creating environment descriptor '/home/booster/Workspace/Booster_T1_3v3_Demo/install/vision/share/vision/hook/ld_library_path_lib.dsv'
[4.753s] [34mcolcon.colcon_core.shell[0m [1;30mINFO[0m Creating environment hook '/home/booster/Workspace/Booster_T1_3v3_Demo/install/vision/share/vision/hook/ld_library_path_lib.sh'
[4.758s] [34mcolcon.colcon_core.environment[0m [1;30mLevel 1[0m checking '/home/booster/Workspace/Booster_T1_3v3_Demo/install/vision/bin'
[4.758s] [34mcolcon.colcon_core.environment[0m [1;30mLevel 1[0m checking '/home/booster/Workspace/Booster_T1_3v3_Demo/install/vision/lib/pkgconfig/vision.pc'
[4.759s] [34mcolcon.colcon_core.environment[0m [1;30mLevel 1[0m checking '/home/booster/Workspace/Booster_T1_3v3_Demo/install/vision/lib/python3.10/site-packages'
[4.759s] [34mcolcon.colcon_core.environment[0m [1;30mLevel 1[0m checking '/home/booster/Workspace/Booster_T1_3v3_Demo/install/vision/bin'
[4.762s] [34mcolcon.colcon_core.shell[0m [1;30mINFO[0m Creating package script '/home/booster/Workspace/Booster_T1_3v3_Demo/install/vision/share/vision/package.ps1'
[4.770s] [34mcolcon.colcon_core.shell[0m [1;30mINFO[0m Creating package descriptor '/home/booster/Workspace/Booster_T1_3v3_Demo/install/vision/share/vision/package.dsv'
[4.774s] [34mcolcon.colcon_core.shell[0m [1;30mINFO[0m Creating package script '/home/booster/Workspace/Booster_T1_3v3_Demo/install/vision/share/vision/package.sh'
[4.775s] [34mcolcon.colcon_core.shell[0m [1;30mINFO[0m Creating package script '/home/booster/Workspace/Booster_T1_3v3_Demo/install/vision/share/vision/package.bash'
[4.777s] [34mcolcon.colcon_core.shell[0m [1;30mINFO[0m Creating package script '/home/booster/Workspace/Booster_T1_3v3_Demo/install/vision/share/vision/package.zsh'
[4.778s] [34mcolcon.colcon_core.environment[0m [1;30mLevel 1[0m create_file_with_runtime_dependencies(/home/booster/Workspace/Booster_T1_3v3_Demo/install/vision/share/colcon-core/packages/vision)
[4.781s] [34mcolcon.colcon_core.environment[0m [1;30mLevel 1[0m create_environment_scripts_only(vision)
[4.781s] [34mcolcon.colcon_core.environment[0m [1;30mLevel 1[0m checking '/home/booster/Workspace/Booster_T1_3v3_Demo/install/vision' for CMake module files
[4.782s] [34mcolcon.colcon_core.environment[0m [1;30mLevel 1[0m checking '/home/booster/Workspace/Booster_T1_3v3_Demo/install/vision' for CMake config files
[4.783s] [34mcolcon.colcon_core.shell[0m [1;30mLevel 1[0m create_environment_hook('vision', 'cmake_prefix_path')
[4.784s] [34mcolcon.colcon_core.shell[0m [1;30mINFO[0m Creating environment hook '/home/booster/Workspace/Booster_T1_3v3_Demo/install/vision/share/vision/hook/cmake_prefix_path.ps1'
[4.802s] [34mcolcon.colcon_core.shell[0m [1;30mINFO[0m Creating environment descriptor '/home/booster/Workspace/Booster_T1_3v3_Demo/install/vision/share/vision/hook/cmake_prefix_path.dsv'
[4.806s] [34mcolcon.colcon_core.shell[0m [1;30mINFO[0m Creating environment hook '/home/booster/Workspace/Booster_T1_3v3_Demo/install/vision/share/vision/hook/cmake_prefix_path.sh'
[4.811s] [34mcolcon.colcon_core.environment[0m [1;30mLevel 1[0m checking '/home/booster/Workspace/Booster_T1_3v3_Demo/install/vision/lib'
[4.812s] [34mcolcon.colcon_core.shell[0m [1;30mLevel 1[0m create_environment_hook('vision', 'ld_library_path_lib')
[4.815s] [34mcolcon.colcon_core.shell[0m [1;30mINFO[0m Creating environment hook '/home/booster/Workspace/Booster_T1_3v3_Demo/install/vision/share/vision/hook/ld_library_path_lib.ps1'
[4.816s] [34mcolcon.colcon_core.shell[0m [1;30mINFO[0m Creating environment descriptor '/home/booster/Workspace/Booster_T1_3v3_Demo/install/vision/share/vision/hook/ld_library_path_lib.dsv'
[4.817s] [34mcolcon.colcon_core.shell[0m [1;30mINFO[0m Creating environment hook '/home/booster/Workspace/Booster_T1_3v3_Demo/install/vision/share/vision/hook/ld_library_path_lib.sh'
[4.819s] [34mcolcon.colcon_core.environment[0m [1;30mLevel 1[0m checking '/home/booster/Workspace/Booster_T1_3v3_Demo/install/vision/bin'
[4.819s] [34mcolcon.colcon_core.environment[0m [1;30mLevel 1[0m checking '/home/booster/Workspace/Booster_T1_3v3_Demo/install/vision/lib/pkgconfig/vision.pc'
[4.820s] [34mcolcon.colcon_core.environment[0m [1;30mLevel 1[0m checking '/home/booster/Workspace/Booster_T1_3v3_Demo/install/vision/lib/python3.10/site-packages'
[4.820s] [34mcolcon.colcon_core.environment[0m [1;30mLevel 1[0m checking '/home/booster/Workspace/Booster_T1_3v3_Demo/install/vision/bin'
[4.821s] [34mcolcon.colcon_core.shell[0m [1;30mINFO[0m Creating package script '/home/booster/Workspace/Booster_T1_3v3_Demo/install/vision/share/vision/package.ps1'
[4.823s] [34mcolcon.colcon_core.shell[0m [1;30mINFO[0m Creating package descriptor '/home/booster/Workspace/Booster_T1_3v3_Demo/install/vision/share/vision/package.dsv'
[4.824s] [34mcolcon.colcon_core.shell[0m [1;30mINFO[0m Creating package script '/home/booster/Workspace/Booster_T1_3v3_Demo/install/vision/share/vision/package.sh'
[4.826s] [34mcolcon.colcon_core.shell[0m [1;30mINFO[0m Creating package script '/home/booster/Workspace/Booster_T1_3v3_Demo/install/vision/share/vision/package.bash'
[4.827s] [34mcolcon.colcon_core.shell[0m [1;30mINFO[0m Creating package script '/home/booster/Workspace/Booster_T1_3v3_Demo/install/vision/share/vision/package.zsh'
[4.829s] [34mcolcon.colcon_core.environment[0m [1;30mLevel 1[0m create_file_with_runtime_dependencies(/home/booster/Workspace/Booster_T1_3v3_Demo/install/vision/share/colcon-core/packages/vision)
[5.050s] [34mcolcon.colcon_core.shell[0m [1;30mLevel 1[0m create_environment_hook('sound_play', 'pythonpath_develop')
[5.052s] [34mcolcon.colcon_core.shell[0m [1;30mINFO[0m Creating environment hook '/home/booster/Workspace/Booster_T1_3v3_Demo/build/sound_play/share/sound_play/hook/pythonpath_develop.ps1'
[5.053s] [34mcolcon.colcon_core.event_handler.log_command[0m [1;30mDEBUG[0m [32mInvoked command in '/home/booster/Workspace/Booster_T1_3v3_Demo/build/sound_play' returned '0': PYTHONPATH=/home/booster/Workspace/Booster_T1_3v3_Demo/build/sound_play/prefix_override:/usr/lib/python3/dist-packages/colcon_core/task/python/colcon_distutils_commands:/home/booster/Workspace/Booster_T1_3v3_Demo/install/sound_play/lib/python3.10/site-packages:${PYTHONPATH} /usr/bin/python3 -W ignore:setup.py install is deprecated -W ignore:easy_install command is deprecated setup.py develop --editable --build-directory /home/booster/Workspace/Booster_T1_3v3_Demo/build/sound_play/build --no-deps symlink_data[0m
[5.054s] [34mcolcon.colcon_core.shell[0m [1;30mINFO[0m Creating environment descriptor '/home/booster/Workspace/Booster_T1_3v3_Demo/build/sound_play/share/sound_play/hook/pythonpath_develop.dsv'
[5.055s] [34mcolcon.colcon_core.shell[0m [1;30mINFO[0m Creating environment hook '/home/booster/Workspace/Booster_T1_3v3_Demo/build/sound_play/share/sound_play/hook/pythonpath_develop.sh'
[5.057s] [34mcolcon.colcon_core.environment[0m [1;30mLevel 1[0m checking '/home/booster/Workspace/Booster_T1_3v3_Demo/install/sound_play' for CMake module files
[5.058s] [34mcolcon.colcon_core.environment[0m [1;30mLevel 1[0m checking '/home/booster/Workspace/Booster_T1_3v3_Demo/install/sound_play' for CMake config files
[5.063s] [34mcolcon.colcon_core.environment[0m [1;30mLevel 1[0m checking '/home/booster/Workspace/Booster_T1_3v3_Demo/install/sound_play/lib'
[5.064s] [34mcolcon.colcon_core.environment[0m [1;30mLevel 1[0m checking '/home/booster/Workspace/Booster_T1_3v3_Demo/install/sound_play/bin'
[5.064s] [34mcolcon.colcon_core.environment[0m [1;30mLevel 1[0m checking '/home/booster/Workspace/Booster_T1_3v3_Demo/install/sound_play/lib/pkgconfig/sound_play.pc'
[5.069s] [34mcolcon.colcon_core.environment[0m [1;30mLevel 1[0m checking '/home/booster/Workspace/Booster_T1_3v3_Demo/install/sound_play/lib/python3.10/site-packages'
[5.069s] [34mcolcon.colcon_core.shell[0m [1;30mLevel 1[0m create_environment_hook('sound_play', 'pythonpath')
[5.070s] [34mcolcon.colcon_core.shell[0m [1;30mINFO[0m Creating environment hook '/home/booster/Workspace/Booster_T1_3v3_Demo/install/sound_play/share/sound_play/hook/pythonpath.ps1'
[5.071s] [34mcolcon.colcon_core.shell[0m [1;30mINFO[0m Creating environment descriptor '/home/booster/Workspace/Booster_T1_3v3_Demo/install/sound_play/share/sound_play/hook/pythonpath.dsv'
[5.073s] [34mcolcon.colcon_core.shell[0m [1;30mINFO[0m Creating environment hook '/home/booster/Workspace/Booster_T1_3v3_Demo/install/sound_play/share/sound_play/hook/pythonpath.sh'
[5.074s] [34mcolcon.colcon_core.environment[0m [1;30mLevel 1[0m checking '/home/booster/Workspace/Booster_T1_3v3_Demo/install/sound_play/bin'
[5.074s] [34mcolcon.colcon_core.environment[0m [1;30mLevel 1[0m create_environment_scripts_only(sound_play)
[5.075s] [34mcolcon.colcon_core.shell[0m [1;30mINFO[0m Creating package script '/home/booster/Workspace/Booster_T1_3v3_Demo/install/sound_play/share/sound_play/package.ps1'
[5.077s] [34mcolcon.colcon_core.shell[0m [1;30mINFO[0m Creating package descriptor '/home/booster/Workspace/Booster_T1_3v3_Demo/install/sound_play/share/sound_play/package.dsv'
[5.078s] [34mcolcon.colcon_core.shell[0m [1;30mINFO[0m Creating package script '/home/booster/Workspace/Booster_T1_3v3_Demo/install/sound_play/share/sound_play/package.sh'
[5.079s] [34mcolcon.colcon_core.shell[0m [1;30mINFO[0m Creating package script '/home/booster/Workspace/Booster_T1_3v3_Demo/install/sound_play/share/sound_play/package.bash'
[5.080s] [34mcolcon.colcon_core.shell[0m [1;30mINFO[0m Creating package script '/home/booster/Workspace/Booster_T1_3v3_Demo/install/sound_play/share/sound_play/package.zsh'
[5.081s] [34mcolcon.colcon_core.environment[0m [1;30mLevel 1[0m create_file_with_runtime_dependencies(/home/booster/Workspace/Booster_T1_3v3_Demo/install/sound_play/share/colcon-core/packages/sound_play)
[6.564s] [34mcolcon.colcon_core.event_handler.log_command[0m [1;30mDEBUG[0m [32mInvoked command in '/home/booster/Workspace/Booster_T1_3v3_Demo/build/brain' returned '0': AMENT_PREFIX_PATH=/home/booster/Workspace/Booster_T1_3v3_Demo/install/vision_interface:/home/booster/Workspace/Booster_T1_3v3_Demo/install/game_controller_interface:/home/booster/Workspace/Booster_T1_3v3_Demo/install/booster_msgs:/home/booster/Workspace/Booster_T1_3v3_Demo/install/booster_interface:${AMENT_PREFIX_PATH} CMAKE_PREFIX_PATH=/home/booster/Workspace/Booster_T1_3v3_Demo/install/vision_interface:/home/booster/Workspace/Booster_T1_3v3_Demo/install/game_controller_interface:/home/booster/Workspace/Booster_T1_3v3_Demo/install/booster_msgs:/home/booster/Workspace/Booster_T1_3v3_Demo/install/booster_interface:/opt/ros/humble LD_LIBRARY_PATH=/home/booster/Workspace/Booster_T1_3v3_Demo/install/vision_interface/lib:/home/booster/Workspace/Booster_T1_3v3_Demo/install/game_controller_interface/lib:/home/booster/Workspace/Booster_T1_3v3_Demo/install/booster_msgs/lib:/home/booster/Workspace/Booster_T1_3v3_Demo/install/booster_interface/lib:/opt/ros/humble/opt/rviz_ogre_vendor/lib:/opt/ros/humble/lib/aarch64-linux-gnu:/opt/ros/humble/lib:/usr/local/cuda/lib64 PYTHONPATH=/home/booster/Workspace/Booster_T1_3v3_Demo/install/vision_interface/local/lib/python3.10/dist-packages:/home/booster/Workspace/Booster_T1_3v3_Demo/install/game_controller_interface/local/lib/python3.10/dist-packages:/home/booster/Workspace/Booster_T1_3v3_Demo/install/booster_msgs/local/lib/python3.10/dist-packages:/home/booster/Workspace/Booster_T1_3v3_Demo/install/booster_interface/local/lib/python3.10/dist-packages:${PYTHONPATH} /usr/bin/cmake --build /home/booster/Workspace/Booster_T1_3v3_Demo/build/brain -- -j8 -l8[0m
[6.566s] [34mcolcon.colcon_core.event_handler.log_command[0m [1;30mDEBUG[0m [32mInvoking command in '/home/booster/Workspace/Booster_T1_3v3_Demo/build/brain': AMENT_PREFIX_PATH=/home/booster/Workspace/Booster_T1_3v3_Demo/install/vision_interface:/home/booster/Workspace/Booster_T1_3v3_Demo/install/game_controller_interface:/home/booster/Workspace/Booster_T1_3v3_Demo/install/booster_msgs:/home/booster/Workspace/Booster_T1_3v3_Demo/install/booster_interface:${AMENT_PREFIX_PATH} CMAKE_PREFIX_PATH=/home/booster/Workspace/Booster_T1_3v3_Demo/install/vision_interface:/home/booster/Workspace/Booster_T1_3v3_Demo/install/game_controller_interface:/home/booster/Workspace/Booster_T1_3v3_Demo/install/booster_msgs:/home/booster/Workspace/Booster_T1_3v3_Demo/install/booster_interface:/opt/ros/humble LD_LIBRARY_PATH=/home/booster/Workspace/Booster_T1_3v3_Demo/install/vision_interface/lib:/home/booster/Workspace/Booster_T1_3v3_Demo/install/game_controller_interface/lib:/home/booster/Workspace/Booster_T1_3v3_Demo/install/booster_msgs/lib:/home/booster/Workspace/Booster_T1_3v3_Demo/install/booster_interface/lib:/opt/ros/humble/opt/rviz_ogre_vendor/lib:/opt/ros/humble/lib/aarch64-linux-gnu:/opt/ros/humble/lib:/usr/local/cuda/lib64 PYTHONPATH=/home/booster/Workspace/Booster_T1_3v3_Demo/install/vision_interface/local/lib/python3.10/dist-packages:/home/booster/Workspace/Booster_T1_3v3_Demo/install/game_controller_interface/local/lib/python3.10/dist-packages:/home/booster/Workspace/Booster_T1_3v3_Demo/install/booster_msgs/local/lib/python3.10/dist-packages:/home/booster/Workspace/Booster_T1_3v3_Demo/install/booster_interface/local/lib/python3.10/dist-packages:${PYTHONPATH} /usr/bin/cmake --install /home/booster/Workspace/Booster_T1_3v3_Demo/build/brain[0m
[6.803s] [34mcolcon.colcon_core.environment[0m [1;30mLevel 1[0m create_environment_scripts_only(brain)
[6.805s] [34mcolcon.colcon_core.environment[0m [1;30mLevel 1[0m checking '/home/booster/Workspace/Booster_T1_3v3_Demo/install/brain' for CMake module files
[6.807s] [34mcolcon.colcon_core.event_handler.log_command[0m [1;30mDEBUG[0m [32mInvoked command in '/home/booster/Workspace/Booster_T1_3v3_Demo/build/brain' returned '0': AMENT_PREFIX_PATH=/home/booster/Workspace/Booster_T1_3v3_Demo/install/vision_interface:/home/booster/Workspace/Booster_T1_3v3_Demo/install/game_controller_interface:/home/booster/Workspace/Booster_T1_3v3_Demo/install/booster_msgs:/home/booster/Workspace/Booster_T1_3v3_Demo/install/booster_interface:${AMENT_PREFIX_PATH} CMAKE_PREFIX_PATH=/home/booster/Workspace/Booster_T1_3v3_Demo/install/vision_interface:/home/booster/Workspace/Booster_T1_3v3_Demo/install/game_controller_interface:/home/booster/Workspace/Booster_T1_3v3_Demo/install/booster_msgs:/home/booster/Workspace/Booster_T1_3v3_Demo/install/booster_interface:/opt/ros/humble LD_LIBRARY_PATH=/home/booster/Workspace/Booster_T1_3v3_Demo/install/vision_interface/lib:/home/booster/Workspace/Booster_T1_3v3_Demo/install/game_controller_interface/lib:/home/booster/Workspace/Booster_T1_3v3_Demo/install/booster_msgs/lib:/home/booster/Workspace/Booster_T1_3v3_Demo/install/booster_interface/lib:/opt/ros/humble/opt/rviz_ogre_vendor/lib:/opt/ros/humble/lib/aarch64-linux-gnu:/opt/ros/humble/lib:/usr/local/cuda/lib64 PYTHONPATH=/home/booster/Workspace/Booster_T1_3v3_Demo/install/vision_interface/local/lib/python3.10/dist-packages:/home/booster/Workspace/Booster_T1_3v3_Demo/install/game_controller_interface/local/lib/python3.10/dist-packages:/home/booster/Workspace/Booster_T1_3v3_Demo/install/booster_msgs/local/lib/python3.10/dist-packages:/home/booster/Workspace/Booster_T1_3v3_Demo/install/booster_interface/local/lib/python3.10/dist-packages:${PYTHONPATH} /usr/bin/cmake --install /home/booster/Workspace/Booster_T1_3v3_Demo/build/brain[0m
[6.808s] [34mcolcon.colcon_core.environment[0m [1;30mLevel 1[0m checking '/home/booster/Workspace/Booster_T1_3v3_Demo/install/brain' for CMake config files
[6.811s] [34mcolcon.colcon_core.shell[0m [1;30mLevel 1[0m create_environment_hook('brain', 'cmake_prefix_path')
[6.814s] [34mcolcon.colcon_core.shell[0m [1;30mINFO[0m Creating environment hook '/home/booster/Workspace/Booster_T1_3v3_Demo/install/brain/share/brain/hook/cmake_prefix_path.ps1'
[6.816s] [34mcolcon.colcon_core.shell[0m [1;30mINFO[0m Creating environment descriptor '/home/booster/Workspace/Booster_T1_3v3_Demo/install/brain/share/brain/hook/cmake_prefix_path.dsv'
[6.818s] [34mcolcon.colcon_core.shell[0m [1;30mINFO[0m Creating environment hook '/home/booster/Workspace/Booster_T1_3v3_Demo/install/brain/share/brain/hook/cmake_prefix_path.sh'
[6.820s] [34mcolcon.colcon_core.environment[0m [1;30mLevel 1[0m checking '/home/booster/Workspace/Booster_T1_3v3_Demo/install/brain/lib'
[6.821s] [34mcolcon.colcon_core.shell[0m [1;30mLevel 1[0m create_environment_hook('brain', 'ld_library_path_lib')
[6.824s] [34mcolcon.colcon_core.shell[0m [1;30mINFO[0m Creating environment hook '/home/booster/Workspace/Booster_T1_3v3_Demo/install/brain/share/brain/hook/ld_library_path_lib.ps1'
[6.826s] [34mcolcon.colcon_core.shell[0m [1;30mINFO[0m Creating environment descriptor '/home/booster/Workspace/Booster_T1_3v3_Demo/install/brain/share/brain/hook/ld_library_path_lib.dsv'
[6.828s] [34mcolcon.colcon_core.shell[0m [1;30mINFO[0m Creating environment hook '/home/booster/Workspace/Booster_T1_3v3_Demo/install/brain/share/brain/hook/ld_library_path_lib.sh'
[6.829s] [34mcolcon.colcon_core.environment[0m [1;30mLevel 1[0m checking '/home/booster/Workspace/Booster_T1_3v3_Demo/install/brain/bin'
[6.830s] [34mcolcon.colcon_core.environment[0m [1;30mLevel 1[0m checking '/home/booster/Workspace/Booster_T1_3v3_Demo/install/brain/lib/pkgconfig/brain.pc'
[6.830s] [34mcolcon.colcon_core.environment[0m [1;30mLevel 1[0m checking '/home/booster/Workspace/Booster_T1_3v3_Demo/install/brain/lib/python3.10/site-packages'
[6.831s] [34mcolcon.colcon_core.environment[0m [1;30mLevel 1[0m checking '/home/booster/Workspace/Booster_T1_3v3_Demo/install/brain/bin'
[6.835s] [34mcolcon.colcon_core.shell[0m [1;30mINFO[0m Creating package script '/home/booster/Workspace/Booster_T1_3v3_Demo/install/brain/share/brain/package.ps1'
[6.838s] [34mcolcon.colcon_core.shell[0m [1;30mINFO[0m Creating package descriptor '/home/booster/Workspace/Booster_T1_3v3_Demo/install/brain/share/brain/package.dsv'
[6.840s] [34mcolcon.colcon_core.shell[0m [1;30mINFO[0m Creating package script '/home/booster/Workspace/Booster_T1_3v3_Demo/install/brain/share/brain/package.sh'
[6.844s] [34mcolcon.colcon_core.shell[0m [1;30mINFO[0m Creating package script '/home/booster/Workspace/Booster_T1_3v3_Demo/install/brain/share/brain/package.bash'
[6.846s] [34mcolcon.colcon_core.shell[0m [1;30mINFO[0m Creating package script '/home/booster/Workspace/Booster_T1_3v3_Demo/install/brain/share/brain/package.zsh'
[6.847s] [34mcolcon.colcon_core.environment[0m [1;30mLevel 1[0m create_file_with_runtime_dependencies(/home/booster/Workspace/Booster_T1_3v3_Demo/install/brain/share/colcon-core/packages/brain)
[6.848s] [34mcolcon.colcon_core.environment[0m [1;30mLevel 1[0m create_environment_scripts_only(brain)
[6.849s] [34mcolcon.colcon_core.environment[0m [1;30mLevel 1[0m checking '/home/booster/Workspace/Booster_T1_3v3_Demo/install/brain' for CMake module files
[6.850s] [34mcolcon.colcon_core.environment[0m [1;30mLevel 1[0m checking '/home/booster/Workspace/Booster_T1_3v3_Demo/install/brain' for CMake config files
[6.854s] [34mcolcon.colcon_core.shell[0m [1;30mLevel 1[0m create_environment_hook('brain', 'cmake_prefix_path')
[6.855s] [34mcolcon.colcon_core.shell[0m [1;30mINFO[0m Creating environment hook '/home/booster/Workspace/Booster_T1_3v3_Demo/install/brain/share/brain/hook/cmake_prefix_path.ps1'
[6.859s] [34mcolcon.colcon_core.shell[0m [1;30mINFO[0m Creating environment descriptor '/home/booster/Workspace/Booster_T1_3v3_Demo/install/brain/share/brain/hook/cmake_prefix_path.dsv'
[6.860s] [34mcolcon.colcon_core.shell[0m [1;30mINFO[0m Creating environment hook '/home/booster/Workspace/Booster_T1_3v3_Demo/install/brain/share/brain/hook/cmake_prefix_path.sh'
[6.861s] [34mcolcon.colcon_core.environment[0m [1;30mLevel 1[0m checking '/home/booster/Workspace/Booster_T1_3v3_Demo/install/brain/lib'
[6.862s] [34mcolcon.colcon_core.shell[0m [1;30mLevel 1[0m create_environment_hook('brain', 'ld_library_path_lib')
[6.864s] [34mcolcon.colcon_core.shell[0m [1;30mINFO[0m Creating environment hook '/home/booster/Workspace/Booster_T1_3v3_Demo/install/brain/share/brain/hook/ld_library_path_lib.ps1'
[6.865s] [34mcolcon.colcon_core.shell[0m [1;30mINFO[0m Creating environment descriptor '/home/booster/Workspace/Booster_T1_3v3_Demo/install/brain/share/brain/hook/ld_library_path_lib.dsv'
[6.866s] [34mcolcon.colcon_core.shell[0m [1;30mINFO[0m Creating environment hook '/home/booster/Workspace/Booster_T1_3v3_Demo/install/brain/share/brain/hook/ld_library_path_lib.sh'
[6.867s] [34mcolcon.colcon_core.environment[0m [1;30mLevel 1[0m checking '/home/booster/Workspace/Booster_T1_3v3_Demo/install/brain/bin'
[6.867s] [34mcolcon.colcon_core.environment[0m [1;30mLevel 1[0m checking '/home/booster/Workspace/Booster_T1_3v3_Demo/install/brain/lib/pkgconfig/brain.pc'
[6.868s] [34mcolcon.colcon_core.environment[0m [1;30mLevel 1[0m checking '/home/booster/Workspace/Booster_T1_3v3_Demo/install/brain/lib/python3.10/site-packages'
[6.868s] [34mcolcon.colcon_core.environment[0m [1;30mLevel 1[0m checking '/home/booster/Workspace/Booster_T1_3v3_Demo/install/brain/bin'
[6.869s] [34mcolcon.colcon_core.shell[0m [1;30mINFO[0m Creating package script '/home/booster/Workspace/Booster_T1_3v3_Demo/install/brain/share/brain/package.ps1'
[6.870s] [34mcolcon.colcon_core.shell[0m [1;30mINFO[0m Creating package descriptor '/home/booster/Workspace/Booster_T1_3v3_Demo/install/brain/share/brain/package.dsv'
[6.871s] [34mcolcon.colcon_core.shell[0m [1;30mINFO[0m Creating package script '/home/booster/Workspace/Booster_T1_3v3_Demo/install/brain/share/brain/package.sh'
[6.875s] [34mcolcon.colcon_core.shell[0m [1;30mINFO[0m Creating package script '/home/booster/Workspace/Booster_T1_3v3_Demo/install/brain/share/brain/package.bash'
[6.877s] [34mcolcon.colcon_core.shell[0m [1;30mINFO[0m Creating package script '/home/booster/Workspace/Booster_T1_3v3_Demo/install/brain/share/brain/package.zsh'
[6.879s] [34mcolcon.colcon_core.environment[0m [1;30mLevel 1[0m create_file_with_runtime_dependencies(/home/booster/Workspace/Booster_T1_3v3_Demo/install/brain/share/colcon-core/packages/brain)
[6.881s] [34mcolcon.colcon_parallel_executor.executor.parallel[0m [1;30mDEBUG[0m [32mclosing loop[0m
[6.881s] [34mcolcon.colcon_parallel_executor.executor.parallel[0m [1;30mDEBUG[0m [32mloop closed[0m
[6.882s] [34mcolcon.colcon_parallel_executor.executor.parallel[0m [1;30mDEBUG[0m [32mrun_until_complete finished with '0'[0m
[6.884s] [34mcolcon.colcon_core.event_reactor[0m [1;30mDEBUG[0m [32mjoining thread[0m
[6.898s] [34mcolcon.colcon_core.plugin_system[0m [1;30mINFO[0m Skipping extension 'colcon_notification.desktop_notification.terminal_notifier': Not used on non-Darwin systems
[6.899s] [34mcolcon.colcon_core.plugin_system[0m [1;30mINFO[0m Skipping extension 'colcon_notification.desktop_notification.win32': Not used on non-Windows systems
[6.899s] [34mcolcon.colcon_notification.desktop_notification[0m [1;30mINFO[0m Sending desktop notification using 'notify2'
[6.963s] [34mcolcon.colcon_core.event_reactor[0m [1;30mDEBUG[0m [32mjoined thread[0m
[6.964s] [34mcolcon.colcon_core.shell[0m [1;30mINFO[0m Creating prefix script '/home/booster/Workspace/Booster_T1_3v3_Demo/install/local_setup.ps1'
[6.967s] [34mcolcon.colcon_core.shell[0m [1;30mINFO[0m Creating prefix util module '/home/booster/Workspace/Booster_T1_3v3_Demo/install/_local_setup_util_ps1.py'
[6.971s] [34mcolcon.colcon_core.shell[0m [1;30mINFO[0m Creating prefix chain script '/home/booster/Workspace/Booster_T1_3v3_Demo/install/setup.ps1'
[6.974s] [34mcolcon.colcon_core.shell[0m [1;30mINFO[0m Creating prefix script '/home/booster/Workspace/Booster_T1_3v3_Demo/install/local_setup.sh'
[6.976s] [34mcolcon.colcon_core.shell[0m [1;30mINFO[0m Creating prefix util module '/home/booster/Workspace/Booster_T1_3v3_Demo/install/_local_setup_util_sh.py'
[6.978s] [34mcolcon.colcon_core.shell[0m [1;30mINFO[0m Creating prefix chain script '/home/booster/Workspace/Booster_T1_3v3_Demo/install/setup.sh'
[6.980s] [34mcolcon.colcon_core.shell[0m [1;30mINFO[0m Creating prefix script '/home/booster/Workspace/Booster_T1_3v3_Demo/install/local_setup.bash'
[6.981s] [34mcolcon.colcon_core.shell[0m [1;30mINFO[0m Creating prefix chain script '/home/booster/Workspace/Booster_T1_3v3_Demo/install/setup.bash'
[6.984s] [34mcolcon.colcon_core.shell[0m [1;30mINFO[0m Creating prefix script '/home/booster/Workspace/Booster_T1_3v3_Demo/install/local_setup.zsh'
[6.985s] [34mcolcon.colcon_core.shell[0m [1;30mINFO[0m Creating prefix chain script '/home/booster/Workspace/Booster_T1_3v3_Demo/install/setup.zsh'
