[0.334s] [34mcolcon[0m [1;30mDEBUG[0m [32mCommand line arguments: ['/usr/bin/colcon', 'build', '--symlink-install', '--parallel-workers', '5'][0m
[0.334s] [34mcolcon[0m [1;30mDEBUG[0m [32mParsed command line arguments: Namespace(log_base=None, log_level=None, verb_name='build', build_base='build', install_base='install', merge_install=False, symlink_install=True, test_result_base=None, continue_on_error=False, executor='parallel', parallel_workers=5, event_handlers=None, ignore_user_meta=False, metas=['./colcon.meta'], base_paths=['.'], packages_ignore=None, packages_ignore_regex=None, paths=None, packages_up_to=None, packages_up_to_regex=None, packages_above=None, packages_above_and_dependencies=None, packages_above_depth=None, packages_select_by_dep=None, packages_skip_by_dep=None, packages_skip_up_to=None, packages_select_build_failed=False, packages_skip_build_finished=False, packages_select_test_failures=False, packages_skip_test_passed=False, packages_select=None, packages_skip=None, packages_select_regex=None, packages_skip_regex=None, packages_start=None, packages_end=None, allow_overriding=[], cmake_args=None, cmake_target=None, cmake_target_skip_unavailable=False, cmake_clean_cache=False, cmake_clean_first=False, cmake_force_configure=False, ament_cmake_args=None, catkin_cmake_args=None, catkin_skip_building_tests=False, verb_parser=<colcon_defaults.argument_parser.defaults.DefaultArgumentsDecorator object at 0xffffb9c616f0>, verb_extension=<colcon_core.verb.build.BuildVerb object at 0xffffb9e9efb0>, main=<bound method BuildVerb.main of <colcon_core.verb.build.BuildVerb object at 0xffffb9e9efb0>>)[0m
[0.926s] [34mcolcon.colcon_core.package_discovery[0m [1;30mLevel 1[0m discover_packages(colcon_meta) check parameters
[0.927s] [34mcolcon.colcon_core.package_discovery[0m [1;30mLevel 1[0m discover_packages(recursive) check parameters
[0.927s] [34mcolcon.colcon_core.package_discovery[0m [1;30mLevel 1[0m discover_packages(ignore) check parameters
[0.927s] [34mcolcon.colcon_core.package_discovery[0m [1;30mLevel 1[0m discover_packages(path) check parameters
[0.927s] [34mcolcon.colcon_core.package_discovery[0m [1;30mLevel 1[0m discover_packages(colcon_meta) discover
[0.927s] [34mcolcon.colcon_core.package_discovery[0m [1;30mLevel 1[0m discover_packages(recursive) discover
[0.927s] [34mcolcon.colcon_core.package_discovery[0m [1;30mINFO[0m Crawling recursively for packages in '/home/booster/Workspace/Booster_T1_3v3_Demo'
[0.927s] [34mcolcon.colcon_core.package_identification[0m [1;30mLevel 1[0m _identify(.) by extensions ['ignore', 'ignore_ament_install']
[0.928s] [34mcolcon.colcon_core.package_identification[0m [1;30mLevel 1[0m _identify(.) by extension 'ignore'
[0.928s] [34mcolcon.colcon_core.package_identification[0m [1;30mLevel 1[0m _identify(.) by extension 'ignore_ament_install'
[0.929s] [34mcolcon.colcon_core.package_identification[0m [1;30mLevel 1[0m _identify(.) by extensions ['colcon_pkg']
[0.929s] [34mcolcon.colcon_core.package_identification[0m [1;30mLevel 1[0m _identify(.) by extension 'colcon_pkg'
[0.929s] [34mcolcon.colcon_core.package_identification[0m [1;30mLevel 1[0m _identify(.) by extensions ['colcon_meta']
[0.929s] [34mcolcon.colcon_core.package_identification[0m [1;30mLevel 1[0m _identify(.) by extension 'colcon_meta'
[0.929s] [34mcolcon.colcon_core.package_identification[0m [1;30mLevel 1[0m _identify(.) by extensions ['ros']
[0.929s] [34mcolcon.colcon_core.package_identification[0m [1;30mLevel 1[0m _identify(.) by extension 'ros'
[0.978s] [34mcolcon.colcon_core.package_identification[0m [1;30mLevel 1[0m _identify(.) by extensions ['cmake', 'python']
[0.980s] [34mcolcon.colcon_core.package_identification[0m [1;30mLevel 1[0m _identify(.) by extension 'cmake'
[0.980s] [34mcolcon.colcon_core.package_identification[0m [1;30mLevel 1[0m _identify(.) by extension 'python'
[0.980s] [34mcolcon.colcon_core.package_identification[0m [1;30mLevel 1[0m _identify(.) by extensions ['python_setup_py']
[0.981s] [34mcolcon.colcon_core.package_identification[0m [1;30mLevel 1[0m _identify(.) by extension 'python_setup_py'
[0.981s] [34mcolcon.colcon_core.package_identification[0m [1;30mLevel 1[0m _identify(build) by extensions ['ignore', 'ignore_ament_install']
[0.982s] [34mcolcon.colcon_core.package_identification[0m [1;30mLevel 1[0m _identify(build) by extension 'ignore'
[0.983s] [34mcolcon.colcon_core.package_identification[0m [1;30mLevel 1[0m _identify(build) ignored
[0.983s] [34mcolcon.colcon_core.package_identification[0m [1;30mLevel 1[0m _identify(configs) by extensions ['ignore', 'ignore_ament_install']
[0.984s] [34mcolcon.colcon_core.package_identification[0m [1;30mLevel 1[0m _identify(configs) by extension 'ignore'
[0.984s] [34mcolcon.colcon_core.package_identification[0m [1;30mLevel 1[0m _identify(configs) by extension 'ignore_ament_install'
[0.984s] [34mcolcon.colcon_core.package_identification[0m [1;30mLevel 1[0m _identify(configs) by extensions ['colcon_pkg']
[0.984s] [34mcolcon.colcon_core.package_identification[0m [1;30mLevel 1[0m _identify(configs) by extension 'colcon_pkg'
[0.985s] [34mcolcon.colcon_core.package_identification[0m [1;30mLevel 1[0m _identify(configs) by extensions ['colcon_meta']
[0.985s] [34mcolcon.colcon_core.package_identification[0m [1;30mLevel 1[0m _identify(configs) by extension 'colcon_meta'
[0.985s] [34mcolcon.colcon_core.package_identification[0m [1;30mLevel 1[0m _identify(configs) by extensions ['ros']
[0.985s] [34mcolcon.colcon_core.package_identification[0m [1;30mLevel 1[0m _identify(configs) by extension 'ros'
[0.986s] [34mcolcon.colcon_core.package_identification[0m [1;30mLevel 1[0m _identify(configs) by extensions ['cmake', 'python']
[0.986s] [34mcolcon.colcon_core.package_identification[0m [1;30mLevel 1[0m _identify(configs) by extension 'cmake'
[0.986s] [34mcolcon.colcon_core.package_identification[0m [1;30mLevel 1[0m _identify(configs) by extension 'python'
[0.986s] [34mcolcon.colcon_core.package_identification[0m [1;30mLevel 1[0m _identify(configs) by extensions ['python_setup_py']
[0.986s] [34mcolcon.colcon_core.package_identification[0m [1;30mLevel 1[0m _identify(configs) by extension 'python_setup_py'
[0.987s] [34mcolcon.colcon_core.package_identification[0m [1;30mLevel 1[0m _identify(distribution) by extensions ['ignore', 'ignore_ament_install']
[0.987s] [34mcolcon.colcon_core.package_identification[0m [1;30mLevel 1[0m _identify(distribution) by extension 'ignore'
[0.987s] [34mcolcon.colcon_core.package_identification[0m [1;30mLevel 1[0m _identify(distribution) by extension 'ignore_ament_install'
[0.987s] [34mcolcon.colcon_core.package_identification[0m [1;30mLevel 1[0m _identify(distribution) by extensions ['colcon_pkg']
[0.988s] [34mcolcon.colcon_core.package_identification[0m [1;30mLevel 1[0m _identify(distribution) by extension 'colcon_pkg'
[0.988s] [34mcolcon.colcon_core.package_identification[0m [1;30mLevel 1[0m _identify(distribution) by extensions ['colcon_meta']
[0.988s] [34mcolcon.colcon_core.package_identification[0m [1;30mLevel 1[0m _identify(distribution) by extension 'colcon_meta'
[0.988s] [34mcolcon.colcon_core.package_identification[0m [1;30mLevel 1[0m _identify(distribution) by extensions ['ros']
[0.989s] [34mcolcon.colcon_core.package_identification[0m [1;30mLevel 1[0m _identify(distribution) by extension 'ros'
[0.989s] [34mcolcon.colcon_core.package_identification[0m [1;30mLevel 1[0m _identify(distribution) by extensions ['cmake', 'python']
[0.990s] [34mcolcon.colcon_core.package_identification[0m [1;30mLevel 1[0m _identify(distribution) by extension 'cmake'
[0.990s] [34mcolcon.colcon_core.package_identification[0m [1;30mLevel 1[0m _identify(distribution) by extension 'python'
[0.990s] [34mcolcon.colcon_core.package_identification[0m [1;30mLevel 1[0m _identify(distribution) by extensions ['python_setup_py']
[0.990s] [34mcolcon.colcon_core.package_identification[0m [1;30mLevel 1[0m _identify(distribution) by extension 'python_setup_py'
[0.991s] [34mcolcon.colcon_core.package_identification[0m [1;30mLevel 1[0m _identify(install) by extensions ['ignore', 'ignore_ament_install']
[0.991s] [34mcolcon.colcon_core.package_identification[0m [1;30mLevel 1[0m _identify(install) by extension 'ignore'
[0.991s] [34mcolcon.colcon_core.package_identification[0m [1;30mLevel 1[0m _identify(install) ignored
[0.991s] [34mcolcon.colcon_core.package_identification[0m [1;30mLevel 1[0m _identify(log) by extensions ['ignore', 'ignore_ament_install']
[0.992s] [34mcolcon.colcon_core.package_identification[0m [1;30mLevel 1[0m _identify(log) by extension 'ignore'
[0.992s] [34mcolcon.colcon_core.package_identification[0m [1;30mLevel 1[0m _identify(log) ignored
[0.992s] [34mcolcon.colcon_core.package_identification[0m [1;30mLevel 1[0m _identify(scripts) by extensions ['ignore', 'ignore_ament_install']
[0.993s] [34mcolcon.colcon_core.package_identification[0m [1;30mLevel 1[0m _identify(scripts) by extension 'ignore'
[0.993s] [34mcolcon.colcon_core.package_identification[0m [1;30mLevel 1[0m _identify(scripts) by extension 'ignore_ament_install'
[0.993s] [34mcolcon.colcon_core.package_identification[0m [1;30mLevel 1[0m _identify(scripts) by extensions ['colcon_pkg']
[0.993s] [34mcolcon.colcon_core.package_identification[0m [1;30mLevel 1[0m _identify(scripts) by extension 'colcon_pkg'
[0.994s] [34mcolcon.colcon_core.package_identification[0m [1;30mLevel 1[0m _identify(scripts) by extensions ['colcon_meta']
[0.994s] [34mcolcon.colcon_core.package_identification[0m [1;30mLevel 1[0m _identify(scripts) by extension 'colcon_meta'
[0.994s] [34mcolcon.colcon_core.package_identification[0m [1;30mLevel 1[0m _identify(scripts) by extensions ['ros']
[0.995s] [34mcolcon.colcon_core.package_identification[0m [1;30mLevel 1[0m _identify(scripts) by extension 'ros'
[0.995s] [34mcolcon.colcon_core.package_identification[0m [1;30mLevel 1[0m _identify(scripts) by extensions ['cmake', 'python']
[0.995s] [34mcolcon.colcon_core.package_identification[0m [1;30mLevel 1[0m _identify(scripts) by extension 'cmake'
[0.996s] [34mcolcon.colcon_core.package_identification[0m [1;30mLevel 1[0m _identify(scripts) by extension 'python'
[0.997s] [34mcolcon.colcon_core.package_identification[0m [1;30mLevel 1[0m _identify(scripts) by extensions ['python_setup_py']
[0.997s] [34mcolcon.colcon_core.package_identification[0m [1;30mLevel 1[0m _identify(scripts) by extension 'python_setup_py'
[0.997s] [34mcolcon.colcon_core.package_identification[0m [1;30mLevel 1[0m _identify(scripts/build) by extensions ['ignore', 'ignore_ament_install']
[0.998s] [34mcolcon.colcon_core.package_identification[0m [1;30mLevel 1[0m _identify(scripts/build) by extension 'ignore'
[0.999s] [34mcolcon.colcon_core.package_identification[0m [1;30mLevel 1[0m _identify(scripts/build) ignored
[0.999s] [34mcolcon.colcon_core.package_identification[0m [1;30mLevel 1[0m _identify(scripts/install) by extensions ['ignore', 'ignore_ament_install']
[0.999s] [34mcolcon.colcon_core.package_identification[0m [1;30mLevel 1[0m _identify(scripts/install) by extension 'ignore'
[1.000s] [34mcolcon.colcon_core.package_identification[0m [1;30mLevel 1[0m _identify(scripts/install) ignored
[1.000s] [34mcolcon.colcon_core.package_identification[0m [1;30mLevel 1[0m _identify(scripts/log) by extensions ['ignore', 'ignore_ament_install']
[1.000s] [34mcolcon.colcon_core.package_identification[0m [1;30mLevel 1[0m _identify(scripts/log) by extension 'ignore'
[1.001s] [34mcolcon.colcon_core.package_identification[0m [1;30mLevel 1[0m _identify(scripts/log) ignored
[1.001s] [34mcolcon.colcon_core.package_identification[0m [1;30mLevel 1[0m _identify(src) by extensions ['ignore', 'ignore_ament_install']
[1.001s] [34mcolcon.colcon_core.package_identification[0m [1;30mLevel 1[0m _identify(src) by extension 'ignore'
[1.002s] [34mcolcon.colcon_core.package_identification[0m [1;30mLevel 1[0m _identify(src) by extension 'ignore_ament_install'
[1.002s] [34mcolcon.colcon_core.package_identification[0m [1;30mLevel 1[0m _identify(src) by extensions ['colcon_pkg']
[1.002s] [34mcolcon.colcon_core.package_identification[0m [1;30mLevel 1[0m _identify(src) by extension 'colcon_pkg'
[1.002s] [34mcolcon.colcon_core.package_identification[0m [1;30mLevel 1[0m _identify(src) by extensions ['colcon_meta']
[1.002s] [34mcolcon.colcon_core.package_identification[0m [1;30mLevel 1[0m _identify(src) by extension 'colcon_meta'
[1.003s] [34mcolcon.colcon_core.package_identification[0m [1;30mLevel 1[0m _identify(src) by extensions ['ros']
[1.003s] [34mcolcon.colcon_core.package_identification[0m [1;30mLevel 1[0m _identify(src) by extension 'ros'
[1.003s] [34mcolcon.colcon_core.package_identification[0m [1;30mLevel 1[0m _identify(src) by extensions ['cmake', 'python']
[1.003s] [34mcolcon.colcon_core.package_identification[0m [1;30mLevel 1[0m _identify(src) by extension 'cmake'
[1.004s] [34mcolcon.colcon_core.package_identification[0m [1;30mLevel 1[0m _identify(src) by extension 'python'
[1.004s] [34mcolcon.colcon_core.package_identification[0m [1;30mLevel 1[0m _identify(src) by extensions ['python_setup_py']
[1.004s] [34mcolcon.colcon_core.package_identification[0m [1;30mLevel 1[0m _identify(src) by extension 'python_setup_py'
[1.004s] [34mcolcon.colcon_core.package_identification[0m [1;30mLevel 1[0m _identify(src/booster_msgs) by extensions ['ignore', 'ignore_ament_install']
[1.004s] [34mcolcon.colcon_core.package_identification[0m [1;30mLevel 1[0m _identify(src/booster_msgs) by extension 'ignore'
[1.004s] [34mcolcon.colcon_core.package_identification[0m [1;30mLevel 1[0m _identify(src/booster_msgs) by extension 'ignore_ament_install'
[1.004s] [34mcolcon.colcon_core.package_identification[0m [1;30mLevel 1[0m _identify(src/booster_msgs) by extensions ['colcon_pkg']
[1.004s] [34mcolcon.colcon_core.package_identification[0m [1;30mLevel 1[0m _identify(src/booster_msgs) by extension 'colcon_pkg'
[1.005s] [34mcolcon.colcon_core.package_identification[0m [1;30mLevel 1[0m _identify(src/booster_msgs) by extensions ['colcon_meta']
[1.005s] [34mcolcon.colcon_core.package_identification[0m [1;30mLevel 1[0m _identify(src/booster_msgs) by extension 'colcon_meta'
[1.005s] [34mcolcon.colcon_core.package_identification[0m [1;30mLevel 1[0m _identify(src/booster_msgs) by extensions ['ros']
[1.005s] [34mcolcon.colcon_core.package_identification[0m [1;30mLevel 1[0m _identify(src/booster_msgs) by extension 'ros'
[1.011s] [34mcolcon.colcon_core.package_identification[0m [1;30mDEBUG[0m [32mPackage 'src/booster_msgs' with type 'ros.ament_cmake' and name 'booster_msgs'[0m
[1.012s] [34mcolcon.colcon_core.package_identification[0m [1;30mLevel 1[0m _identify(src/booster_ros2_interface) by extensions ['ignore', 'ignore_ament_install']
[1.013s] [34mcolcon.colcon_core.package_identification[0m [1;30mLevel 1[0m _identify(src/booster_ros2_interface) by extension 'ignore'
[1.014s] [34mcolcon.colcon_core.package_identification[0m [1;30mLevel 1[0m _identify(src/booster_ros2_interface) by extension 'ignore_ament_install'
[1.014s] [34mcolcon.colcon_core.package_identification[0m [1;30mLevel 1[0m _identify(src/booster_ros2_interface) by extensions ['colcon_pkg']
[1.014s] [34mcolcon.colcon_core.package_identification[0m [1;30mLevel 1[0m _identify(src/booster_ros2_interface) by extension 'colcon_pkg'
[1.014s] [34mcolcon.colcon_core.package_identification[0m [1;30mLevel 1[0m _identify(src/booster_ros2_interface) by extensions ['colcon_meta']
[1.014s] [34mcolcon.colcon_core.package_identification[0m [1;30mLevel 1[0m _identify(src/booster_ros2_interface) by extension 'colcon_meta'
[1.014s] [34mcolcon.colcon_core.package_identification[0m [1;30mLevel 1[0m _identify(src/booster_ros2_interface) by extensions ['ros']
[1.014s] [34mcolcon.colcon_core.package_identification[0m [1;30mLevel 1[0m _identify(src/booster_ros2_interface) by extension 'ros'
[1.016s] [34mcolcon.colcon_core.package_identification[0m [1;30mDEBUG[0m [32mPackage 'src/booster_ros2_interface' with type 'ros.ament_cmake' and name 'booster_interface'[0m
[1.016s] [34mcolcon.colcon_core.package_identification[0m [1;30mLevel 1[0m _identify(src/brain) by extensions ['ignore', 'ignore_ament_install']
[1.016s] [34mcolcon.colcon_core.package_identification[0m [1;30mLevel 1[0m _identify(src/brain) by extension 'ignore'
[1.017s] [34mcolcon.colcon_core.package_identification[0m [1;30mLevel 1[0m _identify(src/brain) by extension 'ignore_ament_install'
[1.017s] [34mcolcon.colcon_core.package_identification[0m [1;30mLevel 1[0m _identify(src/brain) by extensions ['colcon_pkg']
[1.017s] [34mcolcon.colcon_core.package_identification[0m [1;30mLevel 1[0m _identify(src/brain) by extension 'colcon_pkg'
[1.017s] [34mcolcon.colcon_core.package_identification[0m [1;30mLevel 1[0m _identify(src/brain) by extensions ['colcon_meta']
[1.017s] [34mcolcon.colcon_core.package_identification[0m [1;30mLevel 1[0m _identify(src/brain) by extension 'colcon_meta'
[1.017s] [34mcolcon.colcon_core.package_identification[0m [1;30mLevel 1[0m _identify(src/brain) by extensions ['ros']
[1.017s] [34mcolcon.colcon_core.package_identification[0m [1;30mLevel 1[0m _identify(src/brain) by extension 'ros'
[1.020s] [34mcolcon.colcon_core.package_identification[0m [1;30mDEBUG[0m [32mPackage 'src/brain' with type 'ros.ament_cmake' and name 'brain'[0m
[1.020s] [34mcolcon.colcon_core.package_identification[0m [1;30mLevel 1[0m _identify(src/build) by extensions ['ignore', 'ignore_ament_install']
[1.020s] [34mcolcon.colcon_core.package_identification[0m [1;30mLevel 1[0m _identify(src/build) by extension 'ignore'
[1.020s] [34mcolcon.colcon_core.package_identification[0m [1;30mLevel 1[0m _identify(src/build) ignored
[1.021s] [34mcolcon.colcon_core.package_identification[0m [1;30mLevel 1[0m _identify(src/game_controller) by extensions ['ignore', 'ignore_ament_install']
[1.021s] [34mcolcon.colcon_core.package_identification[0m [1;30mLevel 1[0m _identify(src/game_controller) by extension 'ignore'
[1.021s] [34mcolcon.colcon_core.package_identification[0m [1;30mLevel 1[0m _identify(src/game_controller) by extension 'ignore_ament_install'
[1.021s] [34mcolcon.colcon_core.package_identification[0m [1;30mLevel 1[0m _identify(src/game_controller) by extensions ['colcon_pkg']
[1.021s] [34mcolcon.colcon_core.package_identification[0m [1;30mLevel 1[0m _identify(src/game_controller) by extension 'colcon_pkg'
[1.021s] [34mcolcon.colcon_core.package_identification[0m [1;30mLevel 1[0m _identify(src/game_controller) by extensions ['colcon_meta']
[1.021s] [34mcolcon.colcon_core.package_identification[0m [1;30mLevel 1[0m _identify(src/game_controller) by extension 'colcon_meta'
[1.021s] [34mcolcon.colcon_core.package_identification[0m [1;30mLevel 1[0m _identify(src/game_controller) by extensions ['ros']
[1.022s] [34mcolcon.colcon_core.package_identification[0m [1;30mLevel 1[0m _identify(src/game_controller) by extension 'ros'
[1.024s] [34mcolcon.colcon_core.package_identification[0m [1;30mDEBUG[0m [32mPackage 'src/game_controller' with type 'ros.ament_cmake' and name 'game_controller'[0m
[1.024s] [34mcolcon.colcon_core.package_identification[0m [1;30mLevel 1[0m _identify(src/install) by extensions ['ignore', 'ignore_ament_install']
[1.025s] [34mcolcon.colcon_core.package_identification[0m [1;30mLevel 1[0m _identify(src/install) by extension 'ignore'
[1.025s] [34mcolcon.colcon_core.package_identification[0m [1;30mLevel 1[0m _identify(src/install) ignored
[1.025s] [34mcolcon.colcon_core.package_identification[0m [1;30mLevel 1[0m _identify(src/log) by extensions ['ignore', 'ignore_ament_install']
[1.026s] [34mcolcon.colcon_core.package_identification[0m [1;30mLevel 1[0m _identify(src/log) by extension 'ignore'
[1.026s] [34mcolcon.colcon_core.package_identification[0m [1;30mLevel 1[0m _identify(src/log) ignored
[1.026s] [34mcolcon.colcon_core.package_identification[0m [1;30mLevel 1[0m _identify(src/robocup_ros2_interface) by extensions ['ignore', 'ignore_ament_install']
[1.026s] [34mcolcon.colcon_core.package_identification[0m [1;30mLevel 1[0m _identify(src/robocup_ros2_interface) by extension 'ignore'
[1.027s] [34mcolcon.colcon_core.package_identification[0m [1;30mLevel 1[0m _identify(src/robocup_ros2_interface) by extension 'ignore_ament_install'
[1.028s] [34mcolcon.colcon_core.package_identification[0m [1;30mLevel 1[0m _identify(src/robocup_ros2_interface) by extensions ['colcon_pkg']
[1.028s] [34mcolcon.colcon_core.package_identification[0m [1;30mLevel 1[0m _identify(src/robocup_ros2_interface) by extension 'colcon_pkg'
[1.028s] [34mcolcon.colcon_core.package_identification[0m [1;30mLevel 1[0m _identify(src/robocup_ros2_interface) by extensions ['colcon_meta']
[1.028s] [34mcolcon.colcon_core.package_identification[0m [1;30mLevel 1[0m _identify(src/robocup_ros2_interface) by extension 'colcon_meta'
[1.028s] [34mcolcon.colcon_core.package_identification[0m [1;30mLevel 1[0m _identify(src/robocup_ros2_interface) by extensions ['ros']
[1.028s] [34mcolcon.colcon_core.package_identification[0m [1;30mLevel 1[0m _identify(src/robocup_ros2_interface) by extension 'ros'
[1.028s] [34mcolcon.colcon_core.package_identification[0m [1;30mLevel 1[0m _identify(src/robocup_ros2_interface) by extensions ['cmake', 'python']
[1.028s] [34mcolcon.colcon_core.package_identification[0m [1;30mLevel 1[0m _identify(src/robocup_ros2_interface) by extension 'cmake'
[1.029s] [34mcolcon.colcon_core.package_identification[0m [1;30mLevel 1[0m _identify(src/robocup_ros2_interface) by extension 'python'
[1.029s] [34mcolcon.colcon_core.package_identification[0m [1;30mLevel 1[0m _identify(src/robocup_ros2_interface) by extensions ['python_setup_py']
[1.029s] [34mcolcon.colcon_core.package_identification[0m [1;30mLevel 1[0m _identify(src/robocup_ros2_interface) by extension 'python_setup_py'
[1.029s] [34mcolcon.colcon_core.package_identification[0m [1;30mLevel 1[0m _identify(src/robocup_ros2_interface/src) by extensions ['ignore', 'ignore_ament_install']
[1.030s] [34mcolcon.colcon_core.package_identification[0m [1;30mLevel 1[0m _identify(src/robocup_ros2_interface/src) by extension 'ignore'
[1.030s] [34mcolcon.colcon_core.package_identification[0m [1;30mLevel 1[0m _identify(src/robocup_ros2_interface/src) by extension 'ignore_ament_install'
[1.030s] [34mcolcon.colcon_core.package_identification[0m [1;30mLevel 1[0m _identify(src/robocup_ros2_interface/src) by extensions ['colcon_pkg']
[1.030s] [34mcolcon.colcon_core.package_identification[0m [1;30mLevel 1[0m _identify(src/robocup_ros2_interface/src) by extension 'colcon_pkg'
[1.030s] [34mcolcon.colcon_core.package_identification[0m [1;30mLevel 1[0m _identify(src/robocup_ros2_interface/src) by extensions ['colcon_meta']
[1.030s] [34mcolcon.colcon_core.package_identification[0m [1;30mLevel 1[0m _identify(src/robocup_ros2_interface/src) by extension 'colcon_meta'
[1.030s] [34mcolcon.colcon_core.package_identification[0m [1;30mLevel 1[0m _identify(src/robocup_ros2_interface/src) by extensions ['ros']
[1.030s] [34mcolcon.colcon_core.package_identification[0m [1;30mLevel 1[0m _identify(src/robocup_ros2_interface/src) by extension 'ros'
[1.031s] [34mcolcon.colcon_core.package_identification[0m [1;30mLevel 1[0m _identify(src/robocup_ros2_interface/src) by extensions ['cmake', 'python']
[1.031s] [34mcolcon.colcon_core.package_identification[0m [1;30mLevel 1[0m _identify(src/robocup_ros2_interface/src) by extension 'cmake'
[1.031s] [34mcolcon.colcon_core.package_identification[0m [1;30mLevel 1[0m _identify(src/robocup_ros2_interface/src) by extension 'python'
[1.031s] [34mcolcon.colcon_core.package_identification[0m [1;30mLevel 1[0m _identify(src/robocup_ros2_interface/src) by extensions ['python_setup_py']
[1.031s] [34mcolcon.colcon_core.package_identification[0m [1;30mLevel 1[0m _identify(src/robocup_ros2_interface/src) by extension 'python_setup_py'
[1.031s] [34mcolcon.colcon_core.package_identification[0m [1;30mLevel 1[0m _identify(src/robocup_ros2_interface/src/game_controller_interface) by extensions ['ignore', 'ignore_ament_install']
[1.031s] [34mcolcon.colcon_core.package_identification[0m [1;30mLevel 1[0m _identify(src/robocup_ros2_interface/src/game_controller_interface) by extension 'ignore'
[1.031s] [34mcolcon.colcon_core.package_identification[0m [1;30mLevel 1[0m _identify(src/robocup_ros2_interface/src/game_controller_interface) by extension 'ignore_ament_install'
[1.032s] [34mcolcon.colcon_core.package_identification[0m [1;30mLevel 1[0m _identify(src/robocup_ros2_interface/src/game_controller_interface) by extensions ['colcon_pkg']
[1.032s] [34mcolcon.colcon_core.package_identification[0m [1;30mLevel 1[0m _identify(src/robocup_ros2_interface/src/game_controller_interface) by extension 'colcon_pkg'
[1.032s] [34mcolcon.colcon_core.package_identification[0m [1;30mLevel 1[0m _identify(src/robocup_ros2_interface/src/game_controller_interface) by extensions ['colcon_meta']
[1.032s] [34mcolcon.colcon_core.package_identification[0m [1;30mLevel 1[0m _identify(src/robocup_ros2_interface/src/game_controller_interface) by extension 'colcon_meta'
[1.032s] [34mcolcon.colcon_core.package_identification[0m [1;30mLevel 1[0m _identify(src/robocup_ros2_interface/src/game_controller_interface) by extensions ['ros']
[1.032s] [34mcolcon.colcon_core.package_identification[0m [1;30mLevel 1[0m _identify(src/robocup_ros2_interface/src/game_controller_interface) by extension 'ros'
[1.033s] [34mcolcon.colcon_core.package_identification[0m [1;30mDEBUG[0m [32mPackage 'src/robocup_ros2_interface/src/game_controller_interface' with type 'ros.ament_cmake' and name 'game_controller_interface'[0m
[1.034s] [34mcolcon.colcon_core.package_identification[0m [1;30mLevel 1[0m _identify(src/robocup_ros2_interface/src/vision_interface) by extensions ['ignore', 'ignore_ament_install']
[1.034s] [34mcolcon.colcon_core.package_identification[0m [1;30mLevel 1[0m _identify(src/robocup_ros2_interface/src/vision_interface) by extension 'ignore'
[1.034s] [34mcolcon.colcon_core.package_identification[0m [1;30mLevel 1[0m _identify(src/robocup_ros2_interface/src/vision_interface) by extension 'ignore_ament_install'
[1.034s] [34mcolcon.colcon_core.package_identification[0m [1;30mLevel 1[0m _identify(src/robocup_ros2_interface/src/vision_interface) by extensions ['colcon_pkg']
[1.034s] [34mcolcon.colcon_core.package_identification[0m [1;30mLevel 1[0m _identify(src/robocup_ros2_interface/src/vision_interface) by extension 'colcon_pkg'
[1.034s] [34mcolcon.colcon_core.package_identification[0m [1;30mLevel 1[0m _identify(src/robocup_ros2_interface/src/vision_interface) by extensions ['colcon_meta']
[1.034s] [34mcolcon.colcon_core.package_identification[0m [1;30mLevel 1[0m _identify(src/robocup_ros2_interface/src/vision_interface) by extension 'colcon_meta'
[1.034s] [34mcolcon.colcon_core.package_identification[0m [1;30mLevel 1[0m _identify(src/robocup_ros2_interface/src/vision_interface) by extensions ['ros']
[1.035s] [34mcolcon.colcon_core.package_identification[0m [1;30mLevel 1[0m _identify(src/robocup_ros2_interface/src/vision_interface) by extension 'ros'
[1.036s] [34mcolcon.colcon_core.package_identification[0m [1;30mDEBUG[0m [32mPackage 'src/robocup_ros2_interface/src/vision_interface' with type 'ros.ament_cmake' and name 'vision_interface'[0m
[1.036s] [34mcolcon.colcon_core.package_identification[0m [1;30mLevel 1[0m _identify(src/sound_play) by extensions ['ignore', 'ignore_ament_install']
[1.037s] [34mcolcon.colcon_core.package_identification[0m [1;30mLevel 1[0m _identify(src/sound_play) by extension 'ignore'
[1.037s] [34mcolcon.colcon_core.package_identification[0m [1;30mLevel 1[0m _identify(src/sound_play) by extension 'ignore_ament_install'
[1.037s] [34mcolcon.colcon_core.package_identification[0m [1;30mLevel 1[0m _identify(src/sound_play) by extensions ['colcon_pkg']
[1.038s] [34mcolcon.colcon_core.package_identification[0m [1;30mLevel 1[0m _identify(src/sound_play) by extension 'colcon_pkg'
[1.038s] [34mcolcon.colcon_core.package_identification[0m [1;30mLevel 1[0m _identify(src/sound_play) by extensions ['colcon_meta']
[1.038s] [34mcolcon.colcon_core.package_identification[0m [1;30mLevel 1[0m _identify(src/sound_play) by extension 'colcon_meta'
[1.038s] [34mcolcon.colcon_core.package_identification[0m [1;30mLevel 1[0m _identify(src/sound_play) by extensions ['ros']
[1.038s] [34mcolcon.colcon_core.package_identification[0m [1;30mLevel 1[0m _identify(src/sound_play) by extension 'ros'
[1.041s] [34mcolcon.colcon_core.package_identification[0m [1;30mDEBUG[0m [32mPackage 'src/sound_play' with type 'ros.ament_python' and name 'sound_play'[0m
[1.041s] [34mcolcon.colcon_core.package_identification[0m [1;30mLevel 1[0m _identify(src/vision) by extensions ['ignore', 'ignore_ament_install']
[1.041s] [34mcolcon.colcon_core.package_identification[0m [1;30mLevel 1[0m _identify(src/vision) by extension 'ignore'
[1.041s] [34mcolcon.colcon_core.package_identification[0m [1;30mLevel 1[0m _identify(src/vision) by extension 'ignore_ament_install'
[1.042s] [34mcolcon.colcon_core.package_identification[0m [1;30mLevel 1[0m _identify(src/vision) by extensions ['colcon_pkg']
[1.042s] [34mcolcon.colcon_core.package_identification[0m [1;30mLevel 1[0m _identify(src/vision) by extension 'colcon_pkg'
[1.042s] [34mcolcon.colcon_core.package_identification[0m [1;30mLevel 1[0m _identify(src/vision) by extensions ['colcon_meta']
[1.042s] [34mcolcon.colcon_core.package_identification[0m [1;30mLevel 1[0m _identify(src/vision) by extension 'colcon_meta'
[1.042s] [34mcolcon.colcon_core.package_identification[0m [1;30mLevel 1[0m _identify(src/vision) by extensions ['ros']
[1.042s] [34mcolcon.colcon_core.package_identification[0m [1;30mLevel 1[0m _identify(src/vision) by extension 'ros'
[1.045s] [34mcolcon.colcon_core.package_identification[0m [1;30mDEBUG[0m [32mPackage 'src/vision' with type 'ros.ament_cmake' and name 'vision'[0m
[1.045s] [34mcolcon.colcon_core.package_identification[0m [1;30mLevel 1[0m _identify(utils) by extensions ['ignore', 'ignore_ament_install']
[1.046s] [34mcolcon.colcon_core.package_identification[0m [1;30mLevel 1[0m _identify(utils) by extension 'ignore'
[1.046s] [34mcolcon.colcon_core.package_identification[0m [1;30mLevel 1[0m _identify(utils) by extension 'ignore_ament_install'
[1.046s] [34mcolcon.colcon_core.package_identification[0m [1;30mLevel 1[0m _identify(utils) by extensions ['colcon_pkg']
[1.046s] [34mcolcon.colcon_core.package_identification[0m [1;30mLevel 1[0m _identify(utils) by extension 'colcon_pkg'
[1.046s] [34mcolcon.colcon_core.package_identification[0m [1;30mLevel 1[0m _identify(utils) by extensions ['colcon_meta']
[1.046s] [34mcolcon.colcon_core.package_identification[0m [1;30mLevel 1[0m _identify(utils) by extension 'colcon_meta'
[1.046s] [34mcolcon.colcon_core.package_identification[0m [1;30mLevel 1[0m _identify(utils) by extensions ['ros']
[1.046s] [34mcolcon.colcon_core.package_identification[0m [1;30mLevel 1[0m _identify(utils) by extension 'ros'
[1.047s] [34mcolcon.colcon_core.package_identification[0m [1;30mLevel 1[0m _identify(utils) by extensions ['cmake', 'python']
[1.047s] [34mcolcon.colcon_core.package_identification[0m [1;30mLevel 1[0m _identify(utils) by extension 'cmake'
[1.047s] [34mcolcon.colcon_core.package_identification[0m [1;30mLevel 1[0m _identify(utils) by extension 'python'
[1.047s] [34mcolcon.colcon_core.package_identification[0m [1;30mLevel 1[0m _identify(utils) by extensions ['python_setup_py']
[1.047s] [34mcolcon.colcon_core.package_identification[0m [1;30mLevel 1[0m _identify(utils) by extension 'python_setup_py'
[1.047s] [34mcolcon.colcon_core.package_identification[0m [1;30mLevel 1[0m _identify(utils/service) by extensions ['ignore', 'ignore_ament_install']
[1.047s] [34mcolcon.colcon_core.package_identification[0m [1;30mLevel 1[0m _identify(utils/service) by extension 'ignore'
[1.047s] [34mcolcon.colcon_core.package_identification[0m [1;30mLevel 1[0m _identify(utils/service) by extension 'ignore_ament_install'
[1.047s] [34mcolcon.colcon_core.package_identification[0m [1;30mLevel 1[0m _identify(utils/service) by extensions ['colcon_pkg']
[1.048s] [34mcolcon.colcon_core.package_identification[0m [1;30mLevel 1[0m _identify(utils/service) by extension 'colcon_pkg'
[1.049s] [34mcolcon.colcon_core.package_identification[0m [1;30mLevel 1[0m _identify(utils/service) by extensions ['colcon_meta']
[1.049s] [34mcolcon.colcon_core.package_identification[0m [1;30mLevel 1[0m _identify(utils/service) by extension 'colcon_meta'
[1.049s] [34mcolcon.colcon_core.package_identification[0m [1;30mLevel 1[0m _identify(utils/service) by extensions ['ros']
[1.049s] [34mcolcon.colcon_core.package_identification[0m [1;30mLevel 1[0m _identify(utils/service) by extension 'ros'
[1.049s] [34mcolcon.colcon_core.package_identification[0m [1;30mLevel 1[0m _identify(utils/service) by extensions ['cmake', 'python']
[1.049s] [34mcolcon.colcon_core.package_identification[0m [1;30mLevel 1[0m _identify(utils/service) by extension 'cmake'
[1.050s] [34mcolcon.colcon_core.package_identification[0m [1;30mLevel 1[0m _identify(utils/service) by extension 'python'
[1.050s] [34mcolcon.colcon_core.package_identification[0m [1;30mLevel 1[0m _identify(utils/service) by extensions ['python_setup_py']
[1.050s] [34mcolcon.colcon_core.package_identification[0m [1;30mLevel 1[0m _identify(utils/service) by extension 'python_setup_py'
[1.050s] [34mcolcon.colcon_core.package_discovery[0m [1;30mLevel 1[0m discover_packages(recursive) using defaults
[1.050s] [34mcolcon.colcon_core.package_discovery[0m [1;30mLevel 1[0m discover_packages(ignore) discover
[1.050s] [34mcolcon.colcon_core.package_discovery[0m [1;30mLevel 1[0m discover_packages(ignore) using defaults
[1.050s] [34mcolcon.colcon_core.package_discovery[0m [1;30mLevel 1[0m discover_packages(path) discover
[1.050s] [34mcolcon.colcon_core.package_discovery[0m [1;30mLevel 1[0m discover_packages(path) using defaults
[1.183s] [34mcolcon.colcon_core.package_discovery[0m [1;30mLevel 1[0m discover_packages(prefix_path) check parameters
[1.183s] [34mcolcon.colcon_core.package_discovery[0m [1;30mLevel 1[0m discover_packages(prefix_path) discover
[1.190s] [34mcolcon.colcon_installed_package_information.package_discovery[0m [1;30mDEBUG[0m [32mFound 281 installed packages in /opt/ros/humble[0m
[1.194s] [34mcolcon.colcon_core.package_discovery[0m [1;30mLevel 1[0m discover_packages(prefix_path) using defaults
[1.276s] [34mcolcon.colcon_core.verb[0m [1;30mLevel 5[0m set package 'booster_interface' build argument 'cmake_args' from command line to 'None'
[1.277s] [34mcolcon.colcon_core.verb[0m [1;30mLevel 5[0m set package 'booster_interface' build argument 'cmake_target' from command line to 'None'
[1.277s] [34mcolcon.colcon_core.verb[0m [1;30mLevel 5[0m set package 'booster_interface' build argument 'cmake_target_skip_unavailable' from command line to 'False'
[1.277s] [34mcolcon.colcon_core.verb[0m [1;30mLevel 5[0m set package 'booster_interface' build argument 'cmake_clean_cache' from command line to 'False'
[1.277s] [34mcolcon.colcon_core.verb[0m [1;30mLevel 5[0m set package 'booster_interface' build argument 'cmake_clean_first' from command line to 'False'
[1.277s] [34mcolcon.colcon_core.verb[0m [1;30mLevel 5[0m set package 'booster_interface' build argument 'cmake_force_configure' from command line to 'False'
[1.277s] [34mcolcon.colcon_core.verb[0m [1;30mLevel 5[0m set package 'booster_interface' build argument 'ament_cmake_args' from command line to 'None'
[1.277s] [34mcolcon.colcon_core.verb[0m [1;30mLevel 5[0m set package 'booster_interface' build argument 'catkin_cmake_args' from command line to 'None'
[1.277s] [34mcolcon.colcon_core.verb[0m [1;30mLevel 5[0m set package 'booster_interface' build argument 'catkin_skip_building_tests' from command line to 'False'
[1.277s] [34mcolcon.colcon_core.verb[0m [1;30mDEBUG[0m [32mBuilding package 'booster_interface' with the following arguments: {'ament_cmake_args': None, 'build_base': '/home/booster/Workspace/Booster_T1_3v3_Demo/build/booster_interface', 'catkin_cmake_args': None, 'catkin_skip_building_tests': False, 'cmake_args': None, 'cmake_clean_cache': False, 'cmake_clean_first': False, 'cmake_force_configure': False, 'cmake_target': None, 'cmake_target_skip_unavailable': False, 'install_base': '/home/booster/Workspace/Booster_T1_3v3_Demo/install/booster_interface', 'merge_install': False, 'path': '/home/booster/Workspace/Booster_T1_3v3_Demo/src/booster_ros2_interface', 'symlink_install': True, 'test_result_base': None}[0m
[1.278s] [34mcolcon.colcon_core.verb[0m [1;30mLevel 5[0m set package 'booster_msgs' build argument 'cmake_args' from command line to 'None'
[1.278s] [34mcolcon.colcon_core.verb[0m [1;30mLevel 5[0m set package 'booster_msgs' build argument 'cmake_target' from command line to 'None'
[1.278s] [34mcolcon.colcon_core.verb[0m [1;30mLevel 5[0m set package 'booster_msgs' build argument 'cmake_target_skip_unavailable' from command line to 'False'
[1.278s] [34mcolcon.colcon_core.verb[0m [1;30mLevel 5[0m set package 'booster_msgs' build argument 'cmake_clean_cache' from command line to 'False'
[1.278s] [34mcolcon.colcon_core.verb[0m [1;30mLevel 5[0m set package 'booster_msgs' build argument 'cmake_clean_first' from command line to 'False'
[1.278s] [34mcolcon.colcon_core.verb[0m [1;30mLevel 5[0m set package 'booster_msgs' build argument 'cmake_force_configure' from command line to 'False'
[1.278s] [34mcolcon.colcon_core.verb[0m [1;30mLevel 5[0m set package 'booster_msgs' build argument 'ament_cmake_args' from command line to 'None'
[1.278s] [34mcolcon.colcon_core.verb[0m [1;30mLevel 5[0m set package 'booster_msgs' build argument 'catkin_cmake_args' from command line to 'None'
[1.278s] [34mcolcon.colcon_core.verb[0m [1;30mLevel 5[0m set package 'booster_msgs' build argument 'catkin_skip_building_tests' from command line to 'False'
[1.278s] [34mcolcon.colcon_core.verb[0m [1;30mDEBUG[0m [32mBuilding package 'booster_msgs' with the following arguments: {'ament_cmake_args': None, 'build_base': '/home/booster/Workspace/Booster_T1_3v3_Demo/build/booster_msgs', 'catkin_cmake_args': None, 'catkin_skip_building_tests': False, 'cmake_args': None, 'cmake_clean_cache': False, 'cmake_clean_first': False, 'cmake_force_configure': False, 'cmake_target': None, 'cmake_target_skip_unavailable': False, 'install_base': '/home/booster/Workspace/Booster_T1_3v3_Demo/install/booster_msgs', 'merge_install': False, 'path': '/home/booster/Workspace/Booster_T1_3v3_Demo/src/booster_msgs', 'symlink_install': True, 'test_result_base': None}[0m
[1.279s] [34mcolcon.colcon_core.verb[0m [1;30mLevel 5[0m set package 'game_controller_interface' build argument 'cmake_args' from command line to 'None'
[1.279s] [34mcolcon.colcon_core.verb[0m [1;30mLevel 5[0m set package 'game_controller_interface' build argument 'cmake_target' from command line to 'None'
[1.279s] [34mcolcon.colcon_core.verb[0m [1;30mLevel 5[0m set package 'game_controller_interface' build argument 'cmake_target_skip_unavailable' from command line to 'False'
[1.279s] [34mcolcon.colcon_core.verb[0m [1;30mLevel 5[0m set package 'game_controller_interface' build argument 'cmake_clean_cache' from command line to 'False'
[1.279s] [34mcolcon.colcon_core.verb[0m [1;30mLevel 5[0m set package 'game_controller_interface' build argument 'cmake_clean_first' from command line to 'False'
[1.279s] [34mcolcon.colcon_core.verb[0m [1;30mLevel 5[0m set package 'game_controller_interface' build argument 'cmake_force_configure' from command line to 'False'
[1.279s] [34mcolcon.colcon_core.verb[0m [1;30mLevel 5[0m set package 'game_controller_interface' build argument 'ament_cmake_args' from command line to 'None'
[1.279s] [34mcolcon.colcon_core.verb[0m [1;30mLevel 5[0m set package 'game_controller_interface' build argument 'catkin_cmake_args' from command line to 'None'
[1.279s] [34mcolcon.colcon_core.verb[0m [1;30mLevel 5[0m set package 'game_controller_interface' build argument 'catkin_skip_building_tests' from command line to 'False'
[1.279s] [34mcolcon.colcon_core.verb[0m [1;30mDEBUG[0m [32mBuilding package 'game_controller_interface' with the following arguments: {'ament_cmake_args': None, 'build_base': '/home/booster/Workspace/Booster_T1_3v3_Demo/build/game_controller_interface', 'catkin_cmake_args': None, 'catkin_skip_building_tests': False, 'cmake_args': None, 'cmake_clean_cache': False, 'cmake_clean_first': False, 'cmake_force_configure': False, 'cmake_target': None, 'cmake_target_skip_unavailable': False, 'install_base': '/home/booster/Workspace/Booster_T1_3v3_Demo/install/game_controller_interface', 'merge_install': False, 'path': '/home/booster/Workspace/Booster_T1_3v3_Demo/src/robocup_ros2_interface/src/game_controller_interface', 'symlink_install': True, 'test_result_base': None}[0m
[1.280s] [34mcolcon.colcon_core.verb[0m [1;30mLevel 5[0m set package 'sound_play' build argument 'cmake_args' from command line to 'None'
[1.280s] [34mcolcon.colcon_core.verb[0m [1;30mLevel 5[0m set package 'sound_play' build argument 'cmake_target' from command line to 'None'
[1.280s] [34mcolcon.colcon_core.verb[0m [1;30mLevel 5[0m set package 'sound_play' build argument 'cmake_target_skip_unavailable' from command line to 'False'
[1.280s] [34mcolcon.colcon_core.verb[0m [1;30mLevel 5[0m set package 'sound_play' build argument 'cmake_clean_cache' from command line to 'False'
[1.280s] [34mcolcon.colcon_core.verb[0m [1;30mLevel 5[0m set package 'sound_play' build argument 'cmake_clean_first' from command line to 'False'
[1.280s] [34mcolcon.colcon_core.verb[0m [1;30mLevel 5[0m set package 'sound_play' build argument 'cmake_force_configure' from command line to 'False'
[1.280s] [34mcolcon.colcon_core.verb[0m [1;30mLevel 5[0m set package 'sound_play' build argument 'ament_cmake_args' from command line to 'None'
[1.280s] [34mcolcon.colcon_core.verb[0m [1;30mLevel 5[0m set package 'sound_play' build argument 'catkin_cmake_args' from command line to 'None'
[1.281s] [34mcolcon.colcon_core.verb[0m [1;30mLevel 5[0m set package 'sound_play' build argument 'catkin_skip_building_tests' from command line to 'False'
[1.281s] [34mcolcon.colcon_core.verb[0m [1;30mDEBUG[0m [32mBuilding package 'sound_play' with the following arguments: {'ament_cmake_args': None, 'build_base': '/home/booster/Workspace/Booster_T1_3v3_Demo/build/sound_play', 'catkin_cmake_args': None, 'catkin_skip_building_tests': False, 'cmake_args': None, 'cmake_clean_cache': False, 'cmake_clean_first': False, 'cmake_force_configure': False, 'cmake_target': None, 'cmake_target_skip_unavailable': False, 'install_base': '/home/booster/Workspace/Booster_T1_3v3_Demo/install/sound_play', 'merge_install': False, 'path': '/home/booster/Workspace/Booster_T1_3v3_Demo/src/sound_play', 'symlink_install': True, 'test_result_base': None}[0m
[1.282s] [34mcolcon.colcon_core.verb[0m [1;30mLevel 5[0m set package 'vision_interface' build argument 'cmake_args' from command line to 'None'
[1.282s] [34mcolcon.colcon_core.verb[0m [1;30mLevel 5[0m set package 'vision_interface' build argument 'cmake_target' from command line to 'None'
[1.282s] [34mcolcon.colcon_core.verb[0m [1;30mLevel 5[0m set package 'vision_interface' build argument 'cmake_target_skip_unavailable' from command line to 'False'
[1.282s] [34mcolcon.colcon_core.verb[0m [1;30mLevel 5[0m set package 'vision_interface' build argument 'cmake_clean_cache' from command line to 'False'
[1.283s] [34mcolcon.colcon_core.verb[0m [1;30mLevel 5[0m set package 'vision_interface' build argument 'cmake_clean_first' from command line to 'False'
[1.283s] [34mcolcon.colcon_core.verb[0m [1;30mLevel 5[0m set package 'vision_interface' build argument 'cmake_force_configure' from command line to 'False'
[1.283s] [34mcolcon.colcon_core.verb[0m [1;30mLevel 5[0m set package 'vision_interface' build argument 'ament_cmake_args' from command line to 'None'
[1.283s] [34mcolcon.colcon_core.verb[0m [1;30mLevel 5[0m set package 'vision_interface' build argument 'catkin_cmake_args' from command line to 'None'
[1.283s] [34mcolcon.colcon_core.verb[0m [1;30mLevel 5[0m set package 'vision_interface' build argument 'catkin_skip_building_tests' from command line to 'False'
[1.283s] [34mcolcon.colcon_core.verb[0m [1;30mDEBUG[0m [32mBuilding package 'vision_interface' with the following arguments: {'ament_cmake_args': None, 'build_base': '/home/booster/Workspace/Booster_T1_3v3_Demo/build/vision_interface', 'catkin_cmake_args': None, 'catkin_skip_building_tests': False, 'cmake_args': None, 'cmake_clean_cache': False, 'cmake_clean_first': False, 'cmake_force_configure': False, 'cmake_target': None, 'cmake_target_skip_unavailable': False, 'install_base': '/home/booster/Workspace/Booster_T1_3v3_Demo/install/vision_interface', 'merge_install': False, 'path': '/home/booster/Workspace/Booster_T1_3v3_Demo/src/robocup_ros2_interface/src/vision_interface', 'symlink_install': True, 'test_result_base': None}[0m
[1.283s] [34mcolcon.colcon_core.verb[0m [1;30mLevel 5[0m set package 'brain' build argument 'cmake_args' from command line to 'None'
[1.283s] [34mcolcon.colcon_core.verb[0m [1;30mLevel 5[0m set package 'brain' build argument 'cmake_target' from command line to 'None'
[1.284s] [34mcolcon.colcon_core.verb[0m [1;30mLevel 5[0m set package 'brain' build argument 'cmake_target_skip_unavailable' from command line to 'False'
[1.284s] [34mcolcon.colcon_core.verb[0m [1;30mLevel 5[0m set package 'brain' build argument 'cmake_clean_cache' from command line to 'False'
[1.284s] [34mcolcon.colcon_core.verb[0m [1;30mLevel 5[0m set package 'brain' build argument 'cmake_clean_first' from command line to 'False'
[1.284s] [34mcolcon.colcon_core.verb[0m [1;30mLevel 5[0m set package 'brain' build argument 'cmake_force_configure' from command line to 'False'
[1.284s] [34mcolcon.colcon_core.verb[0m [1;30mLevel 5[0m set package 'brain' build argument 'ament_cmake_args' from command line to 'None'
[1.284s] [34mcolcon.colcon_core.verb[0m [1;30mLevel 5[0m set package 'brain' build argument 'catkin_cmake_args' from command line to 'None'
[1.284s] [34mcolcon.colcon_core.verb[0m [1;30mLevel 5[0m set package 'brain' build argument 'catkin_skip_building_tests' from command line to 'False'
[1.284s] [34mcolcon.colcon_core.verb[0m [1;30mDEBUG[0m [32mBuilding package 'brain' with the following arguments: {'ament_cmake_args': None, 'build_base': '/home/booster/Workspace/Booster_T1_3v3_Demo/build/brain', 'catkin_cmake_args': None, 'catkin_skip_building_tests': False, 'cmake_args': None, 'cmake_clean_cache': False, 'cmake_clean_first': False, 'cmake_force_configure': False, 'cmake_target': None, 'cmake_target_skip_unavailable': False, 'install_base': '/home/booster/Workspace/Booster_T1_3v3_Demo/install/brain', 'merge_install': False, 'path': '/home/booster/Workspace/Booster_T1_3v3_Demo/src/brain', 'symlink_install': True, 'test_result_base': None}[0m
[1.285s] [34mcolcon.colcon_core.verb[0m [1;30mLevel 5[0m set package 'game_controller' build argument 'cmake_args' from command line to 'None'
[1.285s] [34mcolcon.colcon_core.verb[0m [1;30mLevel 5[0m set package 'game_controller' build argument 'cmake_target' from command line to 'None'
[1.285s] [34mcolcon.colcon_core.verb[0m [1;30mLevel 5[0m set package 'game_controller' build argument 'cmake_target_skip_unavailable' from command line to 'False'
[1.285s] [34mcolcon.colcon_core.verb[0m [1;30mLevel 5[0m set package 'game_controller' build argument 'cmake_clean_cache' from command line to 'False'
[1.285s] [34mcolcon.colcon_core.verb[0m [1;30mLevel 5[0m set package 'game_controller' build argument 'cmake_clean_first' from command line to 'False'
[1.285s] [34mcolcon.colcon_core.verb[0m [1;30mLevel 5[0m set package 'game_controller' build argument 'cmake_force_configure' from command line to 'False'
[1.285s] [34mcolcon.colcon_core.verb[0m [1;30mLevel 5[0m set package 'game_controller' build argument 'ament_cmake_args' from command line to 'None'
[1.285s] [34mcolcon.colcon_core.verb[0m [1;30mLevel 5[0m set package 'game_controller' build argument 'catkin_cmake_args' from command line to 'None'
[1.285s] [34mcolcon.colcon_core.verb[0m [1;30mLevel 5[0m set package 'game_controller' build argument 'catkin_skip_building_tests' from command line to 'False'
[1.285s] [34mcolcon.colcon_core.verb[0m [1;30mDEBUG[0m [32mBuilding package 'game_controller' with the following arguments: {'ament_cmake_args': None, 'build_base': '/home/booster/Workspace/Booster_T1_3v3_Demo/build/game_controller', 'catkin_cmake_args': None, 'catkin_skip_building_tests': False, 'cmake_args': None, 'cmake_clean_cache': False, 'cmake_clean_first': False, 'cmake_force_configure': False, 'cmake_target': None, 'cmake_target_skip_unavailable': False, 'install_base': '/home/booster/Workspace/Booster_T1_3v3_Demo/install/game_controller', 'merge_install': False, 'path': '/home/booster/Workspace/Booster_T1_3v3_Demo/src/game_controller', 'symlink_install': True, 'test_result_base': None}[0m
[1.286s] [34mcolcon.colcon_core.verb[0m [1;30mLevel 5[0m set package 'vision' build argument 'cmake_args' from command line to 'None'
[1.286s] [34mcolcon.colcon_core.verb[0m [1;30mLevel 5[0m set package 'vision' build argument 'cmake_target' from command line to 'None'
[1.286s] [34mcolcon.colcon_core.verb[0m [1;30mLevel 5[0m set package 'vision' build argument 'cmake_target_skip_unavailable' from command line to 'False'
[1.286s] [34mcolcon.colcon_core.verb[0m [1;30mLevel 5[0m set package 'vision' build argument 'cmake_clean_cache' from command line to 'False'
[1.286s] [34mcolcon.colcon_core.verb[0m [1;30mLevel 5[0m set package 'vision' build argument 'cmake_clean_first' from command line to 'False'
[1.286s] [34mcolcon.colcon_core.verb[0m [1;30mLevel 5[0m set package 'vision' build argument 'cmake_force_configure' from command line to 'False'
[1.286s] [34mcolcon.colcon_core.verb[0m [1;30mLevel 5[0m set package 'vision' build argument 'ament_cmake_args' from command line to 'None'
[1.286s] [34mcolcon.colcon_core.verb[0m [1;30mLevel 5[0m set package 'vision' build argument 'catkin_cmake_args' from command line to 'None'
[1.286s] [34mcolcon.colcon_core.verb[0m [1;30mLevel 5[0m set package 'vision' build argument 'catkin_skip_building_tests' from command line to 'False'
[1.286s] [34mcolcon.colcon_core.verb[0m [1;30mDEBUG[0m [32mBuilding package 'vision' with the following arguments: {'ament_cmake_args': None, 'build_base': '/home/booster/Workspace/Booster_T1_3v3_Demo/build/vision', 'catkin_cmake_args': None, 'catkin_skip_building_tests': False, 'cmake_args': None, 'cmake_clean_cache': False, 'cmake_clean_first': False, 'cmake_force_configure': False, 'cmake_target': None, 'cmake_target_skip_unavailable': False, 'install_base': '/home/booster/Workspace/Booster_T1_3v3_Demo/install/vision', 'merge_install': False, 'path': '/home/booster/Workspace/Booster_T1_3v3_Demo/src/vision', 'symlink_install': True, 'test_result_base': None}[0m
[1.286s] [34mcolcon.colcon_core.executor[0m [1;30mINFO[0m Executing jobs using 'parallel' executor
[1.288s] [34mcolcon.colcon_parallel_executor.executor.parallel[0m [1;30mDEBUG[0m [32mrun_until_complete[0m
[1.291s] [34mcolcon.colcon_ros.task.ament_cmake.build[0m [1;30mINFO[0m Building ROS package in '/home/booster/Workspace/Booster_T1_3v3_Demo/src/robocup_ros2_interface/src/game_controller_interface' with build type 'ament_cmake'
[1.291s] [34mcolcon.colcon_cmake.task.cmake.build[0m [1;30mINFO[0m Building CMake package in '/home/booster/Workspace/Booster_T1_3v3_Demo/src/robocup_ros2_interface/src/game_controller_interface'
[1.301s] [34mcolcon.colcon_core.plugin_system[0m [1;30mINFO[0m Skipping extension 'colcon_core.shell.bat': Not used on non-Windows systems
[1.303s] [34mcolcon.colcon_core.shell[0m [1;30mINFO[0m Skip shell extension 'powershell' for command environment: Not usable outside of PowerShell
[1.303s] [34mcolcon.colcon_core.shell[0m [1;30mDEBUG[0m [32mSkip shell extension 'dsv' for command environment[0m
[1.313s] [34mcolcon.colcon_ros.task.ament_cmake.build[0m [1;30mINFO[0m Building ROS package in '/home/booster/Workspace/Booster_T1_3v3_Demo/src/robocup_ros2_interface/src/vision_interface' with build type 'ament_cmake'
[1.315s] [34mcolcon.colcon_cmake.task.cmake.build[0m [1;30mINFO[0m Building CMake package in '/home/booster/Workspace/Booster_T1_3v3_Demo/src/robocup_ros2_interface/src/vision_interface'
[1.316s] [34mcolcon.colcon_core.shell[0m [1;30mINFO[0m Skip shell extension 'powershell' for command environment: Not usable outside of PowerShell
[1.317s] [34mcolcon.colcon_core.shell[0m [1;30mDEBUG[0m [32mSkip shell extension 'dsv' for command environment[0m
[1.322s] [34mcolcon.colcon_ros.task.ament_cmake.build[0m [1;30mINFO[0m Building ROS package in '/home/booster/Workspace/Booster_T1_3v3_Demo/src/booster_ros2_interface' with build type 'ament_cmake'
[1.322s] [34mcolcon.colcon_cmake.task.cmake.build[0m [1;30mINFO[0m Building CMake package in '/home/booster/Workspace/Booster_T1_3v3_Demo/src/booster_ros2_interface'
[1.323s] [34mcolcon.colcon_core.shell[0m [1;30mINFO[0m Skip shell extension 'powershell' for command environment: Not usable outside of PowerShell
[1.326s] [34mcolcon.colcon_core.shell[0m [1;30mDEBUG[0m [32mSkip shell extension 'dsv' for command environment[0m
[1.338s] [34mcolcon.colcon_ros.task.ament_cmake.build[0m [1;30mINFO[0m Building ROS package in '/home/booster/Workspace/Booster_T1_3v3_Demo/src/booster_msgs' with build type 'ament_cmake'
[1.338s] [34mcolcon.colcon_cmake.task.cmake.build[0m [1;30mINFO[0m Building CMake package in '/home/booster/Workspace/Booster_T1_3v3_Demo/src/booster_msgs'
[1.339s] [34mcolcon.colcon_core.shell[0m [1;30mINFO[0m Skip shell extension 'powershell' for command environment: Not usable outside of PowerShell
[1.339s] [34mcolcon.colcon_core.shell[0m [1;30mDEBUG[0m [32mSkip shell extension 'dsv' for command environment[0m
[1.348s] [34mcolcon.colcon_ros.task.ament_python.build[0m [1;30mINFO[0m Building ROS package in '/home/booster/Workspace/Booster_T1_3v3_Demo/src/sound_play' with build type 'ament_python'
[1.351s] [34mcolcon.colcon_core.shell[0m [1;30mLevel 1[0m create_environment_hook('sound_play', 'ament_prefix_path')
[1.352s] [34mcolcon.colcon_core.shell[0m [1;30mINFO[0m Creating environment hook '/home/booster/Workspace/Booster_T1_3v3_Demo/install/sound_play/share/sound_play/hook/ament_prefix_path.ps1'
[1.355s] [34mcolcon.colcon_core.shell[0m [1;30mINFO[0m Creating environment descriptor '/home/booster/Workspace/Booster_T1_3v3_Demo/install/sound_play/share/sound_play/hook/ament_prefix_path.dsv'
[1.356s] [34mcolcon.colcon_core.shell[0m [1;30mINFO[0m Creating environment hook '/home/booster/Workspace/Booster_T1_3v3_Demo/install/sound_play/share/sound_play/hook/ament_prefix_path.sh'
[1.359s] [34mcolcon.colcon_core.shell[0m [1;30mINFO[0m Skip shell extension 'powershell' for command environment: Not usable outside of PowerShell
[1.359s] [34mcolcon.colcon_core.shell[0m [1;30mDEBUG[0m [32mSkip shell extension 'dsv' for command environment[0m
[1.387s] [34mcolcon.colcon_core.event_handler.log_command[0m [1;30mDEBUG[0m [32mInvoking command in '/home/booster/Workspace/Booster_T1_3v3_Demo/build/game_controller_interface': CMAKE_PREFIX_PATH=/opt/ros/humble /usr/bin/cmake --build /home/booster/Workspace/Booster_T1_3v3_Demo/build/game_controller_interface -- -j5 -l5[0m
[1.410s] [34mcolcon.colcon_core.event_handler.log_command[0m [1;30mDEBUG[0m [32mInvoking command in '/home/booster/Workspace/Booster_T1_3v3_Demo/build/vision_interface': CMAKE_PREFIX_PATH=/opt/ros/humble /usr/bin/cmake --build /home/booster/Workspace/Booster_T1_3v3_Demo/build/vision_interface -- -j5 -l5[0m
[1.422s] [34mcolcon.colcon_core.event_handler.log_command[0m [1;30mDEBUG[0m [32mInvoking command in '/home/booster/Workspace/Booster_T1_3v3_Demo/build/booster_interface': CMAKE_PREFIX_PATH=/opt/ros/humble /usr/bin/cmake --build /home/booster/Workspace/Booster_T1_3v3_Demo/build/booster_interface -- -j5 -l5[0m
[1.461s] [34mcolcon.colcon_core.event_handler.log_command[0m [1;30mDEBUG[0m [32mInvoking command in '/home/booster/Workspace/Booster_T1_3v3_Demo/build/booster_msgs': CMAKE_PREFIX_PATH=/opt/ros/humble /usr/bin/cmake --build /home/booster/Workspace/Booster_T1_3v3_Demo/build/booster_msgs -- -j5 -l5[0m
[2.890s] [34mcolcon.colcon_core.task.python.build[0m [1;30mINFO[0m Building Python package in '/home/booster/Workspace/Booster_T1_3v3_Demo/src/sound_play'
[2.891s] [34mcolcon.colcon_core.shell[0m [1;30mINFO[0m Skip shell extension 'powershell' for command environment: Not usable outside of PowerShell
[2.891s] [34mcolcon.colcon_core.shell[0m [1;30mDEBUG[0m [32mSkip shell extension 'dsv' for command environment[0m
[5.245s] [34mcolcon.colcon_core.event_handler.log_command[0m [1;30mDEBUG[0m [32mInvoked command in '/home/booster/Workspace/Booster_T1_3v3_Demo/build/booster_interface' returned '0': CMAKE_PREFIX_PATH=/opt/ros/humble /usr/bin/cmake --build /home/booster/Workspace/Booster_T1_3v3_Demo/build/booster_interface -- -j5 -l5[0m
[5.316s] [34mcolcon.colcon_core.event_handler.log_command[0m [1;30mDEBUG[0m [32mInvoking command in '/home/booster/Workspace/Booster_T1_3v3_Demo/build/booster_interface': CMAKE_PREFIX_PATH=/opt/ros/humble /usr/bin/cmake --install /home/booster/Workspace/Booster_T1_3v3_Demo/build/booster_interface[0m
[5.462s] [34mcolcon.colcon_core.event_handler.log_command[0m [1;30mDEBUG[0m [32mInvoked command in '/home/booster/Workspace/Booster_T1_3v3_Demo/build/booster_msgs' returned '0': CMAKE_PREFIX_PATH=/opt/ros/humble /usr/bin/cmake --build /home/booster/Workspace/Booster_T1_3v3_Demo/build/booster_msgs -- -j5 -l5[0m
[5.465s] [34mcolcon.colcon_core.event_handler.log_command[0m [1;30mDEBUG[0m [32mInvoking command in '/home/booster/Workspace/Booster_T1_3v3_Demo/build/booster_msgs': CMAKE_PREFIX_PATH=/opt/ros/humble /usr/bin/cmake --install /home/booster/Workspace/Booster_T1_3v3_Demo/build/booster_msgs[0m
[5.689s] [34mcolcon.colcon_core.event_handler.log_command[0m [1;30mDEBUG[0m [32mInvoking command in '/home/booster/Workspace/Booster_T1_3v3_Demo/build/sound_play': PYTHONPATH=/home/booster/Workspace/Booster_T1_3v3_Demo/build/sound_play/prefix_override:/usr/lib/python3/dist-packages/colcon_core/task/python/colcon_distutils_commands:/home/booster/Workspace/Booster_T1_3v3_Demo/install/sound_play/lib/python3.10/site-packages:${PYTHONPATH} /usr/bin/python3 -W ignore:setup.py install is deprecated -W ignore:easy_install command is deprecated setup.py develop --editable --build-directory /home/booster/Workspace/Booster_T1_3v3_Demo/build/sound_play/build --no-deps symlink_data[0m
[6.126s] [34mcolcon.colcon_core.environment[0m [1;30mLevel 1[0m create_environment_scripts_only(booster_msgs)
[6.128s] [34mcolcon.colcon_core.event_handler.log_command[0m [1;30mDEBUG[0m [32mInvoked command in '/home/booster/Workspace/Booster_T1_3v3_Demo/build/booster_msgs' returned '0': CMAKE_PREFIX_PATH=/opt/ros/humble /usr/bin/cmake --install /home/booster/Workspace/Booster_T1_3v3_Demo/build/booster_msgs[0m
[6.146s] [34mcolcon.colcon_core.environment[0m [1;30mLevel 1[0m checking '/home/booster/Workspace/Booster_T1_3v3_Demo/install/booster_msgs' for CMake module files
[6.148s] [34mcolcon.colcon_core.environment[0m [1;30mLevel 1[0m checking '/home/booster/Workspace/Booster_T1_3v3_Demo/install/booster_msgs' for CMake config files
[6.151s] [34mcolcon.colcon_core.shell[0m [1;30mLevel 1[0m create_environment_hook('booster_msgs', 'cmake_prefix_path')
[6.152s] [34mcolcon.colcon_core.shell[0m [1;30mINFO[0m Creating environment hook '/home/booster/Workspace/Booster_T1_3v3_Demo/install/booster_msgs/share/booster_msgs/hook/cmake_prefix_path.ps1'
[6.177s] [34mcolcon.colcon_core.shell[0m [1;30mINFO[0m Creating environment descriptor '/home/booster/Workspace/Booster_T1_3v3_Demo/install/booster_msgs/share/booster_msgs/hook/cmake_prefix_path.dsv'
[6.184s] [34mcolcon.colcon_core.shell[0m [1;30mINFO[0m Creating environment hook '/home/booster/Workspace/Booster_T1_3v3_Demo/install/booster_msgs/share/booster_msgs/hook/cmake_prefix_path.sh'
[6.192s] [34mcolcon.colcon_core.environment[0m [1;30mLevel 1[0m checking '/home/booster/Workspace/Booster_T1_3v3_Demo/install/booster_msgs/lib'
[6.202s] [34mcolcon.colcon_core.shell[0m [1;30mLevel 1[0m create_environment_hook('booster_msgs', 'ld_library_path_lib')
[6.203s] [34mcolcon.colcon_core.shell[0m [1;30mINFO[0m Creating environment hook '/home/booster/Workspace/Booster_T1_3v3_Demo/install/booster_msgs/share/booster_msgs/hook/ld_library_path_lib.ps1'
[6.207s] [34mcolcon.colcon_core.shell[0m [1;30mINFO[0m Creating environment descriptor '/home/booster/Workspace/Booster_T1_3v3_Demo/install/booster_msgs/share/booster_msgs/hook/ld_library_path_lib.dsv'
[6.211s] [34mcolcon.colcon_core.shell[0m [1;30mINFO[0m Creating environment hook '/home/booster/Workspace/Booster_T1_3v3_Demo/install/booster_msgs/share/booster_msgs/hook/ld_library_path_lib.sh'
[6.215s] [34mcolcon.colcon_core.environment[0m [1;30mLevel 1[0m checking '/home/booster/Workspace/Booster_T1_3v3_Demo/install/booster_msgs/bin'
[6.216s] [34mcolcon.colcon_core.environment[0m [1;30mLevel 1[0m checking '/home/booster/Workspace/Booster_T1_3v3_Demo/install/booster_msgs/lib/pkgconfig/booster_msgs.pc'
[6.219s] [34mcolcon.colcon_core.environment[0m [1;30mLevel 1[0m checking '/home/booster/Workspace/Booster_T1_3v3_Demo/install/booster_msgs/lib/python3.10/site-packages'
[6.220s] [34mcolcon.colcon_core.environment[0m [1;30mLevel 1[0m checking '/home/booster/Workspace/Booster_T1_3v3_Demo/install/booster_msgs/bin'
[6.222s] [34mcolcon.colcon_core.shell[0m [1;30mINFO[0m Creating package script '/home/booster/Workspace/Booster_T1_3v3_Demo/install/booster_msgs/share/booster_msgs/package.ps1'
[6.224s] [34mcolcon.colcon_core.shell[0m [1;30mINFO[0m Creating package descriptor '/home/booster/Workspace/Booster_T1_3v3_Demo/install/booster_msgs/share/booster_msgs/package.dsv'
[6.226s] [34mcolcon.colcon_core.shell[0m [1;30mINFO[0m Creating package script '/home/booster/Workspace/Booster_T1_3v3_Demo/install/booster_msgs/share/booster_msgs/package.sh'
[6.229s] [34mcolcon.colcon_core.shell[0m [1;30mINFO[0m Creating package script '/home/booster/Workspace/Booster_T1_3v3_Demo/install/booster_msgs/share/booster_msgs/package.bash'
[6.289s] [34mcolcon.colcon_core.shell[0m [1;30mINFO[0m Creating package script '/home/booster/Workspace/Booster_T1_3v3_Demo/install/booster_msgs/share/booster_msgs/package.zsh'
[6.296s] [34mcolcon.colcon_core.environment[0m [1;30mLevel 1[0m create_file_with_runtime_dependencies(/home/booster/Workspace/Booster_T1_3v3_Demo/install/booster_msgs/share/colcon-core/packages/booster_msgs)
[6.301s] [34mcolcon.colcon_core.environment[0m [1;30mLevel 1[0m create_environment_scripts_only(booster_msgs)
[6.306s] [34mcolcon.colcon_core.environment[0m [1;30mLevel 1[0m checking '/home/booster/Workspace/Booster_T1_3v3_Demo/install/booster_msgs' for CMake module files
[6.310s] [34mcolcon.colcon_core.environment[0m [1;30mLevel 1[0m checking '/home/booster/Workspace/Booster_T1_3v3_Demo/install/booster_msgs' for CMake config files
[6.316s] [34mcolcon.colcon_core.shell[0m [1;30mLevel 1[0m create_environment_hook('booster_msgs', 'cmake_prefix_path')
[6.318s] [34mcolcon.colcon_core.shell[0m [1;30mINFO[0m Creating environment hook '/home/booster/Workspace/Booster_T1_3v3_Demo/install/booster_msgs/share/booster_msgs/hook/cmake_prefix_path.ps1'
[6.322s] [34mcolcon.colcon_core.shell[0m [1;30mINFO[0m Creating environment descriptor '/home/booster/Workspace/Booster_T1_3v3_Demo/install/booster_msgs/share/booster_msgs/hook/cmake_prefix_path.dsv'
[6.326s] [34mcolcon.colcon_core.shell[0m [1;30mINFO[0m Creating environment hook '/home/booster/Workspace/Booster_T1_3v3_Demo/install/booster_msgs/share/booster_msgs/hook/cmake_prefix_path.sh'
[6.330s] [34mcolcon.colcon_core.environment[0m [1;30mLevel 1[0m checking '/home/booster/Workspace/Booster_T1_3v3_Demo/install/booster_msgs/lib'
[6.331s] [34mcolcon.colcon_core.shell[0m [1;30mLevel 1[0m create_environment_hook('booster_msgs', 'ld_library_path_lib')
[6.337s] [34mcolcon.colcon_core.shell[0m [1;30mINFO[0m Creating environment hook '/home/booster/Workspace/Booster_T1_3v3_Demo/install/booster_msgs/share/booster_msgs/hook/ld_library_path_lib.ps1'
[6.339s] [34mcolcon.colcon_core.shell[0m [1;30mINFO[0m Creating environment descriptor '/home/booster/Workspace/Booster_T1_3v3_Demo/install/booster_msgs/share/booster_msgs/hook/ld_library_path_lib.dsv'
[6.341s] [34mcolcon.colcon_core.shell[0m [1;30mINFO[0m Creating environment hook '/home/booster/Workspace/Booster_T1_3v3_Demo/install/booster_msgs/share/booster_msgs/hook/ld_library_path_lib.sh'
[6.343s] [34mcolcon.colcon_core.environment[0m [1;30mLevel 1[0m checking '/home/booster/Workspace/Booster_T1_3v3_Demo/install/booster_msgs/bin'
[6.343s] [34mcolcon.colcon_core.environment[0m [1;30mLevel 1[0m checking '/home/booster/Workspace/Booster_T1_3v3_Demo/install/booster_msgs/lib/pkgconfig/booster_msgs.pc'
[6.344s] [34mcolcon.colcon_core.environment[0m [1;30mLevel 1[0m checking '/home/booster/Workspace/Booster_T1_3v3_Demo/install/booster_msgs/lib/python3.10/site-packages'
[6.346s] [34mcolcon.colcon_core.environment[0m [1;30mLevel 1[0m checking '/home/booster/Workspace/Booster_T1_3v3_Demo/install/booster_msgs/bin'
[6.348s] [34mcolcon.colcon_core.shell[0m [1;30mINFO[0m Creating package script '/home/booster/Workspace/Booster_T1_3v3_Demo/install/booster_msgs/share/booster_msgs/package.ps1'
[6.350s] [34mcolcon.colcon_core.shell[0m [1;30mINFO[0m Creating package descriptor '/home/booster/Workspace/Booster_T1_3v3_Demo/install/booster_msgs/share/booster_msgs/package.dsv'
[6.352s] [34mcolcon.colcon_core.shell[0m [1;30mINFO[0m Creating package script '/home/booster/Workspace/Booster_T1_3v3_Demo/install/booster_msgs/share/booster_msgs/package.sh'
[6.354s] [34mcolcon.colcon_core.shell[0m [1;30mINFO[0m Creating package script '/home/booster/Workspace/Booster_T1_3v3_Demo/install/booster_msgs/share/booster_msgs/package.bash'
[6.355s] [34mcolcon.colcon_core.shell[0m [1;30mINFO[0m Creating package script '/home/booster/Workspace/Booster_T1_3v3_Demo/install/booster_msgs/share/booster_msgs/package.zsh'
[6.356s] [34mcolcon.colcon_core.environment[0m [1;30mLevel 1[0m create_file_with_runtime_dependencies(/home/booster/Workspace/Booster_T1_3v3_Demo/install/booster_msgs/share/colcon-core/packages/booster_msgs)
[6.424s] [34mcolcon.colcon_core.environment[0m [1;30mLevel 1[0m create_environment_scripts_only(booster_interface)
[6.426s] [34mcolcon.colcon_core.environment[0m [1;30mLevel 1[0m checking '/home/booster/Workspace/Booster_T1_3v3_Demo/install/booster_interface' for CMake module files
[6.428s] [34mcolcon.colcon_core.event_handler.log_command[0m [1;30mDEBUG[0m [32mInvoked command in '/home/booster/Workspace/Booster_T1_3v3_Demo/build/booster_interface' returned '0': CMAKE_PREFIX_PATH=/opt/ros/humble /usr/bin/cmake --install /home/booster/Workspace/Booster_T1_3v3_Demo/build/booster_interface[0m
[6.435s] [34mcolcon.colcon_core.environment[0m [1;30mLevel 1[0m checking '/home/booster/Workspace/Booster_T1_3v3_Demo/install/booster_interface' for CMake config files
[6.477s] [34mcolcon.colcon_core.shell[0m [1;30mLevel 1[0m create_environment_hook('booster_interface', 'cmake_prefix_path')
[6.480s] [34mcolcon.colcon_core.shell[0m [1;30mINFO[0m Creating environment hook '/home/booster/Workspace/Booster_T1_3v3_Demo/install/booster_interface/share/booster_interface/hook/cmake_prefix_path.ps1'
[6.482s] [34mcolcon.colcon_core.shell[0m [1;30mINFO[0m Creating environment descriptor '/home/booster/Workspace/Booster_T1_3v3_Demo/install/booster_interface/share/booster_interface/hook/cmake_prefix_path.dsv'
[6.483s] [34mcolcon.colcon_core.shell[0m [1;30mINFO[0m Creating environment hook '/home/booster/Workspace/Booster_T1_3v3_Demo/install/booster_interface/share/booster_interface/hook/cmake_prefix_path.sh'
[6.485s] [34mcolcon.colcon_core.environment[0m [1;30mLevel 1[0m checking '/home/booster/Workspace/Booster_T1_3v3_Demo/install/booster_interface/lib'
[6.485s] [34mcolcon.colcon_core.shell[0m [1;30mLevel 1[0m create_environment_hook('booster_interface', 'ld_library_path_lib')
[6.486s] [34mcolcon.colcon_core.shell[0m [1;30mINFO[0m Creating environment hook '/home/booster/Workspace/Booster_T1_3v3_Demo/install/booster_interface/share/booster_interface/hook/ld_library_path_lib.ps1'
[6.487s] [34mcolcon.colcon_core.shell[0m [1;30mINFO[0m Creating environment descriptor '/home/booster/Workspace/Booster_T1_3v3_Demo/install/booster_interface/share/booster_interface/hook/ld_library_path_lib.dsv'
[6.488s] [34mcolcon.colcon_core.shell[0m [1;30mINFO[0m Creating environment hook '/home/booster/Workspace/Booster_T1_3v3_Demo/install/booster_interface/share/booster_interface/hook/ld_library_path_lib.sh'
[6.489s] [34mcolcon.colcon_core.environment[0m [1;30mLevel 1[0m checking '/home/booster/Workspace/Booster_T1_3v3_Demo/install/booster_interface/bin'
[6.489s] [34mcolcon.colcon_core.environment[0m [1;30mLevel 1[0m checking '/home/booster/Workspace/Booster_T1_3v3_Demo/install/booster_interface/lib/pkgconfig/booster_interface.pc'
[6.490s] [34mcolcon.colcon_core.environment[0m [1;30mLevel 1[0m checking '/home/booster/Workspace/Booster_T1_3v3_Demo/install/booster_interface/lib/python3.10/site-packages'
[6.490s] [34mcolcon.colcon_core.environment[0m [1;30mLevel 1[0m checking '/home/booster/Workspace/Booster_T1_3v3_Demo/install/booster_interface/bin'
[6.491s] [34mcolcon.colcon_core.shell[0m [1;30mINFO[0m Creating package script '/home/booster/Workspace/Booster_T1_3v3_Demo/install/booster_interface/share/booster_interface/package.ps1'
[6.492s] [34mcolcon.colcon_core.shell[0m [1;30mINFO[0m Creating package descriptor '/home/booster/Workspace/Booster_T1_3v3_Demo/install/booster_interface/share/booster_interface/package.dsv'
[6.493s] [34mcolcon.colcon_core.shell[0m [1;30mINFO[0m Creating package script '/home/booster/Workspace/Booster_T1_3v3_Demo/install/booster_interface/share/booster_interface/package.sh'
[6.494s] [34mcolcon.colcon_core.shell[0m [1;30mINFO[0m Creating package script '/home/booster/Workspace/Booster_T1_3v3_Demo/install/booster_interface/share/booster_interface/package.bash'
[6.495s] [34mcolcon.colcon_core.shell[0m [1;30mINFO[0m Creating package script '/home/booster/Workspace/Booster_T1_3v3_Demo/install/booster_interface/share/booster_interface/package.zsh'
[6.495s] [34mcolcon.colcon_core.environment[0m [1;30mLevel 1[0m create_file_with_runtime_dependencies(/home/booster/Workspace/Booster_T1_3v3_Demo/install/booster_interface/share/colcon-core/packages/booster_interface)
[6.497s] [34mcolcon.colcon_core.environment[0m [1;30mLevel 1[0m create_environment_scripts_only(booster_interface)
[6.498s] [34mcolcon.colcon_core.environment[0m [1;30mLevel 1[0m checking '/home/booster/Workspace/Booster_T1_3v3_Demo/install/booster_interface' for CMake module files
[6.499s] [34mcolcon.colcon_core.environment[0m [1;30mLevel 1[0m checking '/home/booster/Workspace/Booster_T1_3v3_Demo/install/booster_interface' for CMake config files
[6.503s] [34mcolcon.colcon_core.shell[0m [1;30mLevel 1[0m create_environment_hook('booster_interface', 'cmake_prefix_path')
[6.504s] [34mcolcon.colcon_core.shell[0m [1;30mINFO[0m Creating environment hook '/home/booster/Workspace/Booster_T1_3v3_Demo/install/booster_interface/share/booster_interface/hook/cmake_prefix_path.ps1'
[6.505s] [34mcolcon.colcon_core.shell[0m [1;30mINFO[0m Creating environment descriptor '/home/booster/Workspace/Booster_T1_3v3_Demo/install/booster_interface/share/booster_interface/hook/cmake_prefix_path.dsv'
[6.507s] [34mcolcon.colcon_core.shell[0m [1;30mINFO[0m Creating environment hook '/home/booster/Workspace/Booster_T1_3v3_Demo/install/booster_interface/share/booster_interface/hook/cmake_prefix_path.sh'
[6.509s] [34mcolcon.colcon_core.environment[0m [1;30mLevel 1[0m checking '/home/booster/Workspace/Booster_T1_3v3_Demo/install/booster_interface/lib'
[6.510s] [34mcolcon.colcon_core.shell[0m [1;30mLevel 1[0m create_environment_hook('booster_interface', 'ld_library_path_lib')
[6.510s] [34mcolcon.colcon_core.shell[0m [1;30mINFO[0m Creating environment hook '/home/booster/Workspace/Booster_T1_3v3_Demo/install/booster_interface/share/booster_interface/hook/ld_library_path_lib.ps1'
[6.511s] [34mcolcon.colcon_core.shell[0m [1;30mINFO[0m Creating environment descriptor '/home/booster/Workspace/Booster_T1_3v3_Demo/install/booster_interface/share/booster_interface/hook/ld_library_path_lib.dsv'
[6.512s] [34mcolcon.colcon_core.shell[0m [1;30mINFO[0m Creating environment hook '/home/booster/Workspace/Booster_T1_3v3_Demo/install/booster_interface/share/booster_interface/hook/ld_library_path_lib.sh'
[6.513s] [34mcolcon.colcon_core.environment[0m [1;30mLevel 1[0m checking '/home/booster/Workspace/Booster_T1_3v3_Demo/install/booster_interface/bin'
[6.513s] [34mcolcon.colcon_core.environment[0m [1;30mLevel 1[0m checking '/home/booster/Workspace/Booster_T1_3v3_Demo/install/booster_interface/lib/pkgconfig/booster_interface.pc'
[6.513s] [34mcolcon.colcon_core.environment[0m [1;30mLevel 1[0m checking '/home/booster/Workspace/Booster_T1_3v3_Demo/install/booster_interface/lib/python3.10/site-packages'
[6.514s] [34mcolcon.colcon_core.environment[0m [1;30mLevel 1[0m checking '/home/booster/Workspace/Booster_T1_3v3_Demo/install/booster_interface/bin'
[6.514s] [34mcolcon.colcon_core.shell[0m [1;30mINFO[0m Creating package script '/home/booster/Workspace/Booster_T1_3v3_Demo/install/booster_interface/share/booster_interface/package.ps1'
[6.516s] [34mcolcon.colcon_core.shell[0m [1;30mINFO[0m Creating package descriptor '/home/booster/Workspace/Booster_T1_3v3_Demo/install/booster_interface/share/booster_interface/package.dsv'
[6.517s] [34mcolcon.colcon_core.shell[0m [1;30mINFO[0m Creating package script '/home/booster/Workspace/Booster_T1_3v3_Demo/install/booster_interface/share/booster_interface/package.sh'
[6.518s] [34mcolcon.colcon_core.shell[0m [1;30mINFO[0m Creating package script '/home/booster/Workspace/Booster_T1_3v3_Demo/install/booster_interface/share/booster_interface/package.bash'
[6.520s] [34mcolcon.colcon_core.shell[0m [1;30mINFO[0m Creating package script '/home/booster/Workspace/Booster_T1_3v3_Demo/install/booster_interface/share/booster_interface/package.zsh'
[6.521s] [34mcolcon.colcon_core.environment[0m [1;30mLevel 1[0m create_file_with_runtime_dependencies(/home/booster/Workspace/Booster_T1_3v3_Demo/install/booster_interface/share/colcon-core/packages/booster_interface)
[6.527s] [34mcolcon.colcon_core.event_handler.log_command[0m [1;30mDEBUG[0m [32mInvoked command in '/home/booster/Workspace/Booster_T1_3v3_Demo/build/vision_interface' returned '0': CMAKE_PREFIX_PATH=/opt/ros/humble /usr/bin/cmake --build /home/booster/Workspace/Booster_T1_3v3_Demo/build/vision_interface -- -j5 -l5[0m
[6.528s] [34mcolcon.colcon_core.event_handler.log_command[0m [1;30mDEBUG[0m [32mInvoking command in '/home/booster/Workspace/Booster_T1_3v3_Demo/build/vision_interface': CMAKE_PREFIX_PATH=/opt/ros/humble /usr/bin/cmake --install /home/booster/Workspace/Booster_T1_3v3_Demo/build/vision_interface[0m
[6.540s] [34mcolcon.colcon_core.event_handler.log_command[0m [1;30mDEBUG[0m [32mInvoked command in '/home/booster/Workspace/Booster_T1_3v3_Demo/build/game_controller_interface' returned '0': CMAKE_PREFIX_PATH=/opt/ros/humble /usr/bin/cmake --build /home/booster/Workspace/Booster_T1_3v3_Demo/build/game_controller_interface -- -j5 -l5[0m
[6.546s] [34mcolcon.colcon_core.event_handler.log_command[0m [1;30mDEBUG[0m [32mInvoking command in '/home/booster/Workspace/Booster_T1_3v3_Demo/build/game_controller_interface': CMAKE_PREFIX_PATH=/opt/ros/humble /usr/bin/cmake --install /home/booster/Workspace/Booster_T1_3v3_Demo/build/game_controller_interface[0m
[6.844s] [34mcolcon.colcon_core.environment[0m [1;30mLevel 1[0m create_environment_scripts_only(game_controller_interface)
[6.845s] [34mcolcon.colcon_core.environment[0m [1;30mLevel 1[0m checking '/home/booster/Workspace/Booster_T1_3v3_Demo/install/game_controller_interface' for CMake module files
[6.847s] [34mcolcon.colcon_core.environment[0m [1;30mLevel 1[0m checking '/home/booster/Workspace/Booster_T1_3v3_Demo/install/game_controller_interface' for CMake config files
[6.849s] [34mcolcon.colcon_core.shell[0m [1;30mLevel 1[0m create_environment_hook('game_controller_interface', 'cmake_prefix_path')
[6.850s] [34mcolcon.colcon_core.shell[0m [1;30mINFO[0m Creating environment hook '/home/booster/Workspace/Booster_T1_3v3_Demo/install/game_controller_interface/share/game_controller_interface/hook/cmake_prefix_path.ps1'
[6.851s] [34mcolcon.colcon_core.shell[0m [1;30mINFO[0m Creating environment descriptor '/home/booster/Workspace/Booster_T1_3v3_Demo/install/game_controller_interface/share/game_controller_interface/hook/cmake_prefix_path.dsv'
[6.852s] [34mcolcon.colcon_core.shell[0m [1;30mINFO[0m Creating environment hook '/home/booster/Workspace/Booster_T1_3v3_Demo/install/game_controller_interface/share/game_controller_interface/hook/cmake_prefix_path.sh'
[6.853s] [34mcolcon.colcon_core.environment[0m [1;30mLevel 1[0m checking '/home/booster/Workspace/Booster_T1_3v3_Demo/install/game_controller_interface/lib'
[6.853s] [34mcolcon.colcon_core.shell[0m [1;30mLevel 1[0m create_environment_hook('game_controller_interface', 'ld_library_path_lib')
[6.854s] [34mcolcon.colcon_core.shell[0m [1;30mINFO[0m Creating environment hook '/home/booster/Workspace/Booster_T1_3v3_Demo/install/game_controller_interface/share/game_controller_interface/hook/ld_library_path_lib.ps1'
[6.855s] [34mcolcon.colcon_core.shell[0m [1;30mINFO[0m Creating environment descriptor '/home/booster/Workspace/Booster_T1_3v3_Demo/install/game_controller_interface/share/game_controller_interface/hook/ld_library_path_lib.dsv'
[6.859s] [34mcolcon.colcon_core.shell[0m [1;30mINFO[0m Creating environment hook '/home/booster/Workspace/Booster_T1_3v3_Demo/install/game_controller_interface/share/game_controller_interface/hook/ld_library_path_lib.sh'
[6.863s] [34mcolcon.colcon_core.environment[0m [1;30mLevel 1[0m checking '/home/booster/Workspace/Booster_T1_3v3_Demo/install/game_controller_interface/bin'
[6.863s] [34mcolcon.colcon_core.environment[0m [1;30mLevel 1[0m checking '/home/booster/Workspace/Booster_T1_3v3_Demo/install/game_controller_interface/lib/pkgconfig/game_controller_interface.pc'
[6.864s] [34mcolcon.colcon_core.environment[0m [1;30mLevel 1[0m checking '/home/booster/Workspace/Booster_T1_3v3_Demo/install/game_controller_interface/lib/python3.10/site-packages'
[6.864s] [34mcolcon.colcon_core.environment[0m [1;30mLevel 1[0m checking '/home/booster/Workspace/Booster_T1_3v3_Demo/install/game_controller_interface/bin'
[6.865s] [34mcolcon.colcon_core.shell[0m [1;30mINFO[0m Creating package script '/home/booster/Workspace/Booster_T1_3v3_Demo/install/game_controller_interface/share/game_controller_interface/package.ps1'
[6.866s] [34mcolcon.colcon_core.shell[0m [1;30mINFO[0m Creating package descriptor '/home/booster/Workspace/Booster_T1_3v3_Demo/install/game_controller_interface/share/game_controller_interface/package.dsv'
[6.872s] [34mcolcon.colcon_core.shell[0m [1;30mINFO[0m Creating package script '/home/booster/Workspace/Booster_T1_3v3_Demo/install/game_controller_interface/share/game_controller_interface/package.sh'
[6.884s] [34mcolcon.colcon_core.shell[0m [1;30mINFO[0m Creating package script '/home/booster/Workspace/Booster_T1_3v3_Demo/install/game_controller_interface/share/game_controller_interface/package.bash'
[6.891s] [34mcolcon.colcon_core.event_handler.log_command[0m [1;30mDEBUG[0m [32mInvoked command in '/home/booster/Workspace/Booster_T1_3v3_Demo/build/game_controller_interface' returned '0': CMAKE_PREFIX_PATH=/opt/ros/humble /usr/bin/cmake --install /home/booster/Workspace/Booster_T1_3v3_Demo/build/game_controller_interface[0m
[6.893s] [34mcolcon.colcon_core.shell[0m [1;30mINFO[0m Creating package script '/home/booster/Workspace/Booster_T1_3v3_Demo/install/game_controller_interface/share/game_controller_interface/package.zsh'
[6.893s] [34mcolcon.colcon_core.environment[0m [1;30mLevel 1[0m create_file_with_runtime_dependencies(/home/booster/Workspace/Booster_T1_3v3_Demo/install/game_controller_interface/share/colcon-core/packages/game_controller_interface)
[6.895s] [34mcolcon.colcon_core.environment[0m [1;30mLevel 1[0m create_environment_scripts_only(game_controller_interface)
[6.895s] [34mcolcon.colcon_core.environment[0m [1;30mLevel 1[0m checking '/home/booster/Workspace/Booster_T1_3v3_Demo/install/game_controller_interface' for CMake module files
[6.896s] [34mcolcon.colcon_core.environment[0m [1;30mLevel 1[0m checking '/home/booster/Workspace/Booster_T1_3v3_Demo/install/game_controller_interface' for CMake config files
[6.901s] [34mcolcon.colcon_core.shell[0m [1;30mLevel 1[0m create_environment_hook('game_controller_interface', 'cmake_prefix_path')
[6.905s] [34mcolcon.colcon_core.shell[0m [1;30mINFO[0m Creating environment hook '/home/booster/Workspace/Booster_T1_3v3_Demo/install/game_controller_interface/share/game_controller_interface/hook/cmake_prefix_path.ps1'
[6.907s] [34mcolcon.colcon_core.shell[0m [1;30mINFO[0m Creating environment descriptor '/home/booster/Workspace/Booster_T1_3v3_Demo/install/game_controller_interface/share/game_controller_interface/hook/cmake_prefix_path.dsv'
[6.912s] [34mcolcon.colcon_core.shell[0m [1;30mINFO[0m Creating environment hook '/home/booster/Workspace/Booster_T1_3v3_Demo/install/game_controller_interface/share/game_controller_interface/hook/cmake_prefix_path.sh'
[6.922s] [34mcolcon.colcon_core.environment[0m [1;30mLevel 1[0m checking '/home/booster/Workspace/Booster_T1_3v3_Demo/install/game_controller_interface/lib'
[6.922s] [34mcolcon.colcon_core.shell[0m [1;30mLevel 1[0m create_environment_hook('game_controller_interface', 'ld_library_path_lib')
[6.923s] [34mcolcon.colcon_core.shell[0m [1;30mINFO[0m Creating environment hook '/home/booster/Workspace/Booster_T1_3v3_Demo/install/game_controller_interface/share/game_controller_interface/hook/ld_library_path_lib.ps1'
[6.924s] [34mcolcon.colcon_core.shell[0m [1;30mINFO[0m Creating environment descriptor '/home/booster/Workspace/Booster_T1_3v3_Demo/install/game_controller_interface/share/game_controller_interface/hook/ld_library_path_lib.dsv'
[6.924s] [34mcolcon.colcon_core.shell[0m [1;30mINFO[0m Creating environment hook '/home/booster/Workspace/Booster_T1_3v3_Demo/install/game_controller_interface/share/game_controller_interface/hook/ld_library_path_lib.sh'
[6.930s] [34mcolcon.colcon_core.environment[0m [1;30mLevel 1[0m checking '/home/booster/Workspace/Booster_T1_3v3_Demo/install/game_controller_interface/bin'
[6.935s] [34mcolcon.colcon_core.environment[0m [1;30mLevel 1[0m checking '/home/booster/Workspace/Booster_T1_3v3_Demo/install/game_controller_interface/lib/pkgconfig/game_controller_interface.pc'
[6.943s] [34mcolcon.colcon_core.environment[0m [1;30mLevel 1[0m checking '/home/booster/Workspace/Booster_T1_3v3_Demo/install/game_controller_interface/lib/python3.10/site-packages'
[6.944s] [34mcolcon.colcon_core.environment[0m [1;30mLevel 1[0m checking '/home/booster/Workspace/Booster_T1_3v3_Demo/install/game_controller_interface/bin'
[6.945s] [34mcolcon.colcon_core.shell[0m [1;30mINFO[0m Creating package script '/home/booster/Workspace/Booster_T1_3v3_Demo/install/game_controller_interface/share/game_controller_interface/package.ps1'
[6.949s] [34mcolcon.colcon_core.shell[0m [1;30mINFO[0m Creating package descriptor '/home/booster/Workspace/Booster_T1_3v3_Demo/install/game_controller_interface/share/game_controller_interface/package.dsv'
[6.950s] [34mcolcon.colcon_core.shell[0m [1;30mINFO[0m Creating package script '/home/booster/Workspace/Booster_T1_3v3_Demo/install/game_controller_interface/share/game_controller_interface/package.sh'
[6.951s] [34mcolcon.colcon_core.shell[0m [1;30mINFO[0m Creating package script '/home/booster/Workspace/Booster_T1_3v3_Demo/install/game_controller_interface/share/game_controller_interface/package.bash'
[6.952s] [34mcolcon.colcon_core.shell[0m [1;30mINFO[0m Creating package script '/home/booster/Workspace/Booster_T1_3v3_Demo/install/game_controller_interface/share/game_controller_interface/package.zsh'
[6.953s] [34mcolcon.colcon_core.environment[0m [1;30mLevel 1[0m create_file_with_runtime_dependencies(/home/booster/Workspace/Booster_T1_3v3_Demo/install/game_controller_interface/share/colcon-core/packages/game_controller_interface)
[6.954s] [34mcolcon.colcon_ros.task.ament_cmake.build[0m [1;30mINFO[0m Building ROS package in '/home/booster/Workspace/Booster_T1_3v3_Demo/src/game_controller' with build type 'ament_cmake'
[6.954s] [34mcolcon.colcon_cmake.task.cmake.build[0m [1;30mINFO[0m Building CMake package in '/home/booster/Workspace/Booster_T1_3v3_Demo/src/game_controller'
[6.955s] [34mcolcon.colcon_core.shell[0m [1;30mINFO[0m Skip shell extension 'powershell' for command environment: Not usable outside of PowerShell
[6.957s] [34mcolcon.colcon_core.shell[0m [1;30mDEBUG[0m [32mSkip shell extension 'dsv' for command environment[0m
[6.980s] [34mcolcon.colcon_core.environment[0m [1;30mLevel 1[0m create_environment_scripts_only(vision_interface)
[6.981s] [34mcolcon.colcon_core.environment[0m [1;30mLevel 1[0m checking '/home/booster/Workspace/Booster_T1_3v3_Demo/install/vision_interface' for CMake module files
[6.982s] [34mcolcon.colcon_core.event_handler.log_command[0m [1;30mDEBUG[0m [32mInvoked command in '/home/booster/Workspace/Booster_T1_3v3_Demo/build/vision_interface' returned '0': CMAKE_PREFIX_PATH=/opt/ros/humble /usr/bin/cmake --install /home/booster/Workspace/Booster_T1_3v3_Demo/build/vision_interface[0m
[6.983s] [34mcolcon.colcon_core.environment[0m [1;30mLevel 1[0m checking '/home/booster/Workspace/Booster_T1_3v3_Demo/install/vision_interface' for CMake config files
[6.986s] [34mcolcon.colcon_core.shell[0m [1;30mLevel 1[0m create_environment_hook('vision_interface', 'cmake_prefix_path')
[6.986s] [34mcolcon.colcon_core.shell[0m [1;30mINFO[0m Creating environment hook '/home/booster/Workspace/Booster_T1_3v3_Demo/install/vision_interface/share/vision_interface/hook/cmake_prefix_path.ps1'
[6.987s] [34mcolcon.colcon_core.shell[0m [1;30mINFO[0m Creating environment descriptor '/home/booster/Workspace/Booster_T1_3v3_Demo/install/vision_interface/share/vision_interface/hook/cmake_prefix_path.dsv'
[6.988s] [34mcolcon.colcon_core.shell[0m [1;30mINFO[0m Creating environment hook '/home/booster/Workspace/Booster_T1_3v3_Demo/install/vision_interface/share/vision_interface/hook/cmake_prefix_path.sh'
[6.989s] [34mcolcon.colcon_core.environment[0m [1;30mLevel 1[0m checking '/home/booster/Workspace/Booster_T1_3v3_Demo/install/vision_interface/lib'
[6.990s] [34mcolcon.colcon_core.shell[0m [1;30mLevel 1[0m create_environment_hook('vision_interface', 'ld_library_path_lib')
[6.990s] [34mcolcon.colcon_core.shell[0m [1;30mINFO[0m Creating environment hook '/home/booster/Workspace/Booster_T1_3v3_Demo/install/vision_interface/share/vision_interface/hook/ld_library_path_lib.ps1'
[6.991s] [34mcolcon.colcon_core.shell[0m [1;30mINFO[0m Creating environment descriptor '/home/booster/Workspace/Booster_T1_3v3_Demo/install/vision_interface/share/vision_interface/hook/ld_library_path_lib.dsv'
[6.991s] [34mcolcon.colcon_core.shell[0m [1;30mINFO[0m Creating environment hook '/home/booster/Workspace/Booster_T1_3v3_Demo/install/vision_interface/share/vision_interface/hook/ld_library_path_lib.sh'
[6.992s] [34mcolcon.colcon_core.environment[0m [1;30mLevel 1[0m checking '/home/booster/Workspace/Booster_T1_3v3_Demo/install/vision_interface/bin'
[6.992s] [34mcolcon.colcon_core.environment[0m [1;30mLevel 1[0m checking '/home/booster/Workspace/Booster_T1_3v3_Demo/install/vision_interface/lib/pkgconfig/vision_interface.pc'
[6.992s] [34mcolcon.colcon_core.environment[0m [1;30mLevel 1[0m checking '/home/booster/Workspace/Booster_T1_3v3_Demo/install/vision_interface/lib/python3.10/site-packages'
[6.993s] [34mcolcon.colcon_core.environment[0m [1;30mLevel 1[0m checking '/home/booster/Workspace/Booster_T1_3v3_Demo/install/vision_interface/bin'
[6.993s] [34mcolcon.colcon_core.shell[0m [1;30mINFO[0m Creating package script '/home/booster/Workspace/Booster_T1_3v3_Demo/install/vision_interface/share/vision_interface/package.ps1'
[6.994s] [34mcolcon.colcon_core.shell[0m [1;30mINFO[0m Creating package descriptor '/home/booster/Workspace/Booster_T1_3v3_Demo/install/vision_interface/share/vision_interface/package.dsv'
[6.995s] [34mcolcon.colcon_core.shell[0m [1;30mINFO[0m Creating package script '/home/booster/Workspace/Booster_T1_3v3_Demo/install/vision_interface/share/vision_interface/package.sh'
[6.996s] [34mcolcon.colcon_core.shell[0m [1;30mINFO[0m Creating package script '/home/booster/Workspace/Booster_T1_3v3_Demo/install/vision_interface/share/vision_interface/package.bash'
[6.999s] [34mcolcon.colcon_core.shell[0m [1;30mINFO[0m Creating package script '/home/booster/Workspace/Booster_T1_3v3_Demo/install/vision_interface/share/vision_interface/package.zsh'
[7.000s] [34mcolcon.colcon_core.environment[0m [1;30mLevel 1[0m create_file_with_runtime_dependencies(/home/booster/Workspace/Booster_T1_3v3_Demo/install/vision_interface/share/colcon-core/packages/vision_interface)
[7.001s] [34mcolcon.colcon_core.environment[0m [1;30mLevel 1[0m create_environment_scripts_only(vision_interface)
[7.001s] [34mcolcon.colcon_core.environment[0m [1;30mLevel 1[0m checking '/home/booster/Workspace/Booster_T1_3v3_Demo/install/vision_interface' for CMake module files
[7.002s] [34mcolcon.colcon_core.environment[0m [1;30mLevel 1[0m checking '/home/booster/Workspace/Booster_T1_3v3_Demo/install/vision_interface' for CMake config files
[7.013s] [34mcolcon.colcon_core.shell[0m [1;30mLevel 1[0m create_environment_hook('vision_interface', 'cmake_prefix_path')
[7.013s] [34mcolcon.colcon_core.shell[0m [1;30mINFO[0m Creating environment hook '/home/booster/Workspace/Booster_T1_3v3_Demo/install/vision_interface/share/vision_interface/hook/cmake_prefix_path.ps1'
[7.014s] [34mcolcon.colcon_core.shell[0m [1;30mINFO[0m Creating environment descriptor '/home/booster/Workspace/Booster_T1_3v3_Demo/install/vision_interface/share/vision_interface/hook/cmake_prefix_path.dsv'
[7.015s] [34mcolcon.colcon_core.shell[0m [1;30mINFO[0m Creating environment hook '/home/booster/Workspace/Booster_T1_3v3_Demo/install/vision_interface/share/vision_interface/hook/cmake_prefix_path.sh'
[7.016s] [34mcolcon.colcon_core.environment[0m [1;30mLevel 1[0m checking '/home/booster/Workspace/Booster_T1_3v3_Demo/install/vision_interface/lib'
[7.016s] [34mcolcon.colcon_core.shell[0m [1;30mLevel 1[0m create_environment_hook('vision_interface', 'ld_library_path_lib')
[7.016s] [34mcolcon.colcon_core.shell[0m [1;30mINFO[0m Creating environment hook '/home/booster/Workspace/Booster_T1_3v3_Demo/install/vision_interface/share/vision_interface/hook/ld_library_path_lib.ps1'
[7.017s] [34mcolcon.colcon_core.shell[0m [1;30mINFO[0m Creating environment descriptor '/home/booster/Workspace/Booster_T1_3v3_Demo/install/vision_interface/share/vision_interface/hook/ld_library_path_lib.dsv'
[7.018s] [34mcolcon.colcon_core.shell[0m [1;30mINFO[0m Creating environment hook '/home/booster/Workspace/Booster_T1_3v3_Demo/install/vision_interface/share/vision_interface/hook/ld_library_path_lib.sh'
[7.029s] [34mcolcon.colcon_core.environment[0m [1;30mLevel 1[0m checking '/home/booster/Workspace/Booster_T1_3v3_Demo/install/vision_interface/bin'
[7.029s] [34mcolcon.colcon_core.environment[0m [1;30mLevel 1[0m checking '/home/booster/Workspace/Booster_T1_3v3_Demo/install/vision_interface/lib/pkgconfig/vision_interface.pc'
[7.030s] [34mcolcon.colcon_core.environment[0m [1;30mLevel 1[0m checking '/home/booster/Workspace/Booster_T1_3v3_Demo/install/vision_interface/lib/python3.10/site-packages'
[7.030s] [34mcolcon.colcon_core.environment[0m [1;30mLevel 1[0m checking '/home/booster/Workspace/Booster_T1_3v3_Demo/install/vision_interface/bin'
[7.031s] [34mcolcon.colcon_core.shell[0m [1;30mINFO[0m Creating package script '/home/booster/Workspace/Booster_T1_3v3_Demo/install/vision_interface/share/vision_interface/package.ps1'
[7.032s] [34mcolcon.colcon_core.shell[0m [1;30mINFO[0m Creating package descriptor '/home/booster/Workspace/Booster_T1_3v3_Demo/install/vision_interface/share/vision_interface/package.dsv'
[7.035s] [34mcolcon.colcon_core.shell[0m [1;30mINFO[0m Creating package script '/home/booster/Workspace/Booster_T1_3v3_Demo/install/vision_interface/share/vision_interface/package.sh'
[7.036s] [34mcolcon.colcon_core.shell[0m [1;30mINFO[0m Creating package script '/home/booster/Workspace/Booster_T1_3v3_Demo/install/vision_interface/share/vision_interface/package.bash'
[7.045s] [34mcolcon.colcon_core.shell[0m [1;30mINFO[0m Creating package script '/home/booster/Workspace/Booster_T1_3v3_Demo/install/vision_interface/share/vision_interface/package.zsh'
[7.046s] [34mcolcon.colcon_core.environment[0m [1;30mLevel 1[0m create_file_with_runtime_dependencies(/home/booster/Workspace/Booster_T1_3v3_Demo/install/vision_interface/share/colcon-core/packages/vision_interface)
[7.047s] [34mcolcon.colcon_ros.task.ament_cmake.build[0m [1;30mINFO[0m Building ROS package in '/home/booster/Workspace/Booster_T1_3v3_Demo/src/brain' with build type 'ament_cmake'
[7.048s] [34mcolcon.colcon_cmake.task.cmake.build[0m [1;30mINFO[0m Building CMake package in '/home/booster/Workspace/Booster_T1_3v3_Demo/src/brain'
[7.051s] [34mcolcon.colcon_core.shell[0m [1;30mINFO[0m Skip shell extension 'powershell' for command environment: Not usable outside of PowerShell
[7.051s] [34mcolcon.colcon_core.shell[0m [1;30mDEBUG[0m [32mSkip shell extension 'dsv' for command environment[0m
[7.058s] [34mcolcon.colcon_ros.task.ament_cmake.build[0m [1;30mINFO[0m Building ROS package in '/home/booster/Workspace/Booster_T1_3v3_Demo/src/vision' with build type 'ament_cmake'
[7.059s] [34mcolcon.colcon_cmake.task.cmake.build[0m [1;30mINFO[0m Building CMake package in '/home/booster/Workspace/Booster_T1_3v3_Demo/src/vision'
[7.059s] [34mcolcon.colcon_core.shell[0m [1;30mINFO[0m Skip shell extension 'powershell' for command environment: Not usable outside of PowerShell
[7.060s] [34mcolcon.colcon_core.shell[0m [1;30mDEBUG[0m [32mSkip shell extension 'dsv' for command environment[0m
[7.090s] [34mcolcon.colcon_core.event_handler.log_command[0m [1;30mDEBUG[0m [32mInvoking command in '/home/booster/Workspace/Booster_T1_3v3_Demo/build/game_controller': AMENT_PREFIX_PATH=/home/booster/Workspace/Booster_T1_3v3_Demo/install/game_controller_interface:${AMENT_PREFIX_PATH} CMAKE_PREFIX_PATH=/home/booster/Workspace/Booster_T1_3v3_Demo/install/game_controller_interface:/opt/ros/humble LD_LIBRARY_PATH=/home/booster/Workspace/Booster_T1_3v3_Demo/install/game_controller_interface/lib:${LD_LIBRARY_PATH} PYTHONPATH=/home/booster/Workspace/Booster_T1_3v3_Demo/install/game_controller_interface/local/lib/python3.10/dist-packages:${PYTHONPATH} /usr/bin/cmake --build /home/booster/Workspace/Booster_T1_3v3_Demo/build/game_controller -- -j5 -l5[0m
[7.152s] [34mcolcon.colcon_core.event_handler.log_command[0m [1;30mDEBUG[0m [32mInvoking command in '/home/booster/Workspace/Booster_T1_3v3_Demo/build/brain': AMENT_PREFIX_PATH=/home/booster/Workspace/Booster_T1_3v3_Demo/install/vision_interface:/home/booster/Workspace/Booster_T1_3v3_Demo/install/game_controller_interface:/home/booster/Workspace/Booster_T1_3v3_Demo/install/booster_msgs:/home/booster/Workspace/Booster_T1_3v3_Demo/install/booster_interface:${AMENT_PREFIX_PATH} CMAKE_PREFIX_PATH=/home/booster/Workspace/Booster_T1_3v3_Demo/install/vision_interface:/home/booster/Workspace/Booster_T1_3v3_Demo/install/game_controller_interface:/home/booster/Workspace/Booster_T1_3v3_Demo/install/booster_msgs:/home/booster/Workspace/Booster_T1_3v3_Demo/install/booster_interface:/opt/ros/humble LD_LIBRARY_PATH=/home/booster/Workspace/Booster_T1_3v3_Demo/install/vision_interface/lib:/home/booster/Workspace/Booster_T1_3v3_Demo/install/game_controller_interface/lib:/home/booster/Workspace/Booster_T1_3v3_Demo/install/booster_msgs/lib:/home/booster/Workspace/Booster_T1_3v3_Demo/install/booster_interface/lib:${LD_LIBRARY_PATH} PYTHONPATH=/home/booster/Workspace/Booster_T1_3v3_Demo/install/vision_interface/local/lib/python3.10/dist-packages:/home/booster/Workspace/Booster_T1_3v3_Demo/install/game_controller_interface/local/lib/python3.10/dist-packages:/home/booster/Workspace/Booster_T1_3v3_Demo/install/booster_msgs/local/lib/python3.10/dist-packages:/home/booster/Workspace/Booster_T1_3v3_Demo/install/booster_interface/local/lib/python3.10/dist-packages:${PYTHONPATH} /usr/bin/cmake --build /home/booster/Workspace/Booster_T1_3v3_Demo/build/brain -- -j5 -l5[0m
[7.195s] [34mcolcon.colcon_core.event_handler.log_command[0m [1;30mDEBUG[0m [32mInvoking command in '/home/booster/Workspace/Booster_T1_3v3_Demo/build/vision': AMENT_PREFIX_PATH=/home/booster/Workspace/Booster_T1_3v3_Demo/install/vision_interface:${AMENT_PREFIX_PATH} CMAKE_PREFIX_PATH=/home/booster/Workspace/Booster_T1_3v3_Demo/install/vision_interface:/opt/ros/humble LD_LIBRARY_PATH=/home/booster/Workspace/Booster_T1_3v3_Demo/install/vision_interface/lib:${LD_LIBRARY_PATH} PYTHONPATH=/home/booster/Workspace/Booster_T1_3v3_Demo/install/vision_interface/local/lib/python3.10/dist-packages:${PYTHONPATH} /usr/bin/cmake --build /home/booster/Workspace/Booster_T1_3v3_Demo/build/vision -- -j5 -l5[0m
[7.355s] [34mcolcon.colcon_core.event_handler.log_command[0m [1;30mDEBUG[0m [32mInvoked command in '/home/booster/Workspace/Booster_T1_3v3_Demo/build/game_controller' returned '0': AMENT_PREFIX_PATH=/home/booster/Workspace/Booster_T1_3v3_Demo/install/game_controller_interface:${AMENT_PREFIX_PATH} CMAKE_PREFIX_PATH=/home/booster/Workspace/Booster_T1_3v3_Demo/install/game_controller_interface:/opt/ros/humble LD_LIBRARY_PATH=/home/booster/Workspace/Booster_T1_3v3_Demo/install/game_controller_interface/lib:${LD_LIBRARY_PATH} PYTHONPATH=/home/booster/Workspace/Booster_T1_3v3_Demo/install/game_controller_interface/local/lib/python3.10/dist-packages:${PYTHONPATH} /usr/bin/cmake --build /home/booster/Workspace/Booster_T1_3v3_Demo/build/game_controller -- -j5 -l5[0m
[7.365s] [34mcolcon.colcon_core.event_handler.log_command[0m [1;30mDEBUG[0m [32mInvoking command in '/home/booster/Workspace/Booster_T1_3v3_Demo/build/game_controller': AMENT_PREFIX_PATH=/home/booster/Workspace/Booster_T1_3v3_Demo/install/game_controller_interface:${AMENT_PREFIX_PATH} CMAKE_PREFIX_PATH=/home/booster/Workspace/Booster_T1_3v3_Demo/install/game_controller_interface:/opt/ros/humble LD_LIBRARY_PATH=/home/booster/Workspace/Booster_T1_3v3_Demo/install/game_controller_interface/lib:${LD_LIBRARY_PATH} PYTHONPATH=/home/booster/Workspace/Booster_T1_3v3_Demo/install/game_controller_interface/local/lib/python3.10/dist-packages:${PYTHONPATH} /usr/bin/cmake --install /home/booster/Workspace/Booster_T1_3v3_Demo/build/game_controller[0m
[7.426s] [34mcolcon.colcon_core.environment[0m [1;30mLevel 1[0m create_environment_scripts_only(game_controller)
[7.427s] [34mcolcon.colcon_core.environment[0m [1;30mLevel 1[0m checking '/home/booster/Workspace/Booster_T1_3v3_Demo/install/game_controller' for CMake module files
[7.428s] [34mcolcon.colcon_core.environment[0m [1;30mLevel 1[0m checking '/home/booster/Workspace/Booster_T1_3v3_Demo/install/game_controller' for CMake config files
[7.429s] [34mcolcon.colcon_core.shell[0m [1;30mLevel 1[0m create_environment_hook('game_controller', 'cmake_prefix_path')
[7.430s] [34mcolcon.colcon_core.shell[0m [1;30mINFO[0m Creating environment hook '/home/booster/Workspace/Booster_T1_3v3_Demo/install/game_controller/share/game_controller/hook/cmake_prefix_path.ps1'
[7.433s] [34mcolcon.colcon_core.event_handler.log_command[0m [1;30mDEBUG[0m [32mInvoked command in '/home/booster/Workspace/Booster_T1_3v3_Demo/build/game_controller' returned '0': AMENT_PREFIX_PATH=/home/booster/Workspace/Booster_T1_3v3_Demo/install/game_controller_interface:${AMENT_PREFIX_PATH} CMAKE_PREFIX_PATH=/home/booster/Workspace/Booster_T1_3v3_Demo/install/game_controller_interface:/opt/ros/humble LD_LIBRARY_PATH=/home/booster/Workspace/Booster_T1_3v3_Demo/install/game_controller_interface/lib:${LD_LIBRARY_PATH} PYTHONPATH=/home/booster/Workspace/Booster_T1_3v3_Demo/install/game_controller_interface/local/lib/python3.10/dist-packages:${PYTHONPATH} /usr/bin/cmake --install /home/booster/Workspace/Booster_T1_3v3_Demo/build/game_controller[0m
[7.434s] [34mcolcon.colcon_core.shell[0m [1;30mINFO[0m Creating environment descriptor '/home/booster/Workspace/Booster_T1_3v3_Demo/install/game_controller/share/game_controller/hook/cmake_prefix_path.dsv'
[7.438s] [34mcolcon.colcon_core.shell[0m [1;30mINFO[0m Creating environment hook '/home/booster/Workspace/Booster_T1_3v3_Demo/install/game_controller/share/game_controller/hook/cmake_prefix_path.sh'
[7.446s] [34mcolcon.colcon_core.environment[0m [1;30mLevel 1[0m checking '/home/booster/Workspace/Booster_T1_3v3_Demo/install/game_controller/lib'
[7.451s] [34mcolcon.colcon_core.environment[0m [1;30mLevel 1[0m checking '/home/booster/Workspace/Booster_T1_3v3_Demo/install/game_controller/bin'
[7.452s] [34mcolcon.colcon_core.environment[0m [1;30mLevel 1[0m checking '/home/booster/Workspace/Booster_T1_3v3_Demo/install/game_controller/lib/pkgconfig/game_controller.pc'
[7.456s] [34mcolcon.colcon_core.environment[0m [1;30mLevel 1[0m checking '/home/booster/Workspace/Booster_T1_3v3_Demo/install/game_controller/lib/python3.10/site-packages'
[7.461s] [34mcolcon.colcon_core.environment[0m [1;30mLevel 1[0m checking '/home/booster/Workspace/Booster_T1_3v3_Demo/install/game_controller/bin'
[7.465s] [34mcolcon.colcon_core.shell[0m [1;30mINFO[0m Creating package script '/home/booster/Workspace/Booster_T1_3v3_Demo/install/game_controller/share/game_controller/package.ps1'
[7.473s] [34mcolcon.colcon_core.shell[0m [1;30mINFO[0m Creating package descriptor '/home/booster/Workspace/Booster_T1_3v3_Demo/install/game_controller/share/game_controller/package.dsv'
[7.481s] [34mcolcon.colcon_core.shell[0m [1;30mINFO[0m Creating package script '/home/booster/Workspace/Booster_T1_3v3_Demo/install/game_controller/share/game_controller/package.sh'
[7.489s] [34mcolcon.colcon_core.shell[0m [1;30mINFO[0m Creating package script '/home/booster/Workspace/Booster_T1_3v3_Demo/install/game_controller/share/game_controller/package.bash'
[7.505s] [34mcolcon.colcon_core.shell[0m [1;30mINFO[0m Creating package script '/home/booster/Workspace/Booster_T1_3v3_Demo/install/game_controller/share/game_controller/package.zsh'
[7.508s] [34mcolcon.colcon_core.environment[0m [1;30mLevel 1[0m create_file_with_runtime_dependencies(/home/booster/Workspace/Booster_T1_3v3_Demo/install/game_controller/share/colcon-core/packages/game_controller)
[7.514s] [34mcolcon.colcon_core.environment[0m [1;30mLevel 1[0m create_environment_scripts_only(game_controller)
[7.516s] [34mcolcon.colcon_core.environment[0m [1;30mLevel 1[0m checking '/home/booster/Workspace/Booster_T1_3v3_Demo/install/game_controller' for CMake module files
[7.519s] [34mcolcon.colcon_core.environment[0m [1;30mLevel 1[0m checking '/home/booster/Workspace/Booster_T1_3v3_Demo/install/game_controller' for CMake config files
[7.522s] [34mcolcon.colcon_core.shell[0m [1;30mLevel 1[0m create_environment_hook('game_controller', 'cmake_prefix_path')
[7.529s] [34mcolcon.colcon_core.shell[0m [1;30mINFO[0m Creating environment hook '/home/booster/Workspace/Booster_T1_3v3_Demo/install/game_controller/share/game_controller/hook/cmake_prefix_path.ps1'
[7.541s] [34mcolcon.colcon_core.shell[0m [1;30mINFO[0m Creating environment descriptor '/home/booster/Workspace/Booster_T1_3v3_Demo/install/game_controller/share/game_controller/hook/cmake_prefix_path.dsv'
[7.551s] [34mcolcon.colcon_core.shell[0m [1;30mINFO[0m Creating environment hook '/home/booster/Workspace/Booster_T1_3v3_Demo/install/game_controller/share/game_controller/hook/cmake_prefix_path.sh'
[7.562s] [34mcolcon.colcon_core.environment[0m [1;30mLevel 1[0m checking '/home/booster/Workspace/Booster_T1_3v3_Demo/install/game_controller/lib'
[7.590s] [34mcolcon.colcon_core.environment[0m [1;30mLevel 1[0m checking '/home/booster/Workspace/Booster_T1_3v3_Demo/install/game_controller/bin'
[7.593s] [34mcolcon.colcon_core.environment[0m [1;30mLevel 1[0m checking '/home/booster/Workspace/Booster_T1_3v3_Demo/install/game_controller/lib/pkgconfig/game_controller.pc'
[7.598s] [34mcolcon.colcon_core.environment[0m [1;30mLevel 1[0m checking '/home/booster/Workspace/Booster_T1_3v3_Demo/install/game_controller/lib/python3.10/site-packages'
[7.608s] [34mcolcon.colcon_core.environment[0m [1;30mLevel 1[0m checking '/home/booster/Workspace/Booster_T1_3v3_Demo/install/game_controller/bin'
[7.616s] [34mcolcon.colcon_core.shell[0m [1;30mINFO[0m Creating package script '/home/booster/Workspace/Booster_T1_3v3_Demo/install/game_controller/share/game_controller/package.ps1'
[7.628s] [34mcolcon.colcon_core.shell[0m [1;30mINFO[0m Creating package descriptor '/home/booster/Workspace/Booster_T1_3v3_Demo/install/game_controller/share/game_controller/package.dsv'
[7.643s] [34mcolcon.colcon_core.shell[0m [1;30mINFO[0m Creating package script '/home/booster/Workspace/Booster_T1_3v3_Demo/install/game_controller/share/game_controller/package.sh'
[7.654s] [34mcolcon.colcon_core.shell[0m [1;30mINFO[0m Creating package script '/home/booster/Workspace/Booster_T1_3v3_Demo/install/game_controller/share/game_controller/package.bash'
[7.664s] [34mcolcon.colcon_core.shell[0m [1;30mINFO[0m Creating package script '/home/booster/Workspace/Booster_T1_3v3_Demo/install/game_controller/share/game_controller/package.zsh'
[7.672s] [34mcolcon.colcon_core.environment[0m [1;30mLevel 1[0m create_file_with_runtime_dependencies(/home/booster/Workspace/Booster_T1_3v3_Demo/install/game_controller/share/colcon-core/packages/game_controller)
[8.832s] [34mcolcon.colcon_core.event_handler.log_command[0m [1;30mDEBUG[0m [32mInvoked command in '/home/booster/Workspace/Booster_T1_3v3_Demo/build/vision' returned '0': AMENT_PREFIX_PATH=/home/booster/Workspace/Booster_T1_3v3_Demo/install/vision_interface:${AMENT_PREFIX_PATH} CMAKE_PREFIX_PATH=/home/booster/Workspace/Booster_T1_3v3_Demo/install/vision_interface:/opt/ros/humble LD_LIBRARY_PATH=/home/booster/Workspace/Booster_T1_3v3_Demo/install/vision_interface/lib:${LD_LIBRARY_PATH} PYTHONPATH=/home/booster/Workspace/Booster_T1_3v3_Demo/install/vision_interface/local/lib/python3.10/dist-packages:${PYTHONPATH} /usr/bin/cmake --build /home/booster/Workspace/Booster_T1_3v3_Demo/build/vision -- -j5 -l5[0m
[8.843s] [34mcolcon.colcon_core.event_handler.log_command[0m [1;30mDEBUG[0m [32mInvoking command in '/home/booster/Workspace/Booster_T1_3v3_Demo/build/vision': AMENT_PREFIX_PATH=/home/booster/Workspace/Booster_T1_3v3_Demo/install/vision_interface:${AMENT_PREFIX_PATH} CMAKE_PREFIX_PATH=/home/booster/Workspace/Booster_T1_3v3_Demo/install/vision_interface:/opt/ros/humble LD_LIBRARY_PATH=/home/booster/Workspace/Booster_T1_3v3_Demo/install/vision_interface/lib:${LD_LIBRARY_PATH} PYTHONPATH=/home/booster/Workspace/Booster_T1_3v3_Demo/install/vision_interface/local/lib/python3.10/dist-packages:${PYTHONPATH} /usr/bin/cmake --install /home/booster/Workspace/Booster_T1_3v3_Demo/build/vision[0m
[8.867s] [34mcolcon.colcon_core.shell[0m [1;30mLevel 1[0m create_environment_hook('sound_play', 'pythonpath_develop')
[8.868s] [34mcolcon.colcon_core.shell[0m [1;30mINFO[0m Creating environment hook '/home/booster/Workspace/Booster_T1_3v3_Demo/build/sound_play/share/sound_play/hook/pythonpath_develop.ps1'
[8.869s] [34mcolcon.colcon_core.shell[0m [1;30mINFO[0m Creating environment descriptor '/home/booster/Workspace/Booster_T1_3v3_Demo/build/sound_play/share/sound_play/hook/pythonpath_develop.dsv'
[8.870s] [34mcolcon.colcon_core.shell[0m [1;30mINFO[0m Creating environment hook '/home/booster/Workspace/Booster_T1_3v3_Demo/build/sound_play/share/sound_play/hook/pythonpath_develop.sh'
[8.874s] [34mcolcon.colcon_core.environment[0m [1;30mLevel 1[0m checking '/home/booster/Workspace/Booster_T1_3v3_Demo/install/sound_play' for CMake module files
[8.874s] [34mcolcon.colcon_core.event_handler.log_command[0m [1;30mDEBUG[0m [32mInvoked command in '/home/booster/Workspace/Booster_T1_3v3_Demo/build/sound_play' returned '0': PYTHONPATH=/home/booster/Workspace/Booster_T1_3v3_Demo/build/sound_play/prefix_override:/usr/lib/python3/dist-packages/colcon_core/task/python/colcon_distutils_commands:/home/booster/Workspace/Booster_T1_3v3_Demo/install/sound_play/lib/python3.10/site-packages:${PYTHONPATH} /usr/bin/python3 -W ignore:setup.py install is deprecated -W ignore:easy_install command is deprecated setup.py develop --editable --build-directory /home/booster/Workspace/Booster_T1_3v3_Demo/build/sound_play/build --no-deps symlink_data[0m
[8.876s] [34mcolcon.colcon_core.environment[0m [1;30mLevel 1[0m checking '/home/booster/Workspace/Booster_T1_3v3_Demo/install/sound_play' for CMake config files
[8.880s] [34mcolcon.colcon_core.environment[0m [1;30mLevel 1[0m checking '/home/booster/Workspace/Booster_T1_3v3_Demo/install/sound_play/lib'
[8.880s] [34mcolcon.colcon_core.environment[0m [1;30mLevel 1[0m checking '/home/booster/Workspace/Booster_T1_3v3_Demo/install/sound_play/bin'
[8.881s] [34mcolcon.colcon_core.environment[0m [1;30mLevel 1[0m checking '/home/booster/Workspace/Booster_T1_3v3_Demo/install/sound_play/lib/pkgconfig/sound_play.pc'
[8.882s] [34mcolcon.colcon_core.environment[0m [1;30mLevel 1[0m checking '/home/booster/Workspace/Booster_T1_3v3_Demo/install/sound_play/lib/python3.10/site-packages'
[8.882s] [34mcolcon.colcon_core.shell[0m [1;30mLevel 1[0m create_environment_hook('sound_play', 'pythonpath')
[8.883s] [34mcolcon.colcon_core.shell[0m [1;30mINFO[0m Creating environment hook '/home/booster/Workspace/Booster_T1_3v3_Demo/install/sound_play/share/sound_play/hook/pythonpath.ps1'
[8.886s] [34mcolcon.colcon_core.shell[0m [1;30mINFO[0m Creating environment descriptor '/home/booster/Workspace/Booster_T1_3v3_Demo/install/sound_play/share/sound_play/hook/pythonpath.dsv'
[8.888s] [34mcolcon.colcon_core.shell[0m [1;30mINFO[0m Creating environment hook '/home/booster/Workspace/Booster_T1_3v3_Demo/install/sound_play/share/sound_play/hook/pythonpath.sh'
[8.890s] [34mcolcon.colcon_core.environment[0m [1;30mLevel 1[0m checking '/home/booster/Workspace/Booster_T1_3v3_Demo/install/sound_play/bin'
[8.891s] [34mcolcon.colcon_core.environment[0m [1;30mLevel 1[0m create_environment_scripts_only(sound_play)
[8.893s] [34mcolcon.colcon_core.shell[0m [1;30mINFO[0m Creating package script '/home/booster/Workspace/Booster_T1_3v3_Demo/install/sound_play/share/sound_play/package.ps1'
[8.896s] [34mcolcon.colcon_core.shell[0m [1;30mINFO[0m Creating package descriptor '/home/booster/Workspace/Booster_T1_3v3_Demo/install/sound_play/share/sound_play/package.dsv'
[8.901s] [34mcolcon.colcon_core.shell[0m [1;30mINFO[0m Creating package script '/home/booster/Workspace/Booster_T1_3v3_Demo/install/sound_play/share/sound_play/package.sh'
[8.904s] [34mcolcon.colcon_core.shell[0m [1;30mINFO[0m Creating package script '/home/booster/Workspace/Booster_T1_3v3_Demo/install/sound_play/share/sound_play/package.bash'
[8.907s] [34mcolcon.colcon_core.shell[0m [1;30mINFO[0m Creating package script '/home/booster/Workspace/Booster_T1_3v3_Demo/install/sound_play/share/sound_play/package.zsh'
[8.910s] [34mcolcon.colcon_core.environment[0m [1;30mLevel 1[0m create_file_with_runtime_dependencies(/home/booster/Workspace/Booster_T1_3v3_Demo/install/sound_play/share/colcon-core/packages/sound_play)
[8.933s] [34mcolcon.colcon_core.environment[0m [1;30mLevel 1[0m create_environment_scripts_only(vision)
[8.934s] [34mcolcon.colcon_core.environment[0m [1;30mLevel 1[0m checking '/home/booster/Workspace/Booster_T1_3v3_Demo/install/vision' for CMake module files
[8.935s] [34mcolcon.colcon_core.event_handler.log_command[0m [1;30mDEBUG[0m [32mInvoked command in '/home/booster/Workspace/Booster_T1_3v3_Demo/build/vision' returned '0': AMENT_PREFIX_PATH=/home/booster/Workspace/Booster_T1_3v3_Demo/install/vision_interface:${AMENT_PREFIX_PATH} CMAKE_PREFIX_PATH=/home/booster/Workspace/Booster_T1_3v3_Demo/install/vision_interface:/opt/ros/humble LD_LIBRARY_PATH=/home/booster/Workspace/Booster_T1_3v3_Demo/install/vision_interface/lib:${LD_LIBRARY_PATH} PYTHONPATH=/home/booster/Workspace/Booster_T1_3v3_Demo/install/vision_interface/local/lib/python3.10/dist-packages:${PYTHONPATH} /usr/bin/cmake --install /home/booster/Workspace/Booster_T1_3v3_Demo/build/vision[0m
[8.943s] [34mcolcon.colcon_core.environment[0m [1;30mLevel 1[0m checking '/home/booster/Workspace/Booster_T1_3v3_Demo/install/vision' for CMake config files
[8.946s] [34mcolcon.colcon_core.shell[0m [1;30mLevel 1[0m create_environment_hook('vision', 'cmake_prefix_path')
[8.948s] [34mcolcon.colcon_core.shell[0m [1;30mINFO[0m Creating environment hook '/home/booster/Workspace/Booster_T1_3v3_Demo/install/vision/share/vision/hook/cmake_prefix_path.ps1'
[8.955s] [34mcolcon.colcon_core.shell[0m [1;30mINFO[0m Creating environment descriptor '/home/booster/Workspace/Booster_T1_3v3_Demo/install/vision/share/vision/hook/cmake_prefix_path.dsv'
[8.962s] [34mcolcon.colcon_core.shell[0m [1;30mINFO[0m Creating environment hook '/home/booster/Workspace/Booster_T1_3v3_Demo/install/vision/share/vision/hook/cmake_prefix_path.sh'
[8.963s] [34mcolcon.colcon_core.environment[0m [1;30mLevel 1[0m checking '/home/booster/Workspace/Booster_T1_3v3_Demo/install/vision/lib'
[8.963s] [34mcolcon.colcon_core.shell[0m [1;30mLevel 1[0m create_environment_hook('vision', 'ld_library_path_lib')
[8.972s] [34mcolcon.colcon_core.shell[0m [1;30mINFO[0m Creating environment hook '/home/booster/Workspace/Booster_T1_3v3_Demo/install/vision/share/vision/hook/ld_library_path_lib.ps1'
[8.974s] [34mcolcon.colcon_core.shell[0m [1;30mINFO[0m Creating environment descriptor '/home/booster/Workspace/Booster_T1_3v3_Demo/install/vision/share/vision/hook/ld_library_path_lib.dsv'
[8.974s] [34mcolcon.colcon_core.shell[0m [1;30mINFO[0m Creating environment hook '/home/booster/Workspace/Booster_T1_3v3_Demo/install/vision/share/vision/hook/ld_library_path_lib.sh'
[8.975s] [34mcolcon.colcon_core.environment[0m [1;30mLevel 1[0m checking '/home/booster/Workspace/Booster_T1_3v3_Demo/install/vision/bin'
[8.975s] [34mcolcon.colcon_core.environment[0m [1;30mLevel 1[0m checking '/home/booster/Workspace/Booster_T1_3v3_Demo/install/vision/lib/pkgconfig/vision.pc'
[8.976s] [34mcolcon.colcon_core.environment[0m [1;30mLevel 1[0m checking '/home/booster/Workspace/Booster_T1_3v3_Demo/install/vision/lib/python3.10/site-packages'
[8.976s] [34mcolcon.colcon_core.environment[0m [1;30mLevel 1[0m checking '/home/booster/Workspace/Booster_T1_3v3_Demo/install/vision/bin'
[8.977s] [34mcolcon.colcon_core.shell[0m [1;30mINFO[0m Creating package script '/home/booster/Workspace/Booster_T1_3v3_Demo/install/vision/share/vision/package.ps1'
[8.980s] [34mcolcon.colcon_core.shell[0m [1;30mINFO[0m Creating package descriptor '/home/booster/Workspace/Booster_T1_3v3_Demo/install/vision/share/vision/package.dsv'
[8.985s] [34mcolcon.colcon_core.shell[0m [1;30mINFO[0m Creating package script '/home/booster/Workspace/Booster_T1_3v3_Demo/install/vision/share/vision/package.sh'
[8.986s] [34mcolcon.colcon_core.shell[0m [1;30mINFO[0m Creating package script '/home/booster/Workspace/Booster_T1_3v3_Demo/install/vision/share/vision/package.bash'
[8.987s] [34mcolcon.colcon_core.shell[0m [1;30mINFO[0m Creating package script '/home/booster/Workspace/Booster_T1_3v3_Demo/install/vision/share/vision/package.zsh'
[8.988s] [34mcolcon.colcon_core.environment[0m [1;30mLevel 1[0m create_file_with_runtime_dependencies(/home/booster/Workspace/Booster_T1_3v3_Demo/install/vision/share/colcon-core/packages/vision)
[8.990s] [34mcolcon.colcon_core.environment[0m [1;30mLevel 1[0m create_environment_scripts_only(vision)
[8.991s] [34mcolcon.colcon_core.environment[0m [1;30mLevel 1[0m checking '/home/booster/Workspace/Booster_T1_3v3_Demo/install/vision' for CMake module files
[8.992s] [34mcolcon.colcon_core.environment[0m [1;30mLevel 1[0m checking '/home/booster/Workspace/Booster_T1_3v3_Demo/install/vision' for CMake config files
[8.996s] [34mcolcon.colcon_core.shell[0m [1;30mLevel 1[0m create_environment_hook('vision', 'cmake_prefix_path')
[8.997s] [34mcolcon.colcon_core.shell[0m [1;30mINFO[0m Creating environment hook '/home/booster/Workspace/Booster_T1_3v3_Demo/install/vision/share/vision/hook/cmake_prefix_path.ps1'
[8.998s] [34mcolcon.colcon_core.shell[0m [1;30mINFO[0m Creating environment descriptor '/home/booster/Workspace/Booster_T1_3v3_Demo/install/vision/share/vision/hook/cmake_prefix_path.dsv'
[8.999s] [34mcolcon.colcon_core.shell[0m [1;30mINFO[0m Creating environment hook '/home/booster/Workspace/Booster_T1_3v3_Demo/install/vision/share/vision/hook/cmake_prefix_path.sh'
[9.000s] [34mcolcon.colcon_core.environment[0m [1;30mLevel 1[0m checking '/home/booster/Workspace/Booster_T1_3v3_Demo/install/vision/lib'
[9.000s] [34mcolcon.colcon_core.shell[0m [1;30mLevel 1[0m create_environment_hook('vision', 'ld_library_path_lib')
[9.000s] [34mcolcon.colcon_core.shell[0m [1;30mINFO[0m Creating environment hook '/home/booster/Workspace/Booster_T1_3v3_Demo/install/vision/share/vision/hook/ld_library_path_lib.ps1'
[9.001s] [34mcolcon.colcon_core.shell[0m [1;30mINFO[0m Creating environment descriptor '/home/booster/Workspace/Booster_T1_3v3_Demo/install/vision/share/vision/hook/ld_library_path_lib.dsv'
[9.002s] [34mcolcon.colcon_core.shell[0m [1;30mINFO[0m Creating environment hook '/home/booster/Workspace/Booster_T1_3v3_Demo/install/vision/share/vision/hook/ld_library_path_lib.sh'
[9.002s] [34mcolcon.colcon_core.environment[0m [1;30mLevel 1[0m checking '/home/booster/Workspace/Booster_T1_3v3_Demo/install/vision/bin'
[9.002s] [34mcolcon.colcon_core.environment[0m [1;30mLevel 1[0m checking '/home/booster/Workspace/Booster_T1_3v3_Demo/install/vision/lib/pkgconfig/vision.pc'
[9.003s] [34mcolcon.colcon_core.environment[0m [1;30mLevel 1[0m checking '/home/booster/Workspace/Booster_T1_3v3_Demo/install/vision/lib/python3.10/site-packages'
[9.003s] [34mcolcon.colcon_core.environment[0m [1;30mLevel 1[0m checking '/home/booster/Workspace/Booster_T1_3v3_Demo/install/vision/bin'
[9.004s] [34mcolcon.colcon_core.shell[0m [1;30mINFO[0m Creating package script '/home/booster/Workspace/Booster_T1_3v3_Demo/install/vision/share/vision/package.ps1'
[9.009s] [34mcolcon.colcon_core.shell[0m [1;30mINFO[0m Creating package descriptor '/home/booster/Workspace/Booster_T1_3v3_Demo/install/vision/share/vision/package.dsv'
[9.010s] [34mcolcon.colcon_core.shell[0m [1;30mINFO[0m Creating package script '/home/booster/Workspace/Booster_T1_3v3_Demo/install/vision/share/vision/package.sh'
[9.011s] [34mcolcon.colcon_core.shell[0m [1;30mINFO[0m Creating package script '/home/booster/Workspace/Booster_T1_3v3_Demo/install/vision/share/vision/package.bash'
[9.013s] [34mcolcon.colcon_core.shell[0m [1;30mINFO[0m Creating package script '/home/booster/Workspace/Booster_T1_3v3_Demo/install/vision/share/vision/package.zsh'
[9.015s] [34mcolcon.colcon_core.environment[0m [1;30mLevel 1[0m create_file_with_runtime_dependencies(/home/booster/Workspace/Booster_T1_3v3_Demo/install/vision/share/colcon-core/packages/vision)
[358.417s] [34mcolcon.colcon_core.event_handler.log_command[0m [1;30mDEBUG[0m [32mInvoked command in '/home/booster/Workspace/Booster_T1_3v3_Demo/build/brain' returned '0': AMENT_PREFIX_PATH=/home/booster/Workspace/Booster_T1_3v3_Demo/install/vision_interface:/home/booster/Workspace/Booster_T1_3v3_Demo/install/game_controller_interface:/home/booster/Workspace/Booster_T1_3v3_Demo/install/booster_msgs:/home/booster/Workspace/Booster_T1_3v3_Demo/install/booster_interface:${AMENT_PREFIX_PATH} CMAKE_PREFIX_PATH=/home/booster/Workspace/Booster_T1_3v3_Demo/install/vision_interface:/home/booster/Workspace/Booster_T1_3v3_Demo/install/game_controller_interface:/home/booster/Workspace/Booster_T1_3v3_Demo/install/booster_msgs:/home/booster/Workspace/Booster_T1_3v3_Demo/install/booster_interface:/opt/ros/humble LD_LIBRARY_PATH=/home/booster/Workspace/Booster_T1_3v3_Demo/install/vision_interface/lib:/home/booster/Workspace/Booster_T1_3v3_Demo/install/game_controller_interface/lib:/home/booster/Workspace/Booster_T1_3v3_Demo/install/booster_msgs/lib:/home/booster/Workspace/Booster_T1_3v3_Demo/install/booster_interface/lib:${LD_LIBRARY_PATH} PYTHONPATH=/home/booster/Workspace/Booster_T1_3v3_Demo/install/vision_interface/local/lib/python3.10/dist-packages:/home/booster/Workspace/Booster_T1_3v3_Demo/install/game_controller_interface/local/lib/python3.10/dist-packages:/home/booster/Workspace/Booster_T1_3v3_Demo/install/booster_msgs/local/lib/python3.10/dist-packages:/home/booster/Workspace/Booster_T1_3v3_Demo/install/booster_interface/local/lib/python3.10/dist-packages:${PYTHONPATH} /usr/bin/cmake --build /home/booster/Workspace/Booster_T1_3v3_Demo/build/brain -- -j5 -l5[0m
[358.418s] [34mcolcon.colcon_core.event_handler.log_command[0m [1;30mDEBUG[0m [32mInvoking command in '/home/booster/Workspace/Booster_T1_3v3_Demo/build/brain': AMENT_PREFIX_PATH=/home/booster/Workspace/Booster_T1_3v3_Demo/install/vision_interface:/home/booster/Workspace/Booster_T1_3v3_Demo/install/game_controller_interface:/home/booster/Workspace/Booster_T1_3v3_Demo/install/booster_msgs:/home/booster/Workspace/Booster_T1_3v3_Demo/install/booster_interface:${AMENT_PREFIX_PATH} CMAKE_PREFIX_PATH=/home/booster/Workspace/Booster_T1_3v3_Demo/install/vision_interface:/home/booster/Workspace/Booster_T1_3v3_Demo/install/game_controller_interface:/home/booster/Workspace/Booster_T1_3v3_Demo/install/booster_msgs:/home/booster/Workspace/Booster_T1_3v3_Demo/install/booster_interface:/opt/ros/humble LD_LIBRARY_PATH=/home/booster/Workspace/Booster_T1_3v3_Demo/install/vision_interface/lib:/home/booster/Workspace/Booster_T1_3v3_Demo/install/game_controller_interface/lib:/home/booster/Workspace/Booster_T1_3v3_Demo/install/booster_msgs/lib:/home/booster/Workspace/Booster_T1_3v3_Demo/install/booster_interface/lib:${LD_LIBRARY_PATH} PYTHONPATH=/home/booster/Workspace/Booster_T1_3v3_Demo/install/vision_interface/local/lib/python3.10/dist-packages:/home/booster/Workspace/Booster_T1_3v3_Demo/install/game_controller_interface/local/lib/python3.10/dist-packages:/home/booster/Workspace/Booster_T1_3v3_Demo/install/booster_msgs/local/lib/python3.10/dist-packages:/home/booster/Workspace/Booster_T1_3v3_Demo/install/booster_interface/local/lib/python3.10/dist-packages:${PYTHONPATH} /usr/bin/cmake --install /home/booster/Workspace/Booster_T1_3v3_Demo/build/brain[0m
[358.574s] [34mcolcon.colcon_core.environment[0m [1;30mLevel 1[0m create_environment_scripts_only(brain)
[358.575s] [34mcolcon.colcon_core.environment[0m [1;30mLevel 1[0m checking '/home/booster/Workspace/Booster_T1_3v3_Demo/install/brain' for CMake module files
[358.577s] [34mcolcon.colcon_core.event_handler.log_command[0m [1;30mDEBUG[0m [32mInvoked command in '/home/booster/Workspace/Booster_T1_3v3_Demo/build/brain' returned '0': AMENT_PREFIX_PATH=/home/booster/Workspace/Booster_T1_3v3_Demo/install/vision_interface:/home/booster/Workspace/Booster_T1_3v3_Demo/install/game_controller_interface:/home/booster/Workspace/Booster_T1_3v3_Demo/install/booster_msgs:/home/booster/Workspace/Booster_T1_3v3_Demo/install/booster_interface:${AMENT_PREFIX_PATH} CMAKE_PREFIX_PATH=/home/booster/Workspace/Booster_T1_3v3_Demo/install/vision_interface:/home/booster/Workspace/Booster_T1_3v3_Demo/install/game_controller_interface:/home/booster/Workspace/Booster_T1_3v3_Demo/install/booster_msgs:/home/booster/Workspace/Booster_T1_3v3_Demo/install/booster_interface:/opt/ros/humble LD_LIBRARY_PATH=/home/booster/Workspace/Booster_T1_3v3_Demo/install/vision_interface/lib:/home/booster/Workspace/Booster_T1_3v3_Demo/install/game_controller_interface/lib:/home/booster/Workspace/Booster_T1_3v3_Demo/install/booster_msgs/lib:/home/booster/Workspace/Booster_T1_3v3_Demo/install/booster_interface/lib:${LD_LIBRARY_PATH} PYTHONPATH=/home/booster/Workspace/Booster_T1_3v3_Demo/install/vision_interface/local/lib/python3.10/dist-packages:/home/booster/Workspace/Booster_T1_3v3_Demo/install/game_controller_interface/local/lib/python3.10/dist-packages:/home/booster/Workspace/Booster_T1_3v3_Demo/install/booster_msgs/local/lib/python3.10/dist-packages:/home/booster/Workspace/Booster_T1_3v3_Demo/install/booster_interface/local/lib/python3.10/dist-packages:${PYTHONPATH} /usr/bin/cmake --install /home/booster/Workspace/Booster_T1_3v3_Demo/build/brain[0m
[358.577s] [34mcolcon.colcon_core.environment[0m [1;30mLevel 1[0m checking '/home/booster/Workspace/Booster_T1_3v3_Demo/install/brain' for CMake config files
[358.579s] [34mcolcon.colcon_core.shell[0m [1;30mLevel 1[0m create_environment_hook('brain', 'cmake_prefix_path')
[358.579s] [34mcolcon.colcon_core.shell[0m [1;30mINFO[0m Creating environment hook '/home/booster/Workspace/Booster_T1_3v3_Demo/install/brain/share/brain/hook/cmake_prefix_path.ps1'
[358.580s] [34mcolcon.colcon_core.shell[0m [1;30mINFO[0m Creating environment descriptor '/home/booster/Workspace/Booster_T1_3v3_Demo/install/brain/share/brain/hook/cmake_prefix_path.dsv'
[358.581s] [34mcolcon.colcon_core.shell[0m [1;30mINFO[0m Creating environment hook '/home/booster/Workspace/Booster_T1_3v3_Demo/install/brain/share/brain/hook/cmake_prefix_path.sh'
[358.582s] [34mcolcon.colcon_core.environment[0m [1;30mLevel 1[0m checking '/home/booster/Workspace/Booster_T1_3v3_Demo/install/brain/lib'
[358.582s] [34mcolcon.colcon_core.shell[0m [1;30mLevel 1[0m create_environment_hook('brain', 'ld_library_path_lib')
[358.582s] [34mcolcon.colcon_core.shell[0m [1;30mINFO[0m Creating environment hook '/home/booster/Workspace/Booster_T1_3v3_Demo/install/brain/share/brain/hook/ld_library_path_lib.ps1'
[358.583s] [34mcolcon.colcon_core.shell[0m [1;30mINFO[0m Creating environment descriptor '/home/booster/Workspace/Booster_T1_3v3_Demo/install/brain/share/brain/hook/ld_library_path_lib.dsv'
[358.584s] [34mcolcon.colcon_core.shell[0m [1;30mINFO[0m Creating environment hook '/home/booster/Workspace/Booster_T1_3v3_Demo/install/brain/share/brain/hook/ld_library_path_lib.sh'
[358.585s] [34mcolcon.colcon_core.environment[0m [1;30mLevel 1[0m checking '/home/booster/Workspace/Booster_T1_3v3_Demo/install/brain/bin'
[358.585s] [34mcolcon.colcon_core.environment[0m [1;30mLevel 1[0m checking '/home/booster/Workspace/Booster_T1_3v3_Demo/install/brain/lib/pkgconfig/brain.pc'
[358.585s] [34mcolcon.colcon_core.environment[0m [1;30mLevel 1[0m checking '/home/booster/Workspace/Booster_T1_3v3_Demo/install/brain/lib/python3.10/site-packages'
[358.586s] [34mcolcon.colcon_core.environment[0m [1;30mLevel 1[0m checking '/home/booster/Workspace/Booster_T1_3v3_Demo/install/brain/bin'
[358.586s] [34mcolcon.colcon_core.shell[0m [1;30mINFO[0m Creating package script '/home/booster/Workspace/Booster_T1_3v3_Demo/install/brain/share/brain/package.ps1'
[358.588s] [34mcolcon.colcon_core.shell[0m [1;30mINFO[0m Creating package descriptor '/home/booster/Workspace/Booster_T1_3v3_Demo/install/brain/share/brain/package.dsv'
[358.589s] [34mcolcon.colcon_core.shell[0m [1;30mINFO[0m Creating package script '/home/booster/Workspace/Booster_T1_3v3_Demo/install/brain/share/brain/package.sh'
[358.590s] [34mcolcon.colcon_core.shell[0m [1;30mINFO[0m Creating package script '/home/booster/Workspace/Booster_T1_3v3_Demo/install/brain/share/brain/package.bash'
[358.591s] [34mcolcon.colcon_core.shell[0m [1;30mINFO[0m Creating package script '/home/booster/Workspace/Booster_T1_3v3_Demo/install/brain/share/brain/package.zsh'
[358.591s] [34mcolcon.colcon_core.environment[0m [1;30mLevel 1[0m create_file_with_runtime_dependencies(/home/booster/Workspace/Booster_T1_3v3_Demo/install/brain/share/colcon-core/packages/brain)
[358.593s] [34mcolcon.colcon_core.environment[0m [1;30mLevel 1[0m create_environment_scripts_only(brain)
[358.593s] [34mcolcon.colcon_core.environment[0m [1;30mLevel 1[0m checking '/home/booster/Workspace/Booster_T1_3v3_Demo/install/brain' for CMake module files
[358.595s] [34mcolcon.colcon_core.environment[0m [1;30mLevel 1[0m checking '/home/booster/Workspace/Booster_T1_3v3_Demo/install/brain' for CMake config files
[358.596s] [34mcolcon.colcon_core.shell[0m [1;30mLevel 1[0m create_environment_hook('brain', 'cmake_prefix_path')
[358.597s] [34mcolcon.colcon_core.shell[0m [1;30mINFO[0m Creating environment hook '/home/booster/Workspace/Booster_T1_3v3_Demo/install/brain/share/brain/hook/cmake_prefix_path.ps1'
[358.598s] [34mcolcon.colcon_core.shell[0m [1;30mINFO[0m Creating environment descriptor '/home/booster/Workspace/Booster_T1_3v3_Demo/install/brain/share/brain/hook/cmake_prefix_path.dsv'
[358.599s] [34mcolcon.colcon_core.shell[0m [1;30mINFO[0m Creating environment hook '/home/booster/Workspace/Booster_T1_3v3_Demo/install/brain/share/brain/hook/cmake_prefix_path.sh'
[358.600s] [34mcolcon.colcon_core.environment[0m [1;30mLevel 1[0m checking '/home/booster/Workspace/Booster_T1_3v3_Demo/install/brain/lib'
[358.600s] [34mcolcon.colcon_core.shell[0m [1;30mLevel 1[0m create_environment_hook('brain', 'ld_library_path_lib')
[358.601s] [34mcolcon.colcon_core.shell[0m [1;30mINFO[0m Creating environment hook '/home/booster/Workspace/Booster_T1_3v3_Demo/install/brain/share/brain/hook/ld_library_path_lib.ps1'
[358.602s] [34mcolcon.colcon_core.shell[0m [1;30mINFO[0m Creating environment descriptor '/home/booster/Workspace/Booster_T1_3v3_Demo/install/brain/share/brain/hook/ld_library_path_lib.dsv'
[358.603s] [34mcolcon.colcon_core.shell[0m [1;30mINFO[0m Creating environment hook '/home/booster/Workspace/Booster_T1_3v3_Demo/install/brain/share/brain/hook/ld_library_path_lib.sh'
[358.604s] [34mcolcon.colcon_core.environment[0m [1;30mLevel 1[0m checking '/home/booster/Workspace/Booster_T1_3v3_Demo/install/brain/bin'
[358.604s] [34mcolcon.colcon_core.environment[0m [1;30mLevel 1[0m checking '/home/booster/Workspace/Booster_T1_3v3_Demo/install/brain/lib/pkgconfig/brain.pc'
[358.605s] [34mcolcon.colcon_core.environment[0m [1;30mLevel 1[0m checking '/home/booster/Workspace/Booster_T1_3v3_Demo/install/brain/lib/python3.10/site-packages'
[358.605s] [34mcolcon.colcon_core.environment[0m [1;30mLevel 1[0m checking '/home/booster/Workspace/Booster_T1_3v3_Demo/install/brain/bin'
[358.606s] [34mcolcon.colcon_core.shell[0m [1;30mINFO[0m Creating package script '/home/booster/Workspace/Booster_T1_3v3_Demo/install/brain/share/brain/package.ps1'
[358.608s] [34mcolcon.colcon_core.shell[0m [1;30mINFO[0m Creating package descriptor '/home/booster/Workspace/Booster_T1_3v3_Demo/install/brain/share/brain/package.dsv'
[358.609s] [34mcolcon.colcon_core.shell[0m [1;30mINFO[0m Creating package script '/home/booster/Workspace/Booster_T1_3v3_Demo/install/brain/share/brain/package.sh'
[358.610s] [34mcolcon.colcon_core.shell[0m [1;30mINFO[0m Creating package script '/home/booster/Workspace/Booster_T1_3v3_Demo/install/brain/share/brain/package.bash'
[358.612s] [34mcolcon.colcon_core.shell[0m [1;30mINFO[0m Creating package script '/home/booster/Workspace/Booster_T1_3v3_Demo/install/brain/share/brain/package.zsh'
[358.613s] [34mcolcon.colcon_core.environment[0m [1;30mLevel 1[0m create_file_with_runtime_dependencies(/home/booster/Workspace/Booster_T1_3v3_Demo/install/brain/share/colcon-core/packages/brain)
[358.614s] [34mcolcon.colcon_parallel_executor.executor.parallel[0m [1;30mDEBUG[0m [32mclosing loop[0m
[358.627s] [34mcolcon.colcon_parallel_executor.executor.parallel[0m [1;30mDEBUG[0m [32mloop closed[0m
[358.628s] [34mcolcon.colcon_parallel_executor.executor.parallel[0m [1;30mDEBUG[0m [32mrun_until_complete finished with '0'[0m
[358.628s] [34mcolcon.colcon_core.event_reactor[0m [1;30mDEBUG[0m [32mjoining thread[0m
[358.678s] [34mcolcon.colcon_core.plugin_system[0m [1;30mINFO[0m Skipping extension 'colcon_notification.desktop_notification.terminal_notifier': Not used on non-Darwin systems
[358.679s] [34mcolcon.colcon_core.plugin_system[0m [1;30mINFO[0m Skipping extension 'colcon_notification.desktop_notification.win32': Not used on non-Windows systems
[358.679s] [34mcolcon.colcon_notification.desktop_notification[0m [1;30mINFO[0m Sending desktop notification using 'notify2'
[358.679s] [34mcolcon.colcon_notification.desktop_notification.notify2[0m [1;30mDEBUG[0m [32mFailed to initialize notify2: org.freedesktop.DBus.Error.NotSupported: Unable to autolaunch a dbus-daemon without a $DISPLAY for X11[0m
[358.680s] [34mcolcon.colcon_core.event_reactor[0m [1;30mDEBUG[0m [32mjoined thread[0m
[358.681s] [34mcolcon.colcon_core.shell[0m [1;30mINFO[0m Creating prefix script '/home/booster/Workspace/Booster_T1_3v3_Demo/install/local_setup.ps1'
[358.683s] [34mcolcon.colcon_core.shell[0m [1;30mINFO[0m Creating prefix util module '/home/booster/Workspace/Booster_T1_3v3_Demo/install/_local_setup_util_ps1.py'
[358.687s] [34mcolcon.colcon_core.shell[0m [1;30mINFO[0m Creating prefix chain script '/home/booster/Workspace/Booster_T1_3v3_Demo/install/setup.ps1'
[358.694s] [34mcolcon.colcon_core.shell[0m [1;30mINFO[0m Creating prefix script '/home/booster/Workspace/Booster_T1_3v3_Demo/install/local_setup.sh'
[358.696s] [34mcolcon.colcon_core.shell[0m [1;30mINFO[0m Creating prefix util module '/home/booster/Workspace/Booster_T1_3v3_Demo/install/_local_setup_util_sh.py'
[358.698s] [34mcolcon.colcon_core.shell[0m [1;30mINFO[0m Creating prefix chain script '/home/booster/Workspace/Booster_T1_3v3_Demo/install/setup.sh'
[358.703s] [34mcolcon.colcon_core.shell[0m [1;30mINFO[0m Creating prefix script '/home/booster/Workspace/Booster_T1_3v3_Demo/install/local_setup.bash'
[358.705s] [34mcolcon.colcon_core.shell[0m [1;30mINFO[0m Creating prefix chain script '/home/booster/Workspace/Booster_T1_3v3_Demo/install/setup.bash'
[358.714s] [34mcolcon.colcon_core.shell[0m [1;30mINFO[0m Creating prefix script '/home/booster/Workspace/Booster_T1_3v3_Demo/install/local_setup.zsh'
[358.716s] [34mcolcon.colcon_core.shell[0m [1;30mINFO[0m Creating prefix chain script '/home/booster/Workspace/Booster_T1_3v3_Demo/install/setup.zsh'
