[0.000000] (-) TimerEvent: {}
[0.002142] (booster_interface) JobQueued: {'identifier': 'booster_interface', 'dependencies': OrderedDict()}
[0.002421] (booster_msgs) JobQueued: {'identifier': 'booster_msgs', 'dependencies': OrderedDict()}
[0.002592] (game_controller_interface) JobQueued: {'identifier': 'game_controller_interface', 'dependencies': OrderedDict()}
[0.002743] (sound_play) JobQueued: {'identifier': 'sound_play', 'dependencies': OrderedDict()}
[0.002888] (vision_interface) JobQueued: {'identifier': 'vision_interface', 'dependencies': OrderedDict()}
[0.003032] (brain) JobQueued: {'identifier': 'brain', 'dependencies': OrderedDict([('booster_interface', '/home/booster/Workspace/Booster_T1_3v3_Demo/install/booster_interface'), ('booster_msgs', '/home/booster/Workspace/Booster_T1_3v3_Demo/install/booster_msgs'), ('game_controller_interface', '/home/booster/Workspace/Booster_T1_3v3_Demo/install/game_controller_interface'), ('vision_interface', '/home/booster/Workspace/Booster_T1_3v3_Demo/install/vision_interface')])}
[0.003209] (game_controller) JobQueued: {'identifier': 'game_controller', 'dependencies': OrderedDict([('game_controller_interface', '/home/booster/Workspace/Booster_T1_3v3_Demo/install/game_controller_interface')])}
[0.003359] (vision) JobQueued: {'identifier': 'vision', 'dependencies': OrderedDict([('vision_interface', '/home/booster/Workspace/Booster_T1_3v3_Demo/install/vision_interface')])}
[0.025118] (game_controller_interface) JobStarted: {'identifier': 'game_controller_interface'}
[0.052859] (vision_interface) JobStarted: {'identifier': 'vision_interface'}
[0.062352] (booster_interface) JobStarted: {'identifier': 'booster_interface'}
[0.069321] (booster_msgs) JobStarted: {'identifier': 'booster_msgs'}
[0.082713] (sound_play) JobStarted: {'identifier': 'sound_play'}
[0.100654] (-) TimerEvent: {}
[0.117073] (game_controller_interface) JobProgress: {'identifier': 'game_controller_interface', 'progress': 'cmake'}
[0.119214] (game_controller_interface) JobProgress: {'identifier': 'game_controller_interface', 'progress': 'build'}
[0.121236] (game_controller_interface) Command: {'cmd': ['/usr/bin/cmake', '--build', '/home/booster/Workspace/Booster_T1_3v3_Demo/build/game_controller_interface', '--', '-j5', '-l5'], 'cwd': '/home/booster/Workspace/Booster_T1_3v3_Demo/build/game_controller_interface', 'env': OrderedDict([('SUDO_GID', '1000'), ('LESSOPEN', '| /usr/bin/lesspipe %s'), ('PYTHONWARNINGS', 'ignore::DeprecationWarning,ignore::UserWarning,ignore::FutureWarning'), ('MAIL', '/var/mail/root'), ('USER', 'root'), ('SHLVL', '2'), ('LD_LIBRARY_PATH', '/opt/ros/humble/opt/rviz_ogre_vendor/lib:/opt/ros/humble/lib/aarch64-linux-gnu:/opt/ros/humble/lib'), ('HOME', '/root'), ('OLDPWD', '/home/booster/Workspace/Booster_T1_3v3_Demo/scripts'), ('ROS_PYTHON_VERSION', '3'), ('COLORTERM', 'truecolor'), ('SUDO_UID', '1000'), ('ROS_DISTRO', 'humble'), ('LOGNAME', 'root'), ('_', '/usr/bin/colcon'), ('ROS_VERSION', '2'), ('TERM', 'xterm-256color'), ('ROS_LOCALHOST_ONLY', '0'), ('PATH', '/opt/ros/humble/bin:/usr/local/sbin:/usr/local/bin:/usr/sbin:/usr/bin:/sbin:/bin:/usr/games:/usr/local/games:/snap/bin'), ('FASTRTPS_DEFAULT_PROFILES_FILE', '/opt/booster/BoosterRos2/fastdds_profile.xml'), ('LANG', 'en_US.UTF-8'), ('LS_COLORS', 'rs=0:di=01;34:ln=01;36:mh=00:pi=40;33:so=01;35:do=01;35:bd=40;33;01:cd=40;33;01:or=40;31;01:mi=00:su=37;41:sg=30;43:ca=30;41:tw=30;42:ow=34;42:st=37;44:ex=01;32:*.tar=01;31:*.tgz=01;31:*.arc=01;31:*.arj=01;31:*.taz=01;31:*.lha=01;31:*.lz4=01;31:*.lzh=01;31:*.lzma=01;31:*.tlz=01;31:*.txz=01;31:*.tzo=01;31:*.t7z=01;31:*.zip=01;31:*.z=01;31:*.dz=01;31:*.gz=01;31:*.lrz=01;31:*.lz=01;31:*.lzo=01;31:*.xz=01;31:*.zst=01;31:*.tzst=01;31:*.bz2=01;31:*.bz=01;31:*.tbz=01;31:*.tbz2=01;31:*.tz=01;31:*.deb=01;31:*.rpm=01;31:*.jar=01;31:*.war=01;31:*.ear=01;31:*.sar=01;31:*.rar=01;31:*.alz=01;31:*.ace=01;31:*.zoo=01;31:*.cpio=01;31:*.7z=01;31:*.rz=01;31:*.cab=01;31:*.wim=01;31:*.swm=01;31:*.dwm=01;31:*.esd=01;31:*.jpg=01;35:*.jpeg=01;35:*.mjpg=01;35:*.mjpeg=01;35:*.gif=01;35:*.bmp=01;35:*.pbm=01;35:*.pgm=01;35:*.ppm=01;35:*.tga=01;35:*.xbm=01;35:*.xpm=01;35:*.tif=01;35:*.tiff=01;35:*.png=01;35:*.svg=01;35:*.svgz=01;35:*.mng=01;35:*.pcx=01;35:*.mov=01;35:*.mpg=01;35:*.mpeg=01;35:*.m2v=01;35:*.mkv=01;35:*.webm=01;35:*.webp=01;35:*.ogm=01;35:*.mp4=01;35:*.m4v=01;35:*.mp4v=01;35:*.vob=01;35:*.qt=01;35:*.nuv=01;35:*.wmv=01;35:*.asf=01;35:*.rm=01;35:*.rmvb=01;35:*.flc=01;35:*.avi=01;35:*.fli=01;35:*.flv=01;35:*.gl=01;35:*.dl=01;35:*.xcf=01;35:*.xwd=01;35:*.yuv=01;35:*.cgm=01;35:*.emf=01;35:*.ogv=01;35:*.ogx=01;35:*.aac=00;36:*.au=00;36:*.flac=00;36:*.m4a=00;36:*.mid=00;36:*.midi=00;36:*.mka=00;36:*.mp3=00;36:*.mpc=00;36:*.ogg=00;36:*.ra=00;36:*.wav=00;36:*.oga=00;36:*.opus=00;36:*.spx=00;36:*.xspf=00;36:'), ('SUDO_COMMAND', '/usr/bin/su'), ('AMENT_PREFIX_PATH', '/opt/ros/humble'), ('SHELL', '/bin/bash'), ('SUDO_USER', 'booster'), ('LESSCLOSE', '/usr/bin/lesspipe %s %s'), ('PWD', '/home/booster/Workspace/Booster_T1_3v3_Demo/build/game_controller_interface'), ('PYTHONPATH', '/opt/ros/humble/lib/python3.10/site-packages:/opt/ros/humble/local/lib/python3.10/dist-packages'), ('COLCON', '1'), ('CMAKE_PREFIX_PATH', '/opt/ros/humble')]), 'shell': False}
[0.186945] (vision_interface) JobProgress: {'identifier': 'vision_interface', 'progress': 'cmake'}
[0.190403] (vision_interface) JobProgress: {'identifier': 'vision_interface', 'progress': 'build'}
[0.192146] (vision_interface) Command: {'cmd': ['/usr/bin/cmake', '--build', '/home/booster/Workspace/Booster_T1_3v3_Demo/build/vision_interface', '--', '-j5', '-l5'], 'cwd': '/home/booster/Workspace/Booster_T1_3v3_Demo/build/vision_interface', 'env': OrderedDict([('SUDO_GID', '1000'), ('LESSOPEN', '| /usr/bin/lesspipe %s'), ('PYTHONWARNINGS', 'ignore::DeprecationWarning,ignore::UserWarning,ignore::FutureWarning'), ('MAIL', '/var/mail/root'), ('USER', 'root'), ('SHLVL', '2'), ('LD_LIBRARY_PATH', '/opt/ros/humble/opt/rviz_ogre_vendor/lib:/opt/ros/humble/lib/aarch64-linux-gnu:/opt/ros/humble/lib'), ('HOME', '/root'), ('OLDPWD', '/home/booster/Workspace/Booster_T1_3v3_Demo/scripts'), ('ROS_PYTHON_VERSION', '3'), ('COLORTERM', 'truecolor'), ('SUDO_UID', '1000'), ('ROS_DISTRO', 'humble'), ('LOGNAME', 'root'), ('_', '/usr/bin/colcon'), ('ROS_VERSION', '2'), ('TERM', 'xterm-256color'), ('ROS_LOCALHOST_ONLY', '0'), ('PATH', '/opt/ros/humble/bin:/usr/local/sbin:/usr/local/bin:/usr/sbin:/usr/bin:/sbin:/bin:/usr/games:/usr/local/games:/snap/bin'), ('FASTRTPS_DEFAULT_PROFILES_FILE', '/opt/booster/BoosterRos2/fastdds_profile.xml'), ('LANG', 'en_US.UTF-8'), ('LS_COLORS', 'rs=0:di=01;34:ln=01;36:mh=00:pi=40;33:so=01;35:do=01;35:bd=40;33;01:cd=40;33;01:or=40;31;01:mi=00:su=37;41:sg=30;43:ca=30;41:tw=30;42:ow=34;42:st=37;44:ex=01;32:*.tar=01;31:*.tgz=01;31:*.arc=01;31:*.arj=01;31:*.taz=01;31:*.lha=01;31:*.lz4=01;31:*.lzh=01;31:*.lzma=01;31:*.tlz=01;31:*.txz=01;31:*.tzo=01;31:*.t7z=01;31:*.zip=01;31:*.z=01;31:*.dz=01;31:*.gz=01;31:*.lrz=01;31:*.lz=01;31:*.lzo=01;31:*.xz=01;31:*.zst=01;31:*.tzst=01;31:*.bz2=01;31:*.bz=01;31:*.tbz=01;31:*.tbz2=01;31:*.tz=01;31:*.deb=01;31:*.rpm=01;31:*.jar=01;31:*.war=01;31:*.ear=01;31:*.sar=01;31:*.rar=01;31:*.alz=01;31:*.ace=01;31:*.zoo=01;31:*.cpio=01;31:*.7z=01;31:*.rz=01;31:*.cab=01;31:*.wim=01;31:*.swm=01;31:*.dwm=01;31:*.esd=01;31:*.jpg=01;35:*.jpeg=01;35:*.mjpg=01;35:*.mjpeg=01;35:*.gif=01;35:*.bmp=01;35:*.pbm=01;35:*.pgm=01;35:*.ppm=01;35:*.tga=01;35:*.xbm=01;35:*.xpm=01;35:*.tif=01;35:*.tiff=01;35:*.png=01;35:*.svg=01;35:*.svgz=01;35:*.mng=01;35:*.pcx=01;35:*.mov=01;35:*.mpg=01;35:*.mpeg=01;35:*.m2v=01;35:*.mkv=01;35:*.webm=01;35:*.webp=01;35:*.ogm=01;35:*.mp4=01;35:*.m4v=01;35:*.mp4v=01;35:*.vob=01;35:*.qt=01;35:*.nuv=01;35:*.wmv=01;35:*.asf=01;35:*.rm=01;35:*.rmvb=01;35:*.flc=01;35:*.avi=01;35:*.fli=01;35:*.flv=01;35:*.gl=01;35:*.dl=01;35:*.xcf=01;35:*.xwd=01;35:*.yuv=01;35:*.cgm=01;35:*.emf=01;35:*.ogv=01;35:*.ogx=01;35:*.aac=00;36:*.au=00;36:*.flac=00;36:*.m4a=00;36:*.mid=00;36:*.midi=00;36:*.mka=00;36:*.mp3=00;36:*.mpc=00;36:*.ogg=00;36:*.ra=00;36:*.wav=00;36:*.oga=00;36:*.opus=00;36:*.spx=00;36:*.xspf=00;36:'), ('SUDO_COMMAND', '/usr/bin/su'), ('AMENT_PREFIX_PATH', '/opt/ros/humble'), ('SHELL', '/bin/bash'), ('SUDO_USER', 'booster'), ('LESSCLOSE', '/usr/bin/lesspipe %s %s'), ('PWD', '/home/booster/Workspace/Booster_T1_3v3_Demo/build/vision_interface'), ('PYTHONPATH', '/opt/ros/humble/lib/python3.10/site-packages:/opt/ros/humble/local/lib/python3.10/dist-packages'), ('COLCON', '1'), ('CMAKE_PREFIX_PATH', '/opt/ros/humble')]), 'shell': False}
[0.200789] (-) TimerEvent: {}
[0.211313] (booster_interface) JobProgress: {'identifier': 'booster_interface', 'progress': 'cmake'}
[0.218683] (booster_interface) JobProgress: {'identifier': 'booster_interface', 'progress': 'build'}
[0.223451] (booster_interface) Command: {'cmd': ['/usr/bin/cmake', '--build', '/home/booster/Workspace/Booster_T1_3v3_Demo/build/booster_interface', '--', '-j5', '-l5'], 'cwd': '/home/booster/Workspace/Booster_T1_3v3_Demo/build/booster_interface', 'env': OrderedDict([('SUDO_GID', '1000'), ('LESSOPEN', '| /usr/bin/lesspipe %s'), ('PYTHONWARNINGS', 'ignore::DeprecationWarning,ignore::UserWarning,ignore::FutureWarning'), ('MAIL', '/var/mail/root'), ('USER', 'root'), ('SHLVL', '2'), ('LD_LIBRARY_PATH', '/opt/ros/humble/opt/rviz_ogre_vendor/lib:/opt/ros/humble/lib/aarch64-linux-gnu:/opt/ros/humble/lib'), ('HOME', '/root'), ('OLDPWD', '/home/booster/Workspace/Booster_T1_3v3_Demo/scripts'), ('ROS_PYTHON_VERSION', '3'), ('COLORTERM', 'truecolor'), ('SUDO_UID', '1000'), ('ROS_DISTRO', 'humble'), ('LOGNAME', 'root'), ('_', '/usr/bin/colcon'), ('ROS_VERSION', '2'), ('TERM', 'xterm-256color'), ('ROS_LOCALHOST_ONLY', '0'), ('PATH', '/opt/ros/humble/bin:/usr/local/sbin:/usr/local/bin:/usr/sbin:/usr/bin:/sbin:/bin:/usr/games:/usr/local/games:/snap/bin'), ('FASTRTPS_DEFAULT_PROFILES_FILE', '/opt/booster/BoosterRos2/fastdds_profile.xml'), ('LANG', 'en_US.UTF-8'), ('LS_COLORS', 'rs=0:di=01;34:ln=01;36:mh=00:pi=40;33:so=01;35:do=01;35:bd=40;33;01:cd=40;33;01:or=40;31;01:mi=00:su=37;41:sg=30;43:ca=30;41:tw=30;42:ow=34;42:st=37;44:ex=01;32:*.tar=01;31:*.tgz=01;31:*.arc=01;31:*.arj=01;31:*.taz=01;31:*.lha=01;31:*.lz4=01;31:*.lzh=01;31:*.lzma=01;31:*.tlz=01;31:*.txz=01;31:*.tzo=01;31:*.t7z=01;31:*.zip=01;31:*.z=01;31:*.dz=01;31:*.gz=01;31:*.lrz=01;31:*.lz=01;31:*.lzo=01;31:*.xz=01;31:*.zst=01;31:*.tzst=01;31:*.bz2=01;31:*.bz=01;31:*.tbz=01;31:*.tbz2=01;31:*.tz=01;31:*.deb=01;31:*.rpm=01;31:*.jar=01;31:*.war=01;31:*.ear=01;31:*.sar=01;31:*.rar=01;31:*.alz=01;31:*.ace=01;31:*.zoo=01;31:*.cpio=01;31:*.7z=01;31:*.rz=01;31:*.cab=01;31:*.wim=01;31:*.swm=01;31:*.dwm=01;31:*.esd=01;31:*.jpg=01;35:*.jpeg=01;35:*.mjpg=01;35:*.mjpeg=01;35:*.gif=01;35:*.bmp=01;35:*.pbm=01;35:*.pgm=01;35:*.ppm=01;35:*.tga=01;35:*.xbm=01;35:*.xpm=01;35:*.tif=01;35:*.tiff=01;35:*.png=01;35:*.svg=01;35:*.svgz=01;35:*.mng=01;35:*.pcx=01;35:*.mov=01;35:*.mpg=01;35:*.mpeg=01;35:*.m2v=01;35:*.mkv=01;35:*.webm=01;35:*.webp=01;35:*.ogm=01;35:*.mp4=01;35:*.m4v=01;35:*.mp4v=01;35:*.vob=01;35:*.qt=01;35:*.nuv=01;35:*.wmv=01;35:*.asf=01;35:*.rm=01;35:*.rmvb=01;35:*.flc=01;35:*.avi=01;35:*.fli=01;35:*.flv=01;35:*.gl=01;35:*.dl=01;35:*.xcf=01;35:*.xwd=01;35:*.yuv=01;35:*.cgm=01;35:*.emf=01;35:*.ogv=01;35:*.ogx=01;35:*.aac=00;36:*.au=00;36:*.flac=00;36:*.m4a=00;36:*.mid=00;36:*.midi=00;36:*.mka=00;36:*.mp3=00;36:*.mpc=00;36:*.ogg=00;36:*.ra=00;36:*.wav=00;36:*.oga=00;36:*.opus=00;36:*.spx=00;36:*.xspf=00;36:'), ('SUDO_COMMAND', '/usr/bin/su'), ('AMENT_PREFIX_PATH', '/opt/ros/humble'), ('SHELL', '/bin/bash'), ('SUDO_USER', 'booster'), ('LESSCLOSE', '/usr/bin/lesspipe %s %s'), ('PWD', '/home/booster/Workspace/Booster_T1_3v3_Demo/build/booster_interface'), ('PYTHONPATH', '/opt/ros/humble/lib/python3.10/site-packages:/opt/ros/humble/local/lib/python3.10/dist-packages'), ('COLCON', '1'), ('CMAKE_PREFIX_PATH', '/opt/ros/humble')]), 'shell': False}
[0.239017] (booster_msgs) JobProgress: {'identifier': 'booster_msgs', 'progress': 'cmake'}
[0.240585] (booster_msgs) JobProgress: {'identifier': 'booster_msgs', 'progress': 'build'}
[0.241117] (booster_msgs) Command: {'cmd': ['/usr/bin/cmake', '--build', '/home/booster/Workspace/Booster_T1_3v3_Demo/build/booster_msgs', '--', '-j5', '-l5'], 'cwd': '/home/booster/Workspace/Booster_T1_3v3_Demo/build/booster_msgs', 'env': OrderedDict([('SUDO_GID', '1000'), ('LESSOPEN', '| /usr/bin/lesspipe %s'), ('PYTHONWARNINGS', 'ignore::DeprecationWarning,ignore::UserWarning,ignore::FutureWarning'), ('MAIL', '/var/mail/root'), ('USER', 'root'), ('SHLVL', '2'), ('LD_LIBRARY_PATH', '/opt/ros/humble/opt/rviz_ogre_vendor/lib:/opt/ros/humble/lib/aarch64-linux-gnu:/opt/ros/humble/lib'), ('HOME', '/root'), ('OLDPWD', '/home/booster/Workspace/Booster_T1_3v3_Demo/scripts'), ('ROS_PYTHON_VERSION', '3'), ('COLORTERM', 'truecolor'), ('SUDO_UID', '1000'), ('ROS_DISTRO', 'humble'), ('LOGNAME', 'root'), ('_', '/usr/bin/colcon'), ('ROS_VERSION', '2'), ('TERM', 'xterm-256color'), ('ROS_LOCALHOST_ONLY', '0'), ('PATH', '/opt/ros/humble/bin:/usr/local/sbin:/usr/local/bin:/usr/sbin:/usr/bin:/sbin:/bin:/usr/games:/usr/local/games:/snap/bin'), ('FASTRTPS_DEFAULT_PROFILES_FILE', '/opt/booster/BoosterRos2/fastdds_profile.xml'), ('LANG', 'en_US.UTF-8'), ('LS_COLORS', 'rs=0:di=01;34:ln=01;36:mh=00:pi=40;33:so=01;35:do=01;35:bd=40;33;01:cd=40;33;01:or=40;31;01:mi=00:su=37;41:sg=30;43:ca=30;41:tw=30;42:ow=34;42:st=37;44:ex=01;32:*.tar=01;31:*.tgz=01;31:*.arc=01;31:*.arj=01;31:*.taz=01;31:*.lha=01;31:*.lz4=01;31:*.lzh=01;31:*.lzma=01;31:*.tlz=01;31:*.txz=01;31:*.tzo=01;31:*.t7z=01;31:*.zip=01;31:*.z=01;31:*.dz=01;31:*.gz=01;31:*.lrz=01;31:*.lz=01;31:*.lzo=01;31:*.xz=01;31:*.zst=01;31:*.tzst=01;31:*.bz2=01;31:*.bz=01;31:*.tbz=01;31:*.tbz2=01;31:*.tz=01;31:*.deb=01;31:*.rpm=01;31:*.jar=01;31:*.war=01;31:*.ear=01;31:*.sar=01;31:*.rar=01;31:*.alz=01;31:*.ace=01;31:*.zoo=01;31:*.cpio=01;31:*.7z=01;31:*.rz=01;31:*.cab=01;31:*.wim=01;31:*.swm=01;31:*.dwm=01;31:*.esd=01;31:*.jpg=01;35:*.jpeg=01;35:*.mjpg=01;35:*.mjpeg=01;35:*.gif=01;35:*.bmp=01;35:*.pbm=01;35:*.pgm=01;35:*.ppm=01;35:*.tga=01;35:*.xbm=01;35:*.xpm=01;35:*.tif=01;35:*.tiff=01;35:*.png=01;35:*.svg=01;35:*.svgz=01;35:*.mng=01;35:*.pcx=01;35:*.mov=01;35:*.mpg=01;35:*.mpeg=01;35:*.m2v=01;35:*.mkv=01;35:*.webm=01;35:*.webp=01;35:*.ogm=01;35:*.mp4=01;35:*.m4v=01;35:*.mp4v=01;35:*.vob=01;35:*.qt=01;35:*.nuv=01;35:*.wmv=01;35:*.asf=01;35:*.rm=01;35:*.rmvb=01;35:*.flc=01;35:*.avi=01;35:*.fli=01;35:*.flv=01;35:*.gl=01;35:*.dl=01;35:*.xcf=01;35:*.xwd=01;35:*.yuv=01;35:*.cgm=01;35:*.emf=01;35:*.ogv=01;35:*.ogx=01;35:*.aac=00;36:*.au=00;36:*.flac=00;36:*.m4a=00;36:*.mid=00;36:*.midi=00;36:*.mka=00;36:*.mp3=00;36:*.mpc=00;36:*.ogg=00;36:*.ra=00;36:*.wav=00;36:*.oga=00;36:*.opus=00;36:*.spx=00;36:*.xspf=00;36:'), ('SUDO_COMMAND', '/usr/bin/su'), ('AMENT_PREFIX_PATH', '/opt/ros/humble'), ('SHELL', '/bin/bash'), ('SUDO_USER', 'booster'), ('LESSCLOSE', '/usr/bin/lesspipe %s %s'), ('PWD', '/home/booster/Workspace/Booster_T1_3v3_Demo/build/booster_msgs'), ('PYTHONPATH', '/opt/ros/humble/lib/python3.10/site-packages:/opt/ros/humble/local/lib/python3.10/dist-packages'), ('COLCON', '1'), ('CMAKE_PREFIX_PATH', '/opt/ros/humble')]), 'shell': False}
[0.300925] (-) TimerEvent: {}
[0.318097] (game_controller_interface) StdoutLine: {'line': b'[  2%] Built target game_controller_interface__cpp\n'}
[0.371491] (vision_interface) StdoutLine: {'line': b'[  0%] Built target vision_interface__cpp\n'}
[0.401927] (-) TimerEvent: {}
[0.456653] (game_controller_interface) StdoutLine: {'line': b'[  2%] Built target ament_cmake_python_symlink_game_controller_interface\n'}
[0.459833] (booster_interface) StdoutLine: {'line': b'[  0%] Built target booster_interface__cpp\n'}
[0.472223] (booster_msgs) StdoutLine: {'line': b'[  2%] Built target booster_msgs__cpp\n'}
[0.502119] (-) TimerEvent: {}
[0.529643] (booster_interface) StdoutLine: {'line': b'[  0%] Built target ament_cmake_python_symlink_booster_interface\n'}
[0.556293] (vision_interface) StdoutLine: {'line': b'[  0%] Built target ament_cmake_python_symlink_vision_interface\n'}
[0.571179] (booster_msgs) StdoutLine: {'line': b'[  2%] Built target ament_cmake_python_symlink_booster_msgs\n'}
[0.602260] (-) TimerEvent: {}
[0.605362] (game_controller_interface) StdoutLine: {'line': b'[ 12%] Built target game_controller_interface__rosidl_typesupport_introspection_cpp\n'}
[0.639917] (booster_msgs) StdoutLine: {'line': b'[ 12%] Built target booster_msgs__rosidl_typesupport_cpp\n'}
[0.702427] (-) TimerEvent: {}
[0.717249] (vision_interface) StdoutLine: {'line': b'[ 12%] Built target vision_interface__rosidl_typesupport_introspection_cpp\n'}
[0.802560] (-) TimerEvent: {}
[0.824516] (booster_interface) StdoutLine: {'line': b'[ 12%] Built target booster_interface__rosidl_typesupport_introspection_cpp\n'}
[0.902713] (-) TimerEvent: {}
[1.003204] (-) TimerEvent: {}
[1.103742] (-) TimerEvent: {}
[1.204320] (-) TimerEvent: {}
[1.304864] (-) TimerEvent: {}
[1.405377] (-) TimerEvent: {}
[1.505889] (-) TimerEvent: {}
[1.606404] (-) TimerEvent: {}
[1.706936] (-) TimerEvent: {}
[1.712707] (booster_msgs) StdoutLine: {'line': b'running egg_info\n'}
[1.718516] (booster_msgs) StdoutLine: {'line': b'writing booster_msgs.egg-info/PKG-INFO\n'}
[1.721481] (booster_msgs) StdoutLine: {'line': b'writing dependency_links to booster_msgs.egg-info/dependency_links.txt\n'}
[1.724113] (booster_msgs) StdoutLine: {'line': b'writing top-level names to booster_msgs.egg-info/top_level.txt\n'}
[1.745175] (booster_msgs) StdoutLine: {'line': b"reading manifest file 'booster_msgs.egg-info/SOURCES.txt'\n"}
[1.751115] (booster_msgs) StdoutLine: {'line': b"writing manifest file 'booster_msgs.egg-info/SOURCES.txt'\n"}
[1.807083] (-) TimerEvent: {}
[1.907609] (-) TimerEvent: {}
[2.008322] (-) TimerEvent: {}
[2.079730] (booster_msgs) StdoutLine: {'line': b'[ 12%] Built target ament_cmake_python_build_booster_msgs_egg\n'}
[2.108475] (-) TimerEvent: {}
[2.209093] (-) TimerEvent: {}
[2.220720] (vision_interface) StdoutLine: {'line': b'running egg_info\n'}
[2.224470] (vision_interface) StdoutLine: {'line': b'writing vision_interface.egg-info/PKG-INFO\n'}
[2.224880] (vision_interface) StdoutLine: {'line': b'writing dependency_links to vision_interface.egg-info/dependency_links.txt\n'}
[2.226686] (vision_interface) StdoutLine: {'line': b'writing top-level names to vision_interface.egg-info/top_level.txt\n'}
[2.237724] (vision_interface) StdoutLine: {'line': b"reading manifest file 'vision_interface.egg-info/SOURCES.txt'\n"}
[2.240408] (vision_interface) StdoutLine: {'line': b"writing manifest file 'vision_interface.egg-info/SOURCES.txt'\n"}
[2.240823] (game_controller_interface) StdoutLine: {'line': b'running egg_info\n'}
[2.244202] (game_controller_interface) StdoutLine: {'line': b'writing game_controller_interface.egg-info/PKG-INFO\n'}
[2.248499] (game_controller_interface) StdoutLine: {'line': b'writing dependency_links to game_controller_interface.egg-info/dependency_links.txt\n'}
[2.251926] (game_controller_interface) StdoutLine: {'line': b'writing top-level names to game_controller_interface.egg-info/top_level.txt\n'}
[2.262743] (game_controller_interface) StdoutLine: {'line': b"reading manifest file 'game_controller_interface.egg-info/SOURCES.txt'\n"}
[2.264903] (game_controller_interface) StdoutLine: {'line': b"writing manifest file 'game_controller_interface.egg-info/SOURCES.txt'\n"}
[2.309250] (-) TimerEvent: {}
[2.325682] (booster_msgs) StdoutLine: {'line': b'[ 23%] Built target booster_msgs__rosidl_typesupport_introspection_cpp\n'}
[2.409403] (-) TimerEvent: {}
[2.429247] (vision_interface) StdoutLine: {'line': b'[ 12%] Built target ament_cmake_python_build_vision_interface_egg\n'}
[2.461591] (game_controller_interface) StdoutLine: {'line': b'[ 12%] Built target ament_cmake_python_build_game_controller_interface_egg\n'}
[2.468317] (booster_interface) StdoutLine: {'line': b'running egg_info\n'}
[2.468841] (booster_interface) StdoutLine: {'line': b'writing booster_interface.egg-info/PKG-INFO\n'}
[2.469285] (booster_interface) StdoutLine: {'line': b'writing dependency_links to booster_interface.egg-info/dependency_links.txt\n'}
[2.469568] (booster_interface) StdoutLine: {'line': b'writing top-level names to booster_interface.egg-info/top_level.txt\n'}
[2.474926] (booster_interface) StdoutLine: {'line': b"reading manifest file 'booster_interface.egg-info/SOURCES.txt'\n"}
[2.477138] (booster_interface) StdoutLine: {'line': b"writing manifest file 'booster_interface.egg-info/SOURCES.txt'\n"}
[2.510354] (-) TimerEvent: {}
[2.513868] (booster_msgs) StdoutLine: {'line': b'[ 34%] Built target booster_msgs__rosidl_typesupport_fastrtps_cpp\n'}
[2.589388] (booster_interface) StdoutLine: {'line': b'[ 12%] Built target ament_cmake_python_build_booster_interface_egg\n'}
[2.593457] (game_controller_interface) StdoutLine: {'line': b'[ 23%] Built target game_controller_interface__rosidl_typesupport_fastrtps_cpp\n'}
[2.609829] (-) TimerEvent: {}
[2.642071] (vision_interface) StdoutLine: {'line': b'[ 23%] Built target vision_interface__rosidl_typesupport_fastrtps_cpp\n'}
[2.645367] (booster_msgs) StdoutLine: {'line': b'[ 44%] Built target booster_msgs__rosidl_generator_c\n'}
[2.668225] (booster_interface) StdoutLine: {'line': b'[ 24%] Built target booster_interface__rosidl_typesupport_fastrtps_cpp\n'}
[2.681804] (game_controller_interface) StdoutLine: {'line': b'[ 34%] Built target game_controller_interface__rosidl_typesupport_cpp\n'}
[2.709935] (-) TimerEvent: {}
[2.731680] (game_controller_interface) StdoutLine: {'line': b'[ 44%] Built target game_controller_interface__rosidl_generator_c\n'}
[2.747313] (booster_msgs) StdoutLine: {'line': b'[ 55%] Built target booster_msgs__rosidl_typesupport_fastrtps_c\n'}
[2.770689] (booster_interface) StdoutLine: {'line': b'[ 36%] Built target booster_interface__rosidl_typesupport_cpp\n'}
[2.779722] (vision_interface) StdoutLine: {'line': b'[ 35%] Built target vision_interface__rosidl_typesupport_cpp\n'}
[2.810066] (-) TimerEvent: {}
[2.833529] (game_controller_interface) StdoutLine: {'line': b'[ 55%] Built target game_controller_interface__rosidl_typesupport_fastrtps_c\n'}
[2.848377] (vision_interface) StdoutLine: {'line': b'[ 47%] Built target vision_interface__rosidl_generator_c\n'}
[2.870254] (booster_msgs) StdoutLine: {'line': b'[ 65%] Built target booster_msgs__rosidl_typesupport_c\n'}
[2.872623] (booster_interface) StdoutLine: {'line': b'[ 48%] Built target booster_interface__rosidl_generator_c\n'}
[2.910305] (-) TimerEvent: {}
[2.947287] (vision_interface) StdoutLine: {'line': b'[ 59%] Built target vision_interface__rosidl_typesupport_fastrtps_c\n'}
[2.973060] (game_controller_interface) StdoutLine: {'line': b'[ 65%] Built target game_controller_interface__rosidl_typesupport_c\n'}
[3.010453] (-) TimerEvent: {}
[3.017398] (booster_interface) StdoutLine: {'line': b'[ 60%] Built target booster_interface__rosidl_typesupport_fastrtps_c\n'}
[3.062758] (booster_msgs) StdoutLine: {'line': b'[ 76%] Built target booster_msgs__rosidl_typesupport_introspection_c\n'}
[3.066936] (vision_interface) StdoutLine: {'line': b'[ 70%] Built target vision_interface__rosidl_typesupport_c\n'}
[3.110756] (-) TimerEvent: {}
[3.136622] (vision_interface) StdoutLine: {'line': b'[ 82%] Built target vision_interface__rosidl_typesupport_introspection_c\n'}
[3.153882] (game_controller_interface) StdoutLine: {'line': b'[ 76%] Built target game_controller_interface__rosidl_typesupport_introspection_c\n'}
[3.194400] (booster_msgs) StdoutLine: {'line': b'[ 76%] Built target booster_msgs\n'}
[3.210567] (game_controller_interface) StdoutLine: {'line': b'[ 76%] Built target game_controller_interface\n'}
[3.210938] (-) TimerEvent: {}
[3.238551] (booster_interface) StdoutLine: {'line': b'[ 72%] Built target booster_interface__rosidl_typesupport_c\n'}
[3.263484] (booster_msgs) StdoutLine: {'line': b'[ 78%] Built target booster_msgs__py\n'}
[3.289020] (vision_interface) StdoutLine: {'line': b'[ 82%] Built target vision_interface\n'}
[3.311088] (-) TimerEvent: {}
[3.323675] (vision_interface) StdoutLine: {'line': b'[ 83%] Built target vision_interface__py\n'}
[3.362304] (booster_interface) StdoutLine: {'line': b'[ 84%] Built target booster_interface__rosidl_typesupport_introspection_c\n'}
[3.411433] (-) TimerEvent: {}
[3.419464] (vision_interface) StdoutLine: {'line': b'[ 94%] Built target vision_interface__rosidl_generator_py\n'}
[3.435292] (booster_interface) StdoutLine: {'line': b'[ 84%] Built target booster_interface\n'}
[3.447457] (booster_msgs) StdoutLine: {'line': b'[ 87%] Built target booster_msgs__rosidl_generator_py\n'}
[3.464827] (game_controller_interface) StdoutLine: {'line': b'[ 78%] Built target game_controller_interface__py\n'}
[3.511565] (-) TimerEvent: {}
[3.529868] (vision_interface) StdoutLine: {'line': b'[ 96%] Built target vision_interface__rosidl_typesupport_fastrtps_c__pyext\n'}
[3.558381] (booster_msgs) StdoutLine: {'line': b'[ 91%] Built target booster_msgs__rosidl_typesupport_fastrtps_c__pyext\n'}
[3.562102] (booster_interface) StdoutLine: {'line': b'[ 85%] Built target booster_interface__py\n'}
[3.582260] (game_controller_interface) StdoutLine: {'line': b'[ 87%] Built target game_controller_interface__rosidl_generator_py\n'}
[3.611697] (-) TimerEvent: {}
[3.654003] (booster_interface) StdoutLine: {'line': b'[ 96%] Built target booster_interface__rosidl_generator_py\n'}
[3.659510] (vision_interface) StdoutLine: {'line': b'[ 98%] Built target vision_interface__rosidl_typesupport_c__pyext\n'}
[3.679180] (booster_msgs) StdoutLine: {'line': b'[ 95%] Built target booster_msgs__rosidl_typesupport_c__pyext\n'}
[3.680541] (game_controller_interface) StdoutLine: {'line': b'[ 91%] Built target game_controller_interface__rosidl_typesupport_fastrtps_c__pyext\n'}
[3.711849] (-) TimerEvent: {}
[3.740796] (game_controller_interface) StdoutLine: {'line': b'[ 95%] Built target game_controller_interface__rosidl_typesupport_c__pyext\n'}
[3.747106] (vision_interface) StdoutLine: {'line': b'[100%] Built target vision_interface__rosidl_typesupport_introspection_c__pyext\n'}
[3.755174] (booster_interface) StdoutLine: {'line': b'[ 97%] Built target booster_interface__rosidl_typesupport_fastrtps_c__pyext\n'}
[3.777817] (vision_interface) CommandEnded: {'returncode': 0}
[3.779683] (booster_msgs) StdoutLine: {'line': b'[100%] Built target booster_msgs__rosidl_typesupport_introspection_c__pyext\n'}
[3.819644] (vision_interface) JobProgress: {'identifier': 'vision_interface', 'progress': 'install'}
[3.820396] (-) TimerEvent: {}
[3.845899] (vision_interface) Command: {'cmd': ['/usr/bin/cmake', '--install', '/home/booster/Workspace/Booster_T1_3v3_Demo/build/vision_interface'], 'cwd': '/home/booster/Workspace/Booster_T1_3v3_Demo/build/vision_interface', 'env': OrderedDict([('SUDO_GID', '1000'), ('LESSOPEN', '| /usr/bin/lesspipe %s'), ('PYTHONWARNINGS', 'ignore::DeprecationWarning,ignore::UserWarning,ignore::FutureWarning'), ('MAIL', '/var/mail/root'), ('USER', 'root'), ('SHLVL', '2'), ('LD_LIBRARY_PATH', '/opt/ros/humble/opt/rviz_ogre_vendor/lib:/opt/ros/humble/lib/aarch64-linux-gnu:/opt/ros/humble/lib'), ('HOME', '/root'), ('OLDPWD', '/home/booster/Workspace/Booster_T1_3v3_Demo/scripts'), ('ROS_PYTHON_VERSION', '3'), ('COLORTERM', 'truecolor'), ('SUDO_UID', '1000'), ('ROS_DISTRO', 'humble'), ('LOGNAME', 'root'), ('_', '/usr/bin/colcon'), ('ROS_VERSION', '2'), ('TERM', 'xterm-256color'), ('ROS_LOCALHOST_ONLY', '0'), ('PATH', '/opt/ros/humble/bin:/usr/local/sbin:/usr/local/bin:/usr/sbin:/usr/bin:/sbin:/bin:/usr/games:/usr/local/games:/snap/bin'), ('FASTRTPS_DEFAULT_PROFILES_FILE', '/opt/booster/BoosterRos2/fastdds_profile.xml'), ('LANG', 'en_US.UTF-8'), ('LS_COLORS', 'rs=0:di=01;34:ln=01;36:mh=00:pi=40;33:so=01;35:do=01;35:bd=40;33;01:cd=40;33;01:or=40;31;01:mi=00:su=37;41:sg=30;43:ca=30;41:tw=30;42:ow=34;42:st=37;44:ex=01;32:*.tar=01;31:*.tgz=01;31:*.arc=01;31:*.arj=01;31:*.taz=01;31:*.lha=01;31:*.lz4=01;31:*.lzh=01;31:*.lzma=01;31:*.tlz=01;31:*.txz=01;31:*.tzo=01;31:*.t7z=01;31:*.zip=01;31:*.z=01;31:*.dz=01;31:*.gz=01;31:*.lrz=01;31:*.lz=01;31:*.lzo=01;31:*.xz=01;31:*.zst=01;31:*.tzst=01;31:*.bz2=01;31:*.bz=01;31:*.tbz=01;31:*.tbz2=01;31:*.tz=01;31:*.deb=01;31:*.rpm=01;31:*.jar=01;31:*.war=01;31:*.ear=01;31:*.sar=01;31:*.rar=01;31:*.alz=01;31:*.ace=01;31:*.zoo=01;31:*.cpio=01;31:*.7z=01;31:*.rz=01;31:*.cab=01;31:*.wim=01;31:*.swm=01;31:*.dwm=01;31:*.esd=01;31:*.jpg=01;35:*.jpeg=01;35:*.mjpg=01;35:*.mjpeg=01;35:*.gif=01;35:*.bmp=01;35:*.pbm=01;35:*.pgm=01;35:*.ppm=01;35:*.tga=01;35:*.xbm=01;35:*.xpm=01;35:*.tif=01;35:*.tiff=01;35:*.png=01;35:*.svg=01;35:*.svgz=01;35:*.mng=01;35:*.pcx=01;35:*.mov=01;35:*.mpg=01;35:*.mpeg=01;35:*.m2v=01;35:*.mkv=01;35:*.webm=01;35:*.webp=01;35:*.ogm=01;35:*.mp4=01;35:*.m4v=01;35:*.mp4v=01;35:*.vob=01;35:*.qt=01;35:*.nuv=01;35:*.wmv=01;35:*.asf=01;35:*.rm=01;35:*.rmvb=01;35:*.flc=01;35:*.avi=01;35:*.fli=01;35:*.flv=01;35:*.gl=01;35:*.dl=01;35:*.xcf=01;35:*.xwd=01;35:*.yuv=01;35:*.cgm=01;35:*.emf=01;35:*.ogv=01;35:*.ogx=01;35:*.aac=00;36:*.au=00;36:*.flac=00;36:*.m4a=00;36:*.mid=00;36:*.midi=00;36:*.mka=00;36:*.mp3=00;36:*.mpc=00;36:*.ogg=00;36:*.ra=00;36:*.wav=00;36:*.oga=00;36:*.opus=00;36:*.spx=00;36:*.xspf=00;36:'), ('SUDO_COMMAND', '/usr/bin/su'), ('AMENT_PREFIX_PATH', '/opt/ros/humble'), ('SHELL', '/bin/bash'), ('SUDO_USER', 'booster'), ('LESSCLOSE', '/usr/bin/lesspipe %s %s'), ('PWD', '/home/booster/Workspace/Booster_T1_3v3_Demo/build/vision_interface'), ('PYTHONPATH', '/opt/ros/humble/lib/python3.10/site-packages:/opt/ros/humble/local/lib/python3.10/dist-packages'), ('COLCON', '1'), ('CMAKE_PREFIX_PATH', '/opt/ros/humble')]), 'shell': False}
[3.848494] (booster_interface) StdoutLine: {'line': b'[ 98%] Built target booster_interface__rosidl_typesupport_c__pyext\n'}
[3.854929] (game_controller_interface) StdoutLine: {'line': b'[100%] Built target game_controller_interface__rosidl_typesupport_introspection_c__pyext\n'}
[3.861679] (vision_interface) StdoutLine: {'line': b'-- Install configuration: ""\n'}
[3.862031] (vision_interface) StdoutLine: {'line': b'-- Execute custom install script\n'}
[3.862166] (vision_interface) StdoutLine: {'line': b'-- Up-to-date symlink: /home/booster/Workspace/Booster_T1_3v3_Demo/install/vision_interface/share/ament_index/resource_index/rosidl_interfaces/vision_interface\n'}
[3.865206] (vision_interface) StdoutLine: {'line': b'-- Up-to-date symlink: /home/booster/Workspace/Booster_T1_3v3_Demo/install/vision_interface/include/vision_interface/vision_interface/msg/ball.h\n'}
[3.865571] (vision_interface) StdoutLine: {'line': b'-- Up-to-date symlink: /home/booster/Workspace/Booster_T1_3v3_Demo/install/vision_interface/include/vision_interface/vision_interface/msg/cal_param.h\n'}
[3.865731] (vision_interface) StdoutLine: {'line': b'-- Up-to-date symlink: /home/booster/Workspace/Booster_T1_3v3_Demo/install/vision_interface/include/vision_interface/vision_interface/msg/detail/ball__functions.h\n'}
[3.872022] (vision_interface) StdoutLine: {'line': b'-- Up-to-date symlink: /home/booster/Workspace/Booster_T1_3v3_Demo/install/vision_interface/include/vision_interface/vision_interface/msg/detail/ball__struct.h\n'}
[3.872186] (vision_interface) StdoutLine: {'line': b'-- Up-to-date symlink: /home/booster/Workspace/Booster_T1_3v3_Demo/install/vision_interface/include/vision_interface/vision_interface/msg/detail/ball__type_support.h\n'}
[3.872302] (vision_interface) StdoutLine: {'line': b'-- Up-to-date symlink: /home/booster/Workspace/Booster_T1_3v3_Demo/install/vision_interface/include/vision_interface/vision_interface/msg/detail/cal_param__functions.h\n'}
[3.872411] (vision_interface) StdoutLine: {'line': b'-- Up-to-date symlink: /home/booster/Workspace/Booster_T1_3v3_Demo/install/vision_interface/include/vision_interface/vision_interface/msg/detail/cal_param__struct.h\n'}
[3.872521] (vision_interface) StdoutLine: {'line': b'-- Up-to-date symlink: /home/booster/Workspace/Booster_T1_3v3_Demo/install/vision_interface/include/vision_interface/vision_interface/msg/detail/cal_param__type_support.h\n'}
[3.872629] (vision_interface) StdoutLine: {'line': b'-- Up-to-date symlink: /home/booster/Workspace/Booster_T1_3v3_Demo/install/vision_interface/include/vision_interface/vision_interface/msg/detail/detected_object__functions.h\n'}
[3.878379] (vision_interface) StdoutLine: {'line': b'-- Up-to-date symlink: /home/booster/Workspace/Booster_T1_3v3_Demo/install/vision_interface/include/vision_interface/vision_interface/msg/detail/detected_object__struct.h\n'}
[3.878648] (vision_interface) StdoutLine: {'line': b'-- Up-to-date symlink: /home/booster/Workspace/Booster_T1_3v3_Demo/install/vision_interface/include/vision_interface/vision_interface/msg/detail/detected_object__type_support.h\n'}
[3.878797] (vision_interface) StdoutLine: {'line': b'-- Up-to-date symlink: /home/booster/Workspace/Booster_T1_3v3_Demo/install/vision_interface/include/vision_interface/vision_interface/msg/detail/detections__functions.h\n'}
[3.879382] (vision_interface) StdoutLine: {'line': b'-- Up-to-date symlink: /home/booster/Workspace/Booster_T1_3v3_Demo/install/vision_interface/include/vision_interface/vision_interface/msg/detail/detections__struct.h\n'}
[3.885106] (vision_interface) StdoutLine: {'line': b'-- Up-to-date symlink: /home/booster/Workspace/Booster_T1_3v3_Demo/install/vision_interface/include/vision_interface/vision_interface/msg/detail/detections__type_support.h\n'}
[3.885411] (vision_interface) StdoutLine: {'line': b'-- Up-to-date symlink: /home/booster/Workspace/Booster_T1_3v3_Demo/install/vision_interface/include/vision_interface/vision_interface/msg/detail/detections_track__functions.h\n'}
[3.885647] (vision_interface) StdoutLine: {'line': b'-- Up-to-date symlink: /home/booster/Workspace/Booster_T1_3v3_Demo/install/vision_interface/include/vision_interface/vision_interface/msg/detail/detections_track__struct.h\n'}
[3.885991] (booster_msgs) CommandEnded: {'returncode': 0}
[3.887004] (booster_msgs) JobProgress: {'identifier': 'booster_msgs', 'progress': 'install'}
[3.887058] (booster_msgs) Command: {'cmd': ['/usr/bin/cmake', '--install', '/home/booster/Workspace/Booster_T1_3v3_Demo/build/booster_msgs'], 'cwd': '/home/booster/Workspace/Booster_T1_3v3_Demo/build/booster_msgs', 'env': OrderedDict([('SUDO_GID', '1000'), ('LESSOPEN', '| /usr/bin/lesspipe %s'), ('PYTHONWARNINGS', 'ignore::DeprecationWarning,ignore::UserWarning,ignore::FutureWarning'), ('MAIL', '/var/mail/root'), ('USER', 'root'), ('SHLVL', '2'), ('LD_LIBRARY_PATH', '/opt/ros/humble/opt/rviz_ogre_vendor/lib:/opt/ros/humble/lib/aarch64-linux-gnu:/opt/ros/humble/lib'), ('HOME', '/root'), ('OLDPWD', '/home/booster/Workspace/Booster_T1_3v3_Demo/scripts'), ('ROS_PYTHON_VERSION', '3'), ('COLORTERM', 'truecolor'), ('SUDO_UID', '1000'), ('ROS_DISTRO', 'humble'), ('LOGNAME', 'root'), ('_', '/usr/bin/colcon'), ('ROS_VERSION', '2'), ('TERM', 'xterm-256color'), ('ROS_LOCALHOST_ONLY', '0'), ('PATH', '/opt/ros/humble/bin:/usr/local/sbin:/usr/local/bin:/usr/sbin:/usr/bin:/sbin:/bin:/usr/games:/usr/local/games:/snap/bin'), ('FASTRTPS_DEFAULT_PROFILES_FILE', '/opt/booster/BoosterRos2/fastdds_profile.xml'), ('LANG', 'en_US.UTF-8'), ('LS_COLORS', 'rs=0:di=01;34:ln=01;36:mh=00:pi=40;33:so=01;35:do=01;35:bd=40;33;01:cd=40;33;01:or=40;31;01:mi=00:su=37;41:sg=30;43:ca=30;41:tw=30;42:ow=34;42:st=37;44:ex=01;32:*.tar=01;31:*.tgz=01;31:*.arc=01;31:*.arj=01;31:*.taz=01;31:*.lha=01;31:*.lz4=01;31:*.lzh=01;31:*.lzma=01;31:*.tlz=01;31:*.txz=01;31:*.tzo=01;31:*.t7z=01;31:*.zip=01;31:*.z=01;31:*.dz=01;31:*.gz=01;31:*.lrz=01;31:*.lz=01;31:*.lzo=01;31:*.xz=01;31:*.zst=01;31:*.tzst=01;31:*.bz2=01;31:*.bz=01;31:*.tbz=01;31:*.tbz2=01;31:*.tz=01;31:*.deb=01;31:*.rpm=01;31:*.jar=01;31:*.war=01;31:*.ear=01;31:*.sar=01;31:*.rar=01;31:*.alz=01;31:*.ace=01;31:*.zoo=01;31:*.cpio=01;31:*.7z=01;31:*.rz=01;31:*.cab=01;31:*.wim=01;31:*.swm=01;31:*.dwm=01;31:*.esd=01;31:*.jpg=01;35:*.jpeg=01;35:*.mjpg=01;35:*.mjpeg=01;35:*.gif=01;35:*.bmp=01;35:*.pbm=01;35:*.pgm=01;35:*.ppm=01;35:*.tga=01;35:*.xbm=01;35:*.xpm=01;35:*.tif=01;35:*.tiff=01;35:*.png=01;35:*.svg=01;35:*.svgz=01;35:*.mng=01;35:*.pcx=01;35:*.mov=01;35:*.mpg=01;35:*.mpeg=01;35:*.m2v=01;35:*.mkv=01;35:*.webm=01;35:*.webp=01;35:*.ogm=01;35:*.mp4=01;35:*.m4v=01;35:*.mp4v=01;35:*.vob=01;35:*.qt=01;35:*.nuv=01;35:*.wmv=01;35:*.asf=01;35:*.rm=01;35:*.rmvb=01;35:*.flc=01;35:*.avi=01;35:*.fli=01;35:*.flv=01;35:*.gl=01;35:*.dl=01;35:*.xcf=01;35:*.xwd=01;35:*.yuv=01;35:*.cgm=01;35:*.emf=01;35:*.ogv=01;35:*.ogx=01;35:*.aac=00;36:*.au=00;36:*.flac=00;36:*.m4a=00;36:*.mid=00;36:*.midi=00;36:*.mka=00;36:*.mp3=00;36:*.mpc=00;36:*.ogg=00;36:*.ra=00;36:*.wav=00;36:*.oga=00;36:*.opus=00;36:*.spx=00;36:*.xspf=00;36:'), ('SUDO_COMMAND', '/usr/bin/su'), ('AMENT_PREFIX_PATH', '/opt/ros/humble'), ('SHELL', '/bin/bash'), ('SUDO_USER', 'booster'), ('LESSCLOSE', '/usr/bin/lesspipe %s %s'), ('PWD', '/home/booster/Workspace/Booster_T1_3v3_Demo/build/booster_msgs'), ('PYTHONPATH', '/opt/ros/humble/lib/python3.10/site-packages:/opt/ros/humble/local/lib/python3.10/dist-packages'), ('COLCON', '1'), ('CMAKE_PREFIX_PATH', '/opt/ros/humble')]), 'shell': False}
[3.889904] (vision_interface) StdoutLine: {'line': b'-- Up-to-date symlink: /home/booster/Workspace/Booster_T1_3v3_Demo/install/vision_interface/include/vision_interface/vision_interface/msg/detail/detections_track__type_support.h\n'}
[3.892916] (vision_interface) StdoutLine: {'line': b'-- Up-to-date symlink: /home/booster/Workspace/Booster_T1_3v3_Demo/install/vision_interface/include/vision_interface/vision_interface/msg/detail/image_head_position__functions.h\n'}
[3.894832] (vision_interface) StdoutLine: {'line': b'-- Up-to-date symlink: /home/booster/Workspace/Booster_T1_3v3_Demo/install/vision_interface/include/vision_interface/vision_interface/msg/detail/image_head_position__struct.h\n'}
[3.895155] (vision_interface) StdoutLine: {'line': b'-- Up-to-date symlink: /home/booster/Workspace/Booster_T1_3v3_Demo/install/vision_interface/include/vision_interface/vision_interface/msg/detail/image_head_position__type_support.h\n'}
[3.897083] (vision_interface) StdoutLine: {'line': b'-- Up-to-date symlink: /home/booster/Workspace/Booster_T1_3v3_Demo/install/vision_interface/include/vision_interface/vision_interface/msg/detail/line_segments__functions.h\n'}
[3.898413] (vision_interface) StdoutLine: {'line': b'-- Up-to-date symlink: /home/booster/Workspace/Booster_T1_3v3_Demo/install/vision_interface/include/vision_interface/vision_interface/msg/detail/line_segments__struct.h\n'}
[3.898690] (vision_interface) StdoutLine: {'line': b'-- Up-to-date symlink: /home/booster/Workspace/Booster_T1_3v3_Demo/install/vision_interface/include/vision_interface/vision_interface/msg/detail/line_segments__type_support.h\n'}
[3.898819] (vision_interface) StdoutLine: {'line': b'-- Up-to-date symlink: /home/booster/Workspace/Booster_T1_3v3_Demo/install/vision_interface/include/vision_interface/vision_interface/msg/detail/segmentation_line__functions.h\n'}
[3.898930] (vision_interface) StdoutLine: {'line': b'-- Up-to-date symlink: /home/booster/Workspace/Booster_T1_3v3_Demo/install/vision_interface/include/vision_interface/vision_interface/msg/detail/segmentation_line__struct.h\n'}
[3.899034] (vision_interface) StdoutLine: {'line': b'-- Up-to-date symlink: /home/booster/Workspace/Booster_T1_3v3_Demo/install/vision_interface/include/vision_interface/vision_interface/msg/detail/segmentation_line__type_support.h\n'}
[3.900886] (vision_interface) StdoutLine: {'line': b'-- Up-to-date symlink: /home/booster/Workspace/Booster_T1_3v3_Demo/install/vision_interface/include/vision_interface/vision_interface/msg/detail/segmentation_point__functions.h\n'}
[3.901077] (vision_interface) StdoutLine: {'line': b'-- Up-to-date symlink: /home/booster/Workspace/Booster_T1_3v3_Demo/install/vision_interface/include/vision_interface/vision_interface/msg/detail/segmentation_point__struct.h\n'}
[3.901192] (vision_interface) StdoutLine: {'line': b'-- Up-to-date symlink: /home/booster/Workspace/Booster_T1_3v3_Demo/install/vision_interface/include/vision_interface/vision_interface/msg/detail/segmentation_point__type_support.h\n'}
[3.903512] (vision_interface) StdoutLine: {'line': b'-- Up-to-date symlink: /home/booster/Workspace/Booster_T1_3v3_Demo/install/vision_interface/include/vision_interface/vision_interface/msg/detail/segmentation_result__functions.h\n'}
[3.905913] (vision_interface) StdoutLine: {'line': b'-- Up-to-date symlink: /home/booster/Workspace/Booster_T1_3v3_Demo/install/vision_interface/include/vision_interface/vision_interface/msg/detail/segmentation_result__struct.h\n'}
[3.929802] (-) TimerEvent: {}
[3.944025] (vision_interface) StdoutLine: {'line': b'-- Up-to-date symlink: /home/booster/Workspace/Booster_T1_3v3_Demo/install/vision_interface/include/vision_interface/vision_interface/msg/detail/segmentation_result__type_support.h\n'}
[3.944469] (vision_interface) StdoutLine: {'line': b'-- Up-to-date symlink: /home/booster/Workspace/Booster_T1_3v3_Demo/install/vision_interface/include/vision_interface/vision_interface/msg/detected_object.h\n'}
[3.944683] (vision_interface) StdoutLine: {'line': b'-- Up-to-date symlink: /home/booster/Workspace/Booster_T1_3v3_Demo/install/vision_interface/include/vision_interface/vision_interface/msg/detections.h\n'}
[3.944848] (vision_interface) StdoutLine: {'line': b'-- Up-to-date symlink: /home/booster/Workspace/Booster_T1_3v3_Demo/install/vision_interface/include/vision_interface/vision_interface/msg/detections_track.h\n'}
[3.944968] (vision_interface) StdoutLine: {'line': b'-- Up-to-date symlink: /home/booster/Workspace/Booster_T1_3v3_Demo/install/vision_interface/include/vision_interface/vision_interface/msg/image_head_position.h\n'}
[3.945080] (vision_interface) StdoutLine: {'line': b'-- Up-to-date symlink: /home/booster/Workspace/Booster_T1_3v3_Demo/install/vision_interface/include/vision_interface/vision_interface/msg/line_segments.h\n'}
[3.945187] (vision_interface) StdoutLine: {'line': b'-- Up-to-date symlink: /home/booster/Workspace/Booster_T1_3v3_Demo/install/vision_interface/include/vision_interface/vision_interface/msg/rosidl_generator_c__visibility_control.h\n'}
[3.945290] (vision_interface) StdoutLine: {'line': b'-- Up-to-date symlink: /home/booster/Workspace/Booster_T1_3v3_Demo/install/vision_interface/include/vision_interface/vision_interface/msg/segmentation_line.h\n'}
[3.945611] (vision_interface) StdoutLine: {'line': b'-- Up-to-date symlink: /home/booster/Workspace/Booster_T1_3v3_Demo/install/vision_interface/include/vision_interface/vision_interface/msg/segmentation_point.h\n'}
[3.946157] (vision_interface) StdoutLine: {'line': b'-- Up-to-date symlink: /home/booster/Workspace/Booster_T1_3v3_Demo/install/vision_interface/include/vision_interface/vision_interface/msg/segmentation_result.h\n'}
[3.947129] (vision_interface) StdoutLine: {'line': b'-- Up-to-date symlink: /home/booster/Workspace/Booster_T1_3v3_Demo/install/vision_interface/share/vision_interface/environment/library_path.sh\n'}
[3.947280] (vision_interface) StdoutLine: {'line': b'-- Up-to-date symlink: /home/booster/Workspace/Booster_T1_3v3_Demo/install/vision_interface/share/vision_interface/environment/library_path.dsv\n'}
[3.947644] (vision_interface) StdoutLine: {'line': b'-- Up-to-date symlink: /home/booster/Workspace/Booster_T1_3v3_Demo/install/vision_interface/include/vision_interface/vision_interface/msg/detail/ball__rosidl_typesupport_fastrtps_c.h\n'}
[3.947773] (vision_interface) StdoutLine: {'line': b'-- Up-to-date symlink: /home/booster/Workspace/Booster_T1_3v3_Demo/install/vision_interface/include/vision_interface/vision_interface/msg/detail/cal_param__rosidl_typesupport_fastrtps_c.h\n'}
[3.947889] (vision_interface) StdoutLine: {'line': b'-- Up-to-date symlink: /home/booster/Workspace/Booster_T1_3v3_Demo/install/vision_interface/include/vision_interface/vision_interface/msg/detail/detected_object__rosidl_typesupport_fastrtps_c.h\n'}
[3.947997] (vision_interface) StdoutLine: {'line': b'-- Up-to-date symlink: /home/booster/Workspace/Booster_T1_3v3_Demo/install/vision_interface/include/vision_interface/vision_interface/msg/detail/detections__rosidl_typesupport_fastrtps_c.h\n'}
[3.950568] (vision_interface) StdoutLine: {'line': b'-- Up-to-date symlink: /home/booster/Workspace/Booster_T1_3v3_Demo/install/vision_interface/include/vision_interface/vision_interface/msg/detail/detections_track__rosidl_typesupport_fastrtps_c.h\n'}
[3.951273] (vision_interface) StdoutLine: {'line': b'-- Up-to-date symlink: /home/booster/Workspace/Booster_T1_3v3_Demo/install/vision_interface/include/vision_interface/vision_interface/msg/detail/image_head_position__rosidl_typesupport_fastrtps_c.h\n'}
[3.953644] (vision_interface) StdoutLine: {'line': b'-- Up-to-date symlink: /home/booster/Workspace/Booster_T1_3v3_Demo/install/vision_interface/include/vision_interface/vision_interface/msg/detail/line_segments__rosidl_typesupport_fastrtps_c.h\n'}
[3.953965] (vision_interface) StdoutLine: {'line': b'-- Up-to-date symlink: /home/booster/Workspace/Booster_T1_3v3_Demo/install/vision_interface/include/vision_interface/vision_interface/msg/detail/segmentation_line__rosidl_typesupport_fastrtps_c.h\n'}
[3.954132] (vision_interface) StdoutLine: {'line': b'-- Up-to-date symlink: /home/booster/Workspace/Booster_T1_3v3_Demo/install/vision_interface/include/vision_interface/vision_interface/msg/detail/segmentation_point__rosidl_typesupport_fastrtps_c.h\n'}
[3.954254] (vision_interface) StdoutLine: {'line': b'-- Up-to-date symlink: /home/booster/Workspace/Booster_T1_3v3_Demo/install/vision_interface/include/vision_interface/vision_interface/msg/detail/segmentation_result__rosidl_typesupport_fastrtps_c.h\n'}
[3.954371] (vision_interface) StdoutLine: {'line': b'-- Up-to-date symlink: /home/booster/Workspace/Booster_T1_3v3_Demo/install/vision_interface/include/vision_interface/vision_interface/msg/rosidl_typesupport_fastrtps_c__visibility_control.h\n'}
[3.954480] (vision_interface) StdoutLine: {'line': b'-- Up-to-date symlink: /home/booster/Workspace/Booster_T1_3v3_Demo/install/vision_interface/include/vision_interface/vision_interface/msg/ball.hpp\n'}
[3.954609] (vision_interface) StdoutLine: {'line': b'-- Up-to-date symlink: /home/booster/Workspace/Booster_T1_3v3_Demo/install/vision_interface/include/vision_interface/vision_interface/msg/cal_param.hpp\n'}
[3.954790] (vision_interface) StdoutLine: {'line': b'-- Up-to-date symlink: /home/booster/Workspace/Booster_T1_3v3_Demo/install/vision_interface/include/vision_interface/vision_interface/msg/detail/ball__builder.hpp\n'}
[3.954907] (vision_interface) StdoutLine: {'line': b'-- Up-to-date symlink: /home/booster/Workspace/Booster_T1_3v3_Demo/install/vision_interface/include/vision_interface/vision_interface/msg/detail/ball__struct.hpp\n'}
[3.955014] (vision_interface) StdoutLine: {'line': b'-- Up-to-date symlink: /home/booster/Workspace/Booster_T1_3v3_Demo/install/vision_interface/include/vision_interface/vision_interface/msg/detail/ball__traits.hpp\n'}
[3.955122] (vision_interface) StdoutLine: {'line': b'-- Up-to-date symlink: /home/booster/Workspace/Booster_T1_3v3_Demo/install/vision_interface/include/vision_interface/vision_interface/msg/detail/ball__type_support.hpp\n'}
[3.955323] (vision_interface) StdoutLine: {'line': b'-- Up-to-date symlink: /home/booster/Workspace/Booster_T1_3v3_Demo/install/vision_interface/include/vision_interface/vision_interface/msg/detail/cal_param__builder.hpp\n'}
[3.956437] (vision_interface) StdoutLine: {'line': b'-- Up-to-date symlink: /home/booster/Workspace/Booster_T1_3v3_Demo/install/vision_interface/include/vision_interface/vision_interface/msg/detail/cal_param__struct.hpp\n'}
[3.956766] (vision_interface) StdoutLine: {'line': b'-- Up-to-date symlink: /home/booster/Workspace/Booster_T1_3v3_Demo/install/vision_interface/include/vision_interface/vision_interface/msg/detail/cal_param__traits.hpp\n'}
[3.956950] (vision_interface) StdoutLine: {'line': b'-- Up-to-date symlink: /home/booster/Workspace/Booster_T1_3v3_Demo/install/vision_interface/include/vision_interface/vision_interface/msg/detail/cal_param__type_support.hpp\n'}
[3.957172] (vision_interface) StdoutLine: {'line': b'-- Up-to-date symlink: /home/booster/Workspace/Booster_T1_3v3_Demo/install/vision_interface/include/vision_interface/vision_interface/msg/detail/detected_object__builder.hpp\n'}
[3.958237] (vision_interface) StdoutLine: {'line': b'-- Up-to-date symlink: /home/booster/Workspace/Booster_T1_3v3_Demo/install/vision_interface/include/vision_interface/vision_interface/msg/detail/detected_object__struct.hpp\n'}
[3.958727] (vision_interface) StdoutLine: {'line': b'-- Up-to-date symlink: /home/booster/Workspace/Booster_T1_3v3_Demo/install/vision_interface/include/vision_interface/vision_interface/msg/detail/detected_object__traits.hpp\n'}
[3.959235] (vision_interface) StdoutLine: {'line': b'-- Up-to-date symlink: /home/booster/Workspace/Booster_T1_3v3_Demo/install/vision_interface/include/vision_interface/vision_interface/msg/detail/detected_object__type_support.hpp\n'}
[3.959977] (vision_interface) StdoutLine: {'line': b'-- Up-to-date symlink: /home/booster/Workspace/Booster_T1_3v3_Demo/install/vision_interface/include/vision_interface/vision_interface/msg/detail/detections__builder.hpp\n'}
[3.960118] (vision_interface) StdoutLine: {'line': b'-- Up-to-date symlink: /home/booster/Workspace/Booster_T1_3v3_Demo/install/vision_interface/include/vision_interface/vision_interface/msg/detail/detections__struct.hpp\n'}
[3.960657] (booster_msgs) StdoutLine: {'line': b'-- Install configuration: ""\n'}
[3.961065] (booster_msgs) StdoutLine: {'line': b'-- Execute custom install script\n'}
[3.961469] (booster_msgs) StdoutLine: {'line': b'-- Up-to-date symlink: /home/booster/Workspace/Booster_T1_3v3_Demo/install/booster_msgs/share/ament_index/resource_index/rosidl_interfaces/booster_msgs\n'}
[3.962030] (booster_msgs) StdoutLine: {'line': b'-- Up-to-date symlink: /home/booster/Workspace/Booster_T1_3v3_Demo/install/booster_msgs/include/booster_msgs/booster_msgs/msg/binary_data.h\n'}
[3.962170] (booster_msgs) StdoutLine: {'line': b'-- Up-to-date symlink: /home/booster/Workspace/Booster_T1_3v3_Demo/install/booster_msgs/include/booster_msgs/booster_msgs/msg/detail/binary_data__functions.h\n'}
[3.962932] (booster_msgs) StdoutLine: {'line': b'-- Up-to-date symlink: /home/booster/Workspace/Booster_T1_3v3_Demo/install/booster_msgs/include/booster_msgs/booster_msgs/msg/detail/binary_data__struct.h\n'}
[3.963064] (booster_msgs) StdoutLine: {'line': b'-- Up-to-date symlink: /home/booster/Workspace/Booster_T1_3v3_Demo/install/booster_msgs/include/booster_msgs/booster_msgs/msg/detail/binary_data__type_support.h\n'}
[3.963183] (booster_msgs) StdoutLine: {'line': b'-- Up-to-date symlink: /home/booster/Workspace/Booster_T1_3v3_Demo/install/booster_msgs/include/booster_msgs/booster_msgs/msg/detail/rpc_req_msg__functions.h\n'}
[3.963284] (booster_msgs) StdoutLine: {'line': b'-- Up-to-date symlink: /home/booster/Workspace/Booster_T1_3v3_Demo/install/booster_msgs/include/booster_msgs/booster_msgs/msg/detail/rpc_req_msg__struct.h\n'}
[3.963836] (booster_msgs) StdoutLine: {'line': b'-- Up-to-date symlink: /home/booster/Workspace/Booster_T1_3v3_Demo/install/booster_msgs/include/booster_msgs/booster_msgs/msg/detail/rpc_req_msg__type_support.h\n'}
[3.964963] (booster_msgs) StdoutLine: {'line': b'-- Up-to-date symlink: /home/booster/Workspace/Booster_T1_3v3_Demo/install/booster_msgs/include/booster_msgs/booster_msgs/msg/detail/rpc_resp_msg__functions.h\n'}
[3.965177] (booster_msgs) StdoutLine: {'line': b'-- Up-to-date symlink: /home/booster/Workspace/Booster_T1_3v3_Demo/install/booster_msgs/include/booster_msgs/booster_msgs/msg/detail/rpc_resp_msg__struct.h\n'}
[3.965344] (booster_msgs) StdoutLine: {'line': b'-- Up-to-date symlink: /home/booster/Workspace/Booster_T1_3v3_Demo/install/booster_msgs/include/booster_msgs/booster_msgs/msg/detail/rpc_resp_msg__type_support.h\n'}
[3.965460] (booster_msgs) StdoutLine: {'line': b'-- Up-to-date symlink: /home/booster/Workspace/Booster_T1_3v3_Demo/install/booster_msgs/include/booster_msgs/booster_msgs/msg/rosidl_generator_c__visibility_control.h\n'}
[3.966036] (booster_msgs) StdoutLine: {'line': b'-- Up-to-date symlink: /home/booster/Workspace/Booster_T1_3v3_Demo/install/booster_msgs/include/booster_msgs/booster_msgs/msg/rpc_req_msg.h\n'}
[3.967685] (vision_interface) StdoutLine: {'line': b'-- Up-to-date symlink: /home/booster/Workspace/Booster_T1_3v3_Demo/install/vision_interface/include/vision_interface/vision_interface/msg/detail/detections__traits.hpp\n'}
[3.967973] (booster_msgs) StdoutLine: {'line': b'-- Up-to-date symlink: /home/booster/Workspace/Booster_T1_3v3_Demo/install/booster_msgs/include/booster_msgs/booster_msgs/msg/rpc_resp_msg.h\n'}
[3.968844] (vision_interface) StdoutLine: {'line': b'-- Up-to-date symlink: /home/booster/Workspace/Booster_T1_3v3_Demo/install/vision_interface/include/vision_interface/vision_interface/msg/detail/detections__type_support.hpp\n'}
[3.969092] (booster_msgs) StdoutLine: {'line': b'-- Up-to-date symlink: /home/booster/Workspace/Booster_T1_3v3_Demo/install/booster_msgs/share/booster_msgs/environment/library_path.sh\n'}
[3.969507] (vision_interface) StdoutLine: {'line': b'-- Up-to-date symlink: /home/booster/Workspace/Booster_T1_3v3_Demo/install/vision_interface/include/vision_interface/vision_interface/msg/detail/detections_track__builder.hpp\n'}
[3.969929] (booster_msgs) StdoutLine: {'line': b'-- Up-to-date symlink: /home/booster/Workspace/Booster_T1_3v3_Demo/install/booster_msgs/share/booster_msgs/environment/library_path.dsv\n'}
[3.971332] (game_controller_interface) CommandEnded: {'returncode': 0}
[3.972578] (vision_interface) StdoutLine: {'line': b'-- Up-to-date symlink: /home/booster/Workspace/Booster_T1_3v3_Demo/install/vision_interface/include/vision_interface/vision_interface/msg/detail/detections_track__struct.hpp\n'}
[3.972799] (game_controller_interface) JobProgress: {'identifier': 'game_controller_interface', 'progress': 'install'}
[3.979024] (booster_msgs) StdoutLine: {'line': b'-- Up-to-date symlink: /home/booster/Workspace/Booster_T1_3v3_Demo/install/booster_msgs/include/booster_msgs/booster_msgs/msg/detail/binary_data__rosidl_typesupport_fastrtps_c.h\n'}
[3.980252] (booster_msgs) StdoutLine: {'line': b'-- Up-to-date symlink: /home/booster/Workspace/Booster_T1_3v3_Demo/install/booster_msgs/include/booster_msgs/booster_msgs/msg/detail/rpc_req_msg__rosidl_typesupport_fastrtps_c.h\n'}
[3.980429] (booster_msgs) StdoutLine: {'line': b'-- Up-to-date symlink: /home/booster/Workspace/Booster_T1_3v3_Demo/install/booster_msgs/include/booster_msgs/booster_msgs/msg/detail/rpc_resp_msg__rosidl_typesupport_fastrtps_c.h\n'}
[3.981285] (vision_interface) StdoutLine: {'line': b'-- Up-to-date symlink: /home/booster/Workspace/Booster_T1_3v3_Demo/install/vision_interface/include/vision_interface/vision_interface/msg/detail/detections_track__traits.hpp\n'}
[3.981728] (booster_msgs) StdoutLine: {'line': b'-- Up-to-date symlink: /home/booster/Workspace/Booster_T1_3v3_Demo/install/booster_msgs/include/booster_msgs/booster_msgs/msg/rosidl_typesupport_fastrtps_c__visibility_control.h\n'}
[3.982628] (game_controller_interface) Command: {'cmd': ['/usr/bin/cmake', '--install', '/home/booster/Workspace/Booster_T1_3v3_Demo/build/game_controller_interface'], 'cwd': '/home/booster/Workspace/Booster_T1_3v3_Demo/build/game_controller_interface', 'env': OrderedDict([('SUDO_GID', '1000'), ('LESSOPEN', '| /usr/bin/lesspipe %s'), ('PYTHONWARNINGS', 'ignore::DeprecationWarning,ignore::UserWarning,ignore::FutureWarning'), ('MAIL', '/var/mail/root'), ('USER', 'root'), ('SHLVL', '2'), ('LD_LIBRARY_PATH', '/opt/ros/humble/opt/rviz_ogre_vendor/lib:/opt/ros/humble/lib/aarch64-linux-gnu:/opt/ros/humble/lib'), ('HOME', '/root'), ('OLDPWD', '/home/booster/Workspace/Booster_T1_3v3_Demo/scripts'), ('ROS_PYTHON_VERSION', '3'), ('COLORTERM', 'truecolor'), ('SUDO_UID', '1000'), ('ROS_DISTRO', 'humble'), ('LOGNAME', 'root'), ('_', '/usr/bin/colcon'), ('ROS_VERSION', '2'), ('TERM', 'xterm-256color'), ('ROS_LOCALHOST_ONLY', '0'), ('PATH', '/opt/ros/humble/bin:/usr/local/sbin:/usr/local/bin:/usr/sbin:/usr/bin:/sbin:/bin:/usr/games:/usr/local/games:/snap/bin'), ('FASTRTPS_DEFAULT_PROFILES_FILE', '/opt/booster/BoosterRos2/fastdds_profile.xml'), ('LANG', 'en_US.UTF-8'), ('LS_COLORS', 'rs=0:di=01;34:ln=01;36:mh=00:pi=40;33:so=01;35:do=01;35:bd=40;33;01:cd=40;33;01:or=40;31;01:mi=00:su=37;41:sg=30;43:ca=30;41:tw=30;42:ow=34;42:st=37;44:ex=01;32:*.tar=01;31:*.tgz=01;31:*.arc=01;31:*.arj=01;31:*.taz=01;31:*.lha=01;31:*.lz4=01;31:*.lzh=01;31:*.lzma=01;31:*.tlz=01;31:*.txz=01;31:*.tzo=01;31:*.t7z=01;31:*.zip=01;31:*.z=01;31:*.dz=01;31:*.gz=01;31:*.lrz=01;31:*.lz=01;31:*.lzo=01;31:*.xz=01;31:*.zst=01;31:*.tzst=01;31:*.bz2=01;31:*.bz=01;31:*.tbz=01;31:*.tbz2=01;31:*.tz=01;31:*.deb=01;31:*.rpm=01;31:*.jar=01;31:*.war=01;31:*.ear=01;31:*.sar=01;31:*.rar=01;31:*.alz=01;31:*.ace=01;31:*.zoo=01;31:*.cpio=01;31:*.7z=01;31:*.rz=01;31:*.cab=01;31:*.wim=01;31:*.swm=01;31:*.dwm=01;31:*.esd=01;31:*.jpg=01;35:*.jpeg=01;35:*.mjpg=01;35:*.mjpeg=01;35:*.gif=01;35:*.bmp=01;35:*.pbm=01;35:*.pgm=01;35:*.ppm=01;35:*.tga=01;35:*.xbm=01;35:*.xpm=01;35:*.tif=01;35:*.tiff=01;35:*.png=01;35:*.svg=01;35:*.svgz=01;35:*.mng=01;35:*.pcx=01;35:*.mov=01;35:*.mpg=01;35:*.mpeg=01;35:*.m2v=01;35:*.mkv=01;35:*.webm=01;35:*.webp=01;35:*.ogm=01;35:*.mp4=01;35:*.m4v=01;35:*.mp4v=01;35:*.vob=01;35:*.qt=01;35:*.nuv=01;35:*.wmv=01;35:*.asf=01;35:*.rm=01;35:*.rmvb=01;35:*.flc=01;35:*.avi=01;35:*.fli=01;35:*.flv=01;35:*.gl=01;35:*.dl=01;35:*.xcf=01;35:*.xwd=01;35:*.yuv=01;35:*.cgm=01;35:*.emf=01;35:*.ogv=01;35:*.ogx=01;35:*.aac=00;36:*.au=00;36:*.flac=00;36:*.m4a=00;36:*.mid=00;36:*.midi=00;36:*.mka=00;36:*.mp3=00;36:*.mpc=00;36:*.ogg=00;36:*.ra=00;36:*.wav=00;36:*.oga=00;36:*.opus=00;36:*.spx=00;36:*.xspf=00;36:'), ('SUDO_COMMAND', '/usr/bin/su'), ('AMENT_PREFIX_PATH', '/opt/ros/humble'), ('SHELL', '/bin/bash'), ('SUDO_USER', 'booster'), ('LESSCLOSE', '/usr/bin/lesspipe %s %s'), ('PWD', '/home/booster/Workspace/Booster_T1_3v3_Demo/build/game_controller_interface'), ('PYTHONPATH', '/opt/ros/humble/lib/python3.10/site-packages:/opt/ros/humble/local/lib/python3.10/dist-packages'), ('COLCON', '1'), ('CMAKE_PREFIX_PATH', '/opt/ros/humble')]), 'shell': False}
[3.991830] (vision_interface) StdoutLine: {'line': b'-- Up-to-date symlink: /home/booster/Workspace/Booster_T1_3v3_Demo/install/vision_interface/include/vision_interface/vision_interface/msg/detail/detections_track__type_support.hpp\n'}
[3.992027] (vision_interface) StdoutLine: {'line': b'-- Up-to-date symlink: /home/booster/Workspace/Booster_T1_3v3_Demo/install/vision_interface/include/vision_interface/vision_interface/msg/detail/image_head_position__builder.hpp\n'}
[3.992158] (vision_interface) StdoutLine: {'line': b'-- Up-to-date symlink: /home/booster/Workspace/Booster_T1_3v3_Demo/install/vision_interface/include/vision_interface/vision_interface/msg/detail/image_head_position__struct.hpp\n'}
[3.992298] (vision_interface) StdoutLine: {'line': b'-- Up-to-date symlink: /home/booster/Workspace/Booster_T1_3v3_Demo/install/vision_interface/include/vision_interface/vision_interface/msg/detail/image_head_position__traits.hpp\n'}
[3.992418] (booster_msgs) StdoutLine: {'line': b'-- Up-to-date symlink: /home/booster/Workspace/Booster_T1_3v3_Demo/install/booster_msgs/include/booster_msgs/booster_msgs/msg/detail/binary_data__rosidl_typesupport_introspection_c.h\n'}
[3.992549] (vision_interface) StdoutLine: {'line': b'-- Up-to-date symlink: /home/booster/Workspace/Booster_T1_3v3_Demo/install/vision_interface/include/vision_interface/vision_interface/msg/detail/image_head_position__type_support.hpp\n'}
[3.992659] (vision_interface) StdoutLine: {'line': b'-- Up-to-date symlink: /home/booster/Workspace/Booster_T1_3v3_Demo/install/vision_interface/include/vision_interface/vision_interface/msg/detail/line_segments__builder.hpp\n'}
[3.992848] (vision_interface) StdoutLine: {'line': b'-- Up-to-date symlink: /home/booster/Workspace/Booster_T1_3v3_Demo/install/vision_interface/include/vision_interface/vision_interface/msg/detail/line_segments__struct.hpp\n'}
[3.993001] (vision_interface) StdoutLine: {'line': b'-- Up-to-date symlink: /home/booster/Workspace/Booster_T1_3v3_Demo/install/vision_interface/include/vision_interface/vision_interface/msg/detail/line_segments__traits.hpp\n'}
[3.993116] (vision_interface) StdoutLine: {'line': b'-- Up-to-date symlink: /home/booster/Workspace/Booster_T1_3v3_Demo/install/vision_interface/include/vision_interface/vision_interface/msg/detail/line_segments__type_support.hpp\n'}
[3.993263] (vision_interface) StdoutLine: {'line': b'-- Up-to-date symlink: /home/booster/Workspace/Booster_T1_3v3_Demo/install/vision_interface/include/vision_interface/vision_interface/msg/detail/segmentation_line__builder.hpp\n'}
[3.993421] (vision_interface) StdoutLine: {'line': b'-- Up-to-date symlink: /home/booster/Workspace/Booster_T1_3v3_Demo/install/vision_interface/include/vision_interface/vision_interface/msg/detail/segmentation_line__struct.hpp\n'}
[3.993580] (vision_interface) StdoutLine: {'line': b'-- Up-to-date symlink: /home/booster/Workspace/Booster_T1_3v3_Demo/install/vision_interface/include/vision_interface/vision_interface/msg/detail/segmentation_line__traits.hpp\n'}
[3.993733] (vision_interface) StdoutLine: {'line': b'-- Up-to-date symlink: /home/booster/Workspace/Booster_T1_3v3_Demo/install/vision_interface/include/vision_interface/vision_interface/msg/detail/segmentation_line__type_support.hpp\n'}
[3.993928] (vision_interface) StdoutLine: {'line': b'-- Up-to-date symlink: /home/booster/Workspace/Booster_T1_3v3_Demo/install/vision_interface/include/vision_interface/vision_interface/msg/detail/segmentation_point__builder.hpp\n'}
[3.994049] (vision_interface) StdoutLine: {'line': b'-- Up-to-date symlink: /home/booster/Workspace/Booster_T1_3v3_Demo/install/vision_interface/include/vision_interface/vision_interface/msg/detail/segmentation_point__struct.hpp\n'}
[3.994159] (vision_interface) StdoutLine: {'line': b'-- Up-to-date symlink: /home/booster/Workspace/Booster_T1_3v3_Demo/install/vision_interface/include/vision_interface/vision_interface/msg/detail/segmentation_point__traits.hpp\n'}
[3.994263] (vision_interface) StdoutLine: {'line': b'-- Up-to-date symlink: /home/booster/Workspace/Booster_T1_3v3_Demo/install/vision_interface/include/vision_interface/vision_interface/msg/detail/segmentation_point__type_support.hpp\n'}
[3.994365] (vision_interface) StdoutLine: {'line': b'-- Up-to-date symlink: /home/booster/Workspace/Booster_T1_3v3_Demo/install/vision_interface/include/vision_interface/vision_interface/msg/detail/segmentation_result__builder.hpp\n'}
[3.994466] (vision_interface) StdoutLine: {'line': b'-- Up-to-date symlink: /home/booster/Workspace/Booster_T1_3v3_Demo/install/vision_interface/include/vision_interface/vision_interface/msg/detail/segmentation_result__struct.hpp\n'}
[3.994568] (vision_interface) StdoutLine: {'line': b'-- Up-to-date symlink: /home/booster/Workspace/Booster_T1_3v3_Demo/install/vision_interface/include/vision_interface/vision_interface/msg/detail/segmentation_result__traits.hpp\n'}
[3.994666] (vision_interface) StdoutLine: {'line': b'-- Up-to-date symlink: /home/booster/Workspace/Booster_T1_3v3_Demo/install/vision_interface/include/vision_interface/vision_interface/msg/detail/segmentation_result__type_support.hpp\n'}
[3.994764] (vision_interface) StdoutLine: {'line': b'-- Up-to-date symlink: /home/booster/Workspace/Booster_T1_3v3_Demo/install/vision_interface/include/vision_interface/vision_interface/msg/detected_object.hpp\n'}
[3.994864] (vision_interface) StdoutLine: {'line': b'-- Up-to-date symlink: /home/booster/Workspace/Booster_T1_3v3_Demo/install/vision_interface/include/vision_interface/vision_interface/msg/detections.hpp\n'}
[3.994963] (vision_interface) StdoutLine: {'line': b'-- Up-to-date symlink: /home/booster/Workspace/Booster_T1_3v3_Demo/install/vision_interface/include/vision_interface/vision_interface/msg/detections_track.hpp\n'}
[3.995062] (vision_interface) StdoutLine: {'line': b'-- Up-to-date symlink: /home/booster/Workspace/Booster_T1_3v3_Demo/install/vision_interface/include/vision_interface/vision_interface/msg/image_head_position.hpp\n'}
[3.995182] (vision_interface) StdoutLine: {'line': b'-- Up-to-date symlink: /home/booster/Workspace/Booster_T1_3v3_Demo/install/vision_interface/include/vision_interface/vision_interface/msg/line_segments.hpp\n'}
[3.995285] (vision_interface) StdoutLine: {'line': b'-- Up-to-date symlink: /home/booster/Workspace/Booster_T1_3v3_Demo/install/vision_interface/include/vision_interface/vision_interface/msg/rosidl_generator_cpp__visibility_control.hpp\n'}
[3.995385] (vision_interface) StdoutLine: {'line': b'-- Up-to-date symlink: /home/booster/Workspace/Booster_T1_3v3_Demo/install/vision_interface/include/vision_interface/vision_interface/msg/segmentation_line.hpp\n'}
[3.995482] (vision_interface) StdoutLine: {'line': b'-- Up-to-date symlink: /home/booster/Workspace/Booster_T1_3v3_Demo/install/vision_interface/include/vision_interface/vision_interface/msg/segmentation_point.hpp\n'}
[3.995581] (vision_interface) StdoutLine: {'line': b'-- Up-to-date symlink: /home/booster/Workspace/Booster_T1_3v3_Demo/install/vision_interface/include/vision_interface/vision_interface/msg/segmentation_result.hpp\n'}
[3.995700] (vision_interface) StdoutLine: {'line': b'-- Up-to-date symlink: /home/booster/Workspace/Booster_T1_3v3_Demo/install/vision_interface/include/vision_interface/vision_interface/msg/detail/ball__rosidl_typesupport_fastrtps_cpp.hpp\n'}
[3.995799] (booster_msgs) StdoutLine: {'line': b'-- Up-to-date symlink: /home/booster/Workspace/Booster_T1_3v3_Demo/install/booster_msgs/include/booster_msgs/booster_msgs/msg/detail/rpc_req_msg__rosidl_typesupport_introspection_c.h\n'}
[3.995916] (booster_msgs) StdoutLine: {'line': b'-- Up-to-date symlink: /home/booster/Workspace/Booster_T1_3v3_Demo/install/booster_msgs/include/booster_msgs/booster_msgs/msg/detail/rpc_resp_msg__rosidl_typesupport_introspection_c.h\n'}
[3.996119] (booster_msgs) StdoutLine: {'line': b'-- Up-to-date symlink: /home/booster/Workspace/Booster_T1_3v3_Demo/install/booster_msgs/include/booster_msgs/booster_msgs/msg/rosidl_typesupport_introspection_c__visibility_control.h\n'}
[3.996291] (booster_msgs) StdoutLine: {'line': b'-- Up-to-date symlink: /home/booster/Workspace/Booster_T1_3v3_Demo/install/booster_msgs/include/booster_msgs/booster_msgs/msg/binary_data.hpp\n'}
[3.996461] (booster_msgs) StdoutLine: {'line': b'-- Up-to-date symlink: /home/booster/Workspace/Booster_T1_3v3_Demo/install/booster_msgs/include/booster_msgs/booster_msgs/msg/detail/binary_data__builder.hpp\n'}
[3.996591] (booster_msgs) StdoutLine: {'line': b'-- Up-to-date symlink: /home/booster/Workspace/Booster_T1_3v3_Demo/install/booster_msgs/include/booster_msgs/booster_msgs/msg/detail/binary_data__struct.hpp\n'}
[3.996736] (booster_msgs) StdoutLine: {'line': b'-- Up-to-date symlink: /home/booster/Workspace/Booster_T1_3v3_Demo/install/booster_msgs/include/booster_msgs/booster_msgs/msg/detail/binary_data__traits.hpp\n'}
[3.996883] (booster_msgs) StdoutLine: {'line': b'-- Up-to-date symlink: /home/booster/Workspace/Booster_T1_3v3_Demo/install/booster_msgs/include/booster_msgs/booster_msgs/msg/detail/binary_data__type_support.hpp\n'}
[3.996984] (booster_msgs) StdoutLine: {'line': b'-- Up-to-date symlink: /home/booster/Workspace/Booster_T1_3v3_Demo/install/booster_msgs/include/booster_msgs/booster_msgs/msg/detail/rpc_req_msg__builder.hpp\n'}
[3.997083] (booster_msgs) StdoutLine: {'line': b'-- Up-to-date symlink: /home/booster/Workspace/Booster_T1_3v3_Demo/install/booster_msgs/include/booster_msgs/booster_msgs/msg/detail/rpc_req_msg__struct.hpp\n'}
[3.997184] (booster_msgs) StdoutLine: {'line': b'-- Up-to-date symlink: /home/booster/Workspace/Booster_T1_3v3_Demo/install/booster_msgs/include/booster_msgs/booster_msgs/msg/detail/rpc_req_msg__traits.hpp\n'}
[3.997283] (booster_msgs) StdoutLine: {'line': b'-- Up-to-date symlink: /home/booster/Workspace/Booster_T1_3v3_Demo/install/booster_msgs/include/booster_msgs/booster_msgs/msg/detail/rpc_req_msg__type_support.hpp\n'}
[3.997380] (booster_msgs) StdoutLine: {'line': b'-- Up-to-date symlink: /home/booster/Workspace/Booster_T1_3v3_Demo/install/booster_msgs/include/booster_msgs/booster_msgs/msg/detail/rpc_resp_msg__builder.hpp\n'}
[3.997477] (booster_msgs) StdoutLine: {'line': b'-- Up-to-date symlink: /home/booster/Workspace/Booster_T1_3v3_Demo/install/booster_msgs/include/booster_msgs/booster_msgs/msg/detail/rpc_resp_msg__struct.hpp\n'}
[3.997578] (booster_msgs) StdoutLine: {'line': b'-- Up-to-date symlink: /home/booster/Workspace/Booster_T1_3v3_Demo/install/booster_msgs/include/booster_msgs/booster_msgs/msg/detail/rpc_resp_msg__traits.hpp\n'}
[3.997702] (booster_msgs) StdoutLine: {'line': b'-- Up-to-date symlink: /home/booster/Workspace/Booster_T1_3v3_Demo/install/booster_msgs/include/booster_msgs/booster_msgs/msg/detail/rpc_resp_msg__type_support.hpp\n'}
[3.999101] (booster_msgs) StdoutLine: {'line': b'-- Up-to-date symlink: /home/booster/Workspace/Booster_T1_3v3_Demo/install/booster_msgs/include/booster_msgs/booster_msgs/msg/rosidl_generator_cpp__visibility_control.hpp\n'}
[3.999333] (booster_msgs) StdoutLine: {'line': b'-- Up-to-date symlink: /home/booster/Workspace/Booster_T1_3v3_Demo/install/booster_msgs/include/booster_msgs/booster_msgs/msg/rpc_req_msg.hpp\n'}
[3.999517] (booster_msgs) StdoutLine: {'line': b'-- Up-to-date symlink: /home/booster/Workspace/Booster_T1_3v3_Demo/install/booster_msgs/include/booster_msgs/booster_msgs/msg/rpc_resp_msg.hpp\n'}
[3.999641] (booster_msgs) StdoutLine: {'line': b'-- Up-to-date symlink: /home/booster/Workspace/Booster_T1_3v3_Demo/install/booster_msgs/include/booster_msgs/booster_msgs/msg/detail/binary_data__rosidl_typesupport_fastrtps_cpp.hpp\n'}
[3.999765] (booster_msgs) StdoutLine: {'line': b'-- Up-to-date symlink: /home/booster/Workspace/Booster_T1_3v3_Demo/install/booster_msgs/include/booster_msgs/booster_msgs/msg/detail/rpc_req_msg__rosidl_typesupport_fastrtps_cpp.hpp\n'}
[3.999870] (booster_msgs) StdoutLine: {'line': b'-- Up-to-date symlink: /home/booster/Workspace/Booster_T1_3v3_Demo/install/booster_msgs/include/booster_msgs/booster_msgs/msg/detail/rpc_resp_msg__rosidl_typesupport_fastrtps_cpp.hpp\n'}
[4.000011] (booster_msgs) StdoutLine: {'line': b'-- Up-to-date symlink: /home/booster/Workspace/Booster_T1_3v3_Demo/install/booster_msgs/include/booster_msgs/booster_msgs/msg/rosidl_typesupport_fastrtps_cpp__visibility_control.h\n'}
[4.000117] (booster_msgs) StdoutLine: {'line': b'-- Up-to-date symlink: /home/booster/Workspace/Booster_T1_3v3_Demo/install/booster_msgs/include/booster_msgs/booster_msgs/msg/detail/binary_data__rosidl_typesupport_introspection_cpp.hpp\n'}
[4.000217] (booster_msgs) StdoutLine: {'line': b'-- Up-to-date symlink: /home/booster/Workspace/Booster_T1_3v3_Demo/install/booster_msgs/include/booster_msgs/booster_msgs/msg/detail/rpc_req_msg__rosidl_typesupport_introspection_cpp.hpp\n'}
[4.000314] (booster_msgs) StdoutLine: {'line': b'-- Up-to-date symlink: /home/booster/Workspace/Booster_T1_3v3_Demo/install/booster_msgs/include/booster_msgs/booster_msgs/msg/detail/rpc_resp_msg__rosidl_typesupport_introspection_cpp.hpp\n'}
[4.002158] (booster_msgs) StdoutLine: {'line': b'-- Up-to-date symlink: /home/booster/Workspace/Booster_T1_3v3_Demo/install/booster_msgs/share/booster_msgs/environment/pythonpath.sh\n'}
[4.002344] (booster_msgs) StdoutLine: {'line': b'-- Up-to-date symlink: /home/booster/Workspace/Booster_T1_3v3_Demo/install/booster_msgs/share/booster_msgs/environment/pythonpath.dsv\n'}
[4.002474] (booster_msgs) StdoutLine: {'line': b'-- Up-to-date symlink: /home/booster/Workspace/Booster_T1_3v3_Demo/install/booster_msgs/local/lib/python3.10/dist-packages/booster_msgs-0.0.0-py3.10.egg-info/PKG-INFO\n'}
[4.003469] (booster_msgs) StdoutLine: {'line': b'-- Up-to-date symlink: /home/booster/Workspace/Booster_T1_3v3_Demo/install/booster_msgs/local/lib/python3.10/dist-packages/booster_msgs-0.0.0-py3.10.egg-info/SOURCES.txt\n'}
[4.003630] (booster_msgs) StdoutLine: {'line': b'-- Up-to-date symlink: /home/booster/Workspace/Booster_T1_3v3_Demo/install/booster_msgs/local/lib/python3.10/dist-packages/booster_msgs-0.0.0-py3.10.egg-info/dependency_links.txt\n'}
[4.003753] (booster_msgs) StdoutLine: {'line': b'-- Up-to-date symlink: /home/booster/Workspace/Booster_T1_3v3_Demo/install/booster_msgs/local/lib/python3.10/dist-packages/booster_msgs-0.0.0-py3.10.egg-info/top_level.txt\n'}
[4.003865] (booster_msgs) StdoutLine: {'line': b'-- Up-to-date symlink: /home/booster/Workspace/Booster_T1_3v3_Demo/install/booster_msgs/local/lib/python3.10/dist-packages/booster_msgs/__init__.py\n'}
[4.003972] (booster_msgs) StdoutLine: {'line': b'-- Up-to-date symlink: /home/booster/Workspace/Booster_T1_3v3_Demo/install/booster_msgs/local/lib/python3.10/dist-packages/booster_msgs/_booster_msgs_s.ep.rosidl_typesupport_c.c\n'}
[4.004080] (booster_msgs) StdoutLine: {'line': b'-- Up-to-date symlink: /home/booster/Workspace/Booster_T1_3v3_Demo/install/booster_msgs/local/lib/python3.10/dist-packages/booster_msgs/_booster_msgs_s.ep.rosidl_typesupport_fastrtps_c.c\n'}
[4.004180] (booster_msgs) StdoutLine: {'line': b'-- Up-to-date symlink: /home/booster/Workspace/Booster_T1_3v3_Demo/install/booster_msgs/local/lib/python3.10/dist-packages/booster_msgs/_booster_msgs_s.ep.rosidl_typesupport_introspection_c.c\n'}
[4.004303] (booster_msgs) StdoutLine: {'line': b'-- Up-to-date symlink: /home/booster/Workspace/Booster_T1_3v3_Demo/install/booster_msgs/local/lib/python3.10/dist-packages/booster_msgs/booster_msgs_s__rosidl_typesupport_c.cpython-310-aarch64-linux-gnu.so\n'}
[4.004405] (booster_msgs) StdoutLine: {'line': b'-- Up-to-date symlink: /home/booster/Workspace/Booster_T1_3v3_Demo/install/booster_msgs/local/lib/python3.10/dist-packages/booster_msgs/booster_msgs_s__rosidl_typesupport_fastrtps_c.cpython-310-aarch64-linux-gnu.so\n'}
[4.004519] (booster_msgs) StdoutLine: {'line': b'-- Up-to-date symlink: /home/booster/Workspace/Booster_T1_3v3_Demo/install/booster_msgs/local/lib/python3.10/dist-packages/booster_msgs/booster_msgs_s__rosidl_typesupport_introspection_c.cpython-310-aarch64-linux-gnu.so\n'}
[4.004624] (booster_msgs) StdoutLine: {'line': b'-- Up-to-date symlink: /home/booster/Workspace/Booster_T1_3v3_Demo/install/booster_msgs/local/lib/python3.10/dist-packages/booster_msgs/libbooster_msgs__rosidl_generator_py.so\n'}
[4.004722] (booster_msgs) StdoutLine: {'line': b'-- Up-to-date symlink: /home/booster/Workspace/Booster_T1_3v3_Demo/install/booster_msgs/local/lib/python3.10/dist-packages/booster_msgs/msg/__init__.py\n'}
[4.007280] (booster_msgs) StdoutLine: {'line': b'-- Up-to-date symlink: /home/booster/Workspace/Booster_T1_3v3_Demo/install/booster_msgs/local/lib/python3.10/dist-packages/booster_msgs/msg/_binary_data.py\n'}
[4.007557] (vision_interface) StdoutLine: {'line': b'-- Up-to-date symlink: /home/booster/Workspace/Booster_T1_3v3_Demo/install/vision_interface/include/vision_interface/vision_interface/msg/detail/cal_param__rosidl_typesupport_fastrtps_cpp.hpp\n'}
[4.007711] (vision_interface) StdoutLine: {'line': b'-- Up-to-date symlink: /home/booster/Workspace/Booster_T1_3v3_Demo/install/vision_interface/include/vision_interface/vision_interface/msg/detail/detected_object__rosidl_typesupport_fastrtps_cpp.hpp\n'}
[4.010695] (booster_msgs) StdoutLine: {'line': b'-- Up-to-date symlink: /home/booster/Workspace/Booster_T1_3v3_Demo/install/booster_msgs/local/lib/python3.10/dist-packages/booster_msgs/msg/_binary_data_s.c\n'}
[4.010930] (booster_msgs) StdoutLine: {'line': b'-- Up-to-date symlink: /home/booster/Workspace/Booster_T1_3v3_Demo/install/booster_msgs/local/lib/python3.10/dist-packages/booster_msgs/msg/_rpc_req_msg.py\n'}
[4.012231] (booster_msgs) StdoutLine: {'line': b'-- Up-to-date symlink: /home/booster/Workspace/Booster_T1_3v3_Demo/install/booster_msgs/local/lib/python3.10/dist-packages/booster_msgs/msg/_rpc_req_msg_s.c\n'}
[4.012415] (booster_msgs) StdoutLine: {'line': b'-- Up-to-date symlink: /home/booster/Workspace/Booster_T1_3v3_Demo/install/booster_msgs/local/lib/python3.10/dist-packages/booster_msgs/msg/_rpc_resp_msg.py\n'}
[4.012579] (booster_msgs) StdoutLine: {'line': b'-- Up-to-date symlink: /home/booster/Workspace/Booster_T1_3v3_Demo/install/booster_msgs/local/lib/python3.10/dist-packages/booster_msgs/msg/_rpc_resp_msg_s.c\n'}
[4.012690] (booster_msgs) StdoutLine: {'line': b'-- Up-to-date symlink: /home/booster/Workspace/Booster_T1_3v3_Demo/install/booster_msgs/local/lib/python3.10/dist-packages/booster_msgs/booster_msgs_s__rosidl_typesupport_fastrtps_c.cpython-310-aarch64-linux-gnu.so\n'}
[4.012806] (booster_msgs) StdoutLine: {'line': b'-- Up-to-date symlink: /home/booster/Workspace/Booster_T1_3v3_Demo/install/booster_msgs/local/lib/python3.10/dist-packages/booster_msgs/booster_msgs_s__rosidl_typesupport_introspection_c.cpython-310-aarch64-linux-gnu.so\n'}
[4.012911] (booster_msgs) StdoutLine: {'line': b'-- Up-to-date symlink: /home/booster/Workspace/Booster_T1_3v3_Demo/install/booster_msgs/local/lib/python3.10/dist-packages/booster_msgs/booster_msgs_s__rosidl_typesupport_c.cpython-310-aarch64-linux-gnu.so\n'}
[4.013012] (booster_msgs) StdoutLine: {'line': b'-- Up-to-date symlink: /home/booster/Workspace/Booster_T1_3v3_Demo/install/booster_msgs/share/booster_msgs/msg/BinaryData.idl\n'}
[4.013112] (vision_interface) StdoutLine: {'line': b'-- Up-to-date symlink: /home/booster/Workspace/Booster_T1_3v3_Demo/install/vision_interface/include/vision_interface/vision_interface/msg/detail/detections__rosidl_typesupport_fastrtps_cpp.hpp\n'}
[4.015537] (vision_interface) StdoutLine: {'line': b'-- Up-to-date symlink: /home/booster/Workspace/Booster_T1_3v3_Demo/install/vision_interface/include/vision_interface/vision_interface/msg/detail/detections_track__rosidl_typesupport_fastrtps_cpp.hpp\n'}
[4.015953] (vision_interface) StdoutLine: {'line': b'-- Up-to-date symlink: /home/booster/Workspace/Booster_T1_3v3_Demo/install/vision_interface/include/vision_interface/vision_interface/msg/detail/image_head_position__rosidl_typesupport_fastrtps_cpp.hpp\n'}
[4.016091] (vision_interface) StdoutLine: {'line': b'-- Up-to-date symlink: /home/booster/Workspace/Booster_T1_3v3_Demo/install/vision_interface/include/vision_interface/vision_interface/msg/detail/line_segments__rosidl_typesupport_fastrtps_cpp.hpp\n'}
[4.016207] (vision_interface) StdoutLine: {'line': b'-- Up-to-date symlink: /home/booster/Workspace/Booster_T1_3v3_Demo/install/vision_interface/include/vision_interface/vision_interface/msg/detail/segmentation_line__rosidl_typesupport_fastrtps_cpp.hpp\n'}
[4.016322] (vision_interface) StdoutLine: {'line': b'-- Up-to-date symlink: /home/booster/Workspace/Booster_T1_3v3_Demo/install/vision_interface/include/vision_interface/vision_interface/msg/detail/segmentation_point__rosidl_typesupport_fastrtps_cpp.hpp\n'}
[4.016428] (vision_interface) StdoutLine: {'line': b'-- Up-to-date symlink: /home/booster/Workspace/Booster_T1_3v3_Demo/install/vision_interface/include/vision_interface/vision_interface/msg/detail/segmentation_result__rosidl_typesupport_fastrtps_cpp.hpp\n'}
[4.016533] (booster_msgs) StdoutLine: {'line': b'-- Up-to-date symlink: /home/booster/Workspace/Booster_T1_3v3_Demo/install/booster_msgs/share/booster_msgs/msg/RpcReqMsg.idl\n'}
[4.016665] (booster_msgs) StdoutLine: {'line': b'-- Up-to-date symlink: /home/booster/Workspace/Booster_T1_3v3_Demo/install/booster_msgs/share/booster_msgs/msg/RpcRespMsg.idl\n'}
[4.016780] (booster_msgs) StdoutLine: {'line': b'-- Up-to-date symlink: /home/booster/Workspace/Booster_T1_3v3_Demo/install/booster_msgs/share/booster_msgs/msg/BinaryData.msg\n'}
[4.016875] (booster_msgs) StdoutLine: {'line': b'-- Up-to-date symlink: /home/booster/Workspace/Booster_T1_3v3_Demo/install/booster_msgs/share/booster_msgs/msg/RpcReqMsg.msg\n'}
[4.016967] (booster_msgs) StdoutLine: {'line': b'-- Up-to-date symlink: /home/booster/Workspace/Booster_T1_3v3_Demo/install/booster_msgs/share/booster_msgs/msg/RpcRespMsg.msg\n'}
[4.017061] (booster_msgs) StdoutLine: {'line': b'-- Up-to-date symlink: /home/booster/Workspace/Booster_T1_3v3_Demo/install/booster_msgs/share/ament_index/resource_index/package_run_dependencies/booster_msgs\n'}
[4.017162] (vision_interface) StdoutLine: {'line': b'-- Up-to-date symlink: /home/booster/Workspace/Booster_T1_3v3_Demo/install/vision_interface/include/vision_interface/vision_interface/msg/rosidl_typesupport_fastrtps_cpp__visibility_control.h\n'}
[4.017264] (vision_interface) StdoutLine: {'line': b'-- Up-to-date symlink: /home/booster/Workspace/Booster_T1_3v3_Demo/install/vision_interface/include/vision_interface/vision_interface/msg/detail/ball__rosidl_typesupport_introspection_c.h\n'}
[4.017361] (vision_interface) StdoutLine: {'line': b'-- Up-to-date symlink: /home/booster/Workspace/Booster_T1_3v3_Demo/install/vision_interface/include/vision_interface/vision_interface/msg/detail/cal_param__rosidl_typesupport_introspection_c.h\n'}
[4.017455] (vision_interface) StdoutLine: {'line': b'-- Up-to-date symlink: /home/booster/Workspace/Booster_T1_3v3_Demo/install/vision_interface/include/vision_interface/vision_interface/msg/detail/detected_object__rosidl_typesupport_introspection_c.h\n'}
[4.017553] (vision_interface) StdoutLine: {'line': b'-- Up-to-date symlink: /home/booster/Workspace/Booster_T1_3v3_Demo/install/vision_interface/include/vision_interface/vision_interface/msg/detail/detections__rosidl_typesupport_introspection_c.h\n'}
[4.017650] (vision_interface) StdoutLine: {'line': b'-- Up-to-date symlink: /home/booster/Workspace/Booster_T1_3v3_Demo/install/vision_interface/include/vision_interface/vision_interface/msg/detail/detections_track__rosidl_typesupport_introspection_c.h\n'}
[4.052553] (-) TimerEvent: {}
[4.063519] (vision_interface) StdoutLine: {'line': b'-- Up-to-date symlink: /home/booster/Workspace/Booster_T1_3v3_Demo/install/vision_interface/include/vision_interface/vision_interface/msg/detail/image_head_position__rosidl_typesupport_introspection_c.h\n'}
[4.064358] (vision_interface) StdoutLine: {'line': b'-- Up-to-date symlink: /home/booster/Workspace/Booster_T1_3v3_Demo/install/vision_interface/include/vision_interface/vision_interface/msg/detail/line_segments__rosidl_typesupport_introspection_c.h\n'}
[4.064497] (vision_interface) StdoutLine: {'line': b'-- Up-to-date symlink: /home/booster/Workspace/Booster_T1_3v3_Demo/install/vision_interface/include/vision_interface/vision_interface/msg/detail/segmentation_line__rosidl_typesupport_introspection_c.h\n'}
[4.064610] (vision_interface) StdoutLine: {'line': b'-- Up-to-date symlink: /home/booster/Workspace/Booster_T1_3v3_Demo/install/vision_interface/include/vision_interface/vision_interface/msg/detail/segmentation_point__rosidl_typesupport_introspection_c.h\n'}
[4.064717] (vision_interface) StdoutLine: {'line': b'-- Up-to-date symlink: /home/booster/Workspace/Booster_T1_3v3_Demo/install/vision_interface/include/vision_interface/vision_interface/msg/detail/segmentation_result__rosidl_typesupport_introspection_c.h\n'}
[4.064822] (vision_interface) StdoutLine: {'line': b'-- Up-to-date symlink: /home/booster/Workspace/Booster_T1_3v3_Demo/install/vision_interface/include/vision_interface/vision_interface/msg/rosidl_typesupport_introspection_c__visibility_control.h\n'}
[4.064929] (vision_interface) StdoutLine: {'line': b'-- Up-to-date symlink: /home/booster/Workspace/Booster_T1_3v3_Demo/install/vision_interface/include/vision_interface/vision_interface/msg/detail/ball__rosidl_typesupport_introspection_cpp.hpp\n'}
[4.065030] (vision_interface) StdoutLine: {'line': b'-- Up-to-date symlink: /home/booster/Workspace/Booster_T1_3v3_Demo/install/vision_interface/include/vision_interface/vision_interface/msg/detail/cal_param__rosidl_typesupport_introspection_cpp.hpp\n'}
[4.065131] (booster_msgs) StdoutLine: {'line': b'-- Up-to-date symlink: /home/booster/Workspace/Booster_T1_3v3_Demo/install/booster_msgs/share/ament_index/resource_index/parent_prefix_path/booster_msgs\n'}
[4.065256] (booster_msgs) StdoutLine: {'line': b'-- Up-to-date symlink: /home/booster/Workspace/Booster_T1_3v3_Demo/install/booster_msgs/share/booster_msgs/environment/ament_prefix_path.sh\n'}
[4.065358] (booster_msgs) StdoutLine: {'line': b'-- Up-to-date symlink: /home/booster/Workspace/Booster_T1_3v3_Demo/install/booster_msgs/share/booster_msgs/environment/ament_prefix_path.dsv\n'}
[4.065456] (booster_msgs) StdoutLine: {'line': b'-- Up-to-date symlink: /home/booster/Workspace/Booster_T1_3v3_Demo/install/booster_msgs/share/booster_msgs/environment/path.sh\n'}
[4.065556] (booster_msgs) StdoutLine: {'line': b'-- Up-to-date symlink: /home/booster/Workspace/Booster_T1_3v3_Demo/install/booster_msgs/share/booster_msgs/environment/path.dsv\n'}
[4.065679] (booster_msgs) StdoutLine: {'line': b'-- Up-to-date symlink: /home/booster/Workspace/Booster_T1_3v3_Demo/install/booster_msgs/share/booster_msgs/local_setup.bash\n'}
[4.068318] (booster_msgs) StdoutLine: {'line': b'-- Up-to-date symlink: /home/booster/Workspace/Booster_T1_3v3_Demo/install/booster_msgs/share/booster_msgs/local_setup.sh\n'}
[4.068569] (booster_msgs) StdoutLine: {'line': b'-- Up-to-date symlink: /home/booster/Workspace/Booster_T1_3v3_Demo/install/booster_msgs/share/booster_msgs/local_setup.zsh\n'}
[4.068700] (booster_msgs) StdoutLine: {'line': b'-- Up-to-date symlink: /home/booster/Workspace/Booster_T1_3v3_Demo/install/booster_msgs/share/booster_msgs/local_setup.dsv\n'}
[4.068813] (booster_msgs) StdoutLine: {'line': b'-- Symlinking: /home/booster/Workspace/Booster_T1_3v3_Demo/install/booster_msgs/share/booster_msgs/package.dsv\n'}
[4.070099] (vision_interface) StdoutLine: {'line': b'-- Up-to-date symlink: /home/booster/Workspace/Booster_T1_3v3_Demo/install/vision_interface/include/vision_interface/vision_interface/msg/detail/detected_object__rosidl_typesupport_introspection_cpp.hpp\n'}
[4.070269] (vision_interface) StdoutLine: {'line': b'-- Up-to-date symlink: /home/booster/Workspace/Booster_T1_3v3_Demo/install/vision_interface/include/vision_interface/vision_interface/msg/detail/detections__rosidl_typesupport_introspection_cpp.hpp\n'}
[4.070425] (vision_interface) StdoutLine: {'line': b'-- Up-to-date symlink: /home/booster/Workspace/Booster_T1_3v3_Demo/install/vision_interface/include/vision_interface/vision_interface/msg/detail/detections_track__rosidl_typesupport_introspection_cpp.hpp\n'}
[4.070536] (vision_interface) StdoutLine: {'line': b'-- Up-to-date symlink: /home/booster/Workspace/Booster_T1_3v3_Demo/install/vision_interface/include/vision_interface/vision_interface/msg/detail/image_head_position__rosidl_typesupport_introspection_cpp.hpp\n'}
[4.072498] (vision_interface) StdoutLine: {'line': b'-- Up-to-date symlink: /home/booster/Workspace/Booster_T1_3v3_Demo/install/vision_interface/include/vision_interface/vision_interface/msg/detail/line_segments__rosidl_typesupport_introspection_cpp.hpp\n'}
[4.072646] (vision_interface) StdoutLine: {'line': b'-- Up-to-date symlink: /home/booster/Workspace/Booster_T1_3v3_Demo/install/vision_interface/include/vision_interface/vision_interface/msg/detail/segmentation_line__rosidl_typesupport_introspection_cpp.hpp\n'}
[4.074036] (vision_interface) StdoutLine: {'line': b'-- Up-to-date symlink: /home/booster/Workspace/Booster_T1_3v3_Demo/install/vision_interface/include/vision_interface/vision_interface/msg/detail/segmentation_point__rosidl_typesupport_introspection_cpp.hpp\n'}
[4.074174] (vision_interface) StdoutLine: {'line': b'-- Up-to-date symlink: /home/booster/Workspace/Booster_T1_3v3_Demo/install/vision_interface/include/vision_interface/vision_interface/msg/detail/segmentation_result__rosidl_typesupport_introspection_cpp.hpp\n'}
[4.074287] (vision_interface) StdoutLine: {'line': b'-- Up-to-date symlink: /home/booster/Workspace/Booster_T1_3v3_Demo/install/vision_interface/share/vision_interface/environment/pythonpath.sh\n'}
[4.074400] (vision_interface) StdoutLine: {'line': b'-- Up-to-date symlink: /home/booster/Workspace/Booster_T1_3v3_Demo/install/vision_interface/share/vision_interface/environment/pythonpath.dsv\n'}
[4.074502] (vision_interface) StdoutLine: {'line': b'-- Up-to-date symlink: /home/booster/Workspace/Booster_T1_3v3_Demo/install/vision_interface/local/lib/python3.10/dist-packages/vision_interface-1.0.0-py3.10.egg-info/PKG-INFO\n'}
[4.074606] (vision_interface) StdoutLine: {'line': b'-- Up-to-date symlink: /home/booster/Workspace/Booster_T1_3v3_Demo/install/vision_interface/local/lib/python3.10/dist-packages/vision_interface-1.0.0-py3.10.egg-info/SOURCES.txt\n'}
[4.074733] (game_controller_interface) StdoutLine: {'line': b'-- Install configuration: ""\n'}
[4.074862] (vision_interface) StdoutLine: {'line': b'-- Up-to-date symlink: /home/booster/Workspace/Booster_T1_3v3_Demo/install/vision_interface/local/lib/python3.10/dist-packages/vision_interface-1.0.0-py3.10.egg-info/dependency_links.txt\n'}
[4.074963] (vision_interface) StdoutLine: {'line': b'-- Up-to-date symlink: /home/booster/Workspace/Booster_T1_3v3_Demo/install/vision_interface/local/lib/python3.10/dist-packages/vision_interface-1.0.0-py3.10.egg-info/top_level.txt\n'}
[4.075067] (game_controller_interface) StdoutLine: {'line': b'-- Execute custom install script\n'}
[4.075176] (game_controller_interface) StdoutLine: {'line': b'-- Up-to-date symlink: /home/booster/Workspace/Booster_T1_3v3_Demo/install/game_controller_interface/share/ament_index/resource_index/rosidl_interfaces/game_controller_interface\n'}
[4.075281] (vision_interface) StdoutLine: {'line': b'-- Up-to-date symlink: /home/booster/Workspace/Booster_T1_3v3_Demo/install/vision_interface/local/lib/python3.10/dist-packages/vision_interface/__init__.py\n'}
[4.075405] (vision_interface) StdoutLine: {'line': b'-- Up-to-date symlink: /home/booster/Workspace/Booster_T1_3v3_Demo/install/vision_interface/local/lib/python3.10/dist-packages/vision_interface/_vision_interface_s.ep.rosidl_typesupport_c.c\n'}
[4.075508] (vision_interface) StdoutLine: {'line': b'-- Up-to-date symlink: /home/booster/Workspace/Booster_T1_3v3_Demo/install/vision_interface/local/lib/python3.10/dist-packages/vision_interface/_vision_interface_s.ep.rosidl_typesupport_fastrtps_c.c\n'}
[4.075608] (game_controller_interface) StdoutLine: {'line': b'-- Up-to-date symlink: /home/booster/Workspace/Booster_T1_3v3_Demo/install/game_controller_interface/include/game_controller_interface/game_controller_interface/msg/detail/game_control_data__functions.h\n'}
[4.075711] (game_controller_interface) StdoutLine: {'line': b'-- Up-to-date symlink: /home/booster/Workspace/Booster_T1_3v3_Demo/install/game_controller_interface/include/game_controller_interface/game_controller_interface/msg/detail/game_control_data__struct.h\n'}
[4.075808] (game_controller_interface) StdoutLine: {'line': b'-- Up-to-date symlink: /home/booster/Workspace/Booster_T1_3v3_Demo/install/game_controller_interface/include/game_controller_interface/game_controller_interface/msg/detail/game_control_data__type_support.h\n'}
[4.075905] (game_controller_interface) StdoutLine: {'line': b'-- Up-to-date symlink: /home/booster/Workspace/Booster_T1_3v3_Demo/install/game_controller_interface/include/game_controller_interface/game_controller_interface/msg/detail/robot_info__functions.h\n'}
[4.076010] (game_controller_interface) StdoutLine: {'line': b'-- Up-to-date symlink: /home/booster/Workspace/Booster_T1_3v3_Demo/install/game_controller_interface/include/game_controller_interface/game_controller_interface/msg/detail/robot_info__struct.h\n'}
[4.076107] (vision_interface) StdoutLine: {'line': b'-- Up-to-date symlink: /home/booster/Workspace/Booster_T1_3v3_Demo/install/vision_interface/local/lib/python3.10/dist-packages/vision_interface/_vision_interface_s.ep.rosidl_typesupport_introspection_c.c\n'}
[4.076203] (vision_interface) StdoutLine: {'line': b'-- Up-to-date symlink: /home/booster/Workspace/Booster_T1_3v3_Demo/install/vision_interface/local/lib/python3.10/dist-packages/vision_interface/libvision_interface__rosidl_generator_py.so\n'}
[4.076299] (vision_interface) StdoutLine: {'line': b'-- Up-to-date symlink: /home/booster/Workspace/Booster_T1_3v3_Demo/install/vision_interface/local/lib/python3.10/dist-packages/vision_interface/msg/__init__.py\n'}
[4.076400] (vision_interface) StdoutLine: {'line': b'-- Up-to-date symlink: /home/booster/Workspace/Booster_T1_3v3_Demo/install/vision_interface/local/lib/python3.10/dist-packages/vision_interface/msg/_ball.py\n'}
[4.085144] (vision_interface) StdoutLine: {'line': b'-- Up-to-date symlink: /home/booster/Workspace/Booster_T1_3v3_Demo/install/vision_interface/local/lib/python3.10/dist-packages/vision_interface/msg/_ball_s.c\n'}
[4.085598] (vision_interface) StdoutLine: {'line': b'-- Up-to-date symlink: /home/booster/Workspace/Booster_T1_3v3_Demo/install/vision_interface/local/lib/python3.10/dist-packages/vision_interface/msg/_cal_param.py\n'}
[4.085745] (game_controller_interface) StdoutLine: {'line': b'-- Up-to-date symlink: /home/booster/Workspace/Booster_T1_3v3_Demo/install/game_controller_interface/include/game_controller_interface/game_controller_interface/msg/detail/robot_info__type_support.h\n'}
[4.090192] (game_controller_interface) StdoutLine: {'line': b'-- Up-to-date symlink: /home/booster/Workspace/Booster_T1_3v3_Demo/install/game_controller_interface/include/game_controller_interface/game_controller_interface/msg/detail/team_info__functions.h\n'}
[4.090371] (game_controller_interface) StdoutLine: {'line': b'-- Up-to-date symlink: /home/booster/Workspace/Booster_T1_3v3_Demo/install/game_controller_interface/include/game_controller_interface/game_controller_interface/msg/detail/team_info__struct.h\n'}
[4.090491] (game_controller_interface) StdoutLine: {'line': b'-- Up-to-date symlink: /home/booster/Workspace/Booster_T1_3v3_Demo/install/game_controller_interface/include/game_controller_interface/game_controller_interface/msg/detail/team_info__type_support.h\n'}
[4.090618] (game_controller_interface) StdoutLine: {'line': b'-- Up-to-date symlink: /home/booster/Workspace/Booster_T1_3v3_Demo/install/game_controller_interface/include/game_controller_interface/game_controller_interface/msg/game_control_data.h\n'}
[4.090736] (vision_interface) StdoutLine: {'line': b'-- Up-to-date symlink: /home/booster/Workspace/Booster_T1_3v3_Demo/install/vision_interface/local/lib/python3.10/dist-packages/vision_interface/msg/_cal_param_s.c\n'}
[4.090865] (vision_interface) StdoutLine: {'line': b'-- Up-to-date symlink: /home/booster/Workspace/Booster_T1_3v3_Demo/install/vision_interface/local/lib/python3.10/dist-packages/vision_interface/msg/_detected_object.py\n'}
[4.090999] (vision_interface) StdoutLine: {'line': b'-- Up-to-date symlink: /home/booster/Workspace/Booster_T1_3v3_Demo/install/vision_interface/local/lib/python3.10/dist-packages/vision_interface/msg/_detected_object_s.c\n'}
[4.091105] (vision_interface) StdoutLine: {'line': b'-- Up-to-date symlink: /home/booster/Workspace/Booster_T1_3v3_Demo/install/vision_interface/local/lib/python3.10/dist-packages/vision_interface/msg/_detections.py\n'}
[4.091210] (vision_interface) StdoutLine: {'line': b'-- Up-to-date symlink: /home/booster/Workspace/Booster_T1_3v3_Demo/install/vision_interface/local/lib/python3.10/dist-packages/vision_interface/msg/_detections_s.c\n'}
[4.091308] (game_controller_interface) StdoutLine: {'line': b'-- Up-to-date symlink: /home/booster/Workspace/Booster_T1_3v3_Demo/install/game_controller_interface/include/game_controller_interface/game_controller_interface/msg/robot_info.h\n'}
[4.091409] (game_controller_interface) StdoutLine: {'line': b'-- Up-to-date symlink: /home/booster/Workspace/Booster_T1_3v3_Demo/install/game_controller_interface/include/game_controller_interface/game_controller_interface/msg/rosidl_generator_c__visibility_control.h\n'}
[4.091535] (game_controller_interface) StdoutLine: {'line': b'-- Up-to-date symlink: /home/booster/Workspace/Booster_T1_3v3_Demo/install/game_controller_interface/include/game_controller_interface/game_controller_interface/msg/team_info.h\n'}
[4.091635] (vision_interface) StdoutLine: {'line': b'-- Up-to-date symlink: /home/booster/Workspace/Booster_T1_3v3_Demo/install/vision_interface/local/lib/python3.10/dist-packages/vision_interface/msg/_detections_track.py\n'}
[4.091736] (vision_interface) StdoutLine: {'line': b'-- Up-to-date symlink: /home/booster/Workspace/Booster_T1_3v3_Demo/install/vision_interface/local/lib/python3.10/dist-packages/vision_interface/msg/_detections_track_s.c\n'}
[4.091831] (vision_interface) StdoutLine: {'line': b'-- Up-to-date symlink: /home/booster/Workspace/Booster_T1_3v3_Demo/install/vision_interface/local/lib/python3.10/dist-packages/vision_interface/msg/_image_head_position.py\n'}
[4.091926] (game_controller_interface) StdoutLine: {'line': b'-- Up-to-date symlink: /home/booster/Workspace/Booster_T1_3v3_Demo/install/game_controller_interface/share/game_controller_interface/environment/library_path.sh\n'}
[4.092031] (game_controller_interface) StdoutLine: {'line': b'-- Up-to-date symlink: /home/booster/Workspace/Booster_T1_3v3_Demo/install/game_controller_interface/share/game_controller_interface/environment/library_path.dsv\n'}
[4.092130] (vision_interface) StdoutLine: {'line': b'-- Up-to-date symlink: /home/booster/Workspace/Booster_T1_3v3_Demo/install/vision_interface/local/lib/python3.10/dist-packages/vision_interface/msg/_image_head_position_s.c\n'}
[4.092226] (vision_interface) StdoutLine: {'line': b'-- Up-to-date symlink: /home/booster/Workspace/Booster_T1_3v3_Demo/install/vision_interface/local/lib/python3.10/dist-packages/vision_interface/msg/_line_segments.py\n'}
[4.092325] (vision_interface) StdoutLine: {'line': b'-- Up-to-date symlink: /home/booster/Workspace/Booster_T1_3v3_Demo/install/vision_interface/local/lib/python3.10/dist-packages/vision_interface/msg/_line_segments_s.c\n'}
[4.092443] (vision_interface) StdoutLine: {'line': b'-- Up-to-date symlink: /home/booster/Workspace/Booster_T1_3v3_Demo/install/vision_interface/local/lib/python3.10/dist-packages/vision_interface/msg/_segmentation_line.py\n'}
[4.092550] (vision_interface) StdoutLine: {'line': b'-- Up-to-date symlink: /home/booster/Workspace/Booster_T1_3v3_Demo/install/vision_interface/local/lib/python3.10/dist-packages/vision_interface/msg/_segmentation_line_s.c\n'}
[4.092645] (vision_interface) StdoutLine: {'line': b'-- Up-to-date symlink: /home/booster/Workspace/Booster_T1_3v3_Demo/install/vision_interface/local/lib/python3.10/dist-packages/vision_interface/msg/_segmentation_point.py\n'}
[4.106100] (game_controller_interface) StdoutLine: {'line': b'-- Up-to-date symlink: /home/booster/Workspace/Booster_T1_3v3_Demo/install/game_controller_interface/include/game_controller_interface/game_controller_interface/msg/detail/game_control_data__rosidl_typesupport_fastrtps_c.h\n'}
[4.106496] (game_controller_interface) StdoutLine: {'line': b'-- Up-to-date symlink: /home/booster/Workspace/Booster_T1_3v3_Demo/install/game_controller_interface/include/game_controller_interface/game_controller_interface/msg/detail/robot_info__rosidl_typesupport_fastrtps_c.h\n'}
[4.106658] (game_controller_interface) StdoutLine: {'line': b'-- Up-to-date symlink: /home/booster/Workspace/Booster_T1_3v3_Demo/install/game_controller_interface/include/game_controller_interface/game_controller_interface/msg/detail/team_info__rosidl_typesupport_fastrtps_c.h\n'}
[4.106802] (game_controller_interface) StdoutLine: {'line': b'-- Up-to-date symlink: /home/booster/Workspace/Booster_T1_3v3_Demo/install/game_controller_interface/include/game_controller_interface/game_controller_interface/msg/rosidl_typesupport_fastrtps_c__visibility_control.h\n'}
[4.106961] (vision_interface) StdoutLine: {'line': b'-- Up-to-date symlink: /home/booster/Workspace/Booster_T1_3v3_Demo/install/vision_interface/local/lib/python3.10/dist-packages/vision_interface/msg/_segmentation_point_s.c\n'}
[4.107116] (vision_interface) StdoutLine: {'line': b'-- Up-to-date symlink: /home/booster/Workspace/Booster_T1_3v3_Demo/install/vision_interface/local/lib/python3.10/dist-packages/vision_interface/msg/_segmentation_result.py\n'}
[4.107229] (vision_interface) StdoutLine: {'line': b'-- Up-to-date symlink: /home/booster/Workspace/Booster_T1_3v3_Demo/install/vision_interface/local/lib/python3.10/dist-packages/vision_interface/msg/_segmentation_result_s.c\n'}
[4.107336] (game_controller_interface) StdoutLine: {'line': b'-- Up-to-date symlink: /home/booster/Workspace/Booster_T1_3v3_Demo/install/game_controller_interface/include/game_controller_interface/game_controller_interface/msg/detail/game_control_data__builder.hpp\n'}
[4.107442] (game_controller_interface) StdoutLine: {'line': b'-- Up-to-date symlink: /home/booster/Workspace/Booster_T1_3v3_Demo/install/game_controller_interface/include/game_controller_interface/game_controller_interface/msg/detail/game_control_data__struct.hpp\n'}
[4.107545] (vision_interface) StdoutLine: {'line': b'-- Up-to-date symlink: /home/booster/Workspace/Booster_T1_3v3_Demo/install/vision_interface/local/lib/python3.10/dist-packages/vision_interface/vision_interface_s__rosidl_typesupport_c.cpython-310-aarch64-linux-gnu.so\n'}
[4.107647] (vision_interface) StdoutLine: {'line': b'-- Up-to-date symlink: /home/booster/Workspace/Booster_T1_3v3_Demo/install/vision_interface/local/lib/python3.10/dist-packages/vision_interface/vision_interface_s__rosidl_typesupport_fastrtps_c.cpython-310-aarch64-linux-gnu.so\n'}
[4.107745] (vision_interface) StdoutLine: {'line': b'-- Up-to-date symlink: /home/booster/Workspace/Booster_T1_3v3_Demo/install/vision_interface/local/lib/python3.10/dist-packages/vision_interface/vision_interface_s__rosidl_typesupport_introspection_c.cpython-310-aarch64-linux-gnu.so\n'}
[4.107846] (vision_interface) StdoutLine: {'line': b'-- Up-to-date symlink: /home/booster/Workspace/Booster_T1_3v3_Demo/install/vision_interface/local/lib/python3.10/dist-packages/vision_interface/vision_interface_s__rosidl_typesupport_fastrtps_c.cpython-310-aarch64-linux-gnu.so\n'}
[4.107977] (game_controller_interface) StdoutLine: {'line': b'-- Up-to-date symlink: /home/booster/Workspace/Booster_T1_3v3_Demo/install/game_controller_interface/include/game_controller_interface/game_controller_interface/msg/detail/game_control_data__traits.hpp\n'}
[4.108076] (game_controller_interface) StdoutLine: {'line': b'-- Up-to-date symlink: /home/booster/Workspace/Booster_T1_3v3_Demo/install/game_controller_interface/include/game_controller_interface/game_controller_interface/msg/detail/game_control_data__type_support.hpp\n'}
[4.108174] (game_controller_interface) StdoutLine: {'line': b'-- Up-to-date symlink: /home/booster/Workspace/Booster_T1_3v3_Demo/install/game_controller_interface/include/game_controller_interface/game_controller_interface/msg/detail/robot_info__builder.hpp\n'}
[4.108274] (game_controller_interface) StdoutLine: {'line': b'-- Up-to-date symlink: /home/booster/Workspace/Booster_T1_3v3_Demo/install/game_controller_interface/include/game_controller_interface/game_controller_interface/msg/detail/robot_info__struct.hpp\n'}
[4.108382] (game_controller_interface) StdoutLine: {'line': b'-- Up-to-date symlink: /home/booster/Workspace/Booster_T1_3v3_Demo/install/game_controller_interface/include/game_controller_interface/game_controller_interface/msg/detail/robot_info__traits.hpp\n'}
[4.108491] (vision_interface) StdoutLine: {'line': b'-- Up-to-date symlink: /home/booster/Workspace/Booster_T1_3v3_Demo/install/vision_interface/local/lib/python3.10/dist-packages/vision_interface/vision_interface_s__rosidl_typesupport_introspection_c.cpython-310-aarch64-linux-gnu.so\n'}
[4.108602] (vision_interface) StdoutLine: {'line': b'-- Up-to-date symlink: /home/booster/Workspace/Booster_T1_3v3_Demo/install/vision_interface/local/lib/python3.10/dist-packages/vision_interface/vision_interface_s__rosidl_typesupport_c.cpython-310-aarch64-linux-gnu.so\n'}
[4.108712] (game_controller_interface) StdoutLine: {'line': b'-- Up-to-date symlink: /home/booster/Workspace/Booster_T1_3v3_Demo/install/game_controller_interface/include/game_controller_interface/game_controller_interface/msg/detail/robot_info__type_support.hpp\n'}
[4.112479] (game_controller_interface) StdoutLine: {'line': b'-- Up-to-date symlink: /home/booster/Workspace/Booster_T1_3v3_Demo/install/game_controller_interface/include/game_controller_interface/game_controller_interface/msg/detail/team_info__builder.hpp\n'}
[4.112880] (vision_interface) StdoutLine: {'line': b'-- Up-to-date symlink: /home/booster/Workspace/Booster_T1_3v3_Demo/install/vision_interface/share/vision_interface/msg/DetectedObject.idl\n'}
[4.113094] (vision_interface) StdoutLine: {'line': b'-- Up-to-date symlink: /home/booster/Workspace/Booster_T1_3v3_Demo/install/vision_interface/share/vision_interface/msg/Detections.idl\n'}
[4.113220] (vision_interface) StdoutLine: {'line': b'-- Up-to-date symlink: /home/booster/Workspace/Booster_T1_3v3_Demo/install/vision_interface/share/vision_interface/msg/LineSegments.idl\n'}
[4.113336] (vision_interface) StdoutLine: {'line': b'-- Up-to-date symlink: /home/booster/Workspace/Booster_T1_3v3_Demo/install/vision_interface/share/vision_interface/msg/CalParam.idl\n'}
[4.113445] (vision_interface) StdoutLine: {'line': b'-- Up-to-date symlink: /home/booster/Workspace/Booster_T1_3v3_Demo/install/vision_interface/share/vision_interface/msg/DetectionsTrack.idl\n'}
[4.113550] (vision_interface) StdoutLine: {'line': b'-- Up-to-date symlink: /home/booster/Workspace/Booster_T1_3v3_Demo/install/vision_interface/share/vision_interface/msg/SegmentationPoint.idl\n'}
[4.113651] (vision_interface) StdoutLine: {'line': b'-- Up-to-date symlink: /home/booster/Workspace/Booster_T1_3v3_Demo/install/vision_interface/share/vision_interface/msg/SegmentationLine.idl\n'}
[4.117033] (vision_interface) StdoutLine: {'line': b'-- Up-to-date symlink: /home/booster/Workspace/Booster_T1_3v3_Demo/install/vision_interface/share/vision_interface/msg/SegmentationResult.idl\n'}
[4.117435] (vision_interface) StdoutLine: {'line': b'-- Up-to-date symlink: /home/booster/Workspace/Booster_T1_3v3_Demo/install/vision_interface/share/vision_interface/msg/ImageHeadPosition.idl\n'}
[4.117594] (vision_interface) StdoutLine: {'line': b'-- Up-to-date symlink: /home/booster/Workspace/Booster_T1_3v3_Demo/install/vision_interface/share/vision_interface/msg/Ball.idl\n'}
[4.117709] (vision_interface) StdoutLine: {'line': b'-- Up-to-date symlink: /home/booster/Workspace/Booster_T1_3v3_Demo/install/vision_interface/share/vision_interface/msg/DetectedObject.msg\n'}
[4.118641] (game_controller_interface) StdoutLine: {'line': b'-- Up-to-date symlink: /home/booster/Workspace/Booster_T1_3v3_Demo/install/game_controller_interface/include/game_controller_interface/game_controller_interface/msg/detail/team_info__struct.hpp\n'}
[4.118792] (game_controller_interface) StdoutLine: {'line': b'-- Up-to-date symlink: /home/booster/Workspace/Booster_T1_3v3_Demo/install/game_controller_interface/include/game_controller_interface/game_controller_interface/msg/detail/team_info__traits.hpp\n'}
[4.118910] (game_controller_interface) StdoutLine: {'line': b'-- Up-to-date symlink: /home/booster/Workspace/Booster_T1_3v3_Demo/install/game_controller_interface/include/game_controller_interface/game_controller_interface/msg/detail/team_info__type_support.hpp\n'}
[4.119016] (game_controller_interface) StdoutLine: {'line': b'-- Up-to-date symlink: /home/booster/Workspace/Booster_T1_3v3_Demo/install/game_controller_interface/include/game_controller_interface/game_controller_interface/msg/game_control_data.hpp\n'}
[4.119130] (game_controller_interface) StdoutLine: {'line': b'-- Up-to-date symlink: /home/booster/Workspace/Booster_T1_3v3_Demo/install/game_controller_interface/include/game_controller_interface/game_controller_interface/msg/robot_info.hpp\n'}
[4.119286] (game_controller_interface) StdoutLine: {'line': b'-- Up-to-date symlink: /home/booster/Workspace/Booster_T1_3v3_Demo/install/game_controller_interface/include/game_controller_interface/game_controller_interface/msg/rosidl_generator_cpp__visibility_control.hpp\n'}
[4.119393] (game_controller_interface) StdoutLine: {'line': b'-- Up-to-date symlink: /home/booster/Workspace/Booster_T1_3v3_Demo/install/game_controller_interface/include/game_controller_interface/game_controller_interface/msg/team_info.hpp\n'}
[4.119496] (game_controller_interface) StdoutLine: {'line': b'-- Up-to-date symlink: /home/booster/Workspace/Booster_T1_3v3_Demo/install/game_controller_interface/include/game_controller_interface/game_controller_interface/msg/detail/game_control_data__rosidl_typesupport_fastrtps_cpp.hpp\n'}
[4.119594] (game_controller_interface) StdoutLine: {'line': b'-- Up-to-date symlink: /home/booster/Workspace/Booster_T1_3v3_Demo/install/game_controller_interface/include/game_controller_interface/game_controller_interface/msg/detail/robot_info__rosidl_typesupport_fastrtps_cpp.hpp\n'}
[4.119693] (game_controller_interface) StdoutLine: {'line': b'-- Up-to-date symlink: /home/booster/Workspace/Booster_T1_3v3_Demo/install/game_controller_interface/include/game_controller_interface/game_controller_interface/msg/detail/team_info__rosidl_typesupport_fastrtps_cpp.hpp\n'}
[4.119794] (game_controller_interface) StdoutLine: {'line': b'-- Up-to-date symlink: /home/booster/Workspace/Booster_T1_3v3_Demo/install/game_controller_interface/include/game_controller_interface/game_controller_interface/msg/rosidl_typesupport_fastrtps_cpp__visibility_control.h\n'}
[4.119891] (vision_interface) StdoutLine: {'line': b'-- Up-to-date symlink: /home/booster/Workspace/Booster_T1_3v3_Demo/install/vision_interface/share/vision_interface/msg/Detections.msg\n'}
[4.120027] (vision_interface) StdoutLine: {'line': b'-- Up-to-date symlink: /home/booster/Workspace/Booster_T1_3v3_Demo/install/vision_interface/share/vision_interface/msg/LineSegments.msg\n'}
[4.120128] (vision_interface) StdoutLine: {'line': b'-- Up-to-date symlink: /home/booster/Workspace/Booster_T1_3v3_Demo/install/vision_interface/share/vision_interface/msg/CalParam.msg\n'}
[4.120228] (vision_interface) StdoutLine: {'line': b'-- Up-to-date symlink: /home/booster/Workspace/Booster_T1_3v3_Demo/install/vision_interface/share/vision_interface/msg/DetectionsTrack.msg\n'}
[4.120341] (vision_interface) StdoutLine: {'line': b'-- Up-to-date symlink: /home/booster/Workspace/Booster_T1_3v3_Demo/install/vision_interface/share/vision_interface/msg/SegmentationPoint.msg\n'}
[4.120446] (game_controller_interface) StdoutLine: {'line': b'-- Up-to-date symlink: /home/booster/Workspace/Booster_T1_3v3_Demo/install/game_controller_interface/include/game_controller_interface/game_controller_interface/msg/detail/game_control_data__rosidl_typesupport_introspection_c.h\n'}
[4.120548] (game_controller_interface) StdoutLine: {'line': b'-- Up-to-date symlink: /home/booster/Workspace/Booster_T1_3v3_Demo/install/game_controller_interface/include/game_controller_interface/game_controller_interface/msg/detail/robot_info__rosidl_typesupport_introspection_c.h\n'}
[4.120644] (game_controller_interface) StdoutLine: {'line': b'-- Up-to-date symlink: /home/booster/Workspace/Booster_T1_3v3_Demo/install/game_controller_interface/include/game_controller_interface/game_controller_interface/msg/detail/team_info__rosidl_typesupport_introspection_c.h\n'}
[4.120748] (game_controller_interface) StdoutLine: {'line': b'-- Up-to-date symlink: /home/booster/Workspace/Booster_T1_3v3_Demo/install/game_controller_interface/include/game_controller_interface/game_controller_interface/msg/rosidl_typesupport_introspection_c__visibility_control.h\n'}
[4.120858] (booster_msgs) StdoutLine: {'line': b'-- Up-to-date symlink: /home/booster/Workspace/Booster_T1_3v3_Demo/install/booster_msgs/share/ament_index/resource_index/packages/booster_msgs\n'}
[4.120980] (booster_msgs) StdoutLine: {'line': b'-- Up-to-date symlink: /home/booster/Workspace/Booster_T1_3v3_Demo/install/booster_msgs/share/booster_msgs/cmake/rosidl_cmake-extras.cmake\n'}
[4.121080] (booster_msgs) StdoutLine: {'line': b'-- Up-to-date symlink: /home/booster/Workspace/Booster_T1_3v3_Demo/install/booster_msgs/share/booster_msgs/cmake/ament_cmake_export_include_directories-extras.cmake\n'}
[4.121178] (booster_msgs) StdoutLine: {'line': b'-- Up-to-date symlink: /home/booster/Workspace/Booster_T1_3v3_Demo/install/booster_msgs/share/booster_msgs/cmake/ament_cmake_export_libraries-extras.cmake\n'}
[4.121279] (booster_msgs) StdoutLine: {'line': b'-- Up-to-date symlink: /home/booster/Workspace/Booster_T1_3v3_Demo/install/booster_msgs/share/booster_msgs/cmake/ament_cmake_export_targets-extras.cmake\n'}
[4.121376] (booster_msgs) StdoutLine: {'line': b'-- Up-to-date symlink: /home/booster/Workspace/Booster_T1_3v3_Demo/install/booster_msgs/share/booster_msgs/cmake/rosidl_cmake_export_typesupport_targets-extras.cmake\n'}
[4.121470] (booster_msgs) StdoutLine: {'line': b'-- Up-to-date symlink: /home/booster/Workspace/Booster_T1_3v3_Demo/install/booster_msgs/share/booster_msgs/cmake/ament_cmake_export_dependencies-extras.cmake\n'}
[4.121593] (booster_msgs) StdoutLine: {'line': b'-- Up-to-date symlink: /home/booster/Workspace/Booster_T1_3v3_Demo/install/booster_msgs/share/booster_msgs/cmake/rosidl_cmake_export_typesupport_libraries-extras.cmake\n'}
[4.121693] (booster_msgs) StdoutLine: {'line': b'-- Up-to-date symlink: /home/booster/Workspace/Booster_T1_3v3_Demo/install/booster_msgs/share/booster_msgs/cmake/booster_msgsConfig.cmake\n'}
[4.139324] (booster_msgs) StdoutLine: {'line': b'-- Up-to-date symlink: /home/booster/Workspace/Booster_T1_3v3_Demo/install/booster_msgs/share/booster_msgs/cmake/booster_msgsConfig-version.cmake\n'}
[4.139538] (game_controller_interface) StdoutLine: {'line': b'-- Up-to-date symlink: /home/booster/Workspace/Booster_T1_3v3_Demo/install/game_controller_interface/include/game_controller_interface/game_controller_interface/msg/detail/game_control_data__rosidl_typesupport_introspection_cpp.hpp\n'}
[4.139679] (game_controller_interface) StdoutLine: {'line': b'-- Up-to-date symlink: /home/booster/Workspace/Booster_T1_3v3_Demo/install/game_controller_interface/include/game_controller_interface/game_controller_interface/msg/detail/robot_info__rosidl_typesupport_introspection_cpp.hpp\n'}
[4.139827] (game_controller_interface) StdoutLine: {'line': b'-- Up-to-date symlink: /home/booster/Workspace/Booster_T1_3v3_Demo/install/game_controller_interface/include/game_controller_interface/game_controller_interface/msg/detail/team_info__rosidl_typesupport_introspection_cpp.hpp\n'}
[4.146231] (game_controller_interface) StdoutLine: {'line': b'-- Up-to-date symlink: /home/booster/Workspace/Booster_T1_3v3_Demo/install/game_controller_interface/share/game_controller_interface/environment/pythonpath.sh\n'}
[4.147821] (game_controller_interface) StdoutLine: {'line': b'-- Up-to-date symlink: /home/booster/Workspace/Booster_T1_3v3_Demo/install/game_controller_interface/share/game_controller_interface/environment/pythonpath.dsv\n'}
[4.148847] (game_controller_interface) StdoutLine: {'line': b'-- Up-to-date symlink: /home/booster/Workspace/Booster_T1_3v3_Demo/install/game_controller_interface/local/lib/python3.10/dist-packages/game_controller_interface-1.0.0-py3.10.egg-info/PKG-INFO\n'}
[4.152410] (game_controller_interface) StdoutLine: {'line': b'-- Up-to-date symlink: /home/booster/Workspace/Booster_T1_3v3_Demo/install/game_controller_interface/local/lib/python3.10/dist-packages/game_controller_interface-1.0.0-py3.10.egg-info/SOURCES.txt\n'}
[4.152655] (-) TimerEvent: {}
[4.152894] (game_controller_interface) StdoutLine: {'line': b'-- Up-to-date symlink: /home/booster/Workspace/Booster_T1_3v3_Demo/install/game_controller_interface/local/lib/python3.10/dist-packages/game_controller_interface-1.0.0-py3.10.egg-info/dependency_links.txt\n'}
[4.153080] (game_controller_interface) StdoutLine: {'line': b'-- Up-to-date symlink: /home/booster/Workspace/Booster_T1_3v3_Demo/install/game_controller_interface/local/lib/python3.10/dist-packages/game_controller_interface-1.0.0-py3.10.egg-info/top_level.txt\n'}
[4.153222] (game_controller_interface) StdoutLine: {'line': b'-- Up-to-date symlink: /home/booster/Workspace/Booster_T1_3v3_Demo/install/game_controller_interface/local/lib/python3.10/dist-packages/game_controller_interface/__init__.py\n'}
[4.153396] (game_controller_interface) StdoutLine: {'line': b'-- Up-to-date symlink: /home/booster/Workspace/Booster_T1_3v3_Demo/install/game_controller_interface/local/lib/python3.10/dist-packages/game_controller_interface/_game_controller_interface_s.ep.rosidl_typesupport_c.c\n'}
[4.153523] (vision_interface) StdoutLine: {'line': b'-- Up-to-date symlink: /home/booster/Workspace/Booster_T1_3v3_Demo/install/vision_interface/share/vision_interface/msg/SegmentationLine.msg\n'}
[4.153691] (vision_interface) StdoutLine: {'line': b'-- Up-to-date symlink: /home/booster/Workspace/Booster_T1_3v3_Demo/install/vision_interface/share/vision_interface/msg/SegmentationResult.msg\n'}
[4.155271] (vision_interface) StdoutLine: {'line': b'-- Up-to-date symlink: /home/booster/Workspace/Booster_T1_3v3_Demo/install/vision_interface/share/vision_interface/msg/ImageHeadPosition.msg\n'}
[4.155469] (vision_interface) StdoutLine: {'line': b'-- Up-to-date symlink: /home/booster/Workspace/Booster_T1_3v3_Demo/install/vision_interface/share/vision_interface/msg/Ball.msg\n'}
[4.155591] (vision_interface) StdoutLine: {'line': b'-- Up-to-date symlink: /home/booster/Workspace/Booster_T1_3v3_Demo/install/vision_interface/share/ament_index/resource_index/package_run_dependencies/vision_interface\n'}
[4.155702] (vision_interface) StdoutLine: {'line': b'-- Up-to-date symlink: /home/booster/Workspace/Booster_T1_3v3_Demo/install/vision_interface/share/ament_index/resource_index/parent_prefix_path/vision_interface\n'}
[4.155811] (vision_interface) StdoutLine: {'line': b'-- Up-to-date symlink: /home/booster/Workspace/Booster_T1_3v3_Demo/install/vision_interface/share/vision_interface/environment/ament_prefix_path.sh\n'}
[4.155914] (vision_interface) StdoutLine: {'line': b'-- Up-to-date symlink: /home/booster/Workspace/Booster_T1_3v3_Demo/install/vision_interface/share/vision_interface/environment/ament_prefix_path.dsv\n'}
[4.156011] (vision_interface) StdoutLine: {'line': b'-- Up-to-date symlink: /home/booster/Workspace/Booster_T1_3v3_Demo/install/vision_interface/share/vision_interface/environment/path.sh\n'}
[4.156137] (vision_interface) StdoutLine: {'line': b'-- Up-to-date symlink: /home/booster/Workspace/Booster_T1_3v3_Demo/install/vision_interface/share/vision_interface/environment/path.dsv\n'}
[4.156235] (vision_interface) StdoutLine: {'line': b'-- Up-to-date symlink: /home/booster/Workspace/Booster_T1_3v3_Demo/install/vision_interface/share/vision_interface/local_setup.bash\n'}
[4.156331] (vision_interface) StdoutLine: {'line': b'-- Up-to-date symlink: /home/booster/Workspace/Booster_T1_3v3_Demo/install/vision_interface/share/vision_interface/local_setup.sh\n'}
[4.156426] (vision_interface) StdoutLine: {'line': b'-- Up-to-date symlink: /home/booster/Workspace/Booster_T1_3v3_Demo/install/vision_interface/share/vision_interface/local_setup.zsh\n'}
[4.157732] (vision_interface) StdoutLine: {'line': b'-- Up-to-date symlink: /home/booster/Workspace/Booster_T1_3v3_Demo/install/vision_interface/share/vision_interface/local_setup.dsv\n'}
[4.157957] (vision_interface) StdoutLine: {'line': b'-- Symlinking: /home/booster/Workspace/Booster_T1_3v3_Demo/install/vision_interface/share/vision_interface/package.dsv\n'}
[4.158076] (booster_msgs) StdoutLine: {'line': b'-- Up-to-date symlink: /home/booster/Workspace/Booster_T1_3v3_Demo/install/booster_msgs/share/booster_msgs/package.xml\n'}
[4.158662] (booster_msgs) StdoutLine: {'line': b'-- Up-to-date: /home/booster/Workspace/Booster_T1_3v3_Demo/install/booster_msgs/lib/libbooster_msgs__rosidl_generator_c.so\n'}
[4.158791] (booster_msgs) StdoutLine: {'line': b'-- Up-to-date: /home/booster/Workspace/Booster_T1_3v3_Demo/install/booster_msgs/lib/libbooster_msgs__rosidl_typesupport_fastrtps_c.so\n'}
[4.158901] (booster_msgs) StdoutLine: {'line': b'-- Up-to-date: /home/booster/Workspace/Booster_T1_3v3_Demo/install/booster_msgs/lib/libbooster_msgs__rosidl_typesupport_introspection_c.so\n'}
[4.160234] (booster_msgs) StdoutLine: {'line': b'-- Up-to-date: /home/booster/Workspace/Booster_T1_3v3_Demo/install/booster_msgs/lib/libbooster_msgs__rosidl_typesupport_c.so\n'}
[4.160448] (booster_msgs) StdoutLine: {'line': b'-- Up-to-date: /home/booster/Workspace/Booster_T1_3v3_Demo/install/booster_msgs/lib/libbooster_msgs__rosidl_typesupport_fastrtps_cpp.so\n'}
[4.160562] (booster_msgs) StdoutLine: {'line': b'-- Up-to-date: /home/booster/Workspace/Booster_T1_3v3_Demo/install/booster_msgs/lib/libbooster_msgs__rosidl_typesupport_introspection_cpp.so\n'}
[4.160667] (booster_msgs) StdoutLine: {'line': b'-- Up-to-date: /home/booster/Workspace/Booster_T1_3v3_Demo/install/booster_msgs/lib/libbooster_msgs__rosidl_typesupport_cpp.so\n'}
[4.160768] (game_controller_interface) StdoutLine: {'line': b'-- Up-to-date symlink: /home/booster/Workspace/Booster_T1_3v3_Demo/install/game_controller_interface/local/lib/python3.10/dist-packages/game_controller_interface/_game_controller_interface_s.ep.rosidl_typesupport_fastrtps_c.c\n'}
[4.161407] (game_controller_interface) StdoutLine: {'line': b'-- Up-to-date symlink: /home/booster/Workspace/Booster_T1_3v3_Demo/install/game_controller_interface/local/lib/python3.10/dist-packages/game_controller_interface/_game_controller_interface_s.ep.rosidl_typesupport_introspection_c.c\n'}
[4.162569] (game_controller_interface) StdoutLine: {'line': b'-- Up-to-date symlink: /home/booster/Workspace/Booster_T1_3v3_Demo/install/game_controller_interface/local/lib/python3.10/dist-packages/game_controller_interface/game_controller_interface_s__rosidl_typesupport_c.cpython-310-aarch64-linux-gnu.so\n'}
[4.162752] (game_controller_interface) StdoutLine: {'line': b'-- Up-to-date symlink: /home/booster/Workspace/Booster_T1_3v3_Demo/install/game_controller_interface/local/lib/python3.10/dist-packages/game_controller_interface/game_controller_interface_s__rosidl_typesupport_fastrtps_c.cpython-310-aarch64-linux-gnu.so\n'}
[4.162895] (game_controller_interface) StdoutLine: {'line': b'-- Up-to-date symlink: /home/booster/Workspace/Booster_T1_3v3_Demo/install/game_controller_interface/local/lib/python3.10/dist-packages/game_controller_interface/game_controller_interface_s__rosidl_typesupport_introspection_c.cpython-310-aarch64-linux-gnu.so\n'}
[4.163058] (game_controller_interface) StdoutLine: {'line': b'-- Up-to-date symlink: /home/booster/Workspace/Booster_T1_3v3_Demo/install/game_controller_interface/local/lib/python3.10/dist-packages/game_controller_interface/libgame_controller_interface__rosidl_generator_py.so\n'}
[4.164555] (game_controller_interface) StdoutLine: {'line': b'-- Up-to-date symlink: /home/booster/Workspace/Booster_T1_3v3_Demo/install/game_controller_interface/local/lib/python3.10/dist-packages/game_controller_interface/msg/__init__.py\n'}
[4.164801] (game_controller_interface) StdoutLine: {'line': b'-- Up-to-date symlink: /home/booster/Workspace/Booster_T1_3v3_Demo/install/game_controller_interface/local/lib/python3.10/dist-packages/game_controller_interface/msg/_game_control_data.py\n'}
[4.164941] (game_controller_interface) StdoutLine: {'line': b'-- Up-to-date symlink: /home/booster/Workspace/Booster_T1_3v3_Demo/install/game_controller_interface/local/lib/python3.10/dist-packages/game_controller_interface/msg/_game_control_data_s.c\n'}
[4.165848] (game_controller_interface) StdoutLine: {'line': b'-- Up-to-date symlink: /home/booster/Workspace/Booster_T1_3v3_Demo/install/game_controller_interface/local/lib/python3.10/dist-packages/game_controller_interface/msg/_robot_info.py\n'}
[4.166028] (game_controller_interface) StdoutLine: {'line': b'-- Up-to-date symlink: /home/booster/Workspace/Booster_T1_3v3_Demo/install/game_controller_interface/local/lib/python3.10/dist-packages/game_controller_interface/msg/_robot_info_s.c\n'}
[4.166212] (game_controller_interface) StdoutLine: {'line': b'-- Up-to-date symlink: /home/booster/Workspace/Booster_T1_3v3_Demo/install/game_controller_interface/local/lib/python3.10/dist-packages/game_controller_interface/msg/_team_info.py\n'}
[4.166346] (game_controller_interface) StdoutLine: {'line': b'-- Up-to-date symlink: /home/booster/Workspace/Booster_T1_3v3_Demo/install/game_controller_interface/local/lib/python3.10/dist-packages/game_controller_interface/msg/_team_info_s.c\n'}
[4.166464] (game_controller_interface) StdoutLine: {'line': b'-- Up-to-date symlink: /home/booster/Workspace/Booster_T1_3v3_Demo/install/game_controller_interface/local/lib/python3.10/dist-packages/game_controller_interface/game_controller_interface_s__rosidl_typesupport_fastrtps_c.cpython-310-aarch64-linux-gnu.so\n'}
[4.166916] (game_controller_interface) StdoutLine: {'line': b'-- Up-to-date symlink: /home/booster/Workspace/Booster_T1_3v3_Demo/install/game_controller_interface/local/lib/python3.10/dist-packages/game_controller_interface/game_controller_interface_s__rosidl_typesupport_introspection_c.cpython-310-aarch64-linux-gnu.so\n'}
[4.167137] (game_controller_interface) StdoutLine: {'line': b'-- Up-to-date symlink: /home/booster/Workspace/Booster_T1_3v3_Demo/install/game_controller_interface/local/lib/python3.10/dist-packages/game_controller_interface/game_controller_interface_s__rosidl_typesupport_c.cpython-310-aarch64-linux-gnu.so\n'}
[4.168106] (game_controller_interface) StdoutLine: {'line': b'-- Up-to-date symlink: /home/booster/Workspace/Booster_T1_3v3_Demo/install/game_controller_interface/share/game_controller_interface/msg/GameControlData.idl\n'}
[4.168257] (game_controller_interface) StdoutLine: {'line': b'-- Up-to-date symlink: /home/booster/Workspace/Booster_T1_3v3_Demo/install/game_controller_interface/share/game_controller_interface/msg/RobotInfo.idl\n'}
[4.168369] (game_controller_interface) StdoutLine: {'line': b'-- Up-to-date symlink: /home/booster/Workspace/Booster_T1_3v3_Demo/install/game_controller_interface/share/game_controller_interface/msg/TeamInfo.idl\n'}
[4.168508] (game_controller_interface) StdoutLine: {'line': b'-- Up-to-date symlink: /home/booster/Workspace/Booster_T1_3v3_Demo/install/game_controller_interface/share/game_controller_interface/msg/GameControlData.msg\n'}
[4.168674] (game_controller_interface) StdoutLine: {'line': b'-- Up-to-date symlink: /home/booster/Workspace/Booster_T1_3v3_Demo/install/game_controller_interface/share/game_controller_interface/msg/RobotInfo.msg\n'}
[4.168805] (game_controller_interface) StdoutLine: {'line': b'-- Up-to-date symlink: /home/booster/Workspace/Booster_T1_3v3_Demo/install/game_controller_interface/share/game_controller_interface/msg/TeamInfo.msg\n'}
[4.168908] (game_controller_interface) StdoutLine: {'line': b'-- Up-to-date symlink: /home/booster/Workspace/Booster_T1_3v3_Demo/install/game_controller_interface/share/ament_index/resource_index/package_run_dependencies/game_controller_interface\n'}
[4.169025] (game_controller_interface) StdoutLine: {'line': b'-- Up-to-date symlink: /home/booster/Workspace/Booster_T1_3v3_Demo/install/game_controller_interface/share/ament_index/resource_index/parent_prefix_path/game_controller_interface\n'}
[4.170360] (game_controller_interface) StdoutLine: {'line': b'-- Up-to-date symlink: /home/booster/Workspace/Booster_T1_3v3_Demo/install/game_controller_interface/share/game_controller_interface/environment/ament_prefix_path.sh\n'}
[4.170856] (game_controller_interface) StdoutLine: {'line': b'-- Up-to-date symlink: /home/booster/Workspace/Booster_T1_3v3_Demo/install/game_controller_interface/share/game_controller_interface/environment/ament_prefix_path.dsv\n'}
[4.171010] (game_controller_interface) StdoutLine: {'line': b'-- Up-to-date symlink: /home/booster/Workspace/Booster_T1_3v3_Demo/install/game_controller_interface/share/game_controller_interface/environment/path.sh\n'}
[4.171977] (game_controller_interface) StdoutLine: {'line': b'-- Up-to-date symlink: /home/booster/Workspace/Booster_T1_3v3_Demo/install/game_controller_interface/share/game_controller_interface/environment/path.dsv\n'}
[4.172413] (game_controller_interface) StdoutLine: {'line': b'-- Up-to-date symlink: /home/booster/Workspace/Booster_T1_3v3_Demo/install/game_controller_interface/share/game_controller_interface/local_setup.bash\n'}
[4.172789] (game_controller_interface) StdoutLine: {'line': b'-- Up-to-date symlink: /home/booster/Workspace/Booster_T1_3v3_Demo/install/game_controller_interface/share/game_controller_interface/local_setup.sh\n'}
[4.172926] (game_controller_interface) StdoutLine: {'line': b'-- Up-to-date symlink: /home/booster/Workspace/Booster_T1_3v3_Demo/install/game_controller_interface/share/game_controller_interface/local_setup.zsh\n'}
[4.174014] (game_controller_interface) StdoutLine: {'line': b'-- Up-to-date symlink: /home/booster/Workspace/Booster_T1_3v3_Demo/install/game_controller_interface/share/game_controller_interface/local_setup.dsv\n'}
[4.174392] (game_controller_interface) StdoutLine: {'line': b'-- Symlinking: /home/booster/Workspace/Booster_T1_3v3_Demo/install/game_controller_interface/share/game_controller_interface/package.dsv\n'}
[4.174597] (vision_interface) StdoutLine: {'line': b'-- Up-to-date symlink: /home/booster/Workspace/Booster_T1_3v3_Demo/install/vision_interface/share/ament_index/resource_index/packages/vision_interface\n'}
[4.175799] (booster_interface) StdoutLine: {'line': b'[100%] Built target booster_interface__rosidl_typesupport_introspection_c__pyext\n'}
[4.176214] (vision_interface) StdoutLine: {'line': b'-- Up-to-date symlink: /home/booster/Workspace/Booster_T1_3v3_Demo/install/vision_interface/share/vision_interface/cmake/rosidl_cmake-extras.cmake\n'}
[4.176749] (vision_interface) StdoutLine: {'line': b'-- Up-to-date symlink: /home/booster/Workspace/Booster_T1_3v3_Demo/install/vision_interface/share/vision_interface/cmake/ament_cmake_export_dependencies-extras.cmake\n'}
[4.177723] (vision_interface) StdoutLine: {'line': b'-- Up-to-date symlink: /home/booster/Workspace/Booster_T1_3v3_Demo/install/vision_interface/share/vision_interface/cmake/ament_cmake_export_include_directories-extras.cmake\n'}
[4.178135] (vision_interface) StdoutLine: {'line': b'-- Up-to-date symlink: /home/booster/Workspace/Booster_T1_3v3_Demo/install/vision_interface/share/vision_interface/cmake/ament_cmake_export_libraries-extras.cmake\n'}
[4.178697] (vision_interface) StdoutLine: {'line': b'-- Up-to-date symlink: /home/booster/Workspace/Booster_T1_3v3_Demo/install/vision_interface/share/vision_interface/cmake/ament_cmake_export_targets-extras.cmake\n'}
[4.180959] (vision_interface) StdoutLine: {'line': b'-- Up-to-date symlink: /home/booster/Workspace/Booster_T1_3v3_Demo/install/vision_interface/share/vision_interface/cmake/rosidl_cmake_export_typesupport_targets-extras.cmake\n'}
[4.182217] (vision_interface) StdoutLine: {'line': b'-- Up-to-date symlink: /home/booster/Workspace/Booster_T1_3v3_Demo/install/vision_interface/share/vision_interface/cmake/rosidl_cmake_export_typesupport_libraries-extras.cmake\n'}
[4.182647] (vision_interface) StdoutLine: {'line': b'-- Up-to-date symlink: /home/booster/Workspace/Booster_T1_3v3_Demo/install/vision_interface/share/vision_interface/cmake/vision_interfaceConfig.cmake\n'}
[4.183696] (vision_interface) StdoutLine: {'line': b'-- Up-to-date symlink: /home/booster/Workspace/Booster_T1_3v3_Demo/install/vision_interface/share/vision_interface/cmake/vision_interfaceConfig-version.cmake\n'}
[4.184295] (vision_interface) StdoutLine: {'line': b'-- Up-to-date symlink: /home/booster/Workspace/Booster_T1_3v3_Demo/install/vision_interface/share/vision_interface/package.xml\n'}
[4.184506] (vision_interface) StdoutLine: {'line': b'-- Up-to-date: /home/booster/Workspace/Booster_T1_3v3_Demo/install/vision_interface/lib/libvision_interface__rosidl_generator_c.so\n'}
[4.184639] (vision_interface) StdoutLine: {'line': b'-- Up-to-date: /home/booster/Workspace/Booster_T1_3v3_Demo/install/vision_interface/lib/libvision_interface__rosidl_typesupport_fastrtps_c.so\n'}
[4.184842] (vision_interface) StdoutLine: {'line': b'-- Up-to-date: /home/booster/Workspace/Booster_T1_3v3_Demo/install/vision_interface/lib/libvision_interface__rosidl_typesupport_fastrtps_cpp.so\n'}
[4.184993] (vision_interface) StdoutLine: {'line': b'-- Up-to-date: /home/booster/Workspace/Booster_T1_3v3_Demo/install/vision_interface/lib/libvision_interface__rosidl_typesupport_introspection_c.so\n'}
[4.185547] (vision_interface) StdoutLine: {'line': b'-- Up-to-date: /home/booster/Workspace/Booster_T1_3v3_Demo/install/vision_interface/lib/libvision_interface__rosidl_typesupport_c.so\n'}
[4.185687] (vision_interface) StdoutLine: {'line': b'-- Up-to-date: /home/booster/Workspace/Booster_T1_3v3_Demo/install/vision_interface/lib/libvision_interface__rosidl_typesupport_introspection_cpp.so\n'}
[4.231409] (vision_interface) StdoutLine: {'line': b'-- Up-to-date: /home/booster/Workspace/Booster_T1_3v3_Demo/install/vision_interface/lib/libvision_interface__rosidl_typesupport_cpp.so\n'}
[4.231645] (game_controller_interface) StdoutLine: {'line': b'-- Up-to-date symlink: /home/booster/Workspace/Booster_T1_3v3_Demo/install/game_controller_interface/share/ament_index/resource_index/packages/game_controller_interface\n'}
[4.231818] (game_controller_interface) StdoutLine: {'line': b'-- Up-to-date symlink: /home/booster/Workspace/Booster_T1_3v3_Demo/install/game_controller_interface/share/game_controller_interface/cmake/rosidl_cmake-extras.cmake\n'}
[4.231940] (game_controller_interface) StdoutLine: {'line': b'-- Up-to-date symlink: /home/booster/Workspace/Booster_T1_3v3_Demo/install/game_controller_interface/share/game_controller_interface/cmake/ament_cmake_export_include_directories-extras.cmake\n'}
[4.232588] (game_controller_interface) StdoutLine: {'line': b'-- Up-to-date symlink: /home/booster/Workspace/Booster_T1_3v3_Demo/install/game_controller_interface/share/game_controller_interface/cmake/ament_cmake_export_libraries-extras.cmake\n'}
[4.232893] (game_controller_interface) StdoutLine: {'line': b'-- Up-to-date symlink: /home/booster/Workspace/Booster_T1_3v3_Demo/install/game_controller_interface/share/game_controller_interface/cmake/ament_cmake_export_targets-extras.cmake\n'}
[4.233062] (game_controller_interface) StdoutLine: {'line': b'-- Up-to-date symlink: /home/booster/Workspace/Booster_T1_3v3_Demo/install/game_controller_interface/share/game_controller_interface/cmake/rosidl_cmake_export_typesupport_targets-extras.cmake\n'}
[4.233227] (game_controller_interface) StdoutLine: {'line': b'-- Up-to-date symlink: /home/booster/Workspace/Booster_T1_3v3_Demo/install/game_controller_interface/share/game_controller_interface/cmake/ament_cmake_export_dependencies-extras.cmake\n'}
[4.233338] (game_controller_interface) StdoutLine: {'line': b'-- Up-to-date symlink: /home/booster/Workspace/Booster_T1_3v3_Demo/install/game_controller_interface/share/game_controller_interface/cmake/rosidl_cmake_export_typesupport_libraries-extras.cmake\n'}
[4.233446] (game_controller_interface) StdoutLine: {'line': b'-- Up-to-date symlink: /home/booster/Workspace/Booster_T1_3v3_Demo/install/game_controller_interface/share/game_controller_interface/cmake/game_controller_interfaceConfig.cmake\n'}
[4.233551] (game_controller_interface) StdoutLine: {'line': b'-- Up-to-date symlink: /home/booster/Workspace/Booster_T1_3v3_Demo/install/game_controller_interface/share/game_controller_interface/cmake/game_controller_interfaceConfig-version.cmake\n'}
[4.233687] (sound_play) Command: {'cmd': ['/usr/bin/python3', '-W', 'ignore:setup.py install is deprecated', '-W', 'ignore:easy_install command is deprecated', 'setup.py', 'develop', '--editable', '--build-directory', '/home/booster/Workspace/Booster_T1_3v3_Demo/build/sound_play/build', '--no-deps', 'symlink_data'], 'cwd': '/home/booster/Workspace/Booster_T1_3v3_Demo/build/sound_play', 'env': {'SUDO_GID': '1000', 'LESSOPEN': '| /usr/bin/lesspipe %s', 'PYTHONWARNINGS': 'ignore::DeprecationWarning,ignore::UserWarning,ignore::FutureWarning', 'MAIL': '/var/mail/root', 'USER': 'root', 'SHLVL': '2', 'LD_LIBRARY_PATH': '/opt/ros/humble/opt/rviz_ogre_vendor/lib:/opt/ros/humble/lib/aarch64-linux-gnu:/opt/ros/humble/lib', 'HOME': '/root', 'OLDPWD': '/home/booster/Workspace/Booster_T1_3v3_Demo/scripts', 'ROS_PYTHON_VERSION': '3', 'COLORTERM': 'truecolor', 'SUDO_UID': '1000', 'ROS_DISTRO': 'humble', 'LOGNAME': 'root', '_': '/usr/bin/colcon', 'ROS_VERSION': '2', 'TERM': 'xterm-256color', 'ROS_LOCALHOST_ONLY': '0', 'PATH': '/opt/ros/humble/bin:/usr/local/sbin:/usr/local/bin:/usr/sbin:/usr/bin:/sbin:/bin:/usr/games:/usr/local/games:/snap/bin', 'FASTRTPS_DEFAULT_PROFILES_FILE': '/opt/booster/BoosterRos2/fastdds_profile.xml', 'LANG': 'en_US.UTF-8', 'LS_COLORS': 'rs=0:di=01;34:ln=01;36:mh=00:pi=40;33:so=01;35:do=01;35:bd=40;33;01:cd=40;33;01:or=40;31;01:mi=00:su=37;41:sg=30;43:ca=30;41:tw=30;42:ow=34;42:st=37;44:ex=01;32:*.tar=01;31:*.tgz=01;31:*.arc=01;31:*.arj=01;31:*.taz=01;31:*.lha=01;31:*.lz4=01;31:*.lzh=01;31:*.lzma=01;31:*.tlz=01;31:*.txz=01;31:*.tzo=01;31:*.t7z=01;31:*.zip=01;31:*.z=01;31:*.dz=01;31:*.gz=01;31:*.lrz=01;31:*.lz=01;31:*.lzo=01;31:*.xz=01;31:*.zst=01;31:*.tzst=01;31:*.bz2=01;31:*.bz=01;31:*.tbz=01;31:*.tbz2=01;31:*.tz=01;31:*.deb=01;31:*.rpm=01;31:*.jar=01;31:*.war=01;31:*.ear=01;31:*.sar=01;31:*.rar=01;31:*.alz=01;31:*.ace=01;31:*.zoo=01;31:*.cpio=01;31:*.7z=01;31:*.rz=01;31:*.cab=01;31:*.wim=01;31:*.swm=01;31:*.dwm=01;31:*.esd=01;31:*.jpg=01;35:*.jpeg=01;35:*.mjpg=01;35:*.mjpeg=01;35:*.gif=01;35:*.bmp=01;35:*.pbm=01;35:*.pgm=01;35:*.ppm=01;35:*.tga=01;35:*.xbm=01;35:*.xpm=01;35:*.tif=01;35:*.tiff=01;35:*.png=01;35:*.svg=01;35:*.svgz=01;35:*.mng=01;35:*.pcx=01;35:*.mov=01;35:*.mpg=01;35:*.mpeg=01;35:*.m2v=01;35:*.mkv=01;35:*.webm=01;35:*.webp=01;35:*.ogm=01;35:*.mp4=01;35:*.m4v=01;35:*.mp4v=01;35:*.vob=01;35:*.qt=01;35:*.nuv=01;35:*.wmv=01;35:*.asf=01;35:*.rm=01;35:*.rmvb=01;35:*.flc=01;35:*.avi=01;35:*.fli=01;35:*.flv=01;35:*.gl=01;35:*.dl=01;35:*.xcf=01;35:*.xwd=01;35:*.yuv=01;35:*.cgm=01;35:*.emf=01;35:*.ogv=01;35:*.ogx=01;35:*.aac=00;36:*.au=00;36:*.flac=00;36:*.m4a=00;36:*.mid=00;36:*.midi=00;36:*.mka=00;36:*.mp3=00;36:*.mpc=00;36:*.ogg=00;36:*.ra=00;36:*.wav=00;36:*.oga=00;36:*.opus=00;36:*.spx=00;36:*.xspf=00;36:', 'SUDO_COMMAND': '/usr/bin/su', 'AMENT_PREFIX_PATH': '/opt/ros/humble', 'SHELL': '/bin/bash', 'SUDO_USER': 'booster', 'LESSCLOSE': '/usr/bin/lesspipe %s %s', 'PWD': '/home/booster/Workspace/Booster_T1_3v3_Demo/build/sound_play', 'PYTHONPATH': '/home/booster/Workspace/Booster_T1_3v3_Demo/build/sound_play/prefix_override:/usr/lib/python3/dist-packages/colcon_core/task/python/colcon_distutils_commands:/home/booster/Workspace/Booster_T1_3v3_Demo/install/sound_play/lib/python3.10/site-packages:/opt/ros/humble/lib/python3.10/site-packages:/opt/ros/humble/local/lib/python3.10/dist-packages', 'COLCON': '1'}, 'shell': False}
[4.235281] (game_controller_interface) StdoutLine: {'line': b'-- Up-to-date symlink: /home/booster/Workspace/Booster_T1_3v3_Demo/install/game_controller_interface/share/game_controller_interface/package.xml\n'}
[4.235454] (game_controller_interface) StdoutLine: {'line': b'-- Up-to-date: /home/booster/Workspace/Booster_T1_3v3_Demo/install/game_controller_interface/lib/libgame_controller_interface__rosidl_generator_c.so\n'}
[4.235574] (game_controller_interface) StdoutLine: {'line': b'-- Up-to-date: /home/booster/Workspace/Booster_T1_3v3_Demo/install/game_controller_interface/lib/libgame_controller_interface__rosidl_typesupport_fastrtps_c.so\n'}
[4.235685] (game_controller_interface) StdoutLine: {'line': b'-- Up-to-date: /home/booster/Workspace/Booster_T1_3v3_Demo/install/game_controller_interface/lib/libgame_controller_interface__rosidl_typesupport_fastrtps_cpp.so\n'}
[4.235794] (game_controller_interface) StdoutLine: {'line': b'-- Up-to-date: /home/booster/Workspace/Booster_T1_3v3_Demo/install/game_controller_interface/lib/libgame_controller_interface__rosidl_typesupport_introspection_c.so\n'}
[4.235896] (game_controller_interface) StdoutLine: {'line': b'-- Up-to-date: /home/booster/Workspace/Booster_T1_3v3_Demo/install/game_controller_interface/lib/libgame_controller_interface__rosidl_typesupport_c.so\n'}
[4.235999] (game_controller_interface) StdoutLine: {'line': b'-- Up-to-date: /home/booster/Workspace/Booster_T1_3v3_Demo/install/game_controller_interface/lib/libgame_controller_interface__rosidl_typesupport_introspection_cpp.so\n'}
[4.236100] (game_controller_interface) StdoutLine: {'line': b'-- Up-to-date: /home/booster/Workspace/Booster_T1_3v3_Demo/install/game_controller_interface/lib/libgame_controller_interface__rosidl_typesupport_cpp.so\n'}
[4.236202] (booster_interface) CommandEnded: {'returncode': 0}
[4.239983] (booster_interface) JobProgress: {'identifier': 'booster_interface', 'progress': 'install'}
[4.240094] (booster_interface) Command: {'cmd': ['/usr/bin/cmake', '--install', '/home/booster/Workspace/Booster_T1_3v3_Demo/build/booster_interface'], 'cwd': '/home/booster/Workspace/Booster_T1_3v3_Demo/build/booster_interface', 'env': OrderedDict([('SUDO_GID', '1000'), ('LESSOPEN', '| /usr/bin/lesspipe %s'), ('PYTHONWARNINGS', 'ignore::DeprecationWarning,ignore::UserWarning,ignore::FutureWarning'), ('MAIL', '/var/mail/root'), ('USER', 'root'), ('SHLVL', '2'), ('LD_LIBRARY_PATH', '/opt/ros/humble/opt/rviz_ogre_vendor/lib:/opt/ros/humble/lib/aarch64-linux-gnu:/opt/ros/humble/lib'), ('HOME', '/root'), ('OLDPWD', '/home/booster/Workspace/Booster_T1_3v3_Demo/scripts'), ('ROS_PYTHON_VERSION', '3'), ('COLORTERM', 'truecolor'), ('SUDO_UID', '1000'), ('ROS_DISTRO', 'humble'), ('LOGNAME', 'root'), ('_', '/usr/bin/colcon'), ('ROS_VERSION', '2'), ('TERM', 'xterm-256color'), ('ROS_LOCALHOST_ONLY', '0'), ('PATH', '/opt/ros/humble/bin:/usr/local/sbin:/usr/local/bin:/usr/sbin:/usr/bin:/sbin:/bin:/usr/games:/usr/local/games:/snap/bin'), ('FASTRTPS_DEFAULT_PROFILES_FILE', '/opt/booster/BoosterRos2/fastdds_profile.xml'), ('LANG', 'en_US.UTF-8'), ('LS_COLORS', 'rs=0:di=01;34:ln=01;36:mh=00:pi=40;33:so=01;35:do=01;35:bd=40;33;01:cd=40;33;01:or=40;31;01:mi=00:su=37;41:sg=30;43:ca=30;41:tw=30;42:ow=34;42:st=37;44:ex=01;32:*.tar=01;31:*.tgz=01;31:*.arc=01;31:*.arj=01;31:*.taz=01;31:*.lha=01;31:*.lz4=01;31:*.lzh=01;31:*.lzma=01;31:*.tlz=01;31:*.txz=01;31:*.tzo=01;31:*.t7z=01;31:*.zip=01;31:*.z=01;31:*.dz=01;31:*.gz=01;31:*.lrz=01;31:*.lz=01;31:*.lzo=01;31:*.xz=01;31:*.zst=01;31:*.tzst=01;31:*.bz2=01;31:*.bz=01;31:*.tbz=01;31:*.tbz2=01;31:*.tz=01;31:*.deb=01;31:*.rpm=01;31:*.jar=01;31:*.war=01;31:*.ear=01;31:*.sar=01;31:*.rar=01;31:*.alz=01;31:*.ace=01;31:*.zoo=01;31:*.cpio=01;31:*.7z=01;31:*.rz=01;31:*.cab=01;31:*.wim=01;31:*.swm=01;31:*.dwm=01;31:*.esd=01;31:*.jpg=01;35:*.jpeg=01;35:*.mjpg=01;35:*.mjpeg=01;35:*.gif=01;35:*.bmp=01;35:*.pbm=01;35:*.pgm=01;35:*.ppm=01;35:*.tga=01;35:*.xbm=01;35:*.xpm=01;35:*.tif=01;35:*.tiff=01;35:*.png=01;35:*.svg=01;35:*.svgz=01;35:*.mng=01;35:*.pcx=01;35:*.mov=01;35:*.mpg=01;35:*.mpeg=01;35:*.m2v=01;35:*.mkv=01;35:*.webm=01;35:*.webp=01;35:*.ogm=01;35:*.mp4=01;35:*.m4v=01;35:*.mp4v=01;35:*.vob=01;35:*.qt=01;35:*.nuv=01;35:*.wmv=01;35:*.asf=01;35:*.rm=01;35:*.rmvb=01;35:*.flc=01;35:*.avi=01;35:*.fli=01;35:*.flv=01;35:*.gl=01;35:*.dl=01;35:*.xcf=01;35:*.xwd=01;35:*.yuv=01;35:*.cgm=01;35:*.emf=01;35:*.ogv=01;35:*.ogx=01;35:*.aac=00;36:*.au=00;36:*.flac=00;36:*.m4a=00;36:*.mid=00;36:*.midi=00;36:*.mka=00;36:*.mp3=00;36:*.mpc=00;36:*.ogg=00;36:*.ra=00;36:*.wav=00;36:*.oga=00;36:*.opus=00;36:*.spx=00;36:*.xspf=00;36:'), ('SUDO_COMMAND', '/usr/bin/su'), ('AMENT_PREFIX_PATH', '/opt/ros/humble'), ('SHELL', '/bin/bash'), ('SUDO_USER', 'booster'), ('LESSCLOSE', '/usr/bin/lesspipe %s %s'), ('PWD', '/home/booster/Workspace/Booster_T1_3v3_Demo/build/booster_interface'), ('PYTHONPATH', '/opt/ros/humble/lib/python3.10/site-packages:/opt/ros/humble/local/lib/python3.10/dist-packages'), ('COLCON', '1'), ('CMAKE_PREFIX_PATH', '/opt/ros/humble')]), 'shell': False}
[4.247038] (vision_interface) StdoutLine: {'line': b"Listing '/home/booster/Workspace/Booster_T1_3v3_Demo/install/vision_interface/local/lib/python3.10/dist-packages/vision_interface'...\n"}
[4.247414] (vision_interface) StdoutLine: {'line': b"Listing '/home/booster/Workspace/Booster_T1_3v3_Demo/install/vision_interface/local/lib/python3.10/dist-packages/vision_interface/msg'...\n"}
[4.252808] (-) TimerEvent: {}
[4.266535] (game_controller_interface) StdoutLine: {'line': b"Listing '/home/booster/Workspace/Booster_T1_3v3_Demo/install/game_controller_interface/local/lib/python3.10/dist-packages/game_controller_interface'...\n"}
[4.266927] (game_controller_interface) StdoutLine: {'line': b"Listing '/home/booster/Workspace/Booster_T1_3v3_Demo/install/game_controller_interface/local/lib/python3.10/dist-packages/game_controller_interface/msg'...\n"}
[4.288547] (vision_interface) StdoutLine: {'line': b'-- Up-to-date: /home/booster/Workspace/Booster_T1_3v3_Demo/install/vision_interface/lib/libvision_interface__rosidl_generator_py.so\n'}
[4.289231] (vision_interface) StdoutLine: {'line': b'-- Up-to-date: /home/booster/Workspace/Booster_T1_3v3_Demo/install/vision_interface/share/vision_interface/cmake/export_vision_interface__rosidl_generator_cExport.cmake\n'}
[4.289450] (vision_interface) StdoutLine: {'line': b'-- Up-to-date: /home/booster/Workspace/Booster_T1_3v3_Demo/install/vision_interface/share/vision_interface/cmake/export_vision_interface__rosidl_generator_cExport-noconfig.cmake\n'}
[4.289583] (vision_interface) StdoutLine: {'line': b'-- Up-to-date: /home/booster/Workspace/Booster_T1_3v3_Demo/install/vision_interface/share/vision_interface/cmake/export_vision_interface__rosidl_typesupport_fastrtps_cExport.cmake\n'}
[4.289725] (vision_interface) StdoutLine: {'line': b'-- Up-to-date: /home/booster/Workspace/Booster_T1_3v3_Demo/install/vision_interface/share/vision_interface/cmake/export_vision_interface__rosidl_typesupport_fastrtps_cExport-noconfig.cmake\n'}
[4.289902] (vision_interface) StdoutLine: {'line': b'-- Up-to-date: /home/booster/Workspace/Booster_T1_3v3_Demo/install/vision_interface/share/vision_interface/cmake/export_vision_interface__rosidl_generator_cppExport.cmake\n'}
[4.290055] (vision_interface) StdoutLine: {'line': b'-- Up-to-date: /home/booster/Workspace/Booster_T1_3v3_Demo/install/vision_interface/share/vision_interface/cmake/export_vision_interface__rosidl_typesupport_fastrtps_cppExport.cmake\n'}
[4.290160] (vision_interface) StdoutLine: {'line': b'-- Up-to-date: /home/booster/Workspace/Booster_T1_3v3_Demo/install/vision_interface/share/vision_interface/cmake/export_vision_interface__rosidl_typesupport_fastrtps_cppExport-noconfig.cmake\n'}
[4.290262] (vision_interface) StdoutLine: {'line': b'-- Up-to-date: /home/booster/Workspace/Booster_T1_3v3_Demo/install/vision_interface/share/vision_interface/cmake/vision_interface__rosidl_typesupport_introspection_cExport.cmake\n'}
[4.290377] (vision_interface) StdoutLine: {'line': b'-- Up-to-date: /home/booster/Workspace/Booster_T1_3v3_Demo/install/vision_interface/share/vision_interface/cmake/vision_interface__rosidl_typesupport_introspection_cExport-noconfig.cmake\n'}
[4.290599] (vision_interface) StdoutLine: {'line': b'-- Up-to-date: /home/booster/Workspace/Booster_T1_3v3_Demo/install/vision_interface/share/vision_interface/cmake/vision_interface__rosidl_typesupport_cExport.cmake\n'}
[4.290713] (vision_interface) StdoutLine: {'line': b'-- Up-to-date: /home/booster/Workspace/Booster_T1_3v3_Demo/install/vision_interface/share/vision_interface/cmake/vision_interface__rosidl_typesupport_cExport-noconfig.cmake\n'}
[4.291091] (vision_interface) StdoutLine: {'line': b'-- Up-to-date: /home/booster/Workspace/Booster_T1_3v3_Demo/install/vision_interface/share/vision_interface/cmake/vision_interface__rosidl_typesupport_introspection_cppExport.cmake\n'}
[4.291304] (vision_interface) StdoutLine: {'line': b'-- Up-to-date: /home/booster/Workspace/Booster_T1_3v3_Demo/install/vision_interface/share/vision_interface/cmake/vision_interface__rosidl_typesupport_introspection_cppExport-noconfig.cmake\n'}
[4.291455] (vision_interface) StdoutLine: {'line': b'-- Up-to-date: /home/booster/Workspace/Booster_T1_3v3_Demo/install/vision_interface/share/vision_interface/cmake/vision_interface__rosidl_typesupport_cppExport.cmake\n'}
[4.291566] (vision_interface) StdoutLine: {'line': b'-- Up-to-date: /home/booster/Workspace/Booster_T1_3v3_Demo/install/vision_interface/share/vision_interface/cmake/vision_interface__rosidl_typesupport_cppExport-noconfig.cmake\n'}
[4.291672] (vision_interface) StdoutLine: {'line': b'-- Up-to-date: /home/booster/Workspace/Booster_T1_3v3_Demo/install/vision_interface/share/vision_interface/cmake/export_vision_interface__rosidl_generator_pyExport.cmake\n'}
[4.291771] (vision_interface) StdoutLine: {'line': b'-- Up-to-date: /home/booster/Workspace/Booster_T1_3v3_Demo/install/vision_interface/share/vision_interface/cmake/export_vision_interface__rosidl_generator_pyExport-noconfig.cmake\n'}
[4.292813] (booster_interface) StdoutLine: {'line': b'-- Install configuration: ""\n'}
[4.297406] (vision_interface) CommandEnded: {'returncode': 0}
[4.307046] (game_controller_interface) StdoutLine: {'line': b'-- Up-to-date: /home/booster/Workspace/Booster_T1_3v3_Demo/install/game_controller_interface/lib/libgame_controller_interface__rosidl_generator_py.so\n'}
[4.307424] (game_controller_interface) StdoutLine: {'line': b'-- Up-to-date: /home/booster/Workspace/Booster_T1_3v3_Demo/install/game_controller_interface/share/game_controller_interface/cmake/export_game_controller_interface__rosidl_generator_cExport.cmake\n'}
[4.307575] (game_controller_interface) StdoutLine: {'line': b'-- Up-to-date: /home/booster/Workspace/Booster_T1_3v3_Demo/install/game_controller_interface/share/game_controller_interface/cmake/export_game_controller_interface__rosidl_generator_cExport-noconfig.cmake\n'}
[4.307790] (game_controller_interface) StdoutLine: {'line': b'-- Up-to-date: /home/booster/Workspace/Booster_T1_3v3_Demo/install/game_controller_interface/share/game_controller_interface/cmake/export_game_controller_interface__rosidl_typesupport_fastrtps_cExport.cmake\n'}
[4.307924] (game_controller_interface) StdoutLine: {'line': b'-- Up-to-date: /home/booster/Workspace/Booster_T1_3v3_Demo/install/game_controller_interface/share/game_controller_interface/cmake/export_game_controller_interface__rosidl_typesupport_fastrtps_cExport-noconfig.cmake\n'}
[4.308036] (game_controller_interface) StdoutLine: {'line': b'-- Up-to-date: /home/booster/Workspace/Booster_T1_3v3_Demo/install/game_controller_interface/share/game_controller_interface/cmake/export_game_controller_interface__rosidl_generator_cppExport.cmake\n'}
[4.308199] (game_controller_interface) StdoutLine: {'line': b'-- Up-to-date: /home/booster/Workspace/Booster_T1_3v3_Demo/install/game_controller_interface/share/game_controller_interface/cmake/export_game_controller_interface__rosidl_typesupport_fastrtps_cppExport.cmake\n'}
[4.308342] (game_controller_interface) StdoutLine: {'line': b'-- Up-to-date: /home/booster/Workspace/Booster_T1_3v3_Demo/install/game_controller_interface/share/game_controller_interface/cmake/export_game_controller_interface__rosidl_typesupport_fastrtps_cppExport-noconfig.cmake\n'}
[4.308450] (game_controller_interface) StdoutLine: {'line': b'-- Up-to-date: /home/booster/Workspace/Booster_T1_3v3_Demo/install/game_controller_interface/share/game_controller_interface/cmake/game_controller_interface__rosidl_typesupport_introspection_cExport.cmake\n'}
[4.308857] (game_controller_interface) StdoutLine: {'line': b'-- Up-to-date: /home/booster/Workspace/Booster_T1_3v3_Demo/install/game_controller_interface/share/game_controller_interface/cmake/game_controller_interface__rosidl_typesupport_introspection_cExport-noconfig.cmake\n'}
[4.308997] (game_controller_interface) StdoutLine: {'line': b'-- Up-to-date: /home/booster/Workspace/Booster_T1_3v3_Demo/install/game_controller_interface/share/game_controller_interface/cmake/game_controller_interface__rosidl_typesupport_cExport.cmake\n'}
[4.309106] (game_controller_interface) StdoutLine: {'line': b'-- Up-to-date: /home/booster/Workspace/Booster_T1_3v3_Demo/install/game_controller_interface/share/game_controller_interface/cmake/game_controller_interface__rosidl_typesupport_cExport-noconfig.cmake\n'}
[4.309213] (game_controller_interface) StdoutLine: {'line': b'-- Up-to-date: /home/booster/Workspace/Booster_T1_3v3_Demo/install/game_controller_interface/share/game_controller_interface/cmake/game_controller_interface__rosidl_typesupport_introspection_cppExport.cmake\n'}
[4.309354] (game_controller_interface) StdoutLine: {'line': b'-- Up-to-date: /home/booster/Workspace/Booster_T1_3v3_Demo/install/game_controller_interface/share/game_controller_interface/cmake/game_controller_interface__rosidl_typesupport_introspection_cppExport-noconfig.cmake\n'}
[4.309459] (game_controller_interface) StdoutLine: {'line': b'-- Up-to-date: /home/booster/Workspace/Booster_T1_3v3_Demo/install/game_controller_interface/share/game_controller_interface/cmake/game_controller_interface__rosidl_typesupport_cppExport.cmake\n'}
[4.309563] (game_controller_interface) StdoutLine: {'line': b'-- Up-to-date: /home/booster/Workspace/Booster_T1_3v3_Demo/install/game_controller_interface/share/game_controller_interface/cmake/game_controller_interface__rosidl_typesupport_cppExport-noconfig.cmake\n'}
[4.309779] (game_controller_interface) StdoutLine: {'line': b'-- Up-to-date: /home/booster/Workspace/Booster_T1_3v3_Demo/install/game_controller_interface/share/game_controller_interface/cmake/export_game_controller_interface__rosidl_generator_pyExport.cmake\n'}
[4.309924] (game_controller_interface) StdoutLine: {'line': b'-- Up-to-date: /home/booster/Workspace/Booster_T1_3v3_Demo/install/game_controller_interface/share/game_controller_interface/cmake/export_game_controller_interface__rosidl_generator_pyExport-noconfig.cmake\n'}
[4.310465] (booster_interface) StdoutLine: {'line': b'-- Execute custom install script\n'}
[4.313423] (booster_interface) StdoutLine: {'line': b'-- Up-to-date symlink: /home/booster/Workspace/Booster_T1_3v3_Demo/install/booster_interface/share/ament_index/resource_index/rosidl_interfaces/booster_interface\n'}
[4.321899] (booster_interface) StdoutLine: {'line': b'-- Up-to-date symlink: /home/booster/Workspace/Booster_T1_3v3_Demo/install/booster_interface/include/booster_interface/booster_interface/msg/booster_api_req_msg.h\n'}
[4.322198] (booster_interface) StdoutLine: {'line': b'-- Up-to-date symlink: /home/booster/Workspace/Booster_T1_3v3_Demo/install/booster_interface/include/booster_interface/booster_interface/msg/booster_api_resp_msg.h\n'}
[4.323843] (booster_interface) StdoutLine: {'line': b'-- Up-to-date symlink: /home/booster/Workspace/Booster_T1_3v3_Demo/install/booster_interface/include/booster_interface/booster_interface/msg/button_event_msg.h\n'}
[4.324227] (booster_interface) StdoutLine: {'line': b'-- Up-to-date symlink: /home/booster/Workspace/Booster_T1_3v3_Demo/install/booster_interface/include/booster_interface/booster_interface/msg/detail/booster_api_req_msg__functions.h\n'}
[4.324435] (booster_interface) StdoutLine: {'line': b'-- Up-to-date symlink: /home/booster/Workspace/Booster_T1_3v3_Demo/install/booster_interface/include/booster_interface/booster_interface/msg/detail/booster_api_req_msg__struct.h\n'}
[4.325860] (booster_interface) StdoutLine: {'line': b'-- Up-to-date symlink: /home/booster/Workspace/Booster_T1_3v3_Demo/install/booster_interface/include/booster_interface/booster_interface/msg/detail/booster_api_req_msg__type_support.h\n'}
[4.327033] (booster_interface) StdoutLine: {'line': b'-- Up-to-date symlink: /home/booster/Workspace/Booster_T1_3v3_Demo/install/booster_interface/include/booster_interface/booster_interface/msg/detail/booster_api_resp_msg__functions.h\n'}
[4.327918] (booster_interface) StdoutLine: {'line': b'-- Up-to-date symlink: /home/booster/Workspace/Booster_T1_3v3_Demo/install/booster_interface/include/booster_interface/booster_interface/msg/detail/booster_api_resp_msg__struct.h\n'}
[4.328716] (booster_interface) StdoutLine: {'line': b'-- Up-to-date symlink: /home/booster/Workspace/Booster_T1_3v3_Demo/install/booster_interface/include/booster_interface/booster_interface/msg/detail/booster_api_resp_msg__type_support.h\n'}
[4.332372] (booster_interface) StdoutLine: {'line': b'-- Up-to-date symlink: /home/booster/Workspace/Booster_T1_3v3_Demo/install/booster_interface/include/booster_interface/booster_interface/msg/detail/button_event_msg__functions.h\n'}
[4.335393] (booster_interface) StdoutLine: {'line': b'-- Up-to-date symlink: /home/booster/Workspace/Booster_T1_3v3_Demo/install/booster_interface/include/booster_interface/booster_interface/msg/detail/button_event_msg__struct.h\n'}
[4.338998] (booster_interface) StdoutLine: {'line': b'-- Up-to-date symlink: /home/booster/Workspace/Booster_T1_3v3_Demo/install/booster_interface/include/booster_interface/booster_interface/msg/detail/button_event_msg__type_support.h\n'}
[4.344825] (booster_interface) StdoutLine: {'line': b'-- Up-to-date symlink: /home/booster/Workspace/Booster_T1_3v3_Demo/install/booster_interface/include/booster_interface/booster_interface/msg/detail/fall_down_state__functions.h\n'}
[4.345423] (booster_interface) StdoutLine: {'line': b'-- Up-to-date symlink: /home/booster/Workspace/Booster_T1_3v3_Demo/install/booster_interface/include/booster_interface/booster_interface/msg/detail/fall_down_state__struct.h\n'}
[4.345640] (booster_interface) StdoutLine: {'line': b'-- Up-to-date symlink: /home/booster/Workspace/Booster_T1_3v3_Demo/install/booster_interface/include/booster_interface/booster_interface/msg/detail/fall_down_state__type_support.h\n'}
[4.345826] (booster_interface) StdoutLine: {'line': b'-- Up-to-date symlink: /home/booster/Workspace/Booster_T1_3v3_Demo/install/booster_interface/include/booster_interface/booster_interface/msg/detail/hand_command__functions.h\n'}
[4.345950] (booster_interface) StdoutLine: {'line': b'-- Up-to-date symlink: /home/booster/Workspace/Booster_T1_3v3_Demo/install/booster_interface/include/booster_interface/booster_interface/msg/detail/hand_command__struct.h\n'}
[4.347161] (booster_interface) StdoutLine: {'line': b'-- Up-to-date symlink: /home/booster/Workspace/Booster_T1_3v3_Demo/install/booster_interface/include/booster_interface/booster_interface/msg/detail/hand_command__type_support.h\n'}
[4.353482] (booster_interface) StdoutLine: {'line': b'-- Up-to-date symlink: /home/booster/Workspace/Booster_T1_3v3_Demo/install/booster_interface/include/booster_interface/booster_interface/msg/detail/hand_dds_msg__functions.h\n'}
[4.355293] (-) TimerEvent: {}
[4.356373] (booster_interface) StdoutLine: {'line': b'-- Up-to-date symlink: /home/booster/Workspace/Booster_T1_3v3_Demo/install/booster_interface/include/booster_interface/booster_interface/msg/detail/hand_dds_msg__struct.h\n'}
[4.356697] (booster_interface) StdoutLine: {'line': b'-- Up-to-date symlink: /home/booster/Workspace/Booster_T1_3v3_Demo/install/booster_interface/include/booster_interface/booster_interface/msg/detail/hand_dds_msg__type_support.h\n'}
[4.356947] (booster_interface) StdoutLine: {'line': b'-- Up-to-date symlink: /home/booster/Workspace/Booster_T1_3v3_Demo/install/booster_interface/include/booster_interface/booster_interface/msg/detail/hand_param__functions.h\n'}
[4.357078] (booster_interface) StdoutLine: {'line': b'-- Up-to-date symlink: /home/booster/Workspace/Booster_T1_3v3_Demo/install/booster_interface/include/booster_interface/booster_interface/msg/detail/hand_param__struct.h\n'}
[4.357225] (booster_interface) StdoutLine: {'line': b'-- Up-to-date symlink: /home/booster/Workspace/Booster_T1_3v3_Demo/install/booster_interface/include/booster_interface/booster_interface/msg/detail/hand_param__type_support.h\n'}
[4.357367] (booster_interface) StdoutLine: {'line': b'-- Up-to-date symlink: /home/booster/Workspace/Booster_T1_3v3_Demo/install/booster_interface/include/booster_interface/booster_interface/msg/detail/imu_state__functions.h\n'}
[4.357486] (booster_msgs) StdoutLine: {'line': b"Listing '/home/booster/Workspace/Booster_T1_3v3_Demo/install/booster_msgs/local/lib/python3.10/dist-packages/booster_msgs'...\n"}
[4.357628] (booster_msgs) StdoutLine: {'line': b"Listing '/home/booster/Workspace/Booster_T1_3v3_Demo/install/booster_msgs/local/lib/python3.10/dist-packages/booster_msgs/msg'...\n"}
[4.358940] (booster_interface) StdoutLine: {'line': b'-- Up-to-date symlink: /home/booster/Workspace/Booster_T1_3v3_Demo/install/booster_interface/include/booster_interface/booster_interface/msg/detail/imu_state__struct.h\n'}
[4.361125] (booster_interface) StdoutLine: {'line': b'-- Up-to-date symlink: /home/booster/Workspace/Booster_T1_3v3_Demo/install/booster_interface/include/booster_interface/booster_interface/msg/detail/imu_state__type_support.h\n'}
[4.370124] (booster_interface) StdoutLine: {'line': b'-- Up-to-date symlink: /home/booster/Workspace/Booster_T1_3v3_Demo/install/booster_interface/include/booster_interface/booster_interface/msg/detail/low_cmd__functions.h\n'}
[4.370975] (booster_interface) StdoutLine: {'line': b'-- Up-to-date symlink: /home/booster/Workspace/Booster_T1_3v3_Demo/install/booster_interface/include/booster_interface/booster_interface/msg/detail/low_cmd__struct.h\n'}
[4.371448] (booster_interface) StdoutLine: {'line': b'-- Up-to-date symlink: /home/booster/Workspace/Booster_T1_3v3_Demo/install/booster_interface/include/booster_interface/booster_interface/msg/detail/low_cmd__type_support.h\n'}
[4.373371] (booster_interface) StdoutLine: {'line': b'-- Up-to-date symlink: /home/booster/Workspace/Booster_T1_3v3_Demo/install/booster_interface/include/booster_interface/booster_interface/msg/detail/low_state__functions.h\n'}
[4.374014] (booster_interface) StdoutLine: {'line': b'-- Up-to-date symlink: /home/booster/Workspace/Booster_T1_3v3_Demo/install/booster_interface/include/booster_interface/booster_interface/msg/detail/low_state__struct.h\n'}
[4.374254] (booster_interface) StdoutLine: {'line': b'-- Up-to-date symlink: /home/booster/Workspace/Booster_T1_3v3_Demo/install/booster_interface/include/booster_interface/booster_interface/msg/detail/low_state__type_support.h\n'}
[4.375422] (booster_interface) StdoutLine: {'line': b'-- Up-to-date symlink: /home/booster/Workspace/Booster_T1_3v3_Demo/install/booster_interface/include/booster_interface/booster_interface/msg/detail/motor_cmd__functions.h\n'}
[4.376820] (booster_interface) StdoutLine: {'line': b'-- Up-to-date symlink: /home/booster/Workspace/Booster_T1_3v3_Demo/install/booster_interface/include/booster_interface/booster_interface/msg/detail/motor_cmd__struct.h\n'}
[4.377540] (booster_interface) StdoutLine: {'line': b'-- Up-to-date symlink: /home/booster/Workspace/Booster_T1_3v3_Demo/install/booster_interface/include/booster_interface/booster_interface/msg/detail/motor_cmd__type_support.h\n'}
[4.379360] (booster_interface) StdoutLine: {'line': b'-- Up-to-date symlink: /home/booster/Workspace/Booster_T1_3v3_Demo/install/booster_interface/include/booster_interface/booster_interface/msg/detail/motor_state__functions.h\n'}
[4.380106] (booster_interface) StdoutLine: {'line': b'-- Up-to-date symlink: /home/booster/Workspace/Booster_T1_3v3_Demo/install/booster_interface/include/booster_interface/booster_interface/msg/detail/motor_state__struct.h\n'}
[4.381376] (booster_interface) StdoutLine: {'line': b'-- Up-to-date symlink: /home/booster/Workspace/Booster_T1_3v3_Demo/install/booster_interface/include/booster_interface/booster_interface/msg/detail/motor_state__type_support.h\n'}
[4.381848] (booster_interface) StdoutLine: {'line': b'-- Up-to-date symlink: /home/booster/Workspace/Booster_T1_3v3_Demo/install/booster_interface/include/booster_interface/booster_interface/msg/detail/odometer__functions.h\n'}
[4.383221] (booster_interface) StdoutLine: {'line': b'-- Up-to-date symlink: /home/booster/Workspace/Booster_T1_3v3_Demo/install/booster_interface/include/booster_interface/booster_interface/msg/detail/odometer__struct.h\n'}
[4.383575] (booster_interface) StdoutLine: {'line': b'-- Up-to-date symlink: /home/booster/Workspace/Booster_T1_3v3_Demo/install/booster_interface/include/booster_interface/booster_interface/msg/detail/odometer__type_support.h\n'}
[4.387707] (booster_interface) StdoutLine: {'line': b'-- Up-to-date symlink: /home/booster/Workspace/Booster_T1_3v3_Demo/install/booster_interface/include/booster_interface/booster_interface/msg/detail/raw_bytes_msg__functions.h\n'}
[4.388324] (booster_interface) StdoutLine: {'line': b'-- Up-to-date symlink: /home/booster/Workspace/Booster_T1_3v3_Demo/install/booster_interface/include/booster_interface/booster_interface/msg/detail/raw_bytes_msg__struct.h\n'}
[4.388519] (booster_interface) StdoutLine: {'line': b'-- Up-to-date symlink: /home/booster/Workspace/Booster_T1_3v3_Demo/install/booster_interface/include/booster_interface/booster_interface/msg/detail/raw_bytes_msg__type_support.h\n'}
[4.388638] (booster_interface) StdoutLine: {'line': b'-- Up-to-date symlink: /home/booster/Workspace/Booster_T1_3v3_Demo/install/booster_interface/include/booster_interface/booster_interface/msg/detail/raw_bytes_stamped__functions.h\n'}
[4.388749] (booster_interface) StdoutLine: {'line': b'-- Up-to-date symlink: /home/booster/Workspace/Booster_T1_3v3_Demo/install/booster_interface/include/booster_interface/booster_interface/msg/detail/raw_bytes_stamped__struct.h\n'}
[4.389138] (booster_interface) StdoutLine: {'line': b'-- Up-to-date symlink: /home/booster/Workspace/Booster_T1_3v3_Demo/install/booster_interface/include/booster_interface/booster_interface/msg/detail/raw_bytes_stamped__type_support.h\n'}
[4.390709] (booster_interface) StdoutLine: {'line': b'-- Up-to-date symlink: /home/booster/Workspace/Booster_T1_3v3_Demo/install/booster_interface/include/booster_interface/booster_interface/msg/detail/remote_controller_state__functions.h\n'}
[4.394365] (booster_interface) StdoutLine: {'line': b'-- Up-to-date symlink: /home/booster/Workspace/Booster_T1_3v3_Demo/install/booster_interface/include/booster_interface/booster_interface/msg/detail/remote_controller_state__struct.h\n'}
[4.395099] (booster_interface) StdoutLine: {'line': b'-- Up-to-date symlink: /home/booster/Workspace/Booster_T1_3v3_Demo/install/booster_interface/include/booster_interface/booster_interface/msg/detail/remote_controller_state__type_support.h\n'}
[4.395494] (booster_interface) StdoutLine: {'line': b'-- Up-to-date symlink: /home/booster/Workspace/Booster_T1_3v3_Demo/install/booster_interface/include/booster_interface/booster_interface/msg/fall_down_state.h\n'}
[4.396926] (booster_interface) StdoutLine: {'line': b'-- Up-to-date symlink: /home/booster/Workspace/Booster_T1_3v3_Demo/install/booster_interface/include/booster_interface/booster_interface/msg/hand_command.h\n'}
[4.397286] (booster_interface) StdoutLine: {'line': b'-- Up-to-date symlink: /home/booster/Workspace/Booster_T1_3v3_Demo/install/booster_interface/include/booster_interface/booster_interface/msg/hand_dds_msg.h\n'}
[4.401677] (booster_interface) StdoutLine: {'line': b'-- Up-to-date symlink: /home/booster/Workspace/Booster_T1_3v3_Demo/install/booster_interface/include/booster_interface/booster_interface/msg/hand_param.h\n'}
[4.401996] (booster_interface) StdoutLine: {'line': b'-- Up-to-date symlink: /home/booster/Workspace/Booster_T1_3v3_Demo/install/booster_interface/include/booster_interface/booster_interface/msg/imu_state.h\n'}
[4.402124] (booster_interface) StdoutLine: {'line': b'-- Up-to-date symlink: /home/booster/Workspace/Booster_T1_3v3_Demo/install/booster_interface/include/booster_interface/booster_interface/msg/low_cmd.h\n'}
[4.404461] (booster_interface) StdoutLine: {'line': b'-- Up-to-date symlink: /home/booster/Workspace/Booster_T1_3v3_Demo/install/booster_interface/include/booster_interface/booster_interface/msg/low_state.h\n'}
[4.404730] (booster_interface) StdoutLine: {'line': b'-- Up-to-date symlink: /home/booster/Workspace/Booster_T1_3v3_Demo/install/booster_interface/include/booster_interface/booster_interface/msg/motor_cmd.h\n'}
[4.406493] (booster_interface) StdoutLine: {'line': b'-- Up-to-date symlink: /home/booster/Workspace/Booster_T1_3v3_Demo/install/booster_interface/include/booster_interface/booster_interface/msg/motor_state.h\n'}
[4.408716] (booster_interface) StdoutLine: {'line': b'-- Up-to-date symlink: /home/booster/Workspace/Booster_T1_3v3_Demo/install/booster_interface/include/booster_interface/booster_interface/msg/odometer.h\n'}
[4.410496] (booster_interface) StdoutLine: {'line': b'-- Up-to-date symlink: /home/booster/Workspace/Booster_T1_3v3_Demo/install/booster_interface/include/booster_interface/booster_interface/msg/raw_bytes_msg.h\n'}
[4.411304] (booster_interface) StdoutLine: {'line': b'-- Up-to-date symlink: /home/booster/Workspace/Booster_T1_3v3_Demo/install/booster_interface/include/booster_interface/booster_interface/msg/raw_bytes_stamped.h\n'}
[4.414544] (booster_interface) StdoutLine: {'line': b'-- Up-to-date symlink: /home/booster/Workspace/Booster_T1_3v3_Demo/install/booster_interface/include/booster_interface/booster_interface/msg/remote_controller_state.h\n'}
[4.414813] (booster_interface) StdoutLine: {'line': b'-- Up-to-date symlink: /home/booster/Workspace/Booster_T1_3v3_Demo/install/booster_interface/include/booster_interface/booster_interface/msg/rosidl_generator_c__visibility_control.h\n'}
[4.415118] (booster_interface) StdoutLine: {'line': b'-- Up-to-date symlink: /home/booster/Workspace/Booster_T1_3v3_Demo/install/booster_interface/include/booster_interface/booster_interface/srv/agent_service.h\n'}
[4.415477] (booster_interface) StdoutLine: {'line': b'-- Up-to-date symlink: /home/booster/Workspace/Booster_T1_3v3_Demo/install/booster_interface/include/booster_interface/booster_interface/srv/detail/agent_service__functions.h\n'}
[4.417343] (booster_interface) StdoutLine: {'line': b'-- Up-to-date symlink: /home/booster/Workspace/Booster_T1_3v3_Demo/install/booster_interface/include/booster_interface/booster_interface/srv/detail/agent_service__struct.h\n'}
[4.417651] (booster_interface) StdoutLine: {'line': b'-- Up-to-date symlink: /home/booster/Workspace/Booster_T1_3v3_Demo/install/booster_interface/include/booster_interface/booster_interface/srv/detail/agent_service__type_support.h\n'}
[4.418726] (booster_interface) StdoutLine: {'line': b'-- Up-to-date symlink: /home/booster/Workspace/Booster_T1_3v3_Demo/install/booster_interface/include/booster_interface/booster_interface/srv/detail/rpc_service__functions.h\n'}
[4.422614] (booster_interface) StdoutLine: {'line': b'-- Up-to-date symlink: /home/booster/Workspace/Booster_T1_3v3_Demo/install/booster_interface/include/booster_interface/booster_interface/srv/detail/rpc_service__struct.h\n'}
[4.423022] (booster_interface) StdoutLine: {'line': b'-- Up-to-date symlink: /home/booster/Workspace/Booster_T1_3v3_Demo/install/booster_interface/include/booster_interface/booster_interface/srv/detail/rpc_service__type_support.h\n'}
[4.423383] (booster_interface) StdoutLine: {'line': b'-- Up-to-date symlink: /home/booster/Workspace/Booster_T1_3v3_Demo/install/booster_interface/include/booster_interface/booster_interface/srv/rpc_service.h\n'}
[4.424768] (booster_interface) StdoutLine: {'line': b'-- Up-to-date symlink: /home/booster/Workspace/Booster_T1_3v3_Demo/install/booster_interface/share/booster_interface/environment/library_path.sh\n'}
[4.425455] (booster_interface) StdoutLine: {'line': b'-- Up-to-date symlink: /home/booster/Workspace/Booster_T1_3v3_Demo/install/booster_interface/share/booster_interface/environment/library_path.dsv\n'}
[4.444465] (booster_interface) StdoutLine: {'line': b'-- Up-to-date symlink: /home/booster/Workspace/Booster_T1_3v3_Demo/install/booster_interface/include/booster_interface/booster_interface/msg/detail/booster_api_req_msg__rosidl_typesupport_fastrtps_c.h\n'}
[4.444871] (booster_interface) StdoutLine: {'line': b'-- Up-to-date symlink: /home/booster/Workspace/Booster_T1_3v3_Demo/install/booster_interface/include/booster_interface/booster_interface/msg/detail/booster_api_resp_msg__rosidl_typesupport_fastrtps_c.h\n'}
[4.445006] (booster_interface) StdoutLine: {'line': b'-- Up-to-date symlink: /home/booster/Workspace/Booster_T1_3v3_Demo/install/booster_interface/include/booster_interface/booster_interface/msg/detail/button_event_msg__rosidl_typesupport_fastrtps_c.h\n'}
[4.445156] (booster_interface) StdoutLine: {'line': b'-- Up-to-date symlink: /home/booster/Workspace/Booster_T1_3v3_Demo/install/booster_interface/include/booster_interface/booster_interface/msg/detail/fall_down_state__rosidl_typesupport_fastrtps_c.h\n'}
[4.445272] (booster_interface) StdoutLine: {'line': b'-- Up-to-date symlink: /home/booster/Workspace/Booster_T1_3v3_Demo/install/booster_interface/include/booster_interface/booster_interface/msg/detail/hand_command__rosidl_typesupport_fastrtps_c.h\n'}
[4.446457] (booster_interface) StdoutLine: {'line': b'-- Up-to-date symlink: /home/booster/Workspace/Booster_T1_3v3_Demo/install/booster_interface/include/booster_interface/booster_interface/msg/detail/hand_dds_msg__rosidl_typesupport_fastrtps_c.h\n'}
[4.447202] (booster_interface) StdoutLine: {'line': b'-- Up-to-date symlink: /home/booster/Workspace/Booster_T1_3v3_Demo/install/booster_interface/include/booster_interface/booster_interface/msg/detail/hand_param__rosidl_typesupport_fastrtps_c.h\n'}
[4.448778] (booster_interface) StdoutLine: {'line': b'-- Up-to-date symlink: /home/booster/Workspace/Booster_T1_3v3_Demo/install/booster_interface/include/booster_interface/booster_interface/msg/detail/imu_state__rosidl_typesupport_fastrtps_c.h\n'}
[4.451751] (booster_interface) StdoutLine: {'line': b'-- Up-to-date symlink: /home/booster/Workspace/Booster_T1_3v3_Demo/install/booster_interface/include/booster_interface/booster_interface/msg/detail/low_cmd__rosidl_typesupport_fastrtps_c.h\n'}
[4.455606] (booster_interface) StdoutLine: {'line': b'-- Up-to-date symlink: /home/booster/Workspace/Booster_T1_3v3_Demo/install/booster_interface/include/booster_interface/booster_interface/msg/detail/low_state__rosidl_typesupport_fastrtps_c.h\n'}
[4.456646] (-) TimerEvent: {}
[4.458779] (booster_interface) StdoutLine: {'line': b'-- Up-to-date symlink: /home/booster/Workspace/Booster_T1_3v3_Demo/install/booster_interface/include/booster_interface/booster_interface/msg/detail/motor_cmd__rosidl_typesupport_fastrtps_c.h\n'}
[4.459370] (booster_interface) StdoutLine: {'line': b'-- Up-to-date symlink: /home/booster/Workspace/Booster_T1_3v3_Demo/install/booster_interface/include/booster_interface/booster_interface/msg/detail/motor_state__rosidl_typesupport_fastrtps_c.h\n'}
[4.460852] (booster_interface) StdoutLine: {'line': b'-- Up-to-date symlink: /home/booster/Workspace/Booster_T1_3v3_Demo/install/booster_interface/include/booster_interface/booster_interface/msg/detail/odometer__rosidl_typesupport_fastrtps_c.h\n'}
[4.461843] (booster_interface) StdoutLine: {'line': b'-- Up-to-date symlink: /home/booster/Workspace/Booster_T1_3v3_Demo/install/booster_interface/include/booster_interface/booster_interface/msg/detail/raw_bytes_msg__rosidl_typesupport_fastrtps_c.h\n'}
[4.469225] (booster_interface) StdoutLine: {'line': b'-- Up-to-date symlink: /home/booster/Workspace/Booster_T1_3v3_Demo/install/booster_interface/include/booster_interface/booster_interface/msg/detail/raw_bytes_stamped__rosidl_typesupport_fastrtps_c.h\n'}
[4.470275] (booster_interface) StdoutLine: {'line': b'-- Up-to-date symlink: /home/booster/Workspace/Booster_T1_3v3_Demo/install/booster_interface/include/booster_interface/booster_interface/msg/detail/remote_controller_state__rosidl_typesupport_fastrtps_c.h\n'}
[4.470989] (booster_interface) StdoutLine: {'line': b'-- Up-to-date symlink: /home/booster/Workspace/Booster_T1_3v3_Demo/install/booster_interface/include/booster_interface/booster_interface/msg/rosidl_typesupport_fastrtps_c__visibility_control.h\n'}
[4.473348] (booster_interface) StdoutLine: {'line': b'-- Up-to-date symlink: /home/booster/Workspace/Booster_T1_3v3_Demo/install/booster_interface/include/booster_interface/booster_interface/srv/detail/agent_service__rosidl_typesupport_fastrtps_c.h\n'}
[4.478370] (booster_interface) StdoutLine: {'line': b'-- Up-to-date symlink: /home/booster/Workspace/Booster_T1_3v3_Demo/install/booster_interface/include/booster_interface/booster_interface/srv/detail/rpc_service__rosidl_typesupport_fastrtps_c.h\n'}
[4.488544] (booster_interface) StdoutLine: {'line': b'-- Up-to-date symlink: /home/booster/Workspace/Booster_T1_3v3_Demo/install/booster_interface/include/booster_interface/booster_interface/msg/booster_api_req_msg.hpp\n'}
[4.488904] (booster_interface) StdoutLine: {'line': b'-- Up-to-date symlink: /home/booster/Workspace/Booster_T1_3v3_Demo/install/booster_interface/include/booster_interface/booster_interface/msg/booster_api_resp_msg.hpp\n'}
[4.489070] (booster_interface) StdoutLine: {'line': b'-- Up-to-date symlink: /home/booster/Workspace/Booster_T1_3v3_Demo/install/booster_interface/include/booster_interface/booster_interface/msg/button_event_msg.hpp\n'}
[4.489245] (booster_interface) StdoutLine: {'line': b'-- Up-to-date symlink: /home/booster/Workspace/Booster_T1_3v3_Demo/install/booster_interface/include/booster_interface/booster_interface/msg/detail/booster_api_req_msg__builder.hpp\n'}
[4.489393] (booster_interface) StdoutLine: {'line': b'-- Up-to-date symlink: /home/booster/Workspace/Booster_T1_3v3_Demo/install/booster_interface/include/booster_interface/booster_interface/msg/detail/booster_api_req_msg__struct.hpp\n'}
[4.497581] (booster_interface) StdoutLine: {'line': b'-- Up-to-date symlink: /home/booster/Workspace/Booster_T1_3v3_Demo/install/booster_interface/include/booster_interface/booster_interface/msg/detail/booster_api_req_msg__traits.hpp\n'}
[4.498752] (booster_interface) StdoutLine: {'line': b'-- Up-to-date symlink: /home/booster/Workspace/Booster_T1_3v3_Demo/install/booster_interface/include/booster_interface/booster_interface/msg/detail/booster_api_req_msg__type_support.hpp\n'}
[4.498944] (booster_interface) StdoutLine: {'line': b'-- Up-to-date symlink: /home/booster/Workspace/Booster_T1_3v3_Demo/install/booster_interface/include/booster_interface/booster_interface/msg/detail/booster_api_resp_msg__builder.hpp\n'}
[4.499074] (booster_interface) StdoutLine: {'line': b'-- Up-to-date symlink: /home/booster/Workspace/Booster_T1_3v3_Demo/install/booster_interface/include/booster_interface/booster_interface/msg/detail/booster_api_resp_msg__struct.hpp\n'}
[4.499260] (booster_interface) StdoutLine: {'line': b'-- Up-to-date symlink: /home/booster/Workspace/Booster_T1_3v3_Demo/install/booster_interface/include/booster_interface/booster_interface/msg/detail/booster_api_resp_msg__traits.hpp\n'}
[4.499392] (booster_interface) StdoutLine: {'line': b'-- Up-to-date symlink: /home/booster/Workspace/Booster_T1_3v3_Demo/install/booster_interface/include/booster_interface/booster_interface/msg/detail/booster_api_resp_msg__type_support.hpp\n'}
[4.499507] (booster_interface) StdoutLine: {'line': b'-- Up-to-date symlink: /home/booster/Workspace/Booster_T1_3v3_Demo/install/booster_interface/include/booster_interface/booster_interface/msg/detail/button_event_msg__builder.hpp\n'}
[4.499613] (booster_interface) StdoutLine: {'line': b'-- Up-to-date symlink: /home/booster/Workspace/Booster_T1_3v3_Demo/install/booster_interface/include/booster_interface/booster_interface/msg/detail/button_event_msg__struct.hpp\n'}
[4.499743] (booster_interface) StdoutLine: {'line': b'-- Up-to-date symlink: /home/booster/Workspace/Booster_T1_3v3_Demo/install/booster_interface/include/booster_interface/booster_interface/msg/detail/button_event_msg__traits.hpp\n'}
[4.499867] (booster_msgs) StdoutLine: {'line': b'-- Up-to-date: /home/booster/Workspace/Booster_T1_3v3_Demo/install/booster_msgs/lib/libbooster_msgs__rosidl_generator_py.so\n'}
[4.499992] (booster_msgs) StdoutLine: {'line': b'-- Up-to-date: /home/booster/Workspace/Booster_T1_3v3_Demo/install/booster_msgs/share/booster_msgs/cmake/export_booster_msgs__rosidl_generator_cExport.cmake\n'}
[4.500097] (booster_msgs) StdoutLine: {'line': b'-- Up-to-date: /home/booster/Workspace/Booster_T1_3v3_Demo/install/booster_msgs/share/booster_msgs/cmake/export_booster_msgs__rosidl_generator_cExport-noconfig.cmake\n'}
[4.500207] (booster_msgs) StdoutLine: {'line': b'-- Up-to-date: /home/booster/Workspace/Booster_T1_3v3_Demo/install/booster_msgs/share/booster_msgs/cmake/export_booster_msgs__rosidl_typesupport_fastrtps_cExport.cmake\n'}
[4.500307] (booster_msgs) StdoutLine: {'line': b'-- Up-to-date: /home/booster/Workspace/Booster_T1_3v3_Demo/install/booster_msgs/share/booster_msgs/cmake/export_booster_msgs__rosidl_typesupport_fastrtps_cExport-noconfig.cmake\n'}
[4.502100] (booster_msgs) StdoutLine: {'line': b'-- Up-to-date: /home/booster/Workspace/Booster_T1_3v3_Demo/install/booster_msgs/share/booster_msgs/cmake/booster_msgs__rosidl_typesupport_introspection_cExport.cmake\n'}
[4.502325] (booster_msgs) StdoutLine: {'line': b'-- Up-to-date: /home/booster/Workspace/Booster_T1_3v3_Demo/install/booster_msgs/share/booster_msgs/cmake/booster_msgs__rosidl_typesupport_introspection_cExport-noconfig.cmake\n'}
[4.502452] (booster_msgs) StdoutLine: {'line': b'-- Up-to-date: /home/booster/Workspace/Booster_T1_3v3_Demo/install/booster_msgs/share/booster_msgs/cmake/booster_msgs__rosidl_typesupport_cExport.cmake\n'}
[4.502560] (booster_interface) StdoutLine: {'line': b'-- Up-to-date symlink: /home/booster/Workspace/Booster_T1_3v3_Demo/install/booster_interface/include/booster_interface/booster_interface/msg/detail/button_event_msg__type_support.hpp\n'}
[4.502685] (booster_msgs) StdoutLine: {'line': b'-- Up-to-date: /home/booster/Workspace/Booster_T1_3v3_Demo/install/booster_msgs/share/booster_msgs/cmake/booster_msgs__rosidl_typesupport_cExport-noconfig.cmake\n'}
[4.502799] (booster_msgs) StdoutLine: {'line': b'-- Up-to-date: /home/booster/Workspace/Booster_T1_3v3_Demo/install/booster_msgs/share/booster_msgs/cmake/export_booster_msgs__rosidl_generator_cppExport.cmake\n'}
[4.502917] (booster_msgs) StdoutLine: {'line': b'-- Up-to-date: /home/booster/Workspace/Booster_T1_3v3_Demo/install/booster_msgs/share/booster_msgs/cmake/export_booster_msgs__rosidl_typesupport_fastrtps_cppExport.cmake\n'}
[4.503017] (booster_msgs) StdoutLine: {'line': b'-- Up-to-date: /home/booster/Workspace/Booster_T1_3v3_Demo/install/booster_msgs/share/booster_msgs/cmake/export_booster_msgs__rosidl_typesupport_fastrtps_cppExport-noconfig.cmake\n'}
[4.503123] (booster_msgs) StdoutLine: {'line': b'-- Up-to-date: /home/booster/Workspace/Booster_T1_3v3_Demo/install/booster_msgs/share/booster_msgs/cmake/booster_msgs__rosidl_typesupport_introspection_cppExport.cmake\n'}
[4.504206] (booster_msgs) StdoutLine: {'line': b'-- Up-to-date: /home/booster/Workspace/Booster_T1_3v3_Demo/install/booster_msgs/share/booster_msgs/cmake/booster_msgs__rosidl_typesupport_introspection_cppExport-noconfig.cmake\n'}
[4.504409] (booster_msgs) StdoutLine: {'line': b'-- Up-to-date: /home/booster/Workspace/Booster_T1_3v3_Demo/install/booster_msgs/share/booster_msgs/cmake/booster_msgs__rosidl_typesupport_cppExport.cmake\n'}
[4.504552] (booster_msgs) StdoutLine: {'line': b'-- Up-to-date: /home/booster/Workspace/Booster_T1_3v3_Demo/install/booster_msgs/share/booster_msgs/cmake/booster_msgs__rosidl_typesupport_cppExport-noconfig.cmake\n'}
[4.504694] (booster_msgs) StdoutLine: {'line': b'-- Up-to-date: /home/booster/Workspace/Booster_T1_3v3_Demo/install/booster_msgs/share/booster_msgs/cmake/export_booster_msgs__rosidl_generator_pyExport.cmake\n'}
[4.504855] (booster_msgs) StdoutLine: {'line': b'-- Up-to-date: /home/booster/Workspace/Booster_T1_3v3_Demo/install/booster_msgs/share/booster_msgs/cmake/export_booster_msgs__rosidl_generator_pyExport-noconfig.cmake\n'}
[4.506846] (booster_interface) StdoutLine: {'line': b'-- Up-to-date symlink: /home/booster/Workspace/Booster_T1_3v3_Demo/install/booster_interface/include/booster_interface/booster_interface/msg/detail/fall_down_state__builder.hpp\n'}
[4.508727] (booster_interface) StdoutLine: {'line': b'-- Up-to-date symlink: /home/booster/Workspace/Booster_T1_3v3_Demo/install/booster_interface/include/booster_interface/booster_interface/msg/detail/fall_down_state__struct.hpp\n'}
[4.509068] (booster_interface) StdoutLine: {'line': b'-- Up-to-date symlink: /home/booster/Workspace/Booster_T1_3v3_Demo/install/booster_interface/include/booster_interface/booster_interface/msg/detail/fall_down_state__traits.hpp\n'}
[4.510951] (booster_interface) StdoutLine: {'line': b'-- Up-to-date symlink: /home/booster/Workspace/Booster_T1_3v3_Demo/install/booster_interface/include/booster_interface/booster_interface/msg/detail/fall_down_state__type_support.hpp\n'}
[4.514026] (booster_interface) StdoutLine: {'line': b'-- Up-to-date symlink: /home/booster/Workspace/Booster_T1_3v3_Demo/install/booster_interface/include/booster_interface/booster_interface/msg/detail/hand_command__builder.hpp\n'}
[4.515429] (booster_interface) StdoutLine: {'line': b'-- Up-to-date symlink: /home/booster/Workspace/Booster_T1_3v3_Demo/install/booster_interface/include/booster_interface/booster_interface/msg/detail/hand_command__struct.hpp\n'}
[4.516866] (booster_interface) StdoutLine: {'line': b'-- Up-to-date symlink: /home/booster/Workspace/Booster_T1_3v3_Demo/install/booster_interface/include/booster_interface/booster_interface/msg/detail/hand_command__traits.hpp\n'}
[4.517623] (booster_interface) StdoutLine: {'line': b'-- Up-to-date symlink: /home/booster/Workspace/Booster_T1_3v3_Demo/install/booster_interface/include/booster_interface/booster_interface/msg/detail/hand_command__type_support.hpp\n'}
[4.519761] (booster_interface) StdoutLine: {'line': b'-- Up-to-date symlink: /home/booster/Workspace/Booster_T1_3v3_Demo/install/booster_interface/include/booster_interface/booster_interface/msg/detail/hand_dds_msg__builder.hpp\n'}
[4.521021] (booster_interface) StdoutLine: {'line': b'-- Up-to-date symlink: /home/booster/Workspace/Booster_T1_3v3_Demo/install/booster_interface/include/booster_interface/booster_interface/msg/detail/hand_dds_msg__struct.hpp\n'}
[4.528949] (booster_interface) StdoutLine: {'line': b'-- Up-to-date symlink: /home/booster/Workspace/Booster_T1_3v3_Demo/install/booster_interface/include/booster_interface/booster_interface/msg/detail/hand_dds_msg__traits.hpp\n'}
[4.529329] (booster_interface) StdoutLine: {'line': b'-- Up-to-date symlink: /home/booster/Workspace/Booster_T1_3v3_Demo/install/booster_interface/include/booster_interface/booster_interface/msg/detail/hand_dds_msg__type_support.hpp\n'}
[4.529671] (booster_interface) StdoutLine: {'line': b'-- Up-to-date symlink: /home/booster/Workspace/Booster_T1_3v3_Demo/install/booster_interface/include/booster_interface/booster_interface/msg/detail/hand_param__builder.hpp\n'}
[4.529944] (booster_interface) StdoutLine: {'line': b'-- Up-to-date symlink: /home/booster/Workspace/Booster_T1_3v3_Demo/install/booster_interface/include/booster_interface/booster_interface/msg/detail/hand_param__struct.hpp\n'}
[4.530692] (booster_interface) StdoutLine: {'line': b'-- Up-to-date symlink: /home/booster/Workspace/Booster_T1_3v3_Demo/install/booster_interface/include/booster_interface/booster_interface/msg/detail/hand_param__traits.hpp\n'}
[4.530841] (booster_interface) StdoutLine: {'line': b'-- Up-to-date symlink: /home/booster/Workspace/Booster_T1_3v3_Demo/install/booster_interface/include/booster_interface/booster_interface/msg/detail/hand_param__type_support.hpp\n'}
[4.530983] (booster_interface) StdoutLine: {'line': b'-- Up-to-date symlink: /home/booster/Workspace/Booster_T1_3v3_Demo/install/booster_interface/include/booster_interface/booster_interface/msg/detail/imu_state__builder.hpp\n'}
[4.531096] (booster_interface) StdoutLine: {'line': b'-- Up-to-date symlink: /home/booster/Workspace/Booster_T1_3v3_Demo/install/booster_interface/include/booster_interface/booster_interface/msg/detail/imu_state__struct.hpp\n'}
[4.531203] (booster_interface) StdoutLine: {'line': b'-- Up-to-date symlink: /home/booster/Workspace/Booster_T1_3v3_Demo/install/booster_interface/include/booster_interface/booster_interface/msg/detail/imu_state__traits.hpp\n'}
[4.531312] (booster_interface) StdoutLine: {'line': b'-- Up-to-date symlink: /home/booster/Workspace/Booster_T1_3v3_Demo/install/booster_interface/include/booster_interface/booster_interface/msg/detail/imu_state__type_support.hpp\n'}
[4.533363] (booster_interface) StdoutLine: {'line': b'-- Up-to-date symlink: /home/booster/Workspace/Booster_T1_3v3_Demo/install/booster_interface/include/booster_interface/booster_interface/msg/detail/low_cmd__builder.hpp\n'}
[4.535673] (booster_interface) StdoutLine: {'line': b'-- Up-to-date symlink: /home/booster/Workspace/Booster_T1_3v3_Demo/install/booster_interface/include/booster_interface/booster_interface/msg/detail/low_cmd__struct.hpp\n'}
[4.537213] (booster_interface) StdoutLine: {'line': b'-- Up-to-date symlink: /home/booster/Workspace/Booster_T1_3v3_Demo/install/booster_interface/include/booster_interface/booster_interface/msg/detail/low_cmd__traits.hpp\n'}
[4.545659] (booster_interface) StdoutLine: {'line': b'-- Up-to-date symlink: /home/booster/Workspace/Booster_T1_3v3_Demo/install/booster_interface/include/booster_interface/booster_interface/msg/detail/low_cmd__type_support.hpp\n'}
[4.548582] (booster_interface) StdoutLine: {'line': b'-- Up-to-date symlink: /home/booster/Workspace/Booster_T1_3v3_Demo/install/booster_interface/include/booster_interface/booster_interface/msg/detail/low_state__builder.hpp\n'}
[4.548879] (booster_interface) StdoutLine: {'line': b'-- Up-to-date symlink: /home/booster/Workspace/Booster_T1_3v3_Demo/install/booster_interface/include/booster_interface/booster_interface/msg/detail/low_state__struct.hpp\n'}
[4.549011] (booster_interface) StdoutLine: {'line': b'-- Up-to-date symlink: /home/booster/Workspace/Booster_T1_3v3_Demo/install/booster_interface/include/booster_interface/booster_interface/msg/detail/low_state__traits.hpp\n'}
[4.549125] (booster_interface) StdoutLine: {'line': b'-- Up-to-date symlink: /home/booster/Workspace/Booster_T1_3v3_Demo/install/booster_interface/include/booster_interface/booster_interface/msg/detail/low_state__type_support.hpp\n'}
[4.549232] (booster_interface) StdoutLine: {'line': b'-- Up-to-date symlink: /home/booster/Workspace/Booster_T1_3v3_Demo/install/booster_interface/include/booster_interface/booster_interface/msg/detail/motor_cmd__builder.hpp\n'}
[4.549417] (booster_interface) StdoutLine: {'line': b'-- Up-to-date symlink: /home/booster/Workspace/Booster_T1_3v3_Demo/install/booster_interface/include/booster_interface/booster_interface/msg/detail/motor_cmd__struct.hpp\n'}
[4.549552] (booster_interface) StdoutLine: {'line': b'-- Up-to-date symlink: /home/booster/Workspace/Booster_T1_3v3_Demo/install/booster_interface/include/booster_interface/booster_interface/msg/detail/motor_cmd__traits.hpp\n'}
[4.550133] (booster_interface) StdoutLine: {'line': b'-- Up-to-date symlink: /home/booster/Workspace/Booster_T1_3v3_Demo/install/booster_interface/include/booster_interface/booster_interface/msg/detail/motor_cmd__type_support.hpp\n'}
[4.551297] (booster_interface) StdoutLine: {'line': b'-- Up-to-date symlink: /home/booster/Workspace/Booster_T1_3v3_Demo/install/booster_interface/include/booster_interface/booster_interface/msg/detail/motor_state__builder.hpp\n'}
[4.551855] (booster_interface) StdoutLine: {'line': b'-- Up-to-date symlink: /home/booster/Workspace/Booster_T1_3v3_Demo/install/booster_interface/include/booster_interface/booster_interface/msg/detail/motor_state__struct.hpp\n'}
[4.553187] (booster_interface) StdoutLine: {'line': b'-- Up-to-date symlink: /home/booster/Workspace/Booster_T1_3v3_Demo/install/booster_interface/include/booster_interface/booster_interface/msg/detail/motor_state__traits.hpp\n'}
[4.554734] (booster_interface) StdoutLine: {'line': b'-- Up-to-date symlink: /home/booster/Workspace/Booster_T1_3v3_Demo/install/booster_interface/include/booster_interface/booster_interface/msg/detail/motor_state__type_support.hpp\n'}
[4.555025] (booster_interface) StdoutLine: {'line': b'-- Up-to-date symlink: /home/booster/Workspace/Booster_T1_3v3_Demo/install/booster_interface/include/booster_interface/booster_interface/msg/detail/odometer__builder.hpp\n'}
[4.555561] (booster_interface) StdoutLine: {'line': b'-- Up-to-date symlink: /home/booster/Workspace/Booster_T1_3v3_Demo/install/booster_interface/include/booster_interface/booster_interface/msg/detail/odometer__struct.hpp\n'}
[4.556052] (booster_interface) StdoutLine: {'line': b'-- Up-to-date symlink: /home/booster/Workspace/Booster_T1_3v3_Demo/install/booster_interface/include/booster_interface/booster_interface/msg/detail/odometer__traits.hpp\n'}
[4.557634] (-) TimerEvent: {}
[4.558921] (booster_interface) StdoutLine: {'line': b'-- Up-to-date symlink: /home/booster/Workspace/Booster_T1_3v3_Demo/install/booster_interface/include/booster_interface/booster_interface/msg/detail/odometer__type_support.hpp\n'}
[4.559713] (booster_interface) StdoutLine: {'line': b'-- Up-to-date symlink: /home/booster/Workspace/Booster_T1_3v3_Demo/install/booster_interface/include/booster_interface/booster_interface/msg/detail/raw_bytes_msg__builder.hpp\n'}
[4.561241] (booster_interface) StdoutLine: {'line': b'-- Up-to-date symlink: /home/booster/Workspace/Booster_T1_3v3_Demo/install/booster_interface/include/booster_interface/booster_interface/msg/detail/raw_bytes_msg__struct.hpp\n'}
[4.567277] (booster_interface) StdoutLine: {'line': b'-- Up-to-date symlink: /home/booster/Workspace/Booster_T1_3v3_Demo/install/booster_interface/include/booster_interface/booster_interface/msg/detail/raw_bytes_msg__traits.hpp\n'}
[4.567709] (booster_interface) StdoutLine: {'line': b'-- Up-to-date symlink: /home/booster/Workspace/Booster_T1_3v3_Demo/install/booster_interface/include/booster_interface/booster_interface/msg/detail/raw_bytes_msg__type_support.hpp\n'}
[4.583918] (booster_interface) StdoutLine: {'line': b'-- Up-to-date symlink: /home/booster/Workspace/Booster_T1_3v3_Demo/install/booster_interface/include/booster_interface/booster_interface/msg/detail/raw_bytes_stamped__builder.hpp\n'}
[4.584462] (booster_interface) StdoutLine: {'line': b'-- Up-to-date symlink: /home/booster/Workspace/Booster_T1_3v3_Demo/install/booster_interface/include/booster_interface/booster_interface/msg/detail/raw_bytes_stamped__struct.hpp\n'}
[4.584664] (booster_interface) StdoutLine: {'line': b'-- Up-to-date symlink: /home/booster/Workspace/Booster_T1_3v3_Demo/install/booster_interface/include/booster_interface/booster_interface/msg/detail/raw_bytes_stamped__traits.hpp\n'}
[4.584871] (booster_interface) StdoutLine: {'line': b'-- Up-to-date symlink: /home/booster/Workspace/Booster_T1_3v3_Demo/install/booster_interface/include/booster_interface/booster_interface/msg/detail/raw_bytes_stamped__type_support.hpp\n'}
[4.585003] (booster_interface) StdoutLine: {'line': b'-- Up-to-date symlink: /home/booster/Workspace/Booster_T1_3v3_Demo/install/booster_interface/include/booster_interface/booster_interface/msg/detail/remote_controller_state__builder.hpp\n'}
[4.585117] (booster_interface) StdoutLine: {'line': b'-- Up-to-date symlink: /home/booster/Workspace/Booster_T1_3v3_Demo/install/booster_interface/include/booster_interface/booster_interface/msg/detail/remote_controller_state__struct.hpp\n'}
[4.585222] (booster_interface) StdoutLine: {'line': b'-- Up-to-date symlink: /home/booster/Workspace/Booster_T1_3v3_Demo/install/booster_interface/include/booster_interface/booster_interface/msg/detail/remote_controller_state__traits.hpp\n'}
[4.585336] (booster_interface) StdoutLine: {'line': b'-- Up-to-date symlink: /home/booster/Workspace/Booster_T1_3v3_Demo/install/booster_interface/include/booster_interface/booster_interface/msg/detail/remote_controller_state__type_support.hpp\n'}
[4.586338] (booster_interface) StdoutLine: {'line': b'-- Up-to-date symlink: /home/booster/Workspace/Booster_T1_3v3_Demo/install/booster_interface/include/booster_interface/booster_interface/msg/fall_down_state.hpp\n'}
[4.587412] (booster_interface) StdoutLine: {'line': b'-- Up-to-date symlink: /home/booster/Workspace/Booster_T1_3v3_Demo/install/booster_interface/include/booster_interface/booster_interface/msg/hand_command.hpp\n'}
[4.587658] (booster_interface) StdoutLine: {'line': b'-- Up-to-date symlink: /home/booster/Workspace/Booster_T1_3v3_Demo/install/booster_interface/include/booster_interface/booster_interface/msg/hand_dds_msg.hpp\n'}
[4.587769] (booster_interface) StdoutLine: {'line': b'-- Up-to-date symlink: /home/booster/Workspace/Booster_T1_3v3_Demo/install/booster_interface/include/booster_interface/booster_interface/msg/hand_param.hpp\n'}
[4.587906] (booster_interface) StdoutLine: {'line': b'-- Up-to-date symlink: /home/booster/Workspace/Booster_T1_3v3_Demo/install/booster_interface/include/booster_interface/booster_interface/msg/imu_state.hpp\n'}
[4.588015] (booster_interface) StdoutLine: {'line': b'-- Up-to-date symlink: /home/booster/Workspace/Booster_T1_3v3_Demo/install/booster_interface/include/booster_interface/booster_interface/msg/low_cmd.hpp\n'}
[4.588124] (booster_interface) StdoutLine: {'line': b'-- Up-to-date symlink: /home/booster/Workspace/Booster_T1_3v3_Demo/install/booster_interface/include/booster_interface/booster_interface/msg/low_state.hpp\n'}
[4.589065] (booster_interface) StdoutLine: {'line': b'-- Up-to-date symlink: /home/booster/Workspace/Booster_T1_3v3_Demo/install/booster_interface/include/booster_interface/booster_interface/msg/motor_cmd.hpp\n'}
[4.591282] (booster_interface) StdoutLine: {'line': b'-- Up-to-date symlink: /home/booster/Workspace/Booster_T1_3v3_Demo/install/booster_interface/include/booster_interface/booster_interface/msg/motor_state.hpp\n'}
[4.592910] (booster_interface) StdoutLine: {'line': b'-- Up-to-date symlink: /home/booster/Workspace/Booster_T1_3v3_Demo/install/booster_interface/include/booster_interface/booster_interface/msg/odometer.hpp\n'}
[4.593791] (booster_interface) StdoutLine: {'line': b'-- Up-to-date symlink: /home/booster/Workspace/Booster_T1_3v3_Demo/install/booster_interface/include/booster_interface/booster_interface/msg/raw_bytes_msg.hpp\n'}
[4.595940] (booster_interface) StdoutLine: {'line': b'-- Up-to-date symlink: /home/booster/Workspace/Booster_T1_3v3_Demo/install/booster_interface/include/booster_interface/booster_interface/msg/raw_bytes_stamped.hpp\n'}
[4.597614] (booster_interface) StdoutLine: {'line': b'-- Up-to-date symlink: /home/booster/Workspace/Booster_T1_3v3_Demo/install/booster_interface/include/booster_interface/booster_interface/msg/remote_controller_state.hpp\n'}
[4.601110] (booster_interface) StdoutLine: {'line': b'-- Up-to-date symlink: /home/booster/Workspace/Booster_T1_3v3_Demo/install/booster_interface/include/booster_interface/booster_interface/msg/rosidl_generator_cpp__visibility_control.hpp\n'}
[4.603239] (booster_interface) StdoutLine: {'line': b'-- Up-to-date symlink: /home/booster/Workspace/Booster_T1_3v3_Demo/install/booster_interface/include/booster_interface/booster_interface/srv/agent_service.hpp\n'}
[4.606251] (booster_interface) StdoutLine: {'line': b'-- Up-to-date symlink: /home/booster/Workspace/Booster_T1_3v3_Demo/install/booster_interface/include/booster_interface/booster_interface/srv/detail/agent_service__builder.hpp\n'}
[4.608099] (booster_interface) StdoutLine: {'line': b'-- Up-to-date symlink: /home/booster/Workspace/Booster_T1_3v3_Demo/install/booster_interface/include/booster_interface/booster_interface/srv/detail/agent_service__struct.hpp\n'}
[4.609912] (booster_interface) StdoutLine: {'line': b'-- Up-to-date symlink: /home/booster/Workspace/Booster_T1_3v3_Demo/install/booster_interface/include/booster_interface/booster_interface/srv/detail/agent_service__traits.hpp\n'}
[4.614061] (booster_interface) StdoutLine: {'line': b'-- Up-to-date symlink: /home/booster/Workspace/Booster_T1_3v3_Demo/install/booster_interface/include/booster_interface/booster_interface/srv/detail/agent_service__type_support.hpp\n'}
[4.615020] (booster_interface) StdoutLine: {'line': b'-- Up-to-date symlink: /home/booster/Workspace/Booster_T1_3v3_Demo/install/booster_interface/include/booster_interface/booster_interface/srv/detail/rpc_service__builder.hpp\n'}
[4.615269] (booster_interface) StdoutLine: {'line': b'-- Up-to-date symlink: /home/booster/Workspace/Booster_T1_3v3_Demo/install/booster_interface/include/booster_interface/booster_interface/srv/detail/rpc_service__struct.hpp\n'}
[4.616015] (booster_interface) StdoutLine: {'line': b'-- Up-to-date symlink: /home/booster/Workspace/Booster_T1_3v3_Demo/install/booster_interface/include/booster_interface/booster_interface/srv/detail/rpc_service__traits.hpp\n'}
[4.617717] (booster_interface) StdoutLine: {'line': b'-- Up-to-date symlink: /home/booster/Workspace/Booster_T1_3v3_Demo/install/booster_interface/include/booster_interface/booster_interface/srv/detail/rpc_service__type_support.hpp\n'}
[4.619094] (booster_interface) StdoutLine: {'line': b'-- Up-to-date symlink: /home/booster/Workspace/Booster_T1_3v3_Demo/install/booster_interface/include/booster_interface/booster_interface/srv/rpc_service.hpp\n'}
[4.625361] (booster_interface) StdoutLine: {'line': b'-- Up-to-date symlink: /home/booster/Workspace/Booster_T1_3v3_Demo/install/booster_interface/include/booster_interface/booster_interface/msg/detail/booster_api_req_msg__rosidl_typesupport_fastrtps_cpp.hpp\n'}
[4.626418] (booster_interface) StdoutLine: {'line': b'-- Up-to-date symlink: /home/booster/Workspace/Booster_T1_3v3_Demo/install/booster_interface/include/booster_interface/booster_interface/msg/detail/booster_api_resp_msg__rosidl_typesupport_fastrtps_cpp.hpp\n'}
[4.626644] (booster_interface) StdoutLine: {'line': b'-- Up-to-date symlink: /home/booster/Workspace/Booster_T1_3v3_Demo/install/booster_interface/include/booster_interface/booster_interface/msg/detail/button_event_msg__rosidl_typesupport_fastrtps_cpp.hpp\n'}
[4.628347] (booster_interface) StdoutLine: {'line': b'-- Up-to-date symlink: /home/booster/Workspace/Booster_T1_3v3_Demo/install/booster_interface/include/booster_interface/booster_interface/msg/detail/fall_down_state__rosidl_typesupport_fastrtps_cpp.hpp\n'}
[4.629088] (booster_interface) StdoutLine: {'line': b'-- Up-to-date symlink: /home/booster/Workspace/Booster_T1_3v3_Demo/install/booster_interface/include/booster_interface/booster_interface/msg/detail/hand_command__rosidl_typesupport_fastrtps_cpp.hpp\n'}
[4.629689] (booster_interface) StdoutLine: {'line': b'-- Up-to-date symlink: /home/booster/Workspace/Booster_T1_3v3_Demo/install/booster_interface/include/booster_interface/booster_interface/msg/detail/hand_dds_msg__rosidl_typesupport_fastrtps_cpp.hpp\n'}
[4.631021] (booster_interface) StdoutLine: {'line': b'-- Up-to-date symlink: /home/booster/Workspace/Booster_T1_3v3_Demo/install/booster_interface/include/booster_interface/booster_interface/msg/detail/hand_param__rosidl_typesupport_fastrtps_cpp.hpp\n'}
[4.631553] (booster_interface) StdoutLine: {'line': b'-- Up-to-date symlink: /home/booster/Workspace/Booster_T1_3v3_Demo/install/booster_interface/include/booster_interface/booster_interface/msg/detail/imu_state__rosidl_typesupport_fastrtps_cpp.hpp\n'}
[4.632198] (booster_interface) StdoutLine: {'line': b'-- Up-to-date symlink: /home/booster/Workspace/Booster_T1_3v3_Demo/install/booster_interface/include/booster_interface/booster_interface/msg/detail/low_cmd__rosidl_typesupport_fastrtps_cpp.hpp\n'}
[4.636953] (booster_interface) StdoutLine: {'line': b'-- Up-to-date symlink: /home/booster/Workspace/Booster_T1_3v3_Demo/install/booster_interface/include/booster_interface/booster_interface/msg/detail/low_state__rosidl_typesupport_fastrtps_cpp.hpp\n'}
[4.637402] (booster_interface) StdoutLine: {'line': b'-- Up-to-date symlink: /home/booster/Workspace/Booster_T1_3v3_Demo/install/booster_interface/include/booster_interface/booster_interface/msg/detail/motor_cmd__rosidl_typesupport_fastrtps_cpp.hpp\n'}
[4.639315] (booster_interface) StdoutLine: {'line': b'-- Up-to-date symlink: /home/booster/Workspace/Booster_T1_3v3_Demo/install/booster_interface/include/booster_interface/booster_interface/msg/detail/motor_state__rosidl_typesupport_fastrtps_cpp.hpp\n'}
[4.639894] (booster_interface) StdoutLine: {'line': b'-- Up-to-date symlink: /home/booster/Workspace/Booster_T1_3v3_Demo/install/booster_interface/include/booster_interface/booster_interface/msg/detail/odometer__rosidl_typesupport_fastrtps_cpp.hpp\n'}
[4.640157] (booster_interface) StdoutLine: {'line': b'-- Up-to-date symlink: /home/booster/Workspace/Booster_T1_3v3_Demo/install/booster_interface/include/booster_interface/booster_interface/msg/detail/raw_bytes_msg__rosidl_typesupport_fastrtps_cpp.hpp\n'}
[4.640418] (booster_interface) StdoutLine: {'line': b'-- Up-to-date symlink: /home/booster/Workspace/Booster_T1_3v3_Demo/install/booster_interface/include/booster_interface/booster_interface/msg/detail/raw_bytes_stamped__rosidl_typesupport_fastrtps_cpp.hpp\n'}
[4.640684] (booster_interface) StdoutLine: {'line': b'-- Up-to-date symlink: /home/booster/Workspace/Booster_T1_3v3_Demo/install/booster_interface/include/booster_interface/booster_interface/msg/detail/remote_controller_state__rosidl_typesupport_fastrtps_cpp.hpp\n'}
[4.640872] (booster_interface) StdoutLine: {'line': b'-- Up-to-date symlink: /home/booster/Workspace/Booster_T1_3v3_Demo/install/booster_interface/include/booster_interface/booster_interface/msg/rosidl_typesupport_fastrtps_cpp__visibility_control.h\n'}
[4.640989] (booster_interface) StdoutLine: {'line': b'-- Up-to-date symlink: /home/booster/Workspace/Booster_T1_3v3_Demo/install/booster_interface/include/booster_interface/booster_interface/srv/detail/agent_service__rosidl_typesupport_fastrtps_cpp.hpp\n'}
[4.641117] (booster_interface) StdoutLine: {'line': b'-- Up-to-date symlink: /home/booster/Workspace/Booster_T1_3v3_Demo/install/booster_interface/include/booster_interface/booster_interface/srv/detail/rpc_service__rosidl_typesupport_fastrtps_cpp.hpp\n'}
[4.644430] (booster_interface) StdoutLine: {'line': b'-- Up-to-date symlink: /home/booster/Workspace/Booster_T1_3v3_Demo/install/booster_interface/include/booster_interface/booster_interface/msg/detail/booster_api_req_msg__rosidl_typesupport_introspection_c.h\n'}
[4.644749] (booster_interface) StdoutLine: {'line': b'-- Up-to-date symlink: /home/booster/Workspace/Booster_T1_3v3_Demo/install/booster_interface/include/booster_interface/booster_interface/msg/detail/booster_api_resp_msg__rosidl_typesupport_introspection_c.h\n'}
[4.646298] (booster_interface) StdoutLine: {'line': b'-- Up-to-date symlink: /home/booster/Workspace/Booster_T1_3v3_Demo/install/booster_interface/include/booster_interface/booster_interface/msg/detail/button_event_msg__rosidl_typesupport_introspection_c.h\n'}
[4.648700] (booster_interface) StdoutLine: {'line': b'-- Up-to-date symlink: /home/booster/Workspace/Booster_T1_3v3_Demo/install/booster_interface/include/booster_interface/booster_interface/msg/detail/fall_down_state__rosidl_typesupport_introspection_c.h\n'}
[4.649989] (booster_interface) StdoutLine: {'line': b'-- Up-to-date symlink: /home/booster/Workspace/Booster_T1_3v3_Demo/install/booster_interface/include/booster_interface/booster_interface/msg/detail/hand_command__rosidl_typesupport_introspection_c.h\n'}
[4.650159] (booster_interface) StdoutLine: {'line': b'-- Up-to-date symlink: /home/booster/Workspace/Booster_T1_3v3_Demo/install/booster_interface/include/booster_interface/booster_interface/msg/detail/hand_dds_msg__rosidl_typesupport_introspection_c.h\n'}
[4.651124] (booster_interface) StdoutLine: {'line': b'-- Up-to-date symlink: /home/booster/Workspace/Booster_T1_3v3_Demo/install/booster_interface/include/booster_interface/booster_interface/msg/detail/hand_param__rosidl_typesupport_introspection_c.h\n'}
[4.651327] (booster_interface) StdoutLine: {'line': b'-- Up-to-date symlink: /home/booster/Workspace/Booster_T1_3v3_Demo/install/booster_interface/include/booster_interface/booster_interface/msg/detail/imu_state__rosidl_typesupport_introspection_c.h\n'}
[4.651458] (booster_interface) StdoutLine: {'line': b'-- Up-to-date symlink: /home/booster/Workspace/Booster_T1_3v3_Demo/install/booster_interface/include/booster_interface/booster_interface/msg/detail/low_cmd__rosidl_typesupport_introspection_c.h\n'}
[4.651570] (booster_interface) StdoutLine: {'line': b'-- Up-to-date symlink: /home/booster/Workspace/Booster_T1_3v3_Demo/install/booster_interface/include/booster_interface/booster_interface/msg/detail/low_state__rosidl_typesupport_introspection_c.h\n'}
[4.651751] (booster_interface) StdoutLine: {'line': b'-- Up-to-date symlink: /home/booster/Workspace/Booster_T1_3v3_Demo/install/booster_interface/include/booster_interface/booster_interface/msg/detail/motor_cmd__rosidl_typesupport_introspection_c.h\n'}
[4.651882] (booster_interface) StdoutLine: {'line': b'-- Up-to-date symlink: /home/booster/Workspace/Booster_T1_3v3_Demo/install/booster_interface/include/booster_interface/booster_interface/msg/detail/motor_state__rosidl_typesupport_introspection_c.h\n'}
[4.652046] (booster_interface) StdoutLine: {'line': b'-- Up-to-date symlink: /home/booster/Workspace/Booster_T1_3v3_Demo/install/booster_interface/include/booster_interface/booster_interface/msg/detail/odometer__rosidl_typesupport_introspection_c.h\n'}
[4.652154] (booster_interface) StdoutLine: {'line': b'-- Up-to-date symlink: /home/booster/Workspace/Booster_T1_3v3_Demo/install/booster_interface/include/booster_interface/booster_interface/msg/detail/raw_bytes_msg__rosidl_typesupport_introspection_c.h\n'}
[4.652258] (booster_interface) StdoutLine: {'line': b'-- Up-to-date symlink: /home/booster/Workspace/Booster_T1_3v3_Demo/install/booster_interface/include/booster_interface/booster_interface/msg/detail/raw_bytes_stamped__rosidl_typesupport_introspection_c.h\n'}
[4.652361] (booster_interface) StdoutLine: {'line': b'-- Up-to-date symlink: /home/booster/Workspace/Booster_T1_3v3_Demo/install/booster_interface/include/booster_interface/booster_interface/msg/detail/remote_controller_state__rosidl_typesupport_introspection_c.h\n'}
[4.652460] (booster_interface) StdoutLine: {'line': b'-- Up-to-date symlink: /home/booster/Workspace/Booster_T1_3v3_Demo/install/booster_interface/include/booster_interface/booster_interface/msg/rosidl_typesupport_introspection_c__visibility_control.h\n'}
[4.652563] (booster_interface) StdoutLine: {'line': b'-- Up-to-date symlink: /home/booster/Workspace/Booster_T1_3v3_Demo/install/booster_interface/include/booster_interface/booster_interface/srv/detail/agent_service__rosidl_typesupport_introspection_c.h\n'}
[4.652707] (booster_interface) StdoutLine: {'line': b'-- Up-to-date symlink: /home/booster/Workspace/Booster_T1_3v3_Demo/install/booster_interface/include/booster_interface/booster_interface/srv/detail/rpc_service__rosidl_typesupport_introspection_c.h\n'}
[4.657448] (booster_interface) StdoutLine: {'line': b'-- Up-to-date symlink: /home/booster/Workspace/Booster_T1_3v3_Demo/install/booster_interface/include/booster_interface/booster_interface/msg/detail/booster_api_req_msg__rosidl_typesupport_introspection_cpp.hpp\n'}
[4.657832] (-) TimerEvent: {}
[4.658992] (booster_interface) StdoutLine: {'line': b'-- Up-to-date symlink: /home/booster/Workspace/Booster_T1_3v3_Demo/install/booster_interface/include/booster_interface/booster_interface/msg/detail/booster_api_resp_msg__rosidl_typesupport_introspection_cpp.hpp\n'}
[4.659631] (booster_interface) StdoutLine: {'line': b'-- Up-to-date symlink: /home/booster/Workspace/Booster_T1_3v3_Demo/install/booster_interface/include/booster_interface/booster_interface/msg/detail/button_event_msg__rosidl_typesupport_introspection_cpp.hpp\n'}
[4.660565] (booster_interface) StdoutLine: {'line': b'-- Up-to-date symlink: /home/booster/Workspace/Booster_T1_3v3_Demo/install/booster_interface/include/booster_interface/booster_interface/msg/detail/fall_down_state__rosidl_typesupport_introspection_cpp.hpp\n'}
[4.661546] (vision_interface) JobEnded: {'identifier': 'vision_interface', 'rc': 0}
[4.663084] (vision) JobStarted: {'identifier': 'vision'}
[4.663176] (booster_interface) StdoutLine: {'line': b'-- Up-to-date symlink: /home/booster/Workspace/Booster_T1_3v3_Demo/install/booster_interface/include/booster_interface/booster_interface/msg/detail/hand_command__rosidl_typesupport_introspection_cpp.hpp\n'}
[4.663345] (booster_interface) StdoutLine: {'line': b'-- Up-to-date symlink: /home/booster/Workspace/Booster_T1_3v3_Demo/install/booster_interface/include/booster_interface/booster_interface/msg/detail/hand_dds_msg__rosidl_typesupport_introspection_cpp.hpp\n'}
[4.664864] (booster_interface) StdoutLine: {'line': b'-- Up-to-date symlink: /home/booster/Workspace/Booster_T1_3v3_Demo/install/booster_interface/include/booster_interface/booster_interface/msg/detail/hand_param__rosidl_typesupport_introspection_cpp.hpp\n'}
[4.665085] (booster_interface) StdoutLine: {'line': b'-- Up-to-date symlink: /home/booster/Workspace/Booster_T1_3v3_Demo/install/booster_interface/include/booster_interface/booster_interface/msg/detail/imu_state__rosidl_typesupport_introspection_cpp.hpp\n'}
[4.665956] (booster_interface) StdoutLine: {'line': b'-- Up-to-date symlink: /home/booster/Workspace/Booster_T1_3v3_Demo/install/booster_interface/include/booster_interface/booster_interface/msg/detail/low_cmd__rosidl_typesupport_introspection_cpp.hpp\n'}
[4.666219] (booster_interface) StdoutLine: {'line': b'-- Up-to-date symlink: /home/booster/Workspace/Booster_T1_3v3_Demo/install/booster_interface/include/booster_interface/booster_interface/msg/detail/low_state__rosidl_typesupport_introspection_cpp.hpp\n'}
[4.673834] (booster_interface) StdoutLine: {'line': b'-- Up-to-date symlink: /home/booster/Workspace/Booster_T1_3v3_Demo/install/booster_interface/include/booster_interface/booster_interface/msg/detail/motor_cmd__rosidl_typesupport_introspection_cpp.hpp\n'}
[4.674118] (booster_interface) StdoutLine: {'line': b'-- Up-to-date symlink: /home/booster/Workspace/Booster_T1_3v3_Demo/install/booster_interface/include/booster_interface/booster_interface/msg/detail/motor_state__rosidl_typesupport_introspection_cpp.hpp\n'}
[4.674255] (booster_interface) StdoutLine: {'line': b'-- Up-to-date symlink: /home/booster/Workspace/Booster_T1_3v3_Demo/install/booster_interface/include/booster_interface/booster_interface/msg/detail/odometer__rosidl_typesupport_introspection_cpp.hpp\n'}
[4.674370] (booster_interface) StdoutLine: {'line': b'-- Up-to-date symlink: /home/booster/Workspace/Booster_T1_3v3_Demo/install/booster_interface/include/booster_interface/booster_interface/msg/detail/raw_bytes_msg__rosidl_typesupport_introspection_cpp.hpp\n'}
[4.674487] (booster_interface) StdoutLine: {'line': b'-- Up-to-date symlink: /home/booster/Workspace/Booster_T1_3v3_Demo/install/booster_interface/include/booster_interface/booster_interface/msg/detail/raw_bytes_stamped__rosidl_typesupport_introspection_cpp.hpp\n'}
[4.674592] (booster_interface) StdoutLine: {'line': b'-- Up-to-date symlink: /home/booster/Workspace/Booster_T1_3v3_Demo/install/booster_interface/include/booster_interface/booster_interface/msg/detail/remote_controller_state__rosidl_typesupport_introspection_cpp.hpp\n'}
[4.674695] (booster_interface) StdoutLine: {'line': b'-- Up-to-date symlink: /home/booster/Workspace/Booster_T1_3v3_Demo/install/booster_interface/include/booster_interface/booster_interface/srv/detail/agent_service__rosidl_typesupport_introspection_cpp.hpp\n'}
[4.674813] (booster_interface) StdoutLine: {'line': b'-- Up-to-date symlink: /home/booster/Workspace/Booster_T1_3v3_Demo/install/booster_interface/include/booster_interface/booster_interface/srv/detail/rpc_service__rosidl_typesupport_introspection_cpp.hpp\n'}
[4.674919] (booster_interface) StdoutLine: {'line': b'-- Up-to-date symlink: /home/booster/Workspace/Booster_T1_3v3_Demo/install/booster_interface/share/booster_interface/environment/pythonpath.sh\n'}
[4.675057] (booster_interface) StdoutLine: {'line': b'-- Up-to-date symlink: /home/booster/Workspace/Booster_T1_3v3_Demo/install/booster_interface/share/booster_interface/environment/pythonpath.dsv\n'}
[4.678435] (booster_interface) StdoutLine: {'line': b'-- Up-to-date symlink: /home/booster/Workspace/Booster_T1_3v3_Demo/install/booster_interface/local/lib/python3.10/dist-packages/booster_interface-0.0.0-py3.10.egg-info/PKG-INFO\n'}
[4.678705] (booster_interface) StdoutLine: {'line': b'-- Up-to-date symlink: /home/booster/Workspace/Booster_T1_3v3_Demo/install/booster_interface/local/lib/python3.10/dist-packages/booster_interface-0.0.0-py3.10.egg-info/SOURCES.txt\n'}
[4.678837] (booster_interface) StdoutLine: {'line': b'-- Up-to-date symlink: /home/booster/Workspace/Booster_T1_3v3_Demo/install/booster_interface/local/lib/python3.10/dist-packages/booster_interface-0.0.0-py3.10.egg-info/dependency_links.txt\n'}
[4.678960] (booster_interface) StdoutLine: {'line': b'-- Up-to-date symlink: /home/booster/Workspace/Booster_T1_3v3_Demo/install/booster_interface/local/lib/python3.10/dist-packages/booster_interface-0.0.0-py3.10.egg-info/top_level.txt\n'}
[4.690136] (booster_interface) StdoutLine: {'line': b'-- Up-to-date symlink: /home/booster/Workspace/Booster_T1_3v3_Demo/install/booster_interface/local/lib/python3.10/dist-packages/booster_interface/__init__.py\n'}
[4.690491] (booster_interface) StdoutLine: {'line': b'-- Up-to-date symlink: /home/booster/Workspace/Booster_T1_3v3_Demo/install/booster_interface/local/lib/python3.10/dist-packages/booster_interface/_booster_interface_s.ep.rosidl_typesupport_c.c\n'}
[4.690625] (booster_interface) StdoutLine: {'line': b'-- Up-to-date symlink: /home/booster/Workspace/Booster_T1_3v3_Demo/install/booster_interface/local/lib/python3.10/dist-packages/booster_interface/_booster_interface_s.ep.rosidl_typesupport_fastrtps_c.c\n'}
[4.690743] (booster_interface) StdoutLine: {'line': b'-- Up-to-date symlink: /home/booster/Workspace/Booster_T1_3v3_Demo/install/booster_interface/local/lib/python3.10/dist-packages/booster_interface/_booster_interface_s.ep.rosidl_typesupport_introspection_c.c\n'}
[4.690851] (booster_interface) StdoutLine: {'line': b'-- Up-to-date symlink: /home/booster/Workspace/Booster_T1_3v3_Demo/install/booster_interface/local/lib/python3.10/dist-packages/booster_interface/booster_interface_s__rosidl_typesupport_c.cpython-310-aarch64-linux-gnu.so\n'}
[4.690958] (booster_interface) StdoutLine: {'line': b'-- Up-to-date symlink: /home/booster/Workspace/Booster_T1_3v3_Demo/install/booster_interface/local/lib/python3.10/dist-packages/booster_interface/booster_interface_s__rosidl_typesupport_fastrtps_c.cpython-310-aarch64-linux-gnu.so\n'}
[4.691060] (booster_interface) StdoutLine: {'line': b'-- Up-to-date symlink: /home/booster/Workspace/Booster_T1_3v3_Demo/install/booster_interface/local/lib/python3.10/dist-packages/booster_interface/booster_interface_s__rosidl_typesupport_introspection_c.cpython-310-aarch64-linux-gnu.so\n'}
[4.691162] (booster_interface) StdoutLine: {'line': b'-- Up-to-date symlink: /home/booster/Workspace/Booster_T1_3v3_Demo/install/booster_interface/local/lib/python3.10/dist-packages/booster_interface/libbooster_interface__rosidl_generator_py.so\n'}
[4.691262] (booster_interface) StdoutLine: {'line': b'-- Up-to-date symlink: /home/booster/Workspace/Booster_T1_3v3_Demo/install/booster_interface/local/lib/python3.10/dist-packages/booster_interface/msg/__init__.py\n'}
[4.691359] (booster_interface) StdoutLine: {'line': b'-- Up-to-date symlink: /home/booster/Workspace/Booster_T1_3v3_Demo/install/booster_interface/local/lib/python3.10/dist-packages/booster_interface/msg/_booster_api_req_msg.py\n'}
[4.691456] (booster_interface) StdoutLine: {'line': b'-- Up-to-date symlink: /home/booster/Workspace/Booster_T1_3v3_Demo/install/booster_interface/local/lib/python3.10/dist-packages/booster_interface/msg/_booster_api_req_msg_s.c\n'}
[4.691553] (booster_interface) StdoutLine: {'line': b'-- Up-to-date symlink: /home/booster/Workspace/Booster_T1_3v3_Demo/install/booster_interface/local/lib/python3.10/dist-packages/booster_interface/msg/_booster_api_resp_msg.py\n'}
[4.691666] (booster_interface) StdoutLine: {'line': b'-- Up-to-date symlink: /home/booster/Workspace/Booster_T1_3v3_Demo/install/booster_interface/local/lib/python3.10/dist-packages/booster_interface/msg/_booster_api_resp_msg_s.c\n'}
[4.692180] (booster_interface) StdoutLine: {'line': b'-- Up-to-date symlink: /home/booster/Workspace/Booster_T1_3v3_Demo/install/booster_interface/local/lib/python3.10/dist-packages/booster_interface/msg/_button_event_msg.py\n'}
[4.692308] (booster_interface) StdoutLine: {'line': b'-- Up-to-date symlink: /home/booster/Workspace/Booster_T1_3v3_Demo/install/booster_interface/local/lib/python3.10/dist-packages/booster_interface/msg/_button_event_msg_s.c\n'}
[4.692428] (booster_interface) StdoutLine: {'line': b'-- Up-to-date symlink: /home/booster/Workspace/Booster_T1_3v3_Demo/install/booster_interface/local/lib/python3.10/dist-packages/booster_interface/msg/_fall_down_state.py\n'}
[4.692559] (booster_interface) StdoutLine: {'line': b'-- Up-to-date symlink: /home/booster/Workspace/Booster_T1_3v3_Demo/install/booster_interface/local/lib/python3.10/dist-packages/booster_interface/msg/_fall_down_state_s.c\n'}
[4.692726] (booster_interface) StdoutLine: {'line': b'-- Up-to-date symlink: /home/booster/Workspace/Booster_T1_3v3_Demo/install/booster_interface/local/lib/python3.10/dist-packages/booster_interface/msg/_hand_command.py\n'}
[4.692840] (booster_interface) StdoutLine: {'line': b'-- Up-to-date symlink: /home/booster/Workspace/Booster_T1_3v3_Demo/install/booster_interface/local/lib/python3.10/dist-packages/booster_interface/msg/_hand_command_s.c\n'}
[4.692940] (booster_interface) StdoutLine: {'line': b'-- Up-to-date symlink: /home/booster/Workspace/Booster_T1_3v3_Demo/install/booster_interface/local/lib/python3.10/dist-packages/booster_interface/msg/_hand_dds_msg.py\n'}
[4.693038] (booster_interface) StdoutLine: {'line': b'-- Up-to-date symlink: /home/booster/Workspace/Booster_T1_3v3_Demo/install/booster_interface/local/lib/python3.10/dist-packages/booster_interface/msg/_hand_dds_msg_s.c\n'}
[4.693136] (booster_interface) StdoutLine: {'line': b'-- Up-to-date symlink: /home/booster/Workspace/Booster_T1_3v3_Demo/install/booster_interface/local/lib/python3.10/dist-packages/booster_interface/msg/_hand_param.py\n'}
[4.693263] (booster_interface) StdoutLine: {'line': b'-- Up-to-date symlink: /home/booster/Workspace/Booster_T1_3v3_Demo/install/booster_interface/local/lib/python3.10/dist-packages/booster_interface/msg/_hand_param_s.c\n'}
[4.693558] (booster_interface) StdoutLine: {'line': b'-- Up-to-date symlink: /home/booster/Workspace/Booster_T1_3v3_Demo/install/booster_interface/local/lib/python3.10/dist-packages/booster_interface/msg/_imu_state.py\n'}
[4.693718] (booster_interface) StdoutLine: {'line': b'-- Up-to-date symlink: /home/booster/Workspace/Booster_T1_3v3_Demo/install/booster_interface/local/lib/python3.10/dist-packages/booster_interface/msg/_imu_state_s.c\n'}
[4.693929] (booster_interface) StdoutLine: {'line': b'-- Up-to-date symlink: /home/booster/Workspace/Booster_T1_3v3_Demo/install/booster_interface/local/lib/python3.10/dist-packages/booster_interface/msg/_low_cmd.py\n'}
[4.694038] (booster_interface) StdoutLine: {'line': b'-- Up-to-date symlink: /home/booster/Workspace/Booster_T1_3v3_Demo/install/booster_interface/local/lib/python3.10/dist-packages/booster_interface/msg/_low_cmd_s.c\n'}
[4.694140] (booster_interface) StdoutLine: {'line': b'-- Up-to-date symlink: /home/booster/Workspace/Booster_T1_3v3_Demo/install/booster_interface/local/lib/python3.10/dist-packages/booster_interface/msg/_low_state.py\n'}
[4.694245] (booster_interface) StdoutLine: {'line': b'-- Up-to-date symlink: /home/booster/Workspace/Booster_T1_3v3_Demo/install/booster_interface/local/lib/python3.10/dist-packages/booster_interface/msg/_low_state_s.c\n'}
[4.694345] (booster_interface) StdoutLine: {'line': b'-- Up-to-date symlink: /home/booster/Workspace/Booster_T1_3v3_Demo/install/booster_interface/local/lib/python3.10/dist-packages/booster_interface/msg/_motor_cmd.py\n'}
[4.694471] (booster_interface) StdoutLine: {'line': b'-- Up-to-date symlink: /home/booster/Workspace/Booster_T1_3v3_Demo/install/booster_interface/local/lib/python3.10/dist-packages/booster_interface/msg/_motor_cmd_s.c\n'}
[4.694569] (booster_interface) StdoutLine: {'line': b'-- Up-to-date symlink: /home/booster/Workspace/Booster_T1_3v3_Demo/install/booster_interface/local/lib/python3.10/dist-packages/booster_interface/msg/_motor_state.py\n'}
[4.694670] (booster_interface) StdoutLine: {'line': b'-- Up-to-date symlink: /home/booster/Workspace/Booster_T1_3v3_Demo/install/booster_interface/local/lib/python3.10/dist-packages/booster_interface/msg/_motor_state_s.c\n'}
[4.694767] (booster_interface) StdoutLine: {'line': b'-- Up-to-date symlink: /home/booster/Workspace/Booster_T1_3v3_Demo/install/booster_interface/local/lib/python3.10/dist-packages/booster_interface/msg/_odometer.py\n'}
[4.694863] (booster_interface) StdoutLine: {'line': b'-- Up-to-date symlink: /home/booster/Workspace/Booster_T1_3v3_Demo/install/booster_interface/local/lib/python3.10/dist-packages/booster_interface/msg/_odometer_s.c\n'}
[4.695338] (booster_interface) StdoutLine: {'line': b'-- Up-to-date symlink: /home/booster/Workspace/Booster_T1_3v3_Demo/install/booster_interface/local/lib/python3.10/dist-packages/booster_interface/msg/_raw_bytes_msg.py\n'}
[4.695595] (booster_interface) StdoutLine: {'line': b'-- Up-to-date symlink: /home/booster/Workspace/Booster_T1_3v3_Demo/install/booster_interface/local/lib/python3.10/dist-packages/booster_interface/msg/_raw_bytes_msg_s.c\n'}
[4.695910] (booster_interface) StdoutLine: {'line': b'-- Up-to-date symlink: /home/booster/Workspace/Booster_T1_3v3_Demo/install/booster_interface/local/lib/python3.10/dist-packages/booster_interface/msg/_raw_bytes_stamped.py\n'}
[4.696280] (booster_interface) StdoutLine: {'line': b'-- Up-to-date symlink: /home/booster/Workspace/Booster_T1_3v3_Demo/install/booster_interface/local/lib/python3.10/dist-packages/booster_interface/msg/_raw_bytes_stamped_s.c\n'}
[4.696544] (booster_interface) StdoutLine: {'line': b'-- Up-to-date symlink: /home/booster/Workspace/Booster_T1_3v3_Demo/install/booster_interface/local/lib/python3.10/dist-packages/booster_interface/msg/_remote_controller_state.py\n'}
[4.696724] (booster_interface) StdoutLine: {'line': b'-- Up-to-date symlink: /home/booster/Workspace/Booster_T1_3v3_Demo/install/booster_interface/local/lib/python3.10/dist-packages/booster_interface/msg/_remote_controller_state_s.c\n'}
[4.697049] (booster_interface) StdoutLine: {'line': b'-- Up-to-date symlink: /home/booster/Workspace/Booster_T1_3v3_Demo/install/booster_interface/local/lib/python3.10/dist-packages/booster_interface/srv/__init__.py\n'}
[4.697385] (booster_interface) StdoutLine: {'line': b'-- Up-to-date symlink: /home/booster/Workspace/Booster_T1_3v3_Demo/install/booster_interface/local/lib/python3.10/dist-packages/booster_interface/srv/_agent_service.py\n'}
[4.697818] (booster_interface) StdoutLine: {'line': b'-- Up-to-date symlink: /home/booster/Workspace/Booster_T1_3v3_Demo/install/booster_interface/local/lib/python3.10/dist-packages/booster_interface/srv/_agent_service_s.c\n'}
[4.698129] (booster_interface) StdoutLine: {'line': b'-- Up-to-date symlink: /home/booster/Workspace/Booster_T1_3v3_Demo/install/booster_interface/local/lib/python3.10/dist-packages/booster_interface/srv/_rpc_service.py\n'}
[4.698394] (booster_interface) StdoutLine: {'line': b'-- Up-to-date symlink: /home/booster/Workspace/Booster_T1_3v3_Demo/install/booster_interface/local/lib/python3.10/dist-packages/booster_interface/srv/_rpc_service_s.c\n'}
[4.698818] (booster_interface) StdoutLine: {'line': b'-- Up-to-date symlink: /home/booster/Workspace/Booster_T1_3v3_Demo/install/booster_interface/local/lib/python3.10/dist-packages/booster_interface/booster_interface_s__rosidl_typesupport_fastrtps_c.cpython-310-aarch64-linux-gnu.so\n'}
[4.698970] (booster_interface) StdoutLine: {'line': b'-- Up-to-date symlink: /home/booster/Workspace/Booster_T1_3v3_Demo/install/booster_interface/local/lib/python3.10/dist-packages/booster_interface/booster_interface_s__rosidl_typesupport_introspection_c.cpython-310-aarch64-linux-gnu.so\n'}
[4.699323] (booster_interface) StdoutLine: {'line': b'-- Up-to-date symlink: /home/booster/Workspace/Booster_T1_3v3_Demo/install/booster_interface/local/lib/python3.10/dist-packages/booster_interface/booster_interface_s__rosidl_typesupport_c.cpython-310-aarch64-linux-gnu.so\n'}
[4.699563] (booster_interface) StdoutLine: {'line': b'-- Up-to-date symlink: /home/booster/Workspace/Booster_T1_3v3_Demo/install/booster_interface/share/booster_interface/msg/BoosterApiReqMsg.idl\n'}
[4.700996] (booster_interface) StdoutLine: {'line': b'-- Up-to-date symlink: /home/booster/Workspace/Booster_T1_3v3_Demo/install/booster_interface/share/booster_interface/msg/BoosterApiRespMsg.idl\n'}
[4.701440] (booster_interface) StdoutLine: {'line': b'-- Up-to-date symlink: /home/booster/Workspace/Booster_T1_3v3_Demo/install/booster_interface/share/booster_interface/msg/ButtonEventMsg.idl\n'}
[4.702052] (booster_interface) StdoutLine: {'line': b'-- Up-to-date symlink: /home/booster/Workspace/Booster_T1_3v3_Demo/install/booster_interface/share/booster_interface/msg/MotorState.idl\n'}
[4.702279] (booster_interface) StdoutLine: {'line': b'-- Up-to-date symlink: /home/booster/Workspace/Booster_T1_3v3_Demo/install/booster_interface/share/booster_interface/msg/MotorCmd.idl\n'}
[4.702684] (booster_interface) StdoutLine: {'line': b'-- Up-to-date symlink: /home/booster/Workspace/Booster_T1_3v3_Demo/install/booster_interface/share/booster_interface/msg/LowCmd.idl\n'}
[4.702878] (booster_interface) StdoutLine: {'line': b'-- Up-to-date symlink: /home/booster/Workspace/Booster_T1_3v3_Demo/install/booster_interface/share/booster_interface/msg/ImuState.idl\n'}
[4.703366] (booster_interface) StdoutLine: {'line': b'-- Up-to-date symlink: /home/booster/Workspace/Booster_T1_3v3_Demo/install/booster_interface/share/booster_interface/msg/LowState.idl\n'}
[4.703769] (booster_interface) StdoutLine: {'line': b'-- Up-to-date symlink: /home/booster/Workspace/Booster_T1_3v3_Demo/install/booster_interface/share/booster_interface/msg/RawBytesMsg.idl\n'}
[4.704582] (booster_interface) StdoutLine: {'line': b'-- Up-to-date symlink: /home/booster/Workspace/Booster_T1_3v3_Demo/install/booster_interface/share/booster_interface/msg/RawBytesStamped.idl\n'}
[4.705799] (booster_interface) StdoutLine: {'line': b'-- Up-to-date symlink: /home/booster/Workspace/Booster_T1_3v3_Demo/install/booster_interface/share/booster_interface/msg/Odometer.idl\n'}
[4.706207] (booster_interface) StdoutLine: {'line': b'-- Up-to-date symlink: /home/booster/Workspace/Booster_T1_3v3_Demo/install/booster_interface/share/booster_interface/msg/FallDownState.idl\n'}
[4.706678] (booster_interface) StdoutLine: {'line': b'-- Up-to-date symlink: /home/booster/Workspace/Booster_T1_3v3_Demo/install/booster_interface/share/booster_interface/msg/RemoteControllerState.idl\n'}
[4.707461] (booster_interface) StdoutLine: {'line': b'-- Up-to-date symlink: /home/booster/Workspace/Booster_T1_3v3_Demo/install/booster_interface/share/booster_interface/msg/HandCommand.idl\n'}
[4.707761] (booster_interface) StdoutLine: {'line': b'-- Up-to-date symlink: /home/booster/Workspace/Booster_T1_3v3_Demo/install/booster_interface/share/booster_interface/msg/HandDdsMsg.idl\n'}
[4.708067] (booster_interface) StdoutLine: {'line': b'-- Up-to-date symlink: /home/booster/Workspace/Booster_T1_3v3_Demo/install/booster_interface/share/booster_interface/msg/HandParam.idl\n'}
[4.708378] (booster_interface) StdoutLine: {'line': b'-- Up-to-date symlink: /home/booster/Workspace/Booster_T1_3v3_Demo/install/booster_interface/share/booster_interface/srv/RpcService.idl\n'}
[4.709059] (booster_interface) StdoutLine: {'line': b'-- Up-to-date symlink: /home/booster/Workspace/Booster_T1_3v3_Demo/install/booster_interface/share/booster_interface/srv/AgentService.idl\n'}
[4.709367] (booster_interface) StdoutLine: {'line': b'-- Up-to-date symlink: /home/booster/Workspace/Booster_T1_3v3_Demo/install/booster_interface/share/booster_interface/msg/BoosterApiReqMsg.msg\n'}
[4.709682] (booster_interface) StdoutLine: {'line': b'-- Up-to-date symlink: /home/booster/Workspace/Booster_T1_3v3_Demo/install/booster_interface/share/booster_interface/msg/BoosterApiRespMsg.msg\n'}
[4.710084] (booster_interface) StdoutLine: {'line': b'-- Up-to-date symlink: /home/booster/Workspace/Booster_T1_3v3_Demo/install/booster_interface/share/booster_interface/msg/ButtonEventMsg.msg\n'}
[4.710379] (booster_interface) StdoutLine: {'line': b'-- Up-to-date symlink: /home/booster/Workspace/Booster_T1_3v3_Demo/install/booster_interface/share/booster_interface/msg/MotorState.msg\n'}
[4.711083] (booster_interface) StdoutLine: {'line': b'-- Up-to-date symlink: /home/booster/Workspace/Booster_T1_3v3_Demo/install/booster_interface/share/booster_interface/msg/MotorCmd.msg\n'}
[4.711442] (booster_interface) StdoutLine: {'line': b'-- Up-to-date symlink: /home/booster/Workspace/Booster_T1_3v3_Demo/install/booster_interface/share/booster_interface/msg/LowCmd.msg\n'}
[4.712000] (booster_interface) StdoutLine: {'line': b'-- Up-to-date symlink: /home/booster/Workspace/Booster_T1_3v3_Demo/install/booster_interface/share/booster_interface/msg/ImuState.msg\n'}
[4.712300] (booster_interface) StdoutLine: {'line': b'-- Up-to-date symlink: /home/booster/Workspace/Booster_T1_3v3_Demo/install/booster_interface/share/booster_interface/msg/LowState.msg\n'}
[4.712925] (booster_interface) StdoutLine: {'line': b'-- Up-to-date symlink: /home/booster/Workspace/Booster_T1_3v3_Demo/install/booster_interface/share/booster_interface/msg/RawBytesMsg.msg\n'}
[4.714106] (booster_interface) StdoutLine: {'line': b'-- Up-to-date symlink: /home/booster/Workspace/Booster_T1_3v3_Demo/install/booster_interface/share/booster_interface/msg/RawBytesStamped.msg\n'}
[4.714342] (booster_interface) StdoutLine: {'line': b'-- Up-to-date symlink: /home/booster/Workspace/Booster_T1_3v3_Demo/install/booster_interface/share/booster_interface/msg/Odometer.msg\n'}
[4.714484] (booster_interface) StdoutLine: {'line': b'-- Up-to-date symlink: /home/booster/Workspace/Booster_T1_3v3_Demo/install/booster_interface/share/booster_interface/msg/FallDownState.msg\n'}
[4.722794] (booster_interface) StdoutLine: {'line': b'-- Up-to-date symlink: /home/booster/Workspace/Booster_T1_3v3_Demo/install/booster_interface/share/booster_interface/msg/RemoteControllerState.msg\n'}
[4.723336] (booster_interface) StdoutLine: {'line': b'-- Up-to-date symlink: /home/booster/Workspace/Booster_T1_3v3_Demo/install/booster_interface/share/booster_interface/msg/HandCommand.msg\n'}
[4.726644] (booster_interface) StdoutLine: {'line': b'-- Up-to-date symlink: /home/booster/Workspace/Booster_T1_3v3_Demo/install/booster_interface/share/booster_interface/msg/HandDdsMsg.msg\n'}
[4.727383] (booster_interface) StdoutLine: {'line': b'-- Up-to-date symlink: /home/booster/Workspace/Booster_T1_3v3_Demo/install/booster_interface/share/booster_interface/msg/HandParam.msg\n'}
[4.731217] (booster_interface) StdoutLine: {'line': b'-- Up-to-date symlink: /home/booster/Workspace/Booster_T1_3v3_Demo/install/booster_interface/share/booster_interface/srv/RpcService.srv\n'}
[4.734564] (booster_interface) StdoutLine: {'line': b'-- Up-to-date symlink: /home/booster/Workspace/Booster_T1_3v3_Demo/install/booster_interface/share/booster_interface/srv/RpcService_Request.msg\n'}
[4.751774] (booster_interface) StdoutLine: {'line': b'-- Up-to-date symlink: /home/booster/Workspace/Booster_T1_3v3_Demo/install/booster_interface/share/booster_interface/srv/RpcService_Response.msg\n'}
[4.758158] (-) TimerEvent: {}
[4.758829] (booster_interface) StdoutLine: {'line': b'-- Up-to-date symlink: /home/booster/Workspace/Booster_T1_3v3_Demo/install/booster_interface/share/booster_interface/srv/AgentService.srv\n'}
[4.764313] (booster_interface) StdoutLine: {'line': b'-- Up-to-date symlink: /home/booster/Workspace/Booster_T1_3v3_Demo/install/booster_interface/share/booster_interface/srv/AgentService_Request.msg\n'}
[4.769922] (booster_interface) StdoutLine: {'line': b'-- Up-to-date symlink: /home/booster/Workspace/Booster_T1_3v3_Demo/install/booster_interface/share/booster_interface/srv/AgentService_Response.msg\n'}
[4.770733] (booster_interface) StdoutLine: {'line': b'-- Up-to-date symlink: /home/booster/Workspace/Booster_T1_3v3_Demo/install/booster_interface/include//booster_interface/booster_interface/message_utils.hpp\n'}
[4.770965] (booster_interface) StdoutLine: {'line': b'-- Up-to-date symlink: /home/booster/Workspace/Booster_T1_3v3_Demo/install/booster_interface/include//booster_interface/booster_interface/third_party/nlohmann_json/json.hpp\n'}
[4.771561] (booster_interface) StdoutLine: {'line': b'-- Up-to-date symlink: /home/booster/Workspace/Booster_T1_3v3_Demo/install/booster_interface/share/ament_index/resource_index/package_run_dependencies/booster_interface\n'}
[4.771716] (booster_interface) StdoutLine: {'line': b'-- Up-to-date symlink: /home/booster/Workspace/Booster_T1_3v3_Demo/install/booster_interface/share/ament_index/resource_index/parent_prefix_path/booster_interface\n'}
[4.771839] (booster_interface) StdoutLine: {'line': b'-- Up-to-date symlink: /home/booster/Workspace/Booster_T1_3v3_Demo/install/booster_interface/share/booster_interface/environment/ament_prefix_path.sh\n'}
[4.772048] (booster_interface) StdoutLine: {'line': b'-- Up-to-date symlink: /home/booster/Workspace/Booster_T1_3v3_Demo/install/booster_interface/share/booster_interface/environment/ament_prefix_path.dsv\n'}
[4.772162] (booster_interface) StdoutLine: {'line': b'-- Up-to-date symlink: /home/booster/Workspace/Booster_T1_3v3_Demo/install/booster_interface/share/booster_interface/environment/path.sh\n'}
[4.772265] (booster_interface) StdoutLine: {'line': b'-- Up-to-date symlink: /home/booster/Workspace/Booster_T1_3v3_Demo/install/booster_interface/share/booster_interface/environment/path.dsv\n'}
[4.773520] (booster_interface) StdoutLine: {'line': b'-- Up-to-date symlink: /home/booster/Workspace/Booster_T1_3v3_Demo/install/booster_interface/share/booster_interface/local_setup.bash\n'}
[4.773690] (booster_msgs) CommandEnded: {'returncode': 0}
[4.777315] (booster_interface) StdoutLine: {'line': b'-- Up-to-date symlink: /home/booster/Workspace/Booster_T1_3v3_Demo/install/booster_interface/share/booster_interface/local_setup.sh\n'}
[4.779847] (booster_interface) StdoutLine: {'line': b'-- Up-to-date symlink: /home/booster/Workspace/Booster_T1_3v3_Demo/install/booster_interface/share/booster_interface/local_setup.zsh\n'}
[4.780138] (booster_interface) StdoutLine: {'line': b'-- Up-to-date symlink: /home/booster/Workspace/Booster_T1_3v3_Demo/install/booster_interface/share/booster_interface/local_setup.dsv\n'}
[4.780549] (booster_interface) StdoutLine: {'line': b'-- Symlinking: /home/booster/Workspace/Booster_T1_3v3_Demo/install/booster_interface/share/booster_interface/package.dsv\n'}
[4.782920] (booster_interface) StdoutLine: {'line': b'-- Up-to-date symlink: /home/booster/Workspace/Booster_T1_3v3_Demo/install/booster_interface/share/ament_index/resource_index/packages/booster_interface\n'}
[4.783173] (booster_interface) StdoutLine: {'line': b'-- Up-to-date symlink: /home/booster/Workspace/Booster_T1_3v3_Demo/install/booster_interface/share/booster_interface/cmake/rosidl_cmake-extras.cmake\n'}
[4.783305] (booster_interface) StdoutLine: {'line': b'-- Up-to-date symlink: /home/booster/Workspace/Booster_T1_3v3_Demo/install/booster_interface/share/booster_interface/cmake/ament_cmake_export_dependencies-extras.cmake\n'}
[4.784454] (booster_interface) StdoutLine: {'line': b'-- Up-to-date symlink: /home/booster/Workspace/Booster_T1_3v3_Demo/install/booster_interface/share/booster_interface/cmake/ament_cmake_export_include_directories-extras.cmake\n'}
[4.785870] (booster_interface) StdoutLine: {'line': b'-- Up-to-date symlink: /home/booster/Workspace/Booster_T1_3v3_Demo/install/booster_interface/share/booster_interface/cmake/ament_cmake_export_libraries-extras.cmake\n'}
[4.786154] (booster_interface) StdoutLine: {'line': b'-- Up-to-date symlink: /home/booster/Workspace/Booster_T1_3v3_Demo/install/booster_interface/share/booster_interface/cmake/ament_cmake_export_targets-extras.cmake\n'}
[4.787873] (booster_interface) StdoutLine: {'line': b'-- Up-to-date symlink: /home/booster/Workspace/Booster_T1_3v3_Demo/install/booster_interface/share/booster_interface/cmake/rosidl_cmake_export_typesupport_targets-extras.cmake\n'}
[4.798027] (booster_interface) StdoutLine: {'line': b'-- Up-to-date symlink: /home/booster/Workspace/Booster_T1_3v3_Demo/install/booster_interface/share/booster_interface/cmake/rosidl_cmake_export_typesupport_libraries-extras.cmake\n'}
[4.798247] (booster_interface) StdoutLine: {'line': b'-- Up-to-date symlink: /home/booster/Workspace/Booster_T1_3v3_Demo/install/booster_interface/share/booster_interface/cmake/booster_interfaceConfig.cmake\n'}
[4.798374] (booster_interface) StdoutLine: {'line': b'-- Up-to-date symlink: /home/booster/Workspace/Booster_T1_3v3_Demo/install/booster_interface/share/booster_interface/cmake/booster_interfaceConfig-version.cmake\n'}
[4.798487] (booster_interface) StdoutLine: {'line': b'-- Up-to-date symlink: /home/booster/Workspace/Booster_T1_3v3_Demo/install/booster_interface/share/booster_interface/package.xml\n'}
[4.798597] (booster_interface) StdoutLine: {'line': b'-- Up-to-date: /home/booster/Workspace/Booster_T1_3v3_Demo/install/booster_interface/lib/libbooster_interface__rosidl_generator_c.so\n'}
[4.798704] (booster_interface) StdoutLine: {'line': b'-- Up-to-date: /home/booster/Workspace/Booster_T1_3v3_Demo/install/booster_interface/lib/libbooster_interface__rosidl_typesupport_fastrtps_c.so\n'}
[4.798807] (booster_interface) StdoutLine: {'line': b'-- Up-to-date: /home/booster/Workspace/Booster_T1_3v3_Demo/install/booster_interface/lib/libbooster_interface__rosidl_typesupport_fastrtps_cpp.so\n'}
[4.799061] (booster_interface) StdoutLine: {'line': b'-- Up-to-date: /home/booster/Workspace/Booster_T1_3v3_Demo/install/booster_interface/lib/libbooster_interface__rosidl_typesupport_introspection_c.so\n'}
[4.799208] (booster_interface) StdoutLine: {'line': b'-- Up-to-date: /home/booster/Workspace/Booster_T1_3v3_Demo/install/booster_interface/lib/libbooster_interface__rosidl_typesupport_c.so\n'}
[4.799322] (booster_interface) StdoutLine: {'line': b'-- Up-to-date: /home/booster/Workspace/Booster_T1_3v3_Demo/install/booster_interface/lib/libbooster_interface__rosidl_typesupport_introspection_cpp.so\n'}
[4.799446] (booster_interface) StdoutLine: {'line': b'-- Up-to-date: /home/booster/Workspace/Booster_T1_3v3_Demo/install/booster_interface/lib/libbooster_interface__rosidl_typesupport_cpp.so\n'}
[4.858780] (-) TimerEvent: {}
[4.863875] (booster_msgs) JobEnded: {'identifier': 'booster_msgs', 'rc': 0}
[4.864566] (game_controller_interface) CommandEnded: {'returncode': 0}
[4.959958] (-) TimerEvent: {}
[4.970891] (booster_interface) StdoutLine: {'line': b"Listing '/home/booster/Workspace/Booster_T1_3v3_Demo/install/booster_interface/local/lib/python3.10/dist-packages/booster_interface'...\n"}
[4.971251] (booster_interface) StdoutLine: {'line': b"Listing '/home/booster/Workspace/Booster_T1_3v3_Demo/install/booster_interface/local/lib/python3.10/dist-packages/booster_interface/msg'...\n"}
[4.971387] (booster_interface) StdoutLine: {'line': b"Listing '/home/booster/Workspace/Booster_T1_3v3_Demo/install/booster_interface/local/lib/python3.10/dist-packages/booster_interface/srv'...\n"}
[5.004212] (sound_play) StdoutLine: {'line': b'running develop\n'}
[5.039295] (booster_interface) StdoutLine: {'line': b'-- Up-to-date: /home/booster/Workspace/Booster_T1_3v3_Demo/install/booster_interface/lib/libbooster_interface__rosidl_generator_py.so\n'}
[5.039656] (booster_interface) StdoutLine: {'line': b'-- Up-to-date: /home/booster/Workspace/Booster_T1_3v3_Demo/install/booster_interface/share/booster_interface/cmake/export_booster_interface__rosidl_generator_cExport.cmake\n'}
[5.039813] (booster_interface) StdoutLine: {'line': b'-- Up-to-date: /home/booster/Workspace/Booster_T1_3v3_Demo/install/booster_interface/share/booster_interface/cmake/export_booster_interface__rosidl_generator_cExport-noconfig.cmake\n'}
[5.039926] (booster_interface) StdoutLine: {'line': b'-- Up-to-date: /home/booster/Workspace/Booster_T1_3v3_Demo/install/booster_interface/share/booster_interface/cmake/export_booster_interface__rosidl_typesupport_fastrtps_cExport.cmake\n'}
[5.040042] (booster_interface) StdoutLine: {'line': b'-- Up-to-date: /home/booster/Workspace/Booster_T1_3v3_Demo/install/booster_interface/share/booster_interface/cmake/export_booster_interface__rosidl_typesupport_fastrtps_cExport-noconfig.cmake\n'}
[5.040146] (booster_interface) StdoutLine: {'line': b'-- Up-to-date: /home/booster/Workspace/Booster_T1_3v3_Demo/install/booster_interface/share/booster_interface/cmake/export_booster_interface__rosidl_generator_cppExport.cmake\n'}
[5.040248] (booster_interface) StdoutLine: {'line': b'-- Up-to-date: /home/booster/Workspace/Booster_T1_3v3_Demo/install/booster_interface/share/booster_interface/cmake/export_booster_interface__rosidl_typesupport_fastrtps_cppExport.cmake\n'}
[5.040344] (booster_interface) StdoutLine: {'line': b'-- Up-to-date: /home/booster/Workspace/Booster_T1_3v3_Demo/install/booster_interface/share/booster_interface/cmake/export_booster_interface__rosidl_typesupport_fastrtps_cppExport-noconfig.cmake\n'}
[5.040482] (booster_interface) StdoutLine: {'line': b'-- Up-to-date: /home/booster/Workspace/Booster_T1_3v3_Demo/install/booster_interface/share/booster_interface/cmake/booster_interface__rosidl_typesupport_introspection_cExport.cmake\n'}
[5.040583] (booster_interface) StdoutLine: {'line': b'-- Up-to-date: /home/booster/Workspace/Booster_T1_3v3_Demo/install/booster_interface/share/booster_interface/cmake/booster_interface__rosidl_typesupport_introspection_cExport-noconfig.cmake\n'}
[5.040680] (booster_interface) StdoutLine: {'line': b'-- Up-to-date: /home/booster/Workspace/Booster_T1_3v3_Demo/install/booster_interface/share/booster_interface/cmake/booster_interface__rosidl_typesupport_cExport.cmake\n'}
[5.040794] (booster_interface) StdoutLine: {'line': b'-- Up-to-date: /home/booster/Workspace/Booster_T1_3v3_Demo/install/booster_interface/share/booster_interface/cmake/booster_interface__rosidl_typesupport_cExport-noconfig.cmake\n'}
[5.040986] (booster_interface) StdoutLine: {'line': b'-- Up-to-date: /home/booster/Workspace/Booster_T1_3v3_Demo/install/booster_interface/share/booster_interface/cmake/booster_interface__rosidl_typesupport_introspection_cppExport.cmake\n'}
[5.041103] (booster_interface) StdoutLine: {'line': b'-- Up-to-date: /home/booster/Workspace/Booster_T1_3v3_Demo/install/booster_interface/share/booster_interface/cmake/booster_interface__rosidl_typesupport_introspection_cppExport-noconfig.cmake\n'}
[5.041206] (booster_interface) StdoutLine: {'line': b'-- Up-to-date: /home/booster/Workspace/Booster_T1_3v3_Demo/install/booster_interface/share/booster_interface/cmake/booster_interface__rosidl_typesupport_cppExport.cmake\n'}
[5.041305] (booster_interface) StdoutLine: {'line': b'-- Up-to-date: /home/booster/Workspace/Booster_T1_3v3_Demo/install/booster_interface/share/booster_interface/cmake/booster_interface__rosidl_typesupport_cppExport-noconfig.cmake\n'}
[5.041406] (booster_interface) StdoutLine: {'line': b'-- Up-to-date: /home/booster/Workspace/Booster_T1_3v3_Demo/install/booster_interface/share/booster_interface/cmake/export_booster_interface__rosidl_generator_pyExport.cmake\n'}
[5.041502] (booster_interface) StdoutLine: {'line': b'-- Up-to-date: /home/booster/Workspace/Booster_T1_3v3_Demo/install/booster_interface/share/booster_interface/cmake/export_booster_interface__rosidl_generator_pyExport-noconfig.cmake\n'}
[5.060904] (-) TimerEvent: {}
[5.069794] (game_controller_interface) JobEnded: {'identifier': 'game_controller_interface', 'rc': 0}
[5.070798] (game_controller) JobStarted: {'identifier': 'game_controller'}
[5.119145] (booster_interface) CommandEnded: {'returncode': 0}
[5.162211] (-) TimerEvent: {}
[5.236879] (booster_interface) JobEnded: {'identifier': 'booster_interface', 'rc': 0}
[5.243611] (vision) JobProgress: {'identifier': 'vision', 'progress': 'cmake'}
[5.252009] (vision) JobProgress: {'identifier': 'vision', 'progress': 'build'}
[5.254806] (vision) Command: {'cmd': ['/usr/bin/cmake', '--build', '/home/booster/Workspace/Booster_T1_3v3_Demo/build/vision', '--', '-j5', '-l5'], 'cwd': '/home/booster/Workspace/Booster_T1_3v3_Demo/build/vision', 'env': OrderedDict([('SUDO_GID', '1000'), ('LESSOPEN', '| /usr/bin/lesspipe %s'), ('PYTHONWARNINGS', 'ignore::DeprecationWarning,ignore::UserWarning,ignore::FutureWarning'), ('MAIL', '/var/mail/root'), ('USER', 'root'), ('SHLVL', '2'), ('LD_LIBRARY_PATH', '/home/booster/Workspace/Booster_T1_3v3_Demo/install/vision_interface/lib:/opt/ros/humble/opt/rviz_ogre_vendor/lib:/opt/ros/humble/lib/aarch64-linux-gnu:/opt/ros/humble/lib'), ('HOME', '/root'), ('OLDPWD', '/home/booster/Workspace/Booster_T1_3v3_Demo/scripts'), ('ROS_PYTHON_VERSION', '3'), ('COLORTERM', 'truecolor'), ('SUDO_UID', '1000'), ('ROS_DISTRO', 'humble'), ('LOGNAME', 'root'), ('_', '/usr/bin/colcon'), ('ROS_VERSION', '2'), ('TERM', 'xterm-256color'), ('ROS_LOCALHOST_ONLY', '0'), ('PATH', '/opt/ros/humble/bin:/usr/local/sbin:/usr/local/bin:/usr/sbin:/usr/bin:/sbin:/bin:/usr/games:/usr/local/games:/snap/bin'), ('FASTRTPS_DEFAULT_PROFILES_FILE', '/opt/booster/BoosterRos2/fastdds_profile.xml'), ('LANG', 'en_US.UTF-8'), ('LS_COLORS', 'rs=0:di=01;34:ln=01;36:mh=00:pi=40;33:so=01;35:do=01;35:bd=40;33;01:cd=40;33;01:or=40;31;01:mi=00:su=37;41:sg=30;43:ca=30;41:tw=30;42:ow=34;42:st=37;44:ex=01;32:*.tar=01;31:*.tgz=01;31:*.arc=01;31:*.arj=01;31:*.taz=01;31:*.lha=01;31:*.lz4=01;31:*.lzh=01;31:*.lzma=01;31:*.tlz=01;31:*.txz=01;31:*.tzo=01;31:*.t7z=01;31:*.zip=01;31:*.z=01;31:*.dz=01;31:*.gz=01;31:*.lrz=01;31:*.lz=01;31:*.lzo=01;31:*.xz=01;31:*.zst=01;31:*.tzst=01;31:*.bz2=01;31:*.bz=01;31:*.tbz=01;31:*.tbz2=01;31:*.tz=01;31:*.deb=01;31:*.rpm=01;31:*.jar=01;31:*.war=01;31:*.ear=01;31:*.sar=01;31:*.rar=01;31:*.alz=01;31:*.ace=01;31:*.zoo=01;31:*.cpio=01;31:*.7z=01;31:*.rz=01;31:*.cab=01;31:*.wim=01;31:*.swm=01;31:*.dwm=01;31:*.esd=01;31:*.jpg=01;35:*.jpeg=01;35:*.mjpg=01;35:*.mjpeg=01;35:*.gif=01;35:*.bmp=01;35:*.pbm=01;35:*.pgm=01;35:*.ppm=01;35:*.tga=01;35:*.xbm=01;35:*.xpm=01;35:*.tif=01;35:*.tiff=01;35:*.png=01;35:*.svg=01;35:*.svgz=01;35:*.mng=01;35:*.pcx=01;35:*.mov=01;35:*.mpg=01;35:*.mpeg=01;35:*.m2v=01;35:*.mkv=01;35:*.webm=01;35:*.webp=01;35:*.ogm=01;35:*.mp4=01;35:*.m4v=01;35:*.mp4v=01;35:*.vob=01;35:*.qt=01;35:*.nuv=01;35:*.wmv=01;35:*.asf=01;35:*.rm=01;35:*.rmvb=01;35:*.flc=01;35:*.avi=01;35:*.fli=01;35:*.flv=01;35:*.gl=01;35:*.dl=01;35:*.xcf=01;35:*.xwd=01;35:*.yuv=01;35:*.cgm=01;35:*.emf=01;35:*.ogv=01;35:*.ogx=01;35:*.aac=00;36:*.au=00;36:*.flac=00;36:*.m4a=00;36:*.mid=00;36:*.midi=00;36:*.mka=00;36:*.mp3=00;36:*.mpc=00;36:*.ogg=00;36:*.ra=00;36:*.wav=00;36:*.oga=00;36:*.opus=00;36:*.spx=00;36:*.xspf=00;36:'), ('SUDO_COMMAND', '/usr/bin/su'), ('AMENT_PREFIX_PATH', '/home/booster/Workspace/Booster_T1_3v3_Demo/install/vision_interface:/opt/ros/humble'), ('SHELL', '/bin/bash'), ('SUDO_USER', 'booster'), ('LESSCLOSE', '/usr/bin/lesspipe %s %s'), ('PWD', '/home/booster/Workspace/Booster_T1_3v3_Demo/build/vision'), ('PYTHONPATH', '/home/booster/Workspace/Booster_T1_3v3_Demo/install/vision_interface/local/lib/python3.10/dist-packages:/opt/ros/humble/lib/python3.10/site-packages:/opt/ros/humble/local/lib/python3.10/dist-packages'), ('COLCON', '1'), ('CMAKE_PREFIX_PATH', '/home/booster/Workspace/Booster_T1_3v3_Demo/install/vision_interface:/opt/ros/humble')]), 'shell': False}
[5.270420] (-) TimerEvent: {}
[5.307325] (brain) JobStarted: {'identifier': 'brain'}
[5.337545] (game_controller) JobProgress: {'identifier': 'game_controller', 'progress': 'cmake'}
[5.337787] (game_controller) JobProgress: {'identifier': 'game_controller', 'progress': 'build'}
[5.337918] (game_controller) Command: {'cmd': ['/usr/bin/cmake', '--build', '/home/booster/Workspace/Booster_T1_3v3_Demo/build/game_controller', '--', '-j5', '-l5'], 'cwd': '/home/booster/Workspace/Booster_T1_3v3_Demo/build/game_controller', 'env': OrderedDict([('SUDO_GID', '1000'), ('LESSOPEN', '| /usr/bin/lesspipe %s'), ('PYTHONWARNINGS', 'ignore::DeprecationWarning,ignore::UserWarning,ignore::FutureWarning'), ('MAIL', '/var/mail/root'), ('USER', 'root'), ('SHLVL', '2'), ('LD_LIBRARY_PATH', '/home/booster/Workspace/Booster_T1_3v3_Demo/install/game_controller_interface/lib:/opt/ros/humble/opt/rviz_ogre_vendor/lib:/opt/ros/humble/lib/aarch64-linux-gnu:/opt/ros/humble/lib'), ('HOME', '/root'), ('OLDPWD', '/home/booster/Workspace/Booster_T1_3v3_Demo/scripts'), ('ROS_PYTHON_VERSION', '3'), ('COLORTERM', 'truecolor'), ('SUDO_UID', '1000'), ('ROS_DISTRO', 'humble'), ('LOGNAME', 'root'), ('_', '/usr/bin/colcon'), ('ROS_VERSION', '2'), ('TERM', 'xterm-256color'), ('ROS_LOCALHOST_ONLY', '0'), ('PATH', '/opt/ros/humble/bin:/usr/local/sbin:/usr/local/bin:/usr/sbin:/usr/bin:/sbin:/bin:/usr/games:/usr/local/games:/snap/bin'), ('FASTRTPS_DEFAULT_PROFILES_FILE', '/opt/booster/BoosterRos2/fastdds_profile.xml'), ('LANG', 'en_US.UTF-8'), ('LS_COLORS', 'rs=0:di=01;34:ln=01;36:mh=00:pi=40;33:so=01;35:do=01;35:bd=40;33;01:cd=40;33;01:or=40;31;01:mi=00:su=37;41:sg=30;43:ca=30;41:tw=30;42:ow=34;42:st=37;44:ex=01;32:*.tar=01;31:*.tgz=01;31:*.arc=01;31:*.arj=01;31:*.taz=01;31:*.lha=01;31:*.lz4=01;31:*.lzh=01;31:*.lzma=01;31:*.tlz=01;31:*.txz=01;31:*.tzo=01;31:*.t7z=01;31:*.zip=01;31:*.z=01;31:*.dz=01;31:*.gz=01;31:*.lrz=01;31:*.lz=01;31:*.lzo=01;31:*.xz=01;31:*.zst=01;31:*.tzst=01;31:*.bz2=01;31:*.bz=01;31:*.tbz=01;31:*.tbz2=01;31:*.tz=01;31:*.deb=01;31:*.rpm=01;31:*.jar=01;31:*.war=01;31:*.ear=01;31:*.sar=01;31:*.rar=01;31:*.alz=01;31:*.ace=01;31:*.zoo=01;31:*.cpio=01;31:*.7z=01;31:*.rz=01;31:*.cab=01;31:*.wim=01;31:*.swm=01;31:*.dwm=01;31:*.esd=01;31:*.jpg=01;35:*.jpeg=01;35:*.mjpg=01;35:*.mjpeg=01;35:*.gif=01;35:*.bmp=01;35:*.pbm=01;35:*.pgm=01;35:*.ppm=01;35:*.tga=01;35:*.xbm=01;35:*.xpm=01;35:*.tif=01;35:*.tiff=01;35:*.png=01;35:*.svg=01;35:*.svgz=01;35:*.mng=01;35:*.pcx=01;35:*.mov=01;35:*.mpg=01;35:*.mpeg=01;35:*.m2v=01;35:*.mkv=01;35:*.webm=01;35:*.webp=01;35:*.ogm=01;35:*.mp4=01;35:*.m4v=01;35:*.mp4v=01;35:*.vob=01;35:*.qt=01;35:*.nuv=01;35:*.wmv=01;35:*.asf=01;35:*.rm=01;35:*.rmvb=01;35:*.flc=01;35:*.avi=01;35:*.fli=01;35:*.flv=01;35:*.gl=01;35:*.dl=01;35:*.xcf=01;35:*.xwd=01;35:*.yuv=01;35:*.cgm=01;35:*.emf=01;35:*.ogv=01;35:*.ogx=01;35:*.aac=00;36:*.au=00;36:*.flac=00;36:*.m4a=00;36:*.mid=00;36:*.midi=00;36:*.mka=00;36:*.mp3=00;36:*.mpc=00;36:*.ogg=00;36:*.ra=00;36:*.wav=00;36:*.oga=00;36:*.opus=00;36:*.spx=00;36:*.xspf=00;36:'), ('SUDO_COMMAND', '/usr/bin/su'), ('AMENT_PREFIX_PATH', '/home/booster/Workspace/Booster_T1_3v3_Demo/install/game_controller_interface:/opt/ros/humble'), ('SHELL', '/bin/bash'), ('SUDO_USER', 'booster'), ('LESSCLOSE', '/usr/bin/lesspipe %s %s'), ('PWD', '/home/booster/Workspace/Booster_T1_3v3_Demo/build/game_controller'), ('PYTHONPATH', '/home/booster/Workspace/Booster_T1_3v3_Demo/install/game_controller_interface/local/lib/python3.10/dist-packages:/opt/ros/humble/lib/python3.10/site-packages:/opt/ros/humble/local/lib/python3.10/dist-packages'), ('COLCON', '1'), ('CMAKE_PREFIX_PATH', '/home/booster/Workspace/Booster_T1_3v3_Demo/install/game_controller_interface:/opt/ros/humble')]), 'shell': False}
[5.370572] (-) TimerEvent: {}
[5.376106] (sound_play) StdoutLine: {'line': b'running egg_info\n'}
[5.377328] (sound_play) StdoutLine: {'line': b'writing sound_play.egg-info/PKG-INFO\n'}
[5.378334] (sound_play) StdoutLine: {'line': b'writing dependency_links to sound_play.egg-info/dependency_links.txt\n'}
[5.379276] (sound_play) StdoutLine: {'line': b'writing entry points to sound_play.egg-info/entry_points.txt\n'}
[5.380316] (sound_play) StdoutLine: {'line': b'writing requirements to sound_play.egg-info/requires.txt\n'}
[5.381142] (sound_play) StdoutLine: {'line': b'writing top-level names to sound_play.egg-info/top_level.txt\n'}
[5.388083] (sound_play) StdoutLine: {'line': b"reading manifest file 'sound_play.egg-info/SOURCES.txt'\n"}
[5.393603] (sound_play) StdoutLine: {'line': b"writing manifest file 'sound_play.egg-info/SOURCES.txt'\n"}
[5.402685] (sound_play) StdoutLine: {'line': b'running build_ext\n'}
[5.404289] (sound_play) StdoutLine: {'line': b'Creating /home/booster/Workspace/Booster_T1_3v3_Demo/install/sound_play/lib/python3.10/site-packages/sound-play.egg-link (link to .)\n'}
[5.407508] (sound_play) StdoutLine: {'line': b'Installing sound_play_node script to /home/booster/Workspace/Booster_T1_3v3_Demo/install/sound_play/lib/sound_play\n'}
[5.409990] (sound_play) StdoutLine: {'line': b'\n'}
[5.410549] (sound_play) StdoutLine: {'line': b'Installed /home/booster/Workspace/Booster_T1_3v3_Demo/build/sound_play\n'}
[5.410716] (sound_play) StdoutLine: {'line': b'running symlink_data\n'}
[5.470745] (-) TimerEvent: {}
[5.533850] (sound_play) CommandEnded: {'returncode': 0}
[5.545043] (vision) StdoutLine: {'line': b'[ 27%] Built target yolov8_trt\n'}
[5.574276] (-) TimerEvent: {}
[5.602479] (sound_play) JobEnded: {'identifier': 'sound_play', 'rc': 0}
[5.608083] (brain) JobProgress: {'identifier': 'brain', 'progress': 'cmake'}
[5.612418] (brain) JobProgress: {'identifier': 'brain', 'progress': 'build'}
[5.613261] (brain) Command: {'cmd': ['/usr/bin/cmake', '--build', '/home/booster/Workspace/Booster_T1_3v3_Demo/build/brain', '--', '-j5', '-l5'], 'cwd': '/home/booster/Workspace/Booster_T1_3v3_Demo/build/brain', 'env': OrderedDict([('SUDO_GID', '1000'), ('LESSOPEN', '| /usr/bin/lesspipe %s'), ('PYTHONWARNINGS', 'ignore::DeprecationWarning,ignore::UserWarning,ignore::FutureWarning'), ('MAIL', '/var/mail/root'), ('USER', 'root'), ('SHLVL', '2'), ('LD_LIBRARY_PATH', '/home/booster/Workspace/Booster_T1_3v3_Demo/install/vision_interface/lib:/home/booster/Workspace/Booster_T1_3v3_Demo/install/game_controller_interface/lib:/home/booster/Workspace/Booster_T1_3v3_Demo/install/booster_msgs/lib:/home/booster/Workspace/Booster_T1_3v3_Demo/install/booster_interface/lib:/opt/ros/humble/opt/rviz_ogre_vendor/lib:/opt/ros/humble/lib/aarch64-linux-gnu:/opt/ros/humble/lib'), ('HOME', '/root'), ('OLDPWD', '/home/booster/Workspace/Booster_T1_3v3_Demo/scripts'), ('ROS_PYTHON_VERSION', '3'), ('COLORTERM', 'truecolor'), ('SUDO_UID', '1000'), ('ROS_DISTRO', 'humble'), ('LOGNAME', 'root'), ('_', '/usr/bin/colcon'), ('ROS_VERSION', '2'), ('TERM', 'xterm-256color'), ('ROS_LOCALHOST_ONLY', '0'), ('PATH', '/opt/ros/humble/bin:/usr/local/sbin:/usr/local/bin:/usr/sbin:/usr/bin:/sbin:/bin:/usr/games:/usr/local/games:/snap/bin'), ('FASTRTPS_DEFAULT_PROFILES_FILE', '/opt/booster/BoosterRos2/fastdds_profile.xml'), ('LANG', 'en_US.UTF-8'), ('LS_COLORS', 'rs=0:di=01;34:ln=01;36:mh=00:pi=40;33:so=01;35:do=01;35:bd=40;33;01:cd=40;33;01:or=40;31;01:mi=00:su=37;41:sg=30;43:ca=30;41:tw=30;42:ow=34;42:st=37;44:ex=01;32:*.tar=01;31:*.tgz=01;31:*.arc=01;31:*.arj=01;31:*.taz=01;31:*.lha=01;31:*.lz4=01;31:*.lzh=01;31:*.lzma=01;31:*.tlz=01;31:*.txz=01;31:*.tzo=01;31:*.t7z=01;31:*.zip=01;31:*.z=01;31:*.dz=01;31:*.gz=01;31:*.lrz=01;31:*.lz=01;31:*.lzo=01;31:*.xz=01;31:*.zst=01;31:*.tzst=01;31:*.bz2=01;31:*.bz=01;31:*.tbz=01;31:*.tbz2=01;31:*.tz=01;31:*.deb=01;31:*.rpm=01;31:*.jar=01;31:*.war=01;31:*.ear=01;31:*.sar=01;31:*.rar=01;31:*.alz=01;31:*.ace=01;31:*.zoo=01;31:*.cpio=01;31:*.7z=01;31:*.rz=01;31:*.cab=01;31:*.wim=01;31:*.swm=01;31:*.dwm=01;31:*.esd=01;31:*.jpg=01;35:*.jpeg=01;35:*.mjpg=01;35:*.mjpeg=01;35:*.gif=01;35:*.bmp=01;35:*.pbm=01;35:*.pgm=01;35:*.ppm=01;35:*.tga=01;35:*.xbm=01;35:*.xpm=01;35:*.tif=01;35:*.tiff=01;35:*.png=01;35:*.svg=01;35:*.svgz=01;35:*.mng=01;35:*.pcx=01;35:*.mov=01;35:*.mpg=01;35:*.mpeg=01;35:*.m2v=01;35:*.mkv=01;35:*.webm=01;35:*.webp=01;35:*.ogm=01;35:*.mp4=01;35:*.m4v=01;35:*.mp4v=01;35:*.vob=01;35:*.qt=01;35:*.nuv=01;35:*.wmv=01;35:*.asf=01;35:*.rm=01;35:*.rmvb=01;35:*.flc=01;35:*.avi=01;35:*.fli=01;35:*.flv=01;35:*.gl=01;35:*.dl=01;35:*.xcf=01;35:*.xwd=01;35:*.yuv=01;35:*.cgm=01;35:*.emf=01;35:*.ogv=01;35:*.ogx=01;35:*.aac=00;36:*.au=00;36:*.flac=00;36:*.m4a=00;36:*.mid=00;36:*.midi=00;36:*.mka=00;36:*.mp3=00;36:*.mpc=00;36:*.ogg=00;36:*.ra=00;36:*.wav=00;36:*.oga=00;36:*.opus=00;36:*.spx=00;36:*.xspf=00;36:'), ('SUDO_COMMAND', '/usr/bin/su'), ('AMENT_PREFIX_PATH', '/home/booster/Workspace/Booster_T1_3v3_Demo/install/vision_interface:/home/booster/Workspace/Booster_T1_3v3_Demo/install/game_controller_interface:/home/booster/Workspace/Booster_T1_3v3_Demo/install/booster_msgs:/home/booster/Workspace/Booster_T1_3v3_Demo/install/booster_interface:/opt/ros/humble'), ('SHELL', '/bin/bash'), ('SUDO_USER', 'booster'), ('LESSCLOSE', '/usr/bin/lesspipe %s %s'), ('PWD', '/home/booster/Workspace/Booster_T1_3v3_Demo/build/brain'), ('PYTHONPATH', '/home/booster/Workspace/Booster_T1_3v3_Demo/install/vision_interface/local/lib/python3.10/dist-packages:/home/booster/Workspace/Booster_T1_3v3_Demo/install/game_controller_interface/local/lib/python3.10/dist-packages:/home/booster/Workspace/Booster_T1_3v3_Demo/install/booster_msgs/local/lib/python3.10/dist-packages:/home/booster/Workspace/Booster_T1_3v3_Demo/install/booster_interface/local/lib/python3.10/dist-packages:/opt/ros/humble/lib/python3.10/site-packages:/opt/ros/humble/local/lib/python3.10/dist-packages'), ('COLCON', '1'), ('CMAKE_PREFIX_PATH', '/home/booster/Workspace/Booster_T1_3v3_Demo/install/vision_interface:/home/booster/Workspace/Booster_T1_3v3_Demo/install/game_controller_interface:/home/booster/Workspace/Booster_T1_3v3_Demo/install/booster_msgs:/home/booster/Workspace/Booster_T1_3v3_Demo/install/booster_interface:/opt/ros/humble')]), 'shell': False}
[5.640583] (vision) StdoutLine: {'line': b'[ 42%] Built target booster_vision_base\n'}
[5.674667] (-) TimerEvent: {}
[5.697978] (game_controller) StdoutLine: {'line': b'[100%] Built target game_controller_node\n'}
[5.730466] (game_controller) CommandEnded: {'returncode': 0}
[5.731552] (game_controller) JobProgress: {'identifier': 'game_controller', 'progress': 'install'}
[5.731616] (game_controller) Command: {'cmd': ['/usr/bin/cmake', '--install', '/home/booster/Workspace/Booster_T1_3v3_Demo/build/game_controller'], 'cwd': '/home/booster/Workspace/Booster_T1_3v3_Demo/build/game_controller', 'env': OrderedDict([('SUDO_GID', '1000'), ('LESSOPEN', '| /usr/bin/lesspipe %s'), ('PYTHONWARNINGS', 'ignore::DeprecationWarning,ignore::UserWarning,ignore::FutureWarning'), ('MAIL', '/var/mail/root'), ('USER', 'root'), ('SHLVL', '2'), ('LD_LIBRARY_PATH', '/home/booster/Workspace/Booster_T1_3v3_Demo/install/game_controller_interface/lib:/opt/ros/humble/opt/rviz_ogre_vendor/lib:/opt/ros/humble/lib/aarch64-linux-gnu:/opt/ros/humble/lib'), ('HOME', '/root'), ('OLDPWD', '/home/booster/Workspace/Booster_T1_3v3_Demo/scripts'), ('ROS_PYTHON_VERSION', '3'), ('COLORTERM', 'truecolor'), ('SUDO_UID', '1000'), ('ROS_DISTRO', 'humble'), ('LOGNAME', 'root'), ('_', '/usr/bin/colcon'), ('ROS_VERSION', '2'), ('TERM', 'xterm-256color'), ('ROS_LOCALHOST_ONLY', '0'), ('PATH', '/opt/ros/humble/bin:/usr/local/sbin:/usr/local/bin:/usr/sbin:/usr/bin:/sbin:/bin:/usr/games:/usr/local/games:/snap/bin'), ('FASTRTPS_DEFAULT_PROFILES_FILE', '/opt/booster/BoosterRos2/fastdds_profile.xml'), ('LANG', 'en_US.UTF-8'), ('LS_COLORS', 'rs=0:di=01;34:ln=01;36:mh=00:pi=40;33:so=01;35:do=01;35:bd=40;33;01:cd=40;33;01:or=40;31;01:mi=00:su=37;41:sg=30;43:ca=30;41:tw=30;42:ow=34;42:st=37;44:ex=01;32:*.tar=01;31:*.tgz=01;31:*.arc=01;31:*.arj=01;31:*.taz=01;31:*.lha=01;31:*.lz4=01;31:*.lzh=01;31:*.lzma=01;31:*.tlz=01;31:*.txz=01;31:*.tzo=01;31:*.t7z=01;31:*.zip=01;31:*.z=01;31:*.dz=01;31:*.gz=01;31:*.lrz=01;31:*.lz=01;31:*.lzo=01;31:*.xz=01;31:*.zst=01;31:*.tzst=01;31:*.bz2=01;31:*.bz=01;31:*.tbz=01;31:*.tbz2=01;31:*.tz=01;31:*.deb=01;31:*.rpm=01;31:*.jar=01;31:*.war=01;31:*.ear=01;31:*.sar=01;31:*.rar=01;31:*.alz=01;31:*.ace=01;31:*.zoo=01;31:*.cpio=01;31:*.7z=01;31:*.rz=01;31:*.cab=01;31:*.wim=01;31:*.swm=01;31:*.dwm=01;31:*.esd=01;31:*.jpg=01;35:*.jpeg=01;35:*.mjpg=01;35:*.mjpeg=01;35:*.gif=01;35:*.bmp=01;35:*.pbm=01;35:*.pgm=01;35:*.ppm=01;35:*.tga=01;35:*.xbm=01;35:*.xpm=01;35:*.tif=01;35:*.tiff=01;35:*.png=01;35:*.svg=01;35:*.svgz=01;35:*.mng=01;35:*.pcx=01;35:*.mov=01;35:*.mpg=01;35:*.mpeg=01;35:*.m2v=01;35:*.mkv=01;35:*.webm=01;35:*.webp=01;35:*.ogm=01;35:*.mp4=01;35:*.m4v=01;35:*.mp4v=01;35:*.vob=01;35:*.qt=01;35:*.nuv=01;35:*.wmv=01;35:*.asf=01;35:*.rm=01;35:*.rmvb=01;35:*.flc=01;35:*.avi=01;35:*.fli=01;35:*.flv=01;35:*.gl=01;35:*.dl=01;35:*.xcf=01;35:*.xwd=01;35:*.yuv=01;35:*.cgm=01;35:*.emf=01;35:*.ogv=01;35:*.ogx=01;35:*.aac=00;36:*.au=00;36:*.flac=00;36:*.m4a=00;36:*.mid=00;36:*.midi=00;36:*.mka=00;36:*.mp3=00;36:*.mpc=00;36:*.ogg=00;36:*.ra=00;36:*.wav=00;36:*.oga=00;36:*.opus=00;36:*.spx=00;36:*.xspf=00;36:'), ('SUDO_COMMAND', '/usr/bin/su'), ('AMENT_PREFIX_PATH', '/home/booster/Workspace/Booster_T1_3v3_Demo/install/game_controller_interface:/opt/ros/humble'), ('SHELL', '/bin/bash'), ('SUDO_USER', 'booster'), ('LESSCLOSE', '/usr/bin/lesspipe %s %s'), ('PWD', '/home/booster/Workspace/Booster_T1_3v3_Demo/build/game_controller'), ('PYTHONPATH', '/home/booster/Workspace/Booster_T1_3v3_Demo/install/game_controller_interface/local/lib/python3.10/dist-packages:/opt/ros/humble/lib/python3.10/site-packages:/opt/ros/humble/local/lib/python3.10/dist-packages'), ('COLCON', '1'), ('CMAKE_PREFIX_PATH', '/home/booster/Workspace/Booster_T1_3v3_Demo/install/game_controller_interface:/opt/ros/humble')]), 'shell': False}
[5.755128] (brain) StdoutLine: {'line': b'[  2%] Built target brain__cpp\n'}
[5.759234] (game_controller) StdoutLine: {'line': b'-- Install configuration: ""\n'}
[5.762542] (game_controller) StdoutLine: {'line': b'-- Execute custom install script\n'}
[5.767691] (game_controller) StdoutLine: {'line': b'-- Up-to-date symlink: /home/booster/Workspace/Booster_T1_3v3_Demo/install/game_controller/share/game_controller/launch/launch.py\n'}
[5.770838] (game_controller) StdoutLine: {'line': b'-- Up-to-date symlink: /home/booster/Workspace/Booster_T1_3v3_Demo/install/game_controller/lib/game_controller/game_controller_node\n'}
[5.772982] (vision) StdoutLine: {'line': b'[ 48%] Built target yolov8_seg\n'}
[5.774796] (-) TimerEvent: {}
[5.777727] (game_controller) StdoutLine: {'line': b'-- Up-to-date symlink: /home/booster/Workspace/Booster_T1_3v3_Demo/install/game_controller/share/ament_index/resource_index/package_run_dependencies/game_controller\n'}
[5.780728] (game_controller) StdoutLine: {'line': b'-- Up-to-date symlink: /home/booster/Workspace/Booster_T1_3v3_Demo/install/game_controller/share/ament_index/resource_index/parent_prefix_path/game_controller\n'}
[5.783804] (game_controller) StdoutLine: {'line': b'-- Up-to-date symlink: /home/booster/Workspace/Booster_T1_3v3_Demo/install/game_controller/share/game_controller/environment/ament_prefix_path.sh\n'}
[5.787307] (game_controller) StdoutLine: {'line': b'-- Up-to-date symlink: /home/booster/Workspace/Booster_T1_3v3_Demo/install/game_controller/share/game_controller/environment/ament_prefix_path.dsv\n'}
[5.789513] (game_controller) StdoutLine: {'line': b'-- Up-to-date symlink: /home/booster/Workspace/Booster_T1_3v3_Demo/install/game_controller/share/game_controller/environment/path.sh\n'}
[5.791842] (game_controller) StdoutLine: {'line': b'-- Up-to-date symlink: /home/booster/Workspace/Booster_T1_3v3_Demo/install/game_controller/share/game_controller/environment/path.dsv\n'}
[5.794797] (game_controller) StdoutLine: {'line': b'-- Up-to-date symlink: /home/booster/Workspace/Booster_T1_3v3_Demo/install/game_controller/share/game_controller/local_setup.bash\n'}
[5.800288] (game_controller) StdoutLine: {'line': b'-- Up-to-date symlink: /home/booster/Workspace/Booster_T1_3v3_Demo/install/game_controller/share/game_controller/local_setup.sh\n'}
[5.803575] (game_controller) StdoutLine: {'line': b'-- Up-to-date symlink: /home/booster/Workspace/Booster_T1_3v3_Demo/install/game_controller/share/game_controller/local_setup.zsh\n'}
[5.806065] (game_controller) StdoutLine: {'line': b'-- Up-to-date symlink: /home/booster/Workspace/Booster_T1_3v3_Demo/install/game_controller/share/game_controller/local_setup.dsv\n'}
[5.813123] (game_controller) StdoutLine: {'line': b'-- Symlinking: /home/booster/Workspace/Booster_T1_3v3_Demo/install/game_controller/share/game_controller/package.dsv\n'}
[5.818299] (brain) StdoutLine: {'line': b'[  2%] Built target ament_cmake_python_symlink_brain\n'}
[5.861150] (game_controller) StdoutLine: {'line': b'-- Up-to-date symlink: /home/booster/Workspace/Booster_T1_3v3_Demo/install/game_controller/share/ament_index/resource_index/packages/game_controller\n'}
[5.863676] (game_controller) StdoutLine: {'line': b'-- Up-to-date symlink: /home/booster/Workspace/Booster_T1_3v3_Demo/install/game_controller/share/game_controller/cmake/game_controllerConfig.cmake\n'}
[5.865196] (game_controller) StdoutLine: {'line': b'-- Up-to-date symlink: /home/booster/Workspace/Booster_T1_3v3_Demo/install/game_controller/share/game_controller/cmake/game_controllerConfig-version.cmake\n'}
[5.867776] (game_controller) StdoutLine: {'line': b'-- Up-to-date symlink: /home/booster/Workspace/Booster_T1_3v3_Demo/install/game_controller/share/game_controller/package.xml\n'}
[5.870203] (vision) StdoutLine: {'line': b'[ 57%] Built target booster_vision_calibration\n'}
[5.877456] (game_controller) CommandEnded: {'returncode': 0}
[5.878139] (-) TimerEvent: {}
[5.887822] (brain) StdoutLine: {'line': b'[  9%] Built target brain__rosidl_typesupport_introspection_cpp\n'}
[5.944849] (vision) StdoutLine: {'line': b'[ 63%] Built target yolov8_det\n'}
[5.966949] (game_controller) JobEnded: {'identifier': 'game_controller', 'rc': 0}
[5.978298] (-) TimerEvent: {}
[6.074949] (vision) StdoutLine: {'line': b'[ 72%] Built target yolov8_model\n'}
[6.078808] (-) TimerEvent: {}
[6.179687] (-) TimerEvent: {}
[6.252199] (vision) StdoutLine: {'line': b'[ 78%] Built target booster_vision_pose_estimator\n'}
[6.280075] (-) TimerEvent: {}
[6.381070] (-) TimerEvent: {}
[6.399870] (vision) StdoutLine: {'line': b'[ 90%] Built target vision_node\n'}
[6.481207] (-) TimerEvent: {}
[6.531102] (vision) StdoutLine: {'line': b'[100%] Built target calibration_node\n'}
[6.558200] (brain) StdoutLine: {'line': b'running egg_info\n'}
[6.559723] (brain) StdoutLine: {'line': b'writing brain.egg-info/PKG-INFO\n'}
[6.561201] (brain) StdoutLine: {'line': b'writing dependency_links to brain.egg-info/dependency_links.txt\n'}
[6.561621] (brain) StdoutLine: {'line': b'writing top-level names to brain.egg-info/top_level.txt\n'}
[6.565140] (brain) StdoutLine: {'line': b"reading manifest file 'brain.egg-info/SOURCES.txt'\n"}
[6.569125] (brain) StdoutLine: {'line': b"writing manifest file 'brain.egg-info/SOURCES.txt'\n"}
[6.581396] (-) TimerEvent: {}
[6.608397] (vision) CommandEnded: {'returncode': 0}
[6.617174] (vision) JobProgress: {'identifier': 'vision', 'progress': 'install'}
[6.617349] (vision) Command: {'cmd': ['/usr/bin/cmake', '--install', '/home/booster/Workspace/Booster_T1_3v3_Demo/build/vision'], 'cwd': '/home/booster/Workspace/Booster_T1_3v3_Demo/build/vision', 'env': OrderedDict([('SUDO_GID', '1000'), ('LESSOPEN', '| /usr/bin/lesspipe %s'), ('PYTHONWARNINGS', 'ignore::DeprecationWarning,ignore::UserWarning,ignore::FutureWarning'), ('MAIL', '/var/mail/root'), ('USER', 'root'), ('SHLVL', '2'), ('LD_LIBRARY_PATH', '/home/booster/Workspace/Booster_T1_3v3_Demo/install/vision_interface/lib:/opt/ros/humble/opt/rviz_ogre_vendor/lib:/opt/ros/humble/lib/aarch64-linux-gnu:/opt/ros/humble/lib'), ('HOME', '/root'), ('OLDPWD', '/home/booster/Workspace/Booster_T1_3v3_Demo/scripts'), ('ROS_PYTHON_VERSION', '3'), ('COLORTERM', 'truecolor'), ('SUDO_UID', '1000'), ('ROS_DISTRO', 'humble'), ('LOGNAME', 'root'), ('_', '/usr/bin/colcon'), ('ROS_VERSION', '2'), ('TERM', 'xterm-256color'), ('ROS_LOCALHOST_ONLY', '0'), ('PATH', '/opt/ros/humble/bin:/usr/local/sbin:/usr/local/bin:/usr/sbin:/usr/bin:/sbin:/bin:/usr/games:/usr/local/games:/snap/bin'), ('FASTRTPS_DEFAULT_PROFILES_FILE', '/opt/booster/BoosterRos2/fastdds_profile.xml'), ('LANG', 'en_US.UTF-8'), ('LS_COLORS', 'rs=0:di=01;34:ln=01;36:mh=00:pi=40;33:so=01;35:do=01;35:bd=40;33;01:cd=40;33;01:or=40;31;01:mi=00:su=37;41:sg=30;43:ca=30;41:tw=30;42:ow=34;42:st=37;44:ex=01;32:*.tar=01;31:*.tgz=01;31:*.arc=01;31:*.arj=01;31:*.taz=01;31:*.lha=01;31:*.lz4=01;31:*.lzh=01;31:*.lzma=01;31:*.tlz=01;31:*.txz=01;31:*.tzo=01;31:*.t7z=01;31:*.zip=01;31:*.z=01;31:*.dz=01;31:*.gz=01;31:*.lrz=01;31:*.lz=01;31:*.lzo=01;31:*.xz=01;31:*.zst=01;31:*.tzst=01;31:*.bz2=01;31:*.bz=01;31:*.tbz=01;31:*.tbz2=01;31:*.tz=01;31:*.deb=01;31:*.rpm=01;31:*.jar=01;31:*.war=01;31:*.ear=01;31:*.sar=01;31:*.rar=01;31:*.alz=01;31:*.ace=01;31:*.zoo=01;31:*.cpio=01;31:*.7z=01;31:*.rz=01;31:*.cab=01;31:*.wim=01;31:*.swm=01;31:*.dwm=01;31:*.esd=01;31:*.jpg=01;35:*.jpeg=01;35:*.mjpg=01;35:*.mjpeg=01;35:*.gif=01;35:*.bmp=01;35:*.pbm=01;35:*.pgm=01;35:*.ppm=01;35:*.tga=01;35:*.xbm=01;35:*.xpm=01;35:*.tif=01;35:*.tiff=01;35:*.png=01;35:*.svg=01;35:*.svgz=01;35:*.mng=01;35:*.pcx=01;35:*.mov=01;35:*.mpg=01;35:*.mpeg=01;35:*.m2v=01;35:*.mkv=01;35:*.webm=01;35:*.webp=01;35:*.ogm=01;35:*.mp4=01;35:*.m4v=01;35:*.mp4v=01;35:*.vob=01;35:*.qt=01;35:*.nuv=01;35:*.wmv=01;35:*.asf=01;35:*.rm=01;35:*.rmvb=01;35:*.flc=01;35:*.avi=01;35:*.fli=01;35:*.flv=01;35:*.gl=01;35:*.dl=01;35:*.xcf=01;35:*.xwd=01;35:*.yuv=01;35:*.cgm=01;35:*.emf=01;35:*.ogv=01;35:*.ogx=01;35:*.aac=00;36:*.au=00;36:*.flac=00;36:*.m4a=00;36:*.mid=00;36:*.midi=00;36:*.mka=00;36:*.mp3=00;36:*.mpc=00;36:*.ogg=00;36:*.ra=00;36:*.wav=00;36:*.oga=00;36:*.opus=00;36:*.spx=00;36:*.xspf=00;36:'), ('SUDO_COMMAND', '/usr/bin/su'), ('AMENT_PREFIX_PATH', '/home/booster/Workspace/Booster_T1_3v3_Demo/install/vision_interface:/opt/ros/humble'), ('SHELL', '/bin/bash'), ('SUDO_USER', 'booster'), ('LESSCLOSE', '/usr/bin/lesspipe %s %s'), ('PWD', '/home/booster/Workspace/Booster_T1_3v3_Demo/build/vision'), ('PYTHONPATH', '/home/booster/Workspace/Booster_T1_3v3_Demo/install/vision_interface/local/lib/python3.10/dist-packages:/opt/ros/humble/lib/python3.10/site-packages:/opt/ros/humble/local/lib/python3.10/dist-packages'), ('COLCON', '1'), ('CMAKE_PREFIX_PATH', '/home/booster/Workspace/Booster_T1_3v3_Demo/install/vision_interface:/opt/ros/humble')]), 'shell': False}
[6.632055] (vision) StdoutLine: {'line': b'-- Install configuration: ""\n'}
[6.636184] (vision) StdoutLine: {'line': b'-- Execute custom install script\n'}
[6.636803] (vision) StdoutLine: {'line': b'-- Up-to-date symlink: /home/booster/Workspace/Booster_T1_3v3_Demo/install/vision/lib/libbooster_vision_base.so\n'}
[6.637004] (vision) StdoutLine: {'line': b'-- Up-to-date symlink: /home/booster/Workspace/Booster_T1_3v3_Demo/install/vision/lib/libyolov8_trt.so\n'}
[6.637135] (vision) StdoutLine: {'line': b'-- Up-to-date symlink: /home/booster/Workspace/Booster_T1_3v3_Demo/install/vision/lib/vision/yolov8_det\n'}
[6.637378] (vision) StdoutLine: {'line': b'-- Up-to-date symlink: /home/booster/Workspace/Booster_T1_3v3_Demo/install/vision/lib/vision/yolov8_seg\n'}
[6.637498] (vision) StdoutLine: {'line': b'-- Up-to-date symlink: /home/booster/Workspace/Booster_T1_3v3_Demo/install/vision/lib/libyolov8_model.so\n'}
[6.637601] (vision) StdoutLine: {'line': b'-- Up-to-date symlink: /home/booster/Workspace/Booster_T1_3v3_Demo/install/vision/lib/libbooster_vision_pose_estimator.so\n'}
[6.637767] (vision) StdoutLine: {'line': b'-- Up-to-date symlink: /home/booster/Workspace/Booster_T1_3v3_Demo/install/vision/lib/vision/calibration_node\n'}
[6.637899] (vision) StdoutLine: {'line': b'-- Up-to-date symlink: /home/booster/Workspace/Booster_T1_3v3_Demo/install/vision/lib/libbooster_vision_calibration.so\n'}
[6.638014] (vision) StdoutLine: {'line': b'-- Up-to-date symlink: /home/booster/Workspace/Booster_T1_3v3_Demo/install/vision/lib/vision/vision_node\n'}
[6.638208] (vision) StdoutLine: {'line': b'-- Up-to-date symlink: /home/booster/Workspace/Booster_T1_3v3_Demo/install/vision/share/vision/launch/launch.py\n'}
[6.638349] (vision) StdoutLine: {'line': b'-- Up-to-date symlink: /home/booster/Workspace/Booster_T1_3v3_Demo/install/vision/share/vision/config/field.yaml\n'}
[6.638481] (vision) StdoutLine: {'line': b'-- Up-to-date symlink: /home/booster/Workspace/Booster_T1_3v3_Demo/install/vision/share/vision/config/vision.yaml\n'}
[6.638657] (vision) StdoutLine: {'line': b'-- Up-to-date symlink: /home/booster/Workspace/Booster_T1_3v3_Demo/install/vision/share/vision/model/best_orin.engine\n'}
[6.638810] (vision) StdoutLine: {'line': b'-- Up-to-date symlink: /home/booster/Workspace/Booster_T1_3v3_Demo/install/vision/share/vision/model/best_orin_10.3.engine\n'}
[6.638978] (vision) StdoutLine: {'line': b'-- Up-to-date symlink: /home/booster/Workspace/Booster_T1_3v3_Demo/install/vision/share/vision/model/best_seg_orin.engine\n'}
[6.639167] (vision) StdoutLine: {'line': b'-- Up-to-date symlink: /home/booster/Workspace/Booster_T1_3v3_Demo/install/vision/share/vision/model/best_seg_orin_10.3.engine\n'}
[6.639341] (vision) StdoutLine: {'line': b'-- Up-to-date symlink: /home/booster/Workspace/Booster_T1_3v3_Demo/install/vision/share/ament_index/resource_index/package_run_dependencies/vision\n'}
[6.639635] (vision) StdoutLine: {'line': b'-- Up-to-date symlink: /home/booster/Workspace/Booster_T1_3v3_Demo/install/vision/share/ament_index/resource_index/parent_prefix_path/vision\n'}
[6.639886] (vision) StdoutLine: {'line': b'-- Up-to-date symlink: /home/booster/Workspace/Booster_T1_3v3_Demo/install/vision/share/vision/environment/ament_prefix_path.sh\n'}
[6.640083] (vision) StdoutLine: {'line': b'-- Up-to-date symlink: /home/booster/Workspace/Booster_T1_3v3_Demo/install/vision/share/vision/environment/ament_prefix_path.dsv\n'}
[6.640286] (vision) StdoutLine: {'line': b'-- Up-to-date symlink: /home/booster/Workspace/Booster_T1_3v3_Demo/install/vision/share/vision/environment/path.sh\n'}
[6.640527] (vision) StdoutLine: {'line': b'-- Up-to-date symlink: /home/booster/Workspace/Booster_T1_3v3_Demo/install/vision/share/vision/environment/path.dsv\n'}
[6.640746] (vision) StdoutLine: {'line': b'-- Up-to-date symlink: /home/booster/Workspace/Booster_T1_3v3_Demo/install/vision/share/vision/local_setup.bash\n'}
[6.640965] (vision) StdoutLine: {'line': b'-- Up-to-date symlink: /home/booster/Workspace/Booster_T1_3v3_Demo/install/vision/share/vision/local_setup.sh\n'}
[6.641171] (vision) StdoutLine: {'line': b'-- Up-to-date symlink: /home/booster/Workspace/Booster_T1_3v3_Demo/install/vision/share/vision/local_setup.zsh\n'}
[6.641358] (vision) StdoutLine: {'line': b'-- Up-to-date symlink: /home/booster/Workspace/Booster_T1_3v3_Demo/install/vision/share/vision/local_setup.dsv\n'}
[6.641513] (vision) StdoutLine: {'line': b'-- Symlinking: /home/booster/Workspace/Booster_T1_3v3_Demo/install/vision/share/vision/package.dsv\n'}
[6.656746] (brain) StdoutLine: {'line': b'[  9%] Built target ament_cmake_python_build_brain_egg\n'}
[6.671073] (vision) StdoutLine: {'line': b'-- Up-to-date symlink: /home/booster/Workspace/Booster_T1_3v3_Demo/install/vision/share/ament_index/resource_index/packages/vision\n'}
[6.671652] (vision) StdoutLine: {'line': b'-- Up-to-date symlink: /home/booster/Workspace/Booster_T1_3v3_Demo/install/vision/share/vision/cmake/ament_cmake_export_include_directories-extras.cmake\n'}
[6.671899] (vision) StdoutLine: {'line': b'-- Up-to-date symlink: /home/booster/Workspace/Booster_T1_3v3_Demo/install/vision/share/vision/cmake/visionConfig.cmake\n'}
[6.672031] (vision) StdoutLine: {'line': b'-- Up-to-date symlink: /home/booster/Workspace/Booster_T1_3v3_Demo/install/vision/share/vision/cmake/visionConfig-version.cmake\n'}
[6.672330] (vision) StdoutLine: {'line': b'-- Up-to-date symlink: /home/booster/Workspace/Booster_T1_3v3_Demo/install/vision/share/vision/package.xml\n'}
[6.672971] (vision) StdoutLine: {'line': b'-- Up-to-date: /home/booster/Workspace/Booster_T1_3v3_Demo/install/vision/lib\n'}
[6.673249] (vision) StdoutLine: {'line': b'-- Up-to-date: /home/booster/Workspace/Booster_T1_3v3_Demo/install/vision/lib/libceres.so\n'}
[6.673366] (vision) StdoutLine: {'line': b'-- Up-to-date: /home/booster/Workspace/Booster_T1_3v3_Demo/install/vision/lib/cmake\n'}
[6.673471] (vision) StdoutLine: {'line': b'-- Up-to-date: /home/booster/Workspace/Booster_T1_3v3_Demo/install/vision/lib/cmake/Ceres\n'}
[6.673573] (vision) StdoutLine: {'line': b'-- Up-to-date: /home/booster/Workspace/Booster_T1_3v3_Demo/install/vision/lib/libceres.so.4\n'}
[6.673670] (vision) StdoutLine: {'line': b'-- Up-to-date: /home/booster/Workspace/Booster_T1_3v3_Demo/install/vision/lib/libceres.so.2.2.0\n'}
[6.680255] (vision) CommandEnded: {'returncode': 0}
[6.681959] (-) TimerEvent: {}
[6.712918] (brain) StdoutLine: {'line': b'[ 17%] Built target brain__rosidl_typesupport_fastrtps_cpp\n'}
[6.748648] (brain) StdoutLine: {'line': b'[ 24%] Built target brain__rosidl_typesupport_cpp\n'}
[6.782118] (-) TimerEvent: {}
[6.783933] (brain) StdoutLine: {'line': b'[ 31%] Built target brain__rosidl_generator_c\n'}
[6.824369] (brain) StdoutLine: {'line': b'\x1b[35m\x1b[1mConsolidate compiler generated dependencies of target brain_node\x1b[0m\n'}
[6.834839] (vision) JobEnded: {'identifier': 'vision', 'rc': 0}
[6.882297] (-) TimerEvent: {}
[6.983705] (-) TimerEvent: {}
[6.997968] (brain) StdoutLine: {'line': b'[ 34%] \x1b[32mBuilding CXX object CMakeFiles/brain_node.dir/src/brain_tree.cpp.o\x1b[0m\n'}
[7.083839] (-) TimerEvent: {}
[7.184395] (-) TimerEvent: {}
[7.285223] (-) TimerEvent: {}
[7.385734] (-) TimerEvent: {}
[7.488016] (-) TimerEvent: {}
[7.588669] (-) TimerEvent: {}
[7.690016] (-) TimerEvent: {}
[7.790632] (-) TimerEvent: {}
[7.891153] (-) TimerEvent: {}
[7.991779] (-) TimerEvent: {}
[8.092456] (-) TimerEvent: {}
[8.193176] (-) TimerEvent: {}
[8.294112] (-) TimerEvent: {}
[8.394633] (-) TimerEvent: {}
[8.495382] (-) TimerEvent: {}
[8.596557] (-) TimerEvent: {}
[8.697054] (-) TimerEvent: {}
[8.797877] (-) TimerEvent: {}
[8.898395] (-) TimerEvent: {}
[8.998956] (-) TimerEvent: {}
[9.099545] (-) TimerEvent: {}
[9.200188] (-) TimerEvent: {}
[9.300919] (-) TimerEvent: {}
[9.401534] (-) TimerEvent: {}
[9.502125] (-) TimerEvent: {}
[9.602929] (-) TimerEvent: {}
[9.703532] (-) TimerEvent: {}
[9.805287] (-) TimerEvent: {}
[9.907161] (-) TimerEvent: {}
[10.007720] (-) TimerEvent: {}
[10.108221] (-) TimerEvent: {}
[10.208694] (-) TimerEvent: {}
[10.309196] (-) TimerEvent: {}
[10.409686] (-) TimerEvent: {}
[10.510238] (-) TimerEvent: {}
[10.610761] (-) TimerEvent: {}
[10.712393] (-) TimerEvent: {}
[10.812899] (-) TimerEvent: {}
[10.914204] (-) TimerEvent: {}
[11.015204] (-) TimerEvent: {}
[11.115803] (-) TimerEvent: {}
[11.217009] (-) TimerEvent: {}
[11.317524] (-) TimerEvent: {}
[11.418261] (-) TimerEvent: {}
[11.519177] (-) TimerEvent: {}
[11.620283] (-) TimerEvent: {}
[11.721738] (-) TimerEvent: {}
[11.822240] (-) TimerEvent: {}
[11.922783] (-) TimerEvent: {}
[12.023257] (-) TimerEvent: {}
[12.123774] (-) TimerEvent: {}
[12.224275] (-) TimerEvent: {}
[12.324767] (-) TimerEvent: {}
[12.425440] (-) TimerEvent: {}
[12.526576] (-) TimerEvent: {}
[12.627939] (-) TimerEvent: {}
[12.728490] (-) TimerEvent: {}
[12.829517] (-) TimerEvent: {}
[12.930631] (-) TimerEvent: {}
[13.031198] (-) TimerEvent: {}
[13.131768] (-) TimerEvent: {}
[13.232274] (-) TimerEvent: {}
[13.333190] (-) TimerEvent: {}
[13.433806] (-) TimerEvent: {}
[13.534520] (-) TimerEvent: {}
[13.636371] (-) TimerEvent: {}
[13.737007] (-) TimerEvent: {}
[13.837595] (-) TimerEvent: {}
[13.938550] (-) TimerEvent: {}
[14.040051] (-) TimerEvent: {}
[14.140606] (-) TimerEvent: {}
[14.241141] (-) TimerEvent: {}
[14.341674] (-) TimerEvent: {}
[14.442289] (-) TimerEvent: {}
[14.542838] (-) TimerEvent: {}
[14.644984] (-) TimerEvent: {}
[14.745492] (-) TimerEvent: {}
[14.846384] (-) TimerEvent: {}
[14.946861] (-) TimerEvent: {}
[15.047351] (-) TimerEvent: {}
[15.147930] (-) TimerEvent: {}
[15.251763] (-) TimerEvent: {}
[15.352189] (-) TimerEvent: {}
[15.452638] (-) TimerEvent: {}
[15.553106] (-) TimerEvent: {}
[15.653869] (-) TimerEvent: {}
[15.754374] (-) TimerEvent: {}
[15.856480] (-) TimerEvent: {}
[15.957128] (-) TimerEvent: {}
[16.057692] (-) TimerEvent: {}
[16.158340] (-) TimerEvent: {}
[16.259101] (-) TimerEvent: {}
[16.359648] (-) TimerEvent: {}
[16.460209] (-) TimerEvent: {}
[16.560718] (-) TimerEvent: {}
[16.661242] (-) TimerEvent: {}
[16.761851] (-) TimerEvent: {}
[16.863773] (-) TimerEvent: {}
[16.964457] (-) TimerEvent: {}
[17.065465] (-) TimerEvent: {}
[17.165999] (-) TimerEvent: {}
[17.266532] (-) TimerEvent: {}
[17.370029] (-) TimerEvent: {}
[17.470571] (-) TimerEvent: {}
[17.571146] (-) TimerEvent: {}
[17.673434] (-) TimerEvent: {}
[17.776237] (-) TimerEvent: {}
[17.876911] (-) TimerEvent: {}
[17.977452] (-) TimerEvent: {}
[18.079030] (-) TimerEvent: {}
[18.179640] (-) TimerEvent: {}
[18.280171] (-) TimerEvent: {}
[18.381417] (-) TimerEvent: {}
[18.481938] (-) TimerEvent: {}
[18.582469] (-) TimerEvent: {}
[18.683026] (-) TimerEvent: {}
[18.783522] (-) TimerEvent: {}
[18.884009] (-) TimerEvent: {}
[18.984529] (-) TimerEvent: {}
[19.085022] (-) TimerEvent: {}
[19.185956] (-) TimerEvent: {}
[19.286411] (-) TimerEvent: {}
[19.387596] (-) TimerEvent: {}
[19.488089] (-) TimerEvent: {}
[19.588687] (-) TimerEvent: {}
[19.689197] (-) TimerEvent: {}
[19.790481] (-) TimerEvent: {}
[19.891782] (-) TimerEvent: {}
[19.992290] (-) TimerEvent: {}
[20.093189] (-) TimerEvent: {}
[20.193865] (-) TimerEvent: {}
[20.294372] (-) TimerEvent: {}
[20.394886] (-) TimerEvent: {}
[20.495412] (-) TimerEvent: {}
[20.595924] (-) TimerEvent: {}
[20.696419] (-) TimerEvent: {}
[20.796882] (-) TimerEvent: {}
[20.897471] (-) TimerEvent: {}
[20.998078] (-) TimerEvent: {}
[21.099120] (-) TimerEvent: {}
[21.199583] (-) TimerEvent: {}
[21.300156] (-) TimerEvent: {}
[21.400749] (-) TimerEvent: {}
[21.501233] (-) TimerEvent: {}
[21.601782] (-) TimerEvent: {}
[21.704277] (-) TimerEvent: {}
[21.804845] (-) TimerEvent: {}
[21.907482] (-) TimerEvent: {}
[22.008692] (-) TimerEvent: {}
[22.109201] (-) TimerEvent: {}
[22.209730] (-) TimerEvent: {}
[22.311298] (-) TimerEvent: {}
[22.412292] (-) TimerEvent: {}
[22.514465] (-) TimerEvent: {}
[22.615118] (-) TimerEvent: {}
[22.715774] (-) TimerEvent: {}
[22.816684] (-) TimerEvent: {}
[22.917268] (-) TimerEvent: {}
[23.017857] (-) TimerEvent: {}
[23.118374] (-) TimerEvent: {}
[23.219049] (-) TimerEvent: {}
[23.319646] (-) TimerEvent: {}
[23.420318] (-) TimerEvent: {}
[23.520941] (-) TimerEvent: {}
[23.621443] (-) TimerEvent: {}
[23.721961] (-) TimerEvent: {}
[23.822471] (-) TimerEvent: {}
[23.923059] (-) TimerEvent: {}
[24.023706] (-) TimerEvent: {}
[24.124301] (-) TimerEvent: {}
[24.224901] (-) TimerEvent: {}
[24.325515] (-) TimerEvent: {}
[24.426050] (-) TimerEvent: {}
[24.526545] (-) TimerEvent: {}
[24.627031] (-) TimerEvent: {}
[24.728902] (-) TimerEvent: {}
[24.829433] (-) TimerEvent: {}
[24.930434] (-) TimerEvent: {}
[25.031080] (-) TimerEvent: {}
[25.131733] (-) TimerEvent: {}
[25.232375] (-) TimerEvent: {}
[25.333308] (-) TimerEvent: {}
[25.433889] (-) TimerEvent: {}
[25.534478] (-) TimerEvent: {}
[25.635086] (-) TimerEvent: {}
[25.735702] (-) TimerEvent: {}
[25.836300] (-) TimerEvent: {}
[25.936853] (-) TimerEvent: {}
[26.037395] (-) TimerEvent: {}
[26.137917] (-) TimerEvent: {}
[26.238493] (-) TimerEvent: {}
[26.340169] (-) TimerEvent: {}
[26.440761] (-) TimerEvent: {}
[26.544036] (-) TimerEvent: {}
[26.644612] (-) TimerEvent: {}
[26.745225] (-) TimerEvent: {}
[26.845805] (-) TimerEvent: {}
[26.946419] (-) TimerEvent: {}
[27.047273] (-) TimerEvent: {}
[27.147928] (-) TimerEvent: {}
[27.248461] (-) TimerEvent: {}
[27.349033] (-) TimerEvent: {}
[27.449906] (-) TimerEvent: {}
[27.550423] (-) TimerEvent: {}
[27.650890] (-) TimerEvent: {}
[27.751368] (-) TimerEvent: {}
[27.851963] (-) TimerEvent: {}
[27.952541] (-) TimerEvent: {}
[28.053816] (-) TimerEvent: {}
[28.154365] (-) TimerEvent: {}
[28.254888] (-) TimerEvent: {}
[28.355406] (-) TimerEvent: {}
[28.455885] (-) TimerEvent: {}
[28.556328] (-) TimerEvent: {}
[28.656958] (-) TimerEvent: {}
[28.757504] (-) TimerEvent: {}
[28.858208] (-) TimerEvent: {}
[28.958769] (-) TimerEvent: {}
[29.059320] (-) TimerEvent: {}
[29.159839] (-) TimerEvent: {}
[29.260393] (-) TimerEvent: {}
[29.360907] (-) TimerEvent: {}
[29.461428] (-) TimerEvent: {}
[29.562352] (-) TimerEvent: {}
[29.663273] (-) TimerEvent: {}
[29.721639] (brain) StderrLine: {'line': b'\x1b[01m\x1b[K/home/booster/Workspace/Booster_T1_3v3_Demo/src/brain/src/brain_tree.cpp:\x1b[m\x1b[K In member function \xe2\x80\x98\x1b[01m\x1b[Kvirtual BT::NodeStatus GoToReadyPosition::tick()\x1b[m\x1b[K\xe2\x80\x99:\n'}
[29.722222] (brain) StderrLine: {'line': b'\x1b[01m\x1b[K/home/booster/Workspace/Booster_T1_3v3_Demo/src/brain/src/brain_tree.cpp:2434:12:\x1b[m\x1b[K \x1b[01;35m\x1b[Kwarning: \x1b[m\x1b[Kvariable \xe2\x80\x98\x1b[01m\x1b[Ktx\x1b[m\x1b[K\xe2\x80\x99 set but not used [\x1b[01;35m\x1b[K\x1b]8;;https://gcc.gnu.org/onlinedocs/gcc/Warning-Options.html#index-Wunused-but-set-variable\x07-Wunused-but-set-variable\x1b]8;;\x07\x1b[m\x1b[K]\n'}
[29.722372] (brain) StderrLine: {'line': b' 2434 |     double \x1b[01;35m\x1b[Ktx\x1b[m\x1b[K = 0.0, ty = 0.0, ttheta = 0.0;\n'}
[29.722508] (brain) StderrLine: {'line': b'      |            \x1b[01;35m\x1b[K^~\x1b[m\x1b[K\n'}
[29.724886] (brain) StderrLine: {'line': b'\x1b[01m\x1b[K/home/booster/Workspace/Booster_T1_3v3_Demo/src/brain/src/brain_tree.cpp:2434:22:\x1b[m\x1b[K \x1b[01;35m\x1b[Kwarning: \x1b[m\x1b[Kvariable \xe2\x80\x98\x1b[01m\x1b[Kty\x1b[m\x1b[K\xe2\x80\x99 set but not used [\x1b[01;35m\x1b[K\x1b]8;;https://gcc.gnu.org/onlinedocs/gcc/Warning-Options.html#index-Wunused-but-set-variable\x07-Wunused-but-set-variable\x1b]8;;\x07\x1b[m\x1b[K]\n'}
[29.725429] (brain) StderrLine: {'line': b' 2434 |     double tx = 0.0, \x1b[01;35m\x1b[Kty\x1b[m\x1b[K = 0.0, ttheta = 0.0;\n'}
[29.725566] (brain) StderrLine: {'line': b'      |                      \x1b[01;35m\x1b[K^~\x1b[m\x1b[K\n'}
[29.758275] (brain) StderrLine: {'line': b'\x1b[01m\x1b[K/home/booster/Workspace/Booster_T1_3v3_Demo/src/brain/src/brain_tree.cpp:\x1b[m\x1b[K In member function \xe2\x80\x98\x1b[01m\x1b[Kvirtual BT::NodeStatus Y_Keeper::tick()\x1b[m\x1b[K\xe2\x80\x99:\n'}
[29.758620] (brain) StderrLine: {'line': b'\x1b[01m\x1b[K/home/booster/Workspace/Booster_T1_3v3_Demo/src/brain/src/brain_tree.cpp:2839:23:\x1b[m\x1b[K \x1b[01;35m\x1b[Kwarning: \x1b[m\x1b[Ksuggest parentheses around assignment used as truth value [\x1b[01;35m\x1b[K\x1b]8;;https://gcc.gnu.org/onlinedocs/gcc/Warning-Options.html#index-Wparentheses\x07-Wparentheses\x1b]8;;\x07\x1b[m\x1b[K]\n'}
[29.758802] (brain) StderrLine: {'line': b' 2839 |              if (\x1b[01;35m\x1b[KtmID = brain->config->playerId\x1b[m\x1b[K)\n'}
[29.759025] (brain) StderrLine: {'line': b'      |                  \x1b[01;35m\x1b[K~~~~~^~~~~~~~~~~~~~~~~~~~~~~~~\x1b[m\x1b[K\n'}
[29.763458] (-) TimerEvent: {}
[29.864061] (-) TimerEvent: {}
[29.964596] (-) TimerEvent: {}
[30.065116] (-) TimerEvent: {}
[30.165849] (-) TimerEvent: {}
[30.266462] (-) TimerEvent: {}
[30.367432] (-) TimerEvent: {}
[30.467946] (-) TimerEvent: {}
[30.569107] (-) TimerEvent: {}
[30.669631] (-) TimerEvent: {}
[30.770159] (-) TimerEvent: {}
[30.870696] (-) TimerEvent: {}
[30.971209] (-) TimerEvent: {}
[31.072563] (-) TimerEvent: {}
[31.147660] (brain) StderrLine: {'line': b'In file included from \x1b[01m\x1b[K/usr/include/c++/11/bits/stl_algobase.h:64\x1b[m\x1b[K,\n'}
[31.148269] (brain) StderrLine: {'line': b'                 from \x1b[01m\x1b[K/usr/include/c++/11/bits/specfun.h:45\x1b[m\x1b[K,\n'}
[31.148483] (brain) StderrLine: {'line': b'                 from \x1b[01m\x1b[K/usr/include/c++/11/cmath:1935\x1b[m\x1b[K,\n'}
[31.148618] (brain) StderrLine: {'line': b'                 from \x1b[01m\x1b[K/home/booster/Workspace/Booster_T1_3v3_Demo/src/brain/src/brain_tree.cpp:1\x1b[m\x1b[K:\n'}
[31.148737] (brain) StderrLine: {'line': b'/usr/include/c++/11/bits/stl_pair.h: In instantiation of \xe2\x80\x98\x1b[01m\x1b[Kconstexpr std::pair<typename std::__strip_reference_wrapper<typename std::decay<_Tp>::type>::__type, typename std::__strip_reference_wrapper<typename std::decay<_Tp2>::type>::__type> std::make_pair(_T1&&, _T2&&) [with _T1 = double; _T2 = const double&; typename std::__strip_reference_wrapper<typename std::decay<_Tp2>::type>::__type = double; typename std::decay<_Tp2>::type = double; typename std::__strip_reference_wrapper<typename std::decay<_Tp>::type>::__type = double; typename std::decay<_Tp>::type = double]\x1b[m\x1b[K\xe2\x80\x99:\n'}
[31.148870] (brain) StderrLine: {'line': b'\x1b[01m\x1b[K/home/booster/Workspace/Booster_T1_3v3_Demo/src/brain/src/brain_tree.cpp:3113:26:\x1b[m\x1b[K   required from here\n'}
[31.148990] (brain) StderrLine: {'line': b'\x1b[01m\x1b[K/usr/include/c++/11/bits/stl_pair.h:567:5:\x1b[m\x1b[K \x1b[01;36m\x1b[Knote: \x1b[m\x1b[Kparameter passing for argument of type \xe2\x80\x98\x1b[01m\x1b[Kstd::pair<double, double>\x1b[m\x1b[K\xe2\x80\x99 when C++17 is enabled changed to match C++14 \x1b]8;;https://gcc.gnu.org/gcc-10/changes.html#empty_base\x07in GCC 10.1\x1b]8;;\x07\n'}
[31.149136] (brain) StderrLine: {'line': b'  567 |     \x1b[01;36m\x1b[Kmake_pair\x1b[m\x1b[K(_T1&& __x, _T2&& __y)\n'}
[31.149310] (brain) StderrLine: {'line': b'      |     \x1b[01;36m\x1b[K^~~~~~~~~\x1b[m\x1b[K\n'}
[31.173470] (-) TimerEvent: {}
[31.275106] (-) TimerEvent: {}
[31.376173] (-) TimerEvent: {}
[31.476699] (-) TimerEvent: {}
[31.577236] (-) TimerEvent: {}
[31.678573] (-) TimerEvent: {}
[31.779132] (-) TimerEvent: {}
[31.879687] (-) TimerEvent: {}
[31.980247] (-) TimerEvent: {}
[32.081471] (-) TimerEvent: {}
[32.182035] (-) TimerEvent: {}
[32.282599] (-) TimerEvent: {}
[32.383179] (-) TimerEvent: {}
[32.483800] (-) TimerEvent: {}
[32.584370] (-) TimerEvent: {}
[32.684925] (-) TimerEvent: {}
[32.785587] (-) TimerEvent: {}
[32.886195] (-) TimerEvent: {}
[32.987483] (-) TimerEvent: {}
[33.088026] (-) TimerEvent: {}
[33.188564] (-) TimerEvent: {}
[33.289174] (-) TimerEvent: {}
[33.389749] (-) TimerEvent: {}
[33.490293] (-) TimerEvent: {}
[33.591003] (-) TimerEvent: {}
[33.691526] (-) TimerEvent: {}
[33.792126] (-) TimerEvent: {}
[33.892700] (-) TimerEvent: {}
[33.993159] (-) TimerEvent: {}
[34.093696] (-) TimerEvent: {}
[34.194886] (-) TimerEvent: {}
[34.295444] (-) TimerEvent: {}
[34.396029] (-) TimerEvent: {}
[34.496608] (-) TimerEvent: {}
[34.597292] (-) TimerEvent: {}
[34.698382] (-) TimerEvent: {}
[34.799043] (-) TimerEvent: {}
[34.899931] (-) TimerEvent: {}
[35.001092] (-) TimerEvent: {}
[35.101654] (-) TimerEvent: {}
[35.202697] (-) TimerEvent: {}
[35.303235] (-) TimerEvent: {}
[35.403850] (-) TimerEvent: {}
[35.504749] (-) TimerEvent: {}
[35.605897] (-) TimerEvent: {}
[35.706424] (-) TimerEvent: {}
[35.807195] (-) TimerEvent: {}
[35.907937] (-) TimerEvent: {}
[36.008610] (-) TimerEvent: {}
[36.109363] (-) TimerEvent: {}
[36.209944] (-) TimerEvent: {}
[36.310667] (-) TimerEvent: {}
[36.411265] (-) TimerEvent: {}
[36.511969] (-) TimerEvent: {}
[36.612559] (-) TimerEvent: {}
[36.713896] (-) TimerEvent: {}
[36.814903] (-) TimerEvent: {}
[36.915439] (-) TimerEvent: {}
[37.016046] (-) TimerEvent: {}
[37.117197] (-) TimerEvent: {}
[37.217864] (-) TimerEvent: {}
[37.318977] (-) TimerEvent: {}
[37.419532] (-) TimerEvent: {}
[37.520310] (-) TimerEvent: {}
[37.620910] (-) TimerEvent: {}
[37.721518] (-) TimerEvent: {}
[37.822352] (-) TimerEvent: {}
[37.922862] (-) TimerEvent: {}
[38.023441] (-) TimerEvent: {}
[38.124814] (-) TimerEvent: {}
[38.225403] (-) TimerEvent: {}
[38.325997] (-) TimerEvent: {}
[38.426580] (-) TimerEvent: {}
[38.527143] (-) TimerEvent: {}
[38.628328] (-) TimerEvent: {}
[38.728898] (-) TimerEvent: {}
[38.829468] (-) TimerEvent: {}
[38.930187] (-) TimerEvent: {}
[39.031007] (-) TimerEvent: {}
[39.131522] (-) TimerEvent: {}
[39.232161] (-) TimerEvent: {}
[39.332727] (-) TimerEvent: {}
[39.433217] (-) TimerEvent: {}
[39.533747] (-) TimerEvent: {}
[39.634501] (-) TimerEvent: {}
[39.735013] (-) TimerEvent: {}
[39.835589] (-) TimerEvent: {}
[39.936157] (-) TimerEvent: {}
[40.036648] (-) TimerEvent: {}
[40.137201] (-) TimerEvent: {}
[40.237733] (-) TimerEvent: {}
[40.338520] (-) TimerEvent: {}
[40.439074] (-) TimerEvent: {}
[40.539727] (-) TimerEvent: {}
[40.640334] (-) TimerEvent: {}
[40.740955] (-) TimerEvent: {}
[40.842129] (-) TimerEvent: {}
[40.944429] (-) TimerEvent: {}
[41.045050] (-) TimerEvent: {}
[41.145820] (-) TimerEvent: {}
[41.246407] (-) TimerEvent: {}
[41.347020] (-) TimerEvent: {}
[41.447606] (-) TimerEvent: {}
[41.548194] (-) TimerEvent: {}
[41.649061] (-) TimerEvent: {}
[41.750042] (-) TimerEvent: {}
[41.850880] (-) TimerEvent: {}
[41.951533] (-) TimerEvent: {}
[42.052307] (-) TimerEvent: {}
[42.152875] (-) TimerEvent: {}
[42.253378] (-) TimerEvent: {}
[42.354550] (-) TimerEvent: {}
[42.455069] (-) TimerEvent: {}
[42.555594] (-) TimerEvent: {}
[42.656045] (-) TimerEvent: {}
[42.756600] (-) TimerEvent: {}
[42.857173] (-) TimerEvent: {}
[42.957708] (-) TimerEvent: {}
[43.058246] (-) TimerEvent: {}
[43.158740] (-) TimerEvent: {}
[43.259231] (-) TimerEvent: {}
[43.359692] (-) TimerEvent: {}
[43.460163] (-) TimerEvent: {}
[43.560690] (-) TimerEvent: {}
[43.662672] (-) TimerEvent: {}
[43.763239] (-) TimerEvent: {}
[43.863728] (-) TimerEvent: {}
[43.964248] (-) TimerEvent: {}
[44.065098] (-) TimerEvent: {}
[44.166636] (-) TimerEvent: {}
[44.267617] (-) TimerEvent: {}
[44.368224] (-) TimerEvent: {}
[44.468978] (-) TimerEvent: {}
[44.569484] (-) TimerEvent: {}
[44.670249] (-) TimerEvent: {}
[44.770840] (-) TimerEvent: {}
[44.871551] (-) TimerEvent: {}
[44.972105] (-) TimerEvent: {}
[45.072642] (-) TimerEvent: {}
[45.173218] (-) TimerEvent: {}
[45.273845] (-) TimerEvent: {}
[45.374385] (-) TimerEvent: {}
[45.474994] (-) TimerEvent: {}
[45.576347] (-) TimerEvent: {}
[45.677008] (-) TimerEvent: {}
[45.777512] (-) TimerEvent: {}
[45.878484] (-) TimerEvent: {}
[45.979880] (-) TimerEvent: {}
[46.080418] (-) TimerEvent: {}
[46.180922] (-) TimerEvent: {}
[46.281434] (-) TimerEvent: {}
[46.382174] (-) TimerEvent: {}
[46.482889] (-) TimerEvent: {}
[46.557995] (brain) StdoutLine: {'line': b'[ 36%] \x1b[32m\x1b[1mLinking CXX executable brain_node\x1b[0m\n'}
[46.582980] (-) TimerEvent: {}
[46.683480] (-) TimerEvent: {}
[46.783976] (-) TimerEvent: {}
[46.884515] (-) TimerEvent: {}
[46.985070] (-) TimerEvent: {}
[47.085634] (-) TimerEvent: {}
[47.186199] (-) TimerEvent: {}
[47.286754] (-) TimerEvent: {}
[47.387355] (-) TimerEvent: {}
[47.487986] (-) TimerEvent: {}
[47.588567] (-) TimerEvent: {}
[47.689125] (-) TimerEvent: {}
[47.789770] (-) TimerEvent: {}
[47.890401] (-) TimerEvent: {}
[47.991043] (-) TimerEvent: {}
[48.091535] (-) TimerEvent: {}
[48.191997] (-) TimerEvent: {}
[48.292970] (-) TimerEvent: {}
[48.393582] (-) TimerEvent: {}
[48.494200] (-) TimerEvent: {}
[48.594783] (-) TimerEvent: {}
[48.695378] (-) TimerEvent: {}
[48.795901] (-) TimerEvent: {}
[48.896408] (-) TimerEvent: {}
[48.997088] (-) TimerEvent: {}
[49.099367] (-) TimerEvent: {}
[49.199964] (-) TimerEvent: {}
[49.300505] (-) TimerEvent: {}
[49.402048] (-) TimerEvent: {}
[49.502604] (-) TimerEvent: {}
[49.603139] (-) TimerEvent: {}
[49.704381] (-) TimerEvent: {}
[49.804942] (-) TimerEvent: {}
[49.905516] (-) TimerEvent: {}
[50.006020] (-) TimerEvent: {}
[50.106594] (-) TimerEvent: {}
[50.207151] (-) TimerEvent: {}
[50.308504] (-) TimerEvent: {}
[50.409006] (-) TimerEvent: {}
[50.509467] (-) TimerEvent: {}
[50.610795] (-) TimerEvent: {}
[50.711751] (-) TimerEvent: {}
[50.812444] (-) TimerEvent: {}
[50.913094] (-) TimerEvent: {}
[51.013643] (-) TimerEvent: {}
[51.114941] (-) TimerEvent: {}
[51.215745] (-) TimerEvent: {}
[51.317033] (-) TimerEvent: {}
[51.418067] (-) TimerEvent: {}
[51.519803] (-) TimerEvent: {}
[51.620640] (-) TimerEvent: {}
[51.721522] (-) TimerEvent: {}
[51.822180] (-) TimerEvent: {}
[51.922694] (-) TimerEvent: {}
[52.023298] (-) TimerEvent: {}
[52.123964] (-) TimerEvent: {}
[52.224527] (-) TimerEvent: {}
[52.325130] (-) TimerEvent: {}
[52.425808] (-) TimerEvent: {}
[52.526413] (-) TimerEvent: {}
[52.626983] (-) TimerEvent: {}
[52.727501] (-) TimerEvent: {}
[52.828012] (-) TimerEvent: {}
[52.928474] (-) TimerEvent: {}
[53.028960] (-) TimerEvent: {}
[53.129834] (-) TimerEvent: {}
[53.231043] (-) TimerEvent: {}
[53.331670] (-) TimerEvent: {}
[53.432276] (-) TimerEvent: {}
[53.532865] (-) TimerEvent: {}
[53.633468] (-) TimerEvent: {}
[53.734235] (-) TimerEvent: {}
[53.834750] (-) TimerEvent: {}
[53.935229] (-) TimerEvent: {}
[54.036784] (-) TimerEvent: {}
[54.137375] (-) TimerEvent: {}
[54.238622] (-) TimerEvent: {}
[54.339106] (-) TimerEvent: {}
[54.439652] (-) TimerEvent: {}
[54.540768] (-) TimerEvent: {}
[54.641285] (-) TimerEvent: {}
[54.741842] (-) TimerEvent: {}
[54.842441] (-) TimerEvent: {}
[54.943143] (-) TimerEvent: {}
[55.043683] (-) TimerEvent: {}
[55.144306] (-) TimerEvent: {}
[55.244884] (-) TimerEvent: {}
[55.345914] (-) TimerEvent: {}
[55.446343] (-) TimerEvent: {}
[55.546896] (-) TimerEvent: {}
[55.647417] (-) TimerEvent: {}
[55.747993] (-) TimerEvent: {}
[55.849088] (-) TimerEvent: {}
[55.949718] (-) TimerEvent: {}
[56.050313] (-) TimerEvent: {}
[56.150927] (-) TimerEvent: {}
[56.251505] (-) TimerEvent: {}
[56.352067] (-) TimerEvent: {}
[56.452655] (-) TimerEvent: {}
[56.553912] (-) TimerEvent: {}
[56.654494] (-) TimerEvent: {}
[56.755125] (-) TimerEvent: {}
[56.855793] (-) TimerEvent: {}
[56.956922] (-) TimerEvent: {}
[57.057837] (-) TimerEvent: {}
[57.158382] (-) TimerEvent: {}
[57.258909] (-) TimerEvent: {}
[57.360502] (-) TimerEvent: {}
[57.461225] (-) TimerEvent: {}
[57.561800] (-) TimerEvent: {}
[57.662301] (-) TimerEvent: {}
[57.762811] (-) TimerEvent: {}
[57.863971] (-) TimerEvent: {}
[57.964489] (-) TimerEvent: {}
[58.065044] (-) TimerEvent: {}
[58.165550] (-) TimerEvent: {}
[58.266199] (-) TimerEvent: {}
[58.366717] (-) TimerEvent: {}
[58.467408] (-) TimerEvent: {}
[58.567982] (-) TimerEvent: {}
[58.668591] (-) TimerEvent: {}
[58.769069] (-) TimerEvent: {}
[58.869508] (-) TimerEvent: {}
[58.969992] (-) TimerEvent: {}
[59.070626] (-) TimerEvent: {}
[59.171118] (-) TimerEvent: {}
[59.271594] (-) TimerEvent: {}
[59.372071] (-) TimerEvent: {}
[59.472828] (-) TimerEvent: {}
[59.573276] (-) TimerEvent: {}
[59.673786] (-) TimerEvent: {}
[59.774527] (-) TimerEvent: {}
[59.875029] (-) TimerEvent: {}
[59.975562] (-) TimerEvent: {}
[60.076610] (-) TimerEvent: {}
[60.177161] (-) TimerEvent: {}
[60.277807] (-) TimerEvent: {}
[60.378323] (-) TimerEvent: {}
[60.478901] (-) TimerEvent: {}
[60.580819] (-) TimerEvent: {}
[60.682598] (-) TimerEvent: {}
[60.783166] (-) TimerEvent: {}
[60.883837] (-) TimerEvent: {}
[60.984522] (-) TimerEvent: {}
[61.085125] (-) TimerEvent: {}
[61.164153] (brain) StdoutLine: {'line': b'[ 56%] Built target brain_node\n'}
[61.185345] (-) TimerEvent: {}
[61.200638] (brain) StdoutLine: {'line': b'[ 63%] Built target brain__rosidl_typesupport_c\n'}
[61.236154] (brain) StdoutLine: {'line': b'[ 70%] Built target brain__rosidl_typesupport_introspection_c\n'}
[61.279578] (brain) StdoutLine: {'line': b'[ 78%] Built target brain__rosidl_typesupport_fastrtps_c\n'}
[61.285454] (-) TimerEvent: {}
[61.324494] (brain) StdoutLine: {'line': b'[ 78%] Built target brain\n'}
[61.381032] (brain) StdoutLine: {'line': b'[ 80%] Built target brain__py\n'}
[61.385676] (-) TimerEvent: {}
[61.419318] (brain) StdoutLine: {'line': b'[ 85%] Built target brain__rosidl_generator_py\n'}
[61.460630] (brain) StdoutLine: {'line': b'[ 90%] Built target brain__rosidl_typesupport_fastrtps_c__pyext\n'}
[61.485898] (-) TimerEvent: {}
[61.500029] (brain) StdoutLine: {'line': b'[ 95%] Built target brain__rosidl_typesupport_c__pyext\n'}
[61.537256] (brain) StdoutLine: {'line': b'[100%] Built target brain__rosidl_typesupport_introspection_c__pyext\n'}
[61.563769] (brain) CommandEnded: {'returncode': 0}
[61.568203] (brain) JobProgress: {'identifier': 'brain', 'progress': 'install'}
[61.568368] (brain) Command: {'cmd': ['/usr/bin/cmake', '--install', '/home/booster/Workspace/Booster_T1_3v3_Demo/build/brain'], 'cwd': '/home/booster/Workspace/Booster_T1_3v3_Demo/build/brain', 'env': OrderedDict([('SUDO_GID', '1000'), ('LESSOPEN', '| /usr/bin/lesspipe %s'), ('PYTHONWARNINGS', 'ignore::DeprecationWarning,ignore::UserWarning,ignore::FutureWarning'), ('MAIL', '/var/mail/root'), ('USER', 'root'), ('SHLVL', '2'), ('LD_LIBRARY_PATH', '/home/booster/Workspace/Booster_T1_3v3_Demo/install/vision_interface/lib:/home/booster/Workspace/Booster_T1_3v3_Demo/install/game_controller_interface/lib:/home/booster/Workspace/Booster_T1_3v3_Demo/install/booster_msgs/lib:/home/booster/Workspace/Booster_T1_3v3_Demo/install/booster_interface/lib:/opt/ros/humble/opt/rviz_ogre_vendor/lib:/opt/ros/humble/lib/aarch64-linux-gnu:/opt/ros/humble/lib'), ('HOME', '/root'), ('OLDPWD', '/home/booster/Workspace/Booster_T1_3v3_Demo/scripts'), ('ROS_PYTHON_VERSION', '3'), ('COLORTERM', 'truecolor'), ('SUDO_UID', '1000'), ('ROS_DISTRO', 'humble'), ('LOGNAME', 'root'), ('_', '/usr/bin/colcon'), ('ROS_VERSION', '2'), ('TERM', 'xterm-256color'), ('ROS_LOCALHOST_ONLY', '0'), ('PATH', '/opt/ros/humble/bin:/usr/local/sbin:/usr/local/bin:/usr/sbin:/usr/bin:/sbin:/bin:/usr/games:/usr/local/games:/snap/bin'), ('FASTRTPS_DEFAULT_PROFILES_FILE', '/opt/booster/BoosterRos2/fastdds_profile.xml'), ('LANG', 'en_US.UTF-8'), ('LS_COLORS', 'rs=0:di=01;34:ln=01;36:mh=00:pi=40;33:so=01;35:do=01;35:bd=40;33;01:cd=40;33;01:or=40;31;01:mi=00:su=37;41:sg=30;43:ca=30;41:tw=30;42:ow=34;42:st=37;44:ex=01;32:*.tar=01;31:*.tgz=01;31:*.arc=01;31:*.arj=01;31:*.taz=01;31:*.lha=01;31:*.lz4=01;31:*.lzh=01;31:*.lzma=01;31:*.tlz=01;31:*.txz=01;31:*.tzo=01;31:*.t7z=01;31:*.zip=01;31:*.z=01;31:*.dz=01;31:*.gz=01;31:*.lrz=01;31:*.lz=01;31:*.lzo=01;31:*.xz=01;31:*.zst=01;31:*.tzst=01;31:*.bz2=01;31:*.bz=01;31:*.tbz=01;31:*.tbz2=01;31:*.tz=01;31:*.deb=01;31:*.rpm=01;31:*.jar=01;31:*.war=01;31:*.ear=01;31:*.sar=01;31:*.rar=01;31:*.alz=01;31:*.ace=01;31:*.zoo=01;31:*.cpio=01;31:*.7z=01;31:*.rz=01;31:*.cab=01;31:*.wim=01;31:*.swm=01;31:*.dwm=01;31:*.esd=01;31:*.jpg=01;35:*.jpeg=01;35:*.mjpg=01;35:*.mjpeg=01;35:*.gif=01;35:*.bmp=01;35:*.pbm=01;35:*.pgm=01;35:*.ppm=01;35:*.tga=01;35:*.xbm=01;35:*.xpm=01;35:*.tif=01;35:*.tiff=01;35:*.png=01;35:*.svg=01;35:*.svgz=01;35:*.mng=01;35:*.pcx=01;35:*.mov=01;35:*.mpg=01;35:*.mpeg=01;35:*.m2v=01;35:*.mkv=01;35:*.webm=01;35:*.webp=01;35:*.ogm=01;35:*.mp4=01;35:*.m4v=01;35:*.mp4v=01;35:*.vob=01;35:*.qt=01;35:*.nuv=01;35:*.wmv=01;35:*.asf=01;35:*.rm=01;35:*.rmvb=01;35:*.flc=01;35:*.avi=01;35:*.fli=01;35:*.flv=01;35:*.gl=01;35:*.dl=01;35:*.xcf=01;35:*.xwd=01;35:*.yuv=01;35:*.cgm=01;35:*.emf=01;35:*.ogv=01;35:*.ogx=01;35:*.aac=00;36:*.au=00;36:*.flac=00;36:*.m4a=00;36:*.mid=00;36:*.midi=00;36:*.mka=00;36:*.mp3=00;36:*.mpc=00;36:*.ogg=00;36:*.ra=00;36:*.wav=00;36:*.oga=00;36:*.opus=00;36:*.spx=00;36:*.xspf=00;36:'), ('SUDO_COMMAND', '/usr/bin/su'), ('AMENT_PREFIX_PATH', '/home/booster/Workspace/Booster_T1_3v3_Demo/install/vision_interface:/home/booster/Workspace/Booster_T1_3v3_Demo/install/game_controller_interface:/home/booster/Workspace/Booster_T1_3v3_Demo/install/booster_msgs:/home/booster/Workspace/Booster_T1_3v3_Demo/install/booster_interface:/opt/ros/humble'), ('SHELL', '/bin/bash'), ('SUDO_USER', 'booster'), ('LESSCLOSE', '/usr/bin/lesspipe %s %s'), ('PWD', '/home/booster/Workspace/Booster_T1_3v3_Demo/build/brain'), ('PYTHONPATH', '/home/booster/Workspace/Booster_T1_3v3_Demo/install/vision_interface/local/lib/python3.10/dist-packages:/home/booster/Workspace/Booster_T1_3v3_Demo/install/game_controller_interface/local/lib/python3.10/dist-packages:/home/booster/Workspace/Booster_T1_3v3_Demo/install/booster_msgs/local/lib/python3.10/dist-packages:/home/booster/Workspace/Booster_T1_3v3_Demo/install/booster_interface/local/lib/python3.10/dist-packages:/opt/ros/humble/lib/python3.10/site-packages:/opt/ros/humble/local/lib/python3.10/dist-packages'), ('COLCON', '1'), ('CMAKE_PREFIX_PATH', '/home/booster/Workspace/Booster_T1_3v3_Demo/install/vision_interface:/home/booster/Workspace/Booster_T1_3v3_Demo/install/game_controller_interface:/home/booster/Workspace/Booster_T1_3v3_Demo/install/booster_msgs:/home/booster/Workspace/Booster_T1_3v3_Demo/install/booster_interface:/opt/ros/humble')]), 'shell': False}
[61.582795] (brain) StdoutLine: {'line': b'-- Install configuration: ""\n'}
[61.583386] (brain) StdoutLine: {'line': b'-- Execute custom install script\n'}
[61.583650] (brain) StdoutLine: {'line': b'-- Up-to-date symlink: /home/booster/Workspace/Booster_T1_3v3_Demo/install/brain/share/ament_index/resource_index/rosidl_interfaces/brain\n'}
[61.584365] (brain) StdoutLine: {'line': b'-- Up-to-date symlink: /home/booster/Workspace/Booster_T1_3v3_Demo/install/brain/include/brain/brain/msg/detail/kick__functions.h\n'}
[61.584540] (brain) StdoutLine: {'line': b'-- Up-to-date symlink: /home/booster/Workspace/Booster_T1_3v3_Demo/install/brain/include/brain/brain/msg/detail/kick__struct.h\n'}
[61.584853] (brain) StdoutLine: {'line': b'-- Up-to-date symlink: /home/booster/Workspace/Booster_T1_3v3_Demo/install/brain/include/brain/brain/msg/detail/kick__type_support.h\n'}
[61.585096] (brain) StdoutLine: {'line': b'-- Up-to-date symlink: /home/booster/Workspace/Booster_T1_3v3_Demo/install/brain/include/brain/brain/msg/kick.h\n'}
[61.585211] (brain) StdoutLine: {'line': b'-- Up-to-date symlink: /home/booster/Workspace/Booster_T1_3v3_Demo/install/brain/include/brain/brain/msg/rosidl_generator_c__visibility_control.h\n'}
[61.585321] (brain) StdoutLine: {'line': b'-- Up-to-date symlink: /home/booster/Workspace/Booster_T1_3v3_Demo/install/brain/share/brain/environment/library_path.sh\n'}
[61.585956] (-) TimerEvent: {}
[61.589026] (brain) StdoutLine: {'line': b'-- Up-to-date symlink: /home/booster/Workspace/Booster_T1_3v3_Demo/install/brain/share/brain/environment/library_path.dsv\n'}
[61.590098] (brain) StdoutLine: {'line': b'-- Up-to-date symlink: /home/booster/Workspace/Booster_T1_3v3_Demo/install/brain/include/brain/brain/msg/detail/kick__rosidl_typesupport_fastrtps_c.h\n'}
[61.591744] (brain) StdoutLine: {'line': b'-- Up-to-date symlink: /home/booster/Workspace/Booster_T1_3v3_Demo/install/brain/include/brain/brain/msg/rosidl_typesupport_fastrtps_c__visibility_control.h\n'}
[61.595088] (brain) StdoutLine: {'line': b'-- Up-to-date symlink: /home/booster/Workspace/Booster_T1_3v3_Demo/install/brain/include/brain/brain/msg/detail/kick__builder.hpp\n'}
[61.595304] (brain) StdoutLine: {'line': b'-- Up-to-date symlink: /home/booster/Workspace/Booster_T1_3v3_Demo/install/brain/include/brain/brain/msg/detail/kick__struct.hpp\n'}
[61.595798] (brain) StdoutLine: {'line': b'-- Up-to-date symlink: /home/booster/Workspace/Booster_T1_3v3_Demo/install/brain/include/brain/brain/msg/detail/kick__traits.hpp\n'}
[61.595934] (brain) StdoutLine: {'line': b'-- Up-to-date symlink: /home/booster/Workspace/Booster_T1_3v3_Demo/install/brain/include/brain/brain/msg/detail/kick__type_support.hpp\n'}
[61.596089] (brain) StdoutLine: {'line': b'-- Up-to-date symlink: /home/booster/Workspace/Booster_T1_3v3_Demo/install/brain/include/brain/brain/msg/kick.hpp\n'}
[61.596219] (brain) StdoutLine: {'line': b'-- Up-to-date symlink: /home/booster/Workspace/Booster_T1_3v3_Demo/install/brain/include/brain/brain/msg/rosidl_generator_cpp__visibility_control.hpp\n'}
[61.597336] (brain) StdoutLine: {'line': b'-- Up-to-date symlink: /home/booster/Workspace/Booster_T1_3v3_Demo/install/brain/include/brain/brain/msg/detail/kick__rosidl_typesupport_fastrtps_cpp.hpp\n'}
[61.597739] (brain) StdoutLine: {'line': b'-- Up-to-date symlink: /home/booster/Workspace/Booster_T1_3v3_Demo/install/brain/include/brain/brain/msg/rosidl_typesupport_fastrtps_cpp__visibility_control.h\n'}
[61.599004] (brain) StdoutLine: {'line': b'-- Up-to-date symlink: /home/booster/Workspace/Booster_T1_3v3_Demo/install/brain/include/brain/brain/msg/detail/kick__rosidl_typesupport_introspection_c.h\n'}
[61.599205] (brain) StdoutLine: {'line': b'-- Up-to-date symlink: /home/booster/Workspace/Booster_T1_3v3_Demo/install/brain/include/brain/brain/msg/rosidl_typesupport_introspection_c__visibility_control.h\n'}
[61.599383] (brain) StdoutLine: {'line': b'-- Up-to-date symlink: /home/booster/Workspace/Booster_T1_3v3_Demo/install/brain/include/brain/brain/msg/detail/kick__rosidl_typesupport_introspection_cpp.hpp\n'}
[61.600114] (brain) StdoutLine: {'line': b'-- Up-to-date symlink: /home/booster/Workspace/Booster_T1_3v3_Demo/install/brain/share/brain/environment/pythonpath.sh\n'}
[61.600969] (brain) StdoutLine: {'line': b'-- Up-to-date symlink: /home/booster/Workspace/Booster_T1_3v3_Demo/install/brain/share/brain/environment/pythonpath.dsv\n'}
[61.602302] (brain) StdoutLine: {'line': b'-- Up-to-date symlink: /home/booster/Workspace/Booster_T1_3v3_Demo/install/brain/local/lib/python3.10/dist-packages/brain-0.0.0-py3.10.egg-info/PKG-INFO\n'}
[61.605103] (brain) StdoutLine: {'line': b'-- Up-to-date symlink: /home/booster/Workspace/Booster_T1_3v3_Demo/install/brain/local/lib/python3.10/dist-packages/brain-0.0.0-py3.10.egg-info/SOURCES.txt\n'}
[61.605265] (brain) StdoutLine: {'line': b'-- Up-to-date symlink: /home/booster/Workspace/Booster_T1_3v3_Demo/install/brain/local/lib/python3.10/dist-packages/brain-0.0.0-py3.10.egg-info/dependency_links.txt\n'}
[61.605378] (brain) StdoutLine: {'line': b'-- Up-to-date symlink: /home/booster/Workspace/Booster_T1_3v3_Demo/install/brain/local/lib/python3.10/dist-packages/brain-0.0.0-py3.10.egg-info/top_level.txt\n'}
[61.606749] (brain) StdoutLine: {'line': b'-- Up-to-date symlink: /home/booster/Workspace/Booster_T1_3v3_Demo/install/brain/local/lib/python3.10/dist-packages/brain/__init__.py\n'}
[61.606903] (brain) StdoutLine: {'line': b'-- Up-to-date symlink: /home/booster/Workspace/Booster_T1_3v3_Demo/install/brain/local/lib/python3.10/dist-packages/brain/_brain_s.ep.rosidl_typesupport_c.c\n'}
[61.607026] (brain) StdoutLine: {'line': b'-- Up-to-date symlink: /home/booster/Workspace/Booster_T1_3v3_Demo/install/brain/local/lib/python3.10/dist-packages/brain/_brain_s.ep.rosidl_typesupport_fastrtps_c.c\n'}
[61.607129] (brain) StdoutLine: {'line': b'-- Up-to-date symlink: /home/booster/Workspace/Booster_T1_3v3_Demo/install/brain/local/lib/python3.10/dist-packages/brain/_brain_s.ep.rosidl_typesupport_introspection_c.c\n'}
[61.607227] (brain) StdoutLine: {'line': b'-- Up-to-date symlink: /home/booster/Workspace/Booster_T1_3v3_Demo/install/brain/local/lib/python3.10/dist-packages/brain/brain_s__rosidl_typesupport_c.cpython-310-aarch64-linux-gnu.so\n'}
[61.607323] (brain) StdoutLine: {'line': b'-- Up-to-date symlink: /home/booster/Workspace/Booster_T1_3v3_Demo/install/brain/local/lib/python3.10/dist-packages/brain/brain_s__rosidl_typesupport_fastrtps_c.cpython-310-aarch64-linux-gnu.so\n'}
[61.607417] (brain) StdoutLine: {'line': b'-- Up-to-date symlink: /home/booster/Workspace/Booster_T1_3v3_Demo/install/brain/local/lib/python3.10/dist-packages/brain/brain_s__rosidl_typesupport_introspection_c.cpython-310-aarch64-linux-gnu.so\n'}
[61.607515] (brain) StdoutLine: {'line': b'-- Up-to-date symlink: /home/booster/Workspace/Booster_T1_3v3_Demo/install/brain/local/lib/python3.10/dist-packages/brain/libbrain__rosidl_generator_py.so\n'}
[61.610281] (brain) StdoutLine: {'line': b'-- Up-to-date symlink: /home/booster/Workspace/Booster_T1_3v3_Demo/install/brain/local/lib/python3.10/dist-packages/brain/msg/__init__.py\n'}
[61.610720] (brain) StdoutLine: {'line': b'-- Up-to-date symlink: /home/booster/Workspace/Booster_T1_3v3_Demo/install/brain/local/lib/python3.10/dist-packages/brain/msg/_kick.py\n'}
[61.610856] (brain) StdoutLine: {'line': b'-- Up-to-date symlink: /home/booster/Workspace/Booster_T1_3v3_Demo/install/brain/local/lib/python3.10/dist-packages/brain/msg/_kick_s.c\n'}
[61.610962] (brain) StdoutLine: {'line': b'-- Up-to-date symlink: /home/booster/Workspace/Booster_T1_3v3_Demo/install/brain/local/lib/python3.10/dist-packages/brain/brain_s__rosidl_typesupport_fastrtps_c.cpython-310-aarch64-linux-gnu.so\n'}
[61.611065] (brain) StdoutLine: {'line': b'-- Up-to-date symlink: /home/booster/Workspace/Booster_T1_3v3_Demo/install/brain/local/lib/python3.10/dist-packages/brain/brain_s__rosidl_typesupport_introspection_c.cpython-310-aarch64-linux-gnu.so\n'}
[61.611163] (brain) StdoutLine: {'line': b'-- Up-to-date symlink: /home/booster/Workspace/Booster_T1_3v3_Demo/install/brain/local/lib/python3.10/dist-packages/brain/brain_s__rosidl_typesupport_c.cpython-310-aarch64-linux-gnu.so\n'}
[61.611259] (brain) StdoutLine: {'line': b'-- Up-to-date symlink: /home/booster/Workspace/Booster_T1_3v3_Demo/install/brain/share/brain/msg/Kick.idl\n'}
[61.611377] (brain) StdoutLine: {'line': b'-- Up-to-date symlink: /home/booster/Workspace/Booster_T1_3v3_Demo/install/brain/share/brain/msg/Kick.msg\n'}
[61.613136] (brain) StdoutLine: {'line': b'-- Up-to-date symlink: /home/booster/Workspace/Booster_T1_3v3_Demo/install/brain/lib/brain/brain_node\n'}
[61.613283] (brain) StdoutLine: {'line': b'-- Up-to-date symlink: /home/booster/Workspace/Booster_T1_3v3_Demo/install/brain/share/brain/launch/launch.py\n'}
[61.613878] (brain) StdoutLine: {'line': b'-- Up-to-date symlink: /home/booster/Workspace/Booster_T1_3v3_Demo/install/brain/share/brain/config/config.yaml\n'}
[61.615829] (brain) StdoutLine: {'line': b'-- Up-to-date symlink: /home/booster/Workspace/Booster_T1_3v3_Demo/install/brain/share/brain/behavior_trees/assist.xml\n'}
[61.615988] (brain) StdoutLine: {'line': b'-- Up-to-date symlink: /home/booster/Workspace/Booster_T1_3v3_Demo/install/brain/share/brain/behavior_trees/chase.xml\n'}
[61.616148] (brain) StdoutLine: {'line': b'-- Up-to-date symlink: /home/booster/Workspace/Booster_T1_3v3_Demo/install/brain/share/brain/behavior_trees/game.xml\n'}
[61.616283] (brain) StdoutLine: {'line': b'-- Up-to-date symlink: /home/booster/Workspace/Booster_T1_3v3_Demo/install/brain/share/brain/behavior_trees/subtrees/defender.xml\n'}
[61.616538] (brain) StdoutLine: {'line': b'-- Up-to-date symlink: /home/booster/Workspace/Booster_T1_3v3_Demo/install/brain/share/brain/behavior_trees/subtrees/goalie.xml\n'}
[61.616661] (brain) StdoutLine: {'line': b'-- Up-to-date symlink: /home/booster/Workspace/Booster_T1_3v3_Demo/install/brain/share/brain/behavior_trees/subtrees/subtree_auto_standup_and_locate.xml\n'}
[61.616765] (brain) StdoutLine: {'line': b'-- Up-to-date symlink: /home/booster/Workspace/Booster_T1_3v3_Demo/install/brain/share/brain/behavior_trees/subtrees/subtree_cam_find_and_track_ball.xml\n'}
[61.616877] (brain) StdoutLine: {'line': b'-- Up-to-date symlink: /home/booster/Workspace/Booster_T1_3v3_Demo/install/brain/share/brain/behavior_trees/subtrees/subtree_defender_freekick.xml\n'}
[61.616977] (brain) StdoutLine: {'line': b'-- Up-to-date symlink: /home/booster/Workspace/Booster_T1_3v3_Demo/install/brain/share/brain/behavior_trees/subtrees/subtree_find_ball.xml\n'}
[61.617090] (brain) StdoutLine: {'line': b'-- Up-to-date symlink: /home/booster/Workspace/Booster_T1_3v3_Demo/install/brain/share/brain/behavior_trees/subtrees/subtree_goal_keeper_freekick.xml\n'}
[61.617186] (brain) StdoutLine: {'line': b'-- Up-to-date symlink: /home/booster/Workspace/Booster_T1_3v3_Demo/install/brain/share/brain/behavior_trees/subtrees/subtree_goal_keeper_play.xml\n'}
[61.617282] (brain) StdoutLine: {'line': b'-- Up-to-date symlink: /home/booster/Workspace/Booster_T1_3v3_Demo/install/brain/share/brain/behavior_trees/subtrees/subtree_locate.xml\n'}
[61.617377] (brain) StdoutLine: {'line': b'-- Up-to-date symlink: /home/booster/Workspace/Booster_T1_3v3_Demo/install/brain/share/brain/behavior_trees/subtrees/subtree_striker_freekick.xml\n'}
[61.617471] (brain) StdoutLine: {'line': b'-- Up-to-date symlink: /home/booster/Workspace/Booster_T1_3v3_Demo/install/brain/share/brain/behavior_trees/subtrees/subtree_striker_play.xml\n'}
[61.617565] (brain) StdoutLine: {'line': b'-- Up-to-date symlink: /home/booster/Workspace/Booster_T1_3v3_Demo/install/brain/share/brain/behavior_trees/test_adjust.xml\n'}
[61.619368] (brain) StdoutLine: {'line': b'-- Up-to-date symlink: /home/booster/Workspace/Booster_T1_3v3_Demo/install/brain/share/ament_index/resource_index/package_run_dependencies/brain\n'}
[61.619908] (brain) StdoutLine: {'line': b'-- Up-to-date symlink: /home/booster/Workspace/Booster_T1_3v3_Demo/install/brain/share/ament_index/resource_index/parent_prefix_path/brain\n'}
[61.620295] (brain) StdoutLine: {'line': b'-- Up-to-date symlink: /home/booster/Workspace/Booster_T1_3v3_Demo/install/brain/share/brain/environment/ament_prefix_path.sh\n'}
[61.620997] (brain) StdoutLine: {'line': b'-- Up-to-date symlink: /home/booster/Workspace/Booster_T1_3v3_Demo/install/brain/share/brain/environment/ament_prefix_path.dsv\n'}
[61.621202] (brain) StdoutLine: {'line': b'-- Up-to-date symlink: /home/booster/Workspace/Booster_T1_3v3_Demo/install/brain/share/brain/environment/path.sh\n'}
[61.621308] (brain) StdoutLine: {'line': b'-- Up-to-date symlink: /home/booster/Workspace/Booster_T1_3v3_Demo/install/brain/share/brain/environment/path.dsv\n'}
[61.621937] (brain) StdoutLine: {'line': b'-- Up-to-date symlink: /home/booster/Workspace/Booster_T1_3v3_Demo/install/brain/share/brain/local_setup.bash\n'}
[61.624240] (brain) StdoutLine: {'line': b'-- Up-to-date symlink: /home/booster/Workspace/Booster_T1_3v3_Demo/install/brain/share/brain/local_setup.sh\n'}
[61.625959] (brain) StdoutLine: {'line': b'-- Up-to-date symlink: /home/booster/Workspace/Booster_T1_3v3_Demo/install/brain/share/brain/local_setup.zsh\n'}
[61.626186] (brain) StdoutLine: {'line': b'-- Up-to-date symlink: /home/booster/Workspace/Booster_T1_3v3_Demo/install/brain/share/brain/local_setup.dsv\n'}
[61.626334] (brain) StdoutLine: {'line': b'-- Symlinking: /home/booster/Workspace/Booster_T1_3v3_Demo/install/brain/share/brain/package.dsv\n'}
[61.626458] (brain) StdoutLine: {'line': b'-- Up-to-date symlink: /home/booster/Workspace/Booster_T1_3v3_Demo/install/brain/share/ament_index/resource_index/packages/brain\n'}
[61.627828] (brain) StdoutLine: {'line': b'-- Up-to-date symlink: /home/booster/Workspace/Booster_T1_3v3_Demo/install/brain/share/brain/cmake/rosidl_cmake-extras.cmake\n'}
[61.627969] (brain) StdoutLine: {'line': b'-- Up-to-date symlink: /home/booster/Workspace/Booster_T1_3v3_Demo/install/brain/share/brain/cmake/ament_cmake_export_dependencies-extras.cmake\n'}
[61.628097] (brain) StdoutLine: {'line': b'-- Up-to-date symlink: /home/booster/Workspace/Booster_T1_3v3_Demo/install/brain/share/brain/cmake/ament_cmake_export_include_directories-extras.cmake\n'}
[61.628222] (brain) StdoutLine: {'line': b'-- Up-to-date symlink: /home/booster/Workspace/Booster_T1_3v3_Demo/install/brain/share/brain/cmake/ament_cmake_export_libraries-extras.cmake\n'}
[61.628353] (brain) StdoutLine: {'line': b'-- Up-to-date symlink: /home/booster/Workspace/Booster_T1_3v3_Demo/install/brain/share/brain/cmake/ament_cmake_export_targets-extras.cmake\n'}
[61.629822] (brain) StdoutLine: {'line': b'-- Up-to-date symlink: /home/booster/Workspace/Booster_T1_3v3_Demo/install/brain/share/brain/cmake/rosidl_cmake_export_typesupport_targets-extras.cmake\n'}
[61.630020] (brain) StdoutLine: {'line': b'-- Up-to-date symlink: /home/booster/Workspace/Booster_T1_3v3_Demo/install/brain/share/brain/cmake/rosidl_cmake_export_typesupport_libraries-extras.cmake\n'}
[61.630158] (brain) StdoutLine: {'line': b'-- Up-to-date symlink: /home/booster/Workspace/Booster_T1_3v3_Demo/install/brain/share/brain/cmake/brainConfig.cmake\n'}
[61.630297] (brain) StdoutLine: {'line': b'-- Up-to-date symlink: /home/booster/Workspace/Booster_T1_3v3_Demo/install/brain/share/brain/cmake/brainConfig-version.cmake\n'}
[61.630418] (brain) StdoutLine: {'line': b'-- Up-to-date symlink: /home/booster/Workspace/Booster_T1_3v3_Demo/install/brain/share/brain/package.xml\n'}
[61.632042] (brain) StdoutLine: {'line': b'-- Up-to-date: /home/booster/Workspace/Booster_T1_3v3_Demo/install/brain/lib/libbrain__rosidl_generator_c.so\n'}
[61.632769] (brain) StdoutLine: {'line': b'-- Up-to-date: /home/booster/Workspace/Booster_T1_3v3_Demo/install/brain/lib/libbrain__rosidl_typesupport_fastrtps_c.so\n'}
[61.632954] (brain) StdoutLine: {'line': b'-- Up-to-date: /home/booster/Workspace/Booster_T1_3v3_Demo/install/brain/lib/libbrain__rosidl_typesupport_fastrtps_cpp.so\n'}
[61.633059] (brain) StdoutLine: {'line': b'-- Up-to-date: /home/booster/Workspace/Booster_T1_3v3_Demo/install/brain/lib/libbrain__rosidl_typesupport_introspection_c.so\n'}
[61.633291] (brain) StdoutLine: {'line': b'-- Up-to-date: /home/booster/Workspace/Booster_T1_3v3_Demo/install/brain/lib/libbrain__rosidl_typesupport_c.so\n'}
[61.633422] (brain) StdoutLine: {'line': b'-- Up-to-date: /home/booster/Workspace/Booster_T1_3v3_Demo/install/brain/lib/libbrain__rosidl_typesupport_introspection_cpp.so\n'}
[61.633525] (brain) StdoutLine: {'line': b'-- Up-to-date: /home/booster/Workspace/Booster_T1_3v3_Demo/install/brain/lib/libbrain__rosidl_typesupport_cpp.so\n'}
[61.679940] (brain) StdoutLine: {'line': b"Listing '/home/booster/Workspace/Booster_T1_3v3_Demo/install/brain/local/lib/python3.10/dist-packages/brain'...\n"}
[61.680344] (brain) StdoutLine: {'line': b"Listing '/home/booster/Workspace/Booster_T1_3v3_Demo/install/brain/local/lib/python3.10/dist-packages/brain/msg'...\n"}
[61.686499] (-) TimerEvent: {}
[61.704034] (brain) StdoutLine: {'line': b'-- Up-to-date: /home/booster/Workspace/Booster_T1_3v3_Demo/install/brain/lib/libbrain__rosidl_generator_py.so\n'}
[61.706050] (brain) StdoutLine: {'line': b'-- Up-to-date: /home/booster/Workspace/Booster_T1_3v3_Demo/install/brain/share/brain/cmake/export_brain__rosidl_generator_cExport.cmake\n'}
[61.706320] (brain) StdoutLine: {'line': b'-- Up-to-date: /home/booster/Workspace/Booster_T1_3v3_Demo/install/brain/share/brain/cmake/export_brain__rosidl_generator_cExport-noconfig.cmake\n'}
[61.706481] (brain) StdoutLine: {'line': b'-- Up-to-date: /home/booster/Workspace/Booster_T1_3v3_Demo/install/brain/share/brain/cmake/export_brain__rosidl_typesupport_fastrtps_cExport.cmake\n'}
[61.706640] (brain) StdoutLine: {'line': b'-- Up-to-date: /home/booster/Workspace/Booster_T1_3v3_Demo/install/brain/share/brain/cmake/export_brain__rosidl_typesupport_fastrtps_cExport-noconfig.cmake\n'}
[61.706779] (brain) StdoutLine: {'line': b'-- Up-to-date: /home/booster/Workspace/Booster_T1_3v3_Demo/install/brain/share/brain/cmake/export_brain__rosidl_generator_cppExport.cmake\n'}
[61.706894] (brain) StdoutLine: {'line': b'-- Up-to-date: /home/booster/Workspace/Booster_T1_3v3_Demo/install/brain/share/brain/cmake/export_brain__rosidl_typesupport_fastrtps_cppExport.cmake\n'}
[61.706998] (brain) StdoutLine: {'line': b'-- Up-to-date: /home/booster/Workspace/Booster_T1_3v3_Demo/install/brain/share/brain/cmake/export_brain__rosidl_typesupport_fastrtps_cppExport-noconfig.cmake\n'}
[61.707099] (brain) StdoutLine: {'line': b'-- Up-to-date: /home/booster/Workspace/Booster_T1_3v3_Demo/install/brain/share/brain/cmake/brain__rosidl_typesupport_introspection_cExport.cmake\n'}
[61.707196] (brain) StdoutLine: {'line': b'-- Up-to-date: /home/booster/Workspace/Booster_T1_3v3_Demo/install/brain/share/brain/cmake/brain__rosidl_typesupport_introspection_cExport-noconfig.cmake\n'}
[61.707310] (brain) StdoutLine: {'line': b'-- Up-to-date: /home/booster/Workspace/Booster_T1_3v3_Demo/install/brain/share/brain/cmake/brain__rosidl_typesupport_cExport.cmake\n'}
[61.707411] (brain) StdoutLine: {'line': b'-- Up-to-date: /home/booster/Workspace/Booster_T1_3v3_Demo/install/brain/share/brain/cmake/brain__rosidl_typesupport_cExport-noconfig.cmake\n'}
[61.707507] (brain) StdoutLine: {'line': b'-- Up-to-date: /home/booster/Workspace/Booster_T1_3v3_Demo/install/brain/share/brain/cmake/brain__rosidl_typesupport_introspection_cppExport.cmake\n'}
[61.707605] (brain) StdoutLine: {'line': b'-- Up-to-date: /home/booster/Workspace/Booster_T1_3v3_Demo/install/brain/share/brain/cmake/brain__rosidl_typesupport_introspection_cppExport-noconfig.cmake\n'}
[61.707698] (brain) StdoutLine: {'line': b'-- Up-to-date: /home/booster/Workspace/Booster_T1_3v3_Demo/install/brain/share/brain/cmake/brain__rosidl_typesupport_cppExport.cmake\n'}
[61.707794] (brain) StdoutLine: {'line': b'-- Up-to-date: /home/booster/Workspace/Booster_T1_3v3_Demo/install/brain/share/brain/cmake/brain__rosidl_typesupport_cppExport-noconfig.cmake\n'}
[61.707909] (brain) StdoutLine: {'line': b'-- Up-to-date: /home/booster/Workspace/Booster_T1_3v3_Demo/install/brain/share/brain/cmake/export_brain__rosidl_generator_pyExport.cmake\n'}
[61.708042] (brain) StdoutLine: {'line': b'-- Up-to-date: /home/booster/Workspace/Booster_T1_3v3_Demo/install/brain/share/brain/cmake/export_brain__rosidl_generator_pyExport-noconfig.cmake\n'}
[61.727116] (brain) CommandEnded: {'returncode': 0}
[61.786702] (-) TimerEvent: {}
[61.805213] (brain) JobEnded: {'identifier': 'brain', 'rc': 0}
[61.830716] (-) EventReactorShutdown: {}
