[0.000000] (-) TimerEvent: {}
[0.000483] (booster_interface) JobQueued: {'identifier': 'booster_interface', 'dependencies': OrderedDict()}
[0.000687] (booster_msgs) JobQueued: {'identifier': 'booster_msgs', 'dependencies': OrderedDict()}
[0.000828] (game_controller_interface) JobQueued: {'identifier': 'game_controller_interface', 'dependencies': OrderedDict()}
[0.001259] (sound_play) JobQueued: {'identifier': 'sound_play', 'dependencies': OrderedDict()}
[0.002107] (vision_interface) JobQueued: {'identifier': 'vision_interface', 'dependencies': OrderedDict()}
[0.002705] (brain) JobQueued: {'identifier': 'brain', 'dependencies': OrderedDict([('booster_interface', '/home/booster/Workspace/Booster_T1_3v3_Demo/install/booster_interface'), ('booster_msgs', '/home/booster/Workspace/Booster_T1_3v3_Demo/install/booster_msgs'), ('game_controller_interface', '/home/booster/Workspace/Booster_T1_3v3_Demo/install/game_controller_interface'), ('vision_interface', '/home/booster/Workspace/Booster_T1_3v3_Demo/install/vision_interface')])}
[0.003536] (game_controller) JobQueued: {'identifier': 'game_controller', 'dependencies': OrderedDict([('game_controller_interface', '/home/booster/Workspace/Booster_T1_3v3_Demo/install/game_controller_interface')])}
[0.003651] (vision) JobQueued: {'identifier': 'vision', 'dependencies': OrderedDict([('vision_interface', '/home/booster/Workspace/Booster_T1_3v3_Demo/install/vision_interface')])}
[0.003723] (game_controller_interface) JobStarted: {'identifier': 'game_controller_interface'}
[0.019562] (vision_interface) JobStarted: {'identifier': 'vision_interface'}
[0.028049] (booster_interface) JobStarted: {'identifier': 'booster_interface'}
[0.041493] (booster_msgs) JobStarted: {'identifier': 'booster_msgs'}
[0.049630] (sound_play) JobStarted: {'identifier': 'sound_play'}
[0.069425] (game_controller_interface) JobProgress: {'identifier': 'game_controller_interface', 'progress': 'cmake'}
[0.071684] (game_controller_interface) JobProgress: {'identifier': 'game_controller_interface', 'progress': 'build'}
[0.074267] (game_controller_interface) Command: {'cmd': ['/usr/bin/cmake', '--build', '/home/booster/Workspace/Booster_T1_3v3_Demo/build/game_controller_interface', '--', '-j5', '-l5'], 'cwd': '/home/booster/Workspace/Booster_T1_3v3_Demo/build/game_controller_interface', 'env': OrderedDict([('LESSOPEN', '| /usr/bin/lesspipe %s'), ('PYTHONWARNINGS', 'ignore::DeprecationWarning,ignore::UserWarning,ignore::FutureWarning'), ('USER', 'booster'), ('SSH_CLIENT', '192.168.10.10 52770 22'), ('XDG_SESSION_TYPE', 'tty'), ('GIT_ASKPASS', '/home/booster/.cursor-server/bin/63fcac100bd5d5749f2a98aa47d65f6eca61db30/extensions/git/dist/askpass.sh'), ('SHLVL', '2'), ('LD_LIBRARY_PATH', '/opt/ros/humble/opt/rviz_ogre_vendor/lib:/opt/ros/humble/lib/aarch64-linux-gnu:/opt/ros/humble/lib:/usr/local/cuda/lib64:'), ('BROWSER', '/home/booster/.cursor-server/bin/63fcac100bd5d5749f2a98aa47d65f6eca61db30/bin/helpers/browser.sh'), ('MOTD_SHOWN', 'pam'), ('HOME', '/home/booster'), ('OLDPWD', '/home/booster/Workspace/Booster_T1_3v3_Demo/scripts'), ('TERM_PROGRAM_VERSION', '2.0.69'), ('VSCODE_IPC_HOOK_CLI', '/run/user/1000/vscode-ipc-5b4b5a5b-4170-49e5-94eb-b1b77f1b1ddc.sock'), ('JETSON_L4T', '36.4.3'), ('ROS_PYTHON_VERSION', '3'), ('JETSON_MODEL', 'Booster T1 AGX Orin V2.1'), ('VSCODE_GIT_ASKPASS_MAIN', '/home/booster/.cursor-server/bin/63fcac100bd5d5749f2a98aa47d65f6eca61db30/extensions/git/dist/askpass-main.js'), ('VSCODE_GIT_ASKPASS_NODE', '/home/booster/.cursor-server/bin/63fcac100bd5d5749f2a98aa47d65f6eca61db30/node'), ('DBUS_SESSION_BUS_ADDRESS', 'unix:path=/run/user/1000/bus'), ('COLORTERM', 'truecolor'), ('ROS_DISTRO', 'humble'), ('LOGNAME', 'booster'), ('JETSON_MODULE', 'NVIDIA Jetson AGX Orin (32GB ram)'), ('JETSON_SERIAL_NUMBER', '1421225046990'), ('_', '/usr/bin/colcon'), ('ROS_VERSION', '2'), ('XDG_SESSION_CLASS', 'user'), ('TERM', 'xterm-256color'), ('XDG_SESSION_ID', '7'), ('ROS_LOCALHOST_ONLY', '0'), ('PATH', '/opt/ros/humble/bin:/usr/local/cuda/bin:/usr/local/sbin:/usr/local/bin:/usr/sbin:/usr/bin:/sbin:/bin:/snap/bin'), ('FASTRTPS_DEFAULT_PROFILES_FILE', '/opt/booster/BoosterRos2/fastdds_profile.xml'), ('CUDA_ROOT', '/usr/local/cuda'), ('XDG_RUNTIME_DIR', '/run/user/1000'), ('LANG', 'en_US.UTF-8'), ('LS_COLORS', 'rs=0:di=01;34:ln=01;36:mh=00:pi=40;33:so=01;35:do=01;35:bd=40;33;01:cd=40;33;01:or=40;31;01:mi=00:su=37;41:sg=30;43:ca=30;41:tw=30;42:ow=34;42:st=37;44:ex=01;32:*.tar=01;31:*.tgz=01;31:*.arc=01;31:*.arj=01;31:*.taz=01;31:*.lha=01;31:*.lz4=01;31:*.lzh=01;31:*.lzma=01;31:*.tlz=01;31:*.txz=01;31:*.tzo=01;31:*.t7z=01;31:*.zip=01;31:*.z=01;31:*.dz=01;31:*.gz=01;31:*.lrz=01;31:*.lz=01;31:*.lzo=01;31:*.xz=01;31:*.zst=01;31:*.tzst=01;31:*.bz2=01;31:*.bz=01;31:*.tbz=01;31:*.tbz2=01;31:*.tz=01;31:*.deb=01;31:*.rpm=01;31:*.jar=01;31:*.war=01;31:*.ear=01;31:*.sar=01;31:*.rar=01;31:*.alz=01;31:*.ace=01;31:*.zoo=01;31:*.cpio=01;31:*.7z=01;31:*.rz=01;31:*.cab=01;31:*.wim=01;31:*.swm=01;31:*.dwm=01;31:*.esd=01;31:*.jpg=01;35:*.jpeg=01;35:*.mjpg=01;35:*.mjpeg=01;35:*.gif=01;35:*.bmp=01;35:*.pbm=01;35:*.pgm=01;35:*.ppm=01;35:*.tga=01;35:*.xbm=01;35:*.xpm=01;35:*.tif=01;35:*.tiff=01;35:*.png=01;35:*.svg=01;35:*.svgz=01;35:*.mng=01;35:*.pcx=01;35:*.mov=01;35:*.mpg=01;35:*.mpeg=01;35:*.m2v=01;35:*.mkv=01;35:*.webm=01;35:*.webp=01;35:*.ogm=01;35:*.mp4=01;35:*.m4v=01;35:*.mp4v=01;35:*.vob=01;35:*.qt=01;35:*.nuv=01;35:*.wmv=01;35:*.asf=01;35:*.rm=01;35:*.rmvb=01;35:*.flc=01;35:*.avi=01;35:*.fli=01;35:*.flv=01;35:*.gl=01;35:*.dl=01;35:*.xcf=01;35:*.xwd=01;35:*.yuv=01;35:*.cgm=01;35:*.emf=01;35:*.ogv=01;35:*.ogx=01;35:*.aac=00;36:*.au=00;36:*.flac=00;36:*.m4a=00;36:*.mid=00;36:*.midi=00;36:*.mka=00;36:*.mp3=00;36:*.mpc=00;36:*.ogg=00;36:*.ra=00;36:*.wav=00;36:*.oga=00;36:*.opus=00;36:*.spx=00;36:*.xspf=00;36:'), ('JETSON_SOC', 'tegra234'), ('VSCODE_GIT_IPC_HANDLE', '/run/user/1000/vscode-git-831b0def1b.sock'), ('TERM_PROGRAM', 'vscode'), ('AMENT_PREFIX_PATH', '/opt/ros/humble'), ('SHELL', '/bin/bash'), ('LESSCLOSE', '/usr/bin/lesspipe %s %s'), ('VSCODE_GIT_ASKPASS_EXTRA_ARGS', ''), ('JETSON_CUDA_ARCH_BIN', '8.7'), ('PWD', '/home/booster/Workspace/Booster_T1_3v3_Demo/build/game_controller_interface'), ('SSH_CONNECTION', '192.168.10.10 52770 192.168.10.102 22'), ('XDG_DATA_DIRS', '/usr/share/gnome:/usr/local/share:/usr/share:/var/lib/snapd/desktop'), ('PYTHONPATH', '/opt/ros/humble/lib/python3.10/site-packages:/opt/ros/humble/local/lib/python3.10/dist-packages'), ('COLCON', '1'), ('JETSON_JETPACK', '6.2'), ('JETSON_P_NUMBER', 'p3701-0004'), ('CMAKE_PREFIX_PATH', '/opt/ros/humble')]), 'shell': False}
[0.083134] (vision_interface) JobProgress: {'identifier': 'vision_interface', 'progress': 'cmake'}
[0.083214] (vision_interface) JobProgress: {'identifier': 'vision_interface', 'progress': 'build'}
[0.083254] (vision_interface) Command: {'cmd': ['/usr/bin/cmake', '--build', '/home/booster/Workspace/Booster_T1_3v3_Demo/build/vision_interface', '--', '-j5', '-l5'], 'cwd': '/home/booster/Workspace/Booster_T1_3v3_Demo/build/vision_interface', 'env': OrderedDict([('LESSOPEN', '| /usr/bin/lesspipe %s'), ('PYTHONWARNINGS', 'ignore::DeprecationWarning,ignore::UserWarning,ignore::FutureWarning'), ('USER', 'booster'), ('SSH_CLIENT', '192.168.10.10 52770 22'), ('XDG_SESSION_TYPE', 'tty'), ('GIT_ASKPASS', '/home/booster/.cursor-server/bin/63fcac100bd5d5749f2a98aa47d65f6eca61db30/extensions/git/dist/askpass.sh'), ('SHLVL', '2'), ('LD_LIBRARY_PATH', '/opt/ros/humble/opt/rviz_ogre_vendor/lib:/opt/ros/humble/lib/aarch64-linux-gnu:/opt/ros/humble/lib:/usr/local/cuda/lib64:'), ('BROWSER', '/home/booster/.cursor-server/bin/63fcac100bd5d5749f2a98aa47d65f6eca61db30/bin/helpers/browser.sh'), ('MOTD_SHOWN', 'pam'), ('HOME', '/home/booster'), ('OLDPWD', '/home/booster/Workspace/Booster_T1_3v3_Demo/scripts'), ('TERM_PROGRAM_VERSION', '2.0.69'), ('VSCODE_IPC_HOOK_CLI', '/run/user/1000/vscode-ipc-5b4b5a5b-4170-49e5-94eb-b1b77f1b1ddc.sock'), ('JETSON_L4T', '36.4.3'), ('ROS_PYTHON_VERSION', '3'), ('JETSON_MODEL', 'Booster T1 AGX Orin V2.1'), ('VSCODE_GIT_ASKPASS_MAIN', '/home/booster/.cursor-server/bin/63fcac100bd5d5749f2a98aa47d65f6eca61db30/extensions/git/dist/askpass-main.js'), ('VSCODE_GIT_ASKPASS_NODE', '/home/booster/.cursor-server/bin/63fcac100bd5d5749f2a98aa47d65f6eca61db30/node'), ('DBUS_SESSION_BUS_ADDRESS', 'unix:path=/run/user/1000/bus'), ('COLORTERM', 'truecolor'), ('ROS_DISTRO', 'humble'), ('LOGNAME', 'booster'), ('JETSON_MODULE', 'NVIDIA Jetson AGX Orin (32GB ram)'), ('JETSON_SERIAL_NUMBER', '1421225046990'), ('_', '/usr/bin/colcon'), ('ROS_VERSION', '2'), ('XDG_SESSION_CLASS', 'user'), ('TERM', 'xterm-256color'), ('XDG_SESSION_ID', '7'), ('ROS_LOCALHOST_ONLY', '0'), ('PATH', '/opt/ros/humble/bin:/usr/local/cuda/bin:/usr/local/sbin:/usr/local/bin:/usr/sbin:/usr/bin:/sbin:/bin:/snap/bin'), ('FASTRTPS_DEFAULT_PROFILES_FILE', '/opt/booster/BoosterRos2/fastdds_profile.xml'), ('CUDA_ROOT', '/usr/local/cuda'), ('XDG_RUNTIME_DIR', '/run/user/1000'), ('LANG', 'en_US.UTF-8'), ('LS_COLORS', 'rs=0:di=01;34:ln=01;36:mh=00:pi=40;33:so=01;35:do=01;35:bd=40;33;01:cd=40;33;01:or=40;31;01:mi=00:su=37;41:sg=30;43:ca=30;41:tw=30;42:ow=34;42:st=37;44:ex=01;32:*.tar=01;31:*.tgz=01;31:*.arc=01;31:*.arj=01;31:*.taz=01;31:*.lha=01;31:*.lz4=01;31:*.lzh=01;31:*.lzma=01;31:*.tlz=01;31:*.txz=01;31:*.tzo=01;31:*.t7z=01;31:*.zip=01;31:*.z=01;31:*.dz=01;31:*.gz=01;31:*.lrz=01;31:*.lz=01;31:*.lzo=01;31:*.xz=01;31:*.zst=01;31:*.tzst=01;31:*.bz2=01;31:*.bz=01;31:*.tbz=01;31:*.tbz2=01;31:*.tz=01;31:*.deb=01;31:*.rpm=01;31:*.jar=01;31:*.war=01;31:*.ear=01;31:*.sar=01;31:*.rar=01;31:*.alz=01;31:*.ace=01;31:*.zoo=01;31:*.cpio=01;31:*.7z=01;31:*.rz=01;31:*.cab=01;31:*.wim=01;31:*.swm=01;31:*.dwm=01;31:*.esd=01;31:*.jpg=01;35:*.jpeg=01;35:*.mjpg=01;35:*.mjpeg=01;35:*.gif=01;35:*.bmp=01;35:*.pbm=01;35:*.pgm=01;35:*.ppm=01;35:*.tga=01;35:*.xbm=01;35:*.xpm=01;35:*.tif=01;35:*.tiff=01;35:*.png=01;35:*.svg=01;35:*.svgz=01;35:*.mng=01;35:*.pcx=01;35:*.mov=01;35:*.mpg=01;35:*.mpeg=01;35:*.m2v=01;35:*.mkv=01;35:*.webm=01;35:*.webp=01;35:*.ogm=01;35:*.mp4=01;35:*.m4v=01;35:*.mp4v=01;35:*.vob=01;35:*.qt=01;35:*.nuv=01;35:*.wmv=01;35:*.asf=01;35:*.rm=01;35:*.rmvb=01;35:*.flc=01;35:*.avi=01;35:*.fli=01;35:*.flv=01;35:*.gl=01;35:*.dl=01;35:*.xcf=01;35:*.xwd=01;35:*.yuv=01;35:*.cgm=01;35:*.emf=01;35:*.ogv=01;35:*.ogx=01;35:*.aac=00;36:*.au=00;36:*.flac=00;36:*.m4a=00;36:*.mid=00;36:*.midi=00;36:*.mka=00;36:*.mp3=00;36:*.mpc=00;36:*.ogg=00;36:*.ra=00;36:*.wav=00;36:*.oga=00;36:*.opus=00;36:*.spx=00;36:*.xspf=00;36:'), ('JETSON_SOC', 'tegra234'), ('VSCODE_GIT_IPC_HANDLE', '/run/user/1000/vscode-git-831b0def1b.sock'), ('TERM_PROGRAM', 'vscode'), ('AMENT_PREFIX_PATH', '/opt/ros/humble'), ('SHELL', '/bin/bash'), ('LESSCLOSE', '/usr/bin/lesspipe %s %s'), ('VSCODE_GIT_ASKPASS_EXTRA_ARGS', ''), ('JETSON_CUDA_ARCH_BIN', '8.7'), ('PWD', '/home/booster/Workspace/Booster_T1_3v3_Demo/build/vision_interface'), ('SSH_CONNECTION', '192.168.10.10 52770 192.168.10.102 22'), ('XDG_DATA_DIRS', '/usr/share/gnome:/usr/local/share:/usr/share:/var/lib/snapd/desktop'), ('PYTHONPATH', '/opt/ros/humble/lib/python3.10/site-packages:/opt/ros/humble/local/lib/python3.10/dist-packages'), ('COLCON', '1'), ('JETSON_JETPACK', '6.2'), ('JETSON_P_NUMBER', 'p3701-0004'), ('CMAKE_PREFIX_PATH', '/opt/ros/humble')]), 'shell': False}
[0.099208] (-) TimerEvent: {}
[0.100665] (booster_interface) JobProgress: {'identifier': 'booster_interface', 'progress': 'cmake'}
[0.102104] (booster_interface) JobProgress: {'identifier': 'booster_interface', 'progress': 'build'}
[0.102907] (booster_interface) Command: {'cmd': ['/usr/bin/cmake', '--build', '/home/booster/Workspace/Booster_T1_3v3_Demo/build/booster_interface', '--', '-j5', '-l5'], 'cwd': '/home/booster/Workspace/Booster_T1_3v3_Demo/build/booster_interface', 'env': OrderedDict([('LESSOPEN', '| /usr/bin/lesspipe %s'), ('PYTHONWARNINGS', 'ignore::DeprecationWarning,ignore::UserWarning,ignore::FutureWarning'), ('USER', 'booster'), ('SSH_CLIENT', '192.168.10.10 52770 22'), ('XDG_SESSION_TYPE', 'tty'), ('GIT_ASKPASS', '/home/booster/.cursor-server/bin/63fcac100bd5d5749f2a98aa47d65f6eca61db30/extensions/git/dist/askpass.sh'), ('SHLVL', '2'), ('LD_LIBRARY_PATH', '/opt/ros/humble/opt/rviz_ogre_vendor/lib:/opt/ros/humble/lib/aarch64-linux-gnu:/opt/ros/humble/lib:/usr/local/cuda/lib64:'), ('BROWSER', '/home/booster/.cursor-server/bin/63fcac100bd5d5749f2a98aa47d65f6eca61db30/bin/helpers/browser.sh'), ('MOTD_SHOWN', 'pam'), ('HOME', '/home/booster'), ('OLDPWD', '/home/booster/Workspace/Booster_T1_3v3_Demo/scripts'), ('TERM_PROGRAM_VERSION', '2.0.69'), ('VSCODE_IPC_HOOK_CLI', '/run/user/1000/vscode-ipc-5b4b5a5b-4170-49e5-94eb-b1b77f1b1ddc.sock'), ('JETSON_L4T', '36.4.3'), ('ROS_PYTHON_VERSION', '3'), ('JETSON_MODEL', 'Booster T1 AGX Orin V2.1'), ('VSCODE_GIT_ASKPASS_MAIN', '/home/booster/.cursor-server/bin/63fcac100bd5d5749f2a98aa47d65f6eca61db30/extensions/git/dist/askpass-main.js'), ('VSCODE_GIT_ASKPASS_NODE', '/home/booster/.cursor-server/bin/63fcac100bd5d5749f2a98aa47d65f6eca61db30/node'), ('DBUS_SESSION_BUS_ADDRESS', 'unix:path=/run/user/1000/bus'), ('COLORTERM', 'truecolor'), ('ROS_DISTRO', 'humble'), ('LOGNAME', 'booster'), ('JETSON_MODULE', 'NVIDIA Jetson AGX Orin (32GB ram)'), ('JETSON_SERIAL_NUMBER', '1421225046990'), ('_', '/usr/bin/colcon'), ('ROS_VERSION', '2'), ('XDG_SESSION_CLASS', 'user'), ('TERM', 'xterm-256color'), ('XDG_SESSION_ID', '7'), ('ROS_LOCALHOST_ONLY', '0'), ('PATH', '/opt/ros/humble/bin:/usr/local/cuda/bin:/usr/local/sbin:/usr/local/bin:/usr/sbin:/usr/bin:/sbin:/bin:/snap/bin'), ('FASTRTPS_DEFAULT_PROFILES_FILE', '/opt/booster/BoosterRos2/fastdds_profile.xml'), ('CUDA_ROOT', '/usr/local/cuda'), ('XDG_RUNTIME_DIR', '/run/user/1000'), ('LANG', 'en_US.UTF-8'), ('LS_COLORS', 'rs=0:di=01;34:ln=01;36:mh=00:pi=40;33:so=01;35:do=01;35:bd=40;33;01:cd=40;33;01:or=40;31;01:mi=00:su=37;41:sg=30;43:ca=30;41:tw=30;42:ow=34;42:st=37;44:ex=01;32:*.tar=01;31:*.tgz=01;31:*.arc=01;31:*.arj=01;31:*.taz=01;31:*.lha=01;31:*.lz4=01;31:*.lzh=01;31:*.lzma=01;31:*.tlz=01;31:*.txz=01;31:*.tzo=01;31:*.t7z=01;31:*.zip=01;31:*.z=01;31:*.dz=01;31:*.gz=01;31:*.lrz=01;31:*.lz=01;31:*.lzo=01;31:*.xz=01;31:*.zst=01;31:*.tzst=01;31:*.bz2=01;31:*.bz=01;31:*.tbz=01;31:*.tbz2=01;31:*.tz=01;31:*.deb=01;31:*.rpm=01;31:*.jar=01;31:*.war=01;31:*.ear=01;31:*.sar=01;31:*.rar=01;31:*.alz=01;31:*.ace=01;31:*.zoo=01;31:*.cpio=01;31:*.7z=01;31:*.rz=01;31:*.cab=01;31:*.wim=01;31:*.swm=01;31:*.dwm=01;31:*.esd=01;31:*.jpg=01;35:*.jpeg=01;35:*.mjpg=01;35:*.mjpeg=01;35:*.gif=01;35:*.bmp=01;35:*.pbm=01;35:*.pgm=01;35:*.ppm=01;35:*.tga=01;35:*.xbm=01;35:*.xpm=01;35:*.tif=01;35:*.tiff=01;35:*.png=01;35:*.svg=01;35:*.svgz=01;35:*.mng=01;35:*.pcx=01;35:*.mov=01;35:*.mpg=01;35:*.mpeg=01;35:*.m2v=01;35:*.mkv=01;35:*.webm=01;35:*.webp=01;35:*.ogm=01;35:*.mp4=01;35:*.m4v=01;35:*.mp4v=01;35:*.vob=01;35:*.qt=01;35:*.nuv=01;35:*.wmv=01;35:*.asf=01;35:*.rm=01;35:*.rmvb=01;35:*.flc=01;35:*.avi=01;35:*.fli=01;35:*.flv=01;35:*.gl=01;35:*.dl=01;35:*.xcf=01;35:*.xwd=01;35:*.yuv=01;35:*.cgm=01;35:*.emf=01;35:*.ogv=01;35:*.ogx=01;35:*.aac=00;36:*.au=00;36:*.flac=00;36:*.m4a=00;36:*.mid=00;36:*.midi=00;36:*.mka=00;36:*.mp3=00;36:*.mpc=00;36:*.ogg=00;36:*.ra=00;36:*.wav=00;36:*.oga=00;36:*.opus=00;36:*.spx=00;36:*.xspf=00;36:'), ('JETSON_SOC', 'tegra234'), ('VSCODE_GIT_IPC_HANDLE', '/run/user/1000/vscode-git-831b0def1b.sock'), ('TERM_PROGRAM', 'vscode'), ('AMENT_PREFIX_PATH', '/opt/ros/humble'), ('SHELL', '/bin/bash'), ('LESSCLOSE', '/usr/bin/lesspipe %s %s'), ('VSCODE_GIT_ASKPASS_EXTRA_ARGS', ''), ('JETSON_CUDA_ARCH_BIN', '8.7'), ('PWD', '/home/booster/Workspace/Booster_T1_3v3_Demo/build/booster_interface'), ('SSH_CONNECTION', '192.168.10.10 52770 192.168.10.102 22'), ('XDG_DATA_DIRS', '/usr/share/gnome:/usr/local/share:/usr/share:/var/lib/snapd/desktop'), ('PYTHONPATH', '/opt/ros/humble/lib/python3.10/site-packages:/opt/ros/humble/local/lib/python3.10/dist-packages'), ('COLCON', '1'), ('JETSON_JETPACK', '6.2'), ('JETSON_P_NUMBER', 'p3701-0004'), ('CMAKE_PREFIX_PATH', '/opt/ros/humble')]), 'shell': False}
[0.109248] (booster_msgs) JobProgress: {'identifier': 'booster_msgs', 'progress': 'cmake'}
[0.111138] (booster_msgs) JobProgress: {'identifier': 'booster_msgs', 'progress': 'build'}
[0.111678] (booster_msgs) Command: {'cmd': ['/usr/bin/cmake', '--build', '/home/booster/Workspace/Booster_T1_3v3_Demo/build/booster_msgs', '--', '-j5', '-l5'], 'cwd': '/home/booster/Workspace/Booster_T1_3v3_Demo/build/booster_msgs', 'env': OrderedDict([('LESSOPEN', '| /usr/bin/lesspipe %s'), ('PYTHONWARNINGS', 'ignore::DeprecationWarning,ignore::UserWarning,ignore::FutureWarning'), ('USER', 'booster'), ('SSH_CLIENT', '192.168.10.10 52770 22'), ('XDG_SESSION_TYPE', 'tty'), ('GIT_ASKPASS', '/home/booster/.cursor-server/bin/63fcac100bd5d5749f2a98aa47d65f6eca61db30/extensions/git/dist/askpass.sh'), ('SHLVL', '2'), ('LD_LIBRARY_PATH', '/opt/ros/humble/opt/rviz_ogre_vendor/lib:/opt/ros/humble/lib/aarch64-linux-gnu:/opt/ros/humble/lib:/usr/local/cuda/lib64:'), ('BROWSER', '/home/booster/.cursor-server/bin/63fcac100bd5d5749f2a98aa47d65f6eca61db30/bin/helpers/browser.sh'), ('MOTD_SHOWN', 'pam'), ('HOME', '/home/booster'), ('OLDPWD', '/home/booster/Workspace/Booster_T1_3v3_Demo/scripts'), ('TERM_PROGRAM_VERSION', '2.0.69'), ('VSCODE_IPC_HOOK_CLI', '/run/user/1000/vscode-ipc-5b4b5a5b-4170-49e5-94eb-b1b77f1b1ddc.sock'), ('JETSON_L4T', '36.4.3'), ('ROS_PYTHON_VERSION', '3'), ('JETSON_MODEL', 'Booster T1 AGX Orin V2.1'), ('VSCODE_GIT_ASKPASS_MAIN', '/home/booster/.cursor-server/bin/63fcac100bd5d5749f2a98aa47d65f6eca61db30/extensions/git/dist/askpass-main.js'), ('VSCODE_GIT_ASKPASS_NODE', '/home/booster/.cursor-server/bin/63fcac100bd5d5749f2a98aa47d65f6eca61db30/node'), ('DBUS_SESSION_BUS_ADDRESS', 'unix:path=/run/user/1000/bus'), ('COLORTERM', 'truecolor'), ('ROS_DISTRO', 'humble'), ('LOGNAME', 'booster'), ('JETSON_MODULE', 'NVIDIA Jetson AGX Orin (32GB ram)'), ('JETSON_SERIAL_NUMBER', '1421225046990'), ('_', '/usr/bin/colcon'), ('ROS_VERSION', '2'), ('XDG_SESSION_CLASS', 'user'), ('TERM', 'xterm-256color'), ('XDG_SESSION_ID', '7'), ('ROS_LOCALHOST_ONLY', '0'), ('PATH', '/opt/ros/humble/bin:/usr/local/cuda/bin:/usr/local/sbin:/usr/local/bin:/usr/sbin:/usr/bin:/sbin:/bin:/snap/bin'), ('FASTRTPS_DEFAULT_PROFILES_FILE', '/opt/booster/BoosterRos2/fastdds_profile.xml'), ('CUDA_ROOT', '/usr/local/cuda'), ('XDG_RUNTIME_DIR', '/run/user/1000'), ('LANG', 'en_US.UTF-8'), ('LS_COLORS', 'rs=0:di=01;34:ln=01;36:mh=00:pi=40;33:so=01;35:do=01;35:bd=40;33;01:cd=40;33;01:or=40;31;01:mi=00:su=37;41:sg=30;43:ca=30;41:tw=30;42:ow=34;42:st=37;44:ex=01;32:*.tar=01;31:*.tgz=01;31:*.arc=01;31:*.arj=01;31:*.taz=01;31:*.lha=01;31:*.lz4=01;31:*.lzh=01;31:*.lzma=01;31:*.tlz=01;31:*.txz=01;31:*.tzo=01;31:*.t7z=01;31:*.zip=01;31:*.z=01;31:*.dz=01;31:*.gz=01;31:*.lrz=01;31:*.lz=01;31:*.lzo=01;31:*.xz=01;31:*.zst=01;31:*.tzst=01;31:*.bz2=01;31:*.bz=01;31:*.tbz=01;31:*.tbz2=01;31:*.tz=01;31:*.deb=01;31:*.rpm=01;31:*.jar=01;31:*.war=01;31:*.ear=01;31:*.sar=01;31:*.rar=01;31:*.alz=01;31:*.ace=01;31:*.zoo=01;31:*.cpio=01;31:*.7z=01;31:*.rz=01;31:*.cab=01;31:*.wim=01;31:*.swm=01;31:*.dwm=01;31:*.esd=01;31:*.jpg=01;35:*.jpeg=01;35:*.mjpg=01;35:*.mjpeg=01;35:*.gif=01;35:*.bmp=01;35:*.pbm=01;35:*.pgm=01;35:*.ppm=01;35:*.tga=01;35:*.xbm=01;35:*.xpm=01;35:*.tif=01;35:*.tiff=01;35:*.png=01;35:*.svg=01;35:*.svgz=01;35:*.mng=01;35:*.pcx=01;35:*.mov=01;35:*.mpg=01;35:*.mpeg=01;35:*.m2v=01;35:*.mkv=01;35:*.webm=01;35:*.webp=01;35:*.ogm=01;35:*.mp4=01;35:*.m4v=01;35:*.mp4v=01;35:*.vob=01;35:*.qt=01;35:*.nuv=01;35:*.wmv=01;35:*.asf=01;35:*.rm=01;35:*.rmvb=01;35:*.flc=01;35:*.avi=01;35:*.fli=01;35:*.flv=01;35:*.gl=01;35:*.dl=01;35:*.xcf=01;35:*.xwd=01;35:*.yuv=01;35:*.cgm=01;35:*.emf=01;35:*.ogv=01;35:*.ogx=01;35:*.aac=00;36:*.au=00;36:*.flac=00;36:*.m4a=00;36:*.mid=00;36:*.midi=00;36:*.mka=00;36:*.mp3=00;36:*.mpc=00;36:*.ogg=00;36:*.ra=00;36:*.wav=00;36:*.oga=00;36:*.opus=00;36:*.spx=00;36:*.xspf=00;36:'), ('JETSON_SOC', 'tegra234'), ('VSCODE_GIT_IPC_HANDLE', '/run/user/1000/vscode-git-831b0def1b.sock'), ('TERM_PROGRAM', 'vscode'), ('AMENT_PREFIX_PATH', '/opt/ros/humble'), ('SHELL', '/bin/bash'), ('LESSCLOSE', '/usr/bin/lesspipe %s %s'), ('VSCODE_GIT_ASKPASS_EXTRA_ARGS', ''), ('JETSON_CUDA_ARCH_BIN', '8.7'), ('PWD', '/home/booster/Workspace/Booster_T1_3v3_Demo/build/booster_msgs'), ('SSH_CONNECTION', '192.168.10.10 52770 192.168.10.102 22'), ('XDG_DATA_DIRS', '/usr/share/gnome:/usr/local/share:/usr/share:/var/lib/snapd/desktop'), ('PYTHONPATH', '/opt/ros/humble/lib/python3.10/site-packages:/opt/ros/humble/local/lib/python3.10/dist-packages'), ('COLCON', '1'), ('JETSON_JETPACK', '6.2'), ('JETSON_P_NUMBER', 'p3701-0004'), ('CMAKE_PREFIX_PATH', '/opt/ros/humble')]), 'shell': False}
[0.199696] (-) TimerEvent: {}
[0.296773] (game_controller_interface) StdoutLine: {'line': b'[  2%] Built target game_controller_interface__cpp\n'}
[0.300035] (-) TimerEvent: {}
[0.332865] (booster_msgs) StdoutLine: {'line': b'[  2%] Built target booster_msgs__cpp\n'}
[0.353811] (vision_interface) StdoutLine: {'line': b'[  0%] Built target vision_interface__cpp\n'}
[0.373731] (booster_interface) StdoutLine: {'line': b'[  0%] Built target booster_interface__cpp\n'}
[0.400227] (-) TimerEvent: {}
[0.429531] (game_controller_interface) StdoutLine: {'line': b'[  2%] Built target ament_cmake_python_symlink_game_controller_interface\n'}
[0.452319] (booster_interface) StdoutLine: {'line': b'[  0%] Built target ament_cmake_python_symlink_booster_interface\n'}
[0.454843] (booster_msgs) StdoutLine: {'line': b'[  2%] Built target ament_cmake_python_symlink_booster_msgs\n'}
[0.479852] (vision_interface) StdoutLine: {'line': b'[  0%] Built target ament_cmake_python_symlink_vision_interface\n'}
[0.500401] (-) TimerEvent: {}
[0.547494] (booster_msgs) StdoutLine: {'line': b'[ 12%] Built target booster_msgs__rosidl_typesupport_cpp\n'}
[0.548193] (game_controller_interface) StdoutLine: {'line': b'[ 12%] Built target game_controller_interface__rosidl_typesupport_introspection_cpp\n'}
[0.577766] (booster_interface) StdoutLine: {'line': b'[ 12%] Built target booster_interface__rosidl_typesupport_introspection_cpp\n'}
[0.600565] (-) TimerEvent: {}
[0.608146] (vision_interface) StdoutLine: {'line': b'[ 12%] Built target vision_interface__rosidl_typesupport_introspection_cpp\n'}
[0.700708] (-) TimerEvent: {}
[0.801370] (-) TimerEvent: {}
[0.902015] (-) TimerEvent: {}
[1.006428] (-) TimerEvent: {}
[1.107084] (-) TimerEvent: {}
[1.207797] (-) TimerEvent: {}
[1.280302] (booster_msgs) StdoutLine: {'line': b'running egg_info\n'}
[1.282037] (booster_msgs) StdoutLine: {'line': b'writing booster_msgs.egg-info/PKG-INFO\n'}
[1.283713] (booster_msgs) StdoutLine: {'line': b'writing dependency_links to booster_msgs.egg-info/dependency_links.txt\n'}
[1.284029] (booster_msgs) StdoutLine: {'line': b'writing top-level names to booster_msgs.egg-info/top_level.txt\n'}
[1.292313] (booster_msgs) StdoutLine: {'line': b"reading manifest file 'booster_msgs.egg-info/SOURCES.txt'\n"}
[1.293910] (booster_msgs) StdoutLine: {'line': b"writing manifest file 'booster_msgs.egg-info/SOURCES.txt'\n"}
[1.307957] (-) TimerEvent: {}
[1.387564] (booster_msgs) StdoutLine: {'line': b'[ 12%] Built target ament_cmake_python_build_booster_msgs_egg\n'}
[1.408196] (-) TimerEvent: {}
[1.437001] (booster_msgs) StdoutLine: {'line': b'[ 23%] Built target booster_msgs__rosidl_typesupport_introspection_cpp\n'}
[1.490277] (booster_msgs) StdoutLine: {'line': b'[ 34%] Built target booster_msgs__rosidl_typesupport_fastrtps_cpp\n'}
[1.508323] (-) TimerEvent: {}
[1.543960] (booster_msgs) StdoutLine: {'line': b'[ 44%] Built target booster_msgs__rosidl_generator_c\n'}
[1.600808] (booster_msgs) StdoutLine: {'line': b'[ 55%] Built target booster_msgs__rosidl_typesupport_fastrtps_c\n'}
[1.608524] (-) TimerEvent: {}
[1.654166] (booster_msgs) StdoutLine: {'line': b'[ 65%] Built target booster_msgs__rosidl_typesupport_c\n'}
[1.672306] (booster_interface) StdoutLine: {'line': b'running egg_info\n'}
[1.675982] (booster_interface) StdoutLine: {'line': b'writing booster_interface.egg-info/PKG-INFO\n'}
[1.683421] (booster_interface) StdoutLine: {'line': b'writing dependency_links to booster_interface.egg-info/dependency_links.txt\n'}
[1.689326] (booster_interface) StdoutLine: {'line': b'writing top-level names to booster_interface.egg-info/top_level.txt\n'}
[1.706987] (booster_msgs) StdoutLine: {'line': b'[ 76%] Built target booster_msgs__rosidl_typesupport_introspection_c\n'}
[1.708681] (-) TimerEvent: {}
[1.714129] (booster_interface) StdoutLine: {'line': b"reading manifest file 'booster_interface.egg-info/SOURCES.txt'\n"}
[1.716603] (booster_interface) StdoutLine: {'line': b"writing manifest file 'booster_interface.egg-info/SOURCES.txt'\n"}
[1.759926] (booster_msgs) StdoutLine: {'line': b'[ 76%] Built target booster_msgs\n'}
[1.767938] (game_controller_interface) StdoutLine: {'line': b'running egg_info\n'}
[1.771542] (game_controller_interface) StdoutLine: {'line': b'writing game_controller_interface.egg-info/PKG-INFO\n'}
[1.778534] (game_controller_interface) StdoutLine: {'line': b'writing dependency_links to game_controller_interface.egg-info/dependency_links.txt\n'}
[1.779460] (game_controller_interface) StdoutLine: {'line': b'writing top-level names to game_controller_interface.egg-info/top_level.txt\n'}
[1.790086] (vision_interface) StdoutLine: {'line': b'running egg_info\n'}
[1.795724] (game_controller_interface) StdoutLine: {'line': b"reading manifest file 'game_controller_interface.egg-info/SOURCES.txt'\n"}
[1.796824] (vision_interface) StdoutLine: {'line': b'writing vision_interface.egg-info/PKG-INFO\n'}
[1.799773] (vision_interface) StdoutLine: {'line': b'writing dependency_links to vision_interface.egg-info/dependency_links.txt\n'}
[1.800780] (game_controller_interface) StdoutLine: {'line': b"writing manifest file 'game_controller_interface.egg-info/SOURCES.txt'\n"}
[1.802927] (vision_interface) StdoutLine: {'line': b'writing top-level names to vision_interface.egg-info/top_level.txt\n'}
[1.808922] (-) TimerEvent: {}
[1.810585] (booster_msgs) StdoutLine: {'line': b'[ 78%] Built target booster_msgs__py\n'}
[1.823557] (vision_interface) StdoutLine: {'line': b"reading manifest file 'vision_interface.egg-info/SOURCES.txt'\n"}
[1.827122] (vision_interface) StdoutLine: {'line': b"writing manifest file 'vision_interface.egg-info/SOURCES.txt'\n"}
[1.870500] (booster_msgs) StdoutLine: {'line': b'[ 87%] Built target booster_msgs__rosidl_generator_py\n'}
[1.910159] (-) TimerEvent: {}
[1.921424] (booster_msgs) StdoutLine: {'line': b'[ 91%] Built target booster_msgs__rosidl_typesupport_fastrtps_c__pyext\n'}
[1.976405] (booster_interface) StdoutLine: {'line': b'[ 12%] Built target ament_cmake_python_build_booster_interface_egg\n'}
[1.983416] (booster_msgs) StdoutLine: {'line': b'[ 95%] Built target booster_msgs__rosidl_typesupport_c__pyext\n'}
[2.003583] (game_controller_interface) StdoutLine: {'line': b'[ 12%] Built target ament_cmake_python_build_game_controller_interface_egg\n'}
[2.010427] (-) TimerEvent: {}
[2.015187] (vision_interface) StdoutLine: {'line': b'[ 12%] Built target ament_cmake_python_build_vision_interface_egg\n'}
[2.096685] (booster_msgs) StdoutLine: {'line': b'[100%] Built target booster_msgs__rosidl_typesupport_introspection_c__pyext\n'}
[2.110594] (-) TimerEvent: {}
[2.118264] (booster_interface) StdoutLine: {'line': b'[ 24%] Built target booster_interface__rosidl_typesupport_fastrtps_cpp\n'}
[2.122672] (game_controller_interface) StdoutLine: {'line': b'[ 23%] Built target game_controller_interface__rosidl_typesupport_fastrtps_cpp\n'}
[2.124625] (vision_interface) StdoutLine: {'line': b'[ 23%] Built target vision_interface__rosidl_typesupport_fastrtps_cpp\n'}
[2.152341] (booster_msgs) CommandEnded: {'returncode': 0}
[2.154224] (booster_msgs) JobProgress: {'identifier': 'booster_msgs', 'progress': 'install'}
[2.197532] (booster_msgs) Command: {'cmd': ['/usr/bin/cmake', '--install', '/home/booster/Workspace/Booster_T1_3v3_Demo/build/booster_msgs'], 'cwd': '/home/booster/Workspace/Booster_T1_3v3_Demo/build/booster_msgs', 'env': OrderedDict([('LESSOPEN', '| /usr/bin/lesspipe %s'), ('PYTHONWARNINGS', 'ignore::DeprecationWarning,ignore::UserWarning,ignore::FutureWarning'), ('USER', 'booster'), ('SSH_CLIENT', '192.168.10.10 52770 22'), ('XDG_SESSION_TYPE', 'tty'), ('GIT_ASKPASS', '/home/booster/.cursor-server/bin/63fcac100bd5d5749f2a98aa47d65f6eca61db30/extensions/git/dist/askpass.sh'), ('SHLVL', '2'), ('LD_LIBRARY_PATH', '/opt/ros/humble/opt/rviz_ogre_vendor/lib:/opt/ros/humble/lib/aarch64-linux-gnu:/opt/ros/humble/lib:/usr/local/cuda/lib64:'), ('BROWSER', '/home/booster/.cursor-server/bin/63fcac100bd5d5749f2a98aa47d65f6eca61db30/bin/helpers/browser.sh'), ('MOTD_SHOWN', 'pam'), ('HOME', '/home/booster'), ('OLDPWD', '/home/booster/Workspace/Booster_T1_3v3_Demo/scripts'), ('TERM_PROGRAM_VERSION', '2.0.69'), ('VSCODE_IPC_HOOK_CLI', '/run/user/1000/vscode-ipc-5b4b5a5b-4170-49e5-94eb-b1b77f1b1ddc.sock'), ('JETSON_L4T', '36.4.3'), ('ROS_PYTHON_VERSION', '3'), ('JETSON_MODEL', 'Booster T1 AGX Orin V2.1'), ('VSCODE_GIT_ASKPASS_MAIN', '/home/booster/.cursor-server/bin/63fcac100bd5d5749f2a98aa47d65f6eca61db30/extensions/git/dist/askpass-main.js'), ('VSCODE_GIT_ASKPASS_NODE', '/home/booster/.cursor-server/bin/63fcac100bd5d5749f2a98aa47d65f6eca61db30/node'), ('DBUS_SESSION_BUS_ADDRESS', 'unix:path=/run/user/1000/bus'), ('COLORTERM', 'truecolor'), ('ROS_DISTRO', 'humble'), ('LOGNAME', 'booster'), ('JETSON_MODULE', 'NVIDIA Jetson AGX Orin (32GB ram)'), ('JETSON_SERIAL_NUMBER', '1421225046990'), ('_', '/usr/bin/colcon'), ('ROS_VERSION', '2'), ('XDG_SESSION_CLASS', 'user'), ('TERM', 'xterm-256color'), ('XDG_SESSION_ID', '7'), ('ROS_LOCALHOST_ONLY', '0'), ('PATH', '/opt/ros/humble/bin:/usr/local/cuda/bin:/usr/local/sbin:/usr/local/bin:/usr/sbin:/usr/bin:/sbin:/bin:/snap/bin'), ('FASTRTPS_DEFAULT_PROFILES_FILE', '/opt/booster/BoosterRos2/fastdds_profile.xml'), ('CUDA_ROOT', '/usr/local/cuda'), ('XDG_RUNTIME_DIR', '/run/user/1000'), ('LANG', 'en_US.UTF-8'), ('LS_COLORS', 'rs=0:di=01;34:ln=01;36:mh=00:pi=40;33:so=01;35:do=01;35:bd=40;33;01:cd=40;33;01:or=40;31;01:mi=00:su=37;41:sg=30;43:ca=30;41:tw=30;42:ow=34;42:st=37;44:ex=01;32:*.tar=01;31:*.tgz=01;31:*.arc=01;31:*.arj=01;31:*.taz=01;31:*.lha=01;31:*.lz4=01;31:*.lzh=01;31:*.lzma=01;31:*.tlz=01;31:*.txz=01;31:*.tzo=01;31:*.t7z=01;31:*.zip=01;31:*.z=01;31:*.dz=01;31:*.gz=01;31:*.lrz=01;31:*.lz=01;31:*.lzo=01;31:*.xz=01;31:*.zst=01;31:*.tzst=01;31:*.bz2=01;31:*.bz=01;31:*.tbz=01;31:*.tbz2=01;31:*.tz=01;31:*.deb=01;31:*.rpm=01;31:*.jar=01;31:*.war=01;31:*.ear=01;31:*.sar=01;31:*.rar=01;31:*.alz=01;31:*.ace=01;31:*.zoo=01;31:*.cpio=01;31:*.7z=01;31:*.rz=01;31:*.cab=01;31:*.wim=01;31:*.swm=01;31:*.dwm=01;31:*.esd=01;31:*.jpg=01;35:*.jpeg=01;35:*.mjpg=01;35:*.mjpeg=01;35:*.gif=01;35:*.bmp=01;35:*.pbm=01;35:*.pgm=01;35:*.ppm=01;35:*.tga=01;35:*.xbm=01;35:*.xpm=01;35:*.tif=01;35:*.tiff=01;35:*.png=01;35:*.svg=01;35:*.svgz=01;35:*.mng=01;35:*.pcx=01;35:*.mov=01;35:*.mpg=01;35:*.mpeg=01;35:*.m2v=01;35:*.mkv=01;35:*.webm=01;35:*.webp=01;35:*.ogm=01;35:*.mp4=01;35:*.m4v=01;35:*.mp4v=01;35:*.vob=01;35:*.qt=01;35:*.nuv=01;35:*.wmv=01;35:*.asf=01;35:*.rm=01;35:*.rmvb=01;35:*.flc=01;35:*.avi=01;35:*.fli=01;35:*.flv=01;35:*.gl=01;35:*.dl=01;35:*.xcf=01;35:*.xwd=01;35:*.yuv=01;35:*.cgm=01;35:*.emf=01;35:*.ogv=01;35:*.ogx=01;35:*.aac=00;36:*.au=00;36:*.flac=00;36:*.m4a=00;36:*.mid=00;36:*.midi=00;36:*.mka=00;36:*.mp3=00;36:*.mpc=00;36:*.ogg=00;36:*.ra=00;36:*.wav=00;36:*.oga=00;36:*.opus=00;36:*.spx=00;36:*.xspf=00;36:'), ('JETSON_SOC', 'tegra234'), ('VSCODE_GIT_IPC_HANDLE', '/run/user/1000/vscode-git-831b0def1b.sock'), ('TERM_PROGRAM', 'vscode'), ('AMENT_PREFIX_PATH', '/opt/ros/humble'), ('SHELL', '/bin/bash'), ('LESSCLOSE', '/usr/bin/lesspipe %s %s'), ('VSCODE_GIT_ASKPASS_EXTRA_ARGS', ''), ('JETSON_CUDA_ARCH_BIN', '8.7'), ('PWD', '/home/booster/Workspace/Booster_T1_3v3_Demo/build/booster_msgs'), ('SSH_CONNECTION', '192.168.10.10 52770 192.168.10.102 22'), ('XDG_DATA_DIRS', '/usr/share/gnome:/usr/local/share:/usr/share:/var/lib/snapd/desktop'), ('PYTHONPATH', '/opt/ros/humble/lib/python3.10/site-packages:/opt/ros/humble/local/lib/python3.10/dist-packages'), ('COLCON', '1'), ('JETSON_JETPACK', '6.2'), ('JETSON_P_NUMBER', 'p3701-0004'), ('CMAKE_PREFIX_PATH', '/opt/ros/humble')]), 'shell': False}
[2.210748] (-) TimerEvent: {}
[2.237284] (game_controller_interface) StdoutLine: {'line': b'[ 34%] Built target game_controller_interface__rosidl_typesupport_cpp\n'}
[2.250083] (booster_msgs) StdoutLine: {'line': b'-- Install configuration: ""\n'}
[2.253135] (vision_interface) StdoutLine: {'line': b'[ 35%] Built target vision_interface__rosidl_typesupport_cpp\n'}
[2.253397] (booster_msgs) StdoutLine: {'line': b'-- Execute custom install script\n'}
[2.253582] (booster_msgs) StdoutLine: {'line': b'-- Up-to-date symlink: /home/booster/Workspace/Booster_T1_3v3_Demo/install/booster_msgs/share/ament_index/resource_index/rosidl_interfaces/booster_msgs\n'}
[2.254093] (booster_msgs) StdoutLine: {'line': b'-- Up-to-date symlink: /home/booster/Workspace/Booster_T1_3v3_Demo/install/booster_msgs/include/booster_msgs/booster_msgs/msg/binary_data.h\n'}
[2.254500] (booster_msgs) StdoutLine: {'line': b'-- Up-to-date symlink: /home/booster/Workspace/Booster_T1_3v3_Demo/install/booster_msgs/include/booster_msgs/booster_msgs/msg/detail/binary_data__functions.h\n'}
[2.254637] (booster_msgs) StdoutLine: {'line': b'-- Up-to-date symlink: /home/booster/Workspace/Booster_T1_3v3_Demo/install/booster_msgs/include/booster_msgs/booster_msgs/msg/detail/binary_data__struct.h\n'}
[2.254759] (booster_msgs) StdoutLine: {'line': b'-- Up-to-date symlink: /home/booster/Workspace/Booster_T1_3v3_Demo/install/booster_msgs/include/booster_msgs/booster_msgs/msg/detail/binary_data__type_support.h\n'}
[2.254866] (booster_msgs) StdoutLine: {'line': b'-- Up-to-date symlink: /home/booster/Workspace/Booster_T1_3v3_Demo/install/booster_msgs/include/booster_msgs/booster_msgs/msg/detail/rpc_req_msg__functions.h\n'}
[2.254966] (booster_msgs) StdoutLine: {'line': b'-- Up-to-date symlink: /home/booster/Workspace/Booster_T1_3v3_Demo/install/booster_msgs/include/booster_msgs/booster_msgs/msg/detail/rpc_req_msg__struct.h\n'}
[2.255063] (booster_msgs) StdoutLine: {'line': b'-- Up-to-date symlink: /home/booster/Workspace/Booster_T1_3v3_Demo/install/booster_msgs/include/booster_msgs/booster_msgs/msg/detail/rpc_req_msg__type_support.h\n'}
[2.258878] (booster_msgs) StdoutLine: {'line': b'-- Up-to-date symlink: /home/booster/Workspace/Booster_T1_3v3_Demo/install/booster_msgs/include/booster_msgs/booster_msgs/msg/detail/rpc_resp_msg__functions.h\n'}
[2.259298] (booster_msgs) StdoutLine: {'line': b'-- Up-to-date symlink: /home/booster/Workspace/Booster_T1_3v3_Demo/install/booster_msgs/include/booster_msgs/booster_msgs/msg/detail/rpc_resp_msg__struct.h\n'}
[2.259455] (booster_msgs) StdoutLine: {'line': b'-- Up-to-date symlink: /home/booster/Workspace/Booster_T1_3v3_Demo/install/booster_msgs/include/booster_msgs/booster_msgs/msg/detail/rpc_resp_msg__type_support.h\n'}
[2.259648] (booster_msgs) StdoutLine: {'line': b'-- Up-to-date symlink: /home/booster/Workspace/Booster_T1_3v3_Demo/install/booster_msgs/include/booster_msgs/booster_msgs/msg/rosidl_generator_c__visibility_control.h\n'}
[2.260014] (booster_msgs) StdoutLine: {'line': b'-- Up-to-date symlink: /home/booster/Workspace/Booster_T1_3v3_Demo/install/booster_msgs/include/booster_msgs/booster_msgs/msg/rpc_req_msg.h\n'}
[2.260310] (booster_msgs) StdoutLine: {'line': b'-- Up-to-date symlink: /home/booster/Workspace/Booster_T1_3v3_Demo/install/booster_msgs/include/booster_msgs/booster_msgs/msg/rpc_resp_msg.h\n'}
[2.260495] (booster_msgs) StdoutLine: {'line': b'-- Up-to-date symlink: /home/booster/Workspace/Booster_T1_3v3_Demo/install/booster_msgs/share/booster_msgs/environment/library_path.sh\n'}
[2.260620] (booster_msgs) StdoutLine: {'line': b'-- Up-to-date symlink: /home/booster/Workspace/Booster_T1_3v3_Demo/install/booster_msgs/share/booster_msgs/environment/library_path.dsv\n'}
[2.260732] (booster_msgs) StdoutLine: {'line': b'-- Up-to-date symlink: /home/booster/Workspace/Booster_T1_3v3_Demo/install/booster_msgs/include/booster_msgs/booster_msgs/msg/detail/binary_data__rosidl_typesupport_fastrtps_c.h\n'}
[2.260844] (booster_msgs) StdoutLine: {'line': b'-- Up-to-date symlink: /home/booster/Workspace/Booster_T1_3v3_Demo/install/booster_msgs/include/booster_msgs/booster_msgs/msg/detail/rpc_req_msg__rosidl_typesupport_fastrtps_c.h\n'}
[2.260940] (booster_msgs) StdoutLine: {'line': b'-- Up-to-date symlink: /home/booster/Workspace/Booster_T1_3v3_Demo/install/booster_msgs/include/booster_msgs/booster_msgs/msg/detail/rpc_resp_msg__rosidl_typesupport_fastrtps_c.h\n'}
[2.261086] (booster_msgs) StdoutLine: {'line': b'-- Up-to-date symlink: /home/booster/Workspace/Booster_T1_3v3_Demo/install/booster_msgs/include/booster_msgs/booster_msgs/msg/rosidl_typesupport_fastrtps_c__visibility_control.h\n'}
[2.271953] (booster_msgs) StdoutLine: {'line': b'-- Up-to-date symlink: /home/booster/Workspace/Booster_T1_3v3_Demo/install/booster_msgs/include/booster_msgs/booster_msgs/msg/detail/binary_data__rosidl_typesupport_introspection_c.h\n'}
[2.279283] (booster_interface) StdoutLine: {'line': b'[ 36%] Built target booster_interface__rosidl_typesupport_cpp\n'}
[2.284911] (booster_msgs) StdoutLine: {'line': b'-- Up-to-date symlink: /home/booster/Workspace/Booster_T1_3v3_Demo/install/booster_msgs/include/booster_msgs/booster_msgs/msg/detail/rpc_req_msg__rosidl_typesupport_introspection_c.h\n'}
[2.286095] (booster_msgs) StdoutLine: {'line': b'-- Up-to-date symlink: /home/booster/Workspace/Booster_T1_3v3_Demo/install/booster_msgs/include/booster_msgs/booster_msgs/msg/detail/rpc_resp_msg__rosidl_typesupport_introspection_c.h\n'}
[2.287581] (booster_msgs) StdoutLine: {'line': b'-- Up-to-date symlink: /home/booster/Workspace/Booster_T1_3v3_Demo/install/booster_msgs/include/booster_msgs/booster_msgs/msg/rosidl_typesupport_introspection_c__visibility_control.h\n'}
[2.288354] (booster_msgs) StdoutLine: {'line': b'-- Up-to-date symlink: /home/booster/Workspace/Booster_T1_3v3_Demo/install/booster_msgs/include/booster_msgs/booster_msgs/msg/binary_data.hpp\n'}
[2.290136] (booster_msgs) StdoutLine: {'line': b'-- Up-to-date symlink: /home/booster/Workspace/Booster_T1_3v3_Demo/install/booster_msgs/include/booster_msgs/booster_msgs/msg/detail/binary_data__builder.hpp\n'}
[2.291118] (booster_msgs) StdoutLine: {'line': b'-- Up-to-date symlink: /home/booster/Workspace/Booster_T1_3v3_Demo/install/booster_msgs/include/booster_msgs/booster_msgs/msg/detail/binary_data__struct.hpp\n'}
[2.291298] (booster_msgs) StdoutLine: {'line': b'-- Up-to-date symlink: /home/booster/Workspace/Booster_T1_3v3_Demo/install/booster_msgs/include/booster_msgs/booster_msgs/msg/detail/binary_data__traits.hpp\n'}
[2.291421] (booster_msgs) StdoutLine: {'line': b'-- Up-to-date symlink: /home/booster/Workspace/Booster_T1_3v3_Demo/install/booster_msgs/include/booster_msgs/booster_msgs/msg/detail/binary_data__type_support.hpp\n'}
[2.295180] (booster_msgs) StdoutLine: {'line': b'-- Up-to-date symlink: /home/booster/Workspace/Booster_T1_3v3_Demo/install/booster_msgs/include/booster_msgs/booster_msgs/msg/detail/rpc_req_msg__builder.hpp\n'}
[2.295394] (booster_msgs) StdoutLine: {'line': b'-- Up-to-date symlink: /home/booster/Workspace/Booster_T1_3v3_Demo/install/booster_msgs/include/booster_msgs/booster_msgs/msg/detail/rpc_req_msg__struct.hpp\n'}
[2.296472] (booster_msgs) StdoutLine: {'line': b'-- Up-to-date symlink: /home/booster/Workspace/Booster_T1_3v3_Demo/install/booster_msgs/include/booster_msgs/booster_msgs/msg/detail/rpc_req_msg__traits.hpp\n'}
[2.297169] (booster_msgs) StdoutLine: {'line': b'-- Up-to-date symlink: /home/booster/Workspace/Booster_T1_3v3_Demo/install/booster_msgs/include/booster_msgs/booster_msgs/msg/detail/rpc_req_msg__type_support.hpp\n'}
[2.297297] (booster_msgs) StdoutLine: {'line': b'-- Up-to-date symlink: /home/booster/Workspace/Booster_T1_3v3_Demo/install/booster_msgs/include/booster_msgs/booster_msgs/msg/detail/rpc_resp_msg__builder.hpp\n'}
[2.297402] (booster_msgs) StdoutLine: {'line': b'-- Up-to-date symlink: /home/booster/Workspace/Booster_T1_3v3_Demo/install/booster_msgs/include/booster_msgs/booster_msgs/msg/detail/rpc_resp_msg__struct.hpp\n'}
[2.300110] (booster_msgs) StdoutLine: {'line': b'-- Up-to-date symlink: /home/booster/Workspace/Booster_T1_3v3_Demo/install/booster_msgs/include/booster_msgs/booster_msgs/msg/detail/rpc_resp_msg__traits.hpp\n'}
[2.301622] (booster_msgs) StdoutLine: {'line': b'-- Up-to-date symlink: /home/booster/Workspace/Booster_T1_3v3_Demo/install/booster_msgs/include/booster_msgs/booster_msgs/msg/detail/rpc_resp_msg__type_support.hpp\n'}
[2.303600] (booster_msgs) StdoutLine: {'line': b'-- Up-to-date symlink: /home/booster/Workspace/Booster_T1_3v3_Demo/install/booster_msgs/include/booster_msgs/booster_msgs/msg/rosidl_generator_cpp__visibility_control.hpp\n'}
[2.304295] (booster_msgs) StdoutLine: {'line': b'-- Up-to-date symlink: /home/booster/Workspace/Booster_T1_3v3_Demo/install/booster_msgs/include/booster_msgs/booster_msgs/msg/rpc_req_msg.hpp\n'}
[2.305290] (booster_msgs) StdoutLine: {'line': b'-- Up-to-date symlink: /home/booster/Workspace/Booster_T1_3v3_Demo/install/booster_msgs/include/booster_msgs/booster_msgs/msg/rpc_resp_msg.hpp\n'}
[2.305865] (booster_msgs) StdoutLine: {'line': b'-- Up-to-date symlink: /home/booster/Workspace/Booster_T1_3v3_Demo/install/booster_msgs/include/booster_msgs/booster_msgs/msg/detail/binary_data__rosidl_typesupport_fastrtps_cpp.hpp\n'}
[2.307060] (booster_msgs) StdoutLine: {'line': b'-- Up-to-date symlink: /home/booster/Workspace/Booster_T1_3v3_Demo/install/booster_msgs/include/booster_msgs/booster_msgs/msg/detail/rpc_req_msg__rosidl_typesupport_fastrtps_cpp.hpp\n'}
[2.307511] (booster_msgs) StdoutLine: {'line': b'-- Up-to-date symlink: /home/booster/Workspace/Booster_T1_3v3_Demo/install/booster_msgs/include/booster_msgs/booster_msgs/msg/detail/rpc_resp_msg__rosidl_typesupport_fastrtps_cpp.hpp\n'}
[2.308957] (booster_msgs) StdoutLine: {'line': b'-- Up-to-date symlink: /home/booster/Workspace/Booster_T1_3v3_Demo/install/booster_msgs/include/booster_msgs/booster_msgs/msg/rosidl_typesupport_fastrtps_cpp__visibility_control.h\n'}
[2.310124] (booster_msgs) StdoutLine: {'line': b'-- Up-to-date symlink: /home/booster/Workspace/Booster_T1_3v3_Demo/install/booster_msgs/include/booster_msgs/booster_msgs/msg/detail/binary_data__rosidl_typesupport_introspection_cpp.hpp\n'}
[2.311085] (-) TimerEvent: {}
[2.311430] (booster_msgs) StdoutLine: {'line': b'-- Up-to-date symlink: /home/booster/Workspace/Booster_T1_3v3_Demo/install/booster_msgs/include/booster_msgs/booster_msgs/msg/detail/rpc_req_msg__rosidl_typesupport_introspection_cpp.hpp\n'}
[2.313099] (booster_msgs) StdoutLine: {'line': b'-- Up-to-date symlink: /home/booster/Workspace/Booster_T1_3v3_Demo/install/booster_msgs/include/booster_msgs/booster_msgs/msg/detail/rpc_resp_msg__rosidl_typesupport_introspection_cpp.hpp\n'}
[2.313299] (booster_msgs) StdoutLine: {'line': b'-- Up-to-date symlink: /home/booster/Workspace/Booster_T1_3v3_Demo/install/booster_msgs/share/booster_msgs/environment/pythonpath.sh\n'}
[2.313438] (booster_msgs) StdoutLine: {'line': b'-- Up-to-date symlink: /home/booster/Workspace/Booster_T1_3v3_Demo/install/booster_msgs/share/booster_msgs/environment/pythonpath.dsv\n'}
[2.315340] (booster_msgs) StdoutLine: {'line': b'-- Up-to-date symlink: /home/booster/Workspace/Booster_T1_3v3_Demo/install/booster_msgs/local/lib/python3.10/dist-packages/booster_msgs-0.0.0-py3.10.egg-info/PKG-INFO\n'}
[2.315731] (booster_msgs) StdoutLine: {'line': b'-- Up-to-date symlink: /home/booster/Workspace/Booster_T1_3v3_Demo/install/booster_msgs/local/lib/python3.10/dist-packages/booster_msgs-0.0.0-py3.10.egg-info/SOURCES.txt\n'}
[2.317059] (booster_msgs) StdoutLine: {'line': b'-- Up-to-date symlink: /home/booster/Workspace/Booster_T1_3v3_Demo/install/booster_msgs/local/lib/python3.10/dist-packages/booster_msgs-0.0.0-py3.10.egg-info/dependency_links.txt\n'}
[2.317285] (booster_msgs) StdoutLine: {'line': b'-- Up-to-date symlink: /home/booster/Workspace/Booster_T1_3v3_Demo/install/booster_msgs/local/lib/python3.10/dist-packages/booster_msgs-0.0.0-py3.10.egg-info/top_level.txt\n'}
[2.319292] (booster_msgs) StdoutLine: {'line': b'-- Up-to-date symlink: /home/booster/Workspace/Booster_T1_3v3_Demo/install/booster_msgs/local/lib/python3.10/dist-packages/booster_msgs/__init__.py\n'}
[2.320274] (booster_msgs) StdoutLine: {'line': b'-- Up-to-date symlink: /home/booster/Workspace/Booster_T1_3v3_Demo/install/booster_msgs/local/lib/python3.10/dist-packages/booster_msgs/_booster_msgs_s.ep.rosidl_typesupport_c.c\n'}
[2.322373] (booster_msgs) StdoutLine: {'line': b'-- Up-to-date symlink: /home/booster/Workspace/Booster_T1_3v3_Demo/install/booster_msgs/local/lib/python3.10/dist-packages/booster_msgs/_booster_msgs_s.ep.rosidl_typesupport_fastrtps_c.c\n'}
[2.323348] (booster_msgs) StdoutLine: {'line': b'-- Up-to-date symlink: /home/booster/Workspace/Booster_T1_3v3_Demo/install/booster_msgs/local/lib/python3.10/dist-packages/booster_msgs/_booster_msgs_s.ep.rosidl_typesupport_introspection_c.c\n'}
[2.323583] (booster_msgs) StdoutLine: {'line': b'-- Up-to-date symlink: /home/booster/Workspace/Booster_T1_3v3_Demo/install/booster_msgs/local/lib/python3.10/dist-packages/booster_msgs/booster_msgs_s__rosidl_typesupport_c.cpython-310-aarch64-linux-gnu.so\n'}
[2.323717] (booster_msgs) StdoutLine: {'line': b'-- Up-to-date symlink: /home/booster/Workspace/Booster_T1_3v3_Demo/install/booster_msgs/local/lib/python3.10/dist-packages/booster_msgs/booster_msgs_s__rosidl_typesupport_fastrtps_c.cpython-310-aarch64-linux-gnu.so\n'}
[2.323861] (booster_msgs) StdoutLine: {'line': b'-- Up-to-date symlink: /home/booster/Workspace/Booster_T1_3v3_Demo/install/booster_msgs/local/lib/python3.10/dist-packages/booster_msgs/booster_msgs_s__rosidl_typesupport_introspection_c.cpython-310-aarch64-linux-gnu.so\n'}
[2.325751] (booster_msgs) StdoutLine: {'line': b'-- Up-to-date symlink: /home/booster/Workspace/Booster_T1_3v3_Demo/install/booster_msgs/local/lib/python3.10/dist-packages/booster_msgs/libbooster_msgs__rosidl_generator_py.so\n'}
[2.325942] (booster_msgs) StdoutLine: {'line': b'-- Up-to-date symlink: /home/booster/Workspace/Booster_T1_3v3_Demo/install/booster_msgs/local/lib/python3.10/dist-packages/booster_msgs/msg/__init__.py\n'}
[2.326330] (booster_msgs) StdoutLine: {'line': b'-- Up-to-date symlink: /home/booster/Workspace/Booster_T1_3v3_Demo/install/booster_msgs/local/lib/python3.10/dist-packages/booster_msgs/msg/_binary_data.py\n'}
[2.326807] (booster_msgs) StdoutLine: {'line': b'-- Up-to-date symlink: /home/booster/Workspace/Booster_T1_3v3_Demo/install/booster_msgs/local/lib/python3.10/dist-packages/booster_msgs/msg/_binary_data_s.c\n'}
[2.326950] (booster_msgs) StdoutLine: {'line': b'-- Up-to-date symlink: /home/booster/Workspace/Booster_T1_3v3_Demo/install/booster_msgs/local/lib/python3.10/dist-packages/booster_msgs/msg/_rpc_req_msg.py\n'}
[2.327062] (booster_msgs) StdoutLine: {'line': b'-- Up-to-date symlink: /home/booster/Workspace/Booster_T1_3v3_Demo/install/booster_msgs/local/lib/python3.10/dist-packages/booster_msgs/msg/_rpc_req_msg_s.c\n'}
[2.330363] (booster_msgs) StdoutLine: {'line': b'-- Up-to-date symlink: /home/booster/Workspace/Booster_T1_3v3_Demo/install/booster_msgs/local/lib/python3.10/dist-packages/booster_msgs/msg/_rpc_resp_msg.py\n'}
[2.331277] (booster_msgs) StdoutLine: {'line': b'-- Up-to-date symlink: /home/booster/Workspace/Booster_T1_3v3_Demo/install/booster_msgs/local/lib/python3.10/dist-packages/booster_msgs/msg/_rpc_resp_msg_s.c\n'}
[2.331528] (booster_msgs) StdoutLine: {'line': b'-- Up-to-date symlink: /home/booster/Workspace/Booster_T1_3v3_Demo/install/booster_msgs/local/lib/python3.10/dist-packages/booster_msgs/booster_msgs_s__rosidl_typesupport_fastrtps_c.cpython-310-aarch64-linux-gnu.so\n'}
[2.334102] (game_controller_interface) StdoutLine: {'line': b'[ 44%] Built target game_controller_interface__rosidl_generator_c\n'}
[2.334743] (booster_msgs) StdoutLine: {'line': b'-- Up-to-date symlink: /home/booster/Workspace/Booster_T1_3v3_Demo/install/booster_msgs/local/lib/python3.10/dist-packages/booster_msgs/booster_msgs_s__rosidl_typesupport_introspection_c.cpython-310-aarch64-linux-gnu.so\n'}
[2.335049] (booster_msgs) StdoutLine: {'line': b'-- Up-to-date symlink: /home/booster/Workspace/Booster_T1_3v3_Demo/install/booster_msgs/local/lib/python3.10/dist-packages/booster_msgs/booster_msgs_s__rosidl_typesupport_c.cpython-310-aarch64-linux-gnu.so\n'}
[2.343214] (booster_msgs) StdoutLine: {'line': b'-- Up-to-date symlink: /home/booster/Workspace/Booster_T1_3v3_Demo/install/booster_msgs/share/booster_msgs/msg/BinaryData.idl\n'}
[2.344570] (booster_msgs) StdoutLine: {'line': b'-- Up-to-date symlink: /home/booster/Workspace/Booster_T1_3v3_Demo/install/booster_msgs/share/booster_msgs/msg/RpcReqMsg.idl\n'}
[2.347063] (booster_msgs) StdoutLine: {'line': b'-- Up-to-date symlink: /home/booster/Workspace/Booster_T1_3v3_Demo/install/booster_msgs/share/booster_msgs/msg/RpcRespMsg.idl\n'}
[2.352034] (booster_msgs) StdoutLine: {'line': b'-- Up-to-date symlink: /home/booster/Workspace/Booster_T1_3v3_Demo/install/booster_msgs/share/booster_msgs/msg/BinaryData.msg\n'}
[2.353907] (booster_msgs) StdoutLine: {'line': b'-- Up-to-date symlink: /home/booster/Workspace/Booster_T1_3v3_Demo/install/booster_msgs/share/booster_msgs/msg/RpcReqMsg.msg\n'}
[2.356131] (booster_msgs) StdoutLine: {'line': b'-- Up-to-date symlink: /home/booster/Workspace/Booster_T1_3v3_Demo/install/booster_msgs/share/booster_msgs/msg/RpcRespMsg.msg\n'}
[2.359097] (booster_msgs) StdoutLine: {'line': b'-- Up-to-date symlink: /home/booster/Workspace/Booster_T1_3v3_Demo/install/booster_msgs/share/ament_index/resource_index/package_run_dependencies/booster_msgs\n'}
[2.361433] (booster_msgs) StdoutLine: {'line': b'-- Up-to-date symlink: /home/booster/Workspace/Booster_T1_3v3_Demo/install/booster_msgs/share/ament_index/resource_index/parent_prefix_path/booster_msgs\n'}
[2.363604] (booster_msgs) StdoutLine: {'line': b'-- Up-to-date symlink: /home/booster/Workspace/Booster_T1_3v3_Demo/install/booster_msgs/share/booster_msgs/environment/ament_prefix_path.sh\n'}
[2.367934] (booster_msgs) StdoutLine: {'line': b'-- Up-to-date symlink: /home/booster/Workspace/Booster_T1_3v3_Demo/install/booster_msgs/share/booster_msgs/environment/ament_prefix_path.dsv\n'}
[2.370534] (booster_msgs) StdoutLine: {'line': b'-- Up-to-date symlink: /home/booster/Workspace/Booster_T1_3v3_Demo/install/booster_msgs/share/booster_msgs/environment/path.sh\n'}
[2.372057] (booster_msgs) StdoutLine: {'line': b'-- Up-to-date symlink: /home/booster/Workspace/Booster_T1_3v3_Demo/install/booster_msgs/share/booster_msgs/environment/path.dsv\n'}
[2.376999] (booster_msgs) StdoutLine: {'line': b'-- Up-to-date symlink: /home/booster/Workspace/Booster_T1_3v3_Demo/install/booster_msgs/share/booster_msgs/local_setup.bash\n'}
[2.377427] (booster_msgs) StdoutLine: {'line': b'-- Up-to-date symlink: /home/booster/Workspace/Booster_T1_3v3_Demo/install/booster_msgs/share/booster_msgs/local_setup.sh\n'}
[2.377641] (booster_msgs) StdoutLine: {'line': b'-- Up-to-date symlink: /home/booster/Workspace/Booster_T1_3v3_Demo/install/booster_msgs/share/booster_msgs/local_setup.zsh\n'}
[2.377854] (booster_msgs) StdoutLine: {'line': b'-- Up-to-date symlink: /home/booster/Workspace/Booster_T1_3v3_Demo/install/booster_msgs/share/booster_msgs/local_setup.dsv\n'}
[2.380554] (booster_msgs) StdoutLine: {'line': b'-- Symlinking: /home/booster/Workspace/Booster_T1_3v3_Demo/install/booster_msgs/share/booster_msgs/package.dsv\n'}
[2.384174] (vision_interface) StdoutLine: {'line': b'[ 47%] Built target vision_interface__rosidl_generator_c\n'}
[2.392902] (game_controller_interface) StdoutLine: {'line': b'[ 55%] Built target game_controller_interface__rosidl_typesupport_fastrtps_c\n'}
[2.411276] (-) TimerEvent: {}
[2.417621] (booster_msgs) StdoutLine: {'line': b'-- Up-to-date symlink: /home/booster/Workspace/Booster_T1_3v3_Demo/install/booster_msgs/share/ament_index/resource_index/packages/booster_msgs\n'}
[2.418852] (booster_msgs) StdoutLine: {'line': b'-- Up-to-date symlink: /home/booster/Workspace/Booster_T1_3v3_Demo/install/booster_msgs/share/booster_msgs/cmake/rosidl_cmake-extras.cmake\n'}
[2.419054] (booster_msgs) StdoutLine: {'line': b'-- Up-to-date symlink: /home/booster/Workspace/Booster_T1_3v3_Demo/install/booster_msgs/share/booster_msgs/cmake/ament_cmake_export_include_directories-extras.cmake\n'}
[2.420405] (booster_msgs) StdoutLine: {'line': b'-- Up-to-date symlink: /home/booster/Workspace/Booster_T1_3v3_Demo/install/booster_msgs/share/booster_msgs/cmake/ament_cmake_export_libraries-extras.cmake\n'}
[2.421325] (booster_msgs) StdoutLine: {'line': b'-- Up-to-date symlink: /home/booster/Workspace/Booster_T1_3v3_Demo/install/booster_msgs/share/booster_msgs/cmake/ament_cmake_export_targets-extras.cmake\n'}
[2.421914] (booster_msgs) StdoutLine: {'line': b'-- Up-to-date symlink: /home/booster/Workspace/Booster_T1_3v3_Demo/install/booster_msgs/share/booster_msgs/cmake/rosidl_cmake_export_typesupport_targets-extras.cmake\n'}
[2.422714] (booster_msgs) StdoutLine: {'line': b'-- Up-to-date symlink: /home/booster/Workspace/Booster_T1_3v3_Demo/install/booster_msgs/share/booster_msgs/cmake/ament_cmake_export_dependencies-extras.cmake\n'}
[2.422982] (booster_msgs) StdoutLine: {'line': b'-- Up-to-date symlink: /home/booster/Workspace/Booster_T1_3v3_Demo/install/booster_msgs/share/booster_msgs/cmake/rosidl_cmake_export_typesupport_libraries-extras.cmake\n'}
[2.423113] (booster_msgs) StdoutLine: {'line': b'-- Up-to-date symlink: /home/booster/Workspace/Booster_T1_3v3_Demo/install/booster_msgs/share/booster_msgs/cmake/booster_msgsConfig.cmake\n'}
[2.423224] (booster_msgs) StdoutLine: {'line': b'-- Up-to-date symlink: /home/booster/Workspace/Booster_T1_3v3_Demo/install/booster_msgs/share/booster_msgs/cmake/booster_msgsConfig-version.cmake\n'}
[2.423344] (booster_msgs) StdoutLine: {'line': b'-- Up-to-date symlink: /home/booster/Workspace/Booster_T1_3v3_Demo/install/booster_msgs/share/booster_msgs/package.xml\n'}
[2.423492] (booster_msgs) StdoutLine: {'line': b'-- Up-to-date: /home/booster/Workspace/Booster_T1_3v3_Demo/install/booster_msgs/lib/libbooster_msgs__rosidl_generator_c.so\n'}
[2.425911] (booster_msgs) StdoutLine: {'line': b'-- Up-to-date: /home/booster/Workspace/Booster_T1_3v3_Demo/install/booster_msgs/lib/libbooster_msgs__rosidl_typesupport_fastrtps_c.so\n'}
[2.426327] (booster_msgs) StdoutLine: {'line': b'-- Up-to-date: /home/booster/Workspace/Booster_T1_3v3_Demo/install/booster_msgs/lib/libbooster_msgs__rosidl_typesupport_introspection_c.so\n'}
[2.426526] (booster_msgs) StdoutLine: {'line': b'-- Up-to-date: /home/booster/Workspace/Booster_T1_3v3_Demo/install/booster_msgs/lib/libbooster_msgs__rosidl_typesupport_c.so\n'}
[2.426899] (booster_msgs) StdoutLine: {'line': b'-- Up-to-date: /home/booster/Workspace/Booster_T1_3v3_Demo/install/booster_msgs/lib/libbooster_msgs__rosidl_typesupport_fastrtps_cpp.so\n'}
[2.427022] (booster_msgs) StdoutLine: {'line': b'-- Up-to-date: /home/booster/Workspace/Booster_T1_3v3_Demo/install/booster_msgs/lib/libbooster_msgs__rosidl_typesupport_introspection_cpp.so\n'}
[2.427132] (booster_msgs) StdoutLine: {'line': b'-- Up-to-date: /home/booster/Workspace/Booster_T1_3v3_Demo/install/booster_msgs/lib/libbooster_msgs__rosidl_typesupport_cpp.so\n'}
[2.447770] (booster_interface) StdoutLine: {'line': b'[ 48%] Built target booster_interface__rosidl_generator_c\n'}
[2.511425] (-) TimerEvent: {}
[2.514276] (vision_interface) StdoutLine: {'line': b'[ 59%] Built target vision_interface__rosidl_typesupport_fastrtps_c\n'}
[2.516305] (game_controller_interface) StdoutLine: {'line': b'[ 65%] Built target game_controller_interface__rosidl_typesupport_c\n'}
[2.530897] (booster_interface) StdoutLine: {'line': b'[ 60%] Built target booster_interface__rosidl_typesupport_fastrtps_c\n'}
[2.552571] (booster_msgs) StdoutLine: {'line': b"Listing '/home/booster/Workspace/Booster_T1_3v3_Demo/install/booster_msgs/local/lib/python3.10/dist-packages/booster_msgs'...\n"}
[2.553354] (booster_msgs) StdoutLine: {'line': b"Listing '/home/booster/Workspace/Booster_T1_3v3_Demo/install/booster_msgs/local/lib/python3.10/dist-packages/booster_msgs/msg'...\n"}
[2.573882] (booster_msgs) StdoutLine: {'line': b'-- Up-to-date: /home/booster/Workspace/Booster_T1_3v3_Demo/install/booster_msgs/lib/libbooster_msgs__rosidl_generator_py.so\n'}
[2.575356] (booster_msgs) StdoutLine: {'line': b'-- Up-to-date: /home/booster/Workspace/Booster_T1_3v3_Demo/install/booster_msgs/share/booster_msgs/cmake/export_booster_msgs__rosidl_generator_cExport.cmake\n'}
[2.575611] (booster_msgs) StdoutLine: {'line': b'-- Up-to-date: /home/booster/Workspace/Booster_T1_3v3_Demo/install/booster_msgs/share/booster_msgs/cmake/export_booster_msgs__rosidl_generator_cExport-noconfig.cmake\n'}
[2.575765] (booster_msgs) StdoutLine: {'line': b'-- Up-to-date: /home/booster/Workspace/Booster_T1_3v3_Demo/install/booster_msgs/share/booster_msgs/cmake/export_booster_msgs__rosidl_typesupport_fastrtps_cExport.cmake\n'}
[2.575888] (booster_msgs) StdoutLine: {'line': b'-- Up-to-date: /home/booster/Workspace/Booster_T1_3v3_Demo/install/booster_msgs/share/booster_msgs/cmake/export_booster_msgs__rosidl_typesupport_fastrtps_cExport-noconfig.cmake\n'}
[2.578875] (booster_msgs) StdoutLine: {'line': b'-- Up-to-date: /home/booster/Workspace/Booster_T1_3v3_Demo/install/booster_msgs/share/booster_msgs/cmake/booster_msgs__rosidl_typesupport_introspection_cExport.cmake\n'}
[2.579525] (booster_msgs) StdoutLine: {'line': b'-- Up-to-date: /home/booster/Workspace/Booster_T1_3v3_Demo/install/booster_msgs/share/booster_msgs/cmake/booster_msgs__rosidl_typesupport_introspection_cExport-noconfig.cmake\n'}
[2.579694] (booster_msgs) StdoutLine: {'line': b'-- Up-to-date: /home/booster/Workspace/Booster_T1_3v3_Demo/install/booster_msgs/share/booster_msgs/cmake/booster_msgs__rosidl_typesupport_cExport.cmake\n'}
[2.579827] (booster_msgs) StdoutLine: {'line': b'-- Up-to-date: /home/booster/Workspace/Booster_T1_3v3_Demo/install/booster_msgs/share/booster_msgs/cmake/booster_msgs__rosidl_typesupport_cExport-noconfig.cmake\n'}
[2.579934] (booster_msgs) StdoutLine: {'line': b'-- Up-to-date: /home/booster/Workspace/Booster_T1_3v3_Demo/install/booster_msgs/share/booster_msgs/cmake/export_booster_msgs__rosidl_generator_cppExport.cmake\n'}
[2.580036] (booster_msgs) StdoutLine: {'line': b'-- Up-to-date: /home/booster/Workspace/Booster_T1_3v3_Demo/install/booster_msgs/share/booster_msgs/cmake/export_booster_msgs__rosidl_typesupport_fastrtps_cppExport.cmake\n'}
[2.580133] (booster_msgs) StdoutLine: {'line': b'-- Up-to-date: /home/booster/Workspace/Booster_T1_3v3_Demo/install/booster_msgs/share/booster_msgs/cmake/export_booster_msgs__rosidl_typesupport_fastrtps_cppExport-noconfig.cmake\n'}
[2.580234] (booster_msgs) StdoutLine: {'line': b'-- Up-to-date: /home/booster/Workspace/Booster_T1_3v3_Demo/install/booster_msgs/share/booster_msgs/cmake/booster_msgs__rosidl_typesupport_introspection_cppExport.cmake\n'}
[2.590931] (booster_msgs) StdoutLine: {'line': b'-- Up-to-date: /home/booster/Workspace/Booster_T1_3v3_Demo/install/booster_msgs/share/booster_msgs/cmake/booster_msgs__rosidl_typesupport_introspection_cppExport-noconfig.cmake\n'}
[2.593062] (booster_msgs) StdoutLine: {'line': b'-- Up-to-date: /home/booster/Workspace/Booster_T1_3v3_Demo/install/booster_msgs/share/booster_msgs/cmake/booster_msgs__rosidl_typesupport_cppExport.cmake\n'}
[2.593244] (booster_msgs) StdoutLine: {'line': b'-- Up-to-date: /home/booster/Workspace/Booster_T1_3v3_Demo/install/booster_msgs/share/booster_msgs/cmake/booster_msgs__rosidl_typesupport_cppExport-noconfig.cmake\n'}
[2.593365] (booster_msgs) StdoutLine: {'line': b'-- Up-to-date: /home/booster/Workspace/Booster_T1_3v3_Demo/install/booster_msgs/share/booster_msgs/cmake/export_booster_msgs__rosidl_generator_pyExport.cmake\n'}
[2.594447] (booster_msgs) StdoutLine: {'line': b'-- Up-to-date: /home/booster/Workspace/Booster_T1_3v3_Demo/install/booster_msgs/share/booster_msgs/cmake/export_booster_msgs__rosidl_generator_pyExport-noconfig.cmake\n'}
[2.595055] (vision_interface) StdoutLine: {'line': b'[ 70%] Built target vision_interface__rosidl_typesupport_c\n'}
[2.599278] (booster_msgs) CommandEnded: {'returncode': 0}
[2.618050] (-) TimerEvent: {}
[2.627817] (game_controller_interface) StdoutLine: {'line': b'[ 76%] Built target game_controller_interface__rosidl_typesupport_introspection_c\n'}
[2.686602] (booster_interface) StdoutLine: {'line': b'[ 72%] Built target booster_interface__rosidl_typesupport_c\n'}
[2.713948] (vision_interface) StdoutLine: {'line': b'[ 82%] Built target vision_interface__rosidl_typesupport_introspection_c\n'}
[2.718518] (-) TimerEvent: {}
[2.731319] (booster_msgs) JobEnded: {'identifier': 'booster_msgs', 'rc': 0}
[2.738654] (sound_play) Command: {'cmd': ['/usr/bin/python3', '-W', 'ignore:setup.py install is deprecated', '-W', 'ignore:easy_install command is deprecated', 'setup.py', 'develop', '--editable', '--build-directory', '/home/booster/Workspace/Booster_T1_3v3_Demo/build/sound_play/build', '--no-deps', 'symlink_data'], 'cwd': '/home/booster/Workspace/Booster_T1_3v3_Demo/build/sound_play', 'env': {'LESSOPEN': '| /usr/bin/lesspipe %s', 'PYTHONWARNINGS': 'ignore::DeprecationWarning,ignore::UserWarning,ignore::FutureWarning', 'USER': 'booster', 'SSH_CLIENT': '192.168.10.10 52770 22', 'XDG_SESSION_TYPE': 'tty', 'GIT_ASKPASS': '/home/booster/.cursor-server/bin/63fcac100bd5d5749f2a98aa47d65f6eca61db30/extensions/git/dist/askpass.sh', 'SHLVL': '2', 'LD_LIBRARY_PATH': '/opt/ros/humble/opt/rviz_ogre_vendor/lib:/opt/ros/humble/lib/aarch64-linux-gnu:/opt/ros/humble/lib:/usr/local/cuda/lib64:', 'BROWSER': '/home/booster/.cursor-server/bin/63fcac100bd5d5749f2a98aa47d65f6eca61db30/bin/helpers/browser.sh', 'MOTD_SHOWN': 'pam', 'HOME': '/home/booster', 'OLDPWD': '/home/booster/Workspace/Booster_T1_3v3_Demo/scripts', 'TERM_PROGRAM_VERSION': '2.0.69', 'VSCODE_IPC_HOOK_CLI': '/run/user/1000/vscode-ipc-5b4b5a5b-4170-49e5-94eb-b1b77f1b1ddc.sock', 'JETSON_L4T': '36.4.3', 'ROS_PYTHON_VERSION': '3', 'JETSON_MODEL': 'Booster T1 AGX Orin V2.1', 'VSCODE_GIT_ASKPASS_MAIN': '/home/booster/.cursor-server/bin/63fcac100bd5d5749f2a98aa47d65f6eca61db30/extensions/git/dist/askpass-main.js', 'VSCODE_GIT_ASKPASS_NODE': '/home/booster/.cursor-server/bin/63fcac100bd5d5749f2a98aa47d65f6eca61db30/node', 'DBUS_SESSION_BUS_ADDRESS': 'unix:path=/run/user/1000/bus', 'COLORTERM': 'truecolor', 'ROS_DISTRO': 'humble', 'LOGNAME': 'booster', 'JETSON_MODULE': 'NVIDIA Jetson AGX Orin (32GB ram)', 'JETSON_SERIAL_NUMBER': '1421225046990', '_': '/usr/bin/colcon', 'ROS_VERSION': '2', 'XDG_SESSION_CLASS': 'user', 'TERM': 'xterm-256color', 'XDG_SESSION_ID': '7', 'ROS_LOCALHOST_ONLY': '0', 'PATH': '/opt/ros/humble/bin:/usr/local/cuda/bin:/usr/local/sbin:/usr/local/bin:/usr/sbin:/usr/bin:/sbin:/bin:/snap/bin', 'FASTRTPS_DEFAULT_PROFILES_FILE': '/opt/booster/BoosterRos2/fastdds_profile.xml', 'CUDA_ROOT': '/usr/local/cuda', 'XDG_RUNTIME_DIR': '/run/user/1000', 'LANG': 'en_US.UTF-8', 'LS_COLORS': 'rs=0:di=01;34:ln=01;36:mh=00:pi=40;33:so=01;35:do=01;35:bd=40;33;01:cd=40;33;01:or=40;31;01:mi=00:su=37;41:sg=30;43:ca=30;41:tw=30;42:ow=34;42:st=37;44:ex=01;32:*.tar=01;31:*.tgz=01;31:*.arc=01;31:*.arj=01;31:*.taz=01;31:*.lha=01;31:*.lz4=01;31:*.lzh=01;31:*.lzma=01;31:*.tlz=01;31:*.txz=01;31:*.tzo=01;31:*.t7z=01;31:*.zip=01;31:*.z=01;31:*.dz=01;31:*.gz=01;31:*.lrz=01;31:*.lz=01;31:*.lzo=01;31:*.xz=01;31:*.zst=01;31:*.tzst=01;31:*.bz2=01;31:*.bz=01;31:*.tbz=01;31:*.tbz2=01;31:*.tz=01;31:*.deb=01;31:*.rpm=01;31:*.jar=01;31:*.war=01;31:*.ear=01;31:*.sar=01;31:*.rar=01;31:*.alz=01;31:*.ace=01;31:*.zoo=01;31:*.cpio=01;31:*.7z=01;31:*.rz=01;31:*.cab=01;31:*.wim=01;31:*.swm=01;31:*.dwm=01;31:*.esd=01;31:*.jpg=01;35:*.jpeg=01;35:*.mjpg=01;35:*.mjpeg=01;35:*.gif=01;35:*.bmp=01;35:*.pbm=01;35:*.pgm=01;35:*.ppm=01;35:*.tga=01;35:*.xbm=01;35:*.xpm=01;35:*.tif=01;35:*.tiff=01;35:*.png=01;35:*.svg=01;35:*.svgz=01;35:*.mng=01;35:*.pcx=01;35:*.mov=01;35:*.mpg=01;35:*.mpeg=01;35:*.m2v=01;35:*.mkv=01;35:*.webm=01;35:*.webp=01;35:*.ogm=01;35:*.mp4=01;35:*.m4v=01;35:*.mp4v=01;35:*.vob=01;35:*.qt=01;35:*.nuv=01;35:*.wmv=01;35:*.asf=01;35:*.rm=01;35:*.rmvb=01;35:*.flc=01;35:*.avi=01;35:*.fli=01;35:*.flv=01;35:*.gl=01;35:*.dl=01;35:*.xcf=01;35:*.xwd=01;35:*.yuv=01;35:*.cgm=01;35:*.emf=01;35:*.ogv=01;35:*.ogx=01;35:*.aac=00;36:*.au=00;36:*.flac=00;36:*.m4a=00;36:*.mid=00;36:*.midi=00;36:*.mka=00;36:*.mp3=00;36:*.mpc=00;36:*.ogg=00;36:*.ra=00;36:*.wav=00;36:*.oga=00;36:*.opus=00;36:*.spx=00;36:*.xspf=00;36:', 'JETSON_SOC': 'tegra234', 'VSCODE_GIT_IPC_HANDLE': '/run/user/1000/vscode-git-831b0def1b.sock', 'TERM_PROGRAM': 'vscode', 'AMENT_PREFIX_PATH': '/opt/ros/humble', 'SHELL': '/bin/bash', 'LESSCLOSE': '/usr/bin/lesspipe %s %s', 'VSCODE_GIT_ASKPASS_EXTRA_ARGS': '', 'JETSON_CUDA_ARCH_BIN': '8.7', 'PWD': '/home/booster/Workspace/Booster_T1_3v3_Demo/build/sound_play', 'SSH_CONNECTION': '192.168.10.10 52770 192.168.10.102 22', 'XDG_DATA_DIRS': '/usr/share/gnome:/usr/local/share:/usr/share:/var/lib/snapd/desktop', 'PYTHONPATH': '/home/booster/Workspace/Booster_T1_3v3_Demo/build/sound_play/prefix_override:/usr/lib/python3/dist-packages/colcon_core/task/python/colcon_distutils_commands:/home/booster/Workspace/Booster_T1_3v3_Demo/install/sound_play/lib/python3.10/site-packages:/opt/ros/humble/lib/python3.10/site-packages:/opt/ros/humble/local/lib/python3.10/dist-packages', 'COLCON': '1', 'JETSON_JETPACK': '6.2', 'JETSON_P_NUMBER': 'p3701-0004'}, 'shell': False}
[2.748889] (game_controller_interface) StdoutLine: {'line': b'[ 76%] Built target game_controller_interface\n'}
[2.772267] (vision_interface) StdoutLine: {'line': b'[ 82%] Built target vision_interface\n'}
[2.807506] (booster_interface) StdoutLine: {'line': b'[ 84%] Built target booster_interface__rosidl_typesupport_introspection_c\n'}
[2.818667] (-) TimerEvent: {}
[2.882381] (game_controller_interface) StdoutLine: {'line': b'[ 78%] Built target game_controller_interface__py\n'}
[2.903768] (vision_interface) StdoutLine: {'line': b'[ 83%] Built target vision_interface__py\n'}
[2.914328] (booster_interface) StdoutLine: {'line': b'[ 84%] Built target booster_interface\n'}
[2.919023] (-) TimerEvent: {}
[2.940104] (game_controller_interface) StdoutLine: {'line': b'[ 87%] Built target game_controller_interface__rosidl_generator_py\n'}
[3.016455] (game_controller_interface) StdoutLine: {'line': b'[ 91%] Built target game_controller_interface__rosidl_typesupport_fastrtps_c__pyext\n'}
[3.019257] (-) TimerEvent: {}
[3.024819] (booster_interface) StdoutLine: {'line': b'[ 85%] Built target booster_interface__py\n'}
[3.053561] (vision_interface) StdoutLine: {'line': b'[ 94%] Built target vision_interface__rosidl_generator_py\n'}
[3.119420] (-) TimerEvent: {}
[3.132570] (vision_interface) StdoutLine: {'line': b'[ 96%] Built target vision_interface__rosidl_typesupport_fastrtps_c__pyext\n'}
[3.188060] (booster_interface) StdoutLine: {'line': b'[ 96%] Built target booster_interface__rosidl_generator_py\n'}
[3.190670] (game_controller_interface) StdoutLine: {'line': b'[ 95%] Built target game_controller_interface__rosidl_typesupport_c__pyext\n'}
[3.219594] (-) TimerEvent: {}
[3.244981] (vision_interface) StdoutLine: {'line': b'[ 98%] Built target vision_interface__rosidl_typesupport_c__pyext\n'}
[3.266587] (booster_interface) StdoutLine: {'line': b'[ 97%] Built target booster_interface__rosidl_typesupport_fastrtps_c__pyext\n'}
[3.281352] (game_controller_interface) StdoutLine: {'line': b'[100%] Built target game_controller_interface__rosidl_typesupport_introspection_c__pyext\n'}
[3.319752] (-) TimerEvent: {}
[3.349578] (game_controller_interface) CommandEnded: {'returncode': 0}
[3.359209] (game_controller_interface) JobProgress: {'identifier': 'game_controller_interface', 'progress': 'install'}
[3.359430] (game_controller_interface) Command: {'cmd': ['/usr/bin/cmake', '--install', '/home/booster/Workspace/Booster_T1_3v3_Demo/build/game_controller_interface'], 'cwd': '/home/booster/Workspace/Booster_T1_3v3_Demo/build/game_controller_interface', 'env': OrderedDict([('LESSOPEN', '| /usr/bin/lesspipe %s'), ('PYTHONWARNINGS', 'ignore::DeprecationWarning,ignore::UserWarning,ignore::FutureWarning'), ('USER', 'booster'), ('SSH_CLIENT', '192.168.10.10 52770 22'), ('XDG_SESSION_TYPE', 'tty'), ('GIT_ASKPASS', '/home/booster/.cursor-server/bin/63fcac100bd5d5749f2a98aa47d65f6eca61db30/extensions/git/dist/askpass.sh'), ('SHLVL', '2'), ('LD_LIBRARY_PATH', '/opt/ros/humble/opt/rviz_ogre_vendor/lib:/opt/ros/humble/lib/aarch64-linux-gnu:/opt/ros/humble/lib:/usr/local/cuda/lib64:'), ('BROWSER', '/home/booster/.cursor-server/bin/63fcac100bd5d5749f2a98aa47d65f6eca61db30/bin/helpers/browser.sh'), ('MOTD_SHOWN', 'pam'), ('HOME', '/home/booster'), ('OLDPWD', '/home/booster/Workspace/Booster_T1_3v3_Demo/scripts'), ('TERM_PROGRAM_VERSION', '2.0.69'), ('VSCODE_IPC_HOOK_CLI', '/run/user/1000/vscode-ipc-5b4b5a5b-4170-49e5-94eb-b1b77f1b1ddc.sock'), ('JETSON_L4T', '36.4.3'), ('ROS_PYTHON_VERSION', '3'), ('JETSON_MODEL', 'Booster T1 AGX Orin V2.1'), ('VSCODE_GIT_ASKPASS_MAIN', '/home/booster/.cursor-server/bin/63fcac100bd5d5749f2a98aa47d65f6eca61db30/extensions/git/dist/askpass-main.js'), ('VSCODE_GIT_ASKPASS_NODE', '/home/booster/.cursor-server/bin/63fcac100bd5d5749f2a98aa47d65f6eca61db30/node'), ('DBUS_SESSION_BUS_ADDRESS', 'unix:path=/run/user/1000/bus'), ('COLORTERM', 'truecolor'), ('ROS_DISTRO', 'humble'), ('LOGNAME', 'booster'), ('JETSON_MODULE', 'NVIDIA Jetson AGX Orin (32GB ram)'), ('JETSON_SERIAL_NUMBER', '1421225046990'), ('_', '/usr/bin/colcon'), ('ROS_VERSION', '2'), ('XDG_SESSION_CLASS', 'user'), ('TERM', 'xterm-256color'), ('XDG_SESSION_ID', '7'), ('ROS_LOCALHOST_ONLY', '0'), ('PATH', '/opt/ros/humble/bin:/usr/local/cuda/bin:/usr/local/sbin:/usr/local/bin:/usr/sbin:/usr/bin:/sbin:/bin:/snap/bin'), ('FASTRTPS_DEFAULT_PROFILES_FILE', '/opt/booster/BoosterRos2/fastdds_profile.xml'), ('CUDA_ROOT', '/usr/local/cuda'), ('XDG_RUNTIME_DIR', '/run/user/1000'), ('LANG', 'en_US.UTF-8'), ('LS_COLORS', 'rs=0:di=01;34:ln=01;36:mh=00:pi=40;33:so=01;35:do=01;35:bd=40;33;01:cd=40;33;01:or=40;31;01:mi=00:su=37;41:sg=30;43:ca=30;41:tw=30;42:ow=34;42:st=37;44:ex=01;32:*.tar=01;31:*.tgz=01;31:*.arc=01;31:*.arj=01;31:*.taz=01;31:*.lha=01;31:*.lz4=01;31:*.lzh=01;31:*.lzma=01;31:*.tlz=01;31:*.txz=01;31:*.tzo=01;31:*.t7z=01;31:*.zip=01;31:*.z=01;31:*.dz=01;31:*.gz=01;31:*.lrz=01;31:*.lz=01;31:*.lzo=01;31:*.xz=01;31:*.zst=01;31:*.tzst=01;31:*.bz2=01;31:*.bz=01;31:*.tbz=01;31:*.tbz2=01;31:*.tz=01;31:*.deb=01;31:*.rpm=01;31:*.jar=01;31:*.war=01;31:*.ear=01;31:*.sar=01;31:*.rar=01;31:*.alz=01;31:*.ace=01;31:*.zoo=01;31:*.cpio=01;31:*.7z=01;31:*.rz=01;31:*.cab=01;31:*.wim=01;31:*.swm=01;31:*.dwm=01;31:*.esd=01;31:*.jpg=01;35:*.jpeg=01;35:*.mjpg=01;35:*.mjpeg=01;35:*.gif=01;35:*.bmp=01;35:*.pbm=01;35:*.pgm=01;35:*.ppm=01;35:*.tga=01;35:*.xbm=01;35:*.xpm=01;35:*.tif=01;35:*.tiff=01;35:*.png=01;35:*.svg=01;35:*.svgz=01;35:*.mng=01;35:*.pcx=01;35:*.mov=01;35:*.mpg=01;35:*.mpeg=01;35:*.m2v=01;35:*.mkv=01;35:*.webm=01;35:*.webp=01;35:*.ogm=01;35:*.mp4=01;35:*.m4v=01;35:*.mp4v=01;35:*.vob=01;35:*.qt=01;35:*.nuv=01;35:*.wmv=01;35:*.asf=01;35:*.rm=01;35:*.rmvb=01;35:*.flc=01;35:*.avi=01;35:*.fli=01;35:*.flv=01;35:*.gl=01;35:*.dl=01;35:*.xcf=01;35:*.xwd=01;35:*.yuv=01;35:*.cgm=01;35:*.emf=01;35:*.ogv=01;35:*.ogx=01;35:*.aac=00;36:*.au=00;36:*.flac=00;36:*.m4a=00;36:*.mid=00;36:*.midi=00;36:*.mka=00;36:*.mp3=00;36:*.mpc=00;36:*.ogg=00;36:*.ra=00;36:*.wav=00;36:*.oga=00;36:*.opus=00;36:*.spx=00;36:*.xspf=00;36:'), ('JETSON_SOC', 'tegra234'), ('VSCODE_GIT_IPC_HANDLE', '/run/user/1000/vscode-git-831b0def1b.sock'), ('TERM_PROGRAM', 'vscode'), ('AMENT_PREFIX_PATH', '/opt/ros/humble'), ('SHELL', '/bin/bash'), ('LESSCLOSE', '/usr/bin/lesspipe %s %s'), ('VSCODE_GIT_ASKPASS_EXTRA_ARGS', ''), ('JETSON_CUDA_ARCH_BIN', '8.7'), ('PWD', '/home/booster/Workspace/Booster_T1_3v3_Demo/build/game_controller_interface'), ('SSH_CONNECTION', '192.168.10.10 52770 192.168.10.102 22'), ('XDG_DATA_DIRS', '/usr/share/gnome:/usr/local/share:/usr/share:/var/lib/snapd/desktop'), ('PYTHONPATH', '/opt/ros/humble/lib/python3.10/site-packages:/opt/ros/humble/local/lib/python3.10/dist-packages'), ('COLCON', '1'), ('JETSON_JETPACK', '6.2'), ('JETSON_P_NUMBER', 'p3701-0004'), ('CMAKE_PREFIX_PATH', '/opt/ros/humble')]), 'shell': False}
[3.366511] (vision_interface) StdoutLine: {'line': b'[100%] Built target vision_interface__rosidl_typesupport_introspection_c__pyext\n'}
[3.381449] (booster_interface) StdoutLine: {'line': b'[ 98%] Built target booster_interface__rosidl_typesupport_c__pyext\n'}
[3.419910] (-) TimerEvent: {}
[3.425220] (vision_interface) CommandEnded: {'returncode': 0}
[3.429506] (vision_interface) JobProgress: {'identifier': 'vision_interface', 'progress': 'install'}
[3.429679] (vision_interface) Command: {'cmd': ['/usr/bin/cmake', '--install', '/home/booster/Workspace/Booster_T1_3v3_Demo/build/vision_interface'], 'cwd': '/home/booster/Workspace/Booster_T1_3v3_Demo/build/vision_interface', 'env': OrderedDict([('LESSOPEN', '| /usr/bin/lesspipe %s'), ('PYTHONWARNINGS', 'ignore::DeprecationWarning,ignore::UserWarning,ignore::FutureWarning'), ('USER', 'booster'), ('SSH_CLIENT', '192.168.10.10 52770 22'), ('XDG_SESSION_TYPE', 'tty'), ('GIT_ASKPASS', '/home/booster/.cursor-server/bin/63fcac100bd5d5749f2a98aa47d65f6eca61db30/extensions/git/dist/askpass.sh'), ('SHLVL', '2'), ('LD_LIBRARY_PATH', '/opt/ros/humble/opt/rviz_ogre_vendor/lib:/opt/ros/humble/lib/aarch64-linux-gnu:/opt/ros/humble/lib:/usr/local/cuda/lib64:'), ('BROWSER', '/home/booster/.cursor-server/bin/63fcac100bd5d5749f2a98aa47d65f6eca61db30/bin/helpers/browser.sh'), ('MOTD_SHOWN', 'pam'), ('HOME', '/home/booster'), ('OLDPWD', '/home/booster/Workspace/Booster_T1_3v3_Demo/scripts'), ('TERM_PROGRAM_VERSION', '2.0.69'), ('VSCODE_IPC_HOOK_CLI', '/run/user/1000/vscode-ipc-5b4b5a5b-4170-49e5-94eb-b1b77f1b1ddc.sock'), ('JETSON_L4T', '36.4.3'), ('ROS_PYTHON_VERSION', '3'), ('JETSON_MODEL', 'Booster T1 AGX Orin V2.1'), ('VSCODE_GIT_ASKPASS_MAIN', '/home/booster/.cursor-server/bin/63fcac100bd5d5749f2a98aa47d65f6eca61db30/extensions/git/dist/askpass-main.js'), ('VSCODE_GIT_ASKPASS_NODE', '/home/booster/.cursor-server/bin/63fcac100bd5d5749f2a98aa47d65f6eca61db30/node'), ('DBUS_SESSION_BUS_ADDRESS', 'unix:path=/run/user/1000/bus'), ('COLORTERM', 'truecolor'), ('ROS_DISTRO', 'humble'), ('LOGNAME', 'booster'), ('JETSON_MODULE', 'NVIDIA Jetson AGX Orin (32GB ram)'), ('JETSON_SERIAL_NUMBER', '1421225046990'), ('_', '/usr/bin/colcon'), ('ROS_VERSION', '2'), ('XDG_SESSION_CLASS', 'user'), ('TERM', 'xterm-256color'), ('XDG_SESSION_ID', '7'), ('ROS_LOCALHOST_ONLY', '0'), ('PATH', '/opt/ros/humble/bin:/usr/local/cuda/bin:/usr/local/sbin:/usr/local/bin:/usr/sbin:/usr/bin:/sbin:/bin:/snap/bin'), ('FASTRTPS_DEFAULT_PROFILES_FILE', '/opt/booster/BoosterRos2/fastdds_profile.xml'), ('CUDA_ROOT', '/usr/local/cuda'), ('XDG_RUNTIME_DIR', '/run/user/1000'), ('LANG', 'en_US.UTF-8'), ('LS_COLORS', 'rs=0:di=01;34:ln=01;36:mh=00:pi=40;33:so=01;35:do=01;35:bd=40;33;01:cd=40;33;01:or=40;31;01:mi=00:su=37;41:sg=30;43:ca=30;41:tw=30;42:ow=34;42:st=37;44:ex=01;32:*.tar=01;31:*.tgz=01;31:*.arc=01;31:*.arj=01;31:*.taz=01;31:*.lha=01;31:*.lz4=01;31:*.lzh=01;31:*.lzma=01;31:*.tlz=01;31:*.txz=01;31:*.tzo=01;31:*.t7z=01;31:*.zip=01;31:*.z=01;31:*.dz=01;31:*.gz=01;31:*.lrz=01;31:*.lz=01;31:*.lzo=01;31:*.xz=01;31:*.zst=01;31:*.tzst=01;31:*.bz2=01;31:*.bz=01;31:*.tbz=01;31:*.tbz2=01;31:*.tz=01;31:*.deb=01;31:*.rpm=01;31:*.jar=01;31:*.war=01;31:*.ear=01;31:*.sar=01;31:*.rar=01;31:*.alz=01;31:*.ace=01;31:*.zoo=01;31:*.cpio=01;31:*.7z=01;31:*.rz=01;31:*.cab=01;31:*.wim=01;31:*.swm=01;31:*.dwm=01;31:*.esd=01;31:*.jpg=01;35:*.jpeg=01;35:*.mjpg=01;35:*.mjpeg=01;35:*.gif=01;35:*.bmp=01;35:*.pbm=01;35:*.pgm=01;35:*.ppm=01;35:*.tga=01;35:*.xbm=01;35:*.xpm=01;35:*.tif=01;35:*.tiff=01;35:*.png=01;35:*.svg=01;35:*.svgz=01;35:*.mng=01;35:*.pcx=01;35:*.mov=01;35:*.mpg=01;35:*.mpeg=01;35:*.m2v=01;35:*.mkv=01;35:*.webm=01;35:*.webp=01;35:*.ogm=01;35:*.mp4=01;35:*.m4v=01;35:*.mp4v=01;35:*.vob=01;35:*.qt=01;35:*.nuv=01;35:*.wmv=01;35:*.asf=01;35:*.rm=01;35:*.rmvb=01;35:*.flc=01;35:*.avi=01;35:*.fli=01;35:*.flv=01;35:*.gl=01;35:*.dl=01;35:*.xcf=01;35:*.xwd=01;35:*.yuv=01;35:*.cgm=01;35:*.emf=01;35:*.ogv=01;35:*.ogx=01;35:*.aac=00;36:*.au=00;36:*.flac=00;36:*.m4a=00;36:*.mid=00;36:*.midi=00;36:*.mka=00;36:*.mp3=00;36:*.mpc=00;36:*.ogg=00;36:*.ra=00;36:*.wav=00;36:*.oga=00;36:*.opus=00;36:*.spx=00;36:*.xspf=00;36:'), ('JETSON_SOC', 'tegra234'), ('VSCODE_GIT_IPC_HANDLE', '/run/user/1000/vscode-git-831b0def1b.sock'), ('TERM_PROGRAM', 'vscode'), ('AMENT_PREFIX_PATH', '/opt/ros/humble'), ('SHELL', '/bin/bash'), ('LESSCLOSE', '/usr/bin/lesspipe %s %s'), ('VSCODE_GIT_ASKPASS_EXTRA_ARGS', ''), ('JETSON_CUDA_ARCH_BIN', '8.7'), ('PWD', '/home/booster/Workspace/Booster_T1_3v3_Demo/build/vision_interface'), ('SSH_CONNECTION', '192.168.10.10 52770 192.168.10.102 22'), ('XDG_DATA_DIRS', '/usr/share/gnome:/usr/local/share:/usr/share:/var/lib/snapd/desktop'), ('PYTHONPATH', '/opt/ros/humble/lib/python3.10/site-packages:/opt/ros/humble/local/lib/python3.10/dist-packages'), ('COLCON', '1'), ('JETSON_JETPACK', '6.2'), ('JETSON_P_NUMBER', 'p3701-0004'), ('CMAKE_PREFIX_PATH', '/opt/ros/humble')]), 'shell': False}
[3.443534] (game_controller_interface) StdoutLine: {'line': b'-- Install configuration: ""\n'}
[3.450822] (vision_interface) StdoutLine: {'line': b'-- Install configuration: ""\n'}
[3.452246] (game_controller_interface) StdoutLine: {'line': b'-- Execute custom install script\n'}
[3.452845] (vision_interface) StdoutLine: {'line': b'-- Execute custom install script\n'}
[3.453984] (game_controller_interface) StdoutLine: {'line': b'-- Up-to-date symlink: /home/booster/Workspace/Booster_T1_3v3_Demo/install/game_controller_interface/share/ament_index/resource_index/rosidl_interfaces/game_controller_interface\n'}
[3.454448] (vision_interface) StdoutLine: {'line': b'-- Up-to-date symlink: /home/booster/Workspace/Booster_T1_3v3_Demo/install/vision_interface/share/ament_index/resource_index/rosidl_interfaces/vision_interface\n'}
[3.456245] (vision_interface) StdoutLine: {'line': b'-- Up-to-date symlink: /home/booster/Workspace/Booster_T1_3v3_Demo/install/vision_interface/include/vision_interface/vision_interface/msg/ball.h\n'}
[3.457174] (game_controller_interface) StdoutLine: {'line': b'-- Up-to-date symlink: /home/booster/Workspace/Booster_T1_3v3_Demo/install/game_controller_interface/include/game_controller_interface/game_controller_interface/msg/detail/game_control_data__functions.h\n'}
[3.457533] (vision_interface) StdoutLine: {'line': b'-- Up-to-date symlink: /home/booster/Workspace/Booster_T1_3v3_Demo/install/vision_interface/include/vision_interface/vision_interface/msg/cal_param.h\n'}
[3.457677] (vision_interface) StdoutLine: {'line': b'-- Up-to-date symlink: /home/booster/Workspace/Booster_T1_3v3_Demo/install/vision_interface/include/vision_interface/vision_interface/msg/detail/ball__functions.h\n'}
[3.459089] (vision_interface) StdoutLine: {'line': b'-- Up-to-date symlink: /home/booster/Workspace/Booster_T1_3v3_Demo/install/vision_interface/include/vision_interface/vision_interface/msg/detail/ball__struct.h\n'}
[3.459624] (game_controller_interface) StdoutLine: {'line': b'-- Up-to-date symlink: /home/booster/Workspace/Booster_T1_3v3_Demo/install/game_controller_interface/include/game_controller_interface/game_controller_interface/msg/detail/game_control_data__struct.h\n'}
[3.459781] (game_controller_interface) StdoutLine: {'line': b'-- Up-to-date symlink: /home/booster/Workspace/Booster_T1_3v3_Demo/install/game_controller_interface/include/game_controller_interface/game_controller_interface/msg/detail/game_control_data__type_support.h\n'}
[3.460811] (game_controller_interface) StdoutLine: {'line': b'-- Up-to-date symlink: /home/booster/Workspace/Booster_T1_3v3_Demo/install/game_controller_interface/include/game_controller_interface/game_controller_interface/msg/detail/robot_info__functions.h\n'}
[3.461050] (game_controller_interface) StdoutLine: {'line': b'-- Up-to-date symlink: /home/booster/Workspace/Booster_T1_3v3_Demo/install/game_controller_interface/include/game_controller_interface/game_controller_interface/msg/detail/robot_info__struct.h\n'}
[3.461252] (game_controller_interface) StdoutLine: {'line': b'-- Up-to-date symlink: /home/booster/Workspace/Booster_T1_3v3_Demo/install/game_controller_interface/include/game_controller_interface/game_controller_interface/msg/detail/robot_info__type_support.h\n'}
[3.461366] (vision_interface) StdoutLine: {'line': b'-- Up-to-date symlink: /home/booster/Workspace/Booster_T1_3v3_Demo/install/vision_interface/include/vision_interface/vision_interface/msg/detail/ball__type_support.h\n'}
[3.461569] (game_controller_interface) StdoutLine: {'line': b'-- Up-to-date symlink: /home/booster/Workspace/Booster_T1_3v3_Demo/install/game_controller_interface/include/game_controller_interface/game_controller_interface/msg/detail/team_info__functions.h\n'}
[3.461740] (vision_interface) StdoutLine: {'line': b'-- Up-to-date symlink: /home/booster/Workspace/Booster_T1_3v3_Demo/install/vision_interface/include/vision_interface/vision_interface/msg/detail/cal_param__functions.h\n'}
[3.461998] (vision_interface) StdoutLine: {'line': b'-- Up-to-date symlink: /home/booster/Workspace/Booster_T1_3v3_Demo/install/vision_interface/include/vision_interface/vision_interface/msg/detail/cal_param__struct.h\n'}
[3.462132] (vision_interface) StdoutLine: {'line': b'-- Up-to-date symlink: /home/booster/Workspace/Booster_T1_3v3_Demo/install/vision_interface/include/vision_interface/vision_interface/msg/detail/cal_param__type_support.h\n'}
[3.462412] (vision_interface) StdoutLine: {'line': b'-- Up-to-date symlink: /home/booster/Workspace/Booster_T1_3v3_Demo/install/vision_interface/include/vision_interface/vision_interface/msg/detail/detected_object__functions.h\n'}
[3.463129] (vision_interface) StdoutLine: {'line': b'-- Up-to-date symlink: /home/booster/Workspace/Booster_T1_3v3_Demo/install/vision_interface/include/vision_interface/vision_interface/msg/detail/detected_object__struct.h\n'}
[3.463313] (game_controller_interface) StdoutLine: {'line': b'-- Up-to-date symlink: /home/booster/Workspace/Booster_T1_3v3_Demo/install/game_controller_interface/include/game_controller_interface/game_controller_interface/msg/detail/team_info__struct.h\n'}
[3.463487] (vision_interface) StdoutLine: {'line': b'-- Up-to-date symlink: /home/booster/Workspace/Booster_T1_3v3_Demo/install/vision_interface/include/vision_interface/vision_interface/msg/detail/detected_object__type_support.h\n'}
[3.465307] (vision_interface) StdoutLine: {'line': b'-- Up-to-date symlink: /home/booster/Workspace/Booster_T1_3v3_Demo/install/vision_interface/include/vision_interface/vision_interface/msg/detail/detections__functions.h\n'}
[3.467254] (vision_interface) StdoutLine: {'line': b'-- Up-to-date symlink: /home/booster/Workspace/Booster_T1_3v3_Demo/install/vision_interface/include/vision_interface/vision_interface/msg/detail/detections__struct.h\n'}
[3.468020] (vision_interface) StdoutLine: {'line': b'-- Up-to-date symlink: /home/booster/Workspace/Booster_T1_3v3_Demo/install/vision_interface/include/vision_interface/vision_interface/msg/detail/detections__type_support.h\n'}
[3.468313] (vision_interface) StdoutLine: {'line': b'-- Up-to-date symlink: /home/booster/Workspace/Booster_T1_3v3_Demo/install/vision_interface/include/vision_interface/vision_interface/msg/detail/detections_track__functions.h\n'}
[3.469239] (game_controller_interface) StdoutLine: {'line': b'-- Up-to-date symlink: /home/booster/Workspace/Booster_T1_3v3_Demo/install/game_controller_interface/include/game_controller_interface/game_controller_interface/msg/detail/team_info__type_support.h\n'}
[3.469498] (game_controller_interface) StdoutLine: {'line': b'-- Up-to-date symlink: /home/booster/Workspace/Booster_T1_3v3_Demo/install/game_controller_interface/include/game_controller_interface/game_controller_interface/msg/game_control_data.h\n'}
[3.469623] (vision_interface) StdoutLine: {'line': b'-- Up-to-date symlink: /home/booster/Workspace/Booster_T1_3v3_Demo/install/vision_interface/include/vision_interface/vision_interface/msg/detail/detections_track__struct.h\n'}
[3.469774] (game_controller_interface) StdoutLine: {'line': b'-- Up-to-date symlink: /home/booster/Workspace/Booster_T1_3v3_Demo/install/game_controller_interface/include/game_controller_interface/game_controller_interface/msg/robot_info.h\n'}
[3.469878] (game_controller_interface) StdoutLine: {'line': b'-- Up-to-date symlink: /home/booster/Workspace/Booster_T1_3v3_Demo/install/game_controller_interface/include/game_controller_interface/game_controller_interface/msg/rosidl_generator_c__visibility_control.h\n'}
[3.470340] (vision_interface) StdoutLine: {'line': b'-- Up-to-date symlink: /home/booster/Workspace/Booster_T1_3v3_Demo/install/vision_interface/include/vision_interface/vision_interface/msg/detail/detections_track__type_support.h\n'}
[3.470482] (vision_interface) StdoutLine: {'line': b'-- Up-to-date symlink: /home/booster/Workspace/Booster_T1_3v3_Demo/install/vision_interface/include/vision_interface/vision_interface/msg/detail/image_head_position__functions.h\n'}
[3.471212] (vision_interface) StdoutLine: {'line': b'-- Up-to-date symlink: /home/booster/Workspace/Booster_T1_3v3_Demo/install/vision_interface/include/vision_interface/vision_interface/msg/detail/image_head_position__struct.h\n'}
[3.471473] (vision_interface) StdoutLine: {'line': b'-- Up-to-date symlink: /home/booster/Workspace/Booster_T1_3v3_Demo/install/vision_interface/include/vision_interface/vision_interface/msg/detail/image_head_position__type_support.h\n'}
[3.473140] (vision_interface) StdoutLine: {'line': b'-- Up-to-date symlink: /home/booster/Workspace/Booster_T1_3v3_Demo/install/vision_interface/include/vision_interface/vision_interface/msg/detail/line_segments__functions.h\n'}
[3.474466] (vision_interface) StdoutLine: {'line': b'-- Up-to-date symlink: /home/booster/Workspace/Booster_T1_3v3_Demo/install/vision_interface/include/vision_interface/vision_interface/msg/detail/line_segments__struct.h\n'}
[3.474750] (game_controller_interface) StdoutLine: {'line': b'-- Up-to-date symlink: /home/booster/Workspace/Booster_T1_3v3_Demo/install/game_controller_interface/include/game_controller_interface/game_controller_interface/msg/team_info.h\n'}
[3.474922] (vision_interface) StdoutLine: {'line': b'-- Up-to-date symlink: /home/booster/Workspace/Booster_T1_3v3_Demo/install/vision_interface/include/vision_interface/vision_interface/msg/detail/line_segments__type_support.h\n'}
[3.475477] (game_controller_interface) StdoutLine: {'line': b'-- Up-to-date symlink: /home/booster/Workspace/Booster_T1_3v3_Demo/install/game_controller_interface/share/game_controller_interface/environment/library_path.sh\n'}
[3.476910] (vision_interface) StdoutLine: {'line': b'-- Up-to-date symlink: /home/booster/Workspace/Booster_T1_3v3_Demo/install/vision_interface/include/vision_interface/vision_interface/msg/detail/segmentation_line__functions.h\n'}
[3.477094] (vision_interface) StdoutLine: {'line': b'-- Up-to-date symlink: /home/booster/Workspace/Booster_T1_3v3_Demo/install/vision_interface/include/vision_interface/vision_interface/msg/detail/segmentation_line__struct.h\n'}
[3.477210] (vision_interface) StdoutLine: {'line': b'-- Up-to-date symlink: /home/booster/Workspace/Booster_T1_3v3_Demo/install/vision_interface/include/vision_interface/vision_interface/msg/detail/segmentation_line__type_support.h\n'}
[3.477339] (vision_interface) StdoutLine: {'line': b'-- Up-to-date symlink: /home/booster/Workspace/Booster_T1_3v3_Demo/install/vision_interface/include/vision_interface/vision_interface/msg/detail/segmentation_point__functions.h\n'}
[3.477475] (vision_interface) StdoutLine: {'line': b'-- Up-to-date symlink: /home/booster/Workspace/Booster_T1_3v3_Demo/install/vision_interface/include/vision_interface/vision_interface/msg/detail/segmentation_point__struct.h\n'}
[3.477580] (vision_interface) StdoutLine: {'line': b'-- Up-to-date symlink: /home/booster/Workspace/Booster_T1_3v3_Demo/install/vision_interface/include/vision_interface/vision_interface/msg/detail/segmentation_point__type_support.h\n'}
[3.477679] (vision_interface) StdoutLine: {'line': b'-- Up-to-date symlink: /home/booster/Workspace/Booster_T1_3v3_Demo/install/vision_interface/include/vision_interface/vision_interface/msg/detail/segmentation_result__functions.h\n'}
[3.477776] (game_controller_interface) StdoutLine: {'line': b'-- Up-to-date symlink: /home/booster/Workspace/Booster_T1_3v3_Demo/install/game_controller_interface/share/game_controller_interface/environment/library_path.dsv\n'}
[3.478424] (vision_interface) StdoutLine: {'line': b'-- Up-to-date symlink: /home/booster/Workspace/Booster_T1_3v3_Demo/install/vision_interface/include/vision_interface/vision_interface/msg/detail/segmentation_result__struct.h\n'}
[3.478550] (vision_interface) StdoutLine: {'line': b'-- Up-to-date symlink: /home/booster/Workspace/Booster_T1_3v3_Demo/install/vision_interface/include/vision_interface/vision_interface/msg/detail/segmentation_result__type_support.h\n'}
[3.478715] (vision_interface) StdoutLine: {'line': b'-- Up-to-date symlink: /home/booster/Workspace/Booster_T1_3v3_Demo/install/vision_interface/include/vision_interface/vision_interface/msg/detected_object.h\n'}
[3.478859] (vision_interface) StdoutLine: {'line': b'-- Up-to-date symlink: /home/booster/Workspace/Booster_T1_3v3_Demo/install/vision_interface/include/vision_interface/vision_interface/msg/detections.h\n'}
[3.479099] (vision_interface) StdoutLine: {'line': b'-- Up-to-date symlink: /home/booster/Workspace/Booster_T1_3v3_Demo/install/vision_interface/include/vision_interface/vision_interface/msg/detections_track.h\n'}
[3.479304] (vision_interface) StdoutLine: {'line': b'-- Up-to-date symlink: /home/booster/Workspace/Booster_T1_3v3_Demo/install/vision_interface/include/vision_interface/vision_interface/msg/image_head_position.h\n'}
[3.479534] (vision_interface) StdoutLine: {'line': b'-- Up-to-date symlink: /home/booster/Workspace/Booster_T1_3v3_Demo/install/vision_interface/include/vision_interface/vision_interface/msg/line_segments.h\n'}
[3.479646] (vision_interface) StdoutLine: {'line': b'-- Up-to-date symlink: /home/booster/Workspace/Booster_T1_3v3_Demo/install/vision_interface/include/vision_interface/vision_interface/msg/rosidl_generator_c__visibility_control.h\n'}
[3.479749] (vision_interface) StdoutLine: {'line': b'-- Up-to-date symlink: /home/booster/Workspace/Booster_T1_3v3_Demo/install/vision_interface/include/vision_interface/vision_interface/msg/segmentation_line.h\n'}
[3.480092] (vision_interface) StdoutLine: {'line': b'-- Up-to-date symlink: /home/booster/Workspace/Booster_T1_3v3_Demo/install/vision_interface/include/vision_interface/vision_interface/msg/segmentation_point.h\n'}
[3.480253] (game_controller_interface) StdoutLine: {'line': b'-- Up-to-date symlink: /home/booster/Workspace/Booster_T1_3v3_Demo/install/game_controller_interface/include/game_controller_interface/game_controller_interface/msg/detail/game_control_data__rosidl_typesupport_fastrtps_c.h\n'}
[3.480403] (game_controller_interface) StdoutLine: {'line': b'-- Up-to-date symlink: /home/booster/Workspace/Booster_T1_3v3_Demo/install/game_controller_interface/include/game_controller_interface/game_controller_interface/msg/detail/robot_info__rosidl_typesupport_fastrtps_c.h\n'}
[3.480506] (game_controller_interface) StdoutLine: {'line': b'-- Up-to-date symlink: /home/booster/Workspace/Booster_T1_3v3_Demo/install/game_controller_interface/include/game_controller_interface/game_controller_interface/msg/detail/team_info__rosidl_typesupport_fastrtps_c.h\n'}
[3.481558] (vision_interface) StdoutLine: {'line': b'-- Up-to-date symlink: /home/booster/Workspace/Booster_T1_3v3_Demo/install/vision_interface/include/vision_interface/vision_interface/msg/segmentation_result.h\n'}
[3.481768] (vision_interface) StdoutLine: {'line': b'-- Up-to-date symlink: /home/booster/Workspace/Booster_T1_3v3_Demo/install/vision_interface/share/vision_interface/environment/library_path.sh\n'}
[3.481882] (game_controller_interface) StdoutLine: {'line': b'-- Up-to-date symlink: /home/booster/Workspace/Booster_T1_3v3_Demo/install/game_controller_interface/include/game_controller_interface/game_controller_interface/msg/rosidl_typesupport_fastrtps_c__visibility_control.h\n'}
[3.481988] (vision_interface) StdoutLine: {'line': b'-- Up-to-date symlink: /home/booster/Workspace/Booster_T1_3v3_Demo/install/vision_interface/share/vision_interface/environment/library_path.dsv\n'}
[3.482086] (vision_interface) StdoutLine: {'line': b'-- Up-to-date symlink: /home/booster/Workspace/Booster_T1_3v3_Demo/install/vision_interface/include/vision_interface/vision_interface/msg/detail/ball__rosidl_typesupport_fastrtps_c.h\n'}
[3.484041] (game_controller_interface) StdoutLine: {'line': b'-- Up-to-date symlink: /home/booster/Workspace/Booster_T1_3v3_Demo/install/game_controller_interface/include/game_controller_interface/game_controller_interface/msg/detail/game_control_data__builder.hpp\n'}
[3.485663] (vision_interface) StdoutLine: {'line': b'-- Up-to-date symlink: /home/booster/Workspace/Booster_T1_3v3_Demo/install/vision_interface/include/vision_interface/vision_interface/msg/detail/cal_param__rosidl_typesupport_fastrtps_c.h\n'}
[3.486030] (vision_interface) StdoutLine: {'line': b'-- Up-to-date symlink: /home/booster/Workspace/Booster_T1_3v3_Demo/install/vision_interface/include/vision_interface/vision_interface/msg/detail/detected_object__rosidl_typesupport_fastrtps_c.h\n'}
[3.486177] (vision_interface) StdoutLine: {'line': b'-- Up-to-date symlink: /home/booster/Workspace/Booster_T1_3v3_Demo/install/vision_interface/include/vision_interface/vision_interface/msg/detail/detections__rosidl_typesupport_fastrtps_c.h\n'}
[3.486339] (game_controller_interface) StdoutLine: {'line': b'-- Up-to-date symlink: /home/booster/Workspace/Booster_T1_3v3_Demo/install/game_controller_interface/include/game_controller_interface/game_controller_interface/msg/detail/game_control_data__struct.hpp\n'}
[3.486476] (game_controller_interface) StdoutLine: {'line': b'-- Up-to-date symlink: /home/booster/Workspace/Booster_T1_3v3_Demo/install/game_controller_interface/include/game_controller_interface/game_controller_interface/msg/detail/game_control_data__traits.hpp\n'}
[3.486863] (game_controller_interface) StdoutLine: {'line': b'-- Up-to-date symlink: /home/booster/Workspace/Booster_T1_3v3_Demo/install/game_controller_interface/include/game_controller_interface/game_controller_interface/msg/detail/game_control_data__type_support.hpp\n'}
[3.486989] (game_controller_interface) StdoutLine: {'line': b'-- Up-to-date symlink: /home/booster/Workspace/Booster_T1_3v3_Demo/install/game_controller_interface/include/game_controller_interface/game_controller_interface/msg/detail/robot_info__builder.hpp\n'}
[3.487195] (vision_interface) StdoutLine: {'line': b'-- Up-to-date symlink: /home/booster/Workspace/Booster_T1_3v3_Demo/install/vision_interface/include/vision_interface/vision_interface/msg/detail/detections_track__rosidl_typesupport_fastrtps_c.h\n'}
[3.487606] (game_controller_interface) StdoutLine: {'line': b'-- Up-to-date symlink: /home/booster/Workspace/Booster_T1_3v3_Demo/install/game_controller_interface/include/game_controller_interface/game_controller_interface/msg/detail/robot_info__struct.hpp\n'}
[3.487884] (game_controller_interface) StdoutLine: {'line': b'-- Up-to-date symlink: /home/booster/Workspace/Booster_T1_3v3_Demo/install/game_controller_interface/include/game_controller_interface/game_controller_interface/msg/detail/robot_info__traits.hpp\n'}
[3.487994] (vision_interface) StdoutLine: {'line': b'-- Up-to-date symlink: /home/booster/Workspace/Booster_T1_3v3_Demo/install/vision_interface/include/vision_interface/vision_interface/msg/detail/image_head_position__rosidl_typesupport_fastrtps_c.h\n'}
[3.489588] (game_controller_interface) StdoutLine: {'line': b'-- Up-to-date symlink: /home/booster/Workspace/Booster_T1_3v3_Demo/install/game_controller_interface/include/game_controller_interface/game_controller_interface/msg/detail/robot_info__type_support.hpp\n'}
[3.490521] (vision_interface) StdoutLine: {'line': b'-- Up-to-date symlink: /home/booster/Workspace/Booster_T1_3v3_Demo/install/vision_interface/include/vision_interface/vision_interface/msg/detail/line_segments__rosidl_typesupport_fastrtps_c.h\n'}
[3.490685] (vision_interface) StdoutLine: {'line': b'-- Up-to-date symlink: /home/booster/Workspace/Booster_T1_3v3_Demo/install/vision_interface/include/vision_interface/vision_interface/msg/detail/segmentation_line__rosidl_typesupport_fastrtps_c.h\n'}
[3.491407] (game_controller_interface) StdoutLine: {'line': b'-- Up-to-date symlink: /home/booster/Workspace/Booster_T1_3v3_Demo/install/game_controller_interface/include/game_controller_interface/game_controller_interface/msg/detail/team_info__builder.hpp\n'}
[3.492244] (game_controller_interface) StdoutLine: {'line': b'-- Up-to-date symlink: /home/booster/Workspace/Booster_T1_3v3_Demo/install/game_controller_interface/include/game_controller_interface/game_controller_interface/msg/detail/team_info__struct.hpp\n'}
[3.492406] (game_controller_interface) StdoutLine: {'line': b'-- Up-to-date symlink: /home/booster/Workspace/Booster_T1_3v3_Demo/install/game_controller_interface/include/game_controller_interface/game_controller_interface/msg/detail/team_info__traits.hpp\n'}
[3.492510] (vision_interface) StdoutLine: {'line': b'-- Up-to-date symlink: /home/booster/Workspace/Booster_T1_3v3_Demo/install/vision_interface/include/vision_interface/vision_interface/msg/detail/segmentation_point__rosidl_typesupport_fastrtps_c.h\n'}
[3.492661] (game_controller_interface) StdoutLine: {'line': b'-- Up-to-date symlink: /home/booster/Workspace/Booster_T1_3v3_Demo/install/game_controller_interface/include/game_controller_interface/game_controller_interface/msg/detail/team_info__type_support.hpp\n'}
[3.492767] (vision_interface) StdoutLine: {'line': b'-- Up-to-date symlink: /home/booster/Workspace/Booster_T1_3v3_Demo/install/vision_interface/include/vision_interface/vision_interface/msg/detail/segmentation_result__rosidl_typesupport_fastrtps_c.h\n'}
[3.492872] (vision_interface) StdoutLine: {'line': b'-- Up-to-date symlink: /home/booster/Workspace/Booster_T1_3v3_Demo/install/vision_interface/include/vision_interface/vision_interface/msg/rosidl_typesupport_fastrtps_c__visibility_control.h\n'}
[3.492969] (game_controller_interface) StdoutLine: {'line': b'-- Up-to-date symlink: /home/booster/Workspace/Booster_T1_3v3_Demo/install/game_controller_interface/include/game_controller_interface/game_controller_interface/msg/game_control_data.hpp\n'}
[3.495533] (game_controller_interface) StdoutLine: {'line': b'-- Up-to-date symlink: /home/booster/Workspace/Booster_T1_3v3_Demo/install/game_controller_interface/include/game_controller_interface/game_controller_interface/msg/robot_info.hpp\n'}
[3.495893] (game_controller_interface) StdoutLine: {'line': b'-- Up-to-date symlink: /home/booster/Workspace/Booster_T1_3v3_Demo/install/game_controller_interface/include/game_controller_interface/game_controller_interface/msg/rosidl_generator_cpp__visibility_control.hpp\n'}
[3.496041] (game_controller_interface) StdoutLine: {'line': b'-- Up-to-date symlink: /home/booster/Workspace/Booster_T1_3v3_Demo/install/game_controller_interface/include/game_controller_interface/game_controller_interface/msg/team_info.hpp\n'}
[3.496164] (vision_interface) StdoutLine: {'line': b'-- Up-to-date symlink: /home/booster/Workspace/Booster_T1_3v3_Demo/install/vision_interface/include/vision_interface/vision_interface/msg/ball.hpp\n'}
[3.496309] (vision_interface) StdoutLine: {'line': b'-- Up-to-date symlink: /home/booster/Workspace/Booster_T1_3v3_Demo/install/vision_interface/include/vision_interface/vision_interface/msg/cal_param.hpp\n'}
[3.497658] (vision_interface) StdoutLine: {'line': b'-- Up-to-date symlink: /home/booster/Workspace/Booster_T1_3v3_Demo/install/vision_interface/include/vision_interface/vision_interface/msg/detail/ball__builder.hpp\n'}
[3.498509] (game_controller_interface) StdoutLine: {'line': b'-- Up-to-date symlink: /home/booster/Workspace/Booster_T1_3v3_Demo/install/game_controller_interface/include/game_controller_interface/game_controller_interface/msg/detail/game_control_data__rosidl_typesupport_fastrtps_cpp.hpp\n'}
[3.499590] (game_controller_interface) StdoutLine: {'line': b'-- Up-to-date symlink: /home/booster/Workspace/Booster_T1_3v3_Demo/install/game_controller_interface/include/game_controller_interface/game_controller_interface/msg/detail/robot_info__rosidl_typesupport_fastrtps_cpp.hpp\n'}
[3.499821] (vision_interface) StdoutLine: {'line': b'-- Up-to-date symlink: /home/booster/Workspace/Booster_T1_3v3_Demo/install/vision_interface/include/vision_interface/vision_interface/msg/detail/ball__struct.hpp\n'}
[3.499964] (game_controller_interface) StdoutLine: {'line': b'-- Up-to-date symlink: /home/booster/Workspace/Booster_T1_3v3_Demo/install/game_controller_interface/include/game_controller_interface/game_controller_interface/msg/detail/team_info__rosidl_typesupport_fastrtps_cpp.hpp\n'}
[3.500078] (game_controller_interface) StdoutLine: {'line': b'-- Up-to-date symlink: /home/booster/Workspace/Booster_T1_3v3_Demo/install/game_controller_interface/include/game_controller_interface/game_controller_interface/msg/rosidl_typesupport_fastrtps_cpp__visibility_control.h\n'}
[3.500182] (vision_interface) StdoutLine: {'line': b'-- Up-to-date symlink: /home/booster/Workspace/Booster_T1_3v3_Demo/install/vision_interface/include/vision_interface/vision_interface/msg/detail/ball__traits.hpp\n'}
[3.500282] (vision_interface) StdoutLine: {'line': b'-- Up-to-date symlink: /home/booster/Workspace/Booster_T1_3v3_Demo/install/vision_interface/include/vision_interface/vision_interface/msg/detail/ball__type_support.hpp\n'}
[3.502396] (game_controller_interface) StdoutLine: {'line': b'-- Up-to-date symlink: /home/booster/Workspace/Booster_T1_3v3_Demo/install/game_controller_interface/include/game_controller_interface/game_controller_interface/msg/detail/game_control_data__rosidl_typesupport_introspection_c.h\n'}
[3.502613] (vision_interface) StdoutLine: {'line': b'-- Up-to-date symlink: /home/booster/Workspace/Booster_T1_3v3_Demo/install/vision_interface/include/vision_interface/vision_interface/msg/detail/cal_param__builder.hpp\n'}
[3.502747] (vision_interface) StdoutLine: {'line': b'-- Up-to-date symlink: /home/booster/Workspace/Booster_T1_3v3_Demo/install/vision_interface/include/vision_interface/vision_interface/msg/detail/cal_param__struct.hpp\n'}
[3.502855] (vision_interface) StdoutLine: {'line': b'-- Up-to-date symlink: /home/booster/Workspace/Booster_T1_3v3_Demo/install/vision_interface/include/vision_interface/vision_interface/msg/detail/cal_param__traits.hpp\n'}
[3.503639] (game_controller_interface) StdoutLine: {'line': b'-- Up-to-date symlink: /home/booster/Workspace/Booster_T1_3v3_Demo/install/game_controller_interface/include/game_controller_interface/game_controller_interface/msg/detail/robot_info__rosidl_typesupport_introspection_c.h\n'}
[3.504155] (game_controller_interface) StdoutLine: {'line': b'-- Up-to-date symlink: /home/booster/Workspace/Booster_T1_3v3_Demo/install/game_controller_interface/include/game_controller_interface/game_controller_interface/msg/detail/team_info__rosidl_typesupport_introspection_c.h\n'}
[3.505452] (game_controller_interface) StdoutLine: {'line': b'-- Up-to-date symlink: /home/booster/Workspace/Booster_T1_3v3_Demo/install/game_controller_interface/include/game_controller_interface/game_controller_interface/msg/rosidl_typesupport_introspection_c__visibility_control.h\n'}
[3.505669] (vision_interface) StdoutLine: {'line': b'-- Up-to-date symlink: /home/booster/Workspace/Booster_T1_3v3_Demo/install/vision_interface/include/vision_interface/vision_interface/msg/detail/cal_param__type_support.hpp\n'}
[3.505803] (vision_interface) StdoutLine: {'line': b'-- Up-to-date symlink: /home/booster/Workspace/Booster_T1_3v3_Demo/install/vision_interface/include/vision_interface/vision_interface/msg/detail/detected_object__builder.hpp\n'}
[3.505914] (vision_interface) StdoutLine: {'line': b'-- Up-to-date symlink: /home/booster/Workspace/Booster_T1_3v3_Demo/install/vision_interface/include/vision_interface/vision_interface/msg/detail/detected_object__struct.hpp\n'}
[3.506015] (vision_interface) StdoutLine: {'line': b'-- Up-to-date symlink: /home/booster/Workspace/Booster_T1_3v3_Demo/install/vision_interface/include/vision_interface/vision_interface/msg/detail/detected_object__traits.hpp\n'}
[3.506400] (vision_interface) StdoutLine: {'line': b'-- Up-to-date symlink: /home/booster/Workspace/Booster_T1_3v3_Demo/install/vision_interface/include/vision_interface/vision_interface/msg/detail/detected_object__type_support.hpp\n'}
[3.506535] (game_controller_interface) StdoutLine: {'line': b'-- Up-to-date symlink: /home/booster/Workspace/Booster_T1_3v3_Demo/install/game_controller_interface/include/game_controller_interface/game_controller_interface/msg/detail/game_control_data__rosidl_typesupport_introspection_cpp.hpp\n'}
[3.506657] (vision_interface) StdoutLine: {'line': b'-- Up-to-date symlink: /home/booster/Workspace/Booster_T1_3v3_Demo/install/vision_interface/include/vision_interface/vision_interface/msg/detail/detections__builder.hpp\n'}
[3.506768] (game_controller_interface) StdoutLine: {'line': b'-- Up-to-date symlink: /home/booster/Workspace/Booster_T1_3v3_Demo/install/game_controller_interface/include/game_controller_interface/game_controller_interface/msg/detail/robot_info__rosidl_typesupport_introspection_cpp.hpp\n'}
[3.506872] (vision_interface) StdoutLine: {'line': b'-- Up-to-date symlink: /home/booster/Workspace/Booster_T1_3v3_Demo/install/vision_interface/include/vision_interface/vision_interface/msg/detail/detections__struct.hpp\n'}
[3.506999] (vision_interface) StdoutLine: {'line': b'-- Up-to-date symlink: /home/booster/Workspace/Booster_T1_3v3_Demo/install/vision_interface/include/vision_interface/vision_interface/msg/detail/detections__traits.hpp\n'}
[3.507870] (game_controller_interface) StdoutLine: {'line': b'-- Up-to-date symlink: /home/booster/Workspace/Booster_T1_3v3_Demo/install/game_controller_interface/include/game_controller_interface/game_controller_interface/msg/detail/team_info__rosidl_typesupport_introspection_cpp.hpp\n'}
[3.508215] (vision_interface) StdoutLine: {'line': b'-- Up-to-date symlink: /home/booster/Workspace/Booster_T1_3v3_Demo/install/vision_interface/include/vision_interface/vision_interface/msg/detail/detections__type_support.hpp\n'}
[3.510995] (game_controller_interface) StdoutLine: {'line': b'-- Up-to-date symlink: /home/booster/Workspace/Booster_T1_3v3_Demo/install/game_controller_interface/share/game_controller_interface/environment/pythonpath.sh\n'}
[3.512805] (vision_interface) StdoutLine: {'line': b'-- Up-to-date symlink: /home/booster/Workspace/Booster_T1_3v3_Demo/install/vision_interface/include/vision_interface/vision_interface/msg/detail/detections_track__builder.hpp\n'}
[3.513065] (game_controller_interface) StdoutLine: {'line': b'-- Up-to-date symlink: /home/booster/Workspace/Booster_T1_3v3_Demo/install/game_controller_interface/share/game_controller_interface/environment/pythonpath.dsv\n'}
[3.514984] (vision_interface) StdoutLine: {'line': b'-- Up-to-date symlink: /home/booster/Workspace/Booster_T1_3v3_Demo/install/vision_interface/include/vision_interface/vision_interface/msg/detail/detections_track__struct.hpp\n'}
[3.515917] (game_controller_interface) StdoutLine: {'line': b'-- Up-to-date symlink: /home/booster/Workspace/Booster_T1_3v3_Demo/install/game_controller_interface/local/lib/python3.10/dist-packages/game_controller_interface-1.0.0-py3.10.egg-info/PKG-INFO\n'}
[3.516178] (game_controller_interface) StdoutLine: {'line': b'-- Up-to-date symlink: /home/booster/Workspace/Booster_T1_3v3_Demo/install/game_controller_interface/local/lib/python3.10/dist-packages/game_controller_interface-1.0.0-py3.10.egg-info/SOURCES.txt\n'}
[3.516682] (game_controller_interface) StdoutLine: {'line': b'-- Up-to-date symlink: /home/booster/Workspace/Booster_T1_3v3_Demo/install/game_controller_interface/local/lib/python3.10/dist-packages/game_controller_interface-1.0.0-py3.10.egg-info/dependency_links.txt\n'}
[3.516811] (vision_interface) StdoutLine: {'line': b'-- Up-to-date symlink: /home/booster/Workspace/Booster_T1_3v3_Demo/install/vision_interface/include/vision_interface/vision_interface/msg/detail/detections_track__traits.hpp\n'}
[3.516946] (vision_interface) StdoutLine: {'line': b'-- Up-to-date symlink: /home/booster/Workspace/Booster_T1_3v3_Demo/install/vision_interface/include/vision_interface/vision_interface/msg/detail/detections_track__type_support.hpp\n'}
[3.517069] (game_controller_interface) StdoutLine: {'line': b'-- Up-to-date symlink: /home/booster/Workspace/Booster_T1_3v3_Demo/install/game_controller_interface/local/lib/python3.10/dist-packages/game_controller_interface-1.0.0-py3.10.egg-info/top_level.txt\n'}
[3.517720] (vision_interface) StdoutLine: {'line': b'-- Up-to-date symlink: /home/booster/Workspace/Booster_T1_3v3_Demo/install/vision_interface/include/vision_interface/vision_interface/msg/detail/image_head_position__builder.hpp\n'}
[3.517866] (vision_interface) StdoutLine: {'line': b'-- Up-to-date symlink: /home/booster/Workspace/Booster_T1_3v3_Demo/install/vision_interface/include/vision_interface/vision_interface/msg/detail/image_head_position__struct.hpp\n'}
[3.518009] (vision_interface) StdoutLine: {'line': b'-- Up-to-date symlink: /home/booster/Workspace/Booster_T1_3v3_Demo/install/vision_interface/include/vision_interface/vision_interface/msg/detail/image_head_position__traits.hpp\n'}
[3.518113] (vision_interface) StdoutLine: {'line': b'-- Up-to-date symlink: /home/booster/Workspace/Booster_T1_3v3_Demo/install/vision_interface/include/vision_interface/vision_interface/msg/detail/image_head_position__type_support.hpp\n'}
[3.518230] (vision_interface) StdoutLine: {'line': b'-- Up-to-date symlink: /home/booster/Workspace/Booster_T1_3v3_Demo/install/vision_interface/include/vision_interface/vision_interface/msg/detail/line_segments__builder.hpp\n'}
[3.518379] (game_controller_interface) StdoutLine: {'line': b'-- Up-to-date symlink: /home/booster/Workspace/Booster_T1_3v3_Demo/install/game_controller_interface/local/lib/python3.10/dist-packages/game_controller_interface/__init__.py\n'}
[3.518522] (game_controller_interface) StdoutLine: {'line': b'-- Up-to-date symlink: /home/booster/Workspace/Booster_T1_3v3_Demo/install/game_controller_interface/local/lib/python3.10/dist-packages/game_controller_interface/_game_controller_interface_s.ep.rosidl_typesupport_c.c\n'}
[3.518640] (vision_interface) StdoutLine: {'line': b'-- Up-to-date symlink: /home/booster/Workspace/Booster_T1_3v3_Demo/install/vision_interface/include/vision_interface/vision_interface/msg/detail/line_segments__struct.hpp\n'}
[3.519028] (vision_interface) StdoutLine: {'line': b'-- Up-to-date symlink: /home/booster/Workspace/Booster_T1_3v3_Demo/install/vision_interface/include/vision_interface/vision_interface/msg/detail/line_segments__traits.hpp\n'}
[3.519211] (game_controller_interface) StdoutLine: {'line': b'-- Up-to-date symlink: /home/booster/Workspace/Booster_T1_3v3_Demo/install/game_controller_interface/local/lib/python3.10/dist-packages/game_controller_interface/_game_controller_interface_s.ep.rosidl_typesupport_fastrtps_c.c\n'}
[3.519616] (game_controller_interface) StdoutLine: {'line': b'-- Up-to-date symlink: /home/booster/Workspace/Booster_T1_3v3_Demo/install/game_controller_interface/local/lib/python3.10/dist-packages/game_controller_interface/_game_controller_interface_s.ep.rosidl_typesupport_introspection_c.c\n'}
[3.519737] (game_controller_interface) StdoutLine: {'line': b'-- Up-to-date symlink: /home/booster/Workspace/Booster_T1_3v3_Demo/install/game_controller_interface/local/lib/python3.10/dist-packages/game_controller_interface/game_controller_interface_s__rosidl_typesupport_c.cpython-310-aarch64-linux-gnu.so\n'}
[3.519857] (vision_interface) StdoutLine: {'line': b'-- Up-to-date symlink: /home/booster/Workspace/Booster_T1_3v3_Demo/install/vision_interface/include/vision_interface/vision_interface/msg/detail/line_segments__type_support.hpp\n'}
[3.520200] (-) TimerEvent: {}
[3.520449] (vision_interface) StdoutLine: {'line': b'-- Up-to-date symlink: /home/booster/Workspace/Booster_T1_3v3_Demo/install/vision_interface/include/vision_interface/vision_interface/msg/detail/segmentation_line__builder.hpp\n'}
[3.520589] (vision_interface) StdoutLine: {'line': b'-- Up-to-date symlink: /home/booster/Workspace/Booster_T1_3v3_Demo/install/vision_interface/include/vision_interface/vision_interface/msg/detail/segmentation_line__struct.hpp\n'}
[3.520706] (game_controller_interface) StdoutLine: {'line': b'-- Up-to-date symlink: /home/booster/Workspace/Booster_T1_3v3_Demo/install/game_controller_interface/local/lib/python3.10/dist-packages/game_controller_interface/game_controller_interface_s__rosidl_typesupport_fastrtps_c.cpython-310-aarch64-linux-gnu.so\n'}
[3.520816] (vision_interface) StdoutLine: {'line': b'-- Up-to-date symlink: /home/booster/Workspace/Booster_T1_3v3_Demo/install/vision_interface/include/vision_interface/vision_interface/msg/detail/segmentation_line__traits.hpp\n'}
[3.520960] (game_controller_interface) StdoutLine: {'line': b'-- Up-to-date symlink: /home/booster/Workspace/Booster_T1_3v3_Demo/install/game_controller_interface/local/lib/python3.10/dist-packages/game_controller_interface/game_controller_interface_s__rosidl_typesupport_introspection_c.cpython-310-aarch64-linux-gnu.so\n'}
[3.521473] (game_controller_interface) StdoutLine: {'line': b'-- Up-to-date symlink: /home/booster/Workspace/Booster_T1_3v3_Demo/install/game_controller_interface/local/lib/python3.10/dist-packages/game_controller_interface/libgame_controller_interface__rosidl_generator_py.so\n'}
[3.521728] (vision_interface) StdoutLine: {'line': b'-- Up-to-date symlink: /home/booster/Workspace/Booster_T1_3v3_Demo/install/vision_interface/include/vision_interface/vision_interface/msg/detail/segmentation_line__type_support.hpp\n'}
[3.526167] (vision_interface) StdoutLine: {'line': b'-- Up-to-date symlink: /home/booster/Workspace/Booster_T1_3v3_Demo/install/vision_interface/include/vision_interface/vision_interface/msg/detail/segmentation_point__builder.hpp\n'}
[3.526411] (vision_interface) StdoutLine: {'line': b'-- Up-to-date symlink: /home/booster/Workspace/Booster_T1_3v3_Demo/install/vision_interface/include/vision_interface/vision_interface/msg/detail/segmentation_point__struct.hpp\n'}
[3.526614] (game_controller_interface) StdoutLine: {'line': b'-- Up-to-date symlink: /home/booster/Workspace/Booster_T1_3v3_Demo/install/game_controller_interface/local/lib/python3.10/dist-packages/game_controller_interface/msg/__init__.py\n'}
[3.526762] (game_controller_interface) StdoutLine: {'line': b'-- Up-to-date symlink: /home/booster/Workspace/Booster_T1_3v3_Demo/install/game_controller_interface/local/lib/python3.10/dist-packages/game_controller_interface/msg/_game_control_data.py\n'}
[3.526877] (vision_interface) StdoutLine: {'line': b'-- Up-to-date symlink: /home/booster/Workspace/Booster_T1_3v3_Demo/install/vision_interface/include/vision_interface/vision_interface/msg/detail/segmentation_point__traits.hpp\n'}
[3.526982] (vision_interface) StdoutLine: {'line': b'-- Up-to-date symlink: /home/booster/Workspace/Booster_T1_3v3_Demo/install/vision_interface/include/vision_interface/vision_interface/msg/detail/segmentation_point__type_support.hpp\n'}
[3.527082] (vision_interface) StdoutLine: {'line': b'-- Up-to-date symlink: /home/booster/Workspace/Booster_T1_3v3_Demo/install/vision_interface/include/vision_interface/vision_interface/msg/detail/segmentation_result__builder.hpp\n'}
[3.528412] (game_controller_interface) StdoutLine: {'line': b'-- Up-to-date symlink: /home/booster/Workspace/Booster_T1_3v3_Demo/install/game_controller_interface/local/lib/python3.10/dist-packages/game_controller_interface/msg/_game_control_data_s.c\n'}
[3.528763] (game_controller_interface) StdoutLine: {'line': b'-- Up-to-date symlink: /home/booster/Workspace/Booster_T1_3v3_Demo/install/game_controller_interface/local/lib/python3.10/dist-packages/game_controller_interface/msg/_robot_info.py\n'}
[3.528915] (game_controller_interface) StdoutLine: {'line': b'-- Up-to-date symlink: /home/booster/Workspace/Booster_T1_3v3_Demo/install/game_controller_interface/local/lib/python3.10/dist-packages/game_controller_interface/msg/_robot_info_s.c\n'}
[3.529069] (vision_interface) StdoutLine: {'line': b'-- Up-to-date symlink: /home/booster/Workspace/Booster_T1_3v3_Demo/install/vision_interface/include/vision_interface/vision_interface/msg/detail/segmentation_result__struct.hpp\n'}
[3.529666] (vision_interface) StdoutLine: {'line': b'-- Up-to-date symlink: /home/booster/Workspace/Booster_T1_3v3_Demo/install/vision_interface/include/vision_interface/vision_interface/msg/detail/segmentation_result__traits.hpp\n'}
[3.530502] (vision_interface) StdoutLine: {'line': b'-- Up-to-date symlink: /home/booster/Workspace/Booster_T1_3v3_Demo/install/vision_interface/include/vision_interface/vision_interface/msg/detail/segmentation_result__type_support.hpp\n'}
[3.531479] (game_controller_interface) StdoutLine: {'line': b'-- Up-to-date symlink: /home/booster/Workspace/Booster_T1_3v3_Demo/install/game_controller_interface/local/lib/python3.10/dist-packages/game_controller_interface/msg/_team_info.py\n'}
[3.531764] (game_controller_interface) StdoutLine: {'line': b'-- Up-to-date symlink: /home/booster/Workspace/Booster_T1_3v3_Demo/install/game_controller_interface/local/lib/python3.10/dist-packages/game_controller_interface/msg/_team_info_s.c\n'}
[3.531972] (vision_interface) StdoutLine: {'line': b'-- Up-to-date symlink: /home/booster/Workspace/Booster_T1_3v3_Demo/install/vision_interface/include/vision_interface/vision_interface/msg/detected_object.hpp\n'}
[3.532127] (vision_interface) StdoutLine: {'line': b'-- Up-to-date symlink: /home/booster/Workspace/Booster_T1_3v3_Demo/install/vision_interface/include/vision_interface/vision_interface/msg/detections.hpp\n'}
[3.532234] (vision_interface) StdoutLine: {'line': b'-- Up-to-date symlink: /home/booster/Workspace/Booster_T1_3v3_Demo/install/vision_interface/include/vision_interface/vision_interface/msg/detections_track.hpp\n'}
[3.532333] (vision_interface) StdoutLine: {'line': b'-- Up-to-date symlink: /home/booster/Workspace/Booster_T1_3v3_Demo/install/vision_interface/include/vision_interface/vision_interface/msg/image_head_position.hpp\n'}
[3.533308] (game_controller_interface) StdoutLine: {'line': b'-- Up-to-date symlink: /home/booster/Workspace/Booster_T1_3v3_Demo/install/game_controller_interface/local/lib/python3.10/dist-packages/game_controller_interface/game_controller_interface_s__rosidl_typesupport_fastrtps_c.cpython-310-aarch64-linux-gnu.so\n'}
[3.534956] (game_controller_interface) StdoutLine: {'line': b'-- Up-to-date symlink: /home/booster/Workspace/Booster_T1_3v3_Demo/install/game_controller_interface/local/lib/python3.10/dist-packages/game_controller_interface/game_controller_interface_s__rosidl_typesupport_introspection_c.cpython-310-aarch64-linux-gnu.so\n'}
[3.535153] (vision_interface) StdoutLine: {'line': b'-- Up-to-date symlink: /home/booster/Workspace/Booster_T1_3v3_Demo/install/vision_interface/include/vision_interface/vision_interface/msg/line_segments.hpp\n'}
[3.535337] (vision_interface) StdoutLine: {'line': b'-- Up-to-date symlink: /home/booster/Workspace/Booster_T1_3v3_Demo/install/vision_interface/include/vision_interface/vision_interface/msg/rosidl_generator_cpp__visibility_control.hpp\n'}
[3.535474] (vision_interface) StdoutLine: {'line': b'-- Up-to-date symlink: /home/booster/Workspace/Booster_T1_3v3_Demo/install/vision_interface/include/vision_interface/vision_interface/msg/segmentation_line.hpp\n'}
[3.535914] (vision_interface) StdoutLine: {'line': b'-- Up-to-date symlink: /home/booster/Workspace/Booster_T1_3v3_Demo/install/vision_interface/include/vision_interface/vision_interface/msg/segmentation_point.hpp\n'}
[3.537145] (vision_interface) StdoutLine: {'line': b'-- Up-to-date symlink: /home/booster/Workspace/Booster_T1_3v3_Demo/install/vision_interface/include/vision_interface/vision_interface/msg/segmentation_result.hpp\n'}
[3.537366] (game_controller_interface) StdoutLine: {'line': b'-- Up-to-date symlink: /home/booster/Workspace/Booster_T1_3v3_Demo/install/game_controller_interface/local/lib/python3.10/dist-packages/game_controller_interface/game_controller_interface_s__rosidl_typesupport_c.cpython-310-aarch64-linux-gnu.so\n'}
[3.537503] (booster_interface) StdoutLine: {'line': b'[100%] Built target booster_interface__rosidl_typesupport_introspection_c__pyext\n'}
[3.537653] (game_controller_interface) StdoutLine: {'line': b'-- Up-to-date symlink: /home/booster/Workspace/Booster_T1_3v3_Demo/install/game_controller_interface/share/game_controller_interface/msg/GameControlData.idl\n'}
[3.537764] (vision_interface) StdoutLine: {'line': b'-- Up-to-date symlink: /home/booster/Workspace/Booster_T1_3v3_Demo/install/vision_interface/include/vision_interface/vision_interface/msg/detail/ball__rosidl_typesupport_fastrtps_cpp.hpp\n'}
[3.537869] (game_controller_interface) StdoutLine: {'line': b'-- Up-to-date symlink: /home/booster/Workspace/Booster_T1_3v3_Demo/install/game_controller_interface/share/game_controller_interface/msg/RobotInfo.idl\n'}
[3.540962] (vision_interface) StdoutLine: {'line': b'-- Up-to-date symlink: /home/booster/Workspace/Booster_T1_3v3_Demo/install/vision_interface/include/vision_interface/vision_interface/msg/detail/cal_param__rosidl_typesupport_fastrtps_cpp.hpp\n'}
[3.541714] (game_controller_interface) StdoutLine: {'line': b'-- Up-to-date symlink: /home/booster/Workspace/Booster_T1_3v3_Demo/install/game_controller_interface/share/game_controller_interface/msg/TeamInfo.idl\n'}
[3.548963] (game_controller_interface) StdoutLine: {'line': b'-- Up-to-date symlink: /home/booster/Workspace/Booster_T1_3v3_Demo/install/game_controller_interface/share/game_controller_interface/msg/GameControlData.msg\n'}
[3.549341] (game_controller_interface) StdoutLine: {'line': b'-- Up-to-date symlink: /home/booster/Workspace/Booster_T1_3v3_Demo/install/game_controller_interface/share/game_controller_interface/msg/RobotInfo.msg\n'}
[3.549645] (vision_interface) StdoutLine: {'line': b'-- Up-to-date symlink: /home/booster/Workspace/Booster_T1_3v3_Demo/install/vision_interface/include/vision_interface/vision_interface/msg/detail/detected_object__rosidl_typesupport_fastrtps_cpp.hpp\n'}
[3.549809] (vision_interface) StdoutLine: {'line': b'-- Up-to-date symlink: /home/booster/Workspace/Booster_T1_3v3_Demo/install/vision_interface/include/vision_interface/vision_interface/msg/detail/detections__rosidl_typesupport_fastrtps_cpp.hpp\n'}
[3.549926] (vision_interface) StdoutLine: {'line': b'-- Up-to-date symlink: /home/booster/Workspace/Booster_T1_3v3_Demo/install/vision_interface/include/vision_interface/vision_interface/msg/detail/detections_track__rosidl_typesupport_fastrtps_cpp.hpp\n'}
[3.550079] (vision_interface) StdoutLine: {'line': b'-- Up-to-date symlink: /home/booster/Workspace/Booster_T1_3v3_Demo/install/vision_interface/include/vision_interface/vision_interface/msg/detail/image_head_position__rosidl_typesupport_fastrtps_cpp.hpp\n'}
[3.550188] (vision_interface) StdoutLine: {'line': b'-- Up-to-date symlink: /home/booster/Workspace/Booster_T1_3v3_Demo/install/vision_interface/include/vision_interface/vision_interface/msg/detail/line_segments__rosidl_typesupport_fastrtps_cpp.hpp\n'}
[3.550405] (game_controller_interface) StdoutLine: {'line': b'-- Up-to-date symlink: /home/booster/Workspace/Booster_T1_3v3_Demo/install/game_controller_interface/share/game_controller_interface/msg/TeamInfo.msg\n'}
[3.550551] (game_controller_interface) StdoutLine: {'line': b'-- Up-to-date symlink: /home/booster/Workspace/Booster_T1_3v3_Demo/install/game_controller_interface/share/ament_index/resource_index/package_run_dependencies/game_controller_interface\n'}
[3.551357] (game_controller_interface) StdoutLine: {'line': b'-- Up-to-date symlink: /home/booster/Workspace/Booster_T1_3v3_Demo/install/game_controller_interface/share/ament_index/resource_index/parent_prefix_path/game_controller_interface\n'}
[3.551659] (game_controller_interface) StdoutLine: {'line': b'-- Up-to-date symlink: /home/booster/Workspace/Booster_T1_3v3_Demo/install/game_controller_interface/share/game_controller_interface/environment/ament_prefix_path.sh\n'}
[3.551792] (game_controller_interface) StdoutLine: {'line': b'-- Up-to-date symlink: /home/booster/Workspace/Booster_T1_3v3_Demo/install/game_controller_interface/share/game_controller_interface/environment/ament_prefix_path.dsv\n'}
[3.551901] (vision_interface) StdoutLine: {'line': b'-- Up-to-date symlink: /home/booster/Workspace/Booster_T1_3v3_Demo/install/vision_interface/include/vision_interface/vision_interface/msg/detail/segmentation_line__rosidl_typesupport_fastrtps_cpp.hpp\n'}
[3.552017] (game_controller_interface) StdoutLine: {'line': b'-- Up-to-date symlink: /home/booster/Workspace/Booster_T1_3v3_Demo/install/game_controller_interface/share/game_controller_interface/environment/path.sh\n'}
[3.552117] (game_controller_interface) StdoutLine: {'line': b'-- Up-to-date symlink: /home/booster/Workspace/Booster_T1_3v3_Demo/install/game_controller_interface/share/game_controller_interface/environment/path.dsv\n'}
[3.552217] (vision_interface) StdoutLine: {'line': b'-- Up-to-date symlink: /home/booster/Workspace/Booster_T1_3v3_Demo/install/vision_interface/include/vision_interface/vision_interface/msg/detail/segmentation_point__rosidl_typesupport_fastrtps_cpp.hpp\n'}
[3.552424] (vision_interface) StdoutLine: {'line': b'-- Up-to-date symlink: /home/booster/Workspace/Booster_T1_3v3_Demo/install/vision_interface/include/vision_interface/vision_interface/msg/detail/segmentation_result__rosidl_typesupport_fastrtps_cpp.hpp\n'}
[3.552546] (vision_interface) StdoutLine: {'line': b'-- Up-to-date symlink: /home/booster/Workspace/Booster_T1_3v3_Demo/install/vision_interface/include/vision_interface/vision_interface/msg/rosidl_typesupport_fastrtps_cpp__visibility_control.h\n'}
[3.552691] (game_controller_interface) StdoutLine: {'line': b'-- Up-to-date symlink: /home/booster/Workspace/Booster_T1_3v3_Demo/install/game_controller_interface/share/game_controller_interface/local_setup.bash\n'}
[3.552900] (vision_interface) StdoutLine: {'line': b'-- Up-to-date symlink: /home/booster/Workspace/Booster_T1_3v3_Demo/install/vision_interface/include/vision_interface/vision_interface/msg/detail/ball__rosidl_typesupport_introspection_c.h\n'}
[3.553287] (game_controller_interface) StdoutLine: {'line': b'-- Up-to-date symlink: /home/booster/Workspace/Booster_T1_3v3_Demo/install/game_controller_interface/share/game_controller_interface/local_setup.sh\n'}
[3.554437] (vision_interface) StdoutLine: {'line': b'-- Up-to-date symlink: /home/booster/Workspace/Booster_T1_3v3_Demo/install/vision_interface/include/vision_interface/vision_interface/msg/detail/cal_param__rosidl_typesupport_introspection_c.h\n'}
[3.554931] (vision_interface) StdoutLine: {'line': b'-- Up-to-date symlink: /home/booster/Workspace/Booster_T1_3v3_Demo/install/vision_interface/include/vision_interface/vision_interface/msg/detail/detected_object__rosidl_typesupport_introspection_c.h\n'}
[3.555474] (game_controller_interface) StdoutLine: {'line': b'-- Up-to-date symlink: /home/booster/Workspace/Booster_T1_3v3_Demo/install/game_controller_interface/share/game_controller_interface/local_setup.zsh\n'}
[3.556614] (vision_interface) StdoutLine: {'line': b'-- Up-to-date symlink: /home/booster/Workspace/Booster_T1_3v3_Demo/install/vision_interface/include/vision_interface/vision_interface/msg/detail/detections__rosidl_typesupport_introspection_c.h\n'}
[3.556868] (game_controller_interface) StdoutLine: {'line': b'-- Up-to-date symlink: /home/booster/Workspace/Booster_T1_3v3_Demo/install/game_controller_interface/share/game_controller_interface/local_setup.dsv\n'}
[3.557394] (game_controller_interface) StdoutLine: {'line': b'-- Symlinking: /home/booster/Workspace/Booster_T1_3v3_Demo/install/game_controller_interface/share/game_controller_interface/package.dsv\n'}
[3.559719] (vision_interface) StdoutLine: {'line': b'-- Up-to-date symlink: /home/booster/Workspace/Booster_T1_3v3_Demo/install/vision_interface/include/vision_interface/vision_interface/msg/detail/detections_track__rosidl_typesupport_introspection_c.h\n'}
[3.560921] (vision_interface) StdoutLine: {'line': b'-- Up-to-date symlink: /home/booster/Workspace/Booster_T1_3v3_Demo/install/vision_interface/include/vision_interface/vision_interface/msg/detail/image_head_position__rosidl_typesupport_introspection_c.h\n'}
[3.561138] (vision_interface) StdoutLine: {'line': b'-- Up-to-date symlink: /home/booster/Workspace/Booster_T1_3v3_Demo/install/vision_interface/include/vision_interface/vision_interface/msg/detail/line_segments__rosidl_typesupport_introspection_c.h\n'}
[3.561302] (vision_interface) StdoutLine: {'line': b'-- Up-to-date symlink: /home/booster/Workspace/Booster_T1_3v3_Demo/install/vision_interface/include/vision_interface/vision_interface/msg/detail/segmentation_line__rosidl_typesupport_introspection_c.h\n'}
[3.561435] (vision_interface) StdoutLine: {'line': b'-- Up-to-date symlink: /home/booster/Workspace/Booster_T1_3v3_Demo/install/vision_interface/include/vision_interface/vision_interface/msg/detail/segmentation_point__rosidl_typesupport_introspection_c.h\n'}
[3.561558] (vision_interface) StdoutLine: {'line': b'-- Up-to-date symlink: /home/booster/Workspace/Booster_T1_3v3_Demo/install/vision_interface/include/vision_interface/vision_interface/msg/detail/segmentation_result__rosidl_typesupport_introspection_c.h\n'}
[3.561672] (vision_interface) StdoutLine: {'line': b'-- Up-to-date symlink: /home/booster/Workspace/Booster_T1_3v3_Demo/install/vision_interface/include/vision_interface/vision_interface/msg/rosidl_typesupport_introspection_c__visibility_control.h\n'}
[3.564144] (vision_interface) StdoutLine: {'line': b'-- Up-to-date symlink: /home/booster/Workspace/Booster_T1_3v3_Demo/install/vision_interface/include/vision_interface/vision_interface/msg/detail/ball__rosidl_typesupport_introspection_cpp.hpp\n'}
[3.564707] (vision_interface) StdoutLine: {'line': b'-- Up-to-date symlink: /home/booster/Workspace/Booster_T1_3v3_Demo/install/vision_interface/include/vision_interface/vision_interface/msg/detail/cal_param__rosidl_typesupport_introspection_cpp.hpp\n'}
[3.565219] (vision_interface) StdoutLine: {'line': b'-- Up-to-date symlink: /home/booster/Workspace/Booster_T1_3v3_Demo/install/vision_interface/include/vision_interface/vision_interface/msg/detail/detected_object__rosidl_typesupport_introspection_cpp.hpp\n'}
[3.565396] (vision_interface) StdoutLine: {'line': b'-- Up-to-date symlink: /home/booster/Workspace/Booster_T1_3v3_Demo/install/vision_interface/include/vision_interface/vision_interface/msg/detail/detections__rosidl_typesupport_introspection_cpp.hpp\n'}
[3.567182] (vision_interface) StdoutLine: {'line': b'-- Up-to-date symlink: /home/booster/Workspace/Booster_T1_3v3_Demo/install/vision_interface/include/vision_interface/vision_interface/msg/detail/detections_track__rosidl_typesupport_introspection_cpp.hpp\n'}
[3.567470] (vision_interface) StdoutLine: {'line': b'-- Up-to-date symlink: /home/booster/Workspace/Booster_T1_3v3_Demo/install/vision_interface/include/vision_interface/vision_interface/msg/detail/image_head_position__rosidl_typesupport_introspection_cpp.hpp\n'}
[3.568766] (vision_interface) StdoutLine: {'line': b'-- Up-to-date symlink: /home/booster/Workspace/Booster_T1_3v3_Demo/install/vision_interface/include/vision_interface/vision_interface/msg/detail/line_segments__rosidl_typesupport_introspection_cpp.hpp\n'}
[3.569109] (vision_interface) StdoutLine: {'line': b'-- Up-to-date symlink: /home/booster/Workspace/Booster_T1_3v3_Demo/install/vision_interface/include/vision_interface/vision_interface/msg/detail/segmentation_line__rosidl_typesupport_introspection_cpp.hpp\n'}
[3.570623] (vision_interface) StdoutLine: {'line': b'-- Up-to-date symlink: /home/booster/Workspace/Booster_T1_3v3_Demo/install/vision_interface/include/vision_interface/vision_interface/msg/detail/segmentation_point__rosidl_typesupport_introspection_cpp.hpp\n'}
[3.570961] (vision_interface) StdoutLine: {'line': b'-- Up-to-date symlink: /home/booster/Workspace/Booster_T1_3v3_Demo/install/vision_interface/include/vision_interface/vision_interface/msg/detail/segmentation_result__rosidl_typesupport_introspection_cpp.hpp\n'}
[3.572035] (vision_interface) StdoutLine: {'line': b'-- Up-to-date symlink: /home/booster/Workspace/Booster_T1_3v3_Demo/install/vision_interface/share/vision_interface/environment/pythonpath.sh\n'}
[3.573915] (vision_interface) StdoutLine: {'line': b'-- Up-to-date symlink: /home/booster/Workspace/Booster_T1_3v3_Demo/install/vision_interface/share/vision_interface/environment/pythonpath.dsv\n'}
[3.581895] (vision_interface) StdoutLine: {'line': b'-- Up-to-date symlink: /home/booster/Workspace/Booster_T1_3v3_Demo/install/vision_interface/local/lib/python3.10/dist-packages/vision_interface-1.0.0-py3.10.egg-info/PKG-INFO\n'}
[3.586635] (vision_interface) StdoutLine: {'line': b'-- Up-to-date symlink: /home/booster/Workspace/Booster_T1_3v3_Demo/install/vision_interface/local/lib/python3.10/dist-packages/vision_interface-1.0.0-py3.10.egg-info/SOURCES.txt\n'}
[3.587128] (vision_interface) StdoutLine: {'line': b'-- Up-to-date symlink: /home/booster/Workspace/Booster_T1_3v3_Demo/install/vision_interface/local/lib/python3.10/dist-packages/vision_interface-1.0.0-py3.10.egg-info/dependency_links.txt\n'}
[3.587268] (vision_interface) StdoutLine: {'line': b'-- Up-to-date symlink: /home/booster/Workspace/Booster_T1_3v3_Demo/install/vision_interface/local/lib/python3.10/dist-packages/vision_interface-1.0.0-py3.10.egg-info/top_level.txt\n'}
[3.592708] (vision_interface) StdoutLine: {'line': b'-- Up-to-date symlink: /home/booster/Workspace/Booster_T1_3v3_Demo/install/vision_interface/local/lib/python3.10/dist-packages/vision_interface/__init__.py\n'}
[3.594747] (vision_interface) StdoutLine: {'line': b'-- Up-to-date symlink: /home/booster/Workspace/Booster_T1_3v3_Demo/install/vision_interface/local/lib/python3.10/dist-packages/vision_interface/_vision_interface_s.ep.rosidl_typesupport_c.c\n'}
[3.595241] (vision_interface) StdoutLine: {'line': b'-- Up-to-date symlink: /home/booster/Workspace/Booster_T1_3v3_Demo/install/vision_interface/local/lib/python3.10/dist-packages/vision_interface/_vision_interface_s.ep.rosidl_typesupport_fastrtps_c.c\n'}
[3.595419] (vision_interface) StdoutLine: {'line': b'-- Up-to-date symlink: /home/booster/Workspace/Booster_T1_3v3_Demo/install/vision_interface/local/lib/python3.10/dist-packages/vision_interface/_vision_interface_s.ep.rosidl_typesupport_introspection_c.c\n'}
[3.595809] (vision_interface) StdoutLine: {'line': b'-- Up-to-date symlink: /home/booster/Workspace/Booster_T1_3v3_Demo/install/vision_interface/local/lib/python3.10/dist-packages/vision_interface/libvision_interface__rosidl_generator_py.so\n'}
[3.601004] (vision_interface) StdoutLine: {'line': b'-- Up-to-date symlink: /home/booster/Workspace/Booster_T1_3v3_Demo/install/vision_interface/local/lib/python3.10/dist-packages/vision_interface/msg/__init__.py\n'}
[3.603241] (vision_interface) StdoutLine: {'line': b'-- Up-to-date symlink: /home/booster/Workspace/Booster_T1_3v3_Demo/install/vision_interface/local/lib/python3.10/dist-packages/vision_interface/msg/_ball.py\n'}
[3.603576] (vision_interface) StdoutLine: {'line': b'-- Up-to-date symlink: /home/booster/Workspace/Booster_T1_3v3_Demo/install/vision_interface/local/lib/python3.10/dist-packages/vision_interface/msg/_ball_s.c\n'}
[3.604037] (vision_interface) StdoutLine: {'line': b'-- Up-to-date symlink: /home/booster/Workspace/Booster_T1_3v3_Demo/install/vision_interface/local/lib/python3.10/dist-packages/vision_interface/msg/_cal_param.py\n'}
[3.604178] (vision_interface) StdoutLine: {'line': b'-- Up-to-date symlink: /home/booster/Workspace/Booster_T1_3v3_Demo/install/vision_interface/local/lib/python3.10/dist-packages/vision_interface/msg/_cal_param_s.c\n'}
[3.604287] (vision_interface) StdoutLine: {'line': b'-- Up-to-date symlink: /home/booster/Workspace/Booster_T1_3v3_Demo/install/vision_interface/local/lib/python3.10/dist-packages/vision_interface/msg/_detected_object.py\n'}
[3.604438] (vision_interface) StdoutLine: {'line': b'-- Up-to-date symlink: /home/booster/Workspace/Booster_T1_3v3_Demo/install/vision_interface/local/lib/python3.10/dist-packages/vision_interface/msg/_detected_object_s.c\n'}
[3.604543] (vision_interface) StdoutLine: {'line': b'-- Up-to-date symlink: /home/booster/Workspace/Booster_T1_3v3_Demo/install/vision_interface/local/lib/python3.10/dist-packages/vision_interface/msg/_detections.py\n'}
[3.604659] (vision_interface) StdoutLine: {'line': b'-- Up-to-date symlink: /home/booster/Workspace/Booster_T1_3v3_Demo/install/vision_interface/local/lib/python3.10/dist-packages/vision_interface/msg/_detections_s.c\n'}
[3.604764] (vision_interface) StdoutLine: {'line': b'-- Up-to-date symlink: /home/booster/Workspace/Booster_T1_3v3_Demo/install/vision_interface/local/lib/python3.10/dist-packages/vision_interface/msg/_detections_track.py\n'}
[3.604861] (vision_interface) StdoutLine: {'line': b'-- Up-to-date symlink: /home/booster/Workspace/Booster_T1_3v3_Demo/install/vision_interface/local/lib/python3.10/dist-packages/vision_interface/msg/_detections_track_s.c\n'}
[3.609551] (booster_interface) CommandEnded: {'returncode': 0}
[3.613538] (vision_interface) StdoutLine: {'line': b'-- Up-to-date symlink: /home/booster/Workspace/Booster_T1_3v3_Demo/install/vision_interface/local/lib/python3.10/dist-packages/vision_interface/msg/_image_head_position.py\n'}
[3.631914] (-) TimerEvent: {}
[3.632504] (vision_interface) StdoutLine: {'line': b'-- Up-to-date symlink: /home/booster/Workspace/Booster_T1_3v3_Demo/install/vision_interface/local/lib/python3.10/dist-packages/vision_interface/msg/_image_head_position_s.c\n'}
[3.633056] (vision_interface) StdoutLine: {'line': b'-- Up-to-date symlink: /home/booster/Workspace/Booster_T1_3v3_Demo/install/vision_interface/local/lib/python3.10/dist-packages/vision_interface/msg/_line_segments.py\n'}
[3.635450] (vision_interface) StdoutLine: {'line': b'-- Up-to-date symlink: /home/booster/Workspace/Booster_T1_3v3_Demo/install/vision_interface/local/lib/python3.10/dist-packages/vision_interface/msg/_line_segments_s.c\n'}
[3.636509] (vision_interface) StdoutLine: {'line': b'-- Up-to-date symlink: /home/booster/Workspace/Booster_T1_3v3_Demo/install/vision_interface/local/lib/python3.10/dist-packages/vision_interface/msg/_segmentation_line.py\n'}
[3.636715] (vision_interface) StdoutLine: {'line': b'-- Up-to-date symlink: /home/booster/Workspace/Booster_T1_3v3_Demo/install/vision_interface/local/lib/python3.10/dist-packages/vision_interface/msg/_segmentation_line_s.c\n'}
[3.636842] (vision_interface) StdoutLine: {'line': b'-- Up-to-date symlink: /home/booster/Workspace/Booster_T1_3v3_Demo/install/vision_interface/local/lib/python3.10/dist-packages/vision_interface/msg/_segmentation_point.py\n'}
[3.636949] (vision_interface) StdoutLine: {'line': b'-- Up-to-date symlink: /home/booster/Workspace/Booster_T1_3v3_Demo/install/vision_interface/local/lib/python3.10/dist-packages/vision_interface/msg/_segmentation_point_s.c\n'}
[3.637052] (vision_interface) StdoutLine: {'line': b'-- Up-to-date symlink: /home/booster/Workspace/Booster_T1_3v3_Demo/install/vision_interface/local/lib/python3.10/dist-packages/vision_interface/msg/_segmentation_result.py\n'}
[3.637152] (vision_interface) StdoutLine: {'line': b'-- Up-to-date symlink: /home/booster/Workspace/Booster_T1_3v3_Demo/install/vision_interface/local/lib/python3.10/dist-packages/vision_interface/msg/_segmentation_result_s.c\n'}
[3.637639] (vision_interface) StdoutLine: {'line': b'-- Up-to-date symlink: /home/booster/Workspace/Booster_T1_3v3_Demo/install/vision_interface/local/lib/python3.10/dist-packages/vision_interface/vision_interface_s__rosidl_typesupport_c.cpython-310-aarch64-linux-gnu.so\n'}
[3.640637] (vision_interface) StdoutLine: {'line': b'-- Up-to-date symlink: /home/booster/Workspace/Booster_T1_3v3_Demo/install/vision_interface/local/lib/python3.10/dist-packages/vision_interface/vision_interface_s__rosidl_typesupport_fastrtps_c.cpython-310-aarch64-linux-gnu.so\n'}
[3.640990] (vision_interface) StdoutLine: {'line': b'-- Up-to-date symlink: /home/booster/Workspace/Booster_T1_3v3_Demo/install/vision_interface/local/lib/python3.10/dist-packages/vision_interface/vision_interface_s__rosidl_typesupport_introspection_c.cpython-310-aarch64-linux-gnu.so\n'}
[3.641160] (vision_interface) StdoutLine: {'line': b'-- Up-to-date symlink: /home/booster/Workspace/Booster_T1_3v3_Demo/install/vision_interface/local/lib/python3.10/dist-packages/vision_interface/vision_interface_s__rosidl_typesupport_fastrtps_c.cpython-310-aarch64-linux-gnu.so\n'}
[3.642147] (booster_interface) JobProgress: {'identifier': 'booster_interface', 'progress': 'install'}
[3.642231] (booster_interface) Command: {'cmd': ['/usr/bin/cmake', '--install', '/home/booster/Workspace/Booster_T1_3v3_Demo/build/booster_interface'], 'cwd': '/home/booster/Workspace/Booster_T1_3v3_Demo/build/booster_interface', 'env': OrderedDict([('LESSOPEN', '| /usr/bin/lesspipe %s'), ('PYTHONWARNINGS', 'ignore::DeprecationWarning,ignore::UserWarning,ignore::FutureWarning'), ('USER', 'booster'), ('SSH_CLIENT', '192.168.10.10 52770 22'), ('XDG_SESSION_TYPE', 'tty'), ('GIT_ASKPASS', '/home/booster/.cursor-server/bin/63fcac100bd5d5749f2a98aa47d65f6eca61db30/extensions/git/dist/askpass.sh'), ('SHLVL', '2'), ('LD_LIBRARY_PATH', '/opt/ros/humble/opt/rviz_ogre_vendor/lib:/opt/ros/humble/lib/aarch64-linux-gnu:/opt/ros/humble/lib:/usr/local/cuda/lib64:'), ('BROWSER', '/home/booster/.cursor-server/bin/63fcac100bd5d5749f2a98aa47d65f6eca61db30/bin/helpers/browser.sh'), ('MOTD_SHOWN', 'pam'), ('HOME', '/home/booster'), ('OLDPWD', '/home/booster/Workspace/Booster_T1_3v3_Demo/scripts'), ('TERM_PROGRAM_VERSION', '2.0.69'), ('VSCODE_IPC_HOOK_CLI', '/run/user/1000/vscode-ipc-5b4b5a5b-4170-49e5-94eb-b1b77f1b1ddc.sock'), ('JETSON_L4T', '36.4.3'), ('ROS_PYTHON_VERSION', '3'), ('JETSON_MODEL', 'Booster T1 AGX Orin V2.1'), ('VSCODE_GIT_ASKPASS_MAIN', '/home/booster/.cursor-server/bin/63fcac100bd5d5749f2a98aa47d65f6eca61db30/extensions/git/dist/askpass-main.js'), ('VSCODE_GIT_ASKPASS_NODE', '/home/booster/.cursor-server/bin/63fcac100bd5d5749f2a98aa47d65f6eca61db30/node'), ('DBUS_SESSION_BUS_ADDRESS', 'unix:path=/run/user/1000/bus'), ('COLORTERM', 'truecolor'), ('ROS_DISTRO', 'humble'), ('LOGNAME', 'booster'), ('JETSON_MODULE', 'NVIDIA Jetson AGX Orin (32GB ram)'), ('JETSON_SERIAL_NUMBER', '1421225046990'), ('_', '/usr/bin/colcon'), ('ROS_VERSION', '2'), ('XDG_SESSION_CLASS', 'user'), ('TERM', 'xterm-256color'), ('XDG_SESSION_ID', '7'), ('ROS_LOCALHOST_ONLY', '0'), ('PATH', '/opt/ros/humble/bin:/usr/local/cuda/bin:/usr/local/sbin:/usr/local/bin:/usr/sbin:/usr/bin:/sbin:/bin:/snap/bin'), ('FASTRTPS_DEFAULT_PROFILES_FILE', '/opt/booster/BoosterRos2/fastdds_profile.xml'), ('CUDA_ROOT', '/usr/local/cuda'), ('XDG_RUNTIME_DIR', '/run/user/1000'), ('LANG', 'en_US.UTF-8'), ('LS_COLORS', 'rs=0:di=01;34:ln=01;36:mh=00:pi=40;33:so=01;35:do=01;35:bd=40;33;01:cd=40;33;01:or=40;31;01:mi=00:su=37;41:sg=30;43:ca=30;41:tw=30;42:ow=34;42:st=37;44:ex=01;32:*.tar=01;31:*.tgz=01;31:*.arc=01;31:*.arj=01;31:*.taz=01;31:*.lha=01;31:*.lz4=01;31:*.lzh=01;31:*.lzma=01;31:*.tlz=01;31:*.txz=01;31:*.tzo=01;31:*.t7z=01;31:*.zip=01;31:*.z=01;31:*.dz=01;31:*.gz=01;31:*.lrz=01;31:*.lz=01;31:*.lzo=01;31:*.xz=01;31:*.zst=01;31:*.tzst=01;31:*.bz2=01;31:*.bz=01;31:*.tbz=01;31:*.tbz2=01;31:*.tz=01;31:*.deb=01;31:*.rpm=01;31:*.jar=01;31:*.war=01;31:*.ear=01;31:*.sar=01;31:*.rar=01;31:*.alz=01;31:*.ace=01;31:*.zoo=01;31:*.cpio=01;31:*.7z=01;31:*.rz=01;31:*.cab=01;31:*.wim=01;31:*.swm=01;31:*.dwm=01;31:*.esd=01;31:*.jpg=01;35:*.jpeg=01;35:*.mjpg=01;35:*.mjpeg=01;35:*.gif=01;35:*.bmp=01;35:*.pbm=01;35:*.pgm=01;35:*.ppm=01;35:*.tga=01;35:*.xbm=01;35:*.xpm=01;35:*.tif=01;35:*.tiff=01;35:*.png=01;35:*.svg=01;35:*.svgz=01;35:*.mng=01;35:*.pcx=01;35:*.mov=01;35:*.mpg=01;35:*.mpeg=01;35:*.m2v=01;35:*.mkv=01;35:*.webm=01;35:*.webp=01;35:*.ogm=01;35:*.mp4=01;35:*.m4v=01;35:*.mp4v=01;35:*.vob=01;35:*.qt=01;35:*.nuv=01;35:*.wmv=01;35:*.asf=01;35:*.rm=01;35:*.rmvb=01;35:*.flc=01;35:*.avi=01;35:*.fli=01;35:*.flv=01;35:*.gl=01;35:*.dl=01;35:*.xcf=01;35:*.xwd=01;35:*.yuv=01;35:*.cgm=01;35:*.emf=01;35:*.ogv=01;35:*.ogx=01;35:*.aac=00;36:*.au=00;36:*.flac=00;36:*.m4a=00;36:*.mid=00;36:*.midi=00;36:*.mka=00;36:*.mp3=00;36:*.mpc=00;36:*.ogg=00;36:*.ra=00;36:*.wav=00;36:*.oga=00;36:*.opus=00;36:*.spx=00;36:*.xspf=00;36:'), ('JETSON_SOC', 'tegra234'), ('VSCODE_GIT_IPC_HANDLE', '/run/user/1000/vscode-git-831b0def1b.sock'), ('TERM_PROGRAM', 'vscode'), ('AMENT_PREFIX_PATH', '/opt/ros/humble'), ('SHELL', '/bin/bash'), ('LESSCLOSE', '/usr/bin/lesspipe %s %s'), ('VSCODE_GIT_ASKPASS_EXTRA_ARGS', ''), ('JETSON_CUDA_ARCH_BIN', '8.7'), ('PWD', '/home/booster/Workspace/Booster_T1_3v3_Demo/build/booster_interface'), ('SSH_CONNECTION', '192.168.10.10 52770 192.168.10.102 22'), ('XDG_DATA_DIRS', '/usr/share/gnome:/usr/local/share:/usr/share:/var/lib/snapd/desktop'), ('PYTHONPATH', '/opt/ros/humble/lib/python3.10/site-packages:/opt/ros/humble/local/lib/python3.10/dist-packages'), ('COLCON', '1'), ('JETSON_JETPACK', '6.2'), ('JETSON_P_NUMBER', 'p3701-0004'), ('CMAKE_PREFIX_PATH', '/opt/ros/humble')]), 'shell': False}
[3.645653] (game_controller_interface) StdoutLine: {'line': b'-- Up-to-date symlink: /home/booster/Workspace/Booster_T1_3v3_Demo/install/game_controller_interface/share/ament_index/resource_index/packages/game_controller_interface\n'}
[3.646580] (game_controller_interface) StdoutLine: {'line': b'-- Up-to-date symlink: /home/booster/Workspace/Booster_T1_3v3_Demo/install/game_controller_interface/share/game_controller_interface/cmake/rosidl_cmake-extras.cmake\n'}
[3.647213] (game_controller_interface) StdoutLine: {'line': b'-- Up-to-date symlink: /home/booster/Workspace/Booster_T1_3v3_Demo/install/game_controller_interface/share/game_controller_interface/cmake/ament_cmake_export_include_directories-extras.cmake\n'}
[3.647473] (game_controller_interface) StdoutLine: {'line': b'-- Up-to-date symlink: /home/booster/Workspace/Booster_T1_3v3_Demo/install/game_controller_interface/share/game_controller_interface/cmake/ament_cmake_export_libraries-extras.cmake\n'}
[3.647717] (game_controller_interface) StdoutLine: {'line': b'-- Up-to-date symlink: /home/booster/Workspace/Booster_T1_3v3_Demo/install/game_controller_interface/share/game_controller_interface/cmake/ament_cmake_export_targets-extras.cmake\n'}
[3.648626] (game_controller_interface) StdoutLine: {'line': b'-- Up-to-date symlink: /home/booster/Workspace/Booster_T1_3v3_Demo/install/game_controller_interface/share/game_controller_interface/cmake/rosidl_cmake_export_typesupport_targets-extras.cmake\n'}
[3.648783] (game_controller_interface) StdoutLine: {'line': b'-- Up-to-date symlink: /home/booster/Workspace/Booster_T1_3v3_Demo/install/game_controller_interface/share/game_controller_interface/cmake/ament_cmake_export_dependencies-extras.cmake\n'}
[3.650446] (game_controller_interface) StdoutLine: {'line': b'-- Up-to-date symlink: /home/booster/Workspace/Booster_T1_3v3_Demo/install/game_controller_interface/share/game_controller_interface/cmake/rosidl_cmake_export_typesupport_libraries-extras.cmake\n'}
[3.655765] (game_controller_interface) StdoutLine: {'line': b'-- Up-to-date symlink: /home/booster/Workspace/Booster_T1_3v3_Demo/install/game_controller_interface/share/game_controller_interface/cmake/game_controller_interfaceConfig.cmake\n'}
[3.665819] (game_controller_interface) StdoutLine: {'line': b'-- Up-to-date symlink: /home/booster/Workspace/Booster_T1_3v3_Demo/install/game_controller_interface/share/game_controller_interface/cmake/game_controller_interfaceConfig-version.cmake\n'}
[3.666762] (game_controller_interface) StdoutLine: {'line': b'-- Up-to-date symlink: /home/booster/Workspace/Booster_T1_3v3_Demo/install/game_controller_interface/share/game_controller_interface/package.xml\n'}
[3.667312] (game_controller_interface) StdoutLine: {'line': b'-- Up-to-date: /home/booster/Workspace/Booster_T1_3v3_Demo/install/game_controller_interface/lib/libgame_controller_interface__rosidl_generator_c.so\n'}
[3.667870] (game_controller_interface) StdoutLine: {'line': b'-- Up-to-date: /home/booster/Workspace/Booster_T1_3v3_Demo/install/game_controller_interface/lib/libgame_controller_interface__rosidl_typesupport_fastrtps_c.so\n'}
[3.668434] (game_controller_interface) StdoutLine: {'line': b'-- Up-to-date: /home/booster/Workspace/Booster_T1_3v3_Demo/install/game_controller_interface/lib/libgame_controller_interface__rosidl_typesupport_fastrtps_cpp.so\n'}
[3.668896] (game_controller_interface) StdoutLine: {'line': b'-- Up-to-date: /home/booster/Workspace/Booster_T1_3v3_Demo/install/game_controller_interface/lib/libgame_controller_interface__rosidl_typesupport_introspection_c.so\n'}
[3.669057] (game_controller_interface) StdoutLine: {'line': b'-- Up-to-date: /home/booster/Workspace/Booster_T1_3v3_Demo/install/game_controller_interface/lib/libgame_controller_interface__rosidl_typesupport_c.so\n'}
[3.669174] (vision_interface) StdoutLine: {'line': b'-- Up-to-date symlink: /home/booster/Workspace/Booster_T1_3v3_Demo/install/vision_interface/local/lib/python3.10/dist-packages/vision_interface/vision_interface_s__rosidl_typesupport_introspection_c.cpython-310-aarch64-linux-gnu.so\n'}
[3.669312] (vision_interface) StdoutLine: {'line': b'-- Up-to-date symlink: /home/booster/Workspace/Booster_T1_3v3_Demo/install/vision_interface/local/lib/python3.10/dist-packages/vision_interface/vision_interface_s__rosidl_typesupport_c.cpython-310-aarch64-linux-gnu.so\n'}
[3.669414] (vision_interface) StdoutLine: {'line': b'-- Up-to-date symlink: /home/booster/Workspace/Booster_T1_3v3_Demo/install/vision_interface/share/vision_interface/msg/DetectedObject.idl\n'}
[3.669545] (vision_interface) StdoutLine: {'line': b'-- Up-to-date symlink: /home/booster/Workspace/Booster_T1_3v3_Demo/install/vision_interface/share/vision_interface/msg/Detections.idl\n'}
[3.673071] (vision_interface) StdoutLine: {'line': b'-- Up-to-date symlink: /home/booster/Workspace/Booster_T1_3v3_Demo/install/vision_interface/share/vision_interface/msg/LineSegments.idl\n'}
[3.673400] (vision_interface) StdoutLine: {'line': b'-- Up-to-date symlink: /home/booster/Workspace/Booster_T1_3v3_Demo/install/vision_interface/share/vision_interface/msg/CalParam.idl\n'}
[3.673543] (vision_interface) StdoutLine: {'line': b'-- Up-to-date symlink: /home/booster/Workspace/Booster_T1_3v3_Demo/install/vision_interface/share/vision_interface/msg/DetectionsTrack.idl\n'}
[3.675713] (vision_interface) StdoutLine: {'line': b'-- Up-to-date symlink: /home/booster/Workspace/Booster_T1_3v3_Demo/install/vision_interface/share/vision_interface/msg/SegmentationPoint.idl\n'}
[3.676023] (vision_interface) StdoutLine: {'line': b'-- Up-to-date symlink: /home/booster/Workspace/Booster_T1_3v3_Demo/install/vision_interface/share/vision_interface/msg/SegmentationLine.idl\n'}
[3.676169] (vision_interface) StdoutLine: {'line': b'-- Up-to-date symlink: /home/booster/Workspace/Booster_T1_3v3_Demo/install/vision_interface/share/vision_interface/msg/SegmentationResult.idl\n'}
[3.678171] (vision_interface) StdoutLine: {'line': b'-- Up-to-date symlink: /home/booster/Workspace/Booster_T1_3v3_Demo/install/vision_interface/share/vision_interface/msg/ImageHeadPosition.idl\n'}
[3.678978] (vision_interface) StdoutLine: {'line': b'-- Up-to-date symlink: /home/booster/Workspace/Booster_T1_3v3_Demo/install/vision_interface/share/vision_interface/msg/Ball.idl\n'}
[3.679477] (vision_interface) StdoutLine: {'line': b'-- Up-to-date symlink: /home/booster/Workspace/Booster_T1_3v3_Demo/install/vision_interface/share/vision_interface/msg/DetectedObject.msg\n'}
[3.680747] (vision_interface) StdoutLine: {'line': b'-- Up-to-date symlink: /home/booster/Workspace/Booster_T1_3v3_Demo/install/vision_interface/share/vision_interface/msg/Detections.msg\n'}
[3.681349] (vision_interface) StdoutLine: {'line': b'-- Up-to-date symlink: /home/booster/Workspace/Booster_T1_3v3_Demo/install/vision_interface/share/vision_interface/msg/LineSegments.msg\n'}
[3.683559] (vision_interface) StdoutLine: {'line': b'-- Up-to-date symlink: /home/booster/Workspace/Booster_T1_3v3_Demo/install/vision_interface/share/vision_interface/msg/CalParam.msg\n'}
[3.684580] (game_controller_interface) StdoutLine: {'line': b'-- Up-to-date: /home/booster/Workspace/Booster_T1_3v3_Demo/install/game_controller_interface/lib/libgame_controller_interface__rosidl_typesupport_introspection_cpp.so\n'}
[3.684775] (vision_interface) StdoutLine: {'line': b'-- Up-to-date symlink: /home/booster/Workspace/Booster_T1_3v3_Demo/install/vision_interface/share/vision_interface/msg/DetectionsTrack.msg\n'}
[3.684901] (vision_interface) StdoutLine: {'line': b'-- Up-to-date symlink: /home/booster/Workspace/Booster_T1_3v3_Demo/install/vision_interface/share/vision_interface/msg/SegmentationPoint.msg\n'}
[3.685008] (vision_interface) StdoutLine: {'line': b'-- Up-to-date symlink: /home/booster/Workspace/Booster_T1_3v3_Demo/install/vision_interface/share/vision_interface/msg/SegmentationLine.msg\n'}
[3.685109] (game_controller_interface) StdoutLine: {'line': b'-- Up-to-date: /home/booster/Workspace/Booster_T1_3v3_Demo/install/game_controller_interface/lib/libgame_controller_interface__rosidl_typesupport_cpp.so\n'}
[3.685220] (vision_interface) StdoutLine: {'line': b'-- Up-to-date symlink: /home/booster/Workspace/Booster_T1_3v3_Demo/install/vision_interface/share/vision_interface/msg/SegmentationResult.msg\n'}
[3.685322] (vision_interface) StdoutLine: {'line': b'-- Up-to-date symlink: /home/booster/Workspace/Booster_T1_3v3_Demo/install/vision_interface/share/vision_interface/msg/ImageHeadPosition.msg\n'}
[3.687525] (vision_interface) StdoutLine: {'line': b'-- Up-to-date symlink: /home/booster/Workspace/Booster_T1_3v3_Demo/install/vision_interface/share/vision_interface/msg/Ball.msg\n'}
[3.689325] (vision_interface) StdoutLine: {'line': b'-- Up-to-date symlink: /home/booster/Workspace/Booster_T1_3v3_Demo/install/vision_interface/share/ament_index/resource_index/package_run_dependencies/vision_interface\n'}
[3.691162] (vision_interface) StdoutLine: {'line': b'-- Up-to-date symlink: /home/booster/Workspace/Booster_T1_3v3_Demo/install/vision_interface/share/ament_index/resource_index/parent_prefix_path/vision_interface\n'}
[3.691334] (vision_interface) StdoutLine: {'line': b'-- Up-to-date symlink: /home/booster/Workspace/Booster_T1_3v3_Demo/install/vision_interface/share/vision_interface/environment/ament_prefix_path.sh\n'}
[3.691558] (vision_interface) StdoutLine: {'line': b'-- Up-to-date symlink: /home/booster/Workspace/Booster_T1_3v3_Demo/install/vision_interface/share/vision_interface/environment/ament_prefix_path.dsv\n'}
[3.692343] (vision_interface) StdoutLine: {'line': b'-- Up-to-date symlink: /home/booster/Workspace/Booster_T1_3v3_Demo/install/vision_interface/share/vision_interface/environment/path.sh\n'}
[3.692519] (vision_interface) StdoutLine: {'line': b'-- Up-to-date symlink: /home/booster/Workspace/Booster_T1_3v3_Demo/install/vision_interface/share/vision_interface/environment/path.dsv\n'}
[3.692635] (vision_interface) StdoutLine: {'line': b'-- Up-to-date symlink: /home/booster/Workspace/Booster_T1_3v3_Demo/install/vision_interface/share/vision_interface/local_setup.bash\n'}
[3.692741] (vision_interface) StdoutLine: {'line': b'-- Up-to-date symlink: /home/booster/Workspace/Booster_T1_3v3_Demo/install/vision_interface/share/vision_interface/local_setup.sh\n'}
[3.692839] (vision_interface) StdoutLine: {'line': b'-- Up-to-date symlink: /home/booster/Workspace/Booster_T1_3v3_Demo/install/vision_interface/share/vision_interface/local_setup.zsh\n'}
[3.692936] (vision_interface) StdoutLine: {'line': b'-- Up-to-date symlink: /home/booster/Workspace/Booster_T1_3v3_Demo/install/vision_interface/share/vision_interface/local_setup.dsv\n'}
[3.693337] (vision_interface) StdoutLine: {'line': b'-- Symlinking: /home/booster/Workspace/Booster_T1_3v3_Demo/install/vision_interface/share/vision_interface/package.dsv\n'}
[3.695759] (booster_interface) StdoutLine: {'line': b'-- Install configuration: ""\n'}
[3.701843] (booster_interface) StdoutLine: {'line': b'-- Execute custom install script\n'}
[3.702761] (booster_interface) StdoutLine: {'line': b'-- Up-to-date symlink: /home/booster/Workspace/Booster_T1_3v3_Demo/install/booster_interface/share/ament_index/resource_index/rosidl_interfaces/booster_interface\n'}
[3.702930] (sound_play) StdoutLine: {'line': b'running develop\n'}
[3.704846] (booster_interface) StdoutLine: {'line': b'-- Up-to-date symlink: /home/booster/Workspace/Booster_T1_3v3_Demo/install/booster_interface/include/booster_interface/booster_interface/msg/booster_api_req_msg.h\n'}
[3.705096] (booster_interface) StdoutLine: {'line': b'-- Up-to-date symlink: /home/booster/Workspace/Booster_T1_3v3_Demo/install/booster_interface/include/booster_interface/booster_interface/msg/booster_api_resp_msg.h\n'}
[3.705237] (booster_interface) StdoutLine: {'line': b'-- Up-to-date symlink: /home/booster/Workspace/Booster_T1_3v3_Demo/install/booster_interface/include/booster_interface/booster_interface/msg/button_event_msg.h\n'}
[3.705352] (booster_interface) StdoutLine: {'line': b'-- Up-to-date symlink: /home/booster/Workspace/Booster_T1_3v3_Demo/install/booster_interface/include/booster_interface/booster_interface/msg/detail/booster_api_req_msg__functions.h\n'}
[3.705564] (booster_interface) StdoutLine: {'line': b'-- Up-to-date symlink: /home/booster/Workspace/Booster_T1_3v3_Demo/install/booster_interface/include/booster_interface/booster_interface/msg/detail/booster_api_req_msg__struct.h\n'}
[3.705776] (booster_interface) StdoutLine: {'line': b'-- Up-to-date symlink: /home/booster/Workspace/Booster_T1_3v3_Demo/install/booster_interface/include/booster_interface/booster_interface/msg/detail/booster_api_req_msg__type_support.h\n'}
[3.707531] (booster_interface) StdoutLine: {'line': b'-- Up-to-date symlink: /home/booster/Workspace/Booster_T1_3v3_Demo/install/booster_interface/include/booster_interface/booster_interface/msg/detail/booster_api_resp_msg__functions.h\n'}
[3.710545] (booster_interface) StdoutLine: {'line': b'-- Up-to-date symlink: /home/booster/Workspace/Booster_T1_3v3_Demo/install/booster_interface/include/booster_interface/booster_interface/msg/detail/booster_api_resp_msg__struct.h\n'}
[3.710910] (booster_interface) StdoutLine: {'line': b'-- Up-to-date symlink: /home/booster/Workspace/Booster_T1_3v3_Demo/install/booster_interface/include/booster_interface/booster_interface/msg/detail/booster_api_resp_msg__type_support.h\n'}
[3.713218] (booster_interface) StdoutLine: {'line': b'-- Up-to-date symlink: /home/booster/Workspace/Booster_T1_3v3_Demo/install/booster_interface/include/booster_interface/booster_interface/msg/detail/button_event_msg__functions.h\n'}
[3.713444] (booster_interface) StdoutLine: {'line': b'-- Up-to-date symlink: /home/booster/Workspace/Booster_T1_3v3_Demo/install/booster_interface/include/booster_interface/booster_interface/msg/detail/button_event_msg__struct.h\n'}
[3.714704] (booster_interface) StdoutLine: {'line': b'-- Up-to-date symlink: /home/booster/Workspace/Booster_T1_3v3_Demo/install/booster_interface/include/booster_interface/booster_interface/msg/detail/button_event_msg__type_support.h\n'}
[3.714865] (booster_interface) StdoutLine: {'line': b'-- Up-to-date symlink: /home/booster/Workspace/Booster_T1_3v3_Demo/install/booster_interface/include/booster_interface/booster_interface/msg/detail/fall_down_state__functions.h\n'}
[3.714983] (booster_interface) StdoutLine: {'line': b'-- Up-to-date symlink: /home/booster/Workspace/Booster_T1_3v3_Demo/install/booster_interface/include/booster_interface/booster_interface/msg/detail/fall_down_state__struct.h\n'}
[3.715088] (booster_interface) StdoutLine: {'line': b'-- Up-to-date symlink: /home/booster/Workspace/Booster_T1_3v3_Demo/install/booster_interface/include/booster_interface/booster_interface/msg/detail/fall_down_state__type_support.h\n'}
[3.715234] (booster_interface) StdoutLine: {'line': b'-- Up-to-date symlink: /home/booster/Workspace/Booster_T1_3v3_Demo/install/booster_interface/include/booster_interface/booster_interface/msg/detail/hand_command__functions.h\n'}
[3.715345] (booster_interface) StdoutLine: {'line': b'-- Up-to-date symlink: /home/booster/Workspace/Booster_T1_3v3_Demo/install/booster_interface/include/booster_interface/booster_interface/msg/detail/hand_command__struct.h\n'}
[3.719193] (booster_interface) StdoutLine: {'line': b'-- Up-to-date symlink: /home/booster/Workspace/Booster_T1_3v3_Demo/install/booster_interface/include/booster_interface/booster_interface/msg/detail/hand_command__type_support.h\n'}
[3.721169] (booster_interface) StdoutLine: {'line': b'-- Up-to-date symlink: /home/booster/Workspace/Booster_T1_3v3_Demo/install/booster_interface/include/booster_interface/booster_interface/msg/detail/hand_dds_msg__functions.h\n'}
[3.722137] (booster_interface) StdoutLine: {'line': b'-- Up-to-date symlink: /home/booster/Workspace/Booster_T1_3v3_Demo/install/booster_interface/include/booster_interface/booster_interface/msg/detail/hand_dds_msg__struct.h\n'}
[3.723524] (booster_interface) StdoutLine: {'line': b'-- Up-to-date symlink: /home/booster/Workspace/Booster_T1_3v3_Demo/install/booster_interface/include/booster_interface/booster_interface/msg/detail/hand_dds_msg__type_support.h\n'}
[3.723786] (booster_interface) StdoutLine: {'line': b'-- Up-to-date symlink: /home/booster/Workspace/Booster_T1_3v3_Demo/install/booster_interface/include/booster_interface/booster_interface/msg/detail/hand_param__functions.h\n'}
[3.725572] (booster_interface) StdoutLine: {'line': b'-- Up-to-date symlink: /home/booster/Workspace/Booster_T1_3v3_Demo/install/booster_interface/include/booster_interface/booster_interface/msg/detail/hand_param__struct.h\n'}
[3.726039] (booster_interface) StdoutLine: {'line': b'-- Up-to-date symlink: /home/booster/Workspace/Booster_T1_3v3_Demo/install/booster_interface/include/booster_interface/booster_interface/msg/detail/hand_param__type_support.h\n'}
[3.726639] (booster_interface) StdoutLine: {'line': b'-- Up-to-date symlink: /home/booster/Workspace/Booster_T1_3v3_Demo/install/booster_interface/include/booster_interface/booster_interface/msg/detail/imu_state__functions.h\n'}
[3.726831] (booster_interface) StdoutLine: {'line': b'-- Up-to-date symlink: /home/booster/Workspace/Booster_T1_3v3_Demo/install/booster_interface/include/booster_interface/booster_interface/msg/detail/imu_state__struct.h\n'}
[3.727878] (booster_interface) StdoutLine: {'line': b'-- Up-to-date symlink: /home/booster/Workspace/Booster_T1_3v3_Demo/install/booster_interface/include/booster_interface/booster_interface/msg/detail/imu_state__type_support.h\n'}
[3.729095] (booster_interface) StdoutLine: {'line': b'-- Up-to-date symlink: /home/booster/Workspace/Booster_T1_3v3_Demo/install/booster_interface/include/booster_interface/booster_interface/msg/detail/low_cmd__functions.h\n'}
[3.729800] (booster_interface) StdoutLine: {'line': b'-- Up-to-date symlink: /home/booster/Workspace/Booster_T1_3v3_Demo/install/booster_interface/include/booster_interface/booster_interface/msg/detail/low_cmd__struct.h\n'}
[3.730466] (booster_interface) StdoutLine: {'line': b'-- Up-to-date symlink: /home/booster/Workspace/Booster_T1_3v3_Demo/install/booster_interface/include/booster_interface/booster_interface/msg/detail/low_cmd__type_support.h\n'}
[3.731077] (booster_interface) StdoutLine: {'line': b'-- Up-to-date symlink: /home/booster/Workspace/Booster_T1_3v3_Demo/install/booster_interface/include/booster_interface/booster_interface/msg/detail/low_state__functions.h\n'}
[3.731766] (booster_interface) StdoutLine: {'line': b'-- Up-to-date symlink: /home/booster/Workspace/Booster_T1_3v3_Demo/install/booster_interface/include/booster_interface/booster_interface/msg/detail/low_state__struct.h\n'}
[3.733843] (-) TimerEvent: {}
[3.734227] (booster_interface) StdoutLine: {'line': b'-- Up-to-date symlink: /home/booster/Workspace/Booster_T1_3v3_Demo/install/booster_interface/include/booster_interface/booster_interface/msg/detail/low_state__type_support.h\n'}
[3.734710] (booster_interface) StdoutLine: {'line': b'-- Up-to-date symlink: /home/booster/Workspace/Booster_T1_3v3_Demo/install/booster_interface/include/booster_interface/booster_interface/msg/detail/motor_cmd__functions.h\n'}
[3.734855] (booster_interface) StdoutLine: {'line': b'-- Up-to-date symlink: /home/booster/Workspace/Booster_T1_3v3_Demo/install/booster_interface/include/booster_interface/booster_interface/msg/detail/motor_cmd__struct.h\n'}
[3.734967] (booster_interface) StdoutLine: {'line': b'-- Up-to-date symlink: /home/booster/Workspace/Booster_T1_3v3_Demo/install/booster_interface/include/booster_interface/booster_interface/msg/detail/motor_cmd__type_support.h\n'}
[3.735068] (booster_interface) StdoutLine: {'line': b'-- Up-to-date symlink: /home/booster/Workspace/Booster_T1_3v3_Demo/install/booster_interface/include/booster_interface/booster_interface/msg/detail/motor_state__functions.h\n'}
[3.735164] (booster_interface) StdoutLine: {'line': b'-- Up-to-date symlink: /home/booster/Workspace/Booster_T1_3v3_Demo/install/booster_interface/include/booster_interface/booster_interface/msg/detail/motor_state__struct.h\n'}
[3.735259] (booster_interface) StdoutLine: {'line': b'-- Up-to-date symlink: /home/booster/Workspace/Booster_T1_3v3_Demo/install/booster_interface/include/booster_interface/booster_interface/msg/detail/motor_state__type_support.h\n'}
[3.735388] (booster_interface) StdoutLine: {'line': b'-- Up-to-date symlink: /home/booster/Workspace/Booster_T1_3v3_Demo/install/booster_interface/include/booster_interface/booster_interface/msg/detail/odometer__functions.h\n'}
[3.742081] (booster_interface) StdoutLine: {'line': b'-- Up-to-date symlink: /home/booster/Workspace/Booster_T1_3v3_Demo/install/booster_interface/include/booster_interface/booster_interface/msg/detail/odometer__struct.h\n'}
[3.742849] (booster_interface) StdoutLine: {'line': b'-- Up-to-date symlink: /home/booster/Workspace/Booster_T1_3v3_Demo/install/booster_interface/include/booster_interface/booster_interface/msg/detail/odometer__type_support.h\n'}
[3.743052] (booster_interface) StdoutLine: {'line': b'-- Up-to-date symlink: /home/booster/Workspace/Booster_T1_3v3_Demo/install/booster_interface/include/booster_interface/booster_interface/msg/detail/raw_bytes_msg__functions.h\n'}
[3.743238] (booster_interface) StdoutLine: {'line': b'-- Up-to-date symlink: /home/booster/Workspace/Booster_T1_3v3_Demo/install/booster_interface/include/booster_interface/booster_interface/msg/detail/raw_bytes_msg__struct.h\n'}
[3.743514] (booster_interface) StdoutLine: {'line': b'-- Up-to-date symlink: /home/booster/Workspace/Booster_T1_3v3_Demo/install/booster_interface/include/booster_interface/booster_interface/msg/detail/raw_bytes_msg__type_support.h\n'}
[3.743665] (booster_interface) StdoutLine: {'line': b'-- Up-to-date symlink: /home/booster/Workspace/Booster_T1_3v3_Demo/install/booster_interface/include/booster_interface/booster_interface/msg/detail/raw_bytes_stamped__functions.h\n'}
[3.743937] (booster_interface) StdoutLine: {'line': b'-- Up-to-date symlink: /home/booster/Workspace/Booster_T1_3v3_Demo/install/booster_interface/include/booster_interface/booster_interface/msg/detail/raw_bytes_stamped__struct.h\n'}
[3.744066] (booster_interface) StdoutLine: {'line': b'-- Up-to-date symlink: /home/booster/Workspace/Booster_T1_3v3_Demo/install/booster_interface/include/booster_interface/booster_interface/msg/detail/raw_bytes_stamped__type_support.h\n'}
[3.744183] (booster_interface) StdoutLine: {'line': b'-- Up-to-date symlink: /home/booster/Workspace/Booster_T1_3v3_Demo/install/booster_interface/include/booster_interface/booster_interface/msg/detail/remote_controller_state__functions.h\n'}
[3.744283] (booster_interface) StdoutLine: {'line': b'-- Up-to-date symlink: /home/booster/Workspace/Booster_T1_3v3_Demo/install/booster_interface/include/booster_interface/booster_interface/msg/detail/remote_controller_state__struct.h\n'}
[3.744376] (booster_interface) StdoutLine: {'line': b'-- Up-to-date symlink: /home/booster/Workspace/Booster_T1_3v3_Demo/install/booster_interface/include/booster_interface/booster_interface/msg/detail/remote_controller_state__type_support.h\n'}
[3.744470] (booster_interface) StdoutLine: {'line': b'-- Up-to-date symlink: /home/booster/Workspace/Booster_T1_3v3_Demo/install/booster_interface/include/booster_interface/booster_interface/msg/fall_down_state.h\n'}
[3.744565] (booster_interface) StdoutLine: {'line': b'-- Up-to-date symlink: /home/booster/Workspace/Booster_T1_3v3_Demo/install/booster_interface/include/booster_interface/booster_interface/msg/hand_command.h\n'}
[3.744657] (booster_interface) StdoutLine: {'line': b'-- Up-to-date symlink: /home/booster/Workspace/Booster_T1_3v3_Demo/install/booster_interface/include/booster_interface/booster_interface/msg/hand_dds_msg.h\n'}
[3.744773] (booster_interface) StdoutLine: {'line': b'-- Up-to-date symlink: /home/booster/Workspace/Booster_T1_3v3_Demo/install/booster_interface/include/booster_interface/booster_interface/msg/hand_param.h\n'}
[3.744872] (booster_interface) StdoutLine: {'line': b'-- Up-to-date symlink: /home/booster/Workspace/Booster_T1_3v3_Demo/install/booster_interface/include/booster_interface/booster_interface/msg/imu_state.h\n'}
[3.744968] (booster_interface) StdoutLine: {'line': b'-- Up-to-date symlink: /home/booster/Workspace/Booster_T1_3v3_Demo/install/booster_interface/include/booster_interface/booster_interface/msg/low_cmd.h\n'}
[3.745057] (booster_interface) StdoutLine: {'line': b'-- Up-to-date symlink: /home/booster/Workspace/Booster_T1_3v3_Demo/install/booster_interface/include/booster_interface/booster_interface/msg/low_state.h\n'}
[3.745144] (booster_interface) StdoutLine: {'line': b'-- Up-to-date symlink: /home/booster/Workspace/Booster_T1_3v3_Demo/install/booster_interface/include/booster_interface/booster_interface/msg/motor_cmd.h\n'}
[3.745231] (booster_interface) StdoutLine: {'line': b'-- Up-to-date symlink: /home/booster/Workspace/Booster_T1_3v3_Demo/install/booster_interface/include/booster_interface/booster_interface/msg/motor_state.h\n'}
[3.745317] (booster_interface) StdoutLine: {'line': b'-- Up-to-date symlink: /home/booster/Workspace/Booster_T1_3v3_Demo/install/booster_interface/include/booster_interface/booster_interface/msg/odometer.h\n'}
[3.745425] (booster_interface) StdoutLine: {'line': b'-- Up-to-date symlink: /home/booster/Workspace/Booster_T1_3v3_Demo/install/booster_interface/include/booster_interface/booster_interface/msg/raw_bytes_msg.h\n'}
[3.745516] (booster_interface) StdoutLine: {'line': b'-- Up-to-date symlink: /home/booster/Workspace/Booster_T1_3v3_Demo/install/booster_interface/include/booster_interface/booster_interface/msg/raw_bytes_stamped.h\n'}
[3.745634] (booster_interface) StdoutLine: {'line': b'-- Up-to-date symlink: /home/booster/Workspace/Booster_T1_3v3_Demo/install/booster_interface/include/booster_interface/booster_interface/msg/remote_controller_state.h\n'}
[3.745733] (booster_interface) StdoutLine: {'line': b'-- Up-to-date symlink: /home/booster/Workspace/Booster_T1_3v3_Demo/install/booster_interface/include/booster_interface/booster_interface/msg/rosidl_generator_c__visibility_control.h\n'}
[3.745824] (booster_interface) StdoutLine: {'line': b'-- Up-to-date symlink: /home/booster/Workspace/Booster_T1_3v3_Demo/install/booster_interface/include/booster_interface/booster_interface/srv/agent_service.h\n'}
[3.745914] (booster_interface) StdoutLine: {'line': b'-- Up-to-date symlink: /home/booster/Workspace/Booster_T1_3v3_Demo/install/booster_interface/include/booster_interface/booster_interface/srv/detail/agent_service__functions.h\n'}
[3.746003] (booster_interface) StdoutLine: {'line': b'-- Up-to-date symlink: /home/booster/Workspace/Booster_T1_3v3_Demo/install/booster_interface/include/booster_interface/booster_interface/srv/detail/agent_service__struct.h\n'}
[3.746092] (booster_interface) StdoutLine: {'line': b'-- Up-to-date symlink: /home/booster/Workspace/Booster_T1_3v3_Demo/install/booster_interface/include/booster_interface/booster_interface/srv/detail/agent_service__type_support.h\n'}
[3.746181] (booster_interface) StdoutLine: {'line': b'-- Up-to-date symlink: /home/booster/Workspace/Booster_T1_3v3_Demo/install/booster_interface/include/booster_interface/booster_interface/srv/detail/rpc_service__functions.h\n'}
[3.746267] (booster_interface) StdoutLine: {'line': b'-- Up-to-date symlink: /home/booster/Workspace/Booster_T1_3v3_Demo/install/booster_interface/include/booster_interface/booster_interface/srv/detail/rpc_service__struct.h\n'}
[3.746979] (booster_interface) StdoutLine: {'line': b'-- Up-to-date symlink: /home/booster/Workspace/Booster_T1_3v3_Demo/install/booster_interface/include/booster_interface/booster_interface/srv/detail/rpc_service__type_support.h\n'}
[3.747092] (booster_interface) StdoutLine: {'line': b'-- Up-to-date symlink: /home/booster/Workspace/Booster_T1_3v3_Demo/install/booster_interface/include/booster_interface/booster_interface/srv/rpc_service.h\n'}
[3.747192] (booster_interface) StdoutLine: {'line': b'-- Up-to-date symlink: /home/booster/Workspace/Booster_T1_3v3_Demo/install/booster_interface/share/booster_interface/environment/library_path.sh\n'}
[3.747287] (booster_interface) StdoutLine: {'line': b'-- Up-to-date symlink: /home/booster/Workspace/Booster_T1_3v3_Demo/install/booster_interface/share/booster_interface/environment/library_path.dsv\n'}
[3.752801] (booster_interface) StdoutLine: {'line': b'-- Up-to-date symlink: /home/booster/Workspace/Booster_T1_3v3_Demo/install/booster_interface/include/booster_interface/booster_interface/msg/detail/booster_api_req_msg__rosidl_typesupport_fastrtps_c.h\n'}
[3.753584] (vision_interface) StdoutLine: {'line': b'-- Up-to-date symlink: /home/booster/Workspace/Booster_T1_3v3_Demo/install/vision_interface/share/ament_index/resource_index/packages/vision_interface\n'}
[3.753777] (vision_interface) StdoutLine: {'line': b'-- Up-to-date symlink: /home/booster/Workspace/Booster_T1_3v3_Demo/install/vision_interface/share/vision_interface/cmake/rosidl_cmake-extras.cmake\n'}
[3.755628] (vision_interface) StdoutLine: {'line': b'-- Up-to-date symlink: /home/booster/Workspace/Booster_T1_3v3_Demo/install/vision_interface/share/vision_interface/cmake/ament_cmake_export_dependencies-extras.cmake\n'}
[3.756703] (vision_interface) StdoutLine: {'line': b'-- Up-to-date symlink: /home/booster/Workspace/Booster_T1_3v3_Demo/install/vision_interface/share/vision_interface/cmake/ament_cmake_export_include_directories-extras.cmake\n'}
[3.757883] (booster_interface) StdoutLine: {'line': b'-- Up-to-date symlink: /home/booster/Workspace/Booster_T1_3v3_Demo/install/booster_interface/include/booster_interface/booster_interface/msg/detail/booster_api_resp_msg__rosidl_typesupport_fastrtps_c.h\n'}
[3.759274] (booster_interface) StdoutLine: {'line': b'-- Up-to-date symlink: /home/booster/Workspace/Booster_T1_3v3_Demo/install/booster_interface/include/booster_interface/booster_interface/msg/detail/button_event_msg__rosidl_typesupport_fastrtps_c.h\n'}
[3.759621] (booster_interface) StdoutLine: {'line': b'-- Up-to-date symlink: /home/booster/Workspace/Booster_T1_3v3_Demo/install/booster_interface/include/booster_interface/booster_interface/msg/detail/fall_down_state__rosidl_typesupport_fastrtps_c.h\n'}
[3.759764] (booster_interface) StdoutLine: {'line': b'-- Up-to-date symlink: /home/booster/Workspace/Booster_T1_3v3_Demo/install/booster_interface/include/booster_interface/booster_interface/msg/detail/hand_command__rosidl_typesupport_fastrtps_c.h\n'}
[3.761576] (booster_interface) StdoutLine: {'line': b'-- Up-to-date symlink: /home/booster/Workspace/Booster_T1_3v3_Demo/install/booster_interface/include/booster_interface/booster_interface/msg/detail/hand_dds_msg__rosidl_typesupport_fastrtps_c.h\n'}
[3.761758] (booster_interface) StdoutLine: {'line': b'-- Up-to-date symlink: /home/booster/Workspace/Booster_T1_3v3_Demo/install/booster_interface/include/booster_interface/booster_interface/msg/detail/hand_param__rosidl_typesupport_fastrtps_c.h\n'}
[3.761984] (booster_interface) StdoutLine: {'line': b'-- Up-to-date symlink: /home/booster/Workspace/Booster_T1_3v3_Demo/install/booster_interface/include/booster_interface/booster_interface/msg/detail/imu_state__rosidl_typesupport_fastrtps_c.h\n'}
[3.762753] (booster_interface) StdoutLine: {'line': b'-- Up-to-date symlink: /home/booster/Workspace/Booster_T1_3v3_Demo/install/booster_interface/include/booster_interface/booster_interface/msg/detail/low_cmd__rosidl_typesupport_fastrtps_c.h\n'}
[3.763097] (booster_interface) StdoutLine: {'line': b'-- Up-to-date symlink: /home/booster/Workspace/Booster_T1_3v3_Demo/install/booster_interface/include/booster_interface/booster_interface/msg/detail/low_state__rosidl_typesupport_fastrtps_c.h\n'}
[3.763245] (booster_interface) StdoutLine: {'line': b'-- Up-to-date symlink: /home/booster/Workspace/Booster_T1_3v3_Demo/install/booster_interface/include/booster_interface/booster_interface/msg/detail/motor_cmd__rosidl_typesupport_fastrtps_c.h\n'}
[3.764698] (booster_interface) StdoutLine: {'line': b'-- Up-to-date symlink: /home/booster/Workspace/Booster_T1_3v3_Demo/install/booster_interface/include/booster_interface/booster_interface/msg/detail/motor_state__rosidl_typesupport_fastrtps_c.h\n'}
[3.764901] (booster_interface) StdoutLine: {'line': b'-- Up-to-date symlink: /home/booster/Workspace/Booster_T1_3v3_Demo/install/booster_interface/include/booster_interface/booster_interface/msg/detail/odometer__rosidl_typesupport_fastrtps_c.h\n'}
[3.765022] (booster_interface) StdoutLine: {'line': b'-- Up-to-date symlink: /home/booster/Workspace/Booster_T1_3v3_Demo/install/booster_interface/include/booster_interface/booster_interface/msg/detail/raw_bytes_msg__rosidl_typesupport_fastrtps_c.h\n'}
[3.765124] (booster_interface) StdoutLine: {'line': b'-- Up-to-date symlink: /home/booster/Workspace/Booster_T1_3v3_Demo/install/booster_interface/include/booster_interface/booster_interface/msg/detail/raw_bytes_stamped__rosidl_typesupport_fastrtps_c.h\n'}
[3.765225] (vision_interface) StdoutLine: {'line': b'-- Up-to-date symlink: /home/booster/Workspace/Booster_T1_3v3_Demo/install/vision_interface/share/vision_interface/cmake/ament_cmake_export_libraries-extras.cmake\n'}
[3.770734] (vision_interface) StdoutLine: {'line': b'-- Up-to-date symlink: /home/booster/Workspace/Booster_T1_3v3_Demo/install/vision_interface/share/vision_interface/cmake/ament_cmake_export_targets-extras.cmake\n'}
[3.771142] (vision_interface) StdoutLine: {'line': b'-- Up-to-date symlink: /home/booster/Workspace/Booster_T1_3v3_Demo/install/vision_interface/share/vision_interface/cmake/rosidl_cmake_export_typesupport_targets-extras.cmake\n'}
[3.771333] (vision_interface) StdoutLine: {'line': b'-- Up-to-date symlink: /home/booster/Workspace/Booster_T1_3v3_Demo/install/vision_interface/share/vision_interface/cmake/rosidl_cmake_export_typesupport_libraries-extras.cmake\n'}
[3.771464] (booster_interface) StdoutLine: {'line': b'-- Up-to-date symlink: /home/booster/Workspace/Booster_T1_3v3_Demo/install/booster_interface/include/booster_interface/booster_interface/msg/detail/remote_controller_state__rosidl_typesupport_fastrtps_c.h\n'}
[3.771602] (booster_interface) StdoutLine: {'line': b'-- Up-to-date symlink: /home/booster/Workspace/Booster_T1_3v3_Demo/install/booster_interface/include/booster_interface/booster_interface/msg/rosidl_typesupport_fastrtps_c__visibility_control.h\n'}
[3.774180] (booster_interface) StdoutLine: {'line': b'-- Up-to-date symlink: /home/booster/Workspace/Booster_T1_3v3_Demo/install/booster_interface/include/booster_interface/booster_interface/srv/detail/agent_service__rosidl_typesupport_fastrtps_c.h\n'}
[3.775270] (booster_interface) StdoutLine: {'line': b'-- Up-to-date symlink: /home/booster/Workspace/Booster_T1_3v3_Demo/install/booster_interface/include/booster_interface/booster_interface/srv/detail/rpc_service__rosidl_typesupport_fastrtps_c.h\n'}
[3.775461] (vision_interface) StdoutLine: {'line': b'-- Up-to-date symlink: /home/booster/Workspace/Booster_T1_3v3_Demo/install/vision_interface/share/vision_interface/cmake/vision_interfaceConfig.cmake\n'}
[3.775638] (vision_interface) StdoutLine: {'line': b'-- Up-to-date symlink: /home/booster/Workspace/Booster_T1_3v3_Demo/install/vision_interface/share/vision_interface/cmake/vision_interfaceConfig-version.cmake\n'}
[3.775763] (vision_interface) StdoutLine: {'line': b'-- Up-to-date symlink: /home/booster/Workspace/Booster_T1_3v3_Demo/install/vision_interface/share/vision_interface/package.xml\n'}
[3.778778] (vision_interface) StdoutLine: {'line': b'-- Up-to-date: /home/booster/Workspace/Booster_T1_3v3_Demo/install/vision_interface/lib/libvision_interface__rosidl_generator_c.so\n'}
[3.779569] (vision_interface) StdoutLine: {'line': b'-- Up-to-date: /home/booster/Workspace/Booster_T1_3v3_Demo/install/vision_interface/lib/libvision_interface__rosidl_typesupport_fastrtps_c.so\n'}
[3.779720] (vision_interface) StdoutLine: {'line': b'-- Up-to-date: /home/booster/Workspace/Booster_T1_3v3_Demo/install/vision_interface/lib/libvision_interface__rosidl_typesupport_fastrtps_cpp.so\n'}
[3.780707] (vision_interface) StdoutLine: {'line': b'-- Up-to-date: /home/booster/Workspace/Booster_T1_3v3_Demo/install/vision_interface/lib/libvision_interface__rosidl_typesupport_introspection_c.so\n'}
[3.780911] (vision_interface) StdoutLine: {'line': b'-- Up-to-date: /home/booster/Workspace/Booster_T1_3v3_Demo/install/vision_interface/lib/libvision_interface__rosidl_typesupport_c.so\n'}
[3.781034] (vision_interface) StdoutLine: {'line': b'-- Up-to-date: /home/booster/Workspace/Booster_T1_3v3_Demo/install/vision_interface/lib/libvision_interface__rosidl_typesupport_introspection_cpp.so\n'}
[3.781140] (vision_interface) StdoutLine: {'line': b'-- Up-to-date: /home/booster/Workspace/Booster_T1_3v3_Demo/install/vision_interface/lib/libvision_interface__rosidl_typesupport_cpp.so\n'}
[3.781244] (booster_interface) StdoutLine: {'line': b'-- Up-to-date symlink: /home/booster/Workspace/Booster_T1_3v3_Demo/install/booster_interface/include/booster_interface/booster_interface/msg/booster_api_req_msg.hpp\n'}
[3.781363] (booster_interface) StdoutLine: {'line': b'-- Up-to-date symlink: /home/booster/Workspace/Booster_T1_3v3_Demo/install/booster_interface/include/booster_interface/booster_interface/msg/booster_api_resp_msg.hpp\n'}
[3.781459] (booster_interface) StdoutLine: {'line': b'-- Up-to-date symlink: /home/booster/Workspace/Booster_T1_3v3_Demo/install/booster_interface/include/booster_interface/booster_interface/msg/button_event_msg.hpp\n'}
[3.784258] (booster_interface) StdoutLine: {'line': b'-- Up-to-date symlink: /home/booster/Workspace/Booster_T1_3v3_Demo/install/booster_interface/include/booster_interface/booster_interface/msg/detail/booster_api_req_msg__builder.hpp\n'}
[3.785003] (booster_interface) StdoutLine: {'line': b'-- Up-to-date symlink: /home/booster/Workspace/Booster_T1_3v3_Demo/install/booster_interface/include/booster_interface/booster_interface/msg/detail/booster_api_req_msg__struct.hpp\n'}
[3.785921] (booster_interface) StdoutLine: {'line': b'-- Up-to-date symlink: /home/booster/Workspace/Booster_T1_3v3_Demo/install/booster_interface/include/booster_interface/booster_interface/msg/detail/booster_api_req_msg__traits.hpp\n'}
[3.786226] (booster_interface) StdoutLine: {'line': b'-- Up-to-date symlink: /home/booster/Workspace/Booster_T1_3v3_Demo/install/booster_interface/include/booster_interface/booster_interface/msg/detail/booster_api_req_msg__type_support.hpp\n'}
[3.786691] (booster_interface) StdoutLine: {'line': b'-- Up-to-date symlink: /home/booster/Workspace/Booster_T1_3v3_Demo/install/booster_interface/include/booster_interface/booster_interface/msg/detail/booster_api_resp_msg__builder.hpp\n'}
[3.786816] (booster_interface) StdoutLine: {'line': b'-- Up-to-date symlink: /home/booster/Workspace/Booster_T1_3v3_Demo/install/booster_interface/include/booster_interface/booster_interface/msg/detail/booster_api_resp_msg__struct.hpp\n'}
[3.786919] (booster_interface) StdoutLine: {'line': b'-- Up-to-date symlink: /home/booster/Workspace/Booster_T1_3v3_Demo/install/booster_interface/include/booster_interface/booster_interface/msg/detail/booster_api_resp_msg__traits.hpp\n'}
[3.787092] (booster_interface) StdoutLine: {'line': b'-- Up-to-date symlink: /home/booster/Workspace/Booster_T1_3v3_Demo/install/booster_interface/include/booster_interface/booster_interface/msg/detail/booster_api_resp_msg__type_support.hpp\n'}
[3.787202] (booster_interface) StdoutLine: {'line': b'-- Up-to-date symlink: /home/booster/Workspace/Booster_T1_3v3_Demo/install/booster_interface/include/booster_interface/booster_interface/msg/detail/button_event_msg__builder.hpp\n'}
[3.787305] (booster_interface) StdoutLine: {'line': b'-- Up-to-date symlink: /home/booster/Workspace/Booster_T1_3v3_Demo/install/booster_interface/include/booster_interface/booster_interface/msg/detail/button_event_msg__struct.hpp\n'}
[3.787401] (booster_interface) StdoutLine: {'line': b'-- Up-to-date symlink: /home/booster/Workspace/Booster_T1_3v3_Demo/install/booster_interface/include/booster_interface/booster_interface/msg/detail/button_event_msg__traits.hpp\n'}
[3.789416] (booster_interface) StdoutLine: {'line': b'-- Up-to-date symlink: /home/booster/Workspace/Booster_T1_3v3_Demo/install/booster_interface/include/booster_interface/booster_interface/msg/detail/button_event_msg__type_support.hpp\n'}
[3.789586] (booster_interface) StdoutLine: {'line': b'-- Up-to-date symlink: /home/booster/Workspace/Booster_T1_3v3_Demo/install/booster_interface/include/booster_interface/booster_interface/msg/detail/fall_down_state__builder.hpp\n'}
[3.789707] (booster_interface) StdoutLine: {'line': b'-- Up-to-date symlink: /home/booster/Workspace/Booster_T1_3v3_Demo/install/booster_interface/include/booster_interface/booster_interface/msg/detail/fall_down_state__struct.hpp\n'}
[3.789813] (booster_interface) StdoutLine: {'line': b'-- Up-to-date symlink: /home/booster/Workspace/Booster_T1_3v3_Demo/install/booster_interface/include/booster_interface/booster_interface/msg/detail/fall_down_state__traits.hpp\n'}
[3.790627] (booster_interface) StdoutLine: {'line': b'-- Up-to-date symlink: /home/booster/Workspace/Booster_T1_3v3_Demo/install/booster_interface/include/booster_interface/booster_interface/msg/detail/fall_down_state__type_support.hpp\n'}
[3.790772] (booster_interface) StdoutLine: {'line': b'-- Up-to-date symlink: /home/booster/Workspace/Booster_T1_3v3_Demo/install/booster_interface/include/booster_interface/booster_interface/msg/detail/hand_command__builder.hpp\n'}
[3.790908] (booster_interface) StdoutLine: {'line': b'-- Up-to-date symlink: /home/booster/Workspace/Booster_T1_3v3_Demo/install/booster_interface/include/booster_interface/booster_interface/msg/detail/hand_command__struct.hpp\n'}
[3.791009] (booster_interface) StdoutLine: {'line': b'-- Up-to-date symlink: /home/booster/Workspace/Booster_T1_3v3_Demo/install/booster_interface/include/booster_interface/booster_interface/msg/detail/hand_command__traits.hpp\n'}
[3.791104] (booster_interface) StdoutLine: {'line': b'-- Up-to-date symlink: /home/booster/Workspace/Booster_T1_3v3_Demo/install/booster_interface/include/booster_interface/booster_interface/msg/detail/hand_command__type_support.hpp\n'}
[3.791198] (booster_interface) StdoutLine: {'line': b'-- Up-to-date symlink: /home/booster/Workspace/Booster_T1_3v3_Demo/install/booster_interface/include/booster_interface/booster_interface/msg/detail/hand_dds_msg__builder.hpp\n'}
[3.792289] (booster_interface) StdoutLine: {'line': b'-- Up-to-date symlink: /home/booster/Workspace/Booster_T1_3v3_Demo/install/booster_interface/include/booster_interface/booster_interface/msg/detail/hand_dds_msg__struct.hpp\n'}
[3.792802] (booster_interface) StdoutLine: {'line': b'-- Up-to-date symlink: /home/booster/Workspace/Booster_T1_3v3_Demo/install/booster_interface/include/booster_interface/booster_interface/msg/detail/hand_dds_msg__traits.hpp\n'}
[3.792941] (booster_interface) StdoutLine: {'line': b'-- Up-to-date symlink: /home/booster/Workspace/Booster_T1_3v3_Demo/install/booster_interface/include/booster_interface/booster_interface/msg/detail/hand_dds_msg__type_support.hpp\n'}
[3.793046] (booster_interface) StdoutLine: {'line': b'-- Up-to-date symlink: /home/booster/Workspace/Booster_T1_3v3_Demo/install/booster_interface/include/booster_interface/booster_interface/msg/detail/hand_param__builder.hpp\n'}
[3.793143] (booster_interface) StdoutLine: {'line': b'-- Up-to-date symlink: /home/booster/Workspace/Booster_T1_3v3_Demo/install/booster_interface/include/booster_interface/booster_interface/msg/detail/hand_param__struct.hpp\n'}
[3.793236] (booster_interface) StdoutLine: {'line': b'-- Up-to-date symlink: /home/booster/Workspace/Booster_T1_3v3_Demo/install/booster_interface/include/booster_interface/booster_interface/msg/detail/hand_param__traits.hpp\n'}
[3.793331] (booster_interface) StdoutLine: {'line': b'-- Up-to-date symlink: /home/booster/Workspace/Booster_T1_3v3_Demo/install/booster_interface/include/booster_interface/booster_interface/msg/detail/hand_param__type_support.hpp\n'}
[3.793424] (booster_interface) StdoutLine: {'line': b'-- Up-to-date symlink: /home/booster/Workspace/Booster_T1_3v3_Demo/install/booster_interface/include/booster_interface/booster_interface/msg/detail/imu_state__builder.hpp\n'}
[3.793518] (booster_interface) StdoutLine: {'line': b'-- Up-to-date symlink: /home/booster/Workspace/Booster_T1_3v3_Demo/install/booster_interface/include/booster_interface/booster_interface/msg/detail/imu_state__struct.hpp\n'}
[3.796038] (booster_interface) StdoutLine: {'line': b'-- Up-to-date symlink: /home/booster/Workspace/Booster_T1_3v3_Demo/install/booster_interface/include/booster_interface/booster_interface/msg/detail/imu_state__traits.hpp\n'}
[3.802009] (booster_interface) StdoutLine: {'line': b'-- Up-to-date symlink: /home/booster/Workspace/Booster_T1_3v3_Demo/install/booster_interface/include/booster_interface/booster_interface/msg/detail/imu_state__type_support.hpp\n'}
[3.802576] (booster_interface) StdoutLine: {'line': b'-- Up-to-date symlink: /home/booster/Workspace/Booster_T1_3v3_Demo/install/booster_interface/include/booster_interface/booster_interface/msg/detail/low_cmd__builder.hpp\n'}
[3.803591] (booster_interface) StdoutLine: {'line': b'-- Up-to-date symlink: /home/booster/Workspace/Booster_T1_3v3_Demo/install/booster_interface/include/booster_interface/booster_interface/msg/detail/low_cmd__struct.hpp\n'}
[3.803759] (booster_interface) StdoutLine: {'line': b'-- Up-to-date symlink: /home/booster/Workspace/Booster_T1_3v3_Demo/install/booster_interface/include/booster_interface/booster_interface/msg/detail/low_cmd__traits.hpp\n'}
[3.804130] (booster_interface) StdoutLine: {'line': b'-- Up-to-date symlink: /home/booster/Workspace/Booster_T1_3v3_Demo/install/booster_interface/include/booster_interface/booster_interface/msg/detail/low_cmd__type_support.hpp\n'}
[3.804593] (booster_interface) StdoutLine: {'line': b'-- Up-to-date symlink: /home/booster/Workspace/Booster_T1_3v3_Demo/install/booster_interface/include/booster_interface/booster_interface/msg/detail/low_state__builder.hpp\n'}
[3.804742] (booster_interface) StdoutLine: {'line': b'-- Up-to-date symlink: /home/booster/Workspace/Booster_T1_3v3_Demo/install/booster_interface/include/booster_interface/booster_interface/msg/detail/low_state__struct.hpp\n'}
[3.804854] (booster_interface) StdoutLine: {'line': b'-- Up-to-date symlink: /home/booster/Workspace/Booster_T1_3v3_Demo/install/booster_interface/include/booster_interface/booster_interface/msg/detail/low_state__traits.hpp\n'}
[3.805191] (booster_interface) StdoutLine: {'line': b'-- Up-to-date symlink: /home/booster/Workspace/Booster_T1_3v3_Demo/install/booster_interface/include/booster_interface/booster_interface/msg/detail/low_state__type_support.hpp\n'}
[3.805301] (booster_interface) StdoutLine: {'line': b'-- Up-to-date symlink: /home/booster/Workspace/Booster_T1_3v3_Demo/install/booster_interface/include/booster_interface/booster_interface/msg/detail/motor_cmd__builder.hpp\n'}
[3.805399] (booster_interface) StdoutLine: {'line': b'-- Up-to-date symlink: /home/booster/Workspace/Booster_T1_3v3_Demo/install/booster_interface/include/booster_interface/booster_interface/msg/detail/motor_cmd__struct.hpp\n'}
[3.806822] (booster_interface) StdoutLine: {'line': b'-- Up-to-date symlink: /home/booster/Workspace/Booster_T1_3v3_Demo/install/booster_interface/include/booster_interface/booster_interface/msg/detail/motor_cmd__traits.hpp\n'}
[3.806991] (booster_interface) StdoutLine: {'line': b'-- Up-to-date symlink: /home/booster/Workspace/Booster_T1_3v3_Demo/install/booster_interface/include/booster_interface/booster_interface/msg/detail/motor_cmd__type_support.hpp\n'}
[3.809034] (booster_interface) StdoutLine: {'line': b'-- Up-to-date symlink: /home/booster/Workspace/Booster_T1_3v3_Demo/install/booster_interface/include/booster_interface/booster_interface/msg/detail/motor_state__builder.hpp\n'}
[3.810829] (booster_interface) StdoutLine: {'line': b'-- Up-to-date symlink: /home/booster/Workspace/Booster_T1_3v3_Demo/install/booster_interface/include/booster_interface/booster_interface/msg/detail/motor_state__struct.hpp\n'}
[3.811113] (booster_interface) StdoutLine: {'line': b'-- Up-to-date symlink: /home/booster/Workspace/Booster_T1_3v3_Demo/install/booster_interface/include/booster_interface/booster_interface/msg/detail/motor_state__traits.hpp\n'}
[3.811255] (booster_interface) StdoutLine: {'line': b'-- Up-to-date symlink: /home/booster/Workspace/Booster_T1_3v3_Demo/install/booster_interface/include/booster_interface/booster_interface/msg/detail/motor_state__type_support.hpp\n'}
[3.811372] (booster_interface) StdoutLine: {'line': b'-- Up-to-date symlink: /home/booster/Workspace/Booster_T1_3v3_Demo/install/booster_interface/include/booster_interface/booster_interface/msg/detail/odometer__builder.hpp\n'}
[3.813827] (booster_interface) StdoutLine: {'line': b'-- Up-to-date symlink: /home/booster/Workspace/Booster_T1_3v3_Demo/install/booster_interface/include/booster_interface/booster_interface/msg/detail/odometer__struct.hpp\n'}
[3.814159] (booster_interface) StdoutLine: {'line': b'-- Up-to-date symlink: /home/booster/Workspace/Booster_T1_3v3_Demo/install/booster_interface/include/booster_interface/booster_interface/msg/detail/odometer__traits.hpp\n'}
[3.814467] (booster_interface) StdoutLine: {'line': b'-- Up-to-date symlink: /home/booster/Workspace/Booster_T1_3v3_Demo/install/booster_interface/include/booster_interface/booster_interface/msg/detail/odometer__type_support.hpp\n'}
[3.816091] (booster_interface) StdoutLine: {'line': b'-- Up-to-date symlink: /home/booster/Workspace/Booster_T1_3v3_Demo/install/booster_interface/include/booster_interface/booster_interface/msg/detail/raw_bytes_msg__builder.hpp\n'}
[3.816672] (booster_interface) StdoutLine: {'line': b'-- Up-to-date symlink: /home/booster/Workspace/Booster_T1_3v3_Demo/install/booster_interface/include/booster_interface/booster_interface/msg/detail/raw_bytes_msg__struct.hpp\n'}
[3.817993] (booster_interface) StdoutLine: {'line': b'-- Up-to-date symlink: /home/booster/Workspace/Booster_T1_3v3_Demo/install/booster_interface/include/booster_interface/booster_interface/msg/detail/raw_bytes_msg__traits.hpp\n'}
[3.818640] (booster_interface) StdoutLine: {'line': b'-- Up-to-date symlink: /home/booster/Workspace/Booster_T1_3v3_Demo/install/booster_interface/include/booster_interface/booster_interface/msg/detail/raw_bytes_msg__type_support.hpp\n'}
[3.818827] (booster_interface) StdoutLine: {'line': b'-- Up-to-date symlink: /home/booster/Workspace/Booster_T1_3v3_Demo/install/booster_interface/include/booster_interface/booster_interface/msg/detail/raw_bytes_stamped__builder.hpp\n'}
[3.818946] (booster_interface) StdoutLine: {'line': b'-- Up-to-date symlink: /home/booster/Workspace/Booster_T1_3v3_Demo/install/booster_interface/include/booster_interface/booster_interface/msg/detail/raw_bytes_stamped__struct.hpp\n'}
[3.819047] (booster_interface) StdoutLine: {'line': b'-- Up-to-date symlink: /home/booster/Workspace/Booster_T1_3v3_Demo/install/booster_interface/include/booster_interface/booster_interface/msg/detail/raw_bytes_stamped__traits.hpp\n'}
[3.819546] (booster_interface) StdoutLine: {'line': b'-- Up-to-date symlink: /home/booster/Workspace/Booster_T1_3v3_Demo/install/booster_interface/include/booster_interface/booster_interface/msg/detail/raw_bytes_stamped__type_support.hpp\n'}
[3.819668] (booster_interface) StdoutLine: {'line': b'-- Up-to-date symlink: /home/booster/Workspace/Booster_T1_3v3_Demo/install/booster_interface/include/booster_interface/booster_interface/msg/detail/remote_controller_state__builder.hpp\n'}
[3.819770] (booster_interface) StdoutLine: {'line': b'-- Up-to-date symlink: /home/booster/Workspace/Booster_T1_3v3_Demo/install/booster_interface/include/booster_interface/booster_interface/msg/detail/remote_controller_state__struct.hpp\n'}
[3.822048] (booster_interface) StdoutLine: {'line': b'-- Up-to-date symlink: /home/booster/Workspace/Booster_T1_3v3_Demo/install/booster_interface/include/booster_interface/booster_interface/msg/detail/remote_controller_state__traits.hpp\n'}
[3.822873] (booster_interface) StdoutLine: {'line': b'-- Up-to-date symlink: /home/booster/Workspace/Booster_T1_3v3_Demo/install/booster_interface/include/booster_interface/booster_interface/msg/detail/remote_controller_state__type_support.hpp\n'}
[3.823047] (booster_interface) StdoutLine: {'line': b'-- Up-to-date symlink: /home/booster/Workspace/Booster_T1_3v3_Demo/install/booster_interface/include/booster_interface/booster_interface/msg/fall_down_state.hpp\n'}
[3.823177] (booster_interface) StdoutLine: {'line': b'-- Up-to-date symlink: /home/booster/Workspace/Booster_T1_3v3_Demo/install/booster_interface/include/booster_interface/booster_interface/msg/hand_command.hpp\n'}
[3.823289] (booster_interface) StdoutLine: {'line': b'-- Up-to-date symlink: /home/booster/Workspace/Booster_T1_3v3_Demo/install/booster_interface/include/booster_interface/booster_interface/msg/hand_dds_msg.hpp\n'}
[3.823389] (booster_interface) StdoutLine: {'line': b'-- Up-to-date symlink: /home/booster/Workspace/Booster_T1_3v3_Demo/install/booster_interface/include/booster_interface/booster_interface/msg/hand_param.hpp\n'}
[3.825584] (booster_interface) StdoutLine: {'line': b'-- Up-to-date symlink: /home/booster/Workspace/Booster_T1_3v3_Demo/install/booster_interface/include/booster_interface/booster_interface/msg/imu_state.hpp\n'}
[3.825900] (booster_interface) StdoutLine: {'line': b'-- Up-to-date symlink: /home/booster/Workspace/Booster_T1_3v3_Demo/install/booster_interface/include/booster_interface/booster_interface/msg/low_cmd.hpp\n'}
[3.826151] (booster_interface) StdoutLine: {'line': b'-- Up-to-date symlink: /home/booster/Workspace/Booster_T1_3v3_Demo/install/booster_interface/include/booster_interface/booster_interface/msg/low_state.hpp\n'}
[3.827721] (booster_interface) StdoutLine: {'line': b'-- Up-to-date symlink: /home/booster/Workspace/Booster_T1_3v3_Demo/install/booster_interface/include/booster_interface/booster_interface/msg/motor_cmd.hpp\n'}
[3.828253] (booster_interface) StdoutLine: {'line': b'-- Up-to-date symlink: /home/booster/Workspace/Booster_T1_3v3_Demo/install/booster_interface/include/booster_interface/booster_interface/msg/motor_state.hpp\n'}
[3.828977] (booster_interface) StdoutLine: {'line': b'-- Up-to-date symlink: /home/booster/Workspace/Booster_T1_3v3_Demo/install/booster_interface/include/booster_interface/booster_interface/msg/odometer.hpp\n'}
[3.829604] (booster_interface) StdoutLine: {'line': b'-- Up-to-date symlink: /home/booster/Workspace/Booster_T1_3v3_Demo/install/booster_interface/include/booster_interface/booster_interface/msg/raw_bytes_msg.hpp\n'}
[3.830739] (booster_interface) StdoutLine: {'line': b'-- Up-to-date symlink: /home/booster/Workspace/Booster_T1_3v3_Demo/install/booster_interface/include/booster_interface/booster_interface/msg/raw_bytes_stamped.hpp\n'}
[3.836790] (-) TimerEvent: {}
[3.837476] (booster_interface) StdoutLine: {'line': b'-- Up-to-date symlink: /home/booster/Workspace/Booster_T1_3v3_Demo/install/booster_interface/include/booster_interface/booster_interface/msg/remote_controller_state.hpp\n'}
[3.837718] (booster_interface) StdoutLine: {'line': b'-- Up-to-date symlink: /home/booster/Workspace/Booster_T1_3v3_Demo/install/booster_interface/include/booster_interface/booster_interface/msg/rosidl_generator_cpp__visibility_control.hpp\n'}
[3.837859] (booster_interface) StdoutLine: {'line': b'-- Up-to-date symlink: /home/booster/Workspace/Booster_T1_3v3_Demo/install/booster_interface/include/booster_interface/booster_interface/srv/agent_service.hpp\n'}
[3.838136] (booster_interface) StdoutLine: {'line': b'-- Up-to-date symlink: /home/booster/Workspace/Booster_T1_3v3_Demo/install/booster_interface/include/booster_interface/booster_interface/srv/detail/agent_service__builder.hpp\n'}
[3.841040] (booster_interface) StdoutLine: {'line': b'-- Up-to-date symlink: /home/booster/Workspace/Booster_T1_3v3_Demo/install/booster_interface/include/booster_interface/booster_interface/srv/detail/agent_service__struct.hpp\n'}
[3.841323] (booster_interface) StdoutLine: {'line': b'-- Up-to-date symlink: /home/booster/Workspace/Booster_T1_3v3_Demo/install/booster_interface/include/booster_interface/booster_interface/srv/detail/agent_service__traits.hpp\n'}
[3.841470] (booster_interface) StdoutLine: {'line': b'-- Up-to-date symlink: /home/booster/Workspace/Booster_T1_3v3_Demo/install/booster_interface/include/booster_interface/booster_interface/srv/detail/agent_service__type_support.hpp\n'}
[3.841658] (booster_interface) StdoutLine: {'line': b'-- Up-to-date symlink: /home/booster/Workspace/Booster_T1_3v3_Demo/install/booster_interface/include/booster_interface/booster_interface/srv/detail/rpc_service__builder.hpp\n'}
[3.841773] (booster_interface) StdoutLine: {'line': b'-- Up-to-date symlink: /home/booster/Workspace/Booster_T1_3v3_Demo/install/booster_interface/include/booster_interface/booster_interface/srv/detail/rpc_service__struct.hpp\n'}
[3.841877] (booster_interface) StdoutLine: {'line': b'-- Up-to-date symlink: /home/booster/Workspace/Booster_T1_3v3_Demo/install/booster_interface/include/booster_interface/booster_interface/srv/detail/rpc_service__traits.hpp\n'}
[3.841982] (booster_interface) StdoutLine: {'line': b'-- Up-to-date symlink: /home/booster/Workspace/Booster_T1_3v3_Demo/install/booster_interface/include/booster_interface/booster_interface/srv/detail/rpc_service__type_support.hpp\n'}
[3.847037] (booster_interface) StdoutLine: {'line': b'-- Up-to-date symlink: /home/booster/Workspace/Booster_T1_3v3_Demo/install/booster_interface/include/booster_interface/booster_interface/srv/rpc_service.hpp\n'}
[3.847275] (booster_interface) StdoutLine: {'line': b'-- Up-to-date symlink: /home/booster/Workspace/Booster_T1_3v3_Demo/install/booster_interface/include/booster_interface/booster_interface/msg/detail/booster_api_req_msg__rosidl_typesupport_fastrtps_cpp.hpp\n'}
[3.847447] (booster_interface) StdoutLine: {'line': b'-- Up-to-date symlink: /home/booster/Workspace/Booster_T1_3v3_Demo/install/booster_interface/include/booster_interface/booster_interface/msg/detail/booster_api_resp_msg__rosidl_typesupport_fastrtps_cpp.hpp\n'}
[3.847566] (booster_interface) StdoutLine: {'line': b'-- Up-to-date symlink: /home/booster/Workspace/Booster_T1_3v3_Demo/install/booster_interface/include/booster_interface/booster_interface/msg/detail/button_event_msg__rosidl_typesupport_fastrtps_cpp.hpp\n'}
[3.847697] (booster_interface) StdoutLine: {'line': b'-- Up-to-date symlink: /home/booster/Workspace/Booster_T1_3v3_Demo/install/booster_interface/include/booster_interface/booster_interface/msg/detail/fall_down_state__rosidl_typesupport_fastrtps_cpp.hpp\n'}
[3.849002] (booster_interface) StdoutLine: {'line': b'-- Up-to-date symlink: /home/booster/Workspace/Booster_T1_3v3_Demo/install/booster_interface/include/booster_interface/booster_interface/msg/detail/hand_command__rosidl_typesupport_fastrtps_cpp.hpp\n'}
[3.850831] (booster_interface) StdoutLine: {'line': b'-- Up-to-date symlink: /home/booster/Workspace/Booster_T1_3v3_Demo/install/booster_interface/include/booster_interface/booster_interface/msg/detail/hand_dds_msg__rosidl_typesupport_fastrtps_cpp.hpp\n'}
[3.851040] (booster_interface) StdoutLine: {'line': b'-- Up-to-date symlink: /home/booster/Workspace/Booster_T1_3v3_Demo/install/booster_interface/include/booster_interface/booster_interface/msg/detail/hand_param__rosidl_typesupport_fastrtps_cpp.hpp\n'}
[3.851163] (booster_interface) StdoutLine: {'line': b'-- Up-to-date symlink: /home/booster/Workspace/Booster_T1_3v3_Demo/install/booster_interface/include/booster_interface/booster_interface/msg/detail/imu_state__rosidl_typesupport_fastrtps_cpp.hpp\n'}
[3.851517] (booster_interface) StdoutLine: {'line': b'-- Up-to-date symlink: /home/booster/Workspace/Booster_T1_3v3_Demo/install/booster_interface/include/booster_interface/booster_interface/msg/detail/low_cmd__rosidl_typesupport_fastrtps_cpp.hpp\n'}
[3.851657] (booster_interface) StdoutLine: {'line': b'-- Up-to-date symlink: /home/booster/Workspace/Booster_T1_3v3_Demo/install/booster_interface/include/booster_interface/booster_interface/msg/detail/low_state__rosidl_typesupport_fastrtps_cpp.hpp\n'}
[3.851766] (booster_interface) StdoutLine: {'line': b'-- Up-to-date symlink: /home/booster/Workspace/Booster_T1_3v3_Demo/install/booster_interface/include/booster_interface/booster_interface/msg/detail/motor_cmd__rosidl_typesupport_fastrtps_cpp.hpp\n'}
[3.852840] (booster_interface) StdoutLine: {'line': b'-- Up-to-date symlink: /home/booster/Workspace/Booster_T1_3v3_Demo/install/booster_interface/include/booster_interface/booster_interface/msg/detail/motor_state__rosidl_typesupport_fastrtps_cpp.hpp\n'}
[3.853071] (booster_interface) StdoutLine: {'line': b'-- Up-to-date symlink: /home/booster/Workspace/Booster_T1_3v3_Demo/install/booster_interface/include/booster_interface/booster_interface/msg/detail/odometer__rosidl_typesupport_fastrtps_cpp.hpp\n'}
[3.853201] (booster_interface) StdoutLine: {'line': b'-- Up-to-date symlink: /home/booster/Workspace/Booster_T1_3v3_Demo/install/booster_interface/include/booster_interface/booster_interface/msg/detail/raw_bytes_msg__rosidl_typesupport_fastrtps_cpp.hpp\n'}
[3.853314] (booster_interface) StdoutLine: {'line': b'-- Up-to-date symlink: /home/booster/Workspace/Booster_T1_3v3_Demo/install/booster_interface/include/booster_interface/booster_interface/msg/detail/raw_bytes_stamped__rosidl_typesupport_fastrtps_cpp.hpp\n'}
[3.854903] (booster_interface) StdoutLine: {'line': b'-- Up-to-date symlink: /home/booster/Workspace/Booster_T1_3v3_Demo/install/booster_interface/include/booster_interface/booster_interface/msg/detail/remote_controller_state__rosidl_typesupport_fastrtps_cpp.hpp\n'}
[3.855247] (booster_interface) StdoutLine: {'line': b'-- Up-to-date symlink: /home/booster/Workspace/Booster_T1_3v3_Demo/install/booster_interface/include/booster_interface/booster_interface/msg/rosidl_typesupport_fastrtps_cpp__visibility_control.h\n'}
[3.855379] (booster_interface) StdoutLine: {'line': b'-- Up-to-date symlink: /home/booster/Workspace/Booster_T1_3v3_Demo/install/booster_interface/include/booster_interface/booster_interface/srv/detail/agent_service__rosidl_typesupport_fastrtps_cpp.hpp\n'}
[3.857995] (booster_interface) StdoutLine: {'line': b'-- Up-to-date symlink: /home/booster/Workspace/Booster_T1_3v3_Demo/install/booster_interface/include/booster_interface/booster_interface/srv/detail/rpc_service__rosidl_typesupport_fastrtps_cpp.hpp\n'}
[3.858270] (booster_interface) StdoutLine: {'line': b'-- Up-to-date symlink: /home/booster/Workspace/Booster_T1_3v3_Demo/install/booster_interface/include/booster_interface/booster_interface/msg/detail/booster_api_req_msg__rosidl_typesupport_introspection_c.h\n'}
[3.859248] (booster_interface) StdoutLine: {'line': b'-- Up-to-date symlink: /home/booster/Workspace/Booster_T1_3v3_Demo/install/booster_interface/include/booster_interface/booster_interface/msg/detail/booster_api_resp_msg__rosidl_typesupport_introspection_c.h\n'}
[3.859381] (booster_interface) StdoutLine: {'line': b'-- Up-to-date symlink: /home/booster/Workspace/Booster_T1_3v3_Demo/install/booster_interface/include/booster_interface/booster_interface/msg/detail/button_event_msg__rosidl_typesupport_introspection_c.h\n'}
[3.859490] (booster_interface) StdoutLine: {'line': b'-- Up-to-date symlink: /home/booster/Workspace/Booster_T1_3v3_Demo/install/booster_interface/include/booster_interface/booster_interface/msg/detail/fall_down_state__rosidl_typesupport_introspection_c.h\n'}
[3.859624] (booster_interface) StdoutLine: {'line': b'-- Up-to-date symlink: /home/booster/Workspace/Booster_T1_3v3_Demo/install/booster_interface/include/booster_interface/booster_interface/msg/detail/hand_command__rosidl_typesupport_introspection_c.h\n'}
[3.859729] (booster_interface) StdoutLine: {'line': b'-- Up-to-date symlink: /home/booster/Workspace/Booster_T1_3v3_Demo/install/booster_interface/include/booster_interface/booster_interface/msg/detail/hand_dds_msg__rosidl_typesupport_introspection_c.h\n'}
[3.859825] (booster_interface) StdoutLine: {'line': b'-- Up-to-date symlink: /home/booster/Workspace/Booster_T1_3v3_Demo/install/booster_interface/include/booster_interface/booster_interface/msg/detail/hand_param__rosidl_typesupport_introspection_c.h\n'}
[3.859921] (booster_interface) StdoutLine: {'line': b'-- Up-to-date symlink: /home/booster/Workspace/Booster_T1_3v3_Demo/install/booster_interface/include/booster_interface/booster_interface/msg/detail/imu_state__rosidl_typesupport_introspection_c.h\n'}
[3.860016] (booster_interface) StdoutLine: {'line': b'-- Up-to-date symlink: /home/booster/Workspace/Booster_T1_3v3_Demo/install/booster_interface/include/booster_interface/booster_interface/msg/detail/low_cmd__rosidl_typesupport_introspection_c.h\n'}
[3.871179] (booster_interface) StdoutLine: {'line': b'-- Up-to-date symlink: /home/booster/Workspace/Booster_T1_3v3_Demo/install/booster_interface/include/booster_interface/booster_interface/msg/detail/low_state__rosidl_typesupport_introspection_c.h\n'}
[3.872204] (booster_interface) StdoutLine: {'line': b'-- Up-to-date symlink: /home/booster/Workspace/Booster_T1_3v3_Demo/install/booster_interface/include/booster_interface/booster_interface/msg/detail/motor_cmd__rosidl_typesupport_introspection_c.h\n'}
[3.873539] (booster_interface) StdoutLine: {'line': b'-- Up-to-date symlink: /home/booster/Workspace/Booster_T1_3v3_Demo/install/booster_interface/include/booster_interface/booster_interface/msg/detail/motor_state__rosidl_typesupport_introspection_c.h\n'}
[3.873801] (booster_interface) StdoutLine: {'line': b'-- Up-to-date symlink: /home/booster/Workspace/Booster_T1_3v3_Demo/install/booster_interface/include/booster_interface/booster_interface/msg/detail/odometer__rosidl_typesupport_introspection_c.h\n'}
[3.875543] (booster_interface) StdoutLine: {'line': b'-- Up-to-date symlink: /home/booster/Workspace/Booster_T1_3v3_Demo/install/booster_interface/include/booster_interface/booster_interface/msg/detail/raw_bytes_msg__rosidl_typesupport_introspection_c.h\n'}
[3.876780] (booster_interface) StdoutLine: {'line': b'-- Up-to-date symlink: /home/booster/Workspace/Booster_T1_3v3_Demo/install/booster_interface/include/booster_interface/booster_interface/msg/detail/raw_bytes_stamped__rosidl_typesupport_introspection_c.h\n'}
[3.877072] (booster_interface) StdoutLine: {'line': b'-- Up-to-date symlink: /home/booster/Workspace/Booster_T1_3v3_Demo/install/booster_interface/include/booster_interface/booster_interface/msg/detail/remote_controller_state__rosidl_typesupport_introspection_c.h\n'}
[3.877222] (booster_interface) StdoutLine: {'line': b'-- Up-to-date symlink: /home/booster/Workspace/Booster_T1_3v3_Demo/install/booster_interface/include/booster_interface/booster_interface/msg/rosidl_typesupport_introspection_c__visibility_control.h\n'}
[3.877337] (booster_interface) StdoutLine: {'line': b'-- Up-to-date symlink: /home/booster/Workspace/Booster_T1_3v3_Demo/install/booster_interface/include/booster_interface/booster_interface/srv/detail/agent_service__rosidl_typesupport_introspection_c.h\n'}
[3.879797] (booster_interface) StdoutLine: {'line': b'-- Up-to-date symlink: /home/booster/Workspace/Booster_T1_3v3_Demo/install/booster_interface/include/booster_interface/booster_interface/srv/detail/rpc_service__rosidl_typesupport_introspection_c.h\n'}
[3.880003] (booster_interface) StdoutLine: {'line': b'-- Up-to-date symlink: /home/booster/Workspace/Booster_T1_3v3_Demo/install/booster_interface/include/booster_interface/booster_interface/msg/detail/booster_api_req_msg__rosidl_typesupport_introspection_cpp.hpp\n'}
[3.880198] (booster_interface) StdoutLine: {'line': b'-- Up-to-date symlink: /home/booster/Workspace/Booster_T1_3v3_Demo/install/booster_interface/include/booster_interface/booster_interface/msg/detail/booster_api_resp_msg__rosidl_typesupport_introspection_cpp.hpp\n'}
[3.880315] (booster_interface) StdoutLine: {'line': b'-- Up-to-date symlink: /home/booster/Workspace/Booster_T1_3v3_Demo/install/booster_interface/include/booster_interface/booster_interface/msg/detail/button_event_msg__rosidl_typesupport_introspection_cpp.hpp\n'}
[3.880419] (booster_interface) StdoutLine: {'line': b'-- Up-to-date symlink: /home/booster/Workspace/Booster_T1_3v3_Demo/install/booster_interface/include/booster_interface/booster_interface/msg/detail/fall_down_state__rosidl_typesupport_introspection_cpp.hpp\n'}
[3.880544] (booster_interface) StdoutLine: {'line': b'-- Up-to-date symlink: /home/booster/Workspace/Booster_T1_3v3_Demo/install/booster_interface/include/booster_interface/booster_interface/msg/detail/hand_command__rosidl_typesupport_introspection_cpp.hpp\n'}
[3.880646] (booster_interface) StdoutLine: {'line': b'-- Up-to-date symlink: /home/booster/Workspace/Booster_T1_3v3_Demo/install/booster_interface/include/booster_interface/booster_interface/msg/detail/hand_dds_msg__rosidl_typesupport_introspection_cpp.hpp\n'}
[3.881398] (booster_interface) StdoutLine: {'line': b'-- Up-to-date symlink: /home/booster/Workspace/Booster_T1_3v3_Demo/install/booster_interface/include/booster_interface/booster_interface/msg/detail/hand_param__rosidl_typesupport_introspection_cpp.hpp\n'}
[3.881744] (booster_interface) StdoutLine: {'line': b'-- Up-to-date symlink: /home/booster/Workspace/Booster_T1_3v3_Demo/install/booster_interface/include/booster_interface/booster_interface/msg/detail/imu_state__rosidl_typesupport_introspection_cpp.hpp\n'}
[3.881873] (booster_interface) StdoutLine: {'line': b'-- Up-to-date symlink: /home/booster/Workspace/Booster_T1_3v3_Demo/install/booster_interface/include/booster_interface/booster_interface/msg/detail/low_cmd__rosidl_typesupport_introspection_cpp.hpp\n'}
[3.881987] (booster_interface) StdoutLine: {'line': b'-- Up-to-date symlink: /home/booster/Workspace/Booster_T1_3v3_Demo/install/booster_interface/include/booster_interface/booster_interface/msg/detail/low_state__rosidl_typesupport_introspection_cpp.hpp\n'}
[3.882126] (booster_interface) StdoutLine: {'line': b'-- Up-to-date symlink: /home/booster/Workspace/Booster_T1_3v3_Demo/install/booster_interface/include/booster_interface/booster_interface/msg/detail/motor_cmd__rosidl_typesupport_introspection_cpp.hpp\n'}
[3.882226] (booster_interface) StdoutLine: {'line': b'-- Up-to-date symlink: /home/booster/Workspace/Booster_T1_3v3_Demo/install/booster_interface/include/booster_interface/booster_interface/msg/detail/motor_state__rosidl_typesupport_introspection_cpp.hpp\n'}
[3.885698] (booster_interface) StdoutLine: {'line': b'-- Up-to-date symlink: /home/booster/Workspace/Booster_T1_3v3_Demo/install/booster_interface/include/booster_interface/booster_interface/msg/detail/odometer__rosidl_typesupport_introspection_cpp.hpp\n'}
[3.885932] (booster_interface) StdoutLine: {'line': b'-- Up-to-date symlink: /home/booster/Workspace/Booster_T1_3v3_Demo/install/booster_interface/include/booster_interface/booster_interface/msg/detail/raw_bytes_msg__rosidl_typesupport_introspection_cpp.hpp\n'}
[3.886069] (booster_interface) StdoutLine: {'line': b'-- Up-to-date symlink: /home/booster/Workspace/Booster_T1_3v3_Demo/install/booster_interface/include/booster_interface/booster_interface/msg/detail/raw_bytes_stamped__rosidl_typesupport_introspection_cpp.hpp\n'}
[3.891288] (booster_interface) StdoutLine: {'line': b'-- Up-to-date symlink: /home/booster/Workspace/Booster_T1_3v3_Demo/install/booster_interface/include/booster_interface/booster_interface/msg/detail/remote_controller_state__rosidl_typesupport_introspection_cpp.hpp\n'}
[3.891518] (booster_interface) StdoutLine: {'line': b'-- Up-to-date symlink: /home/booster/Workspace/Booster_T1_3v3_Demo/install/booster_interface/include/booster_interface/booster_interface/srv/detail/agent_service__rosidl_typesupport_introspection_cpp.hpp\n'}
[3.891669] (booster_interface) StdoutLine: {'line': b'-- Up-to-date symlink: /home/booster/Workspace/Booster_T1_3v3_Demo/install/booster_interface/include/booster_interface/booster_interface/srv/detail/rpc_service__rosidl_typesupport_introspection_cpp.hpp\n'}
[3.891789] (booster_interface) StdoutLine: {'line': b'-- Up-to-date symlink: /home/booster/Workspace/Booster_T1_3v3_Demo/install/booster_interface/share/booster_interface/environment/pythonpath.sh\n'}
[3.891956] (booster_interface) StdoutLine: {'line': b'-- Up-to-date symlink: /home/booster/Workspace/Booster_T1_3v3_Demo/install/booster_interface/share/booster_interface/environment/pythonpath.dsv\n'}
[3.892064] (booster_interface) StdoutLine: {'line': b'-- Up-to-date symlink: /home/booster/Workspace/Booster_T1_3v3_Demo/install/booster_interface/local/lib/python3.10/dist-packages/booster_interface-0.0.0-py3.10.egg-info/PKG-INFO\n'}
[3.892169] (booster_interface) StdoutLine: {'line': b'-- Up-to-date symlink: /home/booster/Workspace/Booster_T1_3v3_Demo/install/booster_interface/local/lib/python3.10/dist-packages/booster_interface-0.0.0-py3.10.egg-info/SOURCES.txt\n'}
[3.892279] (booster_interface) StdoutLine: {'line': b'-- Up-to-date symlink: /home/booster/Workspace/Booster_T1_3v3_Demo/install/booster_interface/local/lib/python3.10/dist-packages/booster_interface-0.0.0-py3.10.egg-info/dependency_links.txt\n'}
[3.893210] (booster_interface) StdoutLine: {'line': b'-- Up-to-date symlink: /home/booster/Workspace/Booster_T1_3v3_Demo/install/booster_interface/local/lib/python3.10/dist-packages/booster_interface-0.0.0-py3.10.egg-info/top_level.txt\n'}
[3.893337] (booster_interface) StdoutLine: {'line': b'-- Up-to-date symlink: /home/booster/Workspace/Booster_T1_3v3_Demo/install/booster_interface/local/lib/python3.10/dist-packages/booster_interface/__init__.py\n'}
[3.893465] (booster_interface) StdoutLine: {'line': b'-- Up-to-date symlink: /home/booster/Workspace/Booster_T1_3v3_Demo/install/booster_interface/local/lib/python3.10/dist-packages/booster_interface/_booster_interface_s.ep.rosidl_typesupport_c.c\n'}
[3.893570] (booster_interface) StdoutLine: {'line': b'-- Up-to-date symlink: /home/booster/Workspace/Booster_T1_3v3_Demo/install/booster_interface/local/lib/python3.10/dist-packages/booster_interface/_booster_interface_s.ep.rosidl_typesupport_fastrtps_c.c\n'}
[3.894275] (booster_interface) StdoutLine: {'line': b'-- Up-to-date symlink: /home/booster/Workspace/Booster_T1_3v3_Demo/install/booster_interface/local/lib/python3.10/dist-packages/booster_interface/_booster_interface_s.ep.rosidl_typesupport_introspection_c.c\n'}
[3.895383] (booster_interface) StdoutLine: {'line': b'-- Up-to-date symlink: /home/booster/Workspace/Booster_T1_3v3_Demo/install/booster_interface/local/lib/python3.10/dist-packages/booster_interface/booster_interface_s__rosidl_typesupport_c.cpython-310-aarch64-linux-gnu.so\n'}
[3.895792] (booster_interface) StdoutLine: {'line': b'-- Up-to-date symlink: /home/booster/Workspace/Booster_T1_3v3_Demo/install/booster_interface/local/lib/python3.10/dist-packages/booster_interface/booster_interface_s__rosidl_typesupport_fastrtps_c.cpython-310-aarch64-linux-gnu.so\n'}
[3.897705] (booster_interface) StdoutLine: {'line': b'-- Up-to-date symlink: /home/booster/Workspace/Booster_T1_3v3_Demo/install/booster_interface/local/lib/python3.10/dist-packages/booster_interface/booster_interface_s__rosidl_typesupport_introspection_c.cpython-310-aarch64-linux-gnu.so\n'}
[3.900097] (booster_interface) StdoutLine: {'line': b'-- Up-to-date symlink: /home/booster/Workspace/Booster_T1_3v3_Demo/install/booster_interface/local/lib/python3.10/dist-packages/booster_interface/libbooster_interface__rosidl_generator_py.so\n'}
[3.900401] (booster_interface) StdoutLine: {'line': b'-- Up-to-date symlink: /home/booster/Workspace/Booster_T1_3v3_Demo/install/booster_interface/local/lib/python3.10/dist-packages/booster_interface/msg/__init__.py\n'}
[3.902194] (booster_interface) StdoutLine: {'line': b'-- Up-to-date symlink: /home/booster/Workspace/Booster_T1_3v3_Demo/install/booster_interface/local/lib/python3.10/dist-packages/booster_interface/msg/_booster_api_req_msg.py\n'}
[3.902478] (booster_interface) StdoutLine: {'line': b'-- Up-to-date symlink: /home/booster/Workspace/Booster_T1_3v3_Demo/install/booster_interface/local/lib/python3.10/dist-packages/booster_interface/msg/_booster_api_req_msg_s.c\n'}
[3.903063] (booster_interface) StdoutLine: {'line': b'-- Up-to-date symlink: /home/booster/Workspace/Booster_T1_3v3_Demo/install/booster_interface/local/lib/python3.10/dist-packages/booster_interface/msg/_booster_api_resp_msg.py\n'}
[3.903224] (booster_interface) StdoutLine: {'line': b'-- Up-to-date symlink: /home/booster/Workspace/Booster_T1_3v3_Demo/install/booster_interface/local/lib/python3.10/dist-packages/booster_interface/msg/_booster_api_resp_msg_s.c\n'}
[3.903339] (booster_interface) StdoutLine: {'line': b'-- Up-to-date symlink: /home/booster/Workspace/Booster_T1_3v3_Demo/install/booster_interface/local/lib/python3.10/dist-packages/booster_interface/msg/_button_event_msg.py\n'}
[3.903632] (booster_interface) StdoutLine: {'line': b'-- Up-to-date symlink: /home/booster/Workspace/Booster_T1_3v3_Demo/install/booster_interface/local/lib/python3.10/dist-packages/booster_interface/msg/_button_event_msg_s.c\n'}
[3.903783] (booster_interface) StdoutLine: {'line': b'-- Up-to-date symlink: /home/booster/Workspace/Booster_T1_3v3_Demo/install/booster_interface/local/lib/python3.10/dist-packages/booster_interface/msg/_fall_down_state.py\n'}
[3.903894] (booster_interface) StdoutLine: {'line': b'-- Up-to-date symlink: /home/booster/Workspace/Booster_T1_3v3_Demo/install/booster_interface/local/lib/python3.10/dist-packages/booster_interface/msg/_fall_down_state_s.c\n'}
[3.904101] (booster_interface) StdoutLine: {'line': b'-- Up-to-date symlink: /home/booster/Workspace/Booster_T1_3v3_Demo/install/booster_interface/local/lib/python3.10/dist-packages/booster_interface/msg/_hand_command.py\n'}
[3.904305] (booster_interface) StdoutLine: {'line': b'-- Up-to-date symlink: /home/booster/Workspace/Booster_T1_3v3_Demo/install/booster_interface/local/lib/python3.10/dist-packages/booster_interface/msg/_hand_command_s.c\n'}
[3.911079] (booster_interface) StdoutLine: {'line': b'-- Up-to-date symlink: /home/booster/Workspace/Booster_T1_3v3_Demo/install/booster_interface/local/lib/python3.10/dist-packages/booster_interface/msg/_hand_dds_msg.py\n'}
[3.912122] (booster_interface) StdoutLine: {'line': b'-- Up-to-date symlink: /home/booster/Workspace/Booster_T1_3v3_Demo/install/booster_interface/local/lib/python3.10/dist-packages/booster_interface/msg/_hand_dds_msg_s.c\n'}
[3.913539] (booster_interface) StdoutLine: {'line': b'-- Up-to-date symlink: /home/booster/Workspace/Booster_T1_3v3_Demo/install/booster_interface/local/lib/python3.10/dist-packages/booster_interface/msg/_hand_param.py\n'}
[3.913806] (booster_interface) StdoutLine: {'line': b'-- Up-to-date symlink: /home/booster/Workspace/Booster_T1_3v3_Demo/install/booster_interface/local/lib/python3.10/dist-packages/booster_interface/msg/_hand_param_s.c\n'}
[3.913940] (booster_interface) StdoutLine: {'line': b'-- Up-to-date symlink: /home/booster/Workspace/Booster_T1_3v3_Demo/install/booster_interface/local/lib/python3.10/dist-packages/booster_interface/msg/_imu_state.py\n'}
[3.914048] (booster_interface) StdoutLine: {'line': b'-- Up-to-date symlink: /home/booster/Workspace/Booster_T1_3v3_Demo/install/booster_interface/local/lib/python3.10/dist-packages/booster_interface/msg/_imu_state_s.c\n'}
[3.914248] (booster_interface) StdoutLine: {'line': b'-- Up-to-date symlink: /home/booster/Workspace/Booster_T1_3v3_Demo/install/booster_interface/local/lib/python3.10/dist-packages/booster_interface/msg/_low_cmd.py\n'}
[3.914377] (booster_interface) StdoutLine: {'line': b'-- Up-to-date symlink: /home/booster/Workspace/Booster_T1_3v3_Demo/install/booster_interface/local/lib/python3.10/dist-packages/booster_interface/msg/_low_cmd_s.c\n'}
[3.914526] (booster_interface) StdoutLine: {'line': b'-- Up-to-date symlink: /home/booster/Workspace/Booster_T1_3v3_Demo/install/booster_interface/local/lib/python3.10/dist-packages/booster_interface/msg/_low_state.py\n'}
[3.915212] (booster_interface) StdoutLine: {'line': b'-- Up-to-date symlink: /home/booster/Workspace/Booster_T1_3v3_Demo/install/booster_interface/local/lib/python3.10/dist-packages/booster_interface/msg/_low_state_s.c\n'}
[3.915359] (booster_interface) StdoutLine: {'line': b'-- Up-to-date symlink: /home/booster/Workspace/Booster_T1_3v3_Demo/install/booster_interface/local/lib/python3.10/dist-packages/booster_interface/msg/_motor_cmd.py\n'}
[3.915467] (booster_interface) StdoutLine: {'line': b'-- Up-to-date symlink: /home/booster/Workspace/Booster_T1_3v3_Demo/install/booster_interface/local/lib/python3.10/dist-packages/booster_interface/msg/_motor_cmd_s.c\n'}
[3.915568] (booster_interface) StdoutLine: {'line': b'-- Up-to-date symlink: /home/booster/Workspace/Booster_T1_3v3_Demo/install/booster_interface/local/lib/python3.10/dist-packages/booster_interface/msg/_motor_state.py\n'}
[3.915664] (booster_interface) StdoutLine: {'line': b'-- Up-to-date symlink: /home/booster/Workspace/Booster_T1_3v3_Demo/install/booster_interface/local/lib/python3.10/dist-packages/booster_interface/msg/_motor_state_s.c\n'}
[3.915761] (booster_interface) StdoutLine: {'line': b'-- Up-to-date symlink: /home/booster/Workspace/Booster_T1_3v3_Demo/install/booster_interface/local/lib/python3.10/dist-packages/booster_interface/msg/_odometer.py\n'}
[3.915856] (booster_interface) StdoutLine: {'line': b'-- Up-to-date symlink: /home/booster/Workspace/Booster_T1_3v3_Demo/install/booster_interface/local/lib/python3.10/dist-packages/booster_interface/msg/_odometer_s.c\n'}
[3.915949] (booster_interface) StdoutLine: {'line': b'-- Up-to-date symlink: /home/booster/Workspace/Booster_T1_3v3_Demo/install/booster_interface/local/lib/python3.10/dist-packages/booster_interface/msg/_raw_bytes_msg.py\n'}
[3.916043] (booster_interface) StdoutLine: {'line': b'-- Up-to-date symlink: /home/booster/Workspace/Booster_T1_3v3_Demo/install/booster_interface/local/lib/python3.10/dist-packages/booster_interface/msg/_raw_bytes_msg_s.c\n'}
[3.921218] (booster_interface) StdoutLine: {'line': b'-- Up-to-date symlink: /home/booster/Workspace/Booster_T1_3v3_Demo/install/booster_interface/local/lib/python3.10/dist-packages/booster_interface/msg/_raw_bytes_stamped.py\n'}
[3.921476] (booster_interface) StdoutLine: {'line': b'-- Up-to-date symlink: /home/booster/Workspace/Booster_T1_3v3_Demo/install/booster_interface/local/lib/python3.10/dist-packages/booster_interface/msg/_raw_bytes_stamped_s.c\n'}
[3.921608] (booster_interface) StdoutLine: {'line': b'-- Up-to-date symlink: /home/booster/Workspace/Booster_T1_3v3_Demo/install/booster_interface/local/lib/python3.10/dist-packages/booster_interface/msg/_remote_controller_state.py\n'}
[3.921720] (booster_interface) StdoutLine: {'line': b'-- Up-to-date symlink: /home/booster/Workspace/Booster_T1_3v3_Demo/install/booster_interface/local/lib/python3.10/dist-packages/booster_interface/msg/_remote_controller_state_s.c\n'}
[3.923961] (booster_interface) StdoutLine: {'line': b'-- Up-to-date symlink: /home/booster/Workspace/Booster_T1_3v3_Demo/install/booster_interface/local/lib/python3.10/dist-packages/booster_interface/srv/__init__.py\n'}
[3.925272] (booster_interface) StdoutLine: {'line': b'-- Up-to-date symlink: /home/booster/Workspace/Booster_T1_3v3_Demo/install/booster_interface/local/lib/python3.10/dist-packages/booster_interface/srv/_agent_service.py\n'}
[3.927251] (booster_interface) StdoutLine: {'line': b'-- Up-to-date symlink: /home/booster/Workspace/Booster_T1_3v3_Demo/install/booster_interface/local/lib/python3.10/dist-packages/booster_interface/srv/_agent_service_s.c\n'}
[3.927593] (booster_interface) StdoutLine: {'line': b'-- Up-to-date symlink: /home/booster/Workspace/Booster_T1_3v3_Demo/install/booster_interface/local/lib/python3.10/dist-packages/booster_interface/srv/_rpc_service.py\n'}
[3.927784] (booster_interface) StdoutLine: {'line': b'-- Up-to-date symlink: /home/booster/Workspace/Booster_T1_3v3_Demo/install/booster_interface/local/lib/python3.10/dist-packages/booster_interface/srv/_rpc_service_s.c\n'}
[3.929081] (booster_interface) StdoutLine: {'line': b'-- Up-to-date symlink: /home/booster/Workspace/Booster_T1_3v3_Demo/install/booster_interface/local/lib/python3.10/dist-packages/booster_interface/booster_interface_s__rosidl_typesupport_fastrtps_c.cpython-310-aarch64-linux-gnu.so\n'}
[3.929274] (booster_interface) StdoutLine: {'line': b'-- Up-to-date symlink: /home/booster/Workspace/Booster_T1_3v3_Demo/install/booster_interface/local/lib/python3.10/dist-packages/booster_interface/booster_interface_s__rosidl_typesupport_introspection_c.cpython-310-aarch64-linux-gnu.so\n'}
[3.929398] (booster_interface) StdoutLine: {'line': b'-- Up-to-date symlink: /home/booster/Workspace/Booster_T1_3v3_Demo/install/booster_interface/local/lib/python3.10/dist-packages/booster_interface/booster_interface_s__rosidl_typesupport_c.cpython-310-aarch64-linux-gnu.so\n'}
[3.929508] (booster_interface) StdoutLine: {'line': b'-- Up-to-date symlink: /home/booster/Workspace/Booster_T1_3v3_Demo/install/booster_interface/share/booster_interface/msg/BoosterApiReqMsg.idl\n'}
[3.930409] (booster_interface) StdoutLine: {'line': b'-- Up-to-date symlink: /home/booster/Workspace/Booster_T1_3v3_Demo/install/booster_interface/share/booster_interface/msg/BoosterApiRespMsg.idl\n'}
[3.932068] (booster_interface) StdoutLine: {'line': b'-- Up-to-date symlink: /home/booster/Workspace/Booster_T1_3v3_Demo/install/booster_interface/share/booster_interface/msg/ButtonEventMsg.idl\n'}
[3.932364] (booster_interface) StdoutLine: {'line': b'-- Up-to-date symlink: /home/booster/Workspace/Booster_T1_3v3_Demo/install/booster_interface/share/booster_interface/msg/MotorState.idl\n'}
[3.932520] (booster_interface) StdoutLine: {'line': b'-- Up-to-date symlink: /home/booster/Workspace/Booster_T1_3v3_Demo/install/booster_interface/share/booster_interface/msg/MotorCmd.idl\n'}
[3.933178] (booster_interface) StdoutLine: {'line': b'-- Up-to-date symlink: /home/booster/Workspace/Booster_T1_3v3_Demo/install/booster_interface/share/booster_interface/msg/LowCmd.idl\n'}
[3.933308] (booster_interface) StdoutLine: {'line': b'-- Up-to-date symlink: /home/booster/Workspace/Booster_T1_3v3_Demo/install/booster_interface/share/booster_interface/msg/ImuState.idl\n'}
[3.933448] (booster_interface) StdoutLine: {'line': b'-- Up-to-date symlink: /home/booster/Workspace/Booster_T1_3v3_Demo/install/booster_interface/share/booster_interface/msg/LowState.idl\n'}
[3.933548] (booster_interface) StdoutLine: {'line': b'-- Up-to-date symlink: /home/booster/Workspace/Booster_T1_3v3_Demo/install/booster_interface/share/booster_interface/msg/RawBytesMsg.idl\n'}
[3.933646] (booster_interface) StdoutLine: {'line': b'-- Up-to-date symlink: /home/booster/Workspace/Booster_T1_3v3_Demo/install/booster_interface/share/booster_interface/msg/RawBytesStamped.idl\n'}
[3.933744] (booster_interface) StdoutLine: {'line': b'-- Up-to-date symlink: /home/booster/Workspace/Booster_T1_3v3_Demo/install/booster_interface/share/booster_interface/msg/Odometer.idl\n'}
[3.933840] (booster_interface) StdoutLine: {'line': b'-- Up-to-date symlink: /home/booster/Workspace/Booster_T1_3v3_Demo/install/booster_interface/share/booster_interface/msg/FallDownState.idl\n'}
[3.933945] (booster_interface) StdoutLine: {'line': b'-- Up-to-date symlink: /home/booster/Workspace/Booster_T1_3v3_Demo/install/booster_interface/share/booster_interface/msg/RemoteControllerState.idl\n'}
[3.934062] (booster_interface) StdoutLine: {'line': b'-- Up-to-date symlink: /home/booster/Workspace/Booster_T1_3v3_Demo/install/booster_interface/share/booster_interface/msg/HandCommand.idl\n'}
[3.936607] (booster_interface) StdoutLine: {'line': b'-- Up-to-date symlink: /home/booster/Workspace/Booster_T1_3v3_Demo/install/booster_interface/share/booster_interface/msg/HandDdsMsg.idl\n'}
[3.937594] (-) TimerEvent: {}
[3.939518] (booster_interface) StdoutLine: {'line': b'-- Up-to-date symlink: /home/booster/Workspace/Booster_T1_3v3_Demo/install/booster_interface/share/booster_interface/msg/HandParam.idl\n'}
[3.946453] (booster_interface) StdoutLine: {'line': b'-- Up-to-date symlink: /home/booster/Workspace/Booster_T1_3v3_Demo/install/booster_interface/share/booster_interface/srv/RpcService.idl\n'}
[3.947721] (booster_interface) StdoutLine: {'line': b'-- Up-to-date symlink: /home/booster/Workspace/Booster_T1_3v3_Demo/install/booster_interface/share/booster_interface/srv/AgentService.idl\n'}
[3.947909] (booster_interface) StdoutLine: {'line': b'-- Up-to-date symlink: /home/booster/Workspace/Booster_T1_3v3_Demo/install/booster_interface/share/booster_interface/msg/BoosterApiReqMsg.msg\n'}
[3.948128] (booster_interface) StdoutLine: {'line': b'-- Up-to-date symlink: /home/booster/Workspace/Booster_T1_3v3_Demo/install/booster_interface/share/booster_interface/msg/BoosterApiRespMsg.msg\n'}
[3.951144] (booster_interface) StdoutLine: {'line': b'-- Up-to-date symlink: /home/booster/Workspace/Booster_T1_3v3_Demo/install/booster_interface/share/booster_interface/msg/ButtonEventMsg.msg\n'}
[3.951798] (booster_interface) StdoutLine: {'line': b'-- Up-to-date symlink: /home/booster/Workspace/Booster_T1_3v3_Demo/install/booster_interface/share/booster_interface/msg/MotorState.msg\n'}
[3.952044] (booster_interface) StdoutLine: {'line': b'-- Up-to-date symlink: /home/booster/Workspace/Booster_T1_3v3_Demo/install/booster_interface/share/booster_interface/msg/MotorCmd.msg\n'}
[3.952545] (booster_interface) StdoutLine: {'line': b'-- Up-to-date symlink: /home/booster/Workspace/Booster_T1_3v3_Demo/install/booster_interface/share/booster_interface/msg/LowCmd.msg\n'}
[3.953146] (booster_interface) StdoutLine: {'line': b'-- Up-to-date symlink: /home/booster/Workspace/Booster_T1_3v3_Demo/install/booster_interface/share/booster_interface/msg/ImuState.msg\n'}
[3.953285] (booster_interface) StdoutLine: {'line': b'-- Up-to-date symlink: /home/booster/Workspace/Booster_T1_3v3_Demo/install/booster_interface/share/booster_interface/msg/LowState.msg\n'}
[3.953591] (booster_interface) StdoutLine: {'line': b'-- Up-to-date symlink: /home/booster/Workspace/Booster_T1_3v3_Demo/install/booster_interface/share/booster_interface/msg/RawBytesMsg.msg\n'}
[3.953742] (booster_interface) StdoutLine: {'line': b'-- Up-to-date symlink: /home/booster/Workspace/Booster_T1_3v3_Demo/install/booster_interface/share/booster_interface/msg/RawBytesStamped.msg\n'}
[3.953882] (booster_interface) StdoutLine: {'line': b'-- Up-to-date symlink: /home/booster/Workspace/Booster_T1_3v3_Demo/install/booster_interface/share/booster_interface/msg/Odometer.msg\n'}
[3.953984] (booster_interface) StdoutLine: {'line': b'-- Up-to-date symlink: /home/booster/Workspace/Booster_T1_3v3_Demo/install/booster_interface/share/booster_interface/msg/FallDownState.msg\n'}
[3.954080] (booster_interface) StdoutLine: {'line': b'-- Up-to-date symlink: /home/booster/Workspace/Booster_T1_3v3_Demo/install/booster_interface/share/booster_interface/msg/RemoteControllerState.msg\n'}
[3.954195] (booster_interface) StdoutLine: {'line': b'-- Up-to-date symlink: /home/booster/Workspace/Booster_T1_3v3_Demo/install/booster_interface/share/booster_interface/msg/HandCommand.msg\n'}
[3.954442] (booster_interface) StdoutLine: {'line': b'-- Up-to-date symlink: /home/booster/Workspace/Booster_T1_3v3_Demo/install/booster_interface/share/booster_interface/msg/HandDdsMsg.msg\n'}
[3.955197] (booster_interface) StdoutLine: {'line': b'-- Up-to-date symlink: /home/booster/Workspace/Booster_T1_3v3_Demo/install/booster_interface/share/booster_interface/msg/HandParam.msg\n'}
[3.955317] (booster_interface) StdoutLine: {'line': b'-- Up-to-date symlink: /home/booster/Workspace/Booster_T1_3v3_Demo/install/booster_interface/share/booster_interface/srv/RpcService.srv\n'}
[3.955420] (booster_interface) StdoutLine: {'line': b'-- Up-to-date symlink: /home/booster/Workspace/Booster_T1_3v3_Demo/install/booster_interface/share/booster_interface/srv/RpcService_Request.msg\n'}
[3.955799] (booster_interface) StdoutLine: {'line': b'-- Up-to-date symlink: /home/booster/Workspace/Booster_T1_3v3_Demo/install/booster_interface/share/booster_interface/srv/RpcService_Response.msg\n'}
[3.955913] (booster_interface) StdoutLine: {'line': b'-- Up-to-date symlink: /home/booster/Workspace/Booster_T1_3v3_Demo/install/booster_interface/share/booster_interface/srv/AgentService.srv\n'}
[3.956010] (booster_interface) StdoutLine: {'line': b'-- Up-to-date symlink: /home/booster/Workspace/Booster_T1_3v3_Demo/install/booster_interface/share/booster_interface/srv/AgentService_Request.msg\n'}
[3.956108] (game_controller_interface) StdoutLine: {'line': b"Listing '/home/booster/Workspace/Booster_T1_3v3_Demo/install/game_controller_interface/local/lib/python3.10/dist-packages/game_controller_interface'...\n"}
[3.963401] (game_controller_interface) StdoutLine: {'line': b"Listing '/home/booster/Workspace/Booster_T1_3v3_Demo/install/game_controller_interface/local/lib/python3.10/dist-packages/game_controller_interface/msg'...\n"}
[3.964506] (booster_interface) StdoutLine: {'line': b'-- Up-to-date symlink: /home/booster/Workspace/Booster_T1_3v3_Demo/install/booster_interface/share/booster_interface/srv/AgentService_Response.msg\n'}
[3.966527] (booster_interface) StdoutLine: {'line': b'-- Up-to-date symlink: /home/booster/Workspace/Booster_T1_3v3_Demo/install/booster_interface/include//booster_interface/booster_interface/message_utils.hpp\n'}
[3.968444] (booster_interface) StdoutLine: {'line': b'-- Up-to-date symlink: /home/booster/Workspace/Booster_T1_3v3_Demo/install/booster_interface/include//booster_interface/booster_interface/third_party/nlohmann_json/json.hpp\n'}
[3.969266] (booster_interface) StdoutLine: {'line': b'-- Up-to-date symlink: /home/booster/Workspace/Booster_T1_3v3_Demo/install/booster_interface/share/ament_index/resource_index/package_run_dependencies/booster_interface\n'}
[3.971610] (booster_interface) StdoutLine: {'line': b'-- Up-to-date symlink: /home/booster/Workspace/Booster_T1_3v3_Demo/install/booster_interface/share/ament_index/resource_index/parent_prefix_path/booster_interface\n'}
[3.971903] (booster_interface) StdoutLine: {'line': b'-- Up-to-date symlink: /home/booster/Workspace/Booster_T1_3v3_Demo/install/booster_interface/share/booster_interface/environment/ament_prefix_path.sh\n'}
[3.972054] (vision_interface) StdoutLine: {'line': b"Listing '/home/booster/Workspace/Booster_T1_3v3_Demo/install/vision_interface/local/lib/python3.10/dist-packages/vision_interface'...\n"}
[3.972239] (vision_interface) StdoutLine: {'line': b"Listing '/home/booster/Workspace/Booster_T1_3v3_Demo/install/vision_interface/local/lib/python3.10/dist-packages/vision_interface/msg'...\n"}
[3.973925] (booster_interface) StdoutLine: {'line': b'-- Up-to-date symlink: /home/booster/Workspace/Booster_T1_3v3_Demo/install/booster_interface/share/booster_interface/environment/ament_prefix_path.dsv\n'}
[3.978191] (booster_interface) StdoutLine: {'line': b'-- Up-to-date symlink: /home/booster/Workspace/Booster_T1_3v3_Demo/install/booster_interface/share/booster_interface/environment/path.sh\n'}
[3.979252] (booster_interface) StdoutLine: {'line': b'-- Up-to-date symlink: /home/booster/Workspace/Booster_T1_3v3_Demo/install/booster_interface/share/booster_interface/environment/path.dsv\n'}
[3.979483] (booster_interface) StdoutLine: {'line': b'-- Up-to-date symlink: /home/booster/Workspace/Booster_T1_3v3_Demo/install/booster_interface/share/booster_interface/local_setup.bash\n'}
[3.979632] (booster_interface) StdoutLine: {'line': b'-- Up-to-date symlink: /home/booster/Workspace/Booster_T1_3v3_Demo/install/booster_interface/share/booster_interface/local_setup.sh\n'}
[3.979747] (booster_interface) StdoutLine: {'line': b'-- Up-to-date symlink: /home/booster/Workspace/Booster_T1_3v3_Demo/install/booster_interface/share/booster_interface/local_setup.zsh\n'}
[3.979848] (booster_interface) StdoutLine: {'line': b'-- Up-to-date symlink: /home/booster/Workspace/Booster_T1_3v3_Demo/install/booster_interface/share/booster_interface/local_setup.dsv\n'}
[3.982275] (booster_interface) StdoutLine: {'line': b'-- Symlinking: /home/booster/Workspace/Booster_T1_3v3_Demo/install/booster_interface/share/booster_interface/package.dsv\n'}
[3.992196] (vision_interface) StdoutLine: {'line': b'-- Up-to-date: /home/booster/Workspace/Booster_T1_3v3_Demo/install/vision_interface/lib/libvision_interface__rosidl_generator_py.so\n'}
[3.992558] (vision_interface) StdoutLine: {'line': b'-- Up-to-date: /home/booster/Workspace/Booster_T1_3v3_Demo/install/vision_interface/share/vision_interface/cmake/export_vision_interface__rosidl_generator_cExport.cmake\n'}
[3.993802] (vision_interface) StdoutLine: {'line': b'-- Up-to-date: /home/booster/Workspace/Booster_T1_3v3_Demo/install/vision_interface/share/vision_interface/cmake/export_vision_interface__rosidl_generator_cExport-noconfig.cmake\n'}
[3.994102] (vision_interface) StdoutLine: {'line': b'-- Up-to-date: /home/booster/Workspace/Booster_T1_3v3_Demo/install/vision_interface/share/vision_interface/cmake/export_vision_interface__rosidl_typesupport_fastrtps_cExport.cmake\n'}
[3.994593] (vision_interface) StdoutLine: {'line': b'-- Up-to-date: /home/booster/Workspace/Booster_T1_3v3_Demo/install/vision_interface/share/vision_interface/cmake/export_vision_interface__rosidl_typesupport_fastrtps_cExport-noconfig.cmake\n'}
[4.002950] (vision_interface) StdoutLine: {'line': b'-- Up-to-date: /home/booster/Workspace/Booster_T1_3v3_Demo/install/vision_interface/share/vision_interface/cmake/export_vision_interface__rosidl_generator_cppExport.cmake\n'}
[4.003201] (vision_interface) StdoutLine: {'line': b'-- Up-to-date: /home/booster/Workspace/Booster_T1_3v3_Demo/install/vision_interface/share/vision_interface/cmake/export_vision_interface__rosidl_typesupport_fastrtps_cppExport.cmake\n'}
[4.003346] (vision_interface) StdoutLine: {'line': b'-- Up-to-date: /home/booster/Workspace/Booster_T1_3v3_Demo/install/vision_interface/share/vision_interface/cmake/export_vision_interface__rosidl_typesupport_fastrtps_cppExport-noconfig.cmake\n'}
[4.003461] (vision_interface) StdoutLine: {'line': b'-- Up-to-date: /home/booster/Workspace/Booster_T1_3v3_Demo/install/vision_interface/share/vision_interface/cmake/vision_interface__rosidl_typesupport_introspection_cExport.cmake\n'}
[4.003568] (vision_interface) StdoutLine: {'line': b'-- Up-to-date: /home/booster/Workspace/Booster_T1_3v3_Demo/install/vision_interface/share/vision_interface/cmake/vision_interface__rosidl_typesupport_introspection_cExport-noconfig.cmake\n'}
[4.003700] (vision_interface) StdoutLine: {'line': b'-- Up-to-date: /home/booster/Workspace/Booster_T1_3v3_Demo/install/vision_interface/share/vision_interface/cmake/vision_interface__rosidl_typesupport_cExport.cmake\n'}
[4.003804] (vision_interface) StdoutLine: {'line': b'-- Up-to-date: /home/booster/Workspace/Booster_T1_3v3_Demo/install/vision_interface/share/vision_interface/cmake/vision_interface__rosidl_typesupport_cExport-noconfig.cmake\n'}
[4.004365] (vision_interface) StdoutLine: {'line': b'-- Up-to-date: /home/booster/Workspace/Booster_T1_3v3_Demo/install/vision_interface/share/vision_interface/cmake/vision_interface__rosidl_typesupport_introspection_cppExport.cmake\n'}
[4.004534] (vision_interface) StdoutLine: {'line': b'-- Up-to-date: /home/booster/Workspace/Booster_T1_3v3_Demo/install/vision_interface/share/vision_interface/cmake/vision_interface__rosidl_typesupport_introspection_cppExport-noconfig.cmake\n'}
[4.004645] (vision_interface) StdoutLine: {'line': b'-- Up-to-date: /home/booster/Workspace/Booster_T1_3v3_Demo/install/vision_interface/share/vision_interface/cmake/vision_interface__rosidl_typesupport_cppExport.cmake\n'}
[4.004746] (vision_interface) StdoutLine: {'line': b'-- Up-to-date: /home/booster/Workspace/Booster_T1_3v3_Demo/install/vision_interface/share/vision_interface/cmake/vision_interface__rosidl_typesupport_cppExport-noconfig.cmake\n'}
[4.004846] (vision_interface) StdoutLine: {'line': b'-- Up-to-date: /home/booster/Workspace/Booster_T1_3v3_Demo/install/vision_interface/share/vision_interface/cmake/export_vision_interface__rosidl_generator_pyExport.cmake\n'}
[4.005629] (vision_interface) StdoutLine: {'line': b'-- Up-to-date: /home/booster/Workspace/Booster_T1_3v3_Demo/install/vision_interface/share/vision_interface/cmake/export_vision_interface__rosidl_generator_pyExport-noconfig.cmake\n'}
[4.008228] (vision_interface) CommandEnded: {'returncode': 0}
[4.010771] (game_controller_interface) StdoutLine: {'line': b'-- Up-to-date: /home/booster/Workspace/Booster_T1_3v3_Demo/install/game_controller_interface/lib/libgame_controller_interface__rosidl_generator_py.so\n'}
[4.012340] (game_controller_interface) StdoutLine: {'line': b'-- Up-to-date: /home/booster/Workspace/Booster_T1_3v3_Demo/install/game_controller_interface/share/game_controller_interface/cmake/export_game_controller_interface__rosidl_generator_cExport.cmake\n'}
[4.012663] (game_controller_interface) StdoutLine: {'line': b'-- Up-to-date: /home/booster/Workspace/Booster_T1_3v3_Demo/install/game_controller_interface/share/game_controller_interface/cmake/export_game_controller_interface__rosidl_generator_cExport-noconfig.cmake\n'}
[4.015625] (game_controller_interface) StdoutLine: {'line': b'-- Up-to-date: /home/booster/Workspace/Booster_T1_3v3_Demo/install/game_controller_interface/share/game_controller_interface/cmake/export_game_controller_interface__rosidl_typesupport_fastrtps_cExport.cmake\n'}
[4.015867] (game_controller_interface) StdoutLine: {'line': b'-- Up-to-date: /home/booster/Workspace/Booster_T1_3v3_Demo/install/game_controller_interface/share/game_controller_interface/cmake/export_game_controller_interface__rosidl_typesupport_fastrtps_cExport-noconfig.cmake\n'}
[4.019311] (game_controller_interface) StdoutLine: {'line': b'-- Up-to-date: /home/booster/Workspace/Booster_T1_3v3_Demo/install/game_controller_interface/share/game_controller_interface/cmake/export_game_controller_interface__rosidl_generator_cppExport.cmake\n'}
[4.022681] (game_controller_interface) StdoutLine: {'line': b'-- Up-to-date: /home/booster/Workspace/Booster_T1_3v3_Demo/install/game_controller_interface/share/game_controller_interface/cmake/export_game_controller_interface__rosidl_typesupport_fastrtps_cppExport.cmake\n'}
[4.024380] (game_controller_interface) StdoutLine: {'line': b'-- Up-to-date: /home/booster/Workspace/Booster_T1_3v3_Demo/install/game_controller_interface/share/game_controller_interface/cmake/export_game_controller_interface__rosidl_typesupport_fastrtps_cppExport-noconfig.cmake\n'}
[4.024961] (game_controller_interface) StdoutLine: {'line': b'-- Up-to-date: /home/booster/Workspace/Booster_T1_3v3_Demo/install/game_controller_interface/share/game_controller_interface/cmake/game_controller_interface__rosidl_typesupport_introspection_cExport.cmake\n'}
[4.029980] (game_controller_interface) StdoutLine: {'line': b'-- Up-to-date: /home/booster/Workspace/Booster_T1_3v3_Demo/install/game_controller_interface/share/game_controller_interface/cmake/game_controller_interface__rosidl_typesupport_introspection_cExport-noconfig.cmake\n'}
[4.032163] (game_controller_interface) StdoutLine: {'line': b'-- Up-to-date: /home/booster/Workspace/Booster_T1_3v3_Demo/install/game_controller_interface/share/game_controller_interface/cmake/game_controller_interface__rosidl_typesupport_cExport.cmake\n'}
[4.032407] (game_controller_interface) StdoutLine: {'line': b'-- Up-to-date: /home/booster/Workspace/Booster_T1_3v3_Demo/install/game_controller_interface/share/game_controller_interface/cmake/game_controller_interface__rosidl_typesupport_cExport-noconfig.cmake\n'}
[4.032853] (game_controller_interface) StdoutLine: {'line': b'-- Up-to-date: /home/booster/Workspace/Booster_T1_3v3_Demo/install/game_controller_interface/share/game_controller_interface/cmake/game_controller_interface__rosidl_typesupport_introspection_cppExport.cmake\n'}
[4.033464] (game_controller_interface) StdoutLine: {'line': b'-- Up-to-date: /home/booster/Workspace/Booster_T1_3v3_Demo/install/game_controller_interface/share/game_controller_interface/cmake/game_controller_interface__rosidl_typesupport_introspection_cppExport-noconfig.cmake\n'}
[4.033593] (game_controller_interface) StdoutLine: {'line': b'-- Up-to-date: /home/booster/Workspace/Booster_T1_3v3_Demo/install/game_controller_interface/share/game_controller_interface/cmake/game_controller_interface__rosidl_typesupport_cppExport.cmake\n'}
[4.033711] (game_controller_interface) StdoutLine: {'line': b'-- Up-to-date: /home/booster/Workspace/Booster_T1_3v3_Demo/install/game_controller_interface/share/game_controller_interface/cmake/game_controller_interface__rosidl_typesupport_cppExport-noconfig.cmake\n'}
[4.033823] (game_controller_interface) StdoutLine: {'line': b'-- Up-to-date: /home/booster/Workspace/Booster_T1_3v3_Demo/install/game_controller_interface/share/game_controller_interface/cmake/export_game_controller_interface__rosidl_generator_pyExport.cmake\n'}
[4.033950] (game_controller_interface) StdoutLine: {'line': b'-- Up-to-date: /home/booster/Workspace/Booster_T1_3v3_Demo/install/game_controller_interface/share/game_controller_interface/cmake/export_game_controller_interface__rosidl_generator_pyExport-noconfig.cmake\n'}
[4.037736] (-) TimerEvent: {}
[4.044189] (booster_interface) StdoutLine: {'line': b'-- Up-to-date symlink: /home/booster/Workspace/Booster_T1_3v3_Demo/install/booster_interface/share/ament_index/resource_index/packages/booster_interface\n'}
[4.044629] (booster_interface) StdoutLine: {'line': b'-- Up-to-date symlink: /home/booster/Workspace/Booster_T1_3v3_Demo/install/booster_interface/share/booster_interface/cmake/rosidl_cmake-extras.cmake\n'}
[4.044836] (booster_interface) StdoutLine: {'line': b'-- Up-to-date symlink: /home/booster/Workspace/Booster_T1_3v3_Demo/install/booster_interface/share/booster_interface/cmake/ament_cmake_export_dependencies-extras.cmake\n'}
[4.045827] (booster_interface) StdoutLine: {'line': b'-- Up-to-date symlink: /home/booster/Workspace/Booster_T1_3v3_Demo/install/booster_interface/share/booster_interface/cmake/ament_cmake_export_include_directories-extras.cmake\n'}
[4.045998] (booster_interface) StdoutLine: {'line': b'-- Up-to-date symlink: /home/booster/Workspace/Booster_T1_3v3_Demo/install/booster_interface/share/booster_interface/cmake/ament_cmake_export_libraries-extras.cmake\n'}
[4.046194] (booster_interface) StdoutLine: {'line': b'-- Up-to-date symlink: /home/booster/Workspace/Booster_T1_3v3_Demo/install/booster_interface/share/booster_interface/cmake/ament_cmake_export_targets-extras.cmake\n'}
[4.046366] (booster_interface) StdoutLine: {'line': b'-- Up-to-date symlink: /home/booster/Workspace/Booster_T1_3v3_Demo/install/booster_interface/share/booster_interface/cmake/rosidl_cmake_export_typesupport_targets-extras.cmake\n'}
[4.046567] (booster_interface) StdoutLine: {'line': b'-- Up-to-date symlink: /home/booster/Workspace/Booster_T1_3v3_Demo/install/booster_interface/share/booster_interface/cmake/rosidl_cmake_export_typesupport_libraries-extras.cmake\n'}
[4.046766] (booster_interface) StdoutLine: {'line': b'-- Up-to-date symlink: /home/booster/Workspace/Booster_T1_3v3_Demo/install/booster_interface/share/booster_interface/cmake/booster_interfaceConfig.cmake\n'}
[4.047002] (booster_interface) StdoutLine: {'line': b'-- Up-to-date symlink: /home/booster/Workspace/Booster_T1_3v3_Demo/install/booster_interface/share/booster_interface/cmake/booster_interfaceConfig-version.cmake\n'}
[4.049235] (booster_interface) StdoutLine: {'line': b'-- Up-to-date symlink: /home/booster/Workspace/Booster_T1_3v3_Demo/install/booster_interface/share/booster_interface/package.xml\n'}
[4.049860] (booster_interface) StdoutLine: {'line': b'-- Up-to-date: /home/booster/Workspace/Booster_T1_3v3_Demo/install/booster_interface/lib/libbooster_interface__rosidl_generator_c.so\n'}
[4.050067] (booster_interface) StdoutLine: {'line': b'-- Up-to-date: /home/booster/Workspace/Booster_T1_3v3_Demo/install/booster_interface/lib/libbooster_interface__rosidl_typesupport_fastrtps_c.so\n'}
[4.050222] (booster_interface) StdoutLine: {'line': b'-- Up-to-date: /home/booster/Workspace/Booster_T1_3v3_Demo/install/booster_interface/lib/libbooster_interface__rosidl_typesupport_fastrtps_cpp.so\n'}
[4.052442] (booster_interface) StdoutLine: {'line': b'-- Up-to-date: /home/booster/Workspace/Booster_T1_3v3_Demo/install/booster_interface/lib/libbooster_interface__rosidl_typesupport_introspection_c.so\n'}
[4.057554] (booster_interface) StdoutLine: {'line': b'-- Up-to-date: /home/booster/Workspace/Booster_T1_3v3_Demo/install/booster_interface/lib/libbooster_interface__rosidl_typesupport_c.so\n'}
[4.057743] (booster_interface) StdoutLine: {'line': b'-- Up-to-date: /home/booster/Workspace/Booster_T1_3v3_Demo/install/booster_interface/lib/libbooster_interface__rosidl_typesupport_introspection_cpp.so\n'}
[4.057934] (booster_interface) StdoutLine: {'line': b'-- Up-to-date: /home/booster/Workspace/Booster_T1_3v3_Demo/install/booster_interface/lib/libbooster_interface__rosidl_typesupport_cpp.so\n'}
[4.137895] (-) TimerEvent: {}
[4.144463] (vision_interface) JobEnded: {'identifier': 'vision_interface', 'rc': 0}
[4.146793] (vision) JobStarted: {'identifier': 'vision'}
[4.187046] (game_controller_interface) CommandEnded: {'returncode': 0}
[4.220514] (booster_interface) StdoutLine: {'line': b"Listing '/home/booster/Workspace/Booster_T1_3v3_Demo/install/booster_interface/local/lib/python3.10/dist-packages/booster_interface'...\n"}
[4.220822] (booster_interface) StdoutLine: {'line': b"Listing '/home/booster/Workspace/Booster_T1_3v3_Demo/install/booster_interface/local/lib/python3.10/dist-packages/booster_interface/msg'...\n"}
[4.220964] (booster_interface) StdoutLine: {'line': b"Listing '/home/booster/Workspace/Booster_T1_3v3_Demo/install/booster_interface/local/lib/python3.10/dist-packages/booster_interface/srv'...\n"}
[4.238103] (-) TimerEvent: {}
[4.253754] (booster_interface) StdoutLine: {'line': b'-- Up-to-date: /home/booster/Workspace/Booster_T1_3v3_Demo/install/booster_interface/lib/libbooster_interface__rosidl_generator_py.so\n'}
[4.254241] (booster_interface) StdoutLine: {'line': b'-- Up-to-date: /home/booster/Workspace/Booster_T1_3v3_Demo/install/booster_interface/share/booster_interface/cmake/export_booster_interface__rosidl_generator_cExport.cmake\n'}
[4.254597] (booster_interface) StdoutLine: {'line': b'-- Up-to-date: /home/booster/Workspace/Booster_T1_3v3_Demo/install/booster_interface/share/booster_interface/cmake/export_booster_interface__rosidl_generator_cExport-noconfig.cmake\n'}
[4.254736] (booster_interface) StdoutLine: {'line': b'-- Up-to-date: /home/booster/Workspace/Booster_T1_3v3_Demo/install/booster_interface/share/booster_interface/cmake/export_booster_interface__rosidl_typesupport_fastrtps_cExport.cmake\n'}
[4.254963] (booster_interface) StdoutLine: {'line': b'-- Up-to-date: /home/booster/Workspace/Booster_T1_3v3_Demo/install/booster_interface/share/booster_interface/cmake/export_booster_interface__rosidl_typesupport_fastrtps_cExport-noconfig.cmake\n'}
[4.255085] (booster_interface) StdoutLine: {'line': b'-- Up-to-date: /home/booster/Workspace/Booster_T1_3v3_Demo/install/booster_interface/share/booster_interface/cmake/export_booster_interface__rosidl_generator_cppExport.cmake\n'}
[4.255196] (booster_interface) StdoutLine: {'line': b'-- Up-to-date: /home/booster/Workspace/Booster_T1_3v3_Demo/install/booster_interface/share/booster_interface/cmake/export_booster_interface__rosidl_typesupport_fastrtps_cppExport.cmake\n'}
[4.255296] (booster_interface) StdoutLine: {'line': b'-- Up-to-date: /home/booster/Workspace/Booster_T1_3v3_Demo/install/booster_interface/share/booster_interface/cmake/export_booster_interface__rosidl_typesupport_fastrtps_cppExport-noconfig.cmake\n'}
[4.255393] (booster_interface) StdoutLine: {'line': b'-- Up-to-date: /home/booster/Workspace/Booster_T1_3v3_Demo/install/booster_interface/share/booster_interface/cmake/booster_interface__rosidl_typesupport_introspection_cExport.cmake\n'}
[4.255488] (booster_interface) StdoutLine: {'line': b'-- Up-to-date: /home/booster/Workspace/Booster_T1_3v3_Demo/install/booster_interface/share/booster_interface/cmake/booster_interface__rosidl_typesupport_introspection_cExport-noconfig.cmake\n'}
[4.255898] (booster_interface) StdoutLine: {'line': b'-- Up-to-date: /home/booster/Workspace/Booster_T1_3v3_Demo/install/booster_interface/share/booster_interface/cmake/booster_interface__rosidl_typesupport_cExport.cmake\n'}
[4.256037] (booster_interface) StdoutLine: {'line': b'-- Up-to-date: /home/booster/Workspace/Booster_T1_3v3_Demo/install/booster_interface/share/booster_interface/cmake/booster_interface__rosidl_typesupport_cExport-noconfig.cmake\n'}
[4.256142] (booster_interface) StdoutLine: {'line': b'-- Up-to-date: /home/booster/Workspace/Booster_T1_3v3_Demo/install/booster_interface/share/booster_interface/cmake/booster_interface__rosidl_typesupport_introspection_cppExport.cmake\n'}
[4.256235] (booster_interface) StdoutLine: {'line': b'-- Up-to-date: /home/booster/Workspace/Booster_T1_3v3_Demo/install/booster_interface/share/booster_interface/cmake/booster_interface__rosidl_typesupport_introspection_cppExport-noconfig.cmake\n'}
[4.256330] (booster_interface) StdoutLine: {'line': b'-- Up-to-date: /home/booster/Workspace/Booster_T1_3v3_Demo/install/booster_interface/share/booster_interface/cmake/booster_interface__rosidl_typesupport_cppExport.cmake\n'}
[4.256421] (booster_interface) StdoutLine: {'line': b'-- Up-to-date: /home/booster/Workspace/Booster_T1_3v3_Demo/install/booster_interface/share/booster_interface/cmake/booster_interface__rosidl_typesupport_cppExport-noconfig.cmake\n'}
[4.256511] (booster_interface) StdoutLine: {'line': b'-- Up-to-date: /home/booster/Workspace/Booster_T1_3v3_Demo/install/booster_interface/share/booster_interface/cmake/export_booster_interface__rosidl_generator_pyExport.cmake\n'}
[4.256600] (booster_interface) StdoutLine: {'line': b'-- Up-to-date: /home/booster/Workspace/Booster_T1_3v3_Demo/install/booster_interface/share/booster_interface/cmake/export_booster_interface__rosidl_generator_pyExport-noconfig.cmake\n'}
[4.257237] (game_controller_interface) JobEnded: {'identifier': 'game_controller_interface', 'rc': 0}
[4.259471] (game_controller) JobStarted: {'identifier': 'game_controller'}
[4.285539] (vision) JobProgress: {'identifier': 'vision', 'progress': 'cmake'}
[4.285794] (vision) JobProgress: {'identifier': 'vision', 'progress': 'build'}
[4.285867] (vision) Command: {'cmd': ['/usr/bin/cmake', '--build', '/home/booster/Workspace/Booster_T1_3v3_Demo/build/vision', '--', '-j5', '-l5'], 'cwd': '/home/booster/Workspace/Booster_T1_3v3_Demo/build/vision', 'env': OrderedDict([('LESSOPEN', '| /usr/bin/lesspipe %s'), ('PYTHONWARNINGS', 'ignore::DeprecationWarning,ignore::UserWarning,ignore::FutureWarning'), ('USER', 'booster'), ('SSH_CLIENT', '192.168.10.10 52770 22'), ('XDG_SESSION_TYPE', 'tty'), ('GIT_ASKPASS', '/home/booster/.cursor-server/bin/63fcac100bd5d5749f2a98aa47d65f6eca61db30/extensions/git/dist/askpass.sh'), ('SHLVL', '2'), ('LD_LIBRARY_PATH', '/home/booster/Workspace/Booster_T1_3v3_Demo/install/vision_interface/lib:/opt/ros/humble/opt/rviz_ogre_vendor/lib:/opt/ros/humble/lib/aarch64-linux-gnu:/opt/ros/humble/lib:/usr/local/cuda/lib64'), ('BROWSER', '/home/booster/.cursor-server/bin/63fcac100bd5d5749f2a98aa47d65f6eca61db30/bin/helpers/browser.sh'), ('MOTD_SHOWN', 'pam'), ('HOME', '/home/booster'), ('OLDPWD', '/home/booster/Workspace/Booster_T1_3v3_Demo/scripts'), ('TERM_PROGRAM_VERSION', '2.0.69'), ('VSCODE_IPC_HOOK_CLI', '/run/user/1000/vscode-ipc-5b4b5a5b-4170-49e5-94eb-b1b77f1b1ddc.sock'), ('JETSON_L4T', '36.4.3'), ('ROS_PYTHON_VERSION', '3'), ('JETSON_MODEL', 'Booster T1 AGX Orin V2.1'), ('VSCODE_GIT_ASKPASS_MAIN', '/home/booster/.cursor-server/bin/63fcac100bd5d5749f2a98aa47d65f6eca61db30/extensions/git/dist/askpass-main.js'), ('VSCODE_GIT_ASKPASS_NODE', '/home/booster/.cursor-server/bin/63fcac100bd5d5749f2a98aa47d65f6eca61db30/node'), ('DBUS_SESSION_BUS_ADDRESS', 'unix:path=/run/user/1000/bus'), ('COLORTERM', 'truecolor'), ('ROS_DISTRO', 'humble'), ('LOGNAME', 'booster'), ('JETSON_MODULE', 'NVIDIA Jetson AGX Orin (32GB ram)'), ('JETSON_SERIAL_NUMBER', '1421225046990'), ('_', '/usr/bin/colcon'), ('ROS_VERSION', '2'), ('XDG_SESSION_CLASS', 'user'), ('TERM', 'xterm-256color'), ('XDG_SESSION_ID', '7'), ('ROS_LOCALHOST_ONLY', '0'), ('PATH', '/opt/ros/humble/bin:/usr/local/cuda/bin:/usr/local/sbin:/usr/local/bin:/usr/sbin:/usr/bin:/sbin:/bin:/snap/bin'), ('FASTRTPS_DEFAULT_PROFILES_FILE', '/opt/booster/BoosterRos2/fastdds_profile.xml'), ('CUDA_ROOT', '/usr/local/cuda'), ('XDG_RUNTIME_DIR', '/run/user/1000'), ('LANG', 'en_US.UTF-8'), ('LS_COLORS', 'rs=0:di=01;34:ln=01;36:mh=00:pi=40;33:so=01;35:do=01;35:bd=40;33;01:cd=40;33;01:or=40;31;01:mi=00:su=37;41:sg=30;43:ca=30;41:tw=30;42:ow=34;42:st=37;44:ex=01;32:*.tar=01;31:*.tgz=01;31:*.arc=01;31:*.arj=01;31:*.taz=01;31:*.lha=01;31:*.lz4=01;31:*.lzh=01;31:*.lzma=01;31:*.tlz=01;31:*.txz=01;31:*.tzo=01;31:*.t7z=01;31:*.zip=01;31:*.z=01;31:*.dz=01;31:*.gz=01;31:*.lrz=01;31:*.lz=01;31:*.lzo=01;31:*.xz=01;31:*.zst=01;31:*.tzst=01;31:*.bz2=01;31:*.bz=01;31:*.tbz=01;31:*.tbz2=01;31:*.tz=01;31:*.deb=01;31:*.rpm=01;31:*.jar=01;31:*.war=01;31:*.ear=01;31:*.sar=01;31:*.rar=01;31:*.alz=01;31:*.ace=01;31:*.zoo=01;31:*.cpio=01;31:*.7z=01;31:*.rz=01;31:*.cab=01;31:*.wim=01;31:*.swm=01;31:*.dwm=01;31:*.esd=01;31:*.jpg=01;35:*.jpeg=01;35:*.mjpg=01;35:*.mjpeg=01;35:*.gif=01;35:*.bmp=01;35:*.pbm=01;35:*.pgm=01;35:*.ppm=01;35:*.tga=01;35:*.xbm=01;35:*.xpm=01;35:*.tif=01;35:*.tiff=01;35:*.png=01;35:*.svg=01;35:*.svgz=01;35:*.mng=01;35:*.pcx=01;35:*.mov=01;35:*.mpg=01;35:*.mpeg=01;35:*.m2v=01;35:*.mkv=01;35:*.webm=01;35:*.webp=01;35:*.ogm=01;35:*.mp4=01;35:*.m4v=01;35:*.mp4v=01;35:*.vob=01;35:*.qt=01;35:*.nuv=01;35:*.wmv=01;35:*.asf=01;35:*.rm=01;35:*.rmvb=01;35:*.flc=01;35:*.avi=01;35:*.fli=01;35:*.flv=01;35:*.gl=01;35:*.dl=01;35:*.xcf=01;35:*.xwd=01;35:*.yuv=01;35:*.cgm=01;35:*.emf=01;35:*.ogv=01;35:*.ogx=01;35:*.aac=00;36:*.au=00;36:*.flac=00;36:*.m4a=00;36:*.mid=00;36:*.midi=00;36:*.mka=00;36:*.mp3=00;36:*.mpc=00;36:*.ogg=00;36:*.ra=00;36:*.wav=00;36:*.oga=00;36:*.opus=00;36:*.spx=00;36:*.xspf=00;36:'), ('JETSON_SOC', 'tegra234'), ('VSCODE_GIT_IPC_HANDLE', '/run/user/1000/vscode-git-831b0def1b.sock'), ('TERM_PROGRAM', 'vscode'), ('AMENT_PREFIX_PATH', '/home/booster/Workspace/Booster_T1_3v3_Demo/install/vision_interface:/opt/ros/humble'), ('SHELL', '/bin/bash'), ('LESSCLOSE', '/usr/bin/lesspipe %s %s'), ('VSCODE_GIT_ASKPASS_EXTRA_ARGS', ''), ('JETSON_CUDA_ARCH_BIN', '8.7'), ('PWD', '/home/booster/Workspace/Booster_T1_3v3_Demo/build/vision'), ('SSH_CONNECTION', '192.168.10.10 52770 192.168.10.102 22'), ('XDG_DATA_DIRS', '/usr/share/gnome:/usr/local/share:/usr/share:/var/lib/snapd/desktop'), ('PYTHONPATH', '/home/booster/Workspace/Booster_T1_3v3_Demo/install/vision_interface/local/lib/python3.10/dist-packages:/opt/ros/humble/lib/python3.10/site-packages:/opt/ros/humble/local/lib/python3.10/dist-packages'), ('COLCON', '1'), ('JETSON_JETPACK', '6.2'), ('JETSON_P_NUMBER', 'p3701-0004'), ('CMAKE_PREFIX_PATH', '/home/booster/Workspace/Booster_T1_3v3_Demo/install/vision_interface:/opt/ros/humble')]), 'shell': False}
[4.293926] (booster_interface) CommandEnded: {'returncode': 0}
[4.338386] (-) TimerEvent: {}
[4.371826] (booster_interface) JobEnded: {'identifier': 'booster_interface', 'rc': 0}
[4.374942] (brain) JobStarted: {'identifier': 'brain'}
[4.392247] (game_controller) JobProgress: {'identifier': 'game_controller', 'progress': 'cmake'}
[4.394603] (game_controller) JobProgress: {'identifier': 'game_controller', 'progress': 'build'}
[4.395506] (game_controller) Command: {'cmd': ['/usr/bin/cmake', '--build', '/home/booster/Workspace/Booster_T1_3v3_Demo/build/game_controller', '--', '-j5', '-l5'], 'cwd': '/home/booster/Workspace/Booster_T1_3v3_Demo/build/game_controller', 'env': OrderedDict([('LESSOPEN', '| /usr/bin/lesspipe %s'), ('PYTHONWARNINGS', 'ignore::DeprecationWarning,ignore::UserWarning,ignore::FutureWarning'), ('USER', 'booster'), ('SSH_CLIENT', '192.168.10.10 52770 22'), ('XDG_SESSION_TYPE', 'tty'), ('GIT_ASKPASS', '/home/booster/.cursor-server/bin/63fcac100bd5d5749f2a98aa47d65f6eca61db30/extensions/git/dist/askpass.sh'), ('SHLVL', '2'), ('LD_LIBRARY_PATH', '/home/booster/Workspace/Booster_T1_3v3_Demo/install/game_controller_interface/lib:/opt/ros/humble/opt/rviz_ogre_vendor/lib:/opt/ros/humble/lib/aarch64-linux-gnu:/opt/ros/humble/lib:/usr/local/cuda/lib64'), ('BROWSER', '/home/booster/.cursor-server/bin/63fcac100bd5d5749f2a98aa47d65f6eca61db30/bin/helpers/browser.sh'), ('MOTD_SHOWN', 'pam'), ('HOME', '/home/booster'), ('OLDPWD', '/home/booster/Workspace/Booster_T1_3v3_Demo/scripts'), ('TERM_PROGRAM_VERSION', '2.0.69'), ('VSCODE_IPC_HOOK_CLI', '/run/user/1000/vscode-ipc-5b4b5a5b-4170-49e5-94eb-b1b77f1b1ddc.sock'), ('JETSON_L4T', '36.4.3'), ('ROS_PYTHON_VERSION', '3'), ('JETSON_MODEL', 'Booster T1 AGX Orin V2.1'), ('VSCODE_GIT_ASKPASS_MAIN', '/home/booster/.cursor-server/bin/63fcac100bd5d5749f2a98aa47d65f6eca61db30/extensions/git/dist/askpass-main.js'), ('VSCODE_GIT_ASKPASS_NODE', '/home/booster/.cursor-server/bin/63fcac100bd5d5749f2a98aa47d65f6eca61db30/node'), ('DBUS_SESSION_BUS_ADDRESS', 'unix:path=/run/user/1000/bus'), ('COLORTERM', 'truecolor'), ('ROS_DISTRO', 'humble'), ('LOGNAME', 'booster'), ('JETSON_MODULE', 'NVIDIA Jetson AGX Orin (32GB ram)'), ('JETSON_SERIAL_NUMBER', '1421225046990'), ('_', '/usr/bin/colcon'), ('ROS_VERSION', '2'), ('XDG_SESSION_CLASS', 'user'), ('TERM', 'xterm-256color'), ('XDG_SESSION_ID', '7'), ('ROS_LOCALHOST_ONLY', '0'), ('PATH', '/opt/ros/humble/bin:/usr/local/cuda/bin:/usr/local/sbin:/usr/local/bin:/usr/sbin:/usr/bin:/sbin:/bin:/snap/bin'), ('FASTRTPS_DEFAULT_PROFILES_FILE', '/opt/booster/BoosterRos2/fastdds_profile.xml'), ('CUDA_ROOT', '/usr/local/cuda'), ('XDG_RUNTIME_DIR', '/run/user/1000'), ('LANG', 'en_US.UTF-8'), ('LS_COLORS', 'rs=0:di=01;34:ln=01;36:mh=00:pi=40;33:so=01;35:do=01;35:bd=40;33;01:cd=40;33;01:or=40;31;01:mi=00:su=37;41:sg=30;43:ca=30;41:tw=30;42:ow=34;42:st=37;44:ex=01;32:*.tar=01;31:*.tgz=01;31:*.arc=01;31:*.arj=01;31:*.taz=01;31:*.lha=01;31:*.lz4=01;31:*.lzh=01;31:*.lzma=01;31:*.tlz=01;31:*.txz=01;31:*.tzo=01;31:*.t7z=01;31:*.zip=01;31:*.z=01;31:*.dz=01;31:*.gz=01;31:*.lrz=01;31:*.lz=01;31:*.lzo=01;31:*.xz=01;31:*.zst=01;31:*.tzst=01;31:*.bz2=01;31:*.bz=01;31:*.tbz=01;31:*.tbz2=01;31:*.tz=01;31:*.deb=01;31:*.rpm=01;31:*.jar=01;31:*.war=01;31:*.ear=01;31:*.sar=01;31:*.rar=01;31:*.alz=01;31:*.ace=01;31:*.zoo=01;31:*.cpio=01;31:*.7z=01;31:*.rz=01;31:*.cab=01;31:*.wim=01;31:*.swm=01;31:*.dwm=01;31:*.esd=01;31:*.jpg=01;35:*.jpeg=01;35:*.mjpg=01;35:*.mjpeg=01;35:*.gif=01;35:*.bmp=01;35:*.pbm=01;35:*.pgm=01;35:*.ppm=01;35:*.tga=01;35:*.xbm=01;35:*.xpm=01;35:*.tif=01;35:*.tiff=01;35:*.png=01;35:*.svg=01;35:*.svgz=01;35:*.mng=01;35:*.pcx=01;35:*.mov=01;35:*.mpg=01;35:*.mpeg=01;35:*.m2v=01;35:*.mkv=01;35:*.webm=01;35:*.webp=01;35:*.ogm=01;35:*.mp4=01;35:*.m4v=01;35:*.mp4v=01;35:*.vob=01;35:*.qt=01;35:*.nuv=01;35:*.wmv=01;35:*.asf=01;35:*.rm=01;35:*.rmvb=01;35:*.flc=01;35:*.avi=01;35:*.fli=01;35:*.flv=01;35:*.gl=01;35:*.dl=01;35:*.xcf=01;35:*.xwd=01;35:*.yuv=01;35:*.cgm=01;35:*.emf=01;35:*.ogv=01;35:*.ogx=01;35:*.aac=00;36:*.au=00;36:*.flac=00;36:*.m4a=00;36:*.mid=00;36:*.midi=00;36:*.mka=00;36:*.mp3=00;36:*.mpc=00;36:*.ogg=00;36:*.ra=00;36:*.wav=00;36:*.oga=00;36:*.opus=00;36:*.spx=00;36:*.xspf=00;36:'), ('JETSON_SOC', 'tegra234'), ('VSCODE_GIT_IPC_HANDLE', '/run/user/1000/vscode-git-831b0def1b.sock'), ('TERM_PROGRAM', 'vscode'), ('AMENT_PREFIX_PATH', '/home/booster/Workspace/Booster_T1_3v3_Demo/install/game_controller_interface:/opt/ros/humble'), ('SHELL', '/bin/bash'), ('LESSCLOSE', '/usr/bin/lesspipe %s %s'), ('VSCODE_GIT_ASKPASS_EXTRA_ARGS', ''), ('JETSON_CUDA_ARCH_BIN', '8.7'), ('PWD', '/home/booster/Workspace/Booster_T1_3v3_Demo/build/game_controller'), ('SSH_CONNECTION', '192.168.10.10 52770 192.168.10.102 22'), ('XDG_DATA_DIRS', '/usr/share/gnome:/usr/local/share:/usr/share:/var/lib/snapd/desktop'), ('PYTHONPATH', '/home/booster/Workspace/Booster_T1_3v3_Demo/install/game_controller_interface/local/lib/python3.10/dist-packages:/opt/ros/humble/lib/python3.10/site-packages:/opt/ros/humble/local/lib/python3.10/dist-packages'), ('COLCON', '1'), ('JETSON_JETPACK', '6.2'), ('JETSON_P_NUMBER', 'p3701-0004'), ('CMAKE_PREFIX_PATH', '/home/booster/Workspace/Booster_T1_3v3_Demo/install/game_controller_interface:/opt/ros/humble')]), 'shell': False}
[4.438477] (-) TimerEvent: {}
[4.505100] (sound_play) StdoutLine: {'line': b'running egg_info\n'}
[4.505760] (sound_play) StdoutLine: {'line': b'writing sound_play.egg-info/PKG-INFO\n'}
[4.506487] (sound_play) StdoutLine: {'line': b'writing dependency_links to sound_play.egg-info/dependency_links.txt\n'}
[4.509328] (sound_play) StdoutLine: {'line': b'writing entry points to sound_play.egg-info/entry_points.txt\n'}
[4.509782] (sound_play) StdoutLine: {'line': b'writing requirements to sound_play.egg-info/requires.txt\n'}
[4.510184] (sound_play) StdoutLine: {'line': b'writing top-level names to sound_play.egg-info/top_level.txt\n'}
[4.514178] (sound_play) StdoutLine: {'line': b"reading manifest file 'sound_play.egg-info/SOURCES.txt'\n"}
[4.517529] (vision) StdoutLine: {'line': b'[ 27%] Built target yolov8_trt\n'}
[4.519329] (sound_play) StdoutLine: {'line': b"writing manifest file 'sound_play.egg-info/SOURCES.txt'\n"}
[4.532036] (brain) JobProgress: {'identifier': 'brain', 'progress': 'cmake'}
[4.534651] (brain) JobProgress: {'identifier': 'brain', 'progress': 'build'}
[4.539738] (-) TimerEvent: {}
[4.540861] (brain) Command: {'cmd': ['/usr/bin/cmake', '--build', '/home/booster/Workspace/Booster_T1_3v3_Demo/build/brain', '--', '-j5', '-l5'], 'cwd': '/home/booster/Workspace/Booster_T1_3v3_Demo/build/brain', 'env': OrderedDict([('LESSOPEN', '| /usr/bin/lesspipe %s'), ('PYTHONWARNINGS', 'ignore::DeprecationWarning,ignore::UserWarning,ignore::FutureWarning'), ('USER', 'booster'), ('SSH_CLIENT', '192.168.10.10 52770 22'), ('XDG_SESSION_TYPE', 'tty'), ('GIT_ASKPASS', '/home/booster/.cursor-server/bin/63fcac100bd5d5749f2a98aa47d65f6eca61db30/extensions/git/dist/askpass.sh'), ('SHLVL', '2'), ('LD_LIBRARY_PATH', '/home/booster/Workspace/Booster_T1_3v3_Demo/install/vision_interface/lib:/home/booster/Workspace/Booster_T1_3v3_Demo/install/game_controller_interface/lib:/home/booster/Workspace/Booster_T1_3v3_Demo/install/booster_msgs/lib:/home/booster/Workspace/Booster_T1_3v3_Demo/install/booster_interface/lib:/opt/ros/humble/opt/rviz_ogre_vendor/lib:/opt/ros/humble/lib/aarch64-linux-gnu:/opt/ros/humble/lib:/usr/local/cuda/lib64'), ('BROWSER', '/home/booster/.cursor-server/bin/63fcac100bd5d5749f2a98aa47d65f6eca61db30/bin/helpers/browser.sh'), ('MOTD_SHOWN', 'pam'), ('HOME', '/home/booster'), ('OLDPWD', '/home/booster/Workspace/Booster_T1_3v3_Demo/scripts'), ('TERM_PROGRAM_VERSION', '2.0.69'), ('VSCODE_IPC_HOOK_CLI', '/run/user/1000/vscode-ipc-5b4b5a5b-4170-49e5-94eb-b1b77f1b1ddc.sock'), ('JETSON_L4T', '36.4.3'), ('ROS_PYTHON_VERSION', '3'), ('JETSON_MODEL', 'Booster T1 AGX Orin V2.1'), ('VSCODE_GIT_ASKPASS_MAIN', '/home/booster/.cursor-server/bin/63fcac100bd5d5749f2a98aa47d65f6eca61db30/extensions/git/dist/askpass-main.js'), ('VSCODE_GIT_ASKPASS_NODE', '/home/booster/.cursor-server/bin/63fcac100bd5d5749f2a98aa47d65f6eca61db30/node'), ('DBUS_SESSION_BUS_ADDRESS', 'unix:path=/run/user/1000/bus'), ('COLORTERM', 'truecolor'), ('ROS_DISTRO', 'humble'), ('LOGNAME', 'booster'), ('JETSON_MODULE', 'NVIDIA Jetson AGX Orin (32GB ram)'), ('JETSON_SERIAL_NUMBER', '1421225046990'), ('_', '/usr/bin/colcon'), ('ROS_VERSION', '2'), ('XDG_SESSION_CLASS', 'user'), ('TERM', 'xterm-256color'), ('XDG_SESSION_ID', '7'), ('ROS_LOCALHOST_ONLY', '0'), ('PATH', '/opt/ros/humble/bin:/usr/local/cuda/bin:/usr/local/sbin:/usr/local/bin:/usr/sbin:/usr/bin:/sbin:/bin:/snap/bin'), ('FASTRTPS_DEFAULT_PROFILES_FILE', '/opt/booster/BoosterRos2/fastdds_profile.xml'), ('CUDA_ROOT', '/usr/local/cuda'), ('XDG_RUNTIME_DIR', '/run/user/1000'), ('LANG', 'en_US.UTF-8'), ('LS_COLORS', 'rs=0:di=01;34:ln=01;36:mh=00:pi=40;33:so=01;35:do=01;35:bd=40;33;01:cd=40;33;01:or=40;31;01:mi=00:su=37;41:sg=30;43:ca=30;41:tw=30;42:ow=34;42:st=37;44:ex=01;32:*.tar=01;31:*.tgz=01;31:*.arc=01;31:*.arj=01;31:*.taz=01;31:*.lha=01;31:*.lz4=01;31:*.lzh=01;31:*.lzma=01;31:*.tlz=01;31:*.txz=01;31:*.tzo=01;31:*.t7z=01;31:*.zip=01;31:*.z=01;31:*.dz=01;31:*.gz=01;31:*.lrz=01;31:*.lz=01;31:*.lzo=01;31:*.xz=01;31:*.zst=01;31:*.tzst=01;31:*.bz2=01;31:*.bz=01;31:*.tbz=01;31:*.tbz2=01;31:*.tz=01;31:*.deb=01;31:*.rpm=01;31:*.jar=01;31:*.war=01;31:*.ear=01;31:*.sar=01;31:*.rar=01;31:*.alz=01;31:*.ace=01;31:*.zoo=01;31:*.cpio=01;31:*.7z=01;31:*.rz=01;31:*.cab=01;31:*.wim=01;31:*.swm=01;31:*.dwm=01;31:*.esd=01;31:*.jpg=01;35:*.jpeg=01;35:*.mjpg=01;35:*.mjpeg=01;35:*.gif=01;35:*.bmp=01;35:*.pbm=01;35:*.pgm=01;35:*.ppm=01;35:*.tga=01;35:*.xbm=01;35:*.xpm=01;35:*.tif=01;35:*.tiff=01;35:*.png=01;35:*.svg=01;35:*.svgz=01;35:*.mng=01;35:*.pcx=01;35:*.mov=01;35:*.mpg=01;35:*.mpeg=01;35:*.m2v=01;35:*.mkv=01;35:*.webm=01;35:*.webp=01;35:*.ogm=01;35:*.mp4=01;35:*.m4v=01;35:*.mp4v=01;35:*.vob=01;35:*.qt=01;35:*.nuv=01;35:*.wmv=01;35:*.asf=01;35:*.rm=01;35:*.rmvb=01;35:*.flc=01;35:*.avi=01;35:*.fli=01;35:*.flv=01;35:*.gl=01;35:*.dl=01;35:*.xcf=01;35:*.xwd=01;35:*.yuv=01;35:*.cgm=01;35:*.emf=01;35:*.ogv=01;35:*.ogx=01;35:*.aac=00;36:*.au=00;36:*.flac=00;36:*.m4a=00;36:*.mid=00;36:*.midi=00;36:*.mka=00;36:*.mp3=00;36:*.mpc=00;36:*.ogg=00;36:*.ra=00;36:*.wav=00;36:*.oga=00;36:*.opus=00;36:*.spx=00;36:*.xspf=00;36:'), ('JETSON_SOC', 'tegra234'), ('VSCODE_GIT_IPC_HANDLE', '/run/user/1000/vscode-git-831b0def1b.sock'), ('TERM_PROGRAM', 'vscode'), ('AMENT_PREFIX_PATH', '/home/booster/Workspace/Booster_T1_3v3_Demo/install/vision_interface:/home/booster/Workspace/Booster_T1_3v3_Demo/install/game_controller_interface:/home/booster/Workspace/Booster_T1_3v3_Demo/install/booster_msgs:/home/booster/Workspace/Booster_T1_3v3_Demo/install/booster_interface:/opt/ros/humble'), ('SHELL', '/bin/bash'), ('LESSCLOSE', '/usr/bin/lesspipe %s %s'), ('VSCODE_GIT_ASKPASS_EXTRA_ARGS', ''), ('JETSON_CUDA_ARCH_BIN', '8.7'), ('PWD', '/home/booster/Workspace/Booster_T1_3v3_Demo/build/brain'), ('SSH_CONNECTION', '192.168.10.10 52770 192.168.10.102 22'), ('XDG_DATA_DIRS', '/usr/share/gnome:/usr/local/share:/usr/share:/var/lib/snapd/desktop'), ('PYTHONPATH', '/home/booster/Workspace/Booster_T1_3v3_Demo/install/vision_interface/local/lib/python3.10/dist-packages:/home/booster/Workspace/Booster_T1_3v3_Demo/install/game_controller_interface/local/lib/python3.10/dist-packages:/home/booster/Workspace/Booster_T1_3v3_Demo/install/booster_msgs/local/lib/python3.10/dist-packages:/home/booster/Workspace/Booster_T1_3v3_Demo/install/booster_interface/local/lib/python3.10/dist-packages:/opt/ros/humble/lib/python3.10/site-packages:/opt/ros/humble/local/lib/python3.10/dist-packages'), ('COLCON', '1'), ('JETSON_JETPACK', '6.2'), ('JETSON_P_NUMBER', 'p3701-0004'), ('CMAKE_PREFIX_PATH', '/home/booster/Workspace/Booster_T1_3v3_Demo/install/vision_interface:/home/booster/Workspace/Booster_T1_3v3_Demo/install/game_controller_interface:/home/booster/Workspace/Booster_T1_3v3_Demo/install/booster_msgs:/home/booster/Workspace/Booster_T1_3v3_Demo/install/booster_interface:/opt/ros/humble')]), 'shell': False}
[4.581395] (game_controller) StdoutLine: {'line': b'[100%] Built target game_controller_node\n'}
[4.614232] (game_controller) CommandEnded: {'returncode': 0}
[4.619723] (game_controller) JobProgress: {'identifier': 'game_controller', 'progress': 'install'}
[4.619945] (game_controller) Command: {'cmd': ['/usr/bin/cmake', '--install', '/home/booster/Workspace/Booster_T1_3v3_Demo/build/game_controller'], 'cwd': '/home/booster/Workspace/Booster_T1_3v3_Demo/build/game_controller', 'env': OrderedDict([('LESSOPEN', '| /usr/bin/lesspipe %s'), ('PYTHONWARNINGS', 'ignore::DeprecationWarning,ignore::UserWarning,ignore::FutureWarning'), ('USER', 'booster'), ('SSH_CLIENT', '192.168.10.10 52770 22'), ('XDG_SESSION_TYPE', 'tty'), ('GIT_ASKPASS', '/home/booster/.cursor-server/bin/63fcac100bd5d5749f2a98aa47d65f6eca61db30/extensions/git/dist/askpass.sh'), ('SHLVL', '2'), ('LD_LIBRARY_PATH', '/home/booster/Workspace/Booster_T1_3v3_Demo/install/game_controller_interface/lib:/opt/ros/humble/opt/rviz_ogre_vendor/lib:/opt/ros/humble/lib/aarch64-linux-gnu:/opt/ros/humble/lib:/usr/local/cuda/lib64'), ('BROWSER', '/home/booster/.cursor-server/bin/63fcac100bd5d5749f2a98aa47d65f6eca61db30/bin/helpers/browser.sh'), ('MOTD_SHOWN', 'pam'), ('HOME', '/home/booster'), ('OLDPWD', '/home/booster/Workspace/Booster_T1_3v3_Demo/scripts'), ('TERM_PROGRAM_VERSION', '2.0.69'), ('VSCODE_IPC_HOOK_CLI', '/run/user/1000/vscode-ipc-5b4b5a5b-4170-49e5-94eb-b1b77f1b1ddc.sock'), ('JETSON_L4T', '36.4.3'), ('ROS_PYTHON_VERSION', '3'), ('JETSON_MODEL', 'Booster T1 AGX Orin V2.1'), ('VSCODE_GIT_ASKPASS_MAIN', '/home/booster/.cursor-server/bin/63fcac100bd5d5749f2a98aa47d65f6eca61db30/extensions/git/dist/askpass-main.js'), ('VSCODE_GIT_ASKPASS_NODE', '/home/booster/.cursor-server/bin/63fcac100bd5d5749f2a98aa47d65f6eca61db30/node'), ('DBUS_SESSION_BUS_ADDRESS', 'unix:path=/run/user/1000/bus'), ('COLORTERM', 'truecolor'), ('ROS_DISTRO', 'humble'), ('LOGNAME', 'booster'), ('JETSON_MODULE', 'NVIDIA Jetson AGX Orin (32GB ram)'), ('JETSON_SERIAL_NUMBER', '1421225046990'), ('_', '/usr/bin/colcon'), ('ROS_VERSION', '2'), ('XDG_SESSION_CLASS', 'user'), ('TERM', 'xterm-256color'), ('XDG_SESSION_ID', '7'), ('ROS_LOCALHOST_ONLY', '0'), ('PATH', '/opt/ros/humble/bin:/usr/local/cuda/bin:/usr/local/sbin:/usr/local/bin:/usr/sbin:/usr/bin:/sbin:/bin:/snap/bin'), ('FASTRTPS_DEFAULT_PROFILES_FILE', '/opt/booster/BoosterRos2/fastdds_profile.xml'), ('CUDA_ROOT', '/usr/local/cuda'), ('XDG_RUNTIME_DIR', '/run/user/1000'), ('LANG', 'en_US.UTF-8'), ('LS_COLORS', 'rs=0:di=01;34:ln=01;36:mh=00:pi=40;33:so=01;35:do=01;35:bd=40;33;01:cd=40;33;01:or=40;31;01:mi=00:su=37;41:sg=30;43:ca=30;41:tw=30;42:ow=34;42:st=37;44:ex=01;32:*.tar=01;31:*.tgz=01;31:*.arc=01;31:*.arj=01;31:*.taz=01;31:*.lha=01;31:*.lz4=01;31:*.lzh=01;31:*.lzma=01;31:*.tlz=01;31:*.txz=01;31:*.tzo=01;31:*.t7z=01;31:*.zip=01;31:*.z=01;31:*.dz=01;31:*.gz=01;31:*.lrz=01;31:*.lz=01;31:*.lzo=01;31:*.xz=01;31:*.zst=01;31:*.tzst=01;31:*.bz2=01;31:*.bz=01;31:*.tbz=01;31:*.tbz2=01;31:*.tz=01;31:*.deb=01;31:*.rpm=01;31:*.jar=01;31:*.war=01;31:*.ear=01;31:*.sar=01;31:*.rar=01;31:*.alz=01;31:*.ace=01;31:*.zoo=01;31:*.cpio=01;31:*.7z=01;31:*.rz=01;31:*.cab=01;31:*.wim=01;31:*.swm=01;31:*.dwm=01;31:*.esd=01;31:*.jpg=01;35:*.jpeg=01;35:*.mjpg=01;35:*.mjpeg=01;35:*.gif=01;35:*.bmp=01;35:*.pbm=01;35:*.pgm=01;35:*.ppm=01;35:*.tga=01;35:*.xbm=01;35:*.xpm=01;35:*.tif=01;35:*.tiff=01;35:*.png=01;35:*.svg=01;35:*.svgz=01;35:*.mng=01;35:*.pcx=01;35:*.mov=01;35:*.mpg=01;35:*.mpeg=01;35:*.m2v=01;35:*.mkv=01;35:*.webm=01;35:*.webp=01;35:*.ogm=01;35:*.mp4=01;35:*.m4v=01;35:*.mp4v=01;35:*.vob=01;35:*.qt=01;35:*.nuv=01;35:*.wmv=01;35:*.asf=01;35:*.rm=01;35:*.rmvb=01;35:*.flc=01;35:*.avi=01;35:*.fli=01;35:*.flv=01;35:*.gl=01;35:*.dl=01;35:*.xcf=01;35:*.xwd=01;35:*.yuv=01;35:*.cgm=01;35:*.emf=01;35:*.ogv=01;35:*.ogx=01;35:*.aac=00;36:*.au=00;36:*.flac=00;36:*.m4a=00;36:*.mid=00;36:*.midi=00;36:*.mka=00;36:*.mp3=00;36:*.mpc=00;36:*.ogg=00;36:*.ra=00;36:*.wav=00;36:*.oga=00;36:*.opus=00;36:*.spx=00;36:*.xspf=00;36:'), ('JETSON_SOC', 'tegra234'), ('VSCODE_GIT_IPC_HANDLE', '/run/user/1000/vscode-git-831b0def1b.sock'), ('TERM_PROGRAM', 'vscode'), ('AMENT_PREFIX_PATH', '/home/booster/Workspace/Booster_T1_3v3_Demo/install/game_controller_interface:/opt/ros/humble'), ('SHELL', '/bin/bash'), ('LESSCLOSE', '/usr/bin/lesspipe %s %s'), ('VSCODE_GIT_ASKPASS_EXTRA_ARGS', ''), ('JETSON_CUDA_ARCH_BIN', '8.7'), ('PWD', '/home/booster/Workspace/Booster_T1_3v3_Demo/build/game_controller'), ('SSH_CONNECTION', '192.168.10.10 52770 192.168.10.102 22'), ('XDG_DATA_DIRS', '/usr/share/gnome:/usr/local/share:/usr/share:/var/lib/snapd/desktop'), ('PYTHONPATH', '/home/booster/Workspace/Booster_T1_3v3_Demo/install/game_controller_interface/local/lib/python3.10/dist-packages:/opt/ros/humble/lib/python3.10/site-packages:/opt/ros/humble/local/lib/python3.10/dist-packages'), ('COLCON', '1'), ('JETSON_JETPACK', '6.2'), ('JETSON_P_NUMBER', 'p3701-0004'), ('CMAKE_PREFIX_PATH', '/home/booster/Workspace/Booster_T1_3v3_Demo/install/game_controller_interface:/opt/ros/humble')]), 'shell': False}
[4.640643] (-) TimerEvent: {}
[4.646965] (vision) StdoutLine: {'line': b'[ 42%] Built target booster_vision_base\n'}
[4.658747] (game_controller) StdoutLine: {'line': b'-- Install configuration: ""\n'}
[4.660008] (game_controller) StdoutLine: {'line': b'-- Execute custom install script\n'}
[4.661821] (game_controller) StdoutLine: {'line': b'-- Up-to-date symlink: /home/booster/Workspace/Booster_T1_3v3_Demo/install/game_controller/share/game_controller/launch/launch.py\n'}
[4.663308] (game_controller) StdoutLine: {'line': b'-- Up-to-date symlink: /home/booster/Workspace/Booster_T1_3v3_Demo/install/game_controller/lib/game_controller/game_controller_node\n'}
[4.664502] (game_controller) StdoutLine: {'line': b'-- Up-to-date symlink: /home/booster/Workspace/Booster_T1_3v3_Demo/install/game_controller/share/ament_index/resource_index/package_run_dependencies/game_controller\n'}
[4.664954] (game_controller) StdoutLine: {'line': b'-- Up-to-date symlink: /home/booster/Workspace/Booster_T1_3v3_Demo/install/game_controller/share/ament_index/resource_index/parent_prefix_path/game_controller\n'}
[4.665774] (game_controller) StdoutLine: {'line': b'-- Up-to-date symlink: /home/booster/Workspace/Booster_T1_3v3_Demo/install/game_controller/share/game_controller/environment/ament_prefix_path.sh\n'}
[4.667030] (game_controller) StdoutLine: {'line': b'-- Up-to-date symlink: /home/booster/Workspace/Booster_T1_3v3_Demo/install/game_controller/share/game_controller/environment/ament_prefix_path.dsv\n'}
[4.667243] (game_controller) StdoutLine: {'line': b'-- Up-to-date symlink: /home/booster/Workspace/Booster_T1_3v3_Demo/install/game_controller/share/game_controller/environment/path.sh\n'}
[4.668044] (game_controller) StdoutLine: {'line': b'-- Up-to-date symlink: /home/booster/Workspace/Booster_T1_3v3_Demo/install/game_controller/share/game_controller/environment/path.dsv\n'}
[4.668222] (game_controller) StdoutLine: {'line': b'-- Up-to-date symlink: /home/booster/Workspace/Booster_T1_3v3_Demo/install/game_controller/share/game_controller/local_setup.bash\n'}
[4.670089] (game_controller) StdoutLine: {'line': b'-- Up-to-date symlink: /home/booster/Workspace/Booster_T1_3v3_Demo/install/game_controller/share/game_controller/local_setup.sh\n'}
[4.670340] (game_controller) StdoutLine: {'line': b'-- Up-to-date symlink: /home/booster/Workspace/Booster_T1_3v3_Demo/install/game_controller/share/game_controller/local_setup.zsh\n'}
[4.670571] (game_controller) StdoutLine: {'line': b'-- Up-to-date symlink: /home/booster/Workspace/Booster_T1_3v3_Demo/install/game_controller/share/game_controller/local_setup.dsv\n'}
[4.670723] (game_controller) StdoutLine: {'line': b'-- Symlinking: /home/booster/Workspace/Booster_T1_3v3_Demo/install/game_controller/share/game_controller/package.dsv\n'}
[4.693238] (sound_play) StdoutLine: {'line': b'running build_ext\n'}
[4.694806] (sound_play) StdoutLine: {'line': b'Creating /home/booster/Workspace/Booster_T1_3v3_Demo/install/sound_play/lib/python3.10/site-packages/sound-play.egg-link (link to .)\n'}
[4.702987] (sound_play) StdoutLine: {'line': b'Installing sound_play_node script to /home/booster/Workspace/Booster_T1_3v3_Demo/install/sound_play/lib/sound_play\n'}
[4.704507] (sound_play) StdoutLine: {'line': b'\n'}
[4.704886] (sound_play) StdoutLine: {'line': b'Installed /home/booster/Workspace/Booster_T1_3v3_Demo/build/sound_play\n'}
[4.705023] (sound_play) StdoutLine: {'line': b'running symlink_data\n'}
[4.728607] (game_controller) StdoutLine: {'line': b'-- Up-to-date symlink: /home/booster/Workspace/Booster_T1_3v3_Demo/install/game_controller/share/ament_index/resource_index/packages/game_controller\n'}
[4.729134] (game_controller) StdoutLine: {'line': b'-- Up-to-date symlink: /home/booster/Workspace/Booster_T1_3v3_Demo/install/game_controller/share/game_controller/cmake/game_controllerConfig.cmake\n'}
[4.729300] (game_controller) StdoutLine: {'line': b'-- Up-to-date symlink: /home/booster/Workspace/Booster_T1_3v3_Demo/install/game_controller/share/game_controller/cmake/game_controllerConfig-version.cmake\n'}
[4.729417] (game_controller) StdoutLine: {'line': b'-- Up-to-date symlink: /home/booster/Workspace/Booster_T1_3v3_Demo/install/game_controller/share/game_controller/package.xml\n'}
[4.736734] (game_controller) CommandEnded: {'returncode': 0}
[4.738038] (brain) StdoutLine: {'line': b'[  2%] Built target brain__cpp\n'}
[4.740686] (-) TimerEvent: {}
[4.768388] (vision) StdoutLine: {'line': b'[ 48%] Built target yolov8_seg\n'}
[4.807662] (game_controller) JobEnded: {'identifier': 'game_controller', 'rc': 0}
[4.839492] (brain) StdoutLine: {'line': b'[  2%] Built target ament_cmake_python_symlink_brain\n'}
[4.840810] (-) TimerEvent: {}
[4.846604] (vision) StdoutLine: {'line': b'[ 57%] Built target booster_vision_calibration\n'}
[4.917262] (sound_play) CommandEnded: {'returncode': 0}
[4.922994] (brain) StdoutLine: {'line': b'[  9%] Built target brain__rosidl_typesupport_introspection_cpp\n'}
[4.923576] (vision) StdoutLine: {'line': b'[ 63%] Built target yolov8_det\n'}
[4.941568] (-) TimerEvent: {}
[4.954421] (sound_play) JobEnded: {'identifier': 'sound_play', 'rc': 0}
[5.012939] (vision) StdoutLine: {'line': b'[ 72%] Built target yolov8_model\n'}
[5.041807] (-) TimerEvent: {}
[5.083810] (vision) StdoutLine: {'line': b'[ 78%] Built target booster_vision_pose_estimator\n'}
[5.142079] (-) TimerEvent: {}
[5.165882] (vision) StdoutLine: {'line': b'[ 90%] Built target vision_node\n'}
[5.242236] (-) TimerEvent: {}
[5.246484] (vision) StdoutLine: {'line': b'[100%] Built target calibration_node\n'}
[5.285893] (vision) CommandEnded: {'returncode': 0}
[5.286962] (vision) JobProgress: {'identifier': 'vision', 'progress': 'install'}
[5.287029] (vision) Command: {'cmd': ['/usr/bin/cmake', '--install', '/home/booster/Workspace/Booster_T1_3v3_Demo/build/vision'], 'cwd': '/home/booster/Workspace/Booster_T1_3v3_Demo/build/vision', 'env': OrderedDict([('LESSOPEN', '| /usr/bin/lesspipe %s'), ('PYTHONWARNINGS', 'ignore::DeprecationWarning,ignore::UserWarning,ignore::FutureWarning'), ('USER', 'booster'), ('SSH_CLIENT', '192.168.10.10 52770 22'), ('XDG_SESSION_TYPE', 'tty'), ('GIT_ASKPASS', '/home/booster/.cursor-server/bin/63fcac100bd5d5749f2a98aa47d65f6eca61db30/extensions/git/dist/askpass.sh'), ('SHLVL', '2'), ('LD_LIBRARY_PATH', '/home/booster/Workspace/Booster_T1_3v3_Demo/install/vision_interface/lib:/opt/ros/humble/opt/rviz_ogre_vendor/lib:/opt/ros/humble/lib/aarch64-linux-gnu:/opt/ros/humble/lib:/usr/local/cuda/lib64'), ('BROWSER', '/home/booster/.cursor-server/bin/63fcac100bd5d5749f2a98aa47d65f6eca61db30/bin/helpers/browser.sh'), ('MOTD_SHOWN', 'pam'), ('HOME', '/home/booster'), ('OLDPWD', '/home/booster/Workspace/Booster_T1_3v3_Demo/scripts'), ('TERM_PROGRAM_VERSION', '2.0.69'), ('VSCODE_IPC_HOOK_CLI', '/run/user/1000/vscode-ipc-5b4b5a5b-4170-49e5-94eb-b1b77f1b1ddc.sock'), ('JETSON_L4T', '36.4.3'), ('ROS_PYTHON_VERSION', '3'), ('JETSON_MODEL', 'Booster T1 AGX Orin V2.1'), ('VSCODE_GIT_ASKPASS_MAIN', '/home/booster/.cursor-server/bin/63fcac100bd5d5749f2a98aa47d65f6eca61db30/extensions/git/dist/askpass-main.js'), ('VSCODE_GIT_ASKPASS_NODE', '/home/booster/.cursor-server/bin/63fcac100bd5d5749f2a98aa47d65f6eca61db30/node'), ('DBUS_SESSION_BUS_ADDRESS', 'unix:path=/run/user/1000/bus'), ('COLORTERM', 'truecolor'), ('ROS_DISTRO', 'humble'), ('LOGNAME', 'booster'), ('JETSON_MODULE', 'NVIDIA Jetson AGX Orin (32GB ram)'), ('JETSON_SERIAL_NUMBER', '1421225046990'), ('_', '/usr/bin/colcon'), ('ROS_VERSION', '2'), ('XDG_SESSION_CLASS', 'user'), ('TERM', 'xterm-256color'), ('XDG_SESSION_ID', '7'), ('ROS_LOCALHOST_ONLY', '0'), ('PATH', '/opt/ros/humble/bin:/usr/local/cuda/bin:/usr/local/sbin:/usr/local/bin:/usr/sbin:/usr/bin:/sbin:/bin:/snap/bin'), ('FASTRTPS_DEFAULT_PROFILES_FILE', '/opt/booster/BoosterRos2/fastdds_profile.xml'), ('CUDA_ROOT', '/usr/local/cuda'), ('XDG_RUNTIME_DIR', '/run/user/1000'), ('LANG', 'en_US.UTF-8'), ('LS_COLORS', 'rs=0:di=01;34:ln=01;36:mh=00:pi=40;33:so=01;35:do=01;35:bd=40;33;01:cd=40;33;01:or=40;31;01:mi=00:su=37;41:sg=30;43:ca=30;41:tw=30;42:ow=34;42:st=37;44:ex=01;32:*.tar=01;31:*.tgz=01;31:*.arc=01;31:*.arj=01;31:*.taz=01;31:*.lha=01;31:*.lz4=01;31:*.lzh=01;31:*.lzma=01;31:*.tlz=01;31:*.txz=01;31:*.tzo=01;31:*.t7z=01;31:*.zip=01;31:*.z=01;31:*.dz=01;31:*.gz=01;31:*.lrz=01;31:*.lz=01;31:*.lzo=01;31:*.xz=01;31:*.zst=01;31:*.tzst=01;31:*.bz2=01;31:*.bz=01;31:*.tbz=01;31:*.tbz2=01;31:*.tz=01;31:*.deb=01;31:*.rpm=01;31:*.jar=01;31:*.war=01;31:*.ear=01;31:*.sar=01;31:*.rar=01;31:*.alz=01;31:*.ace=01;31:*.zoo=01;31:*.cpio=01;31:*.7z=01;31:*.rz=01;31:*.cab=01;31:*.wim=01;31:*.swm=01;31:*.dwm=01;31:*.esd=01;31:*.jpg=01;35:*.jpeg=01;35:*.mjpg=01;35:*.mjpeg=01;35:*.gif=01;35:*.bmp=01;35:*.pbm=01;35:*.pgm=01;35:*.ppm=01;35:*.tga=01;35:*.xbm=01;35:*.xpm=01;35:*.tif=01;35:*.tiff=01;35:*.png=01;35:*.svg=01;35:*.svgz=01;35:*.mng=01;35:*.pcx=01;35:*.mov=01;35:*.mpg=01;35:*.mpeg=01;35:*.m2v=01;35:*.mkv=01;35:*.webm=01;35:*.webp=01;35:*.ogm=01;35:*.mp4=01;35:*.m4v=01;35:*.mp4v=01;35:*.vob=01;35:*.qt=01;35:*.nuv=01;35:*.wmv=01;35:*.asf=01;35:*.rm=01;35:*.rmvb=01;35:*.flc=01;35:*.avi=01;35:*.fli=01;35:*.flv=01;35:*.gl=01;35:*.dl=01;35:*.xcf=01;35:*.xwd=01;35:*.yuv=01;35:*.cgm=01;35:*.emf=01;35:*.ogv=01;35:*.ogx=01;35:*.aac=00;36:*.au=00;36:*.flac=00;36:*.m4a=00;36:*.mid=00;36:*.midi=00;36:*.mka=00;36:*.mp3=00;36:*.mpc=00;36:*.ogg=00;36:*.ra=00;36:*.wav=00;36:*.oga=00;36:*.opus=00;36:*.spx=00;36:*.xspf=00;36:'), ('JETSON_SOC', 'tegra234'), ('VSCODE_GIT_IPC_HANDLE', '/run/user/1000/vscode-git-831b0def1b.sock'), ('TERM_PROGRAM', 'vscode'), ('AMENT_PREFIX_PATH', '/home/booster/Workspace/Booster_T1_3v3_Demo/install/vision_interface:/opt/ros/humble'), ('SHELL', '/bin/bash'), ('LESSCLOSE', '/usr/bin/lesspipe %s %s'), ('VSCODE_GIT_ASKPASS_EXTRA_ARGS', ''), ('JETSON_CUDA_ARCH_BIN', '8.7'), ('PWD', '/home/booster/Workspace/Booster_T1_3v3_Demo/build/vision'), ('SSH_CONNECTION', '192.168.10.10 52770 192.168.10.102 22'), ('XDG_DATA_DIRS', '/usr/share/gnome:/usr/local/share:/usr/share:/var/lib/snapd/desktop'), ('PYTHONPATH', '/home/booster/Workspace/Booster_T1_3v3_Demo/install/vision_interface/local/lib/python3.10/dist-packages:/opt/ros/humble/lib/python3.10/site-packages:/opt/ros/humble/local/lib/python3.10/dist-packages'), ('COLCON', '1'), ('JETSON_JETPACK', '6.2'), ('JETSON_P_NUMBER', 'p3701-0004'), ('CMAKE_PREFIX_PATH', '/home/booster/Workspace/Booster_T1_3v3_Demo/install/vision_interface:/opt/ros/humble')]), 'shell': False}
[5.317281] (vision) StdoutLine: {'line': b'-- Install configuration: ""\n'}
[5.318114] (vision) StdoutLine: {'line': b'-- Execute custom install script\n'}
[5.319350] (vision) StdoutLine: {'line': b'-- Up-to-date symlink: /home/booster/Workspace/Booster_T1_3v3_Demo/install/vision/lib/libbooster_vision_base.so\n'}
[5.320073] (vision) StdoutLine: {'line': b'-- Up-to-date symlink: /home/booster/Workspace/Booster_T1_3v3_Demo/install/vision/lib/libyolov8_trt.so\n'}
[5.321832] (vision) StdoutLine: {'line': b'-- Up-to-date symlink: /home/booster/Workspace/Booster_T1_3v3_Demo/install/vision/lib/vision/yolov8_det\n'}
[5.322573] (vision) StdoutLine: {'line': b'-- Up-to-date symlink: /home/booster/Workspace/Booster_T1_3v3_Demo/install/vision/lib/vision/yolov8_seg\n'}
[5.322706] (vision) StdoutLine: {'line': b'-- Up-to-date symlink: /home/booster/Workspace/Booster_T1_3v3_Demo/install/vision/lib/libyolov8_model.so\n'}
[5.322814] (vision) StdoutLine: {'line': b'-- Up-to-date symlink: /home/booster/Workspace/Booster_T1_3v3_Demo/install/vision/lib/libbooster_vision_pose_estimator.so\n'}
[5.323844] (vision) StdoutLine: {'line': b'-- Up-to-date symlink: /home/booster/Workspace/Booster_T1_3v3_Demo/install/vision/lib/vision/calibration_node\n'}
[5.324264] (vision) StdoutLine: {'line': b'-- Up-to-date symlink: /home/booster/Workspace/Booster_T1_3v3_Demo/install/vision/lib/libbooster_vision_calibration.so\n'}
[5.324825] (vision) StdoutLine: {'line': b'-- Up-to-date symlink: /home/booster/Workspace/Booster_T1_3v3_Demo/install/vision/lib/vision/vision_node\n'}
[5.325368] (vision) StdoutLine: {'line': b'-- Up-to-date symlink: /home/booster/Workspace/Booster_T1_3v3_Demo/install/vision/share/vision/launch/launch.py\n'}
[5.325730] (vision) StdoutLine: {'line': b'-- Up-to-date symlink: /home/booster/Workspace/Booster_T1_3v3_Demo/install/vision/share/vision/config/field.yaml\n'}
[5.325922] (vision) StdoutLine: {'line': b'-- Up-to-date symlink: /home/booster/Workspace/Booster_T1_3v3_Demo/install/vision/share/vision/config/vision.yaml\n'}
[5.327110] (vision) StdoutLine: {'line': b'-- Up-to-date symlink: /home/booster/Workspace/Booster_T1_3v3_Demo/install/vision/share/vision/model/best_orin.engine\n'}
[5.327322] (vision) StdoutLine: {'line': b'-- Up-to-date symlink: /home/booster/Workspace/Booster_T1_3v3_Demo/install/vision/share/vision/model/best_orin_10.3.engine\n'}
[5.327472] (vision) StdoutLine: {'line': b'-- Up-to-date symlink: /home/booster/Workspace/Booster_T1_3v3_Demo/install/vision/share/vision/model/best_seg_orin.engine\n'}
[5.327639] (vision) StdoutLine: {'line': b'-- Up-to-date symlink: /home/booster/Workspace/Booster_T1_3v3_Demo/install/vision/share/vision/model/best_seg_orin_10.3.engine\n'}
[5.327739] (vision) StdoutLine: {'line': b'-- Up-to-date symlink: /home/booster/Workspace/Booster_T1_3v3_Demo/install/vision/share/ament_index/resource_index/package_run_dependencies/vision\n'}
[5.327884] (vision) StdoutLine: {'line': b'-- Up-to-date symlink: /home/booster/Workspace/Booster_T1_3v3_Demo/install/vision/share/ament_index/resource_index/parent_prefix_path/vision\n'}
[5.328050] (vision) StdoutLine: {'line': b'-- Up-to-date symlink: /home/booster/Workspace/Booster_T1_3v3_Demo/install/vision/share/vision/environment/ament_prefix_path.sh\n'}
[5.328153] (vision) StdoutLine: {'line': b'-- Up-to-date symlink: /home/booster/Workspace/Booster_T1_3v3_Demo/install/vision/share/vision/environment/ament_prefix_path.dsv\n'}
[5.328572] (vision) StdoutLine: {'line': b'-- Up-to-date symlink: /home/booster/Workspace/Booster_T1_3v3_Demo/install/vision/share/vision/environment/path.sh\n'}
[5.328802] (vision) StdoutLine: {'line': b'-- Up-to-date symlink: /home/booster/Workspace/Booster_T1_3v3_Demo/install/vision/share/vision/environment/path.dsv\n'}
[5.328953] (vision) StdoutLine: {'line': b'-- Up-to-date symlink: /home/booster/Workspace/Booster_T1_3v3_Demo/install/vision/share/vision/local_setup.bash\n'}
[5.335815] (vision) StdoutLine: {'line': b'-- Up-to-date symlink: /home/booster/Workspace/Booster_T1_3v3_Demo/install/vision/share/vision/local_setup.sh\n'}
[5.336347] (vision) StdoutLine: {'line': b'-- Up-to-date symlink: /home/booster/Workspace/Booster_T1_3v3_Demo/install/vision/share/vision/local_setup.zsh\n'}
[5.336651] (vision) StdoutLine: {'line': b'-- Up-to-date symlink: /home/booster/Workspace/Booster_T1_3v3_Demo/install/vision/share/vision/local_setup.dsv\n'}
[5.342467] (-) TimerEvent: {}
[5.343868] (vision) StdoutLine: {'line': b'-- Symlinking: /home/booster/Workspace/Booster_T1_3v3_Demo/install/vision/share/vision/package.dsv\n'}
[5.371789] (vision) StdoutLine: {'line': b'-- Up-to-date symlink: /home/booster/Workspace/Booster_T1_3v3_Demo/install/vision/share/ament_index/resource_index/packages/vision\n'}
[5.372480] (vision) StdoutLine: {'line': b'-- Up-to-date symlink: /home/booster/Workspace/Booster_T1_3v3_Demo/install/vision/share/vision/cmake/ament_cmake_export_include_directories-extras.cmake\n'}
[5.372742] (vision) StdoutLine: {'line': b'-- Up-to-date symlink: /home/booster/Workspace/Booster_T1_3v3_Demo/install/vision/share/vision/cmake/visionConfig.cmake\n'}
[5.372888] (vision) StdoutLine: {'line': b'-- Up-to-date symlink: /home/booster/Workspace/Booster_T1_3v3_Demo/install/vision/share/vision/cmake/visionConfig-version.cmake\n'}
[5.373003] (vision) StdoutLine: {'line': b'-- Up-to-date symlink: /home/booster/Workspace/Booster_T1_3v3_Demo/install/vision/share/vision/package.xml\n'}
[5.373355] (vision) StdoutLine: {'line': b'-- Up-to-date: /home/booster/Workspace/Booster_T1_3v3_Demo/install/vision/lib\n'}
[5.373567] (vision) StdoutLine: {'line': b'-- Up-to-date: /home/booster/Workspace/Booster_T1_3v3_Demo/install/vision/lib/libceres.so\n'}
[5.373743] (vision) StdoutLine: {'line': b'-- Up-to-date: /home/booster/Workspace/Booster_T1_3v3_Demo/install/vision/lib/cmake\n'}
[5.373869] (vision) StdoutLine: {'line': b'-- Up-to-date: /home/booster/Workspace/Booster_T1_3v3_Demo/install/vision/lib/cmake/Ceres\n'}
[5.374252] (vision) StdoutLine: {'line': b'-- Up-to-date: /home/booster/Workspace/Booster_T1_3v3_Demo/install/vision/lib/libceres.so.4\n'}
[5.374446] (vision) StdoutLine: {'line': b'-- Up-to-date: /home/booster/Workspace/Booster_T1_3v3_Demo/install/vision/lib/libceres.so.2.2.0\n'}
[5.379015] (vision) CommandEnded: {'returncode': 0}
[5.425972] (vision) JobEnded: {'identifier': 'vision', 'rc': 0}
[5.442739] (-) TimerEvent: {}
[5.535187] (brain) StdoutLine: {'line': b'running egg_info\n'}
[5.537043] (brain) StdoutLine: {'line': b'writing brain.egg-info/PKG-INFO\n'}
[5.537554] (brain) StdoutLine: {'line': b'writing dependency_links to brain.egg-info/dependency_links.txt\n'}
[5.537977] (brain) StdoutLine: {'line': b'writing top-level names to brain.egg-info/top_level.txt\n'}
[5.542944] (-) TimerEvent: {}
[5.543799] (brain) StdoutLine: {'line': b"reading manifest file 'brain.egg-info/SOURCES.txt'\n"}
[5.545461] (brain) StdoutLine: {'line': b"writing manifest file 'brain.egg-info/SOURCES.txt'\n"}
[5.637399] (brain) StdoutLine: {'line': b'[  9%] Built target ament_cmake_python_build_brain_egg\n'}
[5.643138] (-) TimerEvent: {}
[5.692830] (brain) StdoutLine: {'line': b'[ 17%] Built target brain__rosidl_typesupport_fastrtps_cpp\n'}
[5.743291] (-) TimerEvent: {}
[5.746440] (brain) StdoutLine: {'line': b'[ 24%] Built target brain__rosidl_typesupport_cpp\n'}
[5.803232] (brain) StdoutLine: {'line': b'[ 31%] Built target brain__rosidl_generator_c\n'}
[5.843514] (-) TimerEvent: {}
[5.850201] (brain) StdoutLine: {'line': b'\x1b[35m\x1b[1mConsolidate compiler generated dependencies of target brain_node\x1b[0m\n'}
[5.943657] (-) TimerEvent: {}
[5.981480] (brain) StdoutLine: {'line': b'[ 56%] Built target brain_node\n'}
[6.031581] (brain) StdoutLine: {'line': b'[ 63%] Built target brain__rosidl_typesupport_c\n'}
[6.043826] (-) TimerEvent: {}
[6.082786] (brain) StdoutLine: {'line': b'[ 70%] Built target brain__rosidl_typesupport_introspection_c\n'}
[6.131729] (brain) StdoutLine: {'line': b'[ 78%] Built target brain__rosidl_typesupport_fastrtps_c\n'}
[6.143977] (-) TimerEvent: {}
[6.177210] (brain) StdoutLine: {'line': b'[ 78%] Built target brain\n'}
[6.232937] (brain) StdoutLine: {'line': b'[ 80%] Built target brain__py\n'}
[6.244172] (-) TimerEvent: {}
[6.293361] (brain) StdoutLine: {'line': b'[ 85%] Built target brain__rosidl_generator_py\n'}
[6.344129] (brain) StdoutLine: {'line': b'[ 90%] Built target brain__rosidl_typesupport_fastrtps_c__pyext\n'}
[6.344616] (-) TimerEvent: {}
[6.395050] (brain) StdoutLine: {'line': b'[ 95%] Built target brain__rosidl_typesupport_c__pyext\n'}
[6.444806] (-) TimerEvent: {}
[6.452419] (brain) StdoutLine: {'line': b'[100%] Built target brain__rosidl_typesupport_introspection_c__pyext\n'}
[6.486937] (brain) CommandEnded: {'returncode': 0}
[6.489537] (brain) JobProgress: {'identifier': 'brain', 'progress': 'install'}
[6.489691] (brain) Command: {'cmd': ['/usr/bin/cmake', '--install', '/home/booster/Workspace/Booster_T1_3v3_Demo/build/brain'], 'cwd': '/home/booster/Workspace/Booster_T1_3v3_Demo/build/brain', 'env': OrderedDict([('LESSOPEN', '| /usr/bin/lesspipe %s'), ('PYTHONWARNINGS', 'ignore::DeprecationWarning,ignore::UserWarning,ignore::FutureWarning'), ('USER', 'booster'), ('SSH_CLIENT', '192.168.10.10 52770 22'), ('XDG_SESSION_TYPE', 'tty'), ('GIT_ASKPASS', '/home/booster/.cursor-server/bin/63fcac100bd5d5749f2a98aa47d65f6eca61db30/extensions/git/dist/askpass.sh'), ('SHLVL', '2'), ('LD_LIBRARY_PATH', '/home/booster/Workspace/Booster_T1_3v3_Demo/install/vision_interface/lib:/home/booster/Workspace/Booster_T1_3v3_Demo/install/game_controller_interface/lib:/home/booster/Workspace/Booster_T1_3v3_Demo/install/booster_msgs/lib:/home/booster/Workspace/Booster_T1_3v3_Demo/install/booster_interface/lib:/opt/ros/humble/opt/rviz_ogre_vendor/lib:/opt/ros/humble/lib/aarch64-linux-gnu:/opt/ros/humble/lib:/usr/local/cuda/lib64'), ('BROWSER', '/home/booster/.cursor-server/bin/63fcac100bd5d5749f2a98aa47d65f6eca61db30/bin/helpers/browser.sh'), ('MOTD_SHOWN', 'pam'), ('HOME', '/home/booster'), ('OLDPWD', '/home/booster/Workspace/Booster_T1_3v3_Demo/scripts'), ('TERM_PROGRAM_VERSION', '2.0.69'), ('VSCODE_IPC_HOOK_CLI', '/run/user/1000/vscode-ipc-5b4b5a5b-4170-49e5-94eb-b1b77f1b1ddc.sock'), ('JETSON_L4T', '36.4.3'), ('ROS_PYTHON_VERSION', '3'), ('JETSON_MODEL', 'Booster T1 AGX Orin V2.1'), ('VSCODE_GIT_ASKPASS_MAIN', '/home/booster/.cursor-server/bin/63fcac100bd5d5749f2a98aa47d65f6eca61db30/extensions/git/dist/askpass-main.js'), ('VSCODE_GIT_ASKPASS_NODE', '/home/booster/.cursor-server/bin/63fcac100bd5d5749f2a98aa47d65f6eca61db30/node'), ('DBUS_SESSION_BUS_ADDRESS', 'unix:path=/run/user/1000/bus'), ('COLORTERM', 'truecolor'), ('ROS_DISTRO', 'humble'), ('LOGNAME', 'booster'), ('JETSON_MODULE', 'NVIDIA Jetson AGX Orin (32GB ram)'), ('JETSON_SERIAL_NUMBER', '1421225046990'), ('_', '/usr/bin/colcon'), ('ROS_VERSION', '2'), ('XDG_SESSION_CLASS', 'user'), ('TERM', 'xterm-256color'), ('XDG_SESSION_ID', '7'), ('ROS_LOCALHOST_ONLY', '0'), ('PATH', '/opt/ros/humble/bin:/usr/local/cuda/bin:/usr/local/sbin:/usr/local/bin:/usr/sbin:/usr/bin:/sbin:/bin:/snap/bin'), ('FASTRTPS_DEFAULT_PROFILES_FILE', '/opt/booster/BoosterRos2/fastdds_profile.xml'), ('CUDA_ROOT', '/usr/local/cuda'), ('XDG_RUNTIME_DIR', '/run/user/1000'), ('LANG', 'en_US.UTF-8'), ('LS_COLORS', 'rs=0:di=01;34:ln=01;36:mh=00:pi=40;33:so=01;35:do=01;35:bd=40;33;01:cd=40;33;01:or=40;31;01:mi=00:su=37;41:sg=30;43:ca=30;41:tw=30;42:ow=34;42:st=37;44:ex=01;32:*.tar=01;31:*.tgz=01;31:*.arc=01;31:*.arj=01;31:*.taz=01;31:*.lha=01;31:*.lz4=01;31:*.lzh=01;31:*.lzma=01;31:*.tlz=01;31:*.txz=01;31:*.tzo=01;31:*.t7z=01;31:*.zip=01;31:*.z=01;31:*.dz=01;31:*.gz=01;31:*.lrz=01;31:*.lz=01;31:*.lzo=01;31:*.xz=01;31:*.zst=01;31:*.tzst=01;31:*.bz2=01;31:*.bz=01;31:*.tbz=01;31:*.tbz2=01;31:*.tz=01;31:*.deb=01;31:*.rpm=01;31:*.jar=01;31:*.war=01;31:*.ear=01;31:*.sar=01;31:*.rar=01;31:*.alz=01;31:*.ace=01;31:*.zoo=01;31:*.cpio=01;31:*.7z=01;31:*.rz=01;31:*.cab=01;31:*.wim=01;31:*.swm=01;31:*.dwm=01;31:*.esd=01;31:*.jpg=01;35:*.jpeg=01;35:*.mjpg=01;35:*.mjpeg=01;35:*.gif=01;35:*.bmp=01;35:*.pbm=01;35:*.pgm=01;35:*.ppm=01;35:*.tga=01;35:*.xbm=01;35:*.xpm=01;35:*.tif=01;35:*.tiff=01;35:*.png=01;35:*.svg=01;35:*.svgz=01;35:*.mng=01;35:*.pcx=01;35:*.mov=01;35:*.mpg=01;35:*.mpeg=01;35:*.m2v=01;35:*.mkv=01;35:*.webm=01;35:*.webp=01;35:*.ogm=01;35:*.mp4=01;35:*.m4v=01;35:*.mp4v=01;35:*.vob=01;35:*.qt=01;35:*.nuv=01;35:*.wmv=01;35:*.asf=01;35:*.rm=01;35:*.rmvb=01;35:*.flc=01;35:*.avi=01;35:*.fli=01;35:*.flv=01;35:*.gl=01;35:*.dl=01;35:*.xcf=01;35:*.xwd=01;35:*.yuv=01;35:*.cgm=01;35:*.emf=01;35:*.ogv=01;35:*.ogx=01;35:*.aac=00;36:*.au=00;36:*.flac=00;36:*.m4a=00;36:*.mid=00;36:*.midi=00;36:*.mka=00;36:*.mp3=00;36:*.mpc=00;36:*.ogg=00;36:*.ra=00;36:*.wav=00;36:*.oga=00;36:*.opus=00;36:*.spx=00;36:*.xspf=00;36:'), ('JETSON_SOC', 'tegra234'), ('VSCODE_GIT_IPC_HANDLE', '/run/user/1000/vscode-git-831b0def1b.sock'), ('TERM_PROGRAM', 'vscode'), ('AMENT_PREFIX_PATH', '/home/booster/Workspace/Booster_T1_3v3_Demo/install/vision_interface:/home/booster/Workspace/Booster_T1_3v3_Demo/install/game_controller_interface:/home/booster/Workspace/Booster_T1_3v3_Demo/install/booster_msgs:/home/booster/Workspace/Booster_T1_3v3_Demo/install/booster_interface:/opt/ros/humble'), ('SHELL', '/bin/bash'), ('LESSCLOSE', '/usr/bin/lesspipe %s %s'), ('VSCODE_GIT_ASKPASS_EXTRA_ARGS', ''), ('JETSON_CUDA_ARCH_BIN', '8.7'), ('PWD', '/home/booster/Workspace/Booster_T1_3v3_Demo/build/brain'), ('SSH_CONNECTION', '192.168.10.10 52770 192.168.10.102 22'), ('XDG_DATA_DIRS', '/usr/share/gnome:/usr/local/share:/usr/share:/var/lib/snapd/desktop'), ('PYTHONPATH', '/home/booster/Workspace/Booster_T1_3v3_Demo/install/vision_interface/local/lib/python3.10/dist-packages:/home/booster/Workspace/Booster_T1_3v3_Demo/install/game_controller_interface/local/lib/python3.10/dist-packages:/home/booster/Workspace/Booster_T1_3v3_Demo/install/booster_msgs/local/lib/python3.10/dist-packages:/home/booster/Workspace/Booster_T1_3v3_Demo/install/booster_interface/local/lib/python3.10/dist-packages:/opt/ros/humble/lib/python3.10/site-packages:/opt/ros/humble/local/lib/python3.10/dist-packages'), ('COLCON', '1'), ('JETSON_JETPACK', '6.2'), ('JETSON_P_NUMBER', 'p3701-0004'), ('CMAKE_PREFIX_PATH', '/home/booster/Workspace/Booster_T1_3v3_Demo/install/vision_interface:/home/booster/Workspace/Booster_T1_3v3_Demo/install/game_controller_interface:/home/booster/Workspace/Booster_T1_3v3_Demo/install/booster_msgs:/home/booster/Workspace/Booster_T1_3v3_Demo/install/booster_interface:/opt/ros/humble')]), 'shell': False}
[6.518183] (brain) StdoutLine: {'line': b'-- Install configuration: ""\n'}
[6.518983] (brain) StdoutLine: {'line': b'-- Execute custom install script\n'}
[6.519693] (brain) StdoutLine: {'line': b'-- Up-to-date symlink: /home/booster/Workspace/Booster_T1_3v3_Demo/install/brain/share/ament_index/resource_index/rosidl_interfaces/brain\n'}
[6.521319] (brain) StdoutLine: {'line': b'-- Up-to-date symlink: /home/booster/Workspace/Booster_T1_3v3_Demo/install/brain/include/brain/brain/msg/detail/kick__functions.h\n'}
[6.522133] (brain) StdoutLine: {'line': b'-- Up-to-date symlink: /home/booster/Workspace/Booster_T1_3v3_Demo/install/brain/include/brain/brain/msg/detail/kick__struct.h\n'}
[6.522419] (brain) StdoutLine: {'line': b'-- Up-to-date symlink: /home/booster/Workspace/Booster_T1_3v3_Demo/install/brain/include/brain/brain/msg/detail/kick__type_support.h\n'}
[6.522560] (brain) StdoutLine: {'line': b'-- Up-to-date symlink: /home/booster/Workspace/Booster_T1_3v3_Demo/install/brain/include/brain/brain/msg/kick.h\n'}
[6.522786] (brain) StdoutLine: {'line': b'-- Up-to-date symlink: /home/booster/Workspace/Booster_T1_3v3_Demo/install/brain/include/brain/brain/msg/rosidl_generator_c__visibility_control.h\n'}
[6.522942] (brain) StdoutLine: {'line': b'-- Up-to-date symlink: /home/booster/Workspace/Booster_T1_3v3_Demo/install/brain/share/brain/environment/library_path.sh\n'}
[6.523145] (brain) StdoutLine: {'line': b'-- Up-to-date symlink: /home/booster/Workspace/Booster_T1_3v3_Demo/install/brain/share/brain/environment/library_path.dsv\n'}
[6.524270] (brain) StdoutLine: {'line': b'-- Up-to-date symlink: /home/booster/Workspace/Booster_T1_3v3_Demo/install/brain/include/brain/brain/msg/detail/kick__rosidl_typesupport_fastrtps_c.h\n'}
[6.524607] (brain) StdoutLine: {'line': b'-- Up-to-date symlink: /home/booster/Workspace/Booster_T1_3v3_Demo/install/brain/include/brain/brain/msg/rosidl_typesupport_fastrtps_c__visibility_control.h\n'}
[6.525475] (brain) StdoutLine: {'line': b'-- Up-to-date symlink: /home/booster/Workspace/Booster_T1_3v3_Demo/install/brain/include/brain/brain/msg/detail/kick__builder.hpp\n'}
[6.525676] (brain) StdoutLine: {'line': b'-- Up-to-date symlink: /home/booster/Workspace/Booster_T1_3v3_Demo/install/brain/include/brain/brain/msg/detail/kick__struct.hpp\n'}
[6.526023] (brain) StdoutLine: {'line': b'-- Up-to-date symlink: /home/booster/Workspace/Booster_T1_3v3_Demo/install/brain/include/brain/brain/msg/detail/kick__traits.hpp\n'}
[6.528104] (brain) StdoutLine: {'line': b'-- Up-to-date symlink: /home/booster/Workspace/Booster_T1_3v3_Demo/install/brain/include/brain/brain/msg/detail/kick__type_support.hpp\n'}
[6.528356] (brain) StdoutLine: {'line': b'-- Up-to-date symlink: /home/booster/Workspace/Booster_T1_3v3_Demo/install/brain/include/brain/brain/msg/kick.hpp\n'}
[6.528486] (brain) StdoutLine: {'line': b'-- Up-to-date symlink: /home/booster/Workspace/Booster_T1_3v3_Demo/install/brain/include/brain/brain/msg/rosidl_generator_cpp__visibility_control.hpp\n'}
[6.528602] (brain) StdoutLine: {'line': b'-- Up-to-date symlink: /home/booster/Workspace/Booster_T1_3v3_Demo/install/brain/include/brain/brain/msg/detail/kick__rosidl_typesupport_fastrtps_cpp.hpp\n'}
[6.530109] (brain) StdoutLine: {'line': b'-- Up-to-date symlink: /home/booster/Workspace/Booster_T1_3v3_Demo/install/brain/include/brain/brain/msg/rosidl_typesupport_fastrtps_cpp__visibility_control.h\n'}
[6.530314] (brain) StdoutLine: {'line': b'-- Up-to-date symlink: /home/booster/Workspace/Booster_T1_3v3_Demo/install/brain/include/brain/brain/msg/detail/kick__rosidl_typesupport_introspection_c.h\n'}
[6.530429] (brain) StdoutLine: {'line': b'-- Up-to-date symlink: /home/booster/Workspace/Booster_T1_3v3_Demo/install/brain/include/brain/brain/msg/rosidl_typesupport_introspection_c__visibility_control.h\n'}
[6.530532] (brain) StdoutLine: {'line': b'-- Up-to-date symlink: /home/booster/Workspace/Booster_T1_3v3_Demo/install/brain/include/brain/brain/msg/detail/kick__rosidl_typesupport_introspection_cpp.hpp\n'}
[6.530681] (brain) StdoutLine: {'line': b'-- Up-to-date symlink: /home/booster/Workspace/Booster_T1_3v3_Demo/install/brain/share/brain/environment/pythonpath.sh\n'}
[6.530779] (brain) StdoutLine: {'line': b'-- Up-to-date symlink: /home/booster/Workspace/Booster_T1_3v3_Demo/install/brain/share/brain/environment/pythonpath.dsv\n'}
[6.530911] (brain) StdoutLine: {'line': b'-- Up-to-date symlink: /home/booster/Workspace/Booster_T1_3v3_Demo/install/brain/local/lib/python3.10/dist-packages/brain-0.0.0-py3.10.egg-info/PKG-INFO\n'}
[6.531107] (brain) StdoutLine: {'line': b'-- Up-to-date symlink: /home/booster/Workspace/Booster_T1_3v3_Demo/install/brain/local/lib/python3.10/dist-packages/brain-0.0.0-py3.10.egg-info/SOURCES.txt\n'}
[6.531330] (brain) StdoutLine: {'line': b'-- Up-to-date symlink: /home/booster/Workspace/Booster_T1_3v3_Demo/install/brain/local/lib/python3.10/dist-packages/brain-0.0.0-py3.10.egg-info/dependency_links.txt\n'}
[6.531857] (brain) StdoutLine: {'line': b'-- Up-to-date symlink: /home/booster/Workspace/Booster_T1_3v3_Demo/install/brain/local/lib/python3.10/dist-packages/brain-0.0.0-py3.10.egg-info/top_level.txt\n'}
[6.532714] (brain) StdoutLine: {'line': b'-- Up-to-date symlink: /home/booster/Workspace/Booster_T1_3v3_Demo/install/brain/local/lib/python3.10/dist-packages/brain/__init__.py\n'}
[6.532929] (brain) StdoutLine: {'line': b'-- Up-to-date symlink: /home/booster/Workspace/Booster_T1_3v3_Demo/install/brain/local/lib/python3.10/dist-packages/brain/_brain_s.ep.rosidl_typesupport_c.c\n'}
[6.533125] (brain) StdoutLine: {'line': b'-- Up-to-date symlink: /home/booster/Workspace/Booster_T1_3v3_Demo/install/brain/local/lib/python3.10/dist-packages/brain/_brain_s.ep.rosidl_typesupport_fastrtps_c.c\n'}
[6.533502] (brain) StdoutLine: {'line': b'-- Up-to-date symlink: /home/booster/Workspace/Booster_T1_3v3_Demo/install/brain/local/lib/python3.10/dist-packages/brain/_brain_s.ep.rosidl_typesupport_introspection_c.c\n'}
[6.533939] (brain) StdoutLine: {'line': b'-- Up-to-date symlink: /home/booster/Workspace/Booster_T1_3v3_Demo/install/brain/local/lib/python3.10/dist-packages/brain/brain_s__rosidl_typesupport_c.cpython-310-aarch64-linux-gnu.so\n'}
[6.534150] (brain) StdoutLine: {'line': b'-- Up-to-date symlink: /home/booster/Workspace/Booster_T1_3v3_Demo/install/brain/local/lib/python3.10/dist-packages/brain/brain_s__rosidl_typesupport_fastrtps_c.cpython-310-aarch64-linux-gnu.so\n'}
[6.534370] (brain) StdoutLine: {'line': b'-- Up-to-date symlink: /home/booster/Workspace/Booster_T1_3v3_Demo/install/brain/local/lib/python3.10/dist-packages/brain/brain_s__rosidl_typesupport_introspection_c.cpython-310-aarch64-linux-gnu.so\n'}
[6.534554] (brain) StdoutLine: {'line': b'-- Up-to-date symlink: /home/booster/Workspace/Booster_T1_3v3_Demo/install/brain/local/lib/python3.10/dist-packages/brain/libbrain__rosidl_generator_py.so\n'}
[6.534757] (brain) StdoutLine: {'line': b'-- Up-to-date symlink: /home/booster/Workspace/Booster_T1_3v3_Demo/install/brain/local/lib/python3.10/dist-packages/brain/msg/__init__.py\n'}
[6.534983] (brain) StdoutLine: {'line': b'-- Up-to-date symlink: /home/booster/Workspace/Booster_T1_3v3_Demo/install/brain/local/lib/python3.10/dist-packages/brain/msg/_kick.py\n'}
[6.535203] (brain) StdoutLine: {'line': b'-- Up-to-date symlink: /home/booster/Workspace/Booster_T1_3v3_Demo/install/brain/local/lib/python3.10/dist-packages/brain/msg/_kick_s.c\n'}
[6.536232] (brain) StdoutLine: {'line': b'-- Up-to-date symlink: /home/booster/Workspace/Booster_T1_3v3_Demo/install/brain/local/lib/python3.10/dist-packages/brain/brain_s__rosidl_typesupport_fastrtps_c.cpython-310-aarch64-linux-gnu.so\n'}
[6.536626] (brain) StdoutLine: {'line': b'-- Up-to-date symlink: /home/booster/Workspace/Booster_T1_3v3_Demo/install/brain/local/lib/python3.10/dist-packages/brain/brain_s__rosidl_typesupport_introspection_c.cpython-310-aarch64-linux-gnu.so\n'}
[6.536951] (brain) StdoutLine: {'line': b'-- Up-to-date symlink: /home/booster/Workspace/Booster_T1_3v3_Demo/install/brain/local/lib/python3.10/dist-packages/brain/brain_s__rosidl_typesupport_c.cpython-310-aarch64-linux-gnu.so\n'}
[6.537374] (brain) StdoutLine: {'line': b'-- Up-to-date symlink: /home/booster/Workspace/Booster_T1_3v3_Demo/install/brain/share/brain/msg/Kick.idl\n'}
[6.537945] (brain) StdoutLine: {'line': b'-- Up-to-date symlink: /home/booster/Workspace/Booster_T1_3v3_Demo/install/brain/share/brain/msg/Kick.msg\n'}
[6.538264] (brain) StdoutLine: {'line': b'-- Up-to-date symlink: /home/booster/Workspace/Booster_T1_3v3_Demo/install/brain/lib/brain/brain_node\n'}
[6.539342] (brain) StdoutLine: {'line': b'-- Up-to-date symlink: /home/booster/Workspace/Booster_T1_3v3_Demo/install/brain/share/brain/launch/launch.py\n'}
[6.540041] (brain) StdoutLine: {'line': b'-- Up-to-date symlink: /home/booster/Workspace/Booster_T1_3v3_Demo/install/brain/share/brain/config/config.yaml\n'}
[6.540622] (brain) StdoutLine: {'line': b'-- Up-to-date symlink: /home/booster/Workspace/Booster_T1_3v3_Demo/install/brain/share/brain/behavior_trees/assist.xml\n'}
[6.540901] (brain) StdoutLine: {'line': b'-- Up-to-date symlink: /home/booster/Workspace/Booster_T1_3v3_Demo/install/brain/share/brain/behavior_trees/chase.xml\n'}
[6.541045] (brain) StdoutLine: {'line': b'-- Up-to-date symlink: /home/booster/Workspace/Booster_T1_3v3_Demo/install/brain/share/brain/behavior_trees/game.xml\n'}
[6.541222] (brain) StdoutLine: {'line': b'-- Up-to-date symlink: /home/booster/Workspace/Booster_T1_3v3_Demo/install/brain/share/brain/behavior_trees/subtrees/defender.xml\n'}
[6.541588] (brain) StdoutLine: {'line': b'-- Up-to-date symlink: /home/booster/Workspace/Booster_T1_3v3_Demo/install/brain/share/brain/behavior_trees/subtrees/goalie.xml\n'}
[6.542903] (brain) StdoutLine: {'line': b'-- Up-to-date symlink: /home/booster/Workspace/Booster_T1_3v3_Demo/install/brain/share/brain/behavior_trees/subtrees/subtree_auto_standup_and_locate.xml\n'}
[6.543719] (brain) StdoutLine: {'line': b'-- Up-to-date symlink: /home/booster/Workspace/Booster_T1_3v3_Demo/install/brain/share/brain/behavior_trees/subtrees/subtree_cam_find_and_track_ball.xml\n'}
[6.544247] (brain) StdoutLine: {'line': b'-- Up-to-date symlink: /home/booster/Workspace/Booster_T1_3v3_Demo/install/brain/share/brain/behavior_trees/subtrees/subtree_defender_freekick.xml\n'}
[6.544412] (brain) StdoutLine: {'line': b'-- Up-to-date symlink: /home/booster/Workspace/Booster_T1_3v3_Demo/install/brain/share/brain/behavior_trees/subtrees/subtree_find_ball.xml\n'}
[6.544575] (brain) StdoutLine: {'line': b'-- Up-to-date symlink: /home/booster/Workspace/Booster_T1_3v3_Demo/install/brain/share/brain/behavior_trees/subtrees/subtree_goal_keeper_freekick.xml\n'}
[6.544683] (brain) StdoutLine: {'line': b'-- Up-to-date symlink: /home/booster/Workspace/Booster_T1_3v3_Demo/install/brain/share/brain/behavior_trees/subtrees/subtree_goal_keeper_play.xml\n'}
[6.544940] (-) TimerEvent: {}
[6.545159] (brain) StdoutLine: {'line': b'-- Up-to-date symlink: /home/booster/Workspace/Booster_T1_3v3_Demo/install/brain/share/brain/behavior_trees/subtrees/subtree_locate.xml\n'}
[6.545390] (brain) StdoutLine: {'line': b'-- Up-to-date symlink: /home/booster/Workspace/Booster_T1_3v3_Demo/install/brain/share/brain/behavior_trees/subtrees/subtree_striker_freekick.xml\n'}
[6.545551] (brain) StdoutLine: {'line': b'-- Up-to-date symlink: /home/booster/Workspace/Booster_T1_3v3_Demo/install/brain/share/brain/behavior_trees/subtrees/subtree_striker_play.xml\n'}
[6.545736] (brain) StdoutLine: {'line': b'-- Up-to-date symlink: /home/booster/Workspace/Booster_T1_3v3_Demo/install/brain/share/brain/behavior_trees/test_adjust.xml\n'}
[6.545903] (brain) StdoutLine: {'line': b'-- Up-to-date symlink: /home/booster/Workspace/Booster_T1_3v3_Demo/install/brain/share/ament_index/resource_index/package_run_dependencies/brain\n'}
[6.546235] (brain) StdoutLine: {'line': b'-- Up-to-date symlink: /home/booster/Workspace/Booster_T1_3v3_Demo/install/brain/share/ament_index/resource_index/parent_prefix_path/brain\n'}
[6.546375] (brain) StdoutLine: {'line': b'-- Up-to-date symlink: /home/booster/Workspace/Booster_T1_3v3_Demo/install/brain/share/brain/environment/ament_prefix_path.sh\n'}
[6.546475] (brain) StdoutLine: {'line': b'-- Up-to-date symlink: /home/booster/Workspace/Booster_T1_3v3_Demo/install/brain/share/brain/environment/ament_prefix_path.dsv\n'}
[6.546606] (brain) StdoutLine: {'line': b'-- Up-to-date symlink: /home/booster/Workspace/Booster_T1_3v3_Demo/install/brain/share/brain/environment/path.sh\n'}
[6.546759] (brain) StdoutLine: {'line': b'-- Up-to-date symlink: /home/booster/Workspace/Booster_T1_3v3_Demo/install/brain/share/brain/environment/path.dsv\n'}
[6.547197] (brain) StdoutLine: {'line': b'-- Up-to-date symlink: /home/booster/Workspace/Booster_T1_3v3_Demo/install/brain/share/brain/local_setup.bash\n'}
[6.547432] (brain) StdoutLine: {'line': b'-- Up-to-date symlink: /home/booster/Workspace/Booster_T1_3v3_Demo/install/brain/share/brain/local_setup.sh\n'}
[6.547600] (brain) StdoutLine: {'line': b'-- Up-to-date symlink: /home/booster/Workspace/Booster_T1_3v3_Demo/install/brain/share/brain/local_setup.zsh\n'}
[6.547722] (brain) StdoutLine: {'line': b'-- Up-to-date symlink: /home/booster/Workspace/Booster_T1_3v3_Demo/install/brain/share/brain/local_setup.dsv\n'}
[6.547970] (brain) StdoutLine: {'line': b'-- Symlinking: /home/booster/Workspace/Booster_T1_3v3_Demo/install/brain/share/brain/package.dsv\n'}
[6.576390] (brain) StdoutLine: {'line': b'-- Up-to-date symlink: /home/booster/Workspace/Booster_T1_3v3_Demo/install/brain/share/ament_index/resource_index/packages/brain\n'}
[6.577302] (brain) StdoutLine: {'line': b'-- Up-to-date symlink: /home/booster/Workspace/Booster_T1_3v3_Demo/install/brain/share/brain/cmake/rosidl_cmake-extras.cmake\n'}
[6.577524] (brain) StdoutLine: {'line': b'-- Up-to-date symlink: /home/booster/Workspace/Booster_T1_3v3_Demo/install/brain/share/brain/cmake/ament_cmake_export_dependencies-extras.cmake\n'}
[6.577640] (brain) StdoutLine: {'line': b'-- Up-to-date symlink: /home/booster/Workspace/Booster_T1_3v3_Demo/install/brain/share/brain/cmake/ament_cmake_export_include_directories-extras.cmake\n'}
[6.578213] (brain) StdoutLine: {'line': b'-- Up-to-date symlink: /home/booster/Workspace/Booster_T1_3v3_Demo/install/brain/share/brain/cmake/ament_cmake_export_libraries-extras.cmake\n'}
[6.578400] (brain) StdoutLine: {'line': b'-- Up-to-date symlink: /home/booster/Workspace/Booster_T1_3v3_Demo/install/brain/share/brain/cmake/ament_cmake_export_targets-extras.cmake\n'}
[6.578550] (brain) StdoutLine: {'line': b'-- Up-to-date symlink: /home/booster/Workspace/Booster_T1_3v3_Demo/install/brain/share/brain/cmake/rosidl_cmake_export_typesupport_targets-extras.cmake\n'}
[6.578655] (brain) StdoutLine: {'line': b'-- Up-to-date symlink: /home/booster/Workspace/Booster_T1_3v3_Demo/install/brain/share/brain/cmake/rosidl_cmake_export_typesupport_libraries-extras.cmake\n'}
[6.578797] (brain) StdoutLine: {'line': b'-- Up-to-date symlink: /home/booster/Workspace/Booster_T1_3v3_Demo/install/brain/share/brain/cmake/brainConfig.cmake\n'}
[6.578895] (brain) StdoutLine: {'line': b'-- Up-to-date symlink: /home/booster/Workspace/Booster_T1_3v3_Demo/install/brain/share/brain/cmake/brainConfig-version.cmake\n'}
[6.578989] (brain) StdoutLine: {'line': b'-- Up-to-date symlink: /home/booster/Workspace/Booster_T1_3v3_Demo/install/brain/share/brain/package.xml\n'}
[6.579081] (brain) StdoutLine: {'line': b'-- Up-to-date: /home/booster/Workspace/Booster_T1_3v3_Demo/install/brain/lib/libbrain__rosidl_generator_c.so\n'}
[6.579174] (brain) StdoutLine: {'line': b'-- Up-to-date: /home/booster/Workspace/Booster_T1_3v3_Demo/install/brain/lib/libbrain__rosidl_typesupport_fastrtps_c.so\n'}
[6.579270] (brain) StdoutLine: {'line': b'-- Up-to-date: /home/booster/Workspace/Booster_T1_3v3_Demo/install/brain/lib/libbrain__rosidl_typesupport_fastrtps_cpp.so\n'}
[6.579548] (brain) StdoutLine: {'line': b'-- Up-to-date: /home/booster/Workspace/Booster_T1_3v3_Demo/install/brain/lib/libbrain__rosidl_typesupport_introspection_c.so\n'}
[6.579791] (brain) StdoutLine: {'line': b'-- Up-to-date: /home/booster/Workspace/Booster_T1_3v3_Demo/install/brain/lib/libbrain__rosidl_typesupport_c.so\n'}
[6.579907] (brain) StdoutLine: {'line': b'-- Up-to-date: /home/booster/Workspace/Booster_T1_3v3_Demo/install/brain/lib/libbrain__rosidl_typesupport_introspection_cpp.so\n'}
[6.580005] (brain) StdoutLine: {'line': b'-- Up-to-date: /home/booster/Workspace/Booster_T1_3v3_Demo/install/brain/lib/libbrain__rosidl_typesupport_cpp.so\n'}
[6.645187] (-) TimerEvent: {}
[6.646511] (brain) StdoutLine: {'line': b"Listing '/home/booster/Workspace/Booster_T1_3v3_Demo/install/brain/local/lib/python3.10/dist-packages/brain'...\n"}
[6.646859] (brain) StdoutLine: {'line': b"Listing '/home/booster/Workspace/Booster_T1_3v3_Demo/install/brain/local/lib/python3.10/dist-packages/brain/msg'...\n"}
[6.659433] (brain) StdoutLine: {'line': b'-- Up-to-date: /home/booster/Workspace/Booster_T1_3v3_Demo/install/brain/lib/libbrain__rosidl_generator_py.so\n'}
[6.660059] (brain) StdoutLine: {'line': b'-- Up-to-date: /home/booster/Workspace/Booster_T1_3v3_Demo/install/brain/share/brain/cmake/export_brain__rosidl_generator_cExport.cmake\n'}
[6.660270] (brain) StdoutLine: {'line': b'-- Up-to-date: /home/booster/Workspace/Booster_T1_3v3_Demo/install/brain/share/brain/cmake/export_brain__rosidl_generator_cExport-noconfig.cmake\n'}
[6.660399] (brain) StdoutLine: {'line': b'-- Up-to-date: /home/booster/Workspace/Booster_T1_3v3_Demo/install/brain/share/brain/cmake/export_brain__rosidl_typesupport_fastrtps_cExport.cmake\n'}
[6.660531] (brain) StdoutLine: {'line': b'-- Up-to-date: /home/booster/Workspace/Booster_T1_3v3_Demo/install/brain/share/brain/cmake/export_brain__rosidl_typesupport_fastrtps_cExport-noconfig.cmake\n'}
[6.660651] (brain) StdoutLine: {'line': b'-- Up-to-date: /home/booster/Workspace/Booster_T1_3v3_Demo/install/brain/share/brain/cmake/export_brain__rosidl_generator_cppExport.cmake\n'}
[6.660752] (brain) StdoutLine: {'line': b'-- Up-to-date: /home/booster/Workspace/Booster_T1_3v3_Demo/install/brain/share/brain/cmake/export_brain__rosidl_typesupport_fastrtps_cppExport.cmake\n'}
[6.660871] (brain) StdoutLine: {'line': b'-- Up-to-date: /home/booster/Workspace/Booster_T1_3v3_Demo/install/brain/share/brain/cmake/export_brain__rosidl_typesupport_fastrtps_cppExport-noconfig.cmake\n'}
[6.660976] (brain) StdoutLine: {'line': b'-- Up-to-date: /home/booster/Workspace/Booster_T1_3v3_Demo/install/brain/share/brain/cmake/brain__rosidl_typesupport_introspection_cExport.cmake\n'}
[6.661273] (brain) StdoutLine: {'line': b'-- Up-to-date: /home/booster/Workspace/Booster_T1_3v3_Demo/install/brain/share/brain/cmake/brain__rosidl_typesupport_introspection_cExport-noconfig.cmake\n'}
[6.661382] (brain) StdoutLine: {'line': b'-- Up-to-date: /home/booster/Workspace/Booster_T1_3v3_Demo/install/brain/share/brain/cmake/brain__rosidl_typesupport_cExport.cmake\n'}
[6.661485] (brain) StdoutLine: {'line': b'-- Up-to-date: /home/booster/Workspace/Booster_T1_3v3_Demo/install/brain/share/brain/cmake/brain__rosidl_typesupport_cExport-noconfig.cmake\n'}
[6.661645] (brain) StdoutLine: {'line': b'-- Up-to-date: /home/booster/Workspace/Booster_T1_3v3_Demo/install/brain/share/brain/cmake/brain__rosidl_typesupport_introspection_cppExport.cmake\n'}
[6.661939] (brain) StdoutLine: {'line': b'-- Up-to-date: /home/booster/Workspace/Booster_T1_3v3_Demo/install/brain/share/brain/cmake/brain__rosidl_typesupport_introspection_cppExport-noconfig.cmake\n'}
[6.663199] (brain) StdoutLine: {'line': b'-- Up-to-date: /home/booster/Workspace/Booster_T1_3v3_Demo/install/brain/share/brain/cmake/brain__rosidl_typesupport_cppExport.cmake\n'}
[6.667178] (brain) StdoutLine: {'line': b'-- Up-to-date: /home/booster/Workspace/Booster_T1_3v3_Demo/install/brain/share/brain/cmake/brain__rosidl_typesupport_cppExport-noconfig.cmake\n'}
[6.667795] (brain) StdoutLine: {'line': b'-- Up-to-date: /home/booster/Workspace/Booster_T1_3v3_Demo/install/brain/share/brain/cmake/export_brain__rosidl_generator_pyExport.cmake\n'}
[6.667990] (brain) StdoutLine: {'line': b'-- Up-to-date: /home/booster/Workspace/Booster_T1_3v3_Demo/install/brain/share/brain/cmake/export_brain__rosidl_generator_pyExport-noconfig.cmake\n'}
[6.669669] (brain) CommandEnded: {'returncode': 0}
[6.717228] (brain) JobEnded: {'identifier': 'brain', 'rc': 0}
[6.720509] (-) EventReactorShutdown: {}
