[0.000000] (-) TimerEvent: {}
[0.022537] (booster_interface) JobQueued: {'identifier': 'booster_interface', 'dependencies': OrderedDict()}
[0.022709] (booster_msgs) JobQueued: {'identifier': 'booster_msgs', 'dependencies': OrderedDict()}
[0.022758] (game_controller_interface) JobQueued: {'identifier': 'game_controller_interface', 'dependencies': OrderedDict()}
[0.022791] (sound_play) JobQueued: {'identifier': 'sound_play', 'dependencies': OrderedDict()}
[0.022820] (vision_interface) JobQueued: {'identifier': 'vision_interface', 'dependencies': OrderedDict()}
[0.023129] (brain) JobQueued: {'identifier': 'brain', 'dependencies': OrderedDict([('booster_interface', '/home/booster/Workspace/Booster_T1_3v3_Demo/install/booster_interface'), ('booster_msgs', '/home/booster/Workspace/Booster_T1_3v3_Demo/install/booster_msgs'), ('game_controller_interface', '/home/booster/Workspace/Booster_T1_3v3_Demo/install/game_controller_interface'), ('vision_interface', '/home/booster/Workspace/Booster_T1_3v3_Demo/install/vision_interface')])}
[0.023441] (game_controller) JobQueued: {'identifier': 'game_controller', 'dependencies': OrderedDict([('game_controller_interface', '/home/booster/Workspace/Booster_T1_3v3_Demo/install/game_controller_interface')])}
[0.023505] (vision) JobQueued: {'identifier': 'vision', 'dependencies': OrderedDict([('vision_interface', '/home/booster/Workspace/Booster_T1_3v3_Demo/install/vision_interface')])}
[0.023547] (game_controller_interface) JobStarted: {'identifier': 'game_controller_interface'}
[0.028942] (vision_interface) JobStarted: {'identifier': 'vision_interface'}
[0.044389] (booster_interface) JobStarted: {'identifier': 'booster_interface'}
[0.051149] (booster_msgs) JobStarted: {'identifier': 'booster_msgs'}
[0.059775] (sound_play) JobStarted: {'identifier': 'sound_play'}
[0.081994] (game_controller_interface) JobProgress: {'identifier': 'game_controller_interface', 'progress': 'cmake'}
[0.082156] (game_controller_interface) JobProgress: {'identifier': 'game_controller_interface', 'progress': 'build'}
[0.082216] (game_controller_interface) Command: {'cmd': ['/usr/bin/cmake', '--build', '/home/booster/Workspace/Booster_T1_3v3_Demo/build/game_controller_interface', '--', '-j5', '-l5'], 'cwd': '/home/booster/Workspace/Booster_T1_3v3_Demo/build/game_controller_interface', 'env': OrderedDict([('SUDO_GID', '1000'), ('LESSOPEN', '| /usr/bin/lesspipe %s'), ('PYTHONWARNINGS', 'ignore::DeprecationWarning,ignore::UserWarning,ignore::FutureWarning'), ('MAIL', '/var/mail/root'), ('USER', 'root'), ('SHLVL', '2'), ('LD_LIBRARY_PATH', '/opt/ros/humble/opt/rviz_ogre_vendor/lib:/opt/ros/humble/lib/aarch64-linux-gnu:/opt/ros/humble/lib'), ('HOME', '/root'), ('OLDPWD', '/home/booster/Workspace/Booster_T1_3v3_Demo/scripts'), ('ROS_PYTHON_VERSION', '3'), ('COLORTERM', 'truecolor'), ('SUDO_UID', '1000'), ('ROS_DISTRO', 'humble'), ('LOGNAME', 'root'), ('_', '/usr/bin/colcon'), ('ROS_VERSION', '2'), ('TERM', 'xterm-256color'), ('ROS_LOCALHOST_ONLY', '0'), ('PATH', '/opt/ros/humble/bin:/usr/local/sbin:/usr/local/bin:/usr/sbin:/usr/bin:/sbin:/bin:/usr/games:/usr/local/games:/snap/bin'), ('FASTRTPS_DEFAULT_PROFILES_FILE', '/opt/booster/BoosterRos2/fastdds_profile.xml'), ('LANG', 'en_US.UTF-8'), ('LS_COLORS', 'rs=0:di=01;34:ln=01;36:mh=00:pi=40;33:so=01;35:do=01;35:bd=40;33;01:cd=40;33;01:or=40;31;01:mi=00:su=37;41:sg=30;43:ca=30;41:tw=30;42:ow=34;42:st=37;44:ex=01;32:*.tar=01;31:*.tgz=01;31:*.arc=01;31:*.arj=01;31:*.taz=01;31:*.lha=01;31:*.lz4=01;31:*.lzh=01;31:*.lzma=01;31:*.tlz=01;31:*.txz=01;31:*.tzo=01;31:*.t7z=01;31:*.zip=01;31:*.z=01;31:*.dz=01;31:*.gz=01;31:*.lrz=01;31:*.lz=01;31:*.lzo=01;31:*.xz=01;31:*.zst=01;31:*.tzst=01;31:*.bz2=01;31:*.bz=01;31:*.tbz=01;31:*.tbz2=01;31:*.tz=01;31:*.deb=01;31:*.rpm=01;31:*.jar=01;31:*.war=01;31:*.ear=01;31:*.sar=01;31:*.rar=01;31:*.alz=01;31:*.ace=01;31:*.zoo=01;31:*.cpio=01;31:*.7z=01;31:*.rz=01;31:*.cab=01;31:*.wim=01;31:*.swm=01;31:*.dwm=01;31:*.esd=01;31:*.jpg=01;35:*.jpeg=01;35:*.mjpg=01;35:*.mjpeg=01;35:*.gif=01;35:*.bmp=01;35:*.pbm=01;35:*.pgm=01;35:*.ppm=01;35:*.tga=01;35:*.xbm=01;35:*.xpm=01;35:*.tif=01;35:*.tiff=01;35:*.png=01;35:*.svg=01;35:*.svgz=01;35:*.mng=01;35:*.pcx=01;35:*.mov=01;35:*.mpg=01;35:*.mpeg=01;35:*.m2v=01;35:*.mkv=01;35:*.webm=01;35:*.webp=01;35:*.ogm=01;35:*.mp4=01;35:*.m4v=01;35:*.mp4v=01;35:*.vob=01;35:*.qt=01;35:*.nuv=01;35:*.wmv=01;35:*.asf=01;35:*.rm=01;35:*.rmvb=01;35:*.flc=01;35:*.avi=01;35:*.fli=01;35:*.flv=01;35:*.gl=01;35:*.dl=01;35:*.xcf=01;35:*.xwd=01;35:*.yuv=01;35:*.cgm=01;35:*.emf=01;35:*.ogv=01;35:*.ogx=01;35:*.aac=00;36:*.au=00;36:*.flac=00;36:*.m4a=00;36:*.mid=00;36:*.midi=00;36:*.mka=00;36:*.mp3=00;36:*.mpc=00;36:*.ogg=00;36:*.ra=00;36:*.wav=00;36:*.oga=00;36:*.opus=00;36:*.spx=00;36:*.xspf=00;36:'), ('SUDO_COMMAND', '/usr/bin/su'), ('AMENT_PREFIX_PATH', '/opt/ros/humble'), ('SHELL', '/bin/bash'), ('SUDO_USER', 'booster'), ('LESSCLOSE', '/usr/bin/lesspipe %s %s'), ('PWD', '/home/booster/Workspace/Booster_T1_3v3_Demo/build/game_controller_interface'), ('PYTHONPATH', '/opt/ros/humble/lib/python3.10/site-packages:/opt/ros/humble/local/lib/python3.10/dist-packages'), ('COLCON', '1'), ('CMAKE_PREFIX_PATH', '/opt/ros/humble')]), 'shell': False}
[0.109874] (-) TimerEvent: {}
[0.114017] (vision_interface) JobProgress: {'identifier': 'vision_interface', 'progress': 'cmake'}
[0.116067] (vision_interface) JobProgress: {'identifier': 'vision_interface', 'progress': 'build'}
[0.116646] (vision_interface) Command: {'cmd': ['/usr/bin/cmake', '--build', '/home/booster/Workspace/Booster_T1_3v3_Demo/build/vision_interface', '--', '-j5', '-l5'], 'cwd': '/home/booster/Workspace/Booster_T1_3v3_Demo/build/vision_interface', 'env': OrderedDict([('SUDO_GID', '1000'), ('LESSOPEN', '| /usr/bin/lesspipe %s'), ('PYTHONWARNINGS', 'ignore::DeprecationWarning,ignore::UserWarning,ignore::FutureWarning'), ('MAIL', '/var/mail/root'), ('USER', 'root'), ('SHLVL', '2'), ('LD_LIBRARY_PATH', '/opt/ros/humble/opt/rviz_ogre_vendor/lib:/opt/ros/humble/lib/aarch64-linux-gnu:/opt/ros/humble/lib'), ('HOME', '/root'), ('OLDPWD', '/home/booster/Workspace/Booster_T1_3v3_Demo/scripts'), ('ROS_PYTHON_VERSION', '3'), ('COLORTERM', 'truecolor'), ('SUDO_UID', '1000'), ('ROS_DISTRO', 'humble'), ('LOGNAME', 'root'), ('_', '/usr/bin/colcon'), ('ROS_VERSION', '2'), ('TERM', 'xterm-256color'), ('ROS_LOCALHOST_ONLY', '0'), ('PATH', '/opt/ros/humble/bin:/usr/local/sbin:/usr/local/bin:/usr/sbin:/usr/bin:/sbin:/bin:/usr/games:/usr/local/games:/snap/bin'), ('FASTRTPS_DEFAULT_PROFILES_FILE', '/opt/booster/BoosterRos2/fastdds_profile.xml'), ('LANG', 'en_US.UTF-8'), ('LS_COLORS', 'rs=0:di=01;34:ln=01;36:mh=00:pi=40;33:so=01;35:do=01;35:bd=40;33;01:cd=40;33;01:or=40;31;01:mi=00:su=37;41:sg=30;43:ca=30;41:tw=30;42:ow=34;42:st=37;44:ex=01;32:*.tar=01;31:*.tgz=01;31:*.arc=01;31:*.arj=01;31:*.taz=01;31:*.lha=01;31:*.lz4=01;31:*.lzh=01;31:*.lzma=01;31:*.tlz=01;31:*.txz=01;31:*.tzo=01;31:*.t7z=01;31:*.zip=01;31:*.z=01;31:*.dz=01;31:*.gz=01;31:*.lrz=01;31:*.lz=01;31:*.lzo=01;31:*.xz=01;31:*.zst=01;31:*.tzst=01;31:*.bz2=01;31:*.bz=01;31:*.tbz=01;31:*.tbz2=01;31:*.tz=01;31:*.deb=01;31:*.rpm=01;31:*.jar=01;31:*.war=01;31:*.ear=01;31:*.sar=01;31:*.rar=01;31:*.alz=01;31:*.ace=01;31:*.zoo=01;31:*.cpio=01;31:*.7z=01;31:*.rz=01;31:*.cab=01;31:*.wim=01;31:*.swm=01;31:*.dwm=01;31:*.esd=01;31:*.jpg=01;35:*.jpeg=01;35:*.mjpg=01;35:*.mjpeg=01;35:*.gif=01;35:*.bmp=01;35:*.pbm=01;35:*.pgm=01;35:*.ppm=01;35:*.tga=01;35:*.xbm=01;35:*.xpm=01;35:*.tif=01;35:*.tiff=01;35:*.png=01;35:*.svg=01;35:*.svgz=01;35:*.mng=01;35:*.pcx=01;35:*.mov=01;35:*.mpg=01;35:*.mpeg=01;35:*.m2v=01;35:*.mkv=01;35:*.webm=01;35:*.webp=01;35:*.ogm=01;35:*.mp4=01;35:*.m4v=01;35:*.mp4v=01;35:*.vob=01;35:*.qt=01;35:*.nuv=01;35:*.wmv=01;35:*.asf=01;35:*.rm=01;35:*.rmvb=01;35:*.flc=01;35:*.avi=01;35:*.fli=01;35:*.flv=01;35:*.gl=01;35:*.dl=01;35:*.xcf=01;35:*.xwd=01;35:*.yuv=01;35:*.cgm=01;35:*.emf=01;35:*.ogv=01;35:*.ogx=01;35:*.aac=00;36:*.au=00;36:*.flac=00;36:*.m4a=00;36:*.mid=00;36:*.midi=00;36:*.mka=00;36:*.mp3=00;36:*.mpc=00;36:*.ogg=00;36:*.ra=00;36:*.wav=00;36:*.oga=00;36:*.opus=00;36:*.spx=00;36:*.xspf=00;36:'), ('SUDO_COMMAND', '/usr/bin/su'), ('AMENT_PREFIX_PATH', '/opt/ros/humble'), ('SHELL', '/bin/bash'), ('SUDO_USER', 'booster'), ('LESSCLOSE', '/usr/bin/lesspipe %s %s'), ('PWD', '/home/booster/Workspace/Booster_T1_3v3_Demo/build/vision_interface'), ('PYTHONPATH', '/opt/ros/humble/lib/python3.10/site-packages:/opt/ros/humble/local/lib/python3.10/dist-packages'), ('COLCON', '1'), ('CMAKE_PREFIX_PATH', '/opt/ros/humble')]), 'shell': False}
[0.166435] (booster_interface) JobProgress: {'identifier': 'booster_interface', 'progress': 'cmake'}
[0.166603] (booster_interface) JobProgress: {'identifier': 'booster_interface', 'progress': 'build'}
[0.166663] (booster_interface) Command: {'cmd': ['/usr/bin/cmake', '--build', '/home/booster/Workspace/Booster_T1_3v3_Demo/build/booster_interface', '--', '-j5', '-l5'], 'cwd': '/home/booster/Workspace/Booster_T1_3v3_Demo/build/booster_interface', 'env': OrderedDict([('SUDO_GID', '1000'), ('LESSOPEN', '| /usr/bin/lesspipe %s'), ('PYTHONWARNINGS', 'ignore::DeprecationWarning,ignore::UserWarning,ignore::FutureWarning'), ('MAIL', '/var/mail/root'), ('USER', 'root'), ('SHLVL', '2'), ('LD_LIBRARY_PATH', '/opt/ros/humble/opt/rviz_ogre_vendor/lib:/opt/ros/humble/lib/aarch64-linux-gnu:/opt/ros/humble/lib'), ('HOME', '/root'), ('OLDPWD', '/home/booster/Workspace/Booster_T1_3v3_Demo/scripts'), ('ROS_PYTHON_VERSION', '3'), ('COLORTERM', 'truecolor'), ('SUDO_UID', '1000'), ('ROS_DISTRO', 'humble'), ('LOGNAME', 'root'), ('_', '/usr/bin/colcon'), ('ROS_VERSION', '2'), ('TERM', 'xterm-256color'), ('ROS_LOCALHOST_ONLY', '0'), ('PATH', '/opt/ros/humble/bin:/usr/local/sbin:/usr/local/bin:/usr/sbin:/usr/bin:/sbin:/bin:/usr/games:/usr/local/games:/snap/bin'), ('FASTRTPS_DEFAULT_PROFILES_FILE', '/opt/booster/BoosterRos2/fastdds_profile.xml'), ('LANG', 'en_US.UTF-8'), ('LS_COLORS', 'rs=0:di=01;34:ln=01;36:mh=00:pi=40;33:so=01;35:do=01;35:bd=40;33;01:cd=40;33;01:or=40;31;01:mi=00:su=37;41:sg=30;43:ca=30;41:tw=30;42:ow=34;42:st=37;44:ex=01;32:*.tar=01;31:*.tgz=01;31:*.arc=01;31:*.arj=01;31:*.taz=01;31:*.lha=01;31:*.lz4=01;31:*.lzh=01;31:*.lzma=01;31:*.tlz=01;31:*.txz=01;31:*.tzo=01;31:*.t7z=01;31:*.zip=01;31:*.z=01;31:*.dz=01;31:*.gz=01;31:*.lrz=01;31:*.lz=01;31:*.lzo=01;31:*.xz=01;31:*.zst=01;31:*.tzst=01;31:*.bz2=01;31:*.bz=01;31:*.tbz=01;31:*.tbz2=01;31:*.tz=01;31:*.deb=01;31:*.rpm=01;31:*.jar=01;31:*.war=01;31:*.ear=01;31:*.sar=01;31:*.rar=01;31:*.alz=01;31:*.ace=01;31:*.zoo=01;31:*.cpio=01;31:*.7z=01;31:*.rz=01;31:*.cab=01;31:*.wim=01;31:*.swm=01;31:*.dwm=01;31:*.esd=01;31:*.jpg=01;35:*.jpeg=01;35:*.mjpg=01;35:*.mjpeg=01;35:*.gif=01;35:*.bmp=01;35:*.pbm=01;35:*.pgm=01;35:*.ppm=01;35:*.tga=01;35:*.xbm=01;35:*.xpm=01;35:*.tif=01;35:*.tiff=01;35:*.png=01;35:*.svg=01;35:*.svgz=01;35:*.mng=01;35:*.pcx=01;35:*.mov=01;35:*.mpg=01;35:*.mpeg=01;35:*.m2v=01;35:*.mkv=01;35:*.webm=01;35:*.webp=01;35:*.ogm=01;35:*.mp4=01;35:*.m4v=01;35:*.mp4v=01;35:*.vob=01;35:*.qt=01;35:*.nuv=01;35:*.wmv=01;35:*.asf=01;35:*.rm=01;35:*.rmvb=01;35:*.flc=01;35:*.avi=01;35:*.fli=01;35:*.flv=01;35:*.gl=01;35:*.dl=01;35:*.xcf=01;35:*.xwd=01;35:*.yuv=01;35:*.cgm=01;35:*.emf=01;35:*.ogv=01;35:*.ogx=01;35:*.aac=00;36:*.au=00;36:*.flac=00;36:*.m4a=00;36:*.mid=00;36:*.midi=00;36:*.mka=00;36:*.mp3=00;36:*.mpc=00;36:*.ogg=00;36:*.ra=00;36:*.wav=00;36:*.oga=00;36:*.opus=00;36:*.spx=00;36:*.xspf=00;36:'), ('SUDO_COMMAND', '/usr/bin/su'), ('AMENT_PREFIX_PATH', '/opt/ros/humble'), ('SHELL', '/bin/bash'), ('SUDO_USER', 'booster'), ('LESSCLOSE', '/usr/bin/lesspipe %s %s'), ('PWD', '/home/booster/Workspace/Booster_T1_3v3_Demo/build/booster_interface'), ('PYTHONPATH', '/opt/ros/humble/lib/python3.10/site-packages:/opt/ros/humble/local/lib/python3.10/dist-packages'), ('COLCON', '1'), ('CMAKE_PREFIX_PATH', '/opt/ros/humble')]), 'shell': False}
[0.178641] (booster_msgs) JobProgress: {'identifier': 'booster_msgs', 'progress': 'cmake'}
[0.178751] (booster_msgs) JobProgress: {'identifier': 'booster_msgs', 'progress': 'build'}
[0.178791] (booster_msgs) Command: {'cmd': ['/usr/bin/cmake', '--build', '/home/booster/Workspace/Booster_T1_3v3_Demo/build/booster_msgs', '--', '-j5', '-l5'], 'cwd': '/home/booster/Workspace/Booster_T1_3v3_Demo/build/booster_msgs', 'env': OrderedDict([('SUDO_GID', '1000'), ('LESSOPEN', '| /usr/bin/lesspipe %s'), ('PYTHONWARNINGS', 'ignore::DeprecationWarning,ignore::UserWarning,ignore::FutureWarning'), ('MAIL', '/var/mail/root'), ('USER', 'root'), ('SHLVL', '2'), ('LD_LIBRARY_PATH', '/opt/ros/humble/opt/rviz_ogre_vendor/lib:/opt/ros/humble/lib/aarch64-linux-gnu:/opt/ros/humble/lib'), ('HOME', '/root'), ('OLDPWD', '/home/booster/Workspace/Booster_T1_3v3_Demo/scripts'), ('ROS_PYTHON_VERSION', '3'), ('COLORTERM', 'truecolor'), ('SUDO_UID', '1000'), ('ROS_DISTRO', 'humble'), ('LOGNAME', 'root'), ('_', '/usr/bin/colcon'), ('ROS_VERSION', '2'), ('TERM', 'xterm-256color'), ('ROS_LOCALHOST_ONLY', '0'), ('PATH', '/opt/ros/humble/bin:/usr/local/sbin:/usr/local/bin:/usr/sbin:/usr/bin:/sbin:/bin:/usr/games:/usr/local/games:/snap/bin'), ('FASTRTPS_DEFAULT_PROFILES_FILE', '/opt/booster/BoosterRos2/fastdds_profile.xml'), ('LANG', 'en_US.UTF-8'), ('LS_COLORS', 'rs=0:di=01;34:ln=01;36:mh=00:pi=40;33:so=01;35:do=01;35:bd=40;33;01:cd=40;33;01:or=40;31;01:mi=00:su=37;41:sg=30;43:ca=30;41:tw=30;42:ow=34;42:st=37;44:ex=01;32:*.tar=01;31:*.tgz=01;31:*.arc=01;31:*.arj=01;31:*.taz=01;31:*.lha=01;31:*.lz4=01;31:*.lzh=01;31:*.lzma=01;31:*.tlz=01;31:*.txz=01;31:*.tzo=01;31:*.t7z=01;31:*.zip=01;31:*.z=01;31:*.dz=01;31:*.gz=01;31:*.lrz=01;31:*.lz=01;31:*.lzo=01;31:*.xz=01;31:*.zst=01;31:*.tzst=01;31:*.bz2=01;31:*.bz=01;31:*.tbz=01;31:*.tbz2=01;31:*.tz=01;31:*.deb=01;31:*.rpm=01;31:*.jar=01;31:*.war=01;31:*.ear=01;31:*.sar=01;31:*.rar=01;31:*.alz=01;31:*.ace=01;31:*.zoo=01;31:*.cpio=01;31:*.7z=01;31:*.rz=01;31:*.cab=01;31:*.wim=01;31:*.swm=01;31:*.dwm=01;31:*.esd=01;31:*.jpg=01;35:*.jpeg=01;35:*.mjpg=01;35:*.mjpeg=01;35:*.gif=01;35:*.bmp=01;35:*.pbm=01;35:*.pgm=01;35:*.ppm=01;35:*.tga=01;35:*.xbm=01;35:*.xpm=01;35:*.tif=01;35:*.tiff=01;35:*.png=01;35:*.svg=01;35:*.svgz=01;35:*.mng=01;35:*.pcx=01;35:*.mov=01;35:*.mpg=01;35:*.mpeg=01;35:*.m2v=01;35:*.mkv=01;35:*.webm=01;35:*.webp=01;35:*.ogm=01;35:*.mp4=01;35:*.m4v=01;35:*.mp4v=01;35:*.vob=01;35:*.qt=01;35:*.nuv=01;35:*.wmv=01;35:*.asf=01;35:*.rm=01;35:*.rmvb=01;35:*.flc=01;35:*.avi=01;35:*.fli=01;35:*.flv=01;35:*.gl=01;35:*.dl=01;35:*.xcf=01;35:*.xwd=01;35:*.yuv=01;35:*.cgm=01;35:*.emf=01;35:*.ogv=01;35:*.ogx=01;35:*.aac=00;36:*.au=00;36:*.flac=00;36:*.m4a=00;36:*.mid=00;36:*.midi=00;36:*.mka=00;36:*.mp3=00;36:*.mpc=00;36:*.ogg=00;36:*.ra=00;36:*.wav=00;36:*.oga=00;36:*.opus=00;36:*.spx=00;36:*.xspf=00;36:'), ('SUDO_COMMAND', '/usr/bin/su'), ('AMENT_PREFIX_PATH', '/opt/ros/humble'), ('SHELL', '/bin/bash'), ('SUDO_USER', 'booster'), ('LESSCLOSE', '/usr/bin/lesspipe %s %s'), ('PWD', '/home/booster/Workspace/Booster_T1_3v3_Demo/build/booster_msgs'), ('PYTHONPATH', '/opt/ros/humble/lib/python3.10/site-packages:/opt/ros/humble/local/lib/python3.10/dist-packages'), ('COLCON', '1'), ('CMAKE_PREFIX_PATH', '/opt/ros/humble')]), 'shell': False}
[0.210097] (-) TimerEvent: {}
[0.311030] (-) TimerEvent: {}
[0.341161] (game_controller_interface) StdoutLine: {'line': b'[  2%] Built target game_controller_interface__cpp\n'}
[0.378307] (vision_interface) StdoutLine: {'line': b'[  0%] Built target vision_interface__cpp\n'}
[0.411277] (-) TimerEvent: {}
[0.447516] (game_controller_interface) StdoutLine: {'line': b'[  2%] Built target ament_cmake_python_symlink_game_controller_interface\n'}
[0.470677] (booster_interface) StdoutLine: {'line': b'[  0%] Built target booster_interface__cpp\n'}
[0.488240] (vision_interface) StdoutLine: {'line': b'[  0%] Built target ament_cmake_python_symlink_vision_interface\n'}
[0.507088] (booster_msgs) StdoutLine: {'line': b'[  2%] Built target booster_msgs__cpp\n'}
[0.511472] (-) TimerEvent: {}
[0.522486] (game_controller_interface) StdoutLine: {'line': b'[ 12%] Built target game_controller_interface__rosidl_typesupport_introspection_cpp\n'}
[0.552325] (booster_interface) StdoutLine: {'line': b'[  0%] Built target ament_cmake_python_symlink_booster_interface\n'}
[0.566223] (vision_interface) StdoutLine: {'line': b'[ 12%] Built target vision_interface__rosidl_typesupport_introspection_cpp\n'}
[0.611645] (-) TimerEvent: {}
[0.674067] (booster_interface) StdoutLine: {'line': b'[ 12%] Built target booster_interface__rosidl_typesupport_introspection_cpp\n'}
[0.711863] (-) TimerEvent: {}
[0.753659] (booster_msgs) StdoutLine: {'line': b'[  2%] Built target ament_cmake_python_symlink_booster_msgs\n'}
[0.812056] (-) TimerEvent: {}
[0.884130] (booster_msgs) StdoutLine: {'line': b'[ 12%] Built target booster_msgs__rosidl_typesupport_cpp\n'}
[0.912179] (-) TimerEvent: {}
[1.012689] (-) TimerEvent: {}
[1.113304] (-) TimerEvent: {}
[1.213917] (-) TimerEvent: {}
[1.314387] (-) TimerEvent: {}
[1.392665] (vision_interface) StdoutLine: {'line': b'running egg_info\n'}
[1.395323] (vision_interface) StdoutLine: {'line': b'writing vision_interface.egg-info/PKG-INFO\n'}
[1.397108] (vision_interface) StdoutLine: {'line': b'writing dependency_links to vision_interface.egg-info/dependency_links.txt\n'}
[1.397591] (vision_interface) StdoutLine: {'line': b'writing top-level names to vision_interface.egg-info/top_level.txt\n'}
[1.409285] (vision_interface) StdoutLine: {'line': b"reading manifest file 'vision_interface.egg-info/SOURCES.txt'\n"}
[1.412798] (vision_interface) StdoutLine: {'line': b"writing manifest file 'vision_interface.egg-info/SOURCES.txt'\n"}
[1.414695] (-) TimerEvent: {}
[1.515146] (-) TimerEvent: {}
[1.614872] (vision_interface) StdoutLine: {'line': b'[ 12%] Built target ament_cmake_python_build_vision_interface_egg\n'}
[1.615270] (-) TimerEvent: {}
[1.715692] (-) TimerEvent: {}
[1.727456] (game_controller_interface) StdoutLine: {'line': b'running egg_info\n'}
[1.741113] (game_controller_interface) StdoutLine: {'line': b'writing game_controller_interface.egg-info/PKG-INFO\n'}
[1.744950] (game_controller_interface) StdoutLine: {'line': b'writing dependency_links to game_controller_interface.egg-info/dependency_links.txt\n'}
[1.747379] (game_controller_interface) StdoutLine: {'line': b'writing top-level names to game_controller_interface.egg-info/top_level.txt\n'}
[1.752011] (game_controller_interface) StdoutLine: {'line': b"reading manifest file 'game_controller_interface.egg-info/SOURCES.txt'\n"}
[1.756508] (game_controller_interface) StdoutLine: {'line': b"writing manifest file 'game_controller_interface.egg-info/SOURCES.txt'\n"}
[1.760712] (vision_interface) StdoutLine: {'line': b'[ 23%] Built target vision_interface__rosidl_typesupport_fastrtps_cpp\n'}
[1.815823] (-) TimerEvent: {}
[1.879192] (vision_interface) StdoutLine: {'line': b'[ 35%] Built target vision_interface__rosidl_typesupport_cpp\n'}
[1.882394] (game_controller_interface) StdoutLine: {'line': b'[ 12%] Built target ament_cmake_python_build_game_controller_interface_egg\n'}
[1.908534] (booster_msgs) StdoutLine: {'line': b'running egg_info\n'}
[1.910083] (booster_msgs) StdoutLine: {'line': b'writing booster_msgs.egg-info/PKG-INFO\n'}
[1.910699] (booster_msgs) StdoutLine: {'line': b'writing dependency_links to booster_msgs.egg-info/dependency_links.txt\n'}
[1.911400] (booster_msgs) StdoutLine: {'line': b'writing top-level names to booster_msgs.egg-info/top_level.txt\n'}
[1.915948] (-) TimerEvent: {}
[1.921255] (booster_msgs) StdoutLine: {'line': b"reading manifest file 'booster_msgs.egg-info/SOURCES.txt'\n"}
[1.925905] (booster_msgs) StdoutLine: {'line': b"writing manifest file 'booster_msgs.egg-info/SOURCES.txt'\n"}
[2.008025] (game_controller_interface) StdoutLine: {'line': b'[ 23%] Built target game_controller_interface__rosidl_typesupport_fastrtps_cpp\n'}
[2.016118] (-) TimerEvent: {}
[2.039561] (vision_interface) StdoutLine: {'line': b'[ 47%] Built target vision_interface__rosidl_generator_c\n'}
[2.042216] (booster_msgs) StdoutLine: {'line': b'[ 12%] Built target ament_cmake_python_build_booster_msgs_egg\n'}
[2.051281] (booster_interface) StdoutLine: {'line': b'running egg_info\n'}
[2.070664] (booster_interface) StdoutLine: {'line': b'writing booster_interface.egg-info/PKG-INFO\n'}
[2.074195] (booster_interface) StdoutLine: {'line': b'writing dependency_links to booster_interface.egg-info/dependency_links.txt\n'}
[2.078974] (booster_interface) StdoutLine: {'line': b'writing top-level names to booster_interface.egg-info/top_level.txt\n'}
[2.087466] (game_controller_interface) StdoutLine: {'line': b'[ 34%] Built target game_controller_interface__rosidl_typesupport_cpp\n'}
[2.111575] (booster_interface) StdoutLine: {'line': b"reading manifest file 'booster_interface.egg-info/SOURCES.txt'\n"}
[2.116131] (booster_msgs) StdoutLine: {'line': b'[ 23%] Built target booster_msgs__rosidl_typesupport_introspection_cpp\n'}
[2.116794] (-) TimerEvent: {}
[2.118852] (booster_interface) StdoutLine: {'line': b"writing manifest file 'booster_interface.egg-info/SOURCES.txt'\n"}
[2.129946] (vision_interface) StdoutLine: {'line': b'[ 59%] Built target vision_interface__rosidl_typesupport_fastrtps_c\n'}
[2.183551] (vision_interface) StdoutLine: {'line': b'[ 70%] Built target vision_interface__rosidl_typesupport_c\n'}
[2.190945] (game_controller_interface) StdoutLine: {'line': b'[ 44%] Built target game_controller_interface__rosidl_generator_c\n'}
[2.216947] (-) TimerEvent: {}
[2.225229] (booster_msgs) StdoutLine: {'line': b'[ 34%] Built target booster_msgs__rosidl_typesupport_fastrtps_cpp\n'}
[2.266081] (vision_interface) StdoutLine: {'line': b'[ 82%] Built target vision_interface__rosidl_typesupport_introspection_c\n'}
[2.307857] (game_controller_interface) StdoutLine: {'line': b'[ 55%] Built target game_controller_interface__rosidl_typesupport_fastrtps_c\n'}
[2.317325] (-) TimerEvent: {}
[2.325913] (booster_msgs) StdoutLine: {'line': b'[ 44%] Built target booster_msgs__rosidl_generator_c\n'}
[2.340621] (vision_interface) StdoutLine: {'line': b'[ 82%] Built target vision_interface\n'}
[2.371759] (booster_msgs) StdoutLine: {'line': b'[ 55%] Built target booster_msgs__rosidl_typesupport_fastrtps_c\n'}
[2.417725] (-) TimerEvent: {}
[2.418662] (vision_interface) StdoutLine: {'line': b'[ 83%] Built target vision_interface__py\n'}
[2.442533] (booster_msgs) StdoutLine: {'line': b'[ 65%] Built target booster_msgs__rosidl_typesupport_c\n'}
[2.455872] (game_controller_interface) StdoutLine: {'line': b'[ 65%] Built target game_controller_interface__rosidl_typesupport_c\n'}
[2.486661] (booster_msgs) StdoutLine: {'line': b'[ 76%] Built target booster_msgs__rosidl_typesupport_introspection_c\n'}
[2.497176] (booster_interface) StdoutLine: {'line': b'[ 12%] Built target ament_cmake_python_build_booster_interface_egg\n'}
[2.517966] (-) TimerEvent: {}
[2.521936] (booster_msgs) StdoutLine: {'line': b'[ 76%] Built target booster_msgs\n'}
[2.571333] (booster_msgs) StdoutLine: {'line': b'[ 78%] Built target booster_msgs__py\n'}
[2.580001] (vision_interface) StdoutLine: {'line': b'[ 94%] Built target vision_interface__rosidl_generator_py\n'}
[2.618113] (-) TimerEvent: {}
[2.623272] (booster_msgs) StdoutLine: {'line': b'[ 87%] Built target booster_msgs__rosidl_generator_py\n'}
[2.655685] (booster_interface) StdoutLine: {'line': b'[ 24%] Built target booster_interface__rosidl_typesupport_fastrtps_cpp\n'}
[2.697977] (vision_interface) StdoutLine: {'line': b'[ 96%] Built target vision_interface__rosidl_typesupport_fastrtps_c__pyext\n'}
[2.709575] (game_controller_interface) StdoutLine: {'line': b'[ 76%] Built target game_controller_interface__rosidl_typesupport_introspection_c\n'}
[2.718647] (-) TimerEvent: {}
[2.722907] (booster_msgs) StdoutLine: {'line': b'[ 91%] Built target booster_msgs__rosidl_typesupport_fastrtps_c__pyext\n'}
[2.781130] (vision_interface) StdoutLine: {'line': b'[ 98%] Built target vision_interface__rosidl_typesupport_c__pyext\n'}
[2.802393] (game_controller_interface) StdoutLine: {'line': b'[ 76%] Built target game_controller_interface\n'}
[2.808883] (booster_interface) StdoutLine: {'line': b'[ 36%] Built target booster_interface__rosidl_typesupport_cpp\n'}
[2.818858] (-) TimerEvent: {}
[2.828853] (booster_msgs) StdoutLine: {'line': b'[ 95%] Built target booster_msgs__rosidl_typesupport_c__pyext\n'}
[2.843055] (vision_interface) StdoutLine: {'line': b'[100%] Built target vision_interface__rosidl_typesupport_introspection_c__pyext\n'}
[2.880563] (vision_interface) CommandEnded: {'returncode': 0}
[2.882638] (vision_interface) JobProgress: {'identifier': 'vision_interface', 'progress': 'install'}
[2.896187] (booster_msgs) StdoutLine: {'line': b'[100%] Built target booster_msgs__rosidl_typesupport_introspection_c__pyext\n'}
[2.918368] (vision_interface) Command: {'cmd': ['/usr/bin/cmake', '--install', '/home/booster/Workspace/Booster_T1_3v3_Demo/build/vision_interface'], 'cwd': '/home/booster/Workspace/Booster_T1_3v3_Demo/build/vision_interface', 'env': OrderedDict([('SUDO_GID', '1000'), ('LESSOPEN', '| /usr/bin/lesspipe %s'), ('PYTHONWARNINGS', 'ignore::DeprecationWarning,ignore::UserWarning,ignore::FutureWarning'), ('MAIL', '/var/mail/root'), ('USER', 'root'), ('SHLVL', '2'), ('LD_LIBRARY_PATH', '/opt/ros/humble/opt/rviz_ogre_vendor/lib:/opt/ros/humble/lib/aarch64-linux-gnu:/opt/ros/humble/lib'), ('HOME', '/root'), ('OLDPWD', '/home/booster/Workspace/Booster_T1_3v3_Demo/scripts'), ('ROS_PYTHON_VERSION', '3'), ('COLORTERM', 'truecolor'), ('SUDO_UID', '1000'), ('ROS_DISTRO', 'humble'), ('LOGNAME', 'root'), ('_', '/usr/bin/colcon'), ('ROS_VERSION', '2'), ('TERM', 'xterm-256color'), ('ROS_LOCALHOST_ONLY', '0'), ('PATH', '/opt/ros/humble/bin:/usr/local/sbin:/usr/local/bin:/usr/sbin:/usr/bin:/sbin:/bin:/usr/games:/usr/local/games:/snap/bin'), ('FASTRTPS_DEFAULT_PROFILES_FILE', '/opt/booster/BoosterRos2/fastdds_profile.xml'), ('LANG', 'en_US.UTF-8'), ('LS_COLORS', 'rs=0:di=01;34:ln=01;36:mh=00:pi=40;33:so=01;35:do=01;35:bd=40;33;01:cd=40;33;01:or=40;31;01:mi=00:su=37;41:sg=30;43:ca=30;41:tw=30;42:ow=34;42:st=37;44:ex=01;32:*.tar=01;31:*.tgz=01;31:*.arc=01;31:*.arj=01;31:*.taz=01;31:*.lha=01;31:*.lz4=01;31:*.lzh=01;31:*.lzma=01;31:*.tlz=01;31:*.txz=01;31:*.tzo=01;31:*.t7z=01;31:*.zip=01;31:*.z=01;31:*.dz=01;31:*.gz=01;31:*.lrz=01;31:*.lz=01;31:*.lzo=01;31:*.xz=01;31:*.zst=01;31:*.tzst=01;31:*.bz2=01;31:*.bz=01;31:*.tbz=01;31:*.tbz2=01;31:*.tz=01;31:*.deb=01;31:*.rpm=01;31:*.jar=01;31:*.war=01;31:*.ear=01;31:*.sar=01;31:*.rar=01;31:*.alz=01;31:*.ace=01;31:*.zoo=01;31:*.cpio=01;31:*.7z=01;31:*.rz=01;31:*.cab=01;31:*.wim=01;31:*.swm=01;31:*.dwm=01;31:*.esd=01;31:*.jpg=01;35:*.jpeg=01;35:*.mjpg=01;35:*.mjpeg=01;35:*.gif=01;35:*.bmp=01;35:*.pbm=01;35:*.pgm=01;35:*.ppm=01;35:*.tga=01;35:*.xbm=01;35:*.xpm=01;35:*.tif=01;35:*.tiff=01;35:*.png=01;35:*.svg=01;35:*.svgz=01;35:*.mng=01;35:*.pcx=01;35:*.mov=01;35:*.mpg=01;35:*.mpeg=01;35:*.m2v=01;35:*.mkv=01;35:*.webm=01;35:*.webp=01;35:*.ogm=01;35:*.mp4=01;35:*.m4v=01;35:*.mp4v=01;35:*.vob=01;35:*.qt=01;35:*.nuv=01;35:*.wmv=01;35:*.asf=01;35:*.rm=01;35:*.rmvb=01;35:*.flc=01;35:*.avi=01;35:*.fli=01;35:*.flv=01;35:*.gl=01;35:*.dl=01;35:*.xcf=01;35:*.xwd=01;35:*.yuv=01;35:*.cgm=01;35:*.emf=01;35:*.ogv=01;35:*.ogx=01;35:*.aac=00;36:*.au=00;36:*.flac=00;36:*.m4a=00;36:*.mid=00;36:*.midi=00;36:*.mka=00;36:*.mp3=00;36:*.mpc=00;36:*.ogg=00;36:*.ra=00;36:*.wav=00;36:*.oga=00;36:*.opus=00;36:*.spx=00;36:*.xspf=00;36:'), ('SUDO_COMMAND', '/usr/bin/su'), ('AMENT_PREFIX_PATH', '/opt/ros/humble'), ('SHELL', '/bin/bash'), ('SUDO_USER', 'booster'), ('LESSCLOSE', '/usr/bin/lesspipe %s %s'), ('PWD', '/home/booster/Workspace/Booster_T1_3v3_Demo/build/vision_interface'), ('PYTHONPATH', '/opt/ros/humble/lib/python3.10/site-packages:/opt/ros/humble/local/lib/python3.10/dist-packages'), ('COLCON', '1'), ('CMAKE_PREFIX_PATH', '/opt/ros/humble')]), 'shell': False}
[2.919229] (-) TimerEvent: {}
[2.962668] (game_controller_interface) StdoutLine: {'line': b'[ 78%] Built target game_controller_interface__py\n'}
[2.975999] (vision_interface) StdoutLine: {'line': b'-- Install configuration: ""\n'}
[2.994343] (vision_interface) StdoutLine: {'line': b'-- Execute custom install script\n'}
[3.012006] (booster_msgs) CommandEnded: {'returncode': 0}
[3.012816] (booster_msgs) JobProgress: {'identifier': 'booster_msgs', 'progress': 'install'}
[3.012880] (booster_msgs) Command: {'cmd': ['/usr/bin/cmake', '--install', '/home/booster/Workspace/Booster_T1_3v3_Demo/build/booster_msgs'], 'cwd': '/home/booster/Workspace/Booster_T1_3v3_Demo/build/booster_msgs', 'env': OrderedDict([('SUDO_GID', '1000'), ('LESSOPEN', '| /usr/bin/lesspipe %s'), ('PYTHONWARNINGS', 'ignore::DeprecationWarning,ignore::UserWarning,ignore::FutureWarning'), ('MAIL', '/var/mail/root'), ('USER', 'root'), ('SHLVL', '2'), ('LD_LIBRARY_PATH', '/opt/ros/humble/opt/rviz_ogre_vendor/lib:/opt/ros/humble/lib/aarch64-linux-gnu:/opt/ros/humble/lib'), ('HOME', '/root'), ('OLDPWD', '/home/booster/Workspace/Booster_T1_3v3_Demo/scripts'), ('ROS_PYTHON_VERSION', '3'), ('COLORTERM', 'truecolor'), ('SUDO_UID', '1000'), ('ROS_DISTRO', 'humble'), ('LOGNAME', 'root'), ('_', '/usr/bin/colcon'), ('ROS_VERSION', '2'), ('TERM', 'xterm-256color'), ('ROS_LOCALHOST_ONLY', '0'), ('PATH', '/opt/ros/humble/bin:/usr/local/sbin:/usr/local/bin:/usr/sbin:/usr/bin:/sbin:/bin:/usr/games:/usr/local/games:/snap/bin'), ('FASTRTPS_DEFAULT_PROFILES_FILE', '/opt/booster/BoosterRos2/fastdds_profile.xml'), ('LANG', 'en_US.UTF-8'), ('LS_COLORS', 'rs=0:di=01;34:ln=01;36:mh=00:pi=40;33:so=01;35:do=01;35:bd=40;33;01:cd=40;33;01:or=40;31;01:mi=00:su=37;41:sg=30;43:ca=30;41:tw=30;42:ow=34;42:st=37;44:ex=01;32:*.tar=01;31:*.tgz=01;31:*.arc=01;31:*.arj=01;31:*.taz=01;31:*.lha=01;31:*.lz4=01;31:*.lzh=01;31:*.lzma=01;31:*.tlz=01;31:*.txz=01;31:*.tzo=01;31:*.t7z=01;31:*.zip=01;31:*.z=01;31:*.dz=01;31:*.gz=01;31:*.lrz=01;31:*.lz=01;31:*.lzo=01;31:*.xz=01;31:*.zst=01;31:*.tzst=01;31:*.bz2=01;31:*.bz=01;31:*.tbz=01;31:*.tbz2=01;31:*.tz=01;31:*.deb=01;31:*.rpm=01;31:*.jar=01;31:*.war=01;31:*.ear=01;31:*.sar=01;31:*.rar=01;31:*.alz=01;31:*.ace=01;31:*.zoo=01;31:*.cpio=01;31:*.7z=01;31:*.rz=01;31:*.cab=01;31:*.wim=01;31:*.swm=01;31:*.dwm=01;31:*.esd=01;31:*.jpg=01;35:*.jpeg=01;35:*.mjpg=01;35:*.mjpeg=01;35:*.gif=01;35:*.bmp=01;35:*.pbm=01;35:*.pgm=01;35:*.ppm=01;35:*.tga=01;35:*.xbm=01;35:*.xpm=01;35:*.tif=01;35:*.tiff=01;35:*.png=01;35:*.svg=01;35:*.svgz=01;35:*.mng=01;35:*.pcx=01;35:*.mov=01;35:*.mpg=01;35:*.mpeg=01;35:*.m2v=01;35:*.mkv=01;35:*.webm=01;35:*.webp=01;35:*.ogm=01;35:*.mp4=01;35:*.m4v=01;35:*.mp4v=01;35:*.vob=01;35:*.qt=01;35:*.nuv=01;35:*.wmv=01;35:*.asf=01;35:*.rm=01;35:*.rmvb=01;35:*.flc=01;35:*.avi=01;35:*.fli=01;35:*.flv=01;35:*.gl=01;35:*.dl=01;35:*.xcf=01;35:*.xwd=01;35:*.yuv=01;35:*.cgm=01;35:*.emf=01;35:*.ogv=01;35:*.ogx=01;35:*.aac=00;36:*.au=00;36:*.flac=00;36:*.m4a=00;36:*.mid=00;36:*.midi=00;36:*.mka=00;36:*.mp3=00;36:*.mpc=00;36:*.ogg=00;36:*.ra=00;36:*.wav=00;36:*.oga=00;36:*.opus=00;36:*.spx=00;36:*.xspf=00;36:'), ('SUDO_COMMAND', '/usr/bin/su'), ('AMENT_PREFIX_PATH', '/opt/ros/humble'), ('SHELL', '/bin/bash'), ('SUDO_USER', 'booster'), ('LESSCLOSE', '/usr/bin/lesspipe %s %s'), ('PWD', '/home/booster/Workspace/Booster_T1_3v3_Demo/build/booster_msgs'), ('PYTHONPATH', '/opt/ros/humble/lib/python3.10/site-packages:/opt/ros/humble/local/lib/python3.10/dist-packages'), ('COLCON', '1'), ('CMAKE_PREFIX_PATH', '/opt/ros/humble')]), 'shell': False}
[3.013337] (vision_interface) StdoutLine: {'line': b'-- Up-to-date symlink: /home/booster/Workspace/Booster_T1_3v3_Demo/install/vision_interface/share/ament_index/resource_index/rosidl_interfaces/vision_interface\n'}
[3.014038] (vision_interface) StdoutLine: {'line': b'-- Up-to-date symlink: /home/booster/Workspace/Booster_T1_3v3_Demo/install/vision_interface/include/vision_interface/vision_interface/msg/ball.h\n'}
[3.014428] (vision_interface) StdoutLine: {'line': b'-- Up-to-date symlink: /home/booster/Workspace/Booster_T1_3v3_Demo/install/vision_interface/include/vision_interface/vision_interface/msg/cal_param.h\n'}
[3.014625] (vision_interface) StdoutLine: {'line': b'-- Up-to-date symlink: /home/booster/Workspace/Booster_T1_3v3_Demo/install/vision_interface/include/vision_interface/vision_interface/msg/detail/ball__functions.h\n'}
[3.014756] (vision_interface) StdoutLine: {'line': b'-- Up-to-date symlink: /home/booster/Workspace/Booster_T1_3v3_Demo/install/vision_interface/include/vision_interface/vision_interface/msg/detail/ball__struct.h\n'}
[3.014867] (vision_interface) StdoutLine: {'line': b'-- Up-to-date symlink: /home/booster/Workspace/Booster_T1_3v3_Demo/install/vision_interface/include/vision_interface/vision_interface/msg/detail/ball__type_support.h\n'}
[3.014997] (vision_interface) StdoutLine: {'line': b'-- Up-to-date symlink: /home/booster/Workspace/Booster_T1_3v3_Demo/install/vision_interface/include/vision_interface/vision_interface/msg/detail/cal_param__functions.h\n'}
[3.015098] (vision_interface) StdoutLine: {'line': b'-- Up-to-date symlink: /home/booster/Workspace/Booster_T1_3v3_Demo/install/vision_interface/include/vision_interface/vision_interface/msg/detail/cal_param__struct.h\n'}
[3.015195] (vision_interface) StdoutLine: {'line': b'-- Up-to-date symlink: /home/booster/Workspace/Booster_T1_3v3_Demo/install/vision_interface/include/vision_interface/vision_interface/msg/detail/cal_param__type_support.h\n'}
[3.015292] (vision_interface) StdoutLine: {'line': b'-- Up-to-date symlink: /home/booster/Workspace/Booster_T1_3v3_Demo/install/vision_interface/include/vision_interface/vision_interface/msg/detail/detected_object__functions.h\n'}
[3.019370] (-) TimerEvent: {}
[3.023041] (booster_interface) StdoutLine: {'line': b'[ 48%] Built target booster_interface__rosidl_generator_c\n'}
[3.029851] (vision_interface) StdoutLine: {'line': b'-- Up-to-date symlink: /home/booster/Workspace/Booster_T1_3v3_Demo/install/vision_interface/include/vision_interface/vision_interface/msg/detail/detected_object__struct.h\n'}
[3.031158] (vision_interface) StdoutLine: {'line': b'-- Up-to-date symlink: /home/booster/Workspace/Booster_T1_3v3_Demo/install/vision_interface/include/vision_interface/vision_interface/msg/detail/detected_object__type_support.h\n'}
[3.033092] (vision_interface) StdoutLine: {'line': b'-- Up-to-date symlink: /home/booster/Workspace/Booster_T1_3v3_Demo/install/vision_interface/include/vision_interface/vision_interface/msg/detail/detections__functions.h\n'}
[3.035070] (vision_interface) StdoutLine: {'line': b'-- Up-to-date symlink: /home/booster/Workspace/Booster_T1_3v3_Demo/install/vision_interface/include/vision_interface/vision_interface/msg/detail/detections__struct.h\n'}
[3.038621] (vision_interface) StdoutLine: {'line': b'-- Up-to-date symlink: /home/booster/Workspace/Booster_T1_3v3_Demo/install/vision_interface/include/vision_interface/vision_interface/msg/detail/detections__type_support.h\n'}
[3.041852] (vision_interface) StdoutLine: {'line': b'-- Up-to-date symlink: /home/booster/Workspace/Booster_T1_3v3_Demo/install/vision_interface/include/vision_interface/vision_interface/msg/detail/detections_track__functions.h\n'}
[3.043813] (booster_msgs) StdoutLine: {'line': b'-- Install configuration: ""\n'}
[3.044758] (booster_msgs) StdoutLine: {'line': b'-- Execute custom install script\n'}
[3.045158] (vision_interface) StdoutLine: {'line': b'-- Up-to-date symlink: /home/booster/Workspace/Booster_T1_3v3_Demo/install/vision_interface/include/vision_interface/vision_interface/msg/detail/detections_track__struct.h\n'}
[3.045723] (booster_msgs) StdoutLine: {'line': b'-- Up-to-date symlink: /home/booster/Workspace/Booster_T1_3v3_Demo/install/booster_msgs/share/ament_index/resource_index/rosidl_interfaces/booster_msgs\n'}
[3.046017] (vision_interface) StdoutLine: {'line': b'-- Up-to-date symlink: /home/booster/Workspace/Booster_T1_3v3_Demo/install/vision_interface/include/vision_interface/vision_interface/msg/detail/detections_track__type_support.h\n'}
[3.046361] (vision_interface) StdoutLine: {'line': b'-- Up-to-date symlink: /home/booster/Workspace/Booster_T1_3v3_Demo/install/vision_interface/include/vision_interface/vision_interface/msg/detail/image_head_position__functions.h\n'}
[3.048638] (vision_interface) StdoutLine: {'line': b'-- Up-to-date symlink: /home/booster/Workspace/Booster_T1_3v3_Demo/install/vision_interface/include/vision_interface/vision_interface/msg/detail/image_head_position__struct.h\n'}
[3.050261] (vision_interface) StdoutLine: {'line': b'-- Up-to-date symlink: /home/booster/Workspace/Booster_T1_3v3_Demo/install/vision_interface/include/vision_interface/vision_interface/msg/detail/image_head_position__type_support.h\n'}
[3.051014] (game_controller_interface) StdoutLine: {'line': b'[ 87%] Built target game_controller_interface__rosidl_generator_py\n'}
[3.052754] (vision_interface) StdoutLine: {'line': b'-- Up-to-date symlink: /home/booster/Workspace/Booster_T1_3v3_Demo/install/vision_interface/include/vision_interface/vision_interface/msg/detail/line_segments__functions.h\n'}
[3.053606] (vision_interface) StdoutLine: {'line': b'-- Up-to-date symlink: /home/booster/Workspace/Booster_T1_3v3_Demo/install/vision_interface/include/vision_interface/vision_interface/msg/detail/line_segments__struct.h\n'}
[3.055253] (vision_interface) StdoutLine: {'line': b'-- Up-to-date symlink: /home/booster/Workspace/Booster_T1_3v3_Demo/install/vision_interface/include/vision_interface/vision_interface/msg/detail/line_segments__type_support.h\n'}
[3.056336] (vision_interface) StdoutLine: {'line': b'-- Up-to-date symlink: /home/booster/Workspace/Booster_T1_3v3_Demo/install/vision_interface/include/vision_interface/vision_interface/msg/detail/segmentation_line__functions.h\n'}
[3.058438] (vision_interface) StdoutLine: {'line': b'-- Up-to-date symlink: /home/booster/Workspace/Booster_T1_3v3_Demo/install/vision_interface/include/vision_interface/vision_interface/msg/detail/segmentation_line__struct.h\n'}
[3.060710] (vision_interface) StdoutLine: {'line': b'-- Up-to-date symlink: /home/booster/Workspace/Booster_T1_3v3_Demo/install/vision_interface/include/vision_interface/vision_interface/msg/detail/segmentation_line__type_support.h\n'}
[3.062462] (vision_interface) StdoutLine: {'line': b'-- Up-to-date symlink: /home/booster/Workspace/Booster_T1_3v3_Demo/install/vision_interface/include/vision_interface/vision_interface/msg/detail/segmentation_point__functions.h\n'}
[3.067365] (vision_interface) StdoutLine: {'line': b'-- Up-to-date symlink: /home/booster/Workspace/Booster_T1_3v3_Demo/install/vision_interface/include/vision_interface/vision_interface/msg/detail/segmentation_point__struct.h\n'}
[3.068270] (vision_interface) StdoutLine: {'line': b'-- Up-to-date symlink: /home/booster/Workspace/Booster_T1_3v3_Demo/install/vision_interface/include/vision_interface/vision_interface/msg/detail/segmentation_point__type_support.h\n'}
[3.070102] (vision_interface) StdoutLine: {'line': b'-- Up-to-date symlink: /home/booster/Workspace/Booster_T1_3v3_Demo/install/vision_interface/include/vision_interface/vision_interface/msg/detail/segmentation_result__functions.h\n'}
[3.071485] (vision_interface) StdoutLine: {'line': b'-- Up-to-date symlink: /home/booster/Workspace/Booster_T1_3v3_Demo/install/vision_interface/include/vision_interface/vision_interface/msg/detail/segmentation_result__struct.h\n'}
[3.072989] (vision_interface) StdoutLine: {'line': b'-- Up-to-date symlink: /home/booster/Workspace/Booster_T1_3v3_Demo/install/vision_interface/include/vision_interface/vision_interface/msg/detail/segmentation_result__type_support.h\n'}
[3.074825] (vision_interface) StdoutLine: {'line': b'-- Up-to-date symlink: /home/booster/Workspace/Booster_T1_3v3_Demo/install/vision_interface/include/vision_interface/vision_interface/msg/detected_object.h\n'}
[3.076172] (vision_interface) StdoutLine: {'line': b'-- Up-to-date symlink: /home/booster/Workspace/Booster_T1_3v3_Demo/install/vision_interface/include/vision_interface/vision_interface/msg/detections.h\n'}
[3.079325] (vision_interface) StdoutLine: {'line': b'-- Up-to-date symlink: /home/booster/Workspace/Booster_T1_3v3_Demo/install/vision_interface/include/vision_interface/vision_interface/msg/detections_track.h\n'}
[3.080476] (vision_interface) StdoutLine: {'line': b'-- Up-to-date symlink: /home/booster/Workspace/Booster_T1_3v3_Demo/install/vision_interface/include/vision_interface/vision_interface/msg/image_head_position.h\n'}
[3.082280] (vision_interface) StdoutLine: {'line': b'-- Up-to-date symlink: /home/booster/Workspace/Booster_T1_3v3_Demo/install/vision_interface/include/vision_interface/vision_interface/msg/line_segments.h\n'}
[3.086229] (vision_interface) StdoutLine: {'line': b'-- Up-to-date symlink: /home/booster/Workspace/Booster_T1_3v3_Demo/install/vision_interface/include/vision_interface/vision_interface/msg/rosidl_generator_c__visibility_control.h\n'}
[3.086930] (booster_msgs) StdoutLine: {'line': b'-- Up-to-date symlink: /home/booster/Workspace/Booster_T1_3v3_Demo/install/booster_msgs/include/booster_msgs/booster_msgs/msg/binary_data.h\n'}
[3.087291] (booster_msgs) StdoutLine: {'line': b'-- Up-to-date symlink: /home/booster/Workspace/Booster_T1_3v3_Demo/install/booster_msgs/include/booster_msgs/booster_msgs/msg/detail/binary_data__functions.h\n'}
[3.088143] (booster_msgs) StdoutLine: {'line': b'-- Up-to-date symlink: /home/booster/Workspace/Booster_T1_3v3_Demo/install/booster_msgs/include/booster_msgs/booster_msgs/msg/detail/binary_data__struct.h\n'}
[3.088567] (booster_msgs) StdoutLine: {'line': b'-- Up-to-date symlink: /home/booster/Workspace/Booster_T1_3v3_Demo/install/booster_msgs/include/booster_msgs/booster_msgs/msg/detail/binary_data__type_support.h\n'}
[3.089249] (game_controller_interface) StdoutLine: {'line': b'[ 91%] Built target game_controller_interface__rosidl_typesupport_fastrtps_c__pyext\n'}
[3.090148] (booster_msgs) StdoutLine: {'line': b'-- Up-to-date symlink: /home/booster/Workspace/Booster_T1_3v3_Demo/install/booster_msgs/include/booster_msgs/booster_msgs/msg/detail/rpc_req_msg__functions.h\n'}
[3.090726] (booster_msgs) StdoutLine: {'line': b'-- Up-to-date symlink: /home/booster/Workspace/Booster_T1_3v3_Demo/install/booster_msgs/include/booster_msgs/booster_msgs/msg/detail/rpc_req_msg__struct.h\n'}
[3.092138] (booster_msgs) StdoutLine: {'line': b'-- Up-to-date symlink: /home/booster/Workspace/Booster_T1_3v3_Demo/install/booster_msgs/include/booster_msgs/booster_msgs/msg/detail/rpc_req_msg__type_support.h\n'}
[3.092413] (booster_msgs) StdoutLine: {'line': b'-- Up-to-date symlink: /home/booster/Workspace/Booster_T1_3v3_Demo/install/booster_msgs/include/booster_msgs/booster_msgs/msg/detail/rpc_resp_msg__functions.h\n'}
[3.097410] (booster_msgs) StdoutLine: {'line': b'-- Up-to-date symlink: /home/booster/Workspace/Booster_T1_3v3_Demo/install/booster_msgs/include/booster_msgs/booster_msgs/msg/detail/rpc_resp_msg__struct.h\n'}
[3.097805] (booster_msgs) StdoutLine: {'line': b'-- Up-to-date symlink: /home/booster/Workspace/Booster_T1_3v3_Demo/install/booster_msgs/include/booster_msgs/booster_msgs/msg/detail/rpc_resp_msg__type_support.h\n'}
[3.098612] (booster_msgs) StdoutLine: {'line': b'-- Up-to-date symlink: /home/booster/Workspace/Booster_T1_3v3_Demo/install/booster_msgs/include/booster_msgs/booster_msgs/msg/rosidl_generator_c__visibility_control.h\n'}
[3.099160] (booster_msgs) StdoutLine: {'line': b'-- Up-to-date symlink: /home/booster/Workspace/Booster_T1_3v3_Demo/install/booster_msgs/include/booster_msgs/booster_msgs/msg/rpc_req_msg.h\n'}
[3.099950] (booster_msgs) StdoutLine: {'line': b'-- Up-to-date symlink: /home/booster/Workspace/Booster_T1_3v3_Demo/install/booster_msgs/include/booster_msgs/booster_msgs/msg/rpc_resp_msg.h\n'}
[3.100437] (booster_msgs) StdoutLine: {'line': b'-- Up-to-date symlink: /home/booster/Workspace/Booster_T1_3v3_Demo/install/booster_msgs/share/booster_msgs/environment/library_path.sh\n'}
[3.102302] (booster_msgs) StdoutLine: {'line': b'-- Up-to-date symlink: /home/booster/Workspace/Booster_T1_3v3_Demo/install/booster_msgs/share/booster_msgs/environment/library_path.dsv\n'}
[3.103840] (booster_msgs) StdoutLine: {'line': b'-- Up-to-date symlink: /home/booster/Workspace/Booster_T1_3v3_Demo/install/booster_msgs/include/booster_msgs/booster_msgs/msg/detail/binary_data__rosidl_typesupport_fastrtps_c.h\n'}
[3.104141] (booster_msgs) StdoutLine: {'line': b'-- Up-to-date symlink: /home/booster/Workspace/Booster_T1_3v3_Demo/install/booster_msgs/include/booster_msgs/booster_msgs/msg/detail/rpc_req_msg__rosidl_typesupport_fastrtps_c.h\n'}
[3.104587] (vision_interface) StdoutLine: {'line': b'-- Up-to-date symlink: /home/booster/Workspace/Booster_T1_3v3_Demo/install/vision_interface/include/vision_interface/vision_interface/msg/segmentation_line.h\n'}
[3.106874] (booster_msgs) StdoutLine: {'line': b'-- Up-to-date symlink: /home/booster/Workspace/Booster_T1_3v3_Demo/install/booster_msgs/include/booster_msgs/booster_msgs/msg/detail/rpc_resp_msg__rosidl_typesupport_fastrtps_c.h\n'}
[3.107612] (booster_msgs) StdoutLine: {'line': b'-- Up-to-date symlink: /home/booster/Workspace/Booster_T1_3v3_Demo/install/booster_msgs/include/booster_msgs/booster_msgs/msg/rosidl_typesupport_fastrtps_c__visibility_control.h\n'}
[3.108288] (booster_msgs) StdoutLine: {'line': b'-- Up-to-date symlink: /home/booster/Workspace/Booster_T1_3v3_Demo/install/booster_msgs/include/booster_msgs/booster_msgs/msg/detail/binary_data__rosidl_typesupport_introspection_c.h\n'}
[3.109346] (booster_msgs) StdoutLine: {'line': b'-- Up-to-date symlink: /home/booster/Workspace/Booster_T1_3v3_Demo/install/booster_msgs/include/booster_msgs/booster_msgs/msg/detail/rpc_req_msg__rosidl_typesupport_introspection_c.h\n'}
[3.109666] (booster_msgs) StdoutLine: {'line': b'-- Up-to-date symlink: /home/booster/Workspace/Booster_T1_3v3_Demo/install/booster_msgs/include/booster_msgs/booster_msgs/msg/detail/rpc_resp_msg__rosidl_typesupport_introspection_c.h\n'}
[3.110848] (booster_msgs) StdoutLine: {'line': b'-- Up-to-date symlink: /home/booster/Workspace/Booster_T1_3v3_Demo/install/booster_msgs/include/booster_msgs/booster_msgs/msg/rosidl_typesupport_introspection_c__visibility_control.h\n'}
[3.112513] (booster_msgs) StdoutLine: {'line': b'-- Up-to-date symlink: /home/booster/Workspace/Booster_T1_3v3_Demo/install/booster_msgs/include/booster_msgs/booster_msgs/msg/binary_data.hpp\n'}
[3.113314] (booster_msgs) StdoutLine: {'line': b'-- Up-to-date symlink: /home/booster/Workspace/Booster_T1_3v3_Demo/install/booster_msgs/include/booster_msgs/booster_msgs/msg/detail/binary_data__builder.hpp\n'}
[3.113806] (vision_interface) StdoutLine: {'line': b'-- Up-to-date symlink: /home/booster/Workspace/Booster_T1_3v3_Demo/install/vision_interface/include/vision_interface/vision_interface/msg/segmentation_point.h\n'}
[3.114079] (booster_msgs) StdoutLine: {'line': b'-- Up-to-date symlink: /home/booster/Workspace/Booster_T1_3v3_Demo/install/booster_msgs/include/booster_msgs/booster_msgs/msg/detail/binary_data__struct.hpp\n'}
[3.115055] (vision_interface) StdoutLine: {'line': b'-- Up-to-date symlink: /home/booster/Workspace/Booster_T1_3v3_Demo/install/vision_interface/include/vision_interface/vision_interface/msg/segmentation_result.h\n'}
[3.115363] (booster_msgs) StdoutLine: {'line': b'-- Up-to-date symlink: /home/booster/Workspace/Booster_T1_3v3_Demo/install/booster_msgs/include/booster_msgs/booster_msgs/msg/detail/binary_data__traits.hpp\n'}
[3.117865] (vision_interface) StdoutLine: {'line': b'-- Up-to-date symlink: /home/booster/Workspace/Booster_T1_3v3_Demo/install/vision_interface/share/vision_interface/environment/library_path.sh\n'}
[3.118442] (booster_msgs) StdoutLine: {'line': b'-- Up-to-date symlink: /home/booster/Workspace/Booster_T1_3v3_Demo/install/booster_msgs/include/booster_msgs/booster_msgs/msg/detail/binary_data__type_support.hpp\n'}
[3.118671] (booster_msgs) StdoutLine: {'line': b'-- Up-to-date symlink: /home/booster/Workspace/Booster_T1_3v3_Demo/install/booster_msgs/include/booster_msgs/booster_msgs/msg/detail/rpc_req_msg__builder.hpp\n'}
[3.119458] (-) TimerEvent: {}
[3.119768] (booster_msgs) StdoutLine: {'line': b'-- Up-to-date symlink: /home/booster/Workspace/Booster_T1_3v3_Demo/install/booster_msgs/include/booster_msgs/booster_msgs/msg/detail/rpc_req_msg__struct.hpp\n'}
[3.120414] (booster_msgs) StdoutLine: {'line': b'-- Up-to-date symlink: /home/booster/Workspace/Booster_T1_3v3_Demo/install/booster_msgs/include/booster_msgs/booster_msgs/msg/detail/rpc_req_msg__traits.hpp\n'}
[3.122320] (booster_msgs) StdoutLine: {'line': b'-- Up-to-date symlink: /home/booster/Workspace/Booster_T1_3v3_Demo/install/booster_msgs/include/booster_msgs/booster_msgs/msg/detail/rpc_req_msg__type_support.hpp\n'}
[3.123969] (booster_msgs) StdoutLine: {'line': b'-- Up-to-date symlink: /home/booster/Workspace/Booster_T1_3v3_Demo/install/booster_msgs/include/booster_msgs/booster_msgs/msg/detail/rpc_resp_msg__builder.hpp\n'}
[3.124715] (vision_interface) StdoutLine: {'line': b'-- Up-to-date symlink: /home/booster/Workspace/Booster_T1_3v3_Demo/install/vision_interface/share/vision_interface/environment/library_path.dsv\n'}
[3.126703] (game_controller_interface) StdoutLine: {'line': b'[ 95%] Built target game_controller_interface__rosidl_typesupport_c__pyext\n'}
[3.128836] (booster_msgs) StdoutLine: {'line': b'-- Up-to-date symlink: /home/booster/Workspace/Booster_T1_3v3_Demo/install/booster_msgs/include/booster_msgs/booster_msgs/msg/detail/rpc_resp_msg__struct.hpp\n'}
[3.130605] (booster_msgs) StdoutLine: {'line': b'-- Up-to-date symlink: /home/booster/Workspace/Booster_T1_3v3_Demo/install/booster_msgs/include/booster_msgs/booster_msgs/msg/detail/rpc_resp_msg__traits.hpp\n'}
[3.133279] (booster_msgs) StdoutLine: {'line': b'-- Up-to-date symlink: /home/booster/Workspace/Booster_T1_3v3_Demo/install/booster_msgs/include/booster_msgs/booster_msgs/msg/detail/rpc_resp_msg__type_support.hpp\n'}
[3.136036] (vision_interface) StdoutLine: {'line': b'-- Up-to-date symlink: /home/booster/Workspace/Booster_T1_3v3_Demo/install/vision_interface/include/vision_interface/vision_interface/msg/detail/ball__rosidl_typesupport_fastrtps_c.h\n'}
[3.138291] (booster_msgs) StdoutLine: {'line': b'-- Up-to-date symlink: /home/booster/Workspace/Booster_T1_3v3_Demo/install/booster_msgs/include/booster_msgs/booster_msgs/msg/rosidl_generator_cpp__visibility_control.hpp\n'}
[3.138694] (booster_msgs) StdoutLine: {'line': b'-- Up-to-date symlink: /home/booster/Workspace/Booster_T1_3v3_Demo/install/booster_msgs/include/booster_msgs/booster_msgs/msg/rpc_req_msg.hpp\n'}
[3.139019] (booster_msgs) StdoutLine: {'line': b'-- Up-to-date symlink: /home/booster/Workspace/Booster_T1_3v3_Demo/install/booster_msgs/include/booster_msgs/booster_msgs/msg/rpc_resp_msg.hpp\n'}
[3.139566] (vision_interface) StdoutLine: {'line': b'-- Up-to-date symlink: /home/booster/Workspace/Booster_T1_3v3_Demo/install/vision_interface/include/vision_interface/vision_interface/msg/detail/cal_param__rosidl_typesupport_fastrtps_c.h\n'}
[3.142439] (vision_interface) StdoutLine: {'line': b'-- Up-to-date symlink: /home/booster/Workspace/Booster_T1_3v3_Demo/install/vision_interface/include/vision_interface/vision_interface/msg/detail/detected_object__rosidl_typesupport_fastrtps_c.h\n'}
[3.142889] (booster_msgs) StdoutLine: {'line': b'-- Up-to-date symlink: /home/booster/Workspace/Booster_T1_3v3_Demo/install/booster_msgs/include/booster_msgs/booster_msgs/msg/detail/binary_data__rosidl_typesupport_fastrtps_cpp.hpp\n'}
[3.144770] (booster_msgs) StdoutLine: {'line': b'-- Up-to-date symlink: /home/booster/Workspace/Booster_T1_3v3_Demo/install/booster_msgs/include/booster_msgs/booster_msgs/msg/detail/rpc_req_msg__rosidl_typesupport_fastrtps_cpp.hpp\n'}
[3.145472] (booster_msgs) StdoutLine: {'line': b'-- Up-to-date symlink: /home/booster/Workspace/Booster_T1_3v3_Demo/install/booster_msgs/include/booster_msgs/booster_msgs/msg/detail/rpc_resp_msg__rosidl_typesupport_fastrtps_cpp.hpp\n'}
[3.146723] (vision_interface) StdoutLine: {'line': b'-- Up-to-date symlink: /home/booster/Workspace/Booster_T1_3v3_Demo/install/vision_interface/include/vision_interface/vision_interface/msg/detail/detections__rosidl_typesupport_fastrtps_c.h\n'}
[3.147024] (booster_interface) StdoutLine: {'line': b'[ 60%] Built target booster_interface__rosidl_typesupport_fastrtps_c\n'}
[3.147387] (booster_msgs) StdoutLine: {'line': b'-- Up-to-date symlink: /home/booster/Workspace/Booster_T1_3v3_Demo/install/booster_msgs/include/booster_msgs/booster_msgs/msg/rosidl_typesupport_fastrtps_cpp__visibility_control.h\n'}
[3.148549] (vision_interface) StdoutLine: {'line': b'-- Up-to-date symlink: /home/booster/Workspace/Booster_T1_3v3_Demo/install/vision_interface/include/vision_interface/vision_interface/msg/detail/detections_track__rosidl_typesupport_fastrtps_c.h\n'}
[3.148943] (vision_interface) StdoutLine: {'line': b'-- Up-to-date symlink: /home/booster/Workspace/Booster_T1_3v3_Demo/install/vision_interface/include/vision_interface/vision_interface/msg/detail/image_head_position__rosidl_typesupport_fastrtps_c.h\n'}
[3.151230] (vision_interface) StdoutLine: {'line': b'-- Up-to-date symlink: /home/booster/Workspace/Booster_T1_3v3_Demo/install/vision_interface/include/vision_interface/vision_interface/msg/detail/line_segments__rosidl_typesupport_fastrtps_c.h\n'}
[3.151680] (booster_msgs) StdoutLine: {'line': b'-- Up-to-date symlink: /home/booster/Workspace/Booster_T1_3v3_Demo/install/booster_msgs/include/booster_msgs/booster_msgs/msg/detail/binary_data__rosidl_typesupport_introspection_cpp.hpp\n'}
[3.153300] (vision_interface) StdoutLine: {'line': b'-- Up-to-date symlink: /home/booster/Workspace/Booster_T1_3v3_Demo/install/vision_interface/include/vision_interface/vision_interface/msg/detail/segmentation_line__rosidl_typesupport_fastrtps_c.h\n'}
[3.154534] (vision_interface) StdoutLine: {'line': b'-- Up-to-date symlink: /home/booster/Workspace/Booster_T1_3v3_Demo/install/vision_interface/include/vision_interface/vision_interface/msg/detail/segmentation_point__rosidl_typesupport_fastrtps_c.h\n'}
[3.157956] (vision_interface) StdoutLine: {'line': b'-- Up-to-date symlink: /home/booster/Workspace/Booster_T1_3v3_Demo/install/vision_interface/include/vision_interface/vision_interface/msg/detail/segmentation_result__rosidl_typesupport_fastrtps_c.h\n'}
[3.161034] (vision_interface) StdoutLine: {'line': b'-- Up-to-date symlink: /home/booster/Workspace/Booster_T1_3v3_Demo/install/vision_interface/include/vision_interface/vision_interface/msg/rosidl_typesupport_fastrtps_c__visibility_control.h\n'}
[3.167454] (vision_interface) StdoutLine: {'line': b'-- Up-to-date symlink: /home/booster/Workspace/Booster_T1_3v3_Demo/install/vision_interface/include/vision_interface/vision_interface/msg/ball.hpp\n'}
[3.169434] (vision_interface) StdoutLine: {'line': b'-- Up-to-date symlink: /home/booster/Workspace/Booster_T1_3v3_Demo/install/vision_interface/include/vision_interface/vision_interface/msg/cal_param.hpp\n'}
[3.170332] (vision_interface) StdoutLine: {'line': b'-- Up-to-date symlink: /home/booster/Workspace/Booster_T1_3v3_Demo/install/vision_interface/include/vision_interface/vision_interface/msg/detail/ball__builder.hpp\n'}
[3.173387] (vision_interface) StdoutLine: {'line': b'-- Up-to-date symlink: /home/booster/Workspace/Booster_T1_3v3_Demo/install/vision_interface/include/vision_interface/vision_interface/msg/detail/ball__struct.hpp\n'}
[3.175257] (vision_interface) StdoutLine: {'line': b'-- Up-to-date symlink: /home/booster/Workspace/Booster_T1_3v3_Demo/install/vision_interface/include/vision_interface/vision_interface/msg/detail/ball__traits.hpp\n'}
[3.176039] (vision_interface) StdoutLine: {'line': b'-- Up-to-date symlink: /home/booster/Workspace/Booster_T1_3v3_Demo/install/vision_interface/include/vision_interface/vision_interface/msg/detail/ball__type_support.hpp\n'}
[3.176721] (vision_interface) StdoutLine: {'line': b'-- Up-to-date symlink: /home/booster/Workspace/Booster_T1_3v3_Demo/install/vision_interface/include/vision_interface/vision_interface/msg/detail/cal_param__builder.hpp\n'}
[3.178652] (vision_interface) StdoutLine: {'line': b'-- Up-to-date symlink: /home/booster/Workspace/Booster_T1_3v3_Demo/install/vision_interface/include/vision_interface/vision_interface/msg/detail/cal_param__struct.hpp\n'}
[3.179074] (booster_msgs) StdoutLine: {'line': b'-- Up-to-date symlink: /home/booster/Workspace/Booster_T1_3v3_Demo/install/booster_msgs/include/booster_msgs/booster_msgs/msg/detail/rpc_req_msg__rosidl_typesupport_introspection_cpp.hpp\n'}
[3.180555] (booster_msgs) StdoutLine: {'line': b'-- Up-to-date symlink: /home/booster/Workspace/Booster_T1_3v3_Demo/install/booster_msgs/include/booster_msgs/booster_msgs/msg/detail/rpc_resp_msg__rosidl_typesupport_introspection_cpp.hpp\n'}
[3.181908] (vision_interface) StdoutLine: {'line': b'-- Up-to-date symlink: /home/booster/Workspace/Booster_T1_3v3_Demo/install/vision_interface/include/vision_interface/vision_interface/msg/detail/cal_param__traits.hpp\n'}
[3.183046] (game_controller_interface) StdoutLine: {'line': b'[100%] Built target game_controller_interface__rosidl_typesupport_introspection_c__pyext\n'}
[3.183788] (vision_interface) StdoutLine: {'line': b'-- Up-to-date symlink: /home/booster/Workspace/Booster_T1_3v3_Demo/install/vision_interface/include/vision_interface/vision_interface/msg/detail/cal_param__type_support.hpp\n'}
[3.184544] (vision_interface) StdoutLine: {'line': b'-- Up-to-date symlink: /home/booster/Workspace/Booster_T1_3v3_Demo/install/vision_interface/include/vision_interface/vision_interface/msg/detail/detected_object__builder.hpp\n'}
[3.186250] (vision_interface) StdoutLine: {'line': b'-- Up-to-date symlink: /home/booster/Workspace/Booster_T1_3v3_Demo/install/vision_interface/include/vision_interface/vision_interface/msg/detail/detected_object__struct.hpp\n'}
[3.190105] (vision_interface) StdoutLine: {'line': b'-- Up-to-date symlink: /home/booster/Workspace/Booster_T1_3v3_Demo/install/vision_interface/include/vision_interface/vision_interface/msg/detail/detected_object__traits.hpp\n'}
[3.193302] (vision_interface) StdoutLine: {'line': b'-- Up-to-date symlink: /home/booster/Workspace/Booster_T1_3v3_Demo/install/vision_interface/include/vision_interface/vision_interface/msg/detail/detected_object__type_support.hpp\n'}
[3.194571] (vision_interface) StdoutLine: {'line': b'-- Up-to-date symlink: /home/booster/Workspace/Booster_T1_3v3_Demo/install/vision_interface/include/vision_interface/vision_interface/msg/detail/detections__builder.hpp\n'}
[3.196148] (vision_interface) StdoutLine: {'line': b'-- Up-to-date symlink: /home/booster/Workspace/Booster_T1_3v3_Demo/install/vision_interface/include/vision_interface/vision_interface/msg/detail/detections__struct.hpp\n'}
[3.198058] (vision_interface) StdoutLine: {'line': b'-- Up-to-date symlink: /home/booster/Workspace/Booster_T1_3v3_Demo/install/vision_interface/include/vision_interface/vision_interface/msg/detail/detections__traits.hpp\n'}
[3.201156] (booster_msgs) StdoutLine: {'line': b'-- Up-to-date symlink: /home/booster/Workspace/Booster_T1_3v3_Demo/install/booster_msgs/share/booster_msgs/environment/pythonpath.sh\n'}
[3.201949] (vision_interface) StdoutLine: {'line': b'-- Up-to-date symlink: /home/booster/Workspace/Booster_T1_3v3_Demo/install/vision_interface/include/vision_interface/vision_interface/msg/detail/detections__type_support.hpp\n'}
[3.203343] (booster_msgs) StdoutLine: {'line': b'-- Up-to-date symlink: /home/booster/Workspace/Booster_T1_3v3_Demo/install/booster_msgs/share/booster_msgs/environment/pythonpath.dsv\n'}
[3.203922] (vision_interface) StdoutLine: {'line': b'-- Up-to-date symlink: /home/booster/Workspace/Booster_T1_3v3_Demo/install/vision_interface/include/vision_interface/vision_interface/msg/detail/detections_track__builder.hpp\n'}
[3.204440] (vision_interface) StdoutLine: {'line': b'-- Up-to-date symlink: /home/booster/Workspace/Booster_T1_3v3_Demo/install/vision_interface/include/vision_interface/vision_interface/msg/detail/detections_track__struct.hpp\n'}
[3.206646] (vision_interface) StdoutLine: {'line': b'-- Up-to-date symlink: /home/booster/Workspace/Booster_T1_3v3_Demo/install/vision_interface/include/vision_interface/vision_interface/msg/detail/detections_track__traits.hpp\n'}
[3.207041] (booster_msgs) StdoutLine: {'line': b'-- Up-to-date symlink: /home/booster/Workspace/Booster_T1_3v3_Demo/install/booster_msgs/local/lib/python3.10/dist-packages/booster_msgs-0.0.0-py3.10.egg-info/PKG-INFO\n'}
[3.208178] (booster_msgs) StdoutLine: {'line': b'-- Up-to-date symlink: /home/booster/Workspace/Booster_T1_3v3_Demo/install/booster_msgs/local/lib/python3.10/dist-packages/booster_msgs-0.0.0-py3.10.egg-info/SOURCES.txt\n'}
[3.209777] (vision_interface) StdoutLine: {'line': b'-- Up-to-date symlink: /home/booster/Workspace/Booster_T1_3v3_Demo/install/vision_interface/include/vision_interface/vision_interface/msg/detail/detections_track__type_support.hpp\n'}
[3.210811] (booster_msgs) StdoutLine: {'line': b'-- Up-to-date symlink: /home/booster/Workspace/Booster_T1_3v3_Demo/install/booster_msgs/local/lib/python3.10/dist-packages/booster_msgs-0.0.0-py3.10.egg-info/dependency_links.txt\n'}
[3.211352] (booster_msgs) StdoutLine: {'line': b'-- Up-to-date symlink: /home/booster/Workspace/Booster_T1_3v3_Demo/install/booster_msgs/local/lib/python3.10/dist-packages/booster_msgs-0.0.0-py3.10.egg-info/top_level.txt\n'}
[3.213646] (vision_interface) StdoutLine: {'line': b'-- Up-to-date symlink: /home/booster/Workspace/Booster_T1_3v3_Demo/install/vision_interface/include/vision_interface/vision_interface/msg/detail/image_head_position__builder.hpp\n'}
[3.214349] (vision_interface) StdoutLine: {'line': b'-- Up-to-date symlink: /home/booster/Workspace/Booster_T1_3v3_Demo/install/vision_interface/include/vision_interface/vision_interface/msg/detail/image_head_position__struct.hpp\n'}
[3.215954] (vision_interface) StdoutLine: {'line': b'-- Up-to-date symlink: /home/booster/Workspace/Booster_T1_3v3_Demo/install/vision_interface/include/vision_interface/vision_interface/msg/detail/image_head_position__traits.hpp\n'}
[3.216249] (booster_msgs) StdoutLine: {'line': b'-- Up-to-date symlink: /home/booster/Workspace/Booster_T1_3v3_Demo/install/booster_msgs/local/lib/python3.10/dist-packages/booster_msgs/__init__.py\n'}
[3.216463] (booster_msgs) StdoutLine: {'line': b'-- Up-to-date symlink: /home/booster/Workspace/Booster_T1_3v3_Demo/install/booster_msgs/local/lib/python3.10/dist-packages/booster_msgs/_booster_msgs_s.ep.rosidl_typesupport_c.c\n'}
[3.216604] (booster_msgs) StdoutLine: {'line': b'-- Up-to-date symlink: /home/booster/Workspace/Booster_T1_3v3_Demo/install/booster_msgs/local/lib/python3.10/dist-packages/booster_msgs/_booster_msgs_s.ep.rosidl_typesupport_fastrtps_c.c\n'}
[3.217272] (booster_msgs) StdoutLine: {'line': b'-- Up-to-date symlink: /home/booster/Workspace/Booster_T1_3v3_Demo/install/booster_msgs/local/lib/python3.10/dist-packages/booster_msgs/_booster_msgs_s.ep.rosidl_typesupport_introspection_c.c\n'}
[3.218114] (game_controller_interface) CommandEnded: {'returncode': 0}
[3.224411] (game_controller_interface) JobProgress: {'identifier': 'game_controller_interface', 'progress': 'install'}
[3.224523] (-) TimerEvent: {}
[3.225888] (game_controller_interface) Command: {'cmd': ['/usr/bin/cmake', '--install', '/home/booster/Workspace/Booster_T1_3v3_Demo/build/game_controller_interface'], 'cwd': '/home/booster/Workspace/Booster_T1_3v3_Demo/build/game_controller_interface', 'env': OrderedDict([('SUDO_GID', '1000'), ('LESSOPEN', '| /usr/bin/lesspipe %s'), ('PYTHONWARNINGS', 'ignore::DeprecationWarning,ignore::UserWarning,ignore::FutureWarning'), ('MAIL', '/var/mail/root'), ('USER', 'root'), ('SHLVL', '2'), ('LD_LIBRARY_PATH', '/opt/ros/humble/opt/rviz_ogre_vendor/lib:/opt/ros/humble/lib/aarch64-linux-gnu:/opt/ros/humble/lib'), ('HOME', '/root'), ('OLDPWD', '/home/booster/Workspace/Booster_T1_3v3_Demo/scripts'), ('ROS_PYTHON_VERSION', '3'), ('COLORTERM', 'truecolor'), ('SUDO_UID', '1000'), ('ROS_DISTRO', 'humble'), ('LOGNAME', 'root'), ('_', '/usr/bin/colcon'), ('ROS_VERSION', '2'), ('TERM', 'xterm-256color'), ('ROS_LOCALHOST_ONLY', '0'), ('PATH', '/opt/ros/humble/bin:/usr/local/sbin:/usr/local/bin:/usr/sbin:/usr/bin:/sbin:/bin:/usr/games:/usr/local/games:/snap/bin'), ('FASTRTPS_DEFAULT_PROFILES_FILE', '/opt/booster/BoosterRos2/fastdds_profile.xml'), ('LANG', 'en_US.UTF-8'), ('LS_COLORS', 'rs=0:di=01;34:ln=01;36:mh=00:pi=40;33:so=01;35:do=01;35:bd=40;33;01:cd=40;33;01:or=40;31;01:mi=00:su=37;41:sg=30;43:ca=30;41:tw=30;42:ow=34;42:st=37;44:ex=01;32:*.tar=01;31:*.tgz=01;31:*.arc=01;31:*.arj=01;31:*.taz=01;31:*.lha=01;31:*.lz4=01;31:*.lzh=01;31:*.lzma=01;31:*.tlz=01;31:*.txz=01;31:*.tzo=01;31:*.t7z=01;31:*.zip=01;31:*.z=01;31:*.dz=01;31:*.gz=01;31:*.lrz=01;31:*.lz=01;31:*.lzo=01;31:*.xz=01;31:*.zst=01;31:*.tzst=01;31:*.bz2=01;31:*.bz=01;31:*.tbz=01;31:*.tbz2=01;31:*.tz=01;31:*.deb=01;31:*.rpm=01;31:*.jar=01;31:*.war=01;31:*.ear=01;31:*.sar=01;31:*.rar=01;31:*.alz=01;31:*.ace=01;31:*.zoo=01;31:*.cpio=01;31:*.7z=01;31:*.rz=01;31:*.cab=01;31:*.wim=01;31:*.swm=01;31:*.dwm=01;31:*.esd=01;31:*.jpg=01;35:*.jpeg=01;35:*.mjpg=01;35:*.mjpeg=01;35:*.gif=01;35:*.bmp=01;35:*.pbm=01;35:*.pgm=01;35:*.ppm=01;35:*.tga=01;35:*.xbm=01;35:*.xpm=01;35:*.tif=01;35:*.tiff=01;35:*.png=01;35:*.svg=01;35:*.svgz=01;35:*.mng=01;35:*.pcx=01;35:*.mov=01;35:*.mpg=01;35:*.mpeg=01;35:*.m2v=01;35:*.mkv=01;35:*.webm=01;35:*.webp=01;35:*.ogm=01;35:*.mp4=01;35:*.m4v=01;35:*.mp4v=01;35:*.vob=01;35:*.qt=01;35:*.nuv=01;35:*.wmv=01;35:*.asf=01;35:*.rm=01;35:*.rmvb=01;35:*.flc=01;35:*.avi=01;35:*.fli=01;35:*.flv=01;35:*.gl=01;35:*.dl=01;35:*.xcf=01;35:*.xwd=01;35:*.yuv=01;35:*.cgm=01;35:*.emf=01;35:*.ogv=01;35:*.ogx=01;35:*.aac=00;36:*.au=00;36:*.flac=00;36:*.m4a=00;36:*.mid=00;36:*.midi=00;36:*.mka=00;36:*.mp3=00;36:*.mpc=00;36:*.ogg=00;36:*.ra=00;36:*.wav=00;36:*.oga=00;36:*.opus=00;36:*.spx=00;36:*.xspf=00;36:'), ('SUDO_COMMAND', '/usr/bin/su'), ('AMENT_PREFIX_PATH', '/opt/ros/humble'), ('SHELL', '/bin/bash'), ('SUDO_USER', 'booster'), ('LESSCLOSE', '/usr/bin/lesspipe %s %s'), ('PWD', '/home/booster/Workspace/Booster_T1_3v3_Demo/build/game_controller_interface'), ('PYTHONPATH', '/opt/ros/humble/lib/python3.10/site-packages:/opt/ros/humble/local/lib/python3.10/dist-packages'), ('COLCON', '1'), ('CMAKE_PREFIX_PATH', '/opt/ros/humble')]), 'shell': False}
[3.226865] (booster_msgs) StdoutLine: {'line': b'-- Up-to-date symlink: /home/booster/Workspace/Booster_T1_3v3_Demo/install/booster_msgs/local/lib/python3.10/dist-packages/booster_msgs/booster_msgs_s__rosidl_typesupport_c.cpython-310-aarch64-linux-gnu.so\n'}
[3.227151] (vision_interface) StdoutLine: {'line': b'-- Up-to-date symlink: /home/booster/Workspace/Booster_T1_3v3_Demo/install/vision_interface/include/vision_interface/vision_interface/msg/detail/image_head_position__type_support.hpp\n'}
[3.227334] (vision_interface) StdoutLine: {'line': b'-- Up-to-date symlink: /home/booster/Workspace/Booster_T1_3v3_Demo/install/vision_interface/include/vision_interface/vision_interface/msg/detail/line_segments__builder.hpp\n'}
[3.227520] (booster_msgs) StdoutLine: {'line': b'-- Up-to-date symlink: /home/booster/Workspace/Booster_T1_3v3_Demo/install/booster_msgs/local/lib/python3.10/dist-packages/booster_msgs/booster_msgs_s__rosidl_typesupport_fastrtps_c.cpython-310-aarch64-linux-gnu.so\n'}
[3.227759] (booster_msgs) StdoutLine: {'line': b'-- Up-to-date symlink: /home/booster/Workspace/Booster_T1_3v3_Demo/install/booster_msgs/local/lib/python3.10/dist-packages/booster_msgs/booster_msgs_s__rosidl_typesupport_introspection_c.cpython-310-aarch64-linux-gnu.so\n'}
[3.228510] (vision_interface) StdoutLine: {'line': b'-- Up-to-date symlink: /home/booster/Workspace/Booster_T1_3v3_Demo/install/vision_interface/include/vision_interface/vision_interface/msg/detail/line_segments__struct.hpp\n'}
[3.235342] (vision_interface) StdoutLine: {'line': b'-- Up-to-date symlink: /home/booster/Workspace/Booster_T1_3v3_Demo/install/vision_interface/include/vision_interface/vision_interface/msg/detail/line_segments__traits.hpp\n'}
[3.236252] (vision_interface) StdoutLine: {'line': b'-- Up-to-date symlink: /home/booster/Workspace/Booster_T1_3v3_Demo/install/vision_interface/include/vision_interface/vision_interface/msg/detail/line_segments__type_support.hpp\n'}
[3.236838] (vision_interface) StdoutLine: {'line': b'-- Up-to-date symlink: /home/booster/Workspace/Booster_T1_3v3_Demo/install/vision_interface/include/vision_interface/vision_interface/msg/detail/segmentation_line__builder.hpp\n'}
[3.237621] (booster_msgs) StdoutLine: {'line': b'-- Up-to-date symlink: /home/booster/Workspace/Booster_T1_3v3_Demo/install/booster_msgs/local/lib/python3.10/dist-packages/booster_msgs/libbooster_msgs__rosidl_generator_py.so\n'}
[3.239766] (vision_interface) StdoutLine: {'line': b'-- Up-to-date symlink: /home/booster/Workspace/Booster_T1_3v3_Demo/install/vision_interface/include/vision_interface/vision_interface/msg/detail/segmentation_line__struct.hpp\n'}
[3.241883] (game_controller_interface) StdoutLine: {'line': b'-- Install configuration: ""\n'}
[3.242224] (game_controller_interface) StdoutLine: {'line': b'-- Execute custom install script\n'}
[3.242429] (game_controller_interface) StdoutLine: {'line': b'-- Up-to-date symlink: /home/booster/Workspace/Booster_T1_3v3_Demo/install/game_controller_interface/share/ament_index/resource_index/rosidl_interfaces/game_controller_interface\n'}
[3.242625] (game_controller_interface) StdoutLine: {'line': b'-- Up-to-date symlink: /home/booster/Workspace/Booster_T1_3v3_Demo/install/game_controller_interface/include/game_controller_interface/game_controller_interface/msg/detail/game_control_data__functions.h\n'}
[3.242785] (game_controller_interface) StdoutLine: {'line': b'-- Up-to-date symlink: /home/booster/Workspace/Booster_T1_3v3_Demo/install/game_controller_interface/include/game_controller_interface/game_controller_interface/msg/detail/game_control_data__struct.h\n'}
[3.242945] (game_controller_interface) StdoutLine: {'line': b'-- Up-to-date symlink: /home/booster/Workspace/Booster_T1_3v3_Demo/install/game_controller_interface/include/game_controller_interface/game_controller_interface/msg/detail/game_control_data__type_support.h\n'}
[3.243109] (game_controller_interface) StdoutLine: {'line': b'-- Up-to-date symlink: /home/booster/Workspace/Booster_T1_3v3_Demo/install/game_controller_interface/include/game_controller_interface/game_controller_interface/msg/detail/robot_info__functions.h\n'}
[3.243242] (game_controller_interface) StdoutLine: {'line': b'-- Up-to-date symlink: /home/booster/Workspace/Booster_T1_3v3_Demo/install/game_controller_interface/include/game_controller_interface/game_controller_interface/msg/detail/robot_info__struct.h\n'}
[3.243348] (game_controller_interface) StdoutLine: {'line': b'-- Up-to-date symlink: /home/booster/Workspace/Booster_T1_3v3_Demo/install/game_controller_interface/include/game_controller_interface/game_controller_interface/msg/detail/robot_info__type_support.h\n'}
[3.243450] (game_controller_interface) StdoutLine: {'line': b'-- Up-to-date symlink: /home/booster/Workspace/Booster_T1_3v3_Demo/install/game_controller_interface/include/game_controller_interface/game_controller_interface/msg/detail/team_info__functions.h\n'}
[3.243752] (game_controller_interface) StdoutLine: {'line': b'-- Up-to-date symlink: /home/booster/Workspace/Booster_T1_3v3_Demo/install/game_controller_interface/include/game_controller_interface/game_controller_interface/msg/detail/team_info__struct.h\n'}
[3.243924] (game_controller_interface) StdoutLine: {'line': b'-- Up-to-date symlink: /home/booster/Workspace/Booster_T1_3v3_Demo/install/game_controller_interface/include/game_controller_interface/game_controller_interface/msg/detail/team_info__type_support.h\n'}
[3.245016] (game_controller_interface) StdoutLine: {'line': b'-- Up-to-date symlink: /home/booster/Workspace/Booster_T1_3v3_Demo/install/game_controller_interface/include/game_controller_interface/game_controller_interface/msg/game_control_data.h\n'}
[3.245284] (game_controller_interface) StdoutLine: {'line': b'-- Up-to-date symlink: /home/booster/Workspace/Booster_T1_3v3_Demo/install/game_controller_interface/include/game_controller_interface/game_controller_interface/msg/robot_info.h\n'}
[3.245582] (game_controller_interface) StdoutLine: {'line': b'-- Up-to-date symlink: /home/booster/Workspace/Booster_T1_3v3_Demo/install/game_controller_interface/include/game_controller_interface/game_controller_interface/msg/rosidl_generator_c__visibility_control.h\n'}
[3.247930] (game_controller_interface) StdoutLine: {'line': b'-- Up-to-date symlink: /home/booster/Workspace/Booster_T1_3v3_Demo/install/game_controller_interface/include/game_controller_interface/game_controller_interface/msg/team_info.h\n'}
[3.250780] (game_controller_interface) StdoutLine: {'line': b'-- Up-to-date symlink: /home/booster/Workspace/Booster_T1_3v3_Demo/install/game_controller_interface/share/game_controller_interface/environment/library_path.sh\n'}
[3.254023] (game_controller_interface) StdoutLine: {'line': b'-- Up-to-date symlink: /home/booster/Workspace/Booster_T1_3v3_Demo/install/game_controller_interface/share/game_controller_interface/environment/library_path.dsv\n'}
[3.259220] (game_controller_interface) StdoutLine: {'line': b'-- Up-to-date symlink: /home/booster/Workspace/Booster_T1_3v3_Demo/install/game_controller_interface/include/game_controller_interface/game_controller_interface/msg/detail/game_control_data__rosidl_typesupport_fastrtps_c.h\n'}
[3.259488] (game_controller_interface) StdoutLine: {'line': b'-- Up-to-date symlink: /home/booster/Workspace/Booster_T1_3v3_Demo/install/game_controller_interface/include/game_controller_interface/game_controller_interface/msg/detail/robot_info__rosidl_typesupport_fastrtps_c.h\n'}
[3.263341] (game_controller_interface) StdoutLine: {'line': b'-- Up-to-date symlink: /home/booster/Workspace/Booster_T1_3v3_Demo/install/game_controller_interface/include/game_controller_interface/game_controller_interface/msg/detail/team_info__rosidl_typesupport_fastrtps_c.h\n'}
[3.266100] (game_controller_interface) StdoutLine: {'line': b'-- Up-to-date symlink: /home/booster/Workspace/Booster_T1_3v3_Demo/install/game_controller_interface/include/game_controller_interface/game_controller_interface/msg/rosidl_typesupport_fastrtps_c__visibility_control.h\n'}
[3.266988] (game_controller_interface) StdoutLine: {'line': b'-- Up-to-date symlink: /home/booster/Workspace/Booster_T1_3v3_Demo/install/game_controller_interface/include/game_controller_interface/game_controller_interface/msg/detail/game_control_data__builder.hpp\n'}
[3.268515] (game_controller_interface) StdoutLine: {'line': b'-- Up-to-date symlink: /home/booster/Workspace/Booster_T1_3v3_Demo/install/game_controller_interface/include/game_controller_interface/game_controller_interface/msg/detail/game_control_data__struct.hpp\n'}
[3.271630] (game_controller_interface) StdoutLine: {'line': b'-- Up-to-date symlink: /home/booster/Workspace/Booster_T1_3v3_Demo/install/game_controller_interface/include/game_controller_interface/game_controller_interface/msg/detail/game_control_data__traits.hpp\n'}
[3.305398] (game_controller_interface) StdoutLine: {'line': b'-- Up-to-date symlink: /home/booster/Workspace/Booster_T1_3v3_Demo/install/game_controller_interface/include/game_controller_interface/game_controller_interface/msg/detail/game_control_data__type_support.hpp\n'}
[3.305873] (vision_interface) StdoutLine: {'line': b'-- Up-to-date symlink: /home/booster/Workspace/Booster_T1_3v3_Demo/install/vision_interface/include/vision_interface/vision_interface/msg/detail/segmentation_line__traits.hpp\n'}
[3.306291] (game_controller_interface) StdoutLine: {'line': b'-- Up-to-date symlink: /home/booster/Workspace/Booster_T1_3v3_Demo/install/game_controller_interface/include/game_controller_interface/game_controller_interface/msg/detail/robot_info__builder.hpp\n'}
[3.306425] (game_controller_interface) StdoutLine: {'line': b'-- Up-to-date symlink: /home/booster/Workspace/Booster_T1_3v3_Demo/install/game_controller_interface/include/game_controller_interface/game_controller_interface/msg/detail/robot_info__struct.hpp\n'}
[3.306535] (game_controller_interface) StdoutLine: {'line': b'-- Up-to-date symlink: /home/booster/Workspace/Booster_T1_3v3_Demo/install/game_controller_interface/include/game_controller_interface/game_controller_interface/msg/detail/robot_info__traits.hpp\n'}
[3.306638] (vision_interface) StdoutLine: {'line': b'-- Up-to-date symlink: /home/booster/Workspace/Booster_T1_3v3_Demo/install/vision_interface/include/vision_interface/vision_interface/msg/detail/segmentation_line__type_support.hpp\n'}
[3.306743] (game_controller_interface) StdoutLine: {'line': b'-- Up-to-date symlink: /home/booster/Workspace/Booster_T1_3v3_Demo/install/game_controller_interface/include/game_controller_interface/game_controller_interface/msg/detail/robot_info__type_support.hpp\n'}
[3.306851] (game_controller_interface) StdoutLine: {'line': b'-- Up-to-date symlink: /home/booster/Workspace/Booster_T1_3v3_Demo/install/game_controller_interface/include/game_controller_interface/game_controller_interface/msg/detail/team_info__builder.hpp\n'}
[3.306949] (game_controller_interface) StdoutLine: {'line': b'-- Up-to-date symlink: /home/booster/Workspace/Booster_T1_3v3_Demo/install/game_controller_interface/include/game_controller_interface/game_controller_interface/msg/detail/team_info__struct.hpp\n'}
[3.307043] (game_controller_interface) StdoutLine: {'line': b'-- Up-to-date symlink: /home/booster/Workspace/Booster_T1_3v3_Demo/install/game_controller_interface/include/game_controller_interface/game_controller_interface/msg/detail/team_info__traits.hpp\n'}
[3.307148] (game_controller_interface) StdoutLine: {'line': b'-- Up-to-date symlink: /home/booster/Workspace/Booster_T1_3v3_Demo/install/game_controller_interface/include/game_controller_interface/game_controller_interface/msg/detail/team_info__type_support.hpp\n'}
[3.307244] (game_controller_interface) StdoutLine: {'line': b'-- Up-to-date symlink: /home/booster/Workspace/Booster_T1_3v3_Demo/install/game_controller_interface/include/game_controller_interface/game_controller_interface/msg/game_control_data.hpp\n'}
[3.307336] (game_controller_interface) StdoutLine: {'line': b'-- Up-to-date symlink: /home/booster/Workspace/Booster_T1_3v3_Demo/install/game_controller_interface/include/game_controller_interface/game_controller_interface/msg/robot_info.hpp\n'}
[3.307448] (game_controller_interface) StdoutLine: {'line': b'-- Up-to-date symlink: /home/booster/Workspace/Booster_T1_3v3_Demo/install/game_controller_interface/include/game_controller_interface/game_controller_interface/msg/rosidl_generator_cpp__visibility_control.hpp\n'}
[3.307542] (game_controller_interface) StdoutLine: {'line': b'-- Up-to-date symlink: /home/booster/Workspace/Booster_T1_3v3_Demo/install/game_controller_interface/include/game_controller_interface/game_controller_interface/msg/team_info.hpp\n'}
[3.330200] (-) TimerEvent: {}
[3.330510] (game_controller_interface) StdoutLine: {'line': b'-- Up-to-date symlink: /home/booster/Workspace/Booster_T1_3v3_Demo/install/game_controller_interface/include/game_controller_interface/game_controller_interface/msg/detail/game_control_data__rosidl_typesupport_fastrtps_cpp.hpp\n'}
[3.330727] (booster_msgs) StdoutLine: {'line': b'-- Up-to-date symlink: /home/booster/Workspace/Booster_T1_3v3_Demo/install/booster_msgs/local/lib/python3.10/dist-packages/booster_msgs/msg/__init__.py\n'}
[3.330880] (game_controller_interface) StdoutLine: {'line': b'-- Up-to-date symlink: /home/booster/Workspace/Booster_T1_3v3_Demo/install/game_controller_interface/include/game_controller_interface/game_controller_interface/msg/detail/robot_info__rosidl_typesupport_fastrtps_cpp.hpp\n'}
[3.330996] (game_controller_interface) StdoutLine: {'line': b'-- Up-to-date symlink: /home/booster/Workspace/Booster_T1_3v3_Demo/install/game_controller_interface/include/game_controller_interface/game_controller_interface/msg/detail/team_info__rosidl_typesupport_fastrtps_cpp.hpp\n'}
[3.331105] (game_controller_interface) StdoutLine: {'line': b'-- Up-to-date symlink: /home/booster/Workspace/Booster_T1_3v3_Demo/install/game_controller_interface/include/game_controller_interface/game_controller_interface/msg/rosidl_typesupport_fastrtps_cpp__visibility_control.h\n'}
[3.331208] (booster_msgs) StdoutLine: {'line': b'-- Up-to-date symlink: /home/booster/Workspace/Booster_T1_3v3_Demo/install/booster_msgs/local/lib/python3.10/dist-packages/booster_msgs/msg/_binary_data.py\n'}
[3.336344] (game_controller_interface) StdoutLine: {'line': b'-- Up-to-date symlink: /home/booster/Workspace/Booster_T1_3v3_Demo/install/game_controller_interface/include/game_controller_interface/game_controller_interface/msg/detail/game_control_data__rosidl_typesupport_introspection_c.h\n'}
[3.336712] (game_controller_interface) StdoutLine: {'line': b'-- Up-to-date symlink: /home/booster/Workspace/Booster_T1_3v3_Demo/install/game_controller_interface/include/game_controller_interface/game_controller_interface/msg/detail/robot_info__rosidl_typesupport_introspection_c.h\n'}
[3.336845] (booster_msgs) StdoutLine: {'line': b'-- Up-to-date symlink: /home/booster/Workspace/Booster_T1_3v3_Demo/install/booster_msgs/local/lib/python3.10/dist-packages/booster_msgs/msg/_binary_data_s.c\n'}
[3.336973] (game_controller_interface) StdoutLine: {'line': b'-- Up-to-date symlink: /home/booster/Workspace/Booster_T1_3v3_Demo/install/game_controller_interface/include/game_controller_interface/game_controller_interface/msg/detail/team_info__rosidl_typesupport_introspection_c.h\n'}
[3.337104] (game_controller_interface) StdoutLine: {'line': b'-- Up-to-date symlink: /home/booster/Workspace/Booster_T1_3v3_Demo/install/game_controller_interface/include/game_controller_interface/game_controller_interface/msg/rosidl_typesupport_introspection_c__visibility_control.h\n'}
[3.337208] (vision_interface) StdoutLine: {'line': b'-- Up-to-date symlink: /home/booster/Workspace/Booster_T1_3v3_Demo/install/vision_interface/include/vision_interface/vision_interface/msg/detail/segmentation_point__builder.hpp\n'}
[3.345620] (game_controller_interface) StdoutLine: {'line': b'-- Up-to-date symlink: /home/booster/Workspace/Booster_T1_3v3_Demo/install/game_controller_interface/include/game_controller_interface/game_controller_interface/msg/detail/game_control_data__rosidl_typesupport_introspection_cpp.hpp\n'}
[3.346325] (game_controller_interface) StdoutLine: {'line': b'-- Up-to-date symlink: /home/booster/Workspace/Booster_T1_3v3_Demo/install/game_controller_interface/include/game_controller_interface/game_controller_interface/msg/detail/robot_info__rosidl_typesupport_introspection_cpp.hpp\n'}
[3.346518] (game_controller_interface) StdoutLine: {'line': b'-- Up-to-date symlink: /home/booster/Workspace/Booster_T1_3v3_Demo/install/game_controller_interface/include/game_controller_interface/game_controller_interface/msg/detail/team_info__rosidl_typesupport_introspection_cpp.hpp\n'}
[3.346655] (game_controller_interface) StdoutLine: {'line': b'-- Up-to-date symlink: /home/booster/Workspace/Booster_T1_3v3_Demo/install/game_controller_interface/share/game_controller_interface/environment/pythonpath.sh\n'}
[3.346762] (game_controller_interface) StdoutLine: {'line': b'-- Up-to-date symlink: /home/booster/Workspace/Booster_T1_3v3_Demo/install/game_controller_interface/share/game_controller_interface/environment/pythonpath.dsv\n'}
[3.346863] (game_controller_interface) StdoutLine: {'line': b'-- Up-to-date symlink: /home/booster/Workspace/Booster_T1_3v3_Demo/install/game_controller_interface/local/lib/python3.10/dist-packages/game_controller_interface-1.0.0-py3.10.egg-info/PKG-INFO\n'}
[3.346971] (game_controller_interface) StdoutLine: {'line': b'-- Up-to-date symlink: /home/booster/Workspace/Booster_T1_3v3_Demo/install/game_controller_interface/local/lib/python3.10/dist-packages/game_controller_interface-1.0.0-py3.10.egg-info/SOURCES.txt\n'}
[3.347067] (game_controller_interface) StdoutLine: {'line': b'-- Up-to-date symlink: /home/booster/Workspace/Booster_T1_3v3_Demo/install/game_controller_interface/local/lib/python3.10/dist-packages/game_controller_interface-1.0.0-py3.10.egg-info/dependency_links.txt\n'}
[3.347161] (game_controller_interface) StdoutLine: {'line': b'-- Up-to-date symlink: /home/booster/Workspace/Booster_T1_3v3_Demo/install/game_controller_interface/local/lib/python3.10/dist-packages/game_controller_interface-1.0.0-py3.10.egg-info/top_level.txt\n'}
[3.347255] (game_controller_interface) StdoutLine: {'line': b'-- Up-to-date symlink: /home/booster/Workspace/Booster_T1_3v3_Demo/install/game_controller_interface/local/lib/python3.10/dist-packages/game_controller_interface/__init__.py\n'}
[3.352107] (vision_interface) StdoutLine: {'line': b'-- Up-to-date symlink: /home/booster/Workspace/Booster_T1_3v3_Demo/install/vision_interface/include/vision_interface/vision_interface/msg/detail/segmentation_point__struct.hpp\n'}
[3.354515] (game_controller_interface) StdoutLine: {'line': b'-- Up-to-date symlink: /home/booster/Workspace/Booster_T1_3v3_Demo/install/game_controller_interface/local/lib/python3.10/dist-packages/game_controller_interface/_game_controller_interface_s.ep.rosidl_typesupport_c.c\n'}
[3.375306] (game_controller_interface) StdoutLine: {'line': b'-- Up-to-date symlink: /home/booster/Workspace/Booster_T1_3v3_Demo/install/game_controller_interface/local/lib/python3.10/dist-packages/game_controller_interface/_game_controller_interface_s.ep.rosidl_typesupport_fastrtps_c.c\n'}
[3.375513] (game_controller_interface) StdoutLine: {'line': b'-- Up-to-date symlink: /home/booster/Workspace/Booster_T1_3v3_Demo/install/game_controller_interface/local/lib/python3.10/dist-packages/game_controller_interface/_game_controller_interface_s.ep.rosidl_typesupport_introspection_c.c\n'}
[3.375674] (game_controller_interface) StdoutLine: {'line': b'-- Up-to-date symlink: /home/booster/Workspace/Booster_T1_3v3_Demo/install/game_controller_interface/local/lib/python3.10/dist-packages/game_controller_interface/game_controller_interface_s__rosidl_typesupport_c.cpython-310-aarch64-linux-gnu.so\n'}
[3.375786] (game_controller_interface) StdoutLine: {'line': b'-- Up-to-date symlink: /home/booster/Workspace/Booster_T1_3v3_Demo/install/game_controller_interface/local/lib/python3.10/dist-packages/game_controller_interface/game_controller_interface_s__rosidl_typesupport_fastrtps_c.cpython-310-aarch64-linux-gnu.so\n'}
[3.377967] (game_controller_interface) StdoutLine: {'line': b'-- Up-to-date symlink: /home/booster/Workspace/Booster_T1_3v3_Demo/install/game_controller_interface/local/lib/python3.10/dist-packages/game_controller_interface/game_controller_interface_s__rosidl_typesupport_introspection_c.cpython-310-aarch64-linux-gnu.so\n'}
[3.378408] (game_controller_interface) StdoutLine: {'line': b'-- Up-to-date symlink: /home/booster/Workspace/Booster_T1_3v3_Demo/install/game_controller_interface/local/lib/python3.10/dist-packages/game_controller_interface/libgame_controller_interface__rosidl_generator_py.so\n'}
[3.378550] (game_controller_interface) StdoutLine: {'line': b'-- Up-to-date symlink: /home/booster/Workspace/Booster_T1_3v3_Demo/install/game_controller_interface/local/lib/python3.10/dist-packages/game_controller_interface/msg/__init__.py\n'}
[3.378661] (game_controller_interface) StdoutLine: {'line': b'-- Up-to-date symlink: /home/booster/Workspace/Booster_T1_3v3_Demo/install/game_controller_interface/local/lib/python3.10/dist-packages/game_controller_interface/msg/_game_control_data.py\n'}
[3.378760] (game_controller_interface) StdoutLine: {'line': b'-- Up-to-date symlink: /home/booster/Workspace/Booster_T1_3v3_Demo/install/game_controller_interface/local/lib/python3.10/dist-packages/game_controller_interface/msg/_game_control_data_s.c\n'}
[3.378856] (game_controller_interface) StdoutLine: {'line': b'-- Up-to-date symlink: /home/booster/Workspace/Booster_T1_3v3_Demo/install/game_controller_interface/local/lib/python3.10/dist-packages/game_controller_interface/msg/_robot_info.py\n'}
[3.378954] (game_controller_interface) StdoutLine: {'line': b'-- Up-to-date symlink: /home/booster/Workspace/Booster_T1_3v3_Demo/install/game_controller_interface/local/lib/python3.10/dist-packages/game_controller_interface/msg/_robot_info_s.c\n'}
[3.385612] (game_controller_interface) StdoutLine: {'line': b'-- Up-to-date symlink: /home/booster/Workspace/Booster_T1_3v3_Demo/install/game_controller_interface/local/lib/python3.10/dist-packages/game_controller_interface/msg/_team_info.py\n'}
[3.385812] (vision_interface) StdoutLine: {'line': b'-- Up-to-date symlink: /home/booster/Workspace/Booster_T1_3v3_Demo/install/vision_interface/include/vision_interface/vision_interface/msg/detail/segmentation_point__traits.hpp\n'}
[3.387619] (booster_msgs) StdoutLine: {'line': b'-- Up-to-date symlink: /home/booster/Workspace/Booster_T1_3v3_Demo/install/booster_msgs/local/lib/python3.10/dist-packages/booster_msgs/msg/_rpc_req_msg.py\n'}
[3.388267] (game_controller_interface) StdoutLine: {'line': b'-- Up-to-date symlink: /home/booster/Workspace/Booster_T1_3v3_Demo/install/game_controller_interface/local/lib/python3.10/dist-packages/game_controller_interface/msg/_team_info_s.c\n'}
[3.388447] (vision_interface) StdoutLine: {'line': b'-- Up-to-date symlink: /home/booster/Workspace/Booster_T1_3v3_Demo/install/vision_interface/include/vision_interface/vision_interface/msg/detail/segmentation_point__type_support.hpp\n'}
[3.388575] (game_controller_interface) StdoutLine: {'line': b'-- Up-to-date symlink: /home/booster/Workspace/Booster_T1_3v3_Demo/install/game_controller_interface/local/lib/python3.10/dist-packages/game_controller_interface/game_controller_interface_s__rosidl_typesupport_fastrtps_c.cpython-310-aarch64-linux-gnu.so\n'}
[3.388715] (game_controller_interface) StdoutLine: {'line': b'-- Up-to-date symlink: /home/booster/Workspace/Booster_T1_3v3_Demo/install/game_controller_interface/local/lib/python3.10/dist-packages/game_controller_interface/game_controller_interface_s__rosidl_typesupport_introspection_c.cpython-310-aarch64-linux-gnu.so\n'}
[3.388819] (booster_msgs) StdoutLine: {'line': b'-- Up-to-date symlink: /home/booster/Workspace/Booster_T1_3v3_Demo/install/booster_msgs/local/lib/python3.10/dist-packages/booster_msgs/msg/_rpc_req_msg_s.c\n'}
[3.388924] (booster_msgs) StdoutLine: {'line': b'-- Up-to-date symlink: /home/booster/Workspace/Booster_T1_3v3_Demo/install/booster_msgs/local/lib/python3.10/dist-packages/booster_msgs/msg/_rpc_resp_msg.py\n'}
[3.389048] (vision_interface) StdoutLine: {'line': b'-- Up-to-date symlink: /home/booster/Workspace/Booster_T1_3v3_Demo/install/vision_interface/include/vision_interface/vision_interface/msg/detail/segmentation_result__builder.hpp\n'}
[3.389150] (booster_msgs) StdoutLine: {'line': b'-- Up-to-date symlink: /home/booster/Workspace/Booster_T1_3v3_Demo/install/booster_msgs/local/lib/python3.10/dist-packages/booster_msgs/msg/_rpc_resp_msg_s.c\n'}
[3.391378] (vision_interface) StdoutLine: {'line': b'-- Up-to-date symlink: /home/booster/Workspace/Booster_T1_3v3_Demo/install/vision_interface/include/vision_interface/vision_interface/msg/detail/segmentation_result__struct.hpp\n'}
[3.391634] (vision_interface) StdoutLine: {'line': b'-- Up-to-date symlink: /home/booster/Workspace/Booster_T1_3v3_Demo/install/vision_interface/include/vision_interface/vision_interface/msg/detail/segmentation_result__traits.hpp\n'}
[3.391765] (vision_interface) StdoutLine: {'line': b'-- Up-to-date symlink: /home/booster/Workspace/Booster_T1_3v3_Demo/install/vision_interface/include/vision_interface/vision_interface/msg/detail/segmentation_result__type_support.hpp\n'}
[3.391955] (vision_interface) StdoutLine: {'line': b'-- Up-to-date symlink: /home/booster/Workspace/Booster_T1_3v3_Demo/install/vision_interface/include/vision_interface/vision_interface/msg/detected_object.hpp\n'}
[3.392141] (game_controller_interface) StdoutLine: {'line': b'-- Up-to-date symlink: /home/booster/Workspace/Booster_T1_3v3_Demo/install/game_controller_interface/local/lib/python3.10/dist-packages/game_controller_interface/game_controller_interface_s__rosidl_typesupport_c.cpython-310-aarch64-linux-gnu.so\n'}
[3.392415] (game_controller_interface) StdoutLine: {'line': b'-- Up-to-date symlink: /home/booster/Workspace/Booster_T1_3v3_Demo/install/game_controller_interface/share/game_controller_interface/msg/GameControlData.idl\n'}
[3.392709] (game_controller_interface) StdoutLine: {'line': b'-- Up-to-date symlink: /home/booster/Workspace/Booster_T1_3v3_Demo/install/game_controller_interface/share/game_controller_interface/msg/RobotInfo.idl\n'}
[3.392839] (game_controller_interface) StdoutLine: {'line': b'-- Up-to-date symlink: /home/booster/Workspace/Booster_T1_3v3_Demo/install/game_controller_interface/share/game_controller_interface/msg/TeamInfo.idl\n'}
[3.394001] (game_controller_interface) StdoutLine: {'line': b'-- Up-to-date symlink: /home/booster/Workspace/Booster_T1_3v3_Demo/install/game_controller_interface/share/game_controller_interface/msg/GameControlData.msg\n'}
[3.394246] (booster_msgs) StdoutLine: {'line': b'-- Up-to-date symlink: /home/booster/Workspace/Booster_T1_3v3_Demo/install/booster_msgs/local/lib/python3.10/dist-packages/booster_msgs/booster_msgs_s__rosidl_typesupport_fastrtps_c.cpython-310-aarch64-linux-gnu.so\n'}
[3.394636] (game_controller_interface) StdoutLine: {'line': b'-- Up-to-date symlink: /home/booster/Workspace/Booster_T1_3v3_Demo/install/game_controller_interface/share/game_controller_interface/msg/RobotInfo.msg\n'}
[3.394806] (game_controller_interface) StdoutLine: {'line': b'-- Up-to-date symlink: /home/booster/Workspace/Booster_T1_3v3_Demo/install/game_controller_interface/share/game_controller_interface/msg/TeamInfo.msg\n'}
[3.394963] (game_controller_interface) StdoutLine: {'line': b'-- Up-to-date symlink: /home/booster/Workspace/Booster_T1_3v3_Demo/install/game_controller_interface/share/ament_index/resource_index/package_run_dependencies/game_controller_interface\n'}
[3.395141] (game_controller_interface) StdoutLine: {'line': b'-- Up-to-date symlink: /home/booster/Workspace/Booster_T1_3v3_Demo/install/game_controller_interface/share/ament_index/resource_index/parent_prefix_path/game_controller_interface\n'}
[3.395918] (game_controller_interface) StdoutLine: {'line': b'-- Up-to-date symlink: /home/booster/Workspace/Booster_T1_3v3_Demo/install/game_controller_interface/share/game_controller_interface/environment/ament_prefix_path.sh\n'}
[3.396169] (booster_msgs) StdoutLine: {'line': b'-- Up-to-date symlink: /home/booster/Workspace/Booster_T1_3v3_Demo/install/booster_msgs/local/lib/python3.10/dist-packages/booster_msgs/booster_msgs_s__rosidl_typesupport_introspection_c.cpython-310-aarch64-linux-gnu.so\n'}
[3.396362] (vision_interface) StdoutLine: {'line': b'-- Up-to-date symlink: /home/booster/Workspace/Booster_T1_3v3_Demo/install/vision_interface/include/vision_interface/vision_interface/msg/detections.hpp\n'}
[3.396702] (game_controller_interface) StdoutLine: {'line': b'-- Up-to-date symlink: /home/booster/Workspace/Booster_T1_3v3_Demo/install/game_controller_interface/share/game_controller_interface/environment/ament_prefix_path.dsv\n'}
[3.396831] (booster_msgs) StdoutLine: {'line': b'-- Up-to-date symlink: /home/booster/Workspace/Booster_T1_3v3_Demo/install/booster_msgs/local/lib/python3.10/dist-packages/booster_msgs/booster_msgs_s__rosidl_typesupport_c.cpython-310-aarch64-linux-gnu.so\n'}
[3.396953] (game_controller_interface) StdoutLine: {'line': b'-- Up-to-date symlink: /home/booster/Workspace/Booster_T1_3v3_Demo/install/game_controller_interface/share/game_controller_interface/environment/path.sh\n'}
[3.397055] (booster_msgs) StdoutLine: {'line': b'-- Up-to-date symlink: /home/booster/Workspace/Booster_T1_3v3_Demo/install/booster_msgs/share/booster_msgs/msg/BinaryData.idl\n'}
[3.397156] (game_controller_interface) StdoutLine: {'line': b'-- Up-to-date symlink: /home/booster/Workspace/Booster_T1_3v3_Demo/install/game_controller_interface/share/game_controller_interface/environment/path.dsv\n'}
[3.397293] (vision_interface) StdoutLine: {'line': b'-- Up-to-date symlink: /home/booster/Workspace/Booster_T1_3v3_Demo/install/vision_interface/include/vision_interface/vision_interface/msg/detections_track.hpp\n'}
[3.397434] (booster_msgs) StdoutLine: {'line': b'-- Up-to-date symlink: /home/booster/Workspace/Booster_T1_3v3_Demo/install/booster_msgs/share/booster_msgs/msg/RpcReqMsg.idl\n'}
[3.397541] (game_controller_interface) StdoutLine: {'line': b'-- Up-to-date symlink: /home/booster/Workspace/Booster_T1_3v3_Demo/install/game_controller_interface/share/game_controller_interface/local_setup.bash\n'}
[3.397639] (vision_interface) StdoutLine: {'line': b'-- Up-to-date symlink: /home/booster/Workspace/Booster_T1_3v3_Demo/install/vision_interface/include/vision_interface/vision_interface/msg/image_head_position.hpp\n'}
[3.398895] (game_controller_interface) StdoutLine: {'line': b'-- Up-to-date symlink: /home/booster/Workspace/Booster_T1_3v3_Demo/install/game_controller_interface/share/game_controller_interface/local_setup.sh\n'}
[3.399069] (vision_interface) StdoutLine: {'line': b'-- Up-to-date symlink: /home/booster/Workspace/Booster_T1_3v3_Demo/install/vision_interface/include/vision_interface/vision_interface/msg/line_segments.hpp\n'}
[3.399237] (game_controller_interface) StdoutLine: {'line': b'-- Up-to-date symlink: /home/booster/Workspace/Booster_T1_3v3_Demo/install/game_controller_interface/share/game_controller_interface/local_setup.zsh\n'}
[3.399358] (game_controller_interface) StdoutLine: {'line': b'-- Up-to-date symlink: /home/booster/Workspace/Booster_T1_3v3_Demo/install/game_controller_interface/share/game_controller_interface/local_setup.dsv\n'}
[3.399457] (vision_interface) StdoutLine: {'line': b'-- Up-to-date symlink: /home/booster/Workspace/Booster_T1_3v3_Demo/install/vision_interface/include/vision_interface/vision_interface/msg/rosidl_generator_cpp__visibility_control.hpp\n'}
[3.399586] (vision_interface) StdoutLine: {'line': b'-- Up-to-date symlink: /home/booster/Workspace/Booster_T1_3v3_Demo/install/vision_interface/include/vision_interface/vision_interface/msg/segmentation_line.hpp\n'}
[3.399686] (booster_msgs) StdoutLine: {'line': b'-- Up-to-date symlink: /home/booster/Workspace/Booster_T1_3v3_Demo/install/booster_msgs/share/booster_msgs/msg/RpcRespMsg.idl\n'}
[3.399794] (game_controller_interface) StdoutLine: {'line': b'-- Symlinking: /home/booster/Workspace/Booster_T1_3v3_Demo/install/game_controller_interface/share/game_controller_interface/package.dsv\n'}
[3.399951] (booster_msgs) StdoutLine: {'line': b'-- Up-to-date symlink: /home/booster/Workspace/Booster_T1_3v3_Demo/install/booster_msgs/share/booster_msgs/msg/BinaryData.msg\n'}
[3.400108] (vision_interface) StdoutLine: {'line': b'-- Up-to-date symlink: /home/booster/Workspace/Booster_T1_3v3_Demo/install/vision_interface/include/vision_interface/vision_interface/msg/segmentation_point.hpp\n'}
[3.400276] (vision_interface) StdoutLine: {'line': b'-- Up-to-date symlink: /home/booster/Workspace/Booster_T1_3v3_Demo/install/vision_interface/include/vision_interface/vision_interface/msg/segmentation_result.hpp\n'}
[3.400405] (booster_msgs) StdoutLine: {'line': b'-- Up-to-date symlink: /home/booster/Workspace/Booster_T1_3v3_Demo/install/booster_msgs/share/booster_msgs/msg/RpcReqMsg.msg\n'}
[3.400727] (booster_msgs) StdoutLine: {'line': b'-- Up-to-date symlink: /home/booster/Workspace/Booster_T1_3v3_Demo/install/booster_msgs/share/booster_msgs/msg/RpcRespMsg.msg\n'}
[3.400853] (booster_msgs) StdoutLine: {'line': b'-- Up-to-date symlink: /home/booster/Workspace/Booster_T1_3v3_Demo/install/booster_msgs/share/ament_index/resource_index/package_run_dependencies/booster_msgs\n'}
[3.400955] (booster_msgs) StdoutLine: {'line': b'-- Up-to-date symlink: /home/booster/Workspace/Booster_T1_3v3_Demo/install/booster_msgs/share/ament_index/resource_index/parent_prefix_path/booster_msgs\n'}
[3.401053] (booster_msgs) StdoutLine: {'line': b'-- Up-to-date symlink: /home/booster/Workspace/Booster_T1_3v3_Demo/install/booster_msgs/share/booster_msgs/environment/ament_prefix_path.sh\n'}
[3.401147] (booster_msgs) StdoutLine: {'line': b'-- Up-to-date symlink: /home/booster/Workspace/Booster_T1_3v3_Demo/install/booster_msgs/share/booster_msgs/environment/ament_prefix_path.dsv\n'}
[3.401302] (booster_msgs) StdoutLine: {'line': b'-- Up-to-date symlink: /home/booster/Workspace/Booster_T1_3v3_Demo/install/booster_msgs/share/booster_msgs/environment/path.sh\n'}
[3.401420] (booster_interface) StdoutLine: {'line': b'[ 72%] Built target booster_interface__rosidl_typesupport_c\n'}
[3.401545] (booster_msgs) StdoutLine: {'line': b'-- Up-to-date symlink: /home/booster/Workspace/Booster_T1_3v3_Demo/install/booster_msgs/share/booster_msgs/environment/path.dsv\n'}
[3.401669] (booster_msgs) StdoutLine: {'line': b'-- Up-to-date symlink: /home/booster/Workspace/Booster_T1_3v3_Demo/install/booster_msgs/share/booster_msgs/local_setup.bash\n'}
[3.401765] (booster_msgs) StdoutLine: {'line': b'-- Up-to-date symlink: /home/booster/Workspace/Booster_T1_3v3_Demo/install/booster_msgs/share/booster_msgs/local_setup.sh\n'}
[3.402114] (booster_msgs) StdoutLine: {'line': b'-- Up-to-date symlink: /home/booster/Workspace/Booster_T1_3v3_Demo/install/booster_msgs/share/booster_msgs/local_setup.zsh\n'}
[3.402949] (booster_msgs) StdoutLine: {'line': b'-- Up-to-date symlink: /home/booster/Workspace/Booster_T1_3v3_Demo/install/booster_msgs/share/booster_msgs/local_setup.dsv\n'}
[3.403141] (booster_msgs) StdoutLine: {'line': b'-- Symlinking: /home/booster/Workspace/Booster_T1_3v3_Demo/install/booster_msgs/share/booster_msgs/package.dsv\n'}
[3.403329] (booster_msgs) StdoutLine: {'line': b'-- Up-to-date symlink: /home/booster/Workspace/Booster_T1_3v3_Demo/install/booster_msgs/share/ament_index/resource_index/packages/booster_msgs\n'}
[3.403435] (booster_msgs) StdoutLine: {'line': b'-- Up-to-date symlink: /home/booster/Workspace/Booster_T1_3v3_Demo/install/booster_msgs/share/booster_msgs/cmake/rosidl_cmake-extras.cmake\n'}
[3.403560] (booster_msgs) StdoutLine: {'line': b'-- Up-to-date symlink: /home/booster/Workspace/Booster_T1_3v3_Demo/install/booster_msgs/share/booster_msgs/cmake/ament_cmake_export_include_directories-extras.cmake\n'}
[3.403658] (booster_msgs) StdoutLine: {'line': b'-- Up-to-date symlink: /home/booster/Workspace/Booster_T1_3v3_Demo/install/booster_msgs/share/booster_msgs/cmake/ament_cmake_export_libraries-extras.cmake\n'}
[3.403753] (booster_msgs) StdoutLine: {'line': b'-- Up-to-date symlink: /home/booster/Workspace/Booster_T1_3v3_Demo/install/booster_msgs/share/booster_msgs/cmake/ament_cmake_export_targets-extras.cmake\n'}
[3.404735] (booster_msgs) StdoutLine: {'line': b'-- Up-to-date symlink: /home/booster/Workspace/Booster_T1_3v3_Demo/install/booster_msgs/share/booster_msgs/cmake/rosidl_cmake_export_typesupport_targets-extras.cmake\n'}
[3.404900] (booster_msgs) StdoutLine: {'line': b'-- Up-to-date symlink: /home/booster/Workspace/Booster_T1_3v3_Demo/install/booster_msgs/share/booster_msgs/cmake/ament_cmake_export_dependencies-extras.cmake\n'}
[3.405061] (booster_msgs) StdoutLine: {'line': b'-- Up-to-date symlink: /home/booster/Workspace/Booster_T1_3v3_Demo/install/booster_msgs/share/booster_msgs/cmake/rosidl_cmake_export_typesupport_libraries-extras.cmake\n'}
[3.405219] (booster_msgs) StdoutLine: {'line': b'-- Up-to-date symlink: /home/booster/Workspace/Booster_T1_3v3_Demo/install/booster_msgs/share/booster_msgs/cmake/booster_msgsConfig.cmake\n'}
[3.405339] (booster_msgs) StdoutLine: {'line': b'-- Up-to-date symlink: /home/booster/Workspace/Booster_T1_3v3_Demo/install/booster_msgs/share/booster_msgs/cmake/booster_msgsConfig-version.cmake\n'}
[3.405477] (booster_msgs) StdoutLine: {'line': b'-- Up-to-date symlink: /home/booster/Workspace/Booster_T1_3v3_Demo/install/booster_msgs/share/booster_msgs/package.xml\n'}
[3.405577] (booster_msgs) StdoutLine: {'line': b'-- Up-to-date: /home/booster/Workspace/Booster_T1_3v3_Demo/install/booster_msgs/lib/libbooster_msgs__rosidl_generator_c.so\n'}
[3.405674] (booster_msgs) StdoutLine: {'line': b'-- Up-to-date: /home/booster/Workspace/Booster_T1_3v3_Demo/install/booster_msgs/lib/libbooster_msgs__rosidl_typesupport_fastrtps_c.so\n'}
[3.405767] (booster_msgs) StdoutLine: {'line': b'-- Up-to-date: /home/booster/Workspace/Booster_T1_3v3_Demo/install/booster_msgs/lib/libbooster_msgs__rosidl_typesupport_introspection_c.so\n'}
[3.405890] (booster_msgs) StdoutLine: {'line': b'-- Up-to-date: /home/booster/Workspace/Booster_T1_3v3_Demo/install/booster_msgs/lib/libbooster_msgs__rosidl_typesupport_c.so\n'}
[3.406059] (booster_msgs) StdoutLine: {'line': b'-- Up-to-date: /home/booster/Workspace/Booster_T1_3v3_Demo/install/booster_msgs/lib/libbooster_msgs__rosidl_typesupport_fastrtps_cpp.so\n'}
[3.406225] (booster_msgs) StdoutLine: {'line': b'-- Up-to-date: /home/booster/Workspace/Booster_T1_3v3_Demo/install/booster_msgs/lib/libbooster_msgs__rosidl_typesupport_introspection_cpp.so\n'}
[3.406356] (booster_msgs) StdoutLine: {'line': b'-- Up-to-date: /home/booster/Workspace/Booster_T1_3v3_Demo/install/booster_msgs/lib/libbooster_msgs__rosidl_typesupport_cpp.so\n'}
[3.406834] (game_controller_interface) StdoutLine: {'line': b'-- Up-to-date symlink: /home/booster/Workspace/Booster_T1_3v3_Demo/install/game_controller_interface/share/ament_index/resource_index/packages/game_controller_interface\n'}
[3.407086] (game_controller_interface) StdoutLine: {'line': b'-- Up-to-date symlink: /home/booster/Workspace/Booster_T1_3v3_Demo/install/game_controller_interface/share/game_controller_interface/cmake/rosidl_cmake-extras.cmake\n'}
[3.407294] (game_controller_interface) StdoutLine: {'line': b'-- Up-to-date symlink: /home/booster/Workspace/Booster_T1_3v3_Demo/install/game_controller_interface/share/game_controller_interface/cmake/ament_cmake_export_include_directories-extras.cmake\n'}
[3.407466] (game_controller_interface) StdoutLine: {'line': b'-- Up-to-date symlink: /home/booster/Workspace/Booster_T1_3v3_Demo/install/game_controller_interface/share/game_controller_interface/cmake/ament_cmake_export_libraries-extras.cmake\n'}
[3.407606] (game_controller_interface) StdoutLine: {'line': b'-- Up-to-date symlink: /home/booster/Workspace/Booster_T1_3v3_Demo/install/game_controller_interface/share/game_controller_interface/cmake/ament_cmake_export_targets-extras.cmake\n'}
[3.407714] (game_controller_interface) StdoutLine: {'line': b'-- Up-to-date symlink: /home/booster/Workspace/Booster_T1_3v3_Demo/install/game_controller_interface/share/game_controller_interface/cmake/rosidl_cmake_export_typesupport_targets-extras.cmake\n'}
[3.407831] (game_controller_interface) StdoutLine: {'line': b'-- Up-to-date symlink: /home/booster/Workspace/Booster_T1_3v3_Demo/install/game_controller_interface/share/game_controller_interface/cmake/ament_cmake_export_dependencies-extras.cmake\n'}
[3.408050] (game_controller_interface) StdoutLine: {'line': b'-- Up-to-date symlink: /home/booster/Workspace/Booster_T1_3v3_Demo/install/game_controller_interface/share/game_controller_interface/cmake/rosidl_cmake_export_typesupport_libraries-extras.cmake\n'}
[3.408233] (game_controller_interface) StdoutLine: {'line': b'-- Up-to-date symlink: /home/booster/Workspace/Booster_T1_3v3_Demo/install/game_controller_interface/share/game_controller_interface/cmake/game_controller_interfaceConfig.cmake\n'}
[3.408390] (game_controller_interface) StdoutLine: {'line': b'-- Up-to-date symlink: /home/booster/Workspace/Booster_T1_3v3_Demo/install/game_controller_interface/share/game_controller_interface/cmake/game_controller_interfaceConfig-version.cmake\n'}
[3.409401] (game_controller_interface) StdoutLine: {'line': b'-- Up-to-date symlink: /home/booster/Workspace/Booster_T1_3v3_Demo/install/game_controller_interface/share/game_controller_interface/package.xml\n'}
[3.409574] (game_controller_interface) StdoutLine: {'line': b'-- Up-to-date: /home/booster/Workspace/Booster_T1_3v3_Demo/install/game_controller_interface/lib/libgame_controller_interface__rosidl_generator_c.so\n'}
[3.409690] (game_controller_interface) StdoutLine: {'line': b'-- Up-to-date: /home/booster/Workspace/Booster_T1_3v3_Demo/install/game_controller_interface/lib/libgame_controller_interface__rosidl_typesupport_fastrtps_c.so\n'}
[3.409795] (game_controller_interface) StdoutLine: {'line': b'-- Up-to-date: /home/booster/Workspace/Booster_T1_3v3_Demo/install/game_controller_interface/lib/libgame_controller_interface__rosidl_typesupport_fastrtps_cpp.so\n'}
[3.409971] (game_controller_interface) StdoutLine: {'line': b'-- Up-to-date: /home/booster/Workspace/Booster_T1_3v3_Demo/install/game_controller_interface/lib/libgame_controller_interface__rosidl_typesupport_introspection_c.so\n'}
[3.410158] (game_controller_interface) StdoutLine: {'line': b'-- Up-to-date: /home/booster/Workspace/Booster_T1_3v3_Demo/install/game_controller_interface/lib/libgame_controller_interface__rosidl_typesupport_c.so\n'}
[3.410310] (game_controller_interface) StdoutLine: {'line': b'-- Up-to-date: /home/booster/Workspace/Booster_T1_3v3_Demo/install/game_controller_interface/lib/libgame_controller_interface__rosidl_typesupport_introspection_cpp.so\n'}
[3.410656] (game_controller_interface) StdoutLine: {'line': b'-- Up-to-date: /home/booster/Workspace/Booster_T1_3v3_Demo/install/game_controller_interface/lib/libgame_controller_interface__rosidl_typesupport_cpp.so\n'}
[3.410888] (vision_interface) StdoutLine: {'line': b'-- Up-to-date symlink: /home/booster/Workspace/Booster_T1_3v3_Demo/install/vision_interface/include/vision_interface/vision_interface/msg/detail/ball__rosidl_typesupport_fastrtps_cpp.hpp\n'}
[3.411058] (vision_interface) StdoutLine: {'line': b'-- Up-to-date symlink: /home/booster/Workspace/Booster_T1_3v3_Demo/install/vision_interface/include/vision_interface/vision_interface/msg/detail/cal_param__rosidl_typesupport_fastrtps_cpp.hpp\n'}
[3.411194] (vision_interface) StdoutLine: {'line': b'-- Up-to-date symlink: /home/booster/Workspace/Booster_T1_3v3_Demo/install/vision_interface/include/vision_interface/vision_interface/msg/detail/detected_object__rosidl_typesupport_fastrtps_cpp.hpp\n'}
[3.411326] (vision_interface) StdoutLine: {'line': b'-- Up-to-date symlink: /home/booster/Workspace/Booster_T1_3v3_Demo/install/vision_interface/include/vision_interface/vision_interface/msg/detail/detections__rosidl_typesupport_fastrtps_cpp.hpp\n'}
[3.411433] (vision_interface) StdoutLine: {'line': b'-- Up-to-date symlink: /home/booster/Workspace/Booster_T1_3v3_Demo/install/vision_interface/include/vision_interface/vision_interface/msg/detail/detections_track__rosidl_typesupport_fastrtps_cpp.hpp\n'}
[3.411560] (vision_interface) StdoutLine: {'line': b'-- Up-to-date symlink: /home/booster/Workspace/Booster_T1_3v3_Demo/install/vision_interface/include/vision_interface/vision_interface/msg/detail/image_head_position__rosidl_typesupport_fastrtps_cpp.hpp\n'}
[3.411663] (vision_interface) StdoutLine: {'line': b'-- Up-to-date symlink: /home/booster/Workspace/Booster_T1_3v3_Demo/install/vision_interface/include/vision_interface/vision_interface/msg/detail/line_segments__rosidl_typesupport_fastrtps_cpp.hpp\n'}
[3.411760] (vision_interface) StdoutLine: {'line': b'-- Up-to-date symlink: /home/booster/Workspace/Booster_T1_3v3_Demo/install/vision_interface/include/vision_interface/vision_interface/msg/detail/segmentation_line__rosidl_typesupport_fastrtps_cpp.hpp\n'}
[3.411858] (vision_interface) StdoutLine: {'line': b'-- Up-to-date symlink: /home/booster/Workspace/Booster_T1_3v3_Demo/install/vision_interface/include/vision_interface/vision_interface/msg/detail/segmentation_point__rosidl_typesupport_fastrtps_cpp.hpp\n'}
[3.412042] (vision_interface) StdoutLine: {'line': b'-- Up-to-date symlink: /home/booster/Workspace/Booster_T1_3v3_Demo/install/vision_interface/include/vision_interface/vision_interface/msg/detail/segmentation_result__rosidl_typesupport_fastrtps_cpp.hpp\n'}
[3.412186] (vision_interface) StdoutLine: {'line': b'-- Up-to-date symlink: /home/booster/Workspace/Booster_T1_3v3_Demo/install/vision_interface/include/vision_interface/vision_interface/msg/rosidl_typesupport_fastrtps_cpp__visibility_control.h\n'}
[3.412328] (vision_interface) StdoutLine: {'line': b'-- Up-to-date symlink: /home/booster/Workspace/Booster_T1_3v3_Demo/install/vision_interface/include/vision_interface/vision_interface/msg/detail/ball__rosidl_typesupport_introspection_c.h\n'}
[3.412470] (vision_interface) StdoutLine: {'line': b'-- Up-to-date symlink: /home/booster/Workspace/Booster_T1_3v3_Demo/install/vision_interface/include/vision_interface/vision_interface/msg/detail/cal_param__rosidl_typesupport_introspection_c.h\n'}
[3.412737] (vision_interface) StdoutLine: {'line': b'-- Up-to-date symlink: /home/booster/Workspace/Booster_T1_3v3_Demo/install/vision_interface/include/vision_interface/vision_interface/msg/detail/detected_object__rosidl_typesupport_introspection_c.h\n'}
[3.412847] (vision_interface) StdoutLine: {'line': b'-- Up-to-date symlink: /home/booster/Workspace/Booster_T1_3v3_Demo/install/vision_interface/include/vision_interface/vision_interface/msg/detail/detections__rosidl_typesupport_introspection_c.h\n'}
[3.412946] (booster_interface) StdoutLine: {'line': b'[ 84%] Built target booster_interface__rosidl_typesupport_introspection_c\n'}
[3.413070] (vision_interface) StdoutLine: {'line': b'-- Up-to-date symlink: /home/booster/Workspace/Booster_T1_3v3_Demo/install/vision_interface/include/vision_interface/vision_interface/msg/detail/detections_track__rosidl_typesupport_introspection_c.h\n'}
[3.413217] (vision_interface) StdoutLine: {'line': b'-- Up-to-date symlink: /home/booster/Workspace/Booster_T1_3v3_Demo/install/vision_interface/include/vision_interface/vision_interface/msg/detail/image_head_position__rosidl_typesupport_introspection_c.h\n'}
[3.413320] (vision_interface) StdoutLine: {'line': b'-- Up-to-date symlink: /home/booster/Workspace/Booster_T1_3v3_Demo/install/vision_interface/include/vision_interface/vision_interface/msg/detail/line_segments__rosidl_typesupport_introspection_c.h\n'}
[3.413439] (vision_interface) StdoutLine: {'line': b'-- Up-to-date symlink: /home/booster/Workspace/Booster_T1_3v3_Demo/install/vision_interface/include/vision_interface/vision_interface/msg/detail/segmentation_line__rosidl_typesupport_introspection_c.h\n'}
[3.413556] (vision_interface) StdoutLine: {'line': b'-- Up-to-date symlink: /home/booster/Workspace/Booster_T1_3v3_Demo/install/vision_interface/include/vision_interface/vision_interface/msg/detail/segmentation_point__rosidl_typesupport_introspection_c.h\n'}
[3.413651] (vision_interface) StdoutLine: {'line': b'-- Up-to-date symlink: /home/booster/Workspace/Booster_T1_3v3_Demo/install/vision_interface/include/vision_interface/vision_interface/msg/detail/segmentation_result__rosidl_typesupport_introspection_c.h\n'}
[3.413834] (vision_interface) StdoutLine: {'line': b'-- Up-to-date symlink: /home/booster/Workspace/Booster_T1_3v3_Demo/install/vision_interface/include/vision_interface/vision_interface/msg/rosidl_typesupport_introspection_c__visibility_control.h\n'}
[3.414061] (vision_interface) StdoutLine: {'line': b'-- Up-to-date symlink: /home/booster/Workspace/Booster_T1_3v3_Demo/install/vision_interface/include/vision_interface/vision_interface/msg/detail/ball__rosidl_typesupport_introspection_cpp.hpp\n'}
[3.414220] (vision_interface) StdoutLine: {'line': b'-- Up-to-date symlink: /home/booster/Workspace/Booster_T1_3v3_Demo/install/vision_interface/include/vision_interface/vision_interface/msg/detail/cal_param__rosidl_typesupport_introspection_cpp.hpp\n'}
[3.414353] (vision_interface) StdoutLine: {'line': b'-- Up-to-date symlink: /home/booster/Workspace/Booster_T1_3v3_Demo/install/vision_interface/include/vision_interface/vision_interface/msg/detail/detected_object__rosidl_typesupport_introspection_cpp.hpp\n'}
[3.414625] (vision_interface) StdoutLine: {'line': b'-- Up-to-date symlink: /home/booster/Workspace/Booster_T1_3v3_Demo/install/vision_interface/include/vision_interface/vision_interface/msg/detail/detections__rosidl_typesupport_introspection_cpp.hpp\n'}
[3.414785] (vision_interface) StdoutLine: {'line': b'-- Up-to-date symlink: /home/booster/Workspace/Booster_T1_3v3_Demo/install/vision_interface/include/vision_interface/vision_interface/msg/detail/detections_track__rosidl_typesupport_introspection_cpp.hpp\n'}
[3.414902] (vision_interface) StdoutLine: {'line': b'-- Up-to-date symlink: /home/booster/Workspace/Booster_T1_3v3_Demo/install/vision_interface/include/vision_interface/vision_interface/msg/detail/image_head_position__rosidl_typesupport_introspection_cpp.hpp\n'}
[3.415000] (vision_interface) StdoutLine: {'line': b'-- Up-to-date symlink: /home/booster/Workspace/Booster_T1_3v3_Demo/install/vision_interface/include/vision_interface/vision_interface/msg/detail/line_segments__rosidl_typesupport_introspection_cpp.hpp\n'}
[3.415095] (vision_interface) StdoutLine: {'line': b'-- Up-to-date symlink: /home/booster/Workspace/Booster_T1_3v3_Demo/install/vision_interface/include/vision_interface/vision_interface/msg/detail/segmentation_line__rosidl_typesupport_introspection_cpp.hpp\n'}
[3.415240] (vision_interface) StdoutLine: {'line': b'-- Up-to-date symlink: /home/booster/Workspace/Booster_T1_3v3_Demo/install/vision_interface/include/vision_interface/vision_interface/msg/detail/segmentation_point__rosidl_typesupport_introspection_cpp.hpp\n'}
[3.415342] (vision_interface) StdoutLine: {'line': b'-- Up-to-date symlink: /home/booster/Workspace/Booster_T1_3v3_Demo/install/vision_interface/include/vision_interface/vision_interface/msg/detail/segmentation_result__rosidl_typesupport_introspection_cpp.hpp\n'}
[3.415437] (vision_interface) StdoutLine: {'line': b'-- Up-to-date symlink: /home/booster/Workspace/Booster_T1_3v3_Demo/install/vision_interface/share/vision_interface/environment/pythonpath.sh\n'}
[3.415530] (vision_interface) StdoutLine: {'line': b'-- Up-to-date symlink: /home/booster/Workspace/Booster_T1_3v3_Demo/install/vision_interface/share/vision_interface/environment/pythonpath.dsv\n'}
[3.416790] (vision_interface) StdoutLine: {'line': b'-- Up-to-date symlink: /home/booster/Workspace/Booster_T1_3v3_Demo/install/vision_interface/local/lib/python3.10/dist-packages/vision_interface-1.0.0-py3.10.egg-info/PKG-INFO\n'}
[3.417616] (vision_interface) StdoutLine: {'line': b'-- Up-to-date symlink: /home/booster/Workspace/Booster_T1_3v3_Demo/install/vision_interface/local/lib/python3.10/dist-packages/vision_interface-1.0.0-py3.10.egg-info/SOURCES.txt\n'}
[3.418585] (vision_interface) StdoutLine: {'line': b'-- Up-to-date symlink: /home/booster/Workspace/Booster_T1_3v3_Demo/install/vision_interface/local/lib/python3.10/dist-packages/vision_interface-1.0.0-py3.10.egg-info/dependency_links.txt\n'}
[3.418786] (vision_interface) StdoutLine: {'line': b'-- Up-to-date symlink: /home/booster/Workspace/Booster_T1_3v3_Demo/install/vision_interface/local/lib/python3.10/dist-packages/vision_interface-1.0.0-py3.10.egg-info/top_level.txt\n'}
[3.424575] (vision_interface) StdoutLine: {'line': b'-- Up-to-date symlink: /home/booster/Workspace/Booster_T1_3v3_Demo/install/vision_interface/local/lib/python3.10/dist-packages/vision_interface/__init__.py\n'}
[3.425321] (vision_interface) StdoutLine: {'line': b'-- Up-to-date symlink: /home/booster/Workspace/Booster_T1_3v3_Demo/install/vision_interface/local/lib/python3.10/dist-packages/vision_interface/_vision_interface_s.ep.rosidl_typesupport_c.c\n'}
[3.425837] (vision_interface) StdoutLine: {'line': b'-- Up-to-date symlink: /home/booster/Workspace/Booster_T1_3v3_Demo/install/vision_interface/local/lib/python3.10/dist-packages/vision_interface/_vision_interface_s.ep.rosidl_typesupport_fastrtps_c.c\n'}
[3.426059] (vision_interface) StdoutLine: {'line': b'-- Up-to-date symlink: /home/booster/Workspace/Booster_T1_3v3_Demo/install/vision_interface/local/lib/python3.10/dist-packages/vision_interface/_vision_interface_s.ep.rosidl_typesupport_introspection_c.c\n'}
[3.426247] (vision_interface) StdoutLine: {'line': b'-- Up-to-date symlink: /home/booster/Workspace/Booster_T1_3v3_Demo/install/vision_interface/local/lib/python3.10/dist-packages/vision_interface/libvision_interface__rosidl_generator_py.so\n'}
[3.428663] (vision_interface) StdoutLine: {'line': b'-- Up-to-date symlink: /home/booster/Workspace/Booster_T1_3v3_Demo/install/vision_interface/local/lib/python3.10/dist-packages/vision_interface/msg/__init__.py\n'}
[3.429264] (vision_interface) StdoutLine: {'line': b'-- Up-to-date symlink: /home/booster/Workspace/Booster_T1_3v3_Demo/install/vision_interface/local/lib/python3.10/dist-packages/vision_interface/msg/_ball.py\n'}
[3.430466] (-) TimerEvent: {}
[3.432050] (vision_interface) StdoutLine: {'line': b'-- Up-to-date symlink: /home/booster/Workspace/Booster_T1_3v3_Demo/install/vision_interface/local/lib/python3.10/dist-packages/vision_interface/msg/_ball_s.c\n'}
[3.432549] (vision_interface) StdoutLine: {'line': b'-- Up-to-date symlink: /home/booster/Workspace/Booster_T1_3v3_Demo/install/vision_interface/local/lib/python3.10/dist-packages/vision_interface/msg/_cal_param.py\n'}
[3.434303] (vision_interface) StdoutLine: {'line': b'-- Up-to-date symlink: /home/booster/Workspace/Booster_T1_3v3_Demo/install/vision_interface/local/lib/python3.10/dist-packages/vision_interface/msg/_cal_param_s.c\n'}
[3.436454] (vision_interface) StdoutLine: {'line': b'-- Up-to-date symlink: /home/booster/Workspace/Booster_T1_3v3_Demo/install/vision_interface/local/lib/python3.10/dist-packages/vision_interface/msg/_detected_object.py\n'}
[3.439845] (vision_interface) StdoutLine: {'line': b'-- Up-to-date symlink: /home/booster/Workspace/Booster_T1_3v3_Demo/install/vision_interface/local/lib/python3.10/dist-packages/vision_interface/msg/_detected_object_s.c\n'}
[3.442448] (vision_interface) StdoutLine: {'line': b'-- Up-to-date symlink: /home/booster/Workspace/Booster_T1_3v3_Demo/install/vision_interface/local/lib/python3.10/dist-packages/vision_interface/msg/_detections.py\n'}
[3.442780] (vision_interface) StdoutLine: {'line': b'-- Up-to-date symlink: /home/booster/Workspace/Booster_T1_3v3_Demo/install/vision_interface/local/lib/python3.10/dist-packages/vision_interface/msg/_detections_s.c\n'}
[3.442915] (vision_interface) StdoutLine: {'line': b'-- Up-to-date symlink: /home/booster/Workspace/Booster_T1_3v3_Demo/install/vision_interface/local/lib/python3.10/dist-packages/vision_interface/msg/_detections_track.py\n'}
[3.444021] (vision_interface) StdoutLine: {'line': b'-- Up-to-date symlink: /home/booster/Workspace/Booster_T1_3v3_Demo/install/vision_interface/local/lib/python3.10/dist-packages/vision_interface/msg/_detections_track_s.c\n'}
[3.444465] (vision_interface) StdoutLine: {'line': b'-- Up-to-date symlink: /home/booster/Workspace/Booster_T1_3v3_Demo/install/vision_interface/local/lib/python3.10/dist-packages/vision_interface/msg/_image_head_position.py\n'}
[3.444816] (vision_interface) StdoutLine: {'line': b'-- Up-to-date symlink: /home/booster/Workspace/Booster_T1_3v3_Demo/install/vision_interface/local/lib/python3.10/dist-packages/vision_interface/msg/_image_head_position_s.c\n'}
[3.445688] (vision_interface) StdoutLine: {'line': b'-- Up-to-date symlink: /home/booster/Workspace/Booster_T1_3v3_Demo/install/vision_interface/local/lib/python3.10/dist-packages/vision_interface/msg/_line_segments.py\n'}
[3.446630] (vision_interface) StdoutLine: {'line': b'-- Up-to-date symlink: /home/booster/Workspace/Booster_T1_3v3_Demo/install/vision_interface/local/lib/python3.10/dist-packages/vision_interface/msg/_line_segments_s.c\n'}
[3.446841] (vision_interface) StdoutLine: {'line': b'-- Up-to-date symlink: /home/booster/Workspace/Booster_T1_3v3_Demo/install/vision_interface/local/lib/python3.10/dist-packages/vision_interface/msg/_segmentation_line.py\n'}
[3.448207] (vision_interface) StdoutLine: {'line': b'-- Up-to-date symlink: /home/booster/Workspace/Booster_T1_3v3_Demo/install/vision_interface/local/lib/python3.10/dist-packages/vision_interface/msg/_segmentation_line_s.c\n'}
[3.448755] (vision_interface) StdoutLine: {'line': b'-- Up-to-date symlink: /home/booster/Workspace/Booster_T1_3v3_Demo/install/vision_interface/local/lib/python3.10/dist-packages/vision_interface/msg/_segmentation_point.py\n'}
[3.450067] (vision_interface) StdoutLine: {'line': b'-- Up-to-date symlink: /home/booster/Workspace/Booster_T1_3v3_Demo/install/vision_interface/local/lib/python3.10/dist-packages/vision_interface/msg/_segmentation_point_s.c\n'}
[3.453607] (game_controller_interface) StdoutLine: {'line': b"Listing '/home/booster/Workspace/Booster_T1_3v3_Demo/install/game_controller_interface/local/lib/python3.10/dist-packages/game_controller_interface'...\n"}
[3.453962] (game_controller_interface) StdoutLine: {'line': b"Listing '/home/booster/Workspace/Booster_T1_3v3_Demo/install/game_controller_interface/local/lib/python3.10/dist-packages/game_controller_interface/msg'...\n"}
[3.454555] (vision_interface) StdoutLine: {'line': b'-- Up-to-date symlink: /home/booster/Workspace/Booster_T1_3v3_Demo/install/vision_interface/local/lib/python3.10/dist-packages/vision_interface/msg/_segmentation_result.py\n'}
[3.454752] (vision_interface) StdoutLine: {'line': b'-- Up-to-date symlink: /home/booster/Workspace/Booster_T1_3v3_Demo/install/vision_interface/local/lib/python3.10/dist-packages/vision_interface/msg/_segmentation_result_s.c\n'}
[3.456303] (vision_interface) StdoutLine: {'line': b'-- Up-to-date symlink: /home/booster/Workspace/Booster_T1_3v3_Demo/install/vision_interface/local/lib/python3.10/dist-packages/vision_interface/vision_interface_s__rosidl_typesupport_c.cpython-310-aarch64-linux-gnu.so\n'}
[3.456665] (vision_interface) StdoutLine: {'line': b'-- Up-to-date symlink: /home/booster/Workspace/Booster_T1_3v3_Demo/install/vision_interface/local/lib/python3.10/dist-packages/vision_interface/vision_interface_s__rosidl_typesupport_fastrtps_c.cpython-310-aarch64-linux-gnu.so\n'}
[3.457008] (vision_interface) StdoutLine: {'line': b'-- Up-to-date symlink: /home/booster/Workspace/Booster_T1_3v3_Demo/install/vision_interface/local/lib/python3.10/dist-packages/vision_interface/vision_interface_s__rosidl_typesupport_introspection_c.cpython-310-aarch64-linux-gnu.so\n'}
[3.457743] (vision_interface) StdoutLine: {'line': b'-- Up-to-date symlink: /home/booster/Workspace/Booster_T1_3v3_Demo/install/vision_interface/local/lib/python3.10/dist-packages/vision_interface/vision_interface_s__rosidl_typesupport_fastrtps_c.cpython-310-aarch64-linux-gnu.so\n'}
[3.461249] (vision_interface) StdoutLine: {'line': b'-- Up-to-date symlink: /home/booster/Workspace/Booster_T1_3v3_Demo/install/vision_interface/local/lib/python3.10/dist-packages/vision_interface/vision_interface_s__rosidl_typesupport_introspection_c.cpython-310-aarch64-linux-gnu.so\n'}
[3.463200] (vision_interface) StdoutLine: {'line': b'-- Up-to-date symlink: /home/booster/Workspace/Booster_T1_3v3_Demo/install/vision_interface/local/lib/python3.10/dist-packages/vision_interface/vision_interface_s__rosidl_typesupport_c.cpython-310-aarch64-linux-gnu.so\n'}
[3.465048] (vision_interface) StdoutLine: {'line': b'-- Up-to-date symlink: /home/booster/Workspace/Booster_T1_3v3_Demo/install/vision_interface/share/vision_interface/msg/DetectedObject.idl\n'}
[3.468340] (vision_interface) StdoutLine: {'line': b'-- Up-to-date symlink: /home/booster/Workspace/Booster_T1_3v3_Demo/install/vision_interface/share/vision_interface/msg/Detections.idl\n'}
[3.470001] (vision_interface) StdoutLine: {'line': b'-- Up-to-date symlink: /home/booster/Workspace/Booster_T1_3v3_Demo/install/vision_interface/share/vision_interface/msg/LineSegments.idl\n'}
[3.470514] (vision_interface) StdoutLine: {'line': b'-- Up-to-date symlink: /home/booster/Workspace/Booster_T1_3v3_Demo/install/vision_interface/share/vision_interface/msg/CalParam.idl\n'}
[3.472502] (vision_interface) StdoutLine: {'line': b'-- Up-to-date symlink: /home/booster/Workspace/Booster_T1_3v3_Demo/install/vision_interface/share/vision_interface/msg/DetectionsTrack.idl\n'}
[3.474012] (vision_interface) StdoutLine: {'line': b'-- Up-to-date symlink: /home/booster/Workspace/Booster_T1_3v3_Demo/install/vision_interface/share/vision_interface/msg/SegmentationPoint.idl\n'}
[3.474518] (vision_interface) StdoutLine: {'line': b'-- Up-to-date symlink: /home/booster/Workspace/Booster_T1_3v3_Demo/install/vision_interface/share/vision_interface/msg/SegmentationLine.idl\n'}
[3.474952] (vision_interface) StdoutLine: {'line': b'-- Up-to-date symlink: /home/booster/Workspace/Booster_T1_3v3_Demo/install/vision_interface/share/vision_interface/msg/SegmentationResult.idl\n'}
[3.478172] (vision_interface) StdoutLine: {'line': b'-- Up-to-date symlink: /home/booster/Workspace/Booster_T1_3v3_Demo/install/vision_interface/share/vision_interface/msg/ImageHeadPosition.idl\n'}
[3.478613] (vision_interface) StdoutLine: {'line': b'-- Up-to-date symlink: /home/booster/Workspace/Booster_T1_3v3_Demo/install/vision_interface/share/vision_interface/msg/Ball.idl\n'}
[3.478953] (vision_interface) StdoutLine: {'line': b'-- Up-to-date symlink: /home/booster/Workspace/Booster_T1_3v3_Demo/install/vision_interface/share/vision_interface/msg/DetectedObject.msg\n'}
[3.480406] (vision_interface) StdoutLine: {'line': b'-- Up-to-date symlink: /home/booster/Workspace/Booster_T1_3v3_Demo/install/vision_interface/share/vision_interface/msg/Detections.msg\n'}
[3.482011] (vision_interface) StdoutLine: {'line': b'-- Up-to-date symlink: /home/booster/Workspace/Booster_T1_3v3_Demo/install/vision_interface/share/vision_interface/msg/LineSegments.msg\n'}
[3.482435] (vision_interface) StdoutLine: {'line': b'-- Up-to-date symlink: /home/booster/Workspace/Booster_T1_3v3_Demo/install/vision_interface/share/vision_interface/msg/CalParam.msg\n'}
[3.484983] (vision_interface) StdoutLine: {'line': b'-- Up-to-date symlink: /home/booster/Workspace/Booster_T1_3v3_Demo/install/vision_interface/share/vision_interface/msg/DetectionsTrack.msg\n'}
[3.486307] (vision_interface) StdoutLine: {'line': b'-- Up-to-date symlink: /home/booster/Workspace/Booster_T1_3v3_Demo/install/vision_interface/share/vision_interface/msg/SegmentationPoint.msg\n'}
[3.486891] (vision_interface) StdoutLine: {'line': b'-- Up-to-date symlink: /home/booster/Workspace/Booster_T1_3v3_Demo/install/vision_interface/share/vision_interface/msg/SegmentationLine.msg\n'}
[3.489037] (vision_interface) StdoutLine: {'line': b'-- Up-to-date symlink: /home/booster/Workspace/Booster_T1_3v3_Demo/install/vision_interface/share/vision_interface/msg/SegmentationResult.msg\n'}
[3.490464] (game_controller_interface) StdoutLine: {'line': b'-- Up-to-date: /home/booster/Workspace/Booster_T1_3v3_Demo/install/game_controller_interface/lib/libgame_controller_interface__rosidl_generator_py.so\n'}
[3.491623] (vision_interface) StdoutLine: {'line': b'-- Up-to-date symlink: /home/booster/Workspace/Booster_T1_3v3_Demo/install/vision_interface/share/vision_interface/msg/ImageHeadPosition.msg\n'}
[3.492703] (game_controller_interface) StdoutLine: {'line': b'-- Up-to-date: /home/booster/Workspace/Booster_T1_3v3_Demo/install/game_controller_interface/share/game_controller_interface/cmake/export_game_controller_interface__rosidl_generator_cExport.cmake\n'}
[3.492959] (game_controller_interface) StdoutLine: {'line': b'-- Up-to-date: /home/booster/Workspace/Booster_T1_3v3_Demo/install/game_controller_interface/share/game_controller_interface/cmake/export_game_controller_interface__rosidl_generator_cExport-noconfig.cmake\n'}
[3.493122] (game_controller_interface) StdoutLine: {'line': b'-- Up-to-date: /home/booster/Workspace/Booster_T1_3v3_Demo/install/game_controller_interface/share/game_controller_interface/cmake/export_game_controller_interface__rosidl_typesupport_fastrtps_cExport.cmake\n'}
[3.494053] (game_controller_interface) StdoutLine: {'line': b'-- Up-to-date: /home/booster/Workspace/Booster_T1_3v3_Demo/install/game_controller_interface/share/game_controller_interface/cmake/export_game_controller_interface__rosidl_typesupport_fastrtps_cExport-noconfig.cmake\n'}
[3.495305] (game_controller_interface) StdoutLine: {'line': b'-- Up-to-date: /home/booster/Workspace/Booster_T1_3v3_Demo/install/game_controller_interface/share/game_controller_interface/cmake/export_game_controller_interface__rosidl_generator_cppExport.cmake\n'}
[3.495663] (game_controller_interface) StdoutLine: {'line': b'-- Up-to-date: /home/booster/Workspace/Booster_T1_3v3_Demo/install/game_controller_interface/share/game_controller_interface/cmake/export_game_controller_interface__rosidl_typesupport_fastrtps_cppExport.cmake\n'}
[3.496017] (game_controller_interface) StdoutLine: {'line': b'-- Up-to-date: /home/booster/Workspace/Booster_T1_3v3_Demo/install/game_controller_interface/share/game_controller_interface/cmake/export_game_controller_interface__rosidl_typesupport_fastrtps_cppExport-noconfig.cmake\n'}
[3.500766] (game_controller_interface) StdoutLine: {'line': b'-- Up-to-date: /home/booster/Workspace/Booster_T1_3v3_Demo/install/game_controller_interface/share/game_controller_interface/cmake/game_controller_interface__rosidl_typesupport_introspection_cExport.cmake\n'}
[3.500999] (game_controller_interface) StdoutLine: {'line': b'-- Up-to-date: /home/booster/Workspace/Booster_T1_3v3_Demo/install/game_controller_interface/share/game_controller_interface/cmake/game_controller_interface__rosidl_typesupport_introspection_cExport-noconfig.cmake\n'}
[3.501125] (game_controller_interface) StdoutLine: {'line': b'-- Up-to-date: /home/booster/Workspace/Booster_T1_3v3_Demo/install/game_controller_interface/share/game_controller_interface/cmake/game_controller_interface__rosidl_typesupport_cExport.cmake\n'}
[3.501547] (game_controller_interface) StdoutLine: {'line': b'-- Up-to-date: /home/booster/Workspace/Booster_T1_3v3_Demo/install/game_controller_interface/share/game_controller_interface/cmake/game_controller_interface__rosidl_typesupport_cExport-noconfig.cmake\n'}
[3.501809] (game_controller_interface) StdoutLine: {'line': b'-- Up-to-date: /home/booster/Workspace/Booster_T1_3v3_Demo/install/game_controller_interface/share/game_controller_interface/cmake/game_controller_interface__rosidl_typesupport_introspection_cppExport.cmake\n'}
[3.503648] (game_controller_interface) StdoutLine: {'line': b'-- Up-to-date: /home/booster/Workspace/Booster_T1_3v3_Demo/install/game_controller_interface/share/game_controller_interface/cmake/game_controller_interface__rosidl_typesupport_introspection_cppExport-noconfig.cmake\n'}
[3.503783] (game_controller_interface) StdoutLine: {'line': b'-- Up-to-date: /home/booster/Workspace/Booster_T1_3v3_Demo/install/game_controller_interface/share/game_controller_interface/cmake/game_controller_interface__rosidl_typesupport_cppExport.cmake\n'}
[3.503979] (game_controller_interface) StdoutLine: {'line': b'-- Up-to-date: /home/booster/Workspace/Booster_T1_3v3_Demo/install/game_controller_interface/share/game_controller_interface/cmake/game_controller_interface__rosidl_typesupport_cppExport-noconfig.cmake\n'}
[3.504086] (game_controller_interface) StdoutLine: {'line': b'-- Up-to-date: /home/booster/Workspace/Booster_T1_3v3_Demo/install/game_controller_interface/share/game_controller_interface/cmake/export_game_controller_interface__rosidl_generator_pyExport.cmake\n'}
[3.504400] (game_controller_interface) StdoutLine: {'line': b'-- Up-to-date: /home/booster/Workspace/Booster_T1_3v3_Demo/install/game_controller_interface/share/game_controller_interface/cmake/export_game_controller_interface__rosidl_generator_pyExport-noconfig.cmake\n'}
[3.504592] (vision_interface) StdoutLine: {'line': b'-- Up-to-date symlink: /home/booster/Workspace/Booster_T1_3v3_Demo/install/vision_interface/share/vision_interface/msg/Ball.msg\n'}
[3.506039] (vision_interface) StdoutLine: {'line': b'-- Up-to-date symlink: /home/booster/Workspace/Booster_T1_3v3_Demo/install/vision_interface/share/ament_index/resource_index/package_run_dependencies/vision_interface\n'}
[3.506633] (vision_interface) StdoutLine: {'line': b'-- Up-to-date symlink: /home/booster/Workspace/Booster_T1_3v3_Demo/install/vision_interface/share/ament_index/resource_index/parent_prefix_path/vision_interface\n'}
[3.506888] (game_controller_interface) CommandEnded: {'returncode': 0}
[3.507540] (vision_interface) StdoutLine: {'line': b'-- Up-to-date symlink: /home/booster/Workspace/Booster_T1_3v3_Demo/install/vision_interface/share/vision_interface/environment/ament_prefix_path.sh\n'}
[3.507699] (booster_msgs) StdoutLine: {'line': b"Listing '/home/booster/Workspace/Booster_T1_3v3_Demo/install/booster_msgs/local/lib/python3.10/dist-packages/booster_msgs'...\n"}
[3.507868] (booster_msgs) StdoutLine: {'line': b"Listing '/home/booster/Workspace/Booster_T1_3v3_Demo/install/booster_msgs/local/lib/python3.10/dist-packages/booster_msgs/msg'...\n"}
[3.508054] (vision_interface) StdoutLine: {'line': b'-- Up-to-date symlink: /home/booster/Workspace/Booster_T1_3v3_Demo/install/vision_interface/share/vision_interface/environment/ament_prefix_path.dsv\n'}
[3.508204] (vision_interface) StdoutLine: {'line': b'-- Up-to-date symlink: /home/booster/Workspace/Booster_T1_3v3_Demo/install/vision_interface/share/vision_interface/environment/path.sh\n'}
[3.511097] (vision_interface) StdoutLine: {'line': b'-- Up-to-date symlink: /home/booster/Workspace/Booster_T1_3v3_Demo/install/vision_interface/share/vision_interface/environment/path.dsv\n'}
[3.511282] (vision_interface) StdoutLine: {'line': b'-- Up-to-date symlink: /home/booster/Workspace/Booster_T1_3v3_Demo/install/vision_interface/share/vision_interface/local_setup.bash\n'}
[3.511396] (vision_interface) StdoutLine: {'line': b'-- Up-to-date symlink: /home/booster/Workspace/Booster_T1_3v3_Demo/install/vision_interface/share/vision_interface/local_setup.sh\n'}
[3.511504] (vision_interface) StdoutLine: {'line': b'-- Up-to-date symlink: /home/booster/Workspace/Booster_T1_3v3_Demo/install/vision_interface/share/vision_interface/local_setup.zsh\n'}
[3.511618] (vision_interface) StdoutLine: {'line': b'-- Up-to-date symlink: /home/booster/Workspace/Booster_T1_3v3_Demo/install/vision_interface/share/vision_interface/local_setup.dsv\n'}
[3.511747] (vision_interface) StdoutLine: {'line': b'-- Symlinking: /home/booster/Workspace/Booster_T1_3v3_Demo/install/vision_interface/share/vision_interface/package.dsv\n'}
[3.535930] (booster_msgs) StdoutLine: {'line': b'-- Up-to-date: /home/booster/Workspace/Booster_T1_3v3_Demo/install/booster_msgs/lib/libbooster_msgs__rosidl_generator_py.so\n'}
[3.536354] (-) TimerEvent: {}
[3.536690] (booster_msgs) StdoutLine: {'line': b'-- Up-to-date: /home/booster/Workspace/Booster_T1_3v3_Demo/install/booster_msgs/share/booster_msgs/cmake/export_booster_msgs__rosidl_generator_cExport.cmake\n'}
[3.540190] (booster_msgs) StdoutLine: {'line': b'-- Up-to-date: /home/booster/Workspace/Booster_T1_3v3_Demo/install/booster_msgs/share/booster_msgs/cmake/export_booster_msgs__rosidl_generator_cExport-noconfig.cmake\n'}
[3.540699] (booster_msgs) StdoutLine: {'line': b'-- Up-to-date: /home/booster/Workspace/Booster_T1_3v3_Demo/install/booster_msgs/share/booster_msgs/cmake/export_booster_msgs__rosidl_typesupport_fastrtps_cExport.cmake\n'}
[3.541059] (booster_msgs) StdoutLine: {'line': b'-- Up-to-date: /home/booster/Workspace/Booster_T1_3v3_Demo/install/booster_msgs/share/booster_msgs/cmake/export_booster_msgs__rosidl_typesupport_fastrtps_cExport-noconfig.cmake\n'}
[3.541250] (booster_msgs) StdoutLine: {'line': b'-- Up-to-date: /home/booster/Workspace/Booster_T1_3v3_Demo/install/booster_msgs/share/booster_msgs/cmake/booster_msgs__rosidl_typesupport_introspection_cExport.cmake\n'}
[3.541392] (booster_msgs) StdoutLine: {'line': b'-- Up-to-date: /home/booster/Workspace/Booster_T1_3v3_Demo/install/booster_msgs/share/booster_msgs/cmake/booster_msgs__rosidl_typesupport_introspection_cExport-noconfig.cmake\n'}
[3.541532] (booster_msgs) StdoutLine: {'line': b'-- Up-to-date: /home/booster/Workspace/Booster_T1_3v3_Demo/install/booster_msgs/share/booster_msgs/cmake/booster_msgs__rosidl_typesupport_cExport.cmake\n'}
[3.541646] (booster_msgs) StdoutLine: {'line': b'-- Up-to-date: /home/booster/Workspace/Booster_T1_3v3_Demo/install/booster_msgs/share/booster_msgs/cmake/booster_msgs__rosidl_typesupport_cExport-noconfig.cmake\n'}
[3.541743] (booster_msgs) StdoutLine: {'line': b'-- Up-to-date: /home/booster/Workspace/Booster_T1_3v3_Demo/install/booster_msgs/share/booster_msgs/cmake/export_booster_msgs__rosidl_generator_cppExport.cmake\n'}
[3.541841] (booster_msgs) StdoutLine: {'line': b'-- Up-to-date: /home/booster/Workspace/Booster_T1_3v3_Demo/install/booster_msgs/share/booster_msgs/cmake/export_booster_msgs__rosidl_typesupport_fastrtps_cppExport.cmake\n'}
[3.541935] (booster_msgs) StdoutLine: {'line': b'-- Up-to-date: /home/booster/Workspace/Booster_T1_3v3_Demo/install/booster_msgs/share/booster_msgs/cmake/export_booster_msgs__rosidl_typesupport_fastrtps_cppExport-noconfig.cmake\n'}
[3.542029] (booster_msgs) StdoutLine: {'line': b'-- Up-to-date: /home/booster/Workspace/Booster_T1_3v3_Demo/install/booster_msgs/share/booster_msgs/cmake/booster_msgs__rosidl_typesupport_introspection_cppExport.cmake\n'}
[3.542121] (booster_msgs) StdoutLine: {'line': b'-- Up-to-date: /home/booster/Workspace/Booster_T1_3v3_Demo/install/booster_msgs/share/booster_msgs/cmake/booster_msgs__rosidl_typesupport_introspection_cppExport-noconfig.cmake\n'}
[3.542251] (booster_msgs) StdoutLine: {'line': b'-- Up-to-date: /home/booster/Workspace/Booster_T1_3v3_Demo/install/booster_msgs/share/booster_msgs/cmake/booster_msgs__rosidl_typesupport_cppExport.cmake\n'}
[3.542447] (booster_msgs) StdoutLine: {'line': b'-- Up-to-date: /home/booster/Workspace/Booster_T1_3v3_Demo/install/booster_msgs/share/booster_msgs/cmake/booster_msgs__rosidl_typesupport_cppExport-noconfig.cmake\n'}
[3.542602] (booster_msgs) StdoutLine: {'line': b'-- Up-to-date: /home/booster/Workspace/Booster_T1_3v3_Demo/install/booster_msgs/share/booster_msgs/cmake/export_booster_msgs__rosidl_generator_pyExport.cmake\n'}
[3.542733] (booster_msgs) StdoutLine: {'line': b'-- Up-to-date: /home/booster/Workspace/Booster_T1_3v3_Demo/install/booster_msgs/share/booster_msgs/cmake/export_booster_msgs__rosidl_generator_pyExport-noconfig.cmake\n'}
[3.548470] (vision_interface) StdoutLine: {'line': b'-- Up-to-date symlink: /home/booster/Workspace/Booster_T1_3v3_Demo/install/vision_interface/share/ament_index/resource_index/packages/vision_interface\n'}
[3.552397] (vision_interface) StdoutLine: {'line': b'-- Up-to-date symlink: /home/booster/Workspace/Booster_T1_3v3_Demo/install/vision_interface/share/vision_interface/cmake/rosidl_cmake-extras.cmake\n'}
[3.552834] (vision_interface) StdoutLine: {'line': b'-- Up-to-date symlink: /home/booster/Workspace/Booster_T1_3v3_Demo/install/vision_interface/share/vision_interface/cmake/ament_cmake_export_dependencies-extras.cmake\n'}
[3.554955] (vision_interface) StdoutLine: {'line': b'-- Up-to-date symlink: /home/booster/Workspace/Booster_T1_3v3_Demo/install/vision_interface/share/vision_interface/cmake/ament_cmake_export_include_directories-extras.cmake\n'}
[3.555353] (vision_interface) StdoutLine: {'line': b'-- Up-to-date symlink: /home/booster/Workspace/Booster_T1_3v3_Demo/install/vision_interface/share/vision_interface/cmake/ament_cmake_export_libraries-extras.cmake\n'}
[3.555537] (vision_interface) StdoutLine: {'line': b'-- Up-to-date symlink: /home/booster/Workspace/Booster_T1_3v3_Demo/install/vision_interface/share/vision_interface/cmake/ament_cmake_export_targets-extras.cmake\n'}
[3.555711] (vision_interface) StdoutLine: {'line': b'-- Up-to-date symlink: /home/booster/Workspace/Booster_T1_3v3_Demo/install/vision_interface/share/vision_interface/cmake/rosidl_cmake_export_typesupport_targets-extras.cmake\n'}
[3.555838] (vision_interface) StdoutLine: {'line': b'-- Up-to-date symlink: /home/booster/Workspace/Booster_T1_3v3_Demo/install/vision_interface/share/vision_interface/cmake/rosidl_cmake_export_typesupport_libraries-extras.cmake\n'}
[3.555944] (vision_interface) StdoutLine: {'line': b'-- Up-to-date symlink: /home/booster/Workspace/Booster_T1_3v3_Demo/install/vision_interface/share/vision_interface/cmake/vision_interfaceConfig.cmake\n'}
[3.556044] (vision_interface) StdoutLine: {'line': b'-- Up-to-date symlink: /home/booster/Workspace/Booster_T1_3v3_Demo/install/vision_interface/share/vision_interface/cmake/vision_interfaceConfig-version.cmake\n'}
[3.556244] (vision_interface) StdoutLine: {'line': b'-- Up-to-date symlink: /home/booster/Workspace/Booster_T1_3v3_Demo/install/vision_interface/share/vision_interface/package.xml\n'}
[3.556454] (vision_interface) StdoutLine: {'line': b'-- Up-to-date: /home/booster/Workspace/Booster_T1_3v3_Demo/install/vision_interface/lib/libvision_interface__rosidl_generator_c.so\n'}
[3.556609] (vision_interface) StdoutLine: {'line': b'-- Up-to-date: /home/booster/Workspace/Booster_T1_3v3_Demo/install/vision_interface/lib/libvision_interface__rosidl_typesupport_fastrtps_c.so\n'}
[3.556816] (vision_interface) StdoutLine: {'line': b'-- Up-to-date: /home/booster/Workspace/Booster_T1_3v3_Demo/install/vision_interface/lib/libvision_interface__rosidl_typesupport_fastrtps_cpp.so\n'}
[3.556970] (vision_interface) StdoutLine: {'line': b'-- Up-to-date: /home/booster/Workspace/Booster_T1_3v3_Demo/install/vision_interface/lib/libvision_interface__rosidl_typesupport_introspection_c.so\n'}
[3.557265] (vision_interface) StdoutLine: {'line': b'-- Up-to-date: /home/booster/Workspace/Booster_T1_3v3_Demo/install/vision_interface/lib/libvision_interface__rosidl_typesupport_c.so\n'}
[3.557857] (vision_interface) StdoutLine: {'line': b'-- Up-to-date: /home/booster/Workspace/Booster_T1_3v3_Demo/install/vision_interface/lib/libvision_interface__rosidl_typesupport_introspection_cpp.so\n'}
[3.558006] (vision_interface) StdoutLine: {'line': b'-- Up-to-date: /home/booster/Workspace/Booster_T1_3v3_Demo/install/vision_interface/lib/libvision_interface__rosidl_typesupport_cpp.so\n'}
[3.567006] (booster_interface) StdoutLine: {'line': b'[ 84%] Built target booster_interface\n'}
[3.614701] (game_controller_interface) JobEnded: {'identifier': 'game_controller_interface', 'rc': 0}
[3.616545] (game_controller) JobStarted: {'identifier': 'game_controller'}
[3.645896] (-) TimerEvent: {}
[3.668599] (booster_msgs) CommandEnded: {'returncode': 0}
[3.701018] (booster_interface) StdoutLine: {'line': b'[ 85%] Built target booster_interface__py\n'}
[3.707594] (vision_interface) StdoutLine: {'line': b"Listing '/home/booster/Workspace/Booster_T1_3v3_Demo/install/vision_interface/local/lib/python3.10/dist-packages/vision_interface'...\n"}
[3.707859] (vision_interface) StdoutLine: {'line': b"Listing '/home/booster/Workspace/Booster_T1_3v3_Demo/install/vision_interface/local/lib/python3.10/dist-packages/vision_interface/msg'...\n"}
[3.740494] (vision_interface) StdoutLine: {'line': b'-- Up-to-date: /home/booster/Workspace/Booster_T1_3v3_Demo/install/vision_interface/lib/libvision_interface__rosidl_generator_py.so\n'}
[3.740831] (vision_interface) StdoutLine: {'line': b'-- Up-to-date: /home/booster/Workspace/Booster_T1_3v3_Demo/install/vision_interface/share/vision_interface/cmake/export_vision_interface__rosidl_generator_cExport.cmake\n'}
[3.745429] (vision_interface) StdoutLine: {'line': b'-- Up-to-date: /home/booster/Workspace/Booster_T1_3v3_Demo/install/vision_interface/share/vision_interface/cmake/export_vision_interface__rosidl_generator_cExport-noconfig.cmake\n'}
[3.745777] (vision_interface) StdoutLine: {'line': b'-- Up-to-date: /home/booster/Workspace/Booster_T1_3v3_Demo/install/vision_interface/share/vision_interface/cmake/export_vision_interface__rosidl_typesupport_fastrtps_cExport.cmake\n'}
[3.745898] (-) TimerEvent: {}
[3.746115] (vision_interface) StdoutLine: {'line': b'-- Up-to-date: /home/booster/Workspace/Booster_T1_3v3_Demo/install/vision_interface/share/vision_interface/cmake/export_vision_interface__rosidl_typesupport_fastrtps_cExport-noconfig.cmake\n'}
[3.746246] (vision_interface) StdoutLine: {'line': b'-- Up-to-date: /home/booster/Workspace/Booster_T1_3v3_Demo/install/vision_interface/share/vision_interface/cmake/export_vision_interface__rosidl_generator_cppExport.cmake\n'}
[3.746388] (vision_interface) StdoutLine: {'line': b'-- Up-to-date: /home/booster/Workspace/Booster_T1_3v3_Demo/install/vision_interface/share/vision_interface/cmake/export_vision_interface__rosidl_typesupport_fastrtps_cppExport.cmake\n'}
[3.746493] (vision_interface) StdoutLine: {'line': b'-- Up-to-date: /home/booster/Workspace/Booster_T1_3v3_Demo/install/vision_interface/share/vision_interface/cmake/export_vision_interface__rosidl_typesupport_fastrtps_cppExport-noconfig.cmake\n'}
[3.746594] (vision_interface) StdoutLine: {'line': b'-- Up-to-date: /home/booster/Workspace/Booster_T1_3v3_Demo/install/vision_interface/share/vision_interface/cmake/vision_interface__rosidl_typesupport_introspection_cExport.cmake\n'}
[3.746840] (vision_interface) StdoutLine: {'line': b'-- Up-to-date: /home/booster/Workspace/Booster_T1_3v3_Demo/install/vision_interface/share/vision_interface/cmake/vision_interface__rosidl_typesupport_introspection_cExport-noconfig.cmake\n'}
[3.746974] (vision_interface) StdoutLine: {'line': b'-- Up-to-date: /home/booster/Workspace/Booster_T1_3v3_Demo/install/vision_interface/share/vision_interface/cmake/vision_interface__rosidl_typesupport_cExport.cmake\n'}
[3.747538] (vision_interface) StdoutLine: {'line': b'-- Up-to-date: /home/booster/Workspace/Booster_T1_3v3_Demo/install/vision_interface/share/vision_interface/cmake/vision_interface__rosidl_typesupport_cExport-noconfig.cmake\n'}
[3.747746] (vision_interface) StdoutLine: {'line': b'-- Up-to-date: /home/booster/Workspace/Booster_T1_3v3_Demo/install/vision_interface/share/vision_interface/cmake/vision_interface__rosidl_typesupport_introspection_cppExport.cmake\n'}
[3.747934] (vision_interface) StdoutLine: {'line': b'-- Up-to-date: /home/booster/Workspace/Booster_T1_3v3_Demo/install/vision_interface/share/vision_interface/cmake/vision_interface__rosidl_typesupport_introspection_cppExport-noconfig.cmake\n'}
[3.748120] (vision_interface) StdoutLine: {'line': b'-- Up-to-date: /home/booster/Workspace/Booster_T1_3v3_Demo/install/vision_interface/share/vision_interface/cmake/vision_interface__rosidl_typesupport_cppExport.cmake\n'}
[3.748481] (vision_interface) StdoutLine: {'line': b'-- Up-to-date: /home/booster/Workspace/Booster_T1_3v3_Demo/install/vision_interface/share/vision_interface/cmake/vision_interface__rosidl_typesupport_cppExport-noconfig.cmake\n'}
[3.748645] (vision_interface) StdoutLine: {'line': b'-- Up-to-date: /home/booster/Workspace/Booster_T1_3v3_Demo/install/vision_interface/share/vision_interface/cmake/export_vision_interface__rosidl_generator_pyExport.cmake\n'}
[3.748819] (vision_interface) StdoutLine: {'line': b'-- Up-to-date: /home/booster/Workspace/Booster_T1_3v3_Demo/install/vision_interface/share/vision_interface/cmake/export_vision_interface__rosidl_generator_pyExport-noconfig.cmake\n'}
[3.748952] (booster_msgs) JobEnded: {'identifier': 'booster_msgs', 'rc': 0}
[3.762838] (game_controller) JobProgress: {'identifier': 'game_controller', 'progress': 'cmake'}
[3.762934] (game_controller) JobProgress: {'identifier': 'game_controller', 'progress': 'build'}
[3.762978] (game_controller) Command: {'cmd': ['/usr/bin/cmake', '--build', '/home/booster/Workspace/Booster_T1_3v3_Demo/build/game_controller', '--', '-j5', '-l5'], 'cwd': '/home/booster/Workspace/Booster_T1_3v3_Demo/build/game_controller', 'env': OrderedDict([('SUDO_GID', '1000'), ('LESSOPEN', '| /usr/bin/lesspipe %s'), ('PYTHONWARNINGS', 'ignore::DeprecationWarning,ignore::UserWarning,ignore::FutureWarning'), ('MAIL', '/var/mail/root'), ('USER', 'root'), ('SHLVL', '2'), ('LD_LIBRARY_PATH', '/home/booster/Workspace/Booster_T1_3v3_Demo/install/game_controller_interface/lib:/opt/ros/humble/opt/rviz_ogre_vendor/lib:/opt/ros/humble/lib/aarch64-linux-gnu:/opt/ros/humble/lib'), ('HOME', '/root'), ('OLDPWD', '/home/booster/Workspace/Booster_T1_3v3_Demo/scripts'), ('ROS_PYTHON_VERSION', '3'), ('COLORTERM', 'truecolor'), ('SUDO_UID', '1000'), ('ROS_DISTRO', 'humble'), ('LOGNAME', 'root'), ('_', '/usr/bin/colcon'), ('ROS_VERSION', '2'), ('TERM', 'xterm-256color'), ('ROS_LOCALHOST_ONLY', '0'), ('PATH', '/opt/ros/humble/bin:/usr/local/sbin:/usr/local/bin:/usr/sbin:/usr/bin:/sbin:/bin:/usr/games:/usr/local/games:/snap/bin'), ('FASTRTPS_DEFAULT_PROFILES_FILE', '/opt/booster/BoosterRos2/fastdds_profile.xml'), ('LANG', 'en_US.UTF-8'), ('LS_COLORS', 'rs=0:di=01;34:ln=01;36:mh=00:pi=40;33:so=01;35:do=01;35:bd=40;33;01:cd=40;33;01:or=40;31;01:mi=00:su=37;41:sg=30;43:ca=30;41:tw=30;42:ow=34;42:st=37;44:ex=01;32:*.tar=01;31:*.tgz=01;31:*.arc=01;31:*.arj=01;31:*.taz=01;31:*.lha=01;31:*.lz4=01;31:*.lzh=01;31:*.lzma=01;31:*.tlz=01;31:*.txz=01;31:*.tzo=01;31:*.t7z=01;31:*.zip=01;31:*.z=01;31:*.dz=01;31:*.gz=01;31:*.lrz=01;31:*.lz=01;31:*.lzo=01;31:*.xz=01;31:*.zst=01;31:*.tzst=01;31:*.bz2=01;31:*.bz=01;31:*.tbz=01;31:*.tbz2=01;31:*.tz=01;31:*.deb=01;31:*.rpm=01;31:*.jar=01;31:*.war=01;31:*.ear=01;31:*.sar=01;31:*.rar=01;31:*.alz=01;31:*.ace=01;31:*.zoo=01;31:*.cpio=01;31:*.7z=01;31:*.rz=01;31:*.cab=01;31:*.wim=01;31:*.swm=01;31:*.dwm=01;31:*.esd=01;31:*.jpg=01;35:*.jpeg=01;35:*.mjpg=01;35:*.mjpeg=01;35:*.gif=01;35:*.bmp=01;35:*.pbm=01;35:*.pgm=01;35:*.ppm=01;35:*.tga=01;35:*.xbm=01;35:*.xpm=01;35:*.tif=01;35:*.tiff=01;35:*.png=01;35:*.svg=01;35:*.svgz=01;35:*.mng=01;35:*.pcx=01;35:*.mov=01;35:*.mpg=01;35:*.mpeg=01;35:*.m2v=01;35:*.mkv=01;35:*.webm=01;35:*.webp=01;35:*.ogm=01;35:*.mp4=01;35:*.m4v=01;35:*.mp4v=01;35:*.vob=01;35:*.qt=01;35:*.nuv=01;35:*.wmv=01;35:*.asf=01;35:*.rm=01;35:*.rmvb=01;35:*.flc=01;35:*.avi=01;35:*.fli=01;35:*.flv=01;35:*.gl=01;35:*.dl=01;35:*.xcf=01;35:*.xwd=01;35:*.yuv=01;35:*.cgm=01;35:*.emf=01;35:*.ogv=01;35:*.ogx=01;35:*.aac=00;36:*.au=00;36:*.flac=00;36:*.m4a=00;36:*.mid=00;36:*.midi=00;36:*.mka=00;36:*.mp3=00;36:*.mpc=00;36:*.ogg=00;36:*.ra=00;36:*.wav=00;36:*.oga=00;36:*.opus=00;36:*.spx=00;36:*.xspf=00;36:'), ('SUDO_COMMAND', '/usr/bin/su'), ('AMENT_PREFIX_PATH', '/home/booster/Workspace/Booster_T1_3v3_Demo/install/game_controller_interface:/opt/ros/humble'), ('SHELL', '/bin/bash'), ('SUDO_USER', 'booster'), ('LESSCLOSE', '/usr/bin/lesspipe %s %s'), ('PWD', '/home/booster/Workspace/Booster_T1_3v3_Demo/build/game_controller'), ('PYTHONPATH', '/home/booster/Workspace/Booster_T1_3v3_Demo/install/game_controller_interface/local/lib/python3.10/dist-packages:/opt/ros/humble/lib/python3.10/site-packages:/opt/ros/humble/local/lib/python3.10/dist-packages'), ('COLCON', '1'), ('CMAKE_PREFIX_PATH', '/home/booster/Workspace/Booster_T1_3v3_Demo/install/game_controller_interface:/opt/ros/humble')]), 'shell': False}
[3.777257] (vision_interface) CommandEnded: {'returncode': 0}
[3.871336] (-) TimerEvent: {}
[3.926134] (vision_interface) JobEnded: {'identifier': 'vision_interface', 'rc': 0}
[3.928281] (vision) JobStarted: {'identifier': 'vision'}
[3.955956] (sound_play) Command: {'cmd': ['/usr/bin/python3', '-W', 'ignore:setup.py install is deprecated', '-W', 'ignore:easy_install command is deprecated', 'setup.py', 'develop', '--editable', '--build-directory', '/home/booster/Workspace/Booster_T1_3v3_Demo/build/sound_play/build', '--no-deps', 'symlink_data'], 'cwd': '/home/booster/Workspace/Booster_T1_3v3_Demo/build/sound_play', 'env': {'SUDO_GID': '1000', 'LESSOPEN': '| /usr/bin/lesspipe %s', 'PYTHONWARNINGS': 'ignore::DeprecationWarning,ignore::UserWarning,ignore::FutureWarning', 'MAIL': '/var/mail/root', 'USER': 'root', 'SHLVL': '2', 'LD_LIBRARY_PATH': '/opt/ros/humble/opt/rviz_ogre_vendor/lib:/opt/ros/humble/lib/aarch64-linux-gnu:/opt/ros/humble/lib', 'HOME': '/root', 'OLDPWD': '/home/booster/Workspace/Booster_T1_3v3_Demo/scripts', 'ROS_PYTHON_VERSION': '3', 'COLORTERM': 'truecolor', 'SUDO_UID': '1000', 'ROS_DISTRO': 'humble', 'LOGNAME': 'root', '_': '/usr/bin/colcon', 'ROS_VERSION': '2', 'TERM': 'xterm-256color', 'ROS_LOCALHOST_ONLY': '0', 'PATH': '/opt/ros/humble/bin:/usr/local/sbin:/usr/local/bin:/usr/sbin:/usr/bin:/sbin:/bin:/usr/games:/usr/local/games:/snap/bin', 'FASTRTPS_DEFAULT_PROFILES_FILE': '/opt/booster/BoosterRos2/fastdds_profile.xml', 'LANG': 'en_US.UTF-8', 'LS_COLORS': 'rs=0:di=01;34:ln=01;36:mh=00:pi=40;33:so=01;35:do=01;35:bd=40;33;01:cd=40;33;01:or=40;31;01:mi=00:su=37;41:sg=30;43:ca=30;41:tw=30;42:ow=34;42:st=37;44:ex=01;32:*.tar=01;31:*.tgz=01;31:*.arc=01;31:*.arj=01;31:*.taz=01;31:*.lha=01;31:*.lz4=01;31:*.lzh=01;31:*.lzma=01;31:*.tlz=01;31:*.txz=01;31:*.tzo=01;31:*.t7z=01;31:*.zip=01;31:*.z=01;31:*.dz=01;31:*.gz=01;31:*.lrz=01;31:*.lz=01;31:*.lzo=01;31:*.xz=01;31:*.zst=01;31:*.tzst=01;31:*.bz2=01;31:*.bz=01;31:*.tbz=01;31:*.tbz2=01;31:*.tz=01;31:*.deb=01;31:*.rpm=01;31:*.jar=01;31:*.war=01;31:*.ear=01;31:*.sar=01;31:*.rar=01;31:*.alz=01;31:*.ace=01;31:*.zoo=01;31:*.cpio=01;31:*.7z=01;31:*.rz=01;31:*.cab=01;31:*.wim=01;31:*.swm=01;31:*.dwm=01;31:*.esd=01;31:*.jpg=01;35:*.jpeg=01;35:*.mjpg=01;35:*.mjpeg=01;35:*.gif=01;35:*.bmp=01;35:*.pbm=01;35:*.pgm=01;35:*.ppm=01;35:*.tga=01;35:*.xbm=01;35:*.xpm=01;35:*.tif=01;35:*.tiff=01;35:*.png=01;35:*.svg=01;35:*.svgz=01;35:*.mng=01;35:*.pcx=01;35:*.mov=01;35:*.mpg=01;35:*.mpeg=01;35:*.m2v=01;35:*.mkv=01;35:*.webm=01;35:*.webp=01;35:*.ogm=01;35:*.mp4=01;35:*.m4v=01;35:*.mp4v=01;35:*.vob=01;35:*.qt=01;35:*.nuv=01;35:*.wmv=01;35:*.asf=01;35:*.rm=01;35:*.rmvb=01;35:*.flc=01;35:*.avi=01;35:*.fli=01;35:*.flv=01;35:*.gl=01;35:*.dl=01;35:*.xcf=01;35:*.xwd=01;35:*.yuv=01;35:*.cgm=01;35:*.emf=01;35:*.ogv=01;35:*.ogx=01;35:*.aac=00;36:*.au=00;36:*.flac=00;36:*.m4a=00;36:*.mid=00;36:*.midi=00;36:*.mka=00;36:*.mp3=00;36:*.mpc=00;36:*.ogg=00;36:*.ra=00;36:*.wav=00;36:*.oga=00;36:*.opus=00;36:*.spx=00;36:*.xspf=00;36:', 'SUDO_COMMAND': '/usr/bin/su', 'AMENT_PREFIX_PATH': '/opt/ros/humble', 'SHELL': '/bin/bash', 'SUDO_USER': 'booster', 'LESSCLOSE': '/usr/bin/lesspipe %s %s', 'PWD': '/home/booster/Workspace/Booster_T1_3v3_Demo/build/sound_play', 'PYTHONPATH': '/home/booster/Workspace/Booster_T1_3v3_Demo/build/sound_play/prefix_override:/usr/lib/python3/dist-packages/colcon_core/task/python/colcon_distutils_commands:/home/booster/Workspace/Booster_T1_3v3_Demo/install/sound_play/lib/python3.10/site-packages:/opt/ros/humble/lib/python3.10/site-packages:/opt/ros/humble/local/lib/python3.10/dist-packages', 'COLCON': '1'}, 'shell': False}
[3.961756] (vision) JobProgress: {'identifier': 'vision', 'progress': 'cmake'}
[3.963737] (vision) JobProgress: {'identifier': 'vision', 'progress': 'build'}
[3.963908] (vision) Command: {'cmd': ['/usr/bin/cmake', '--build', '/home/booster/Workspace/Booster_T1_3v3_Demo/build/vision', '--', '-j5', '-l5'], 'cwd': '/home/booster/Workspace/Booster_T1_3v3_Demo/build/vision', 'env': OrderedDict([('SUDO_GID', '1000'), ('LESSOPEN', '| /usr/bin/lesspipe %s'), ('PYTHONWARNINGS', 'ignore::DeprecationWarning,ignore::UserWarning,ignore::FutureWarning'), ('MAIL', '/var/mail/root'), ('USER', 'root'), ('SHLVL', '2'), ('LD_LIBRARY_PATH', '/home/booster/Workspace/Booster_T1_3v3_Demo/install/vision_interface/lib:/opt/ros/humble/opt/rviz_ogre_vendor/lib:/opt/ros/humble/lib/aarch64-linux-gnu:/opt/ros/humble/lib'), ('HOME', '/root'), ('OLDPWD', '/home/booster/Workspace/Booster_T1_3v3_Demo/scripts'), ('ROS_PYTHON_VERSION', '3'), ('COLORTERM', 'truecolor'), ('SUDO_UID', '1000'), ('ROS_DISTRO', 'humble'), ('LOGNAME', 'root'), ('_', '/usr/bin/colcon'), ('ROS_VERSION', '2'), ('TERM', 'xterm-256color'), ('ROS_LOCALHOST_ONLY', '0'), ('PATH', '/opt/ros/humble/bin:/usr/local/sbin:/usr/local/bin:/usr/sbin:/usr/bin:/sbin:/bin:/usr/games:/usr/local/games:/snap/bin'), ('FASTRTPS_DEFAULT_PROFILES_FILE', '/opt/booster/BoosterRos2/fastdds_profile.xml'), ('LANG', 'en_US.UTF-8'), ('LS_COLORS', 'rs=0:di=01;34:ln=01;36:mh=00:pi=40;33:so=01;35:do=01;35:bd=40;33;01:cd=40;33;01:or=40;31;01:mi=00:su=37;41:sg=30;43:ca=30;41:tw=30;42:ow=34;42:st=37;44:ex=01;32:*.tar=01;31:*.tgz=01;31:*.arc=01;31:*.arj=01;31:*.taz=01;31:*.lha=01;31:*.lz4=01;31:*.lzh=01;31:*.lzma=01;31:*.tlz=01;31:*.txz=01;31:*.tzo=01;31:*.t7z=01;31:*.zip=01;31:*.z=01;31:*.dz=01;31:*.gz=01;31:*.lrz=01;31:*.lz=01;31:*.lzo=01;31:*.xz=01;31:*.zst=01;31:*.tzst=01;31:*.bz2=01;31:*.bz=01;31:*.tbz=01;31:*.tbz2=01;31:*.tz=01;31:*.deb=01;31:*.rpm=01;31:*.jar=01;31:*.war=01;31:*.ear=01;31:*.sar=01;31:*.rar=01;31:*.alz=01;31:*.ace=01;31:*.zoo=01;31:*.cpio=01;31:*.7z=01;31:*.rz=01;31:*.cab=01;31:*.wim=01;31:*.swm=01;31:*.dwm=01;31:*.esd=01;31:*.jpg=01;35:*.jpeg=01;35:*.mjpg=01;35:*.mjpeg=01;35:*.gif=01;35:*.bmp=01;35:*.pbm=01;35:*.pgm=01;35:*.ppm=01;35:*.tga=01;35:*.xbm=01;35:*.xpm=01;35:*.tif=01;35:*.tiff=01;35:*.png=01;35:*.svg=01;35:*.svgz=01;35:*.mng=01;35:*.pcx=01;35:*.mov=01;35:*.mpg=01;35:*.mpeg=01;35:*.m2v=01;35:*.mkv=01;35:*.webm=01;35:*.webp=01;35:*.ogm=01;35:*.mp4=01;35:*.m4v=01;35:*.mp4v=01;35:*.vob=01;35:*.qt=01;35:*.nuv=01;35:*.wmv=01;35:*.asf=01;35:*.rm=01;35:*.rmvb=01;35:*.flc=01;35:*.avi=01;35:*.fli=01;35:*.flv=01;35:*.gl=01;35:*.dl=01;35:*.xcf=01;35:*.xwd=01;35:*.yuv=01;35:*.cgm=01;35:*.emf=01;35:*.ogv=01;35:*.ogx=01;35:*.aac=00;36:*.au=00;36:*.flac=00;36:*.m4a=00;36:*.mid=00;36:*.midi=00;36:*.mka=00;36:*.mp3=00;36:*.mpc=00;36:*.ogg=00;36:*.ra=00;36:*.wav=00;36:*.oga=00;36:*.opus=00;36:*.spx=00;36:*.xspf=00;36:'), ('SUDO_COMMAND', '/usr/bin/su'), ('AMENT_PREFIX_PATH', '/home/booster/Workspace/Booster_T1_3v3_Demo/install/vision_interface:/opt/ros/humble'), ('SHELL', '/bin/bash'), ('SUDO_USER', 'booster'), ('LESSCLOSE', '/usr/bin/lesspipe %s %s'), ('PWD', '/home/booster/Workspace/Booster_T1_3v3_Demo/build/vision'), ('PYTHONPATH', '/home/booster/Workspace/Booster_T1_3v3_Demo/install/vision_interface/local/lib/python3.10/dist-packages:/opt/ros/humble/lib/python3.10/site-packages:/opt/ros/humble/local/lib/python3.10/dist-packages'), ('COLCON', '1'), ('CMAKE_PREFIX_PATH', '/home/booster/Workspace/Booster_T1_3v3_Demo/install/vision_interface:/opt/ros/humble')]), 'shell': False}
[3.975476] (booster_interface) StdoutLine: {'line': b'[ 96%] Built target booster_interface__rosidl_generator_py\n'}
[3.976017] (-) TimerEvent: {}
[4.068992] (booster_interface) StdoutLine: {'line': b'[ 97%] Built target booster_interface__rosidl_typesupport_fastrtps_c__pyext\n'}
[4.074452] (game_controller) StdoutLine: {'line': b'[100%] Built target game_controller_node\n'}
[4.076151] (-) TimerEvent: {}
[4.136487] (game_controller) CommandEnded: {'returncode': 0}
[4.137602] (game_controller) JobProgress: {'identifier': 'game_controller', 'progress': 'install'}
[4.147761] (game_controller) Command: {'cmd': ['/usr/bin/cmake', '--install', '/home/booster/Workspace/Booster_T1_3v3_Demo/build/game_controller'], 'cwd': '/home/booster/Workspace/Booster_T1_3v3_Demo/build/game_controller', 'env': OrderedDict([('SUDO_GID', '1000'), ('LESSOPEN', '| /usr/bin/lesspipe %s'), ('PYTHONWARNINGS', 'ignore::DeprecationWarning,ignore::UserWarning,ignore::FutureWarning'), ('MAIL', '/var/mail/root'), ('USER', 'root'), ('SHLVL', '2'), ('LD_LIBRARY_PATH', '/home/booster/Workspace/Booster_T1_3v3_Demo/install/game_controller_interface/lib:/opt/ros/humble/opt/rviz_ogre_vendor/lib:/opt/ros/humble/lib/aarch64-linux-gnu:/opt/ros/humble/lib'), ('HOME', '/root'), ('OLDPWD', '/home/booster/Workspace/Booster_T1_3v3_Demo/scripts'), ('ROS_PYTHON_VERSION', '3'), ('COLORTERM', 'truecolor'), ('SUDO_UID', '1000'), ('ROS_DISTRO', 'humble'), ('LOGNAME', 'root'), ('_', '/usr/bin/colcon'), ('ROS_VERSION', '2'), ('TERM', 'xterm-256color'), ('ROS_LOCALHOST_ONLY', '0'), ('PATH', '/opt/ros/humble/bin:/usr/local/sbin:/usr/local/bin:/usr/sbin:/usr/bin:/sbin:/bin:/usr/games:/usr/local/games:/snap/bin'), ('FASTRTPS_DEFAULT_PROFILES_FILE', '/opt/booster/BoosterRos2/fastdds_profile.xml'), ('LANG', 'en_US.UTF-8'), ('LS_COLORS', 'rs=0:di=01;34:ln=01;36:mh=00:pi=40;33:so=01;35:do=01;35:bd=40;33;01:cd=40;33;01:or=40;31;01:mi=00:su=37;41:sg=30;43:ca=30;41:tw=30;42:ow=34;42:st=37;44:ex=01;32:*.tar=01;31:*.tgz=01;31:*.arc=01;31:*.arj=01;31:*.taz=01;31:*.lha=01;31:*.lz4=01;31:*.lzh=01;31:*.lzma=01;31:*.tlz=01;31:*.txz=01;31:*.tzo=01;31:*.t7z=01;31:*.zip=01;31:*.z=01;31:*.dz=01;31:*.gz=01;31:*.lrz=01;31:*.lz=01;31:*.lzo=01;31:*.xz=01;31:*.zst=01;31:*.tzst=01;31:*.bz2=01;31:*.bz=01;31:*.tbz=01;31:*.tbz2=01;31:*.tz=01;31:*.deb=01;31:*.rpm=01;31:*.jar=01;31:*.war=01;31:*.ear=01;31:*.sar=01;31:*.rar=01;31:*.alz=01;31:*.ace=01;31:*.zoo=01;31:*.cpio=01;31:*.7z=01;31:*.rz=01;31:*.cab=01;31:*.wim=01;31:*.swm=01;31:*.dwm=01;31:*.esd=01;31:*.jpg=01;35:*.jpeg=01;35:*.mjpg=01;35:*.mjpeg=01;35:*.gif=01;35:*.bmp=01;35:*.pbm=01;35:*.pgm=01;35:*.ppm=01;35:*.tga=01;35:*.xbm=01;35:*.xpm=01;35:*.tif=01;35:*.tiff=01;35:*.png=01;35:*.svg=01;35:*.svgz=01;35:*.mng=01;35:*.pcx=01;35:*.mov=01;35:*.mpg=01;35:*.mpeg=01;35:*.m2v=01;35:*.mkv=01;35:*.webm=01;35:*.webp=01;35:*.ogm=01;35:*.mp4=01;35:*.m4v=01;35:*.mp4v=01;35:*.vob=01;35:*.qt=01;35:*.nuv=01;35:*.wmv=01;35:*.asf=01;35:*.rm=01;35:*.rmvb=01;35:*.flc=01;35:*.avi=01;35:*.fli=01;35:*.flv=01;35:*.gl=01;35:*.dl=01;35:*.xcf=01;35:*.xwd=01;35:*.yuv=01;35:*.cgm=01;35:*.emf=01;35:*.ogv=01;35:*.ogx=01;35:*.aac=00;36:*.au=00;36:*.flac=00;36:*.m4a=00;36:*.mid=00;36:*.midi=00;36:*.mka=00;36:*.mp3=00;36:*.mpc=00;36:*.ogg=00;36:*.ra=00;36:*.wav=00;36:*.oga=00;36:*.opus=00;36:*.spx=00;36:*.xspf=00;36:'), ('SUDO_COMMAND', '/usr/bin/su'), ('AMENT_PREFIX_PATH', '/home/booster/Workspace/Booster_T1_3v3_Demo/install/game_controller_interface:/opt/ros/humble'), ('SHELL', '/bin/bash'), ('SUDO_USER', 'booster'), ('LESSCLOSE', '/usr/bin/lesspipe %s %s'), ('PWD', '/home/booster/Workspace/Booster_T1_3v3_Demo/build/game_controller'), ('PYTHONPATH', '/home/booster/Workspace/Booster_T1_3v3_Demo/install/game_controller_interface/local/lib/python3.10/dist-packages:/opt/ros/humble/lib/python3.10/site-packages:/opt/ros/humble/local/lib/python3.10/dist-packages'), ('COLCON', '1'), ('CMAKE_PREFIX_PATH', '/home/booster/Workspace/Booster_T1_3v3_Demo/install/game_controller_interface:/opt/ros/humble')]), 'shell': False}
[4.176632] (-) TimerEvent: {}
[4.212430] (booster_interface) StdoutLine: {'line': b'[ 98%] Built target booster_interface__rosidl_typesupport_c__pyext\n'}
[4.232403] (game_controller) StdoutLine: {'line': b'-- Install configuration: ""\n'}
[4.246876] (game_controller) StdoutLine: {'line': b'-- Execute custom install script\n'}
[4.250960] (game_controller) StdoutLine: {'line': b'-- Up-to-date symlink: /home/booster/Workspace/Booster_T1_3v3_Demo/install/game_controller/share/game_controller/launch/launch.py\n'}
[4.252275] (game_controller) StdoutLine: {'line': b'-- Up-to-date symlink: /home/booster/Workspace/Booster_T1_3v3_Demo/install/game_controller/lib/game_controller/game_controller_node\n'}
[4.255538] (game_controller) StdoutLine: {'line': b'-- Up-to-date symlink: /home/booster/Workspace/Booster_T1_3v3_Demo/install/game_controller/share/ament_index/resource_index/package_run_dependencies/game_controller\n'}
[4.255974] (game_controller) StdoutLine: {'line': b'-- Up-to-date symlink: /home/booster/Workspace/Booster_T1_3v3_Demo/install/game_controller/share/ament_index/resource_index/parent_prefix_path/game_controller\n'}
[4.256178] (game_controller) StdoutLine: {'line': b'-- Up-to-date symlink: /home/booster/Workspace/Booster_T1_3v3_Demo/install/game_controller/share/game_controller/environment/ament_prefix_path.sh\n'}
[4.256491] (game_controller) StdoutLine: {'line': b'-- Up-to-date symlink: /home/booster/Workspace/Booster_T1_3v3_Demo/install/game_controller/share/game_controller/environment/ament_prefix_path.dsv\n'}
[4.263731] (game_controller) StdoutLine: {'line': b'-- Up-to-date symlink: /home/booster/Workspace/Booster_T1_3v3_Demo/install/game_controller/share/game_controller/environment/path.sh\n'}
[4.264162] (game_controller) StdoutLine: {'line': b'-- Up-to-date symlink: /home/booster/Workspace/Booster_T1_3v3_Demo/install/game_controller/share/game_controller/environment/path.dsv\n'}
[4.265299] (game_controller) StdoutLine: {'line': b'-- Up-to-date symlink: /home/booster/Workspace/Booster_T1_3v3_Demo/install/game_controller/share/game_controller/local_setup.bash\n'}
[4.268700] (game_controller) StdoutLine: {'line': b'-- Up-to-date symlink: /home/booster/Workspace/Booster_T1_3v3_Demo/install/game_controller/share/game_controller/local_setup.sh\n'}
[4.272956] (game_controller) StdoutLine: {'line': b'-- Up-to-date symlink: /home/booster/Workspace/Booster_T1_3v3_Demo/install/game_controller/share/game_controller/local_setup.zsh\n'}
[4.274533] (game_controller) StdoutLine: {'line': b'-- Up-to-date symlink: /home/booster/Workspace/Booster_T1_3v3_Demo/install/game_controller/share/game_controller/local_setup.dsv\n'}
[4.275109] (game_controller) StdoutLine: {'line': b'-- Symlinking: /home/booster/Workspace/Booster_T1_3v3_Demo/install/game_controller/share/game_controller/package.dsv\n'}
[4.276738] (-) TimerEvent: {}
[4.305645] (game_controller) StdoutLine: {'line': b'-- Up-to-date symlink: /home/booster/Workspace/Booster_T1_3v3_Demo/install/game_controller/share/ament_index/resource_index/packages/game_controller\n'}
[4.306353] (game_controller) StdoutLine: {'line': b'-- Up-to-date symlink: /home/booster/Workspace/Booster_T1_3v3_Demo/install/game_controller/share/game_controller/cmake/game_controllerConfig.cmake\n'}
[4.306700] (game_controller) StdoutLine: {'line': b'-- Up-to-date symlink: /home/booster/Workspace/Booster_T1_3v3_Demo/install/game_controller/share/game_controller/cmake/game_controllerConfig-version.cmake\n'}
[4.306857] (game_controller) StdoutLine: {'line': b'-- Up-to-date symlink: /home/booster/Workspace/Booster_T1_3v3_Demo/install/game_controller/share/game_controller/package.xml\n'}
[4.312720] (game_controller) CommandEnded: {'returncode': 0}
[4.359853] (game_controller) JobEnded: {'identifier': 'game_controller', 'rc': 0}
[4.369045] (booster_interface) StdoutLine: {'line': b'[100%] Built target booster_interface__rosidl_typesupport_introspection_c__pyext\n'}
[4.376896] (-) TimerEvent: {}
[4.398581] (vision) StdoutLine: {'line': b'[ 27%] Built target yolov8_trt\n'}
[4.420758] (booster_interface) CommandEnded: {'returncode': 0}
[4.421651] (booster_interface) JobProgress: {'identifier': 'booster_interface', 'progress': 'install'}
[4.421713] (booster_interface) Command: {'cmd': ['/usr/bin/cmake', '--install', '/home/booster/Workspace/Booster_T1_3v3_Demo/build/booster_interface'], 'cwd': '/home/booster/Workspace/Booster_T1_3v3_Demo/build/booster_interface', 'env': OrderedDict([('SUDO_GID', '1000'), ('LESSOPEN', '| /usr/bin/lesspipe %s'), ('PYTHONWARNINGS', 'ignore::DeprecationWarning,ignore::UserWarning,ignore::FutureWarning'), ('MAIL', '/var/mail/root'), ('USER', 'root'), ('SHLVL', '2'), ('LD_LIBRARY_PATH', '/opt/ros/humble/opt/rviz_ogre_vendor/lib:/opt/ros/humble/lib/aarch64-linux-gnu:/opt/ros/humble/lib'), ('HOME', '/root'), ('OLDPWD', '/home/booster/Workspace/Booster_T1_3v3_Demo/scripts'), ('ROS_PYTHON_VERSION', '3'), ('COLORTERM', 'truecolor'), ('SUDO_UID', '1000'), ('ROS_DISTRO', 'humble'), ('LOGNAME', 'root'), ('_', '/usr/bin/colcon'), ('ROS_VERSION', '2'), ('TERM', 'xterm-256color'), ('ROS_LOCALHOST_ONLY', '0'), ('PATH', '/opt/ros/humble/bin:/usr/local/sbin:/usr/local/bin:/usr/sbin:/usr/bin:/sbin:/bin:/usr/games:/usr/local/games:/snap/bin'), ('FASTRTPS_DEFAULT_PROFILES_FILE', '/opt/booster/BoosterRos2/fastdds_profile.xml'), ('LANG', 'en_US.UTF-8'), ('LS_COLORS', 'rs=0:di=01;34:ln=01;36:mh=00:pi=40;33:so=01;35:do=01;35:bd=40;33;01:cd=40;33;01:or=40;31;01:mi=00:su=37;41:sg=30;43:ca=30;41:tw=30;42:ow=34;42:st=37;44:ex=01;32:*.tar=01;31:*.tgz=01;31:*.arc=01;31:*.arj=01;31:*.taz=01;31:*.lha=01;31:*.lz4=01;31:*.lzh=01;31:*.lzma=01;31:*.tlz=01;31:*.txz=01;31:*.tzo=01;31:*.t7z=01;31:*.zip=01;31:*.z=01;31:*.dz=01;31:*.gz=01;31:*.lrz=01;31:*.lz=01;31:*.lzo=01;31:*.xz=01;31:*.zst=01;31:*.tzst=01;31:*.bz2=01;31:*.bz=01;31:*.tbz=01;31:*.tbz2=01;31:*.tz=01;31:*.deb=01;31:*.rpm=01;31:*.jar=01;31:*.war=01;31:*.ear=01;31:*.sar=01;31:*.rar=01;31:*.alz=01;31:*.ace=01;31:*.zoo=01;31:*.cpio=01;31:*.7z=01;31:*.rz=01;31:*.cab=01;31:*.wim=01;31:*.swm=01;31:*.dwm=01;31:*.esd=01;31:*.jpg=01;35:*.jpeg=01;35:*.mjpg=01;35:*.mjpeg=01;35:*.gif=01;35:*.bmp=01;35:*.pbm=01;35:*.pgm=01;35:*.ppm=01;35:*.tga=01;35:*.xbm=01;35:*.xpm=01;35:*.tif=01;35:*.tiff=01;35:*.png=01;35:*.svg=01;35:*.svgz=01;35:*.mng=01;35:*.pcx=01;35:*.mov=01;35:*.mpg=01;35:*.mpeg=01;35:*.m2v=01;35:*.mkv=01;35:*.webm=01;35:*.webp=01;35:*.ogm=01;35:*.mp4=01;35:*.m4v=01;35:*.mp4v=01;35:*.vob=01;35:*.qt=01;35:*.nuv=01;35:*.wmv=01;35:*.asf=01;35:*.rm=01;35:*.rmvb=01;35:*.flc=01;35:*.avi=01;35:*.fli=01;35:*.flv=01;35:*.gl=01;35:*.dl=01;35:*.xcf=01;35:*.xwd=01;35:*.yuv=01;35:*.cgm=01;35:*.emf=01;35:*.ogv=01;35:*.ogx=01;35:*.aac=00;36:*.au=00;36:*.flac=00;36:*.m4a=00;36:*.mid=00;36:*.midi=00;36:*.mka=00;36:*.mp3=00;36:*.mpc=00;36:*.ogg=00;36:*.ra=00;36:*.wav=00;36:*.oga=00;36:*.opus=00;36:*.spx=00;36:*.xspf=00;36:'), ('SUDO_COMMAND', '/usr/bin/su'), ('AMENT_PREFIX_PATH', '/opt/ros/humble'), ('SHELL', '/bin/bash'), ('SUDO_USER', 'booster'), ('LESSCLOSE', '/usr/bin/lesspipe %s %s'), ('PWD', '/home/booster/Workspace/Booster_T1_3v3_Demo/build/booster_interface'), ('PYTHONPATH', '/opt/ros/humble/lib/python3.10/site-packages:/opt/ros/humble/local/lib/python3.10/dist-packages'), ('COLCON', '1'), ('CMAKE_PREFIX_PATH', '/opt/ros/humble')]), 'shell': False}
[4.454201] (booster_interface) StdoutLine: {'line': b'-- Install configuration: ""\n'}
[4.456597] (booster_interface) StdoutLine: {'line': b'-- Execute custom install script\n'}
[4.458402] (booster_interface) StdoutLine: {'line': b'-- Up-to-date symlink: /home/booster/Workspace/Booster_T1_3v3_Demo/install/booster_interface/share/ament_index/resource_index/rosidl_interfaces/booster_interface\n'}
[4.462707] (booster_interface) StdoutLine: {'line': b'-- Up-to-date symlink: /home/booster/Workspace/Booster_T1_3v3_Demo/install/booster_interface/include/booster_interface/booster_interface/msg/booster_api_req_msg.h\n'}
[4.463615] (booster_interface) StdoutLine: {'line': b'-- Up-to-date symlink: /home/booster/Workspace/Booster_T1_3v3_Demo/install/booster_interface/include/booster_interface/booster_interface/msg/booster_api_resp_msg.h\n'}
[4.464032] (booster_interface) StdoutLine: {'line': b'-- Up-to-date symlink: /home/booster/Workspace/Booster_T1_3v3_Demo/install/booster_interface/include/booster_interface/booster_interface/msg/button_event_msg.h\n'}
[4.464223] (booster_interface) StdoutLine: {'line': b'-- Up-to-date symlink: /home/booster/Workspace/Booster_T1_3v3_Demo/install/booster_interface/include/booster_interface/booster_interface/msg/detail/booster_api_req_msg__functions.h\n'}
[4.464407] (booster_interface) StdoutLine: {'line': b'-- Up-to-date symlink: /home/booster/Workspace/Booster_T1_3v3_Demo/install/booster_interface/include/booster_interface/booster_interface/msg/detail/booster_api_req_msg__struct.h\n'}
[4.464533] (booster_interface) StdoutLine: {'line': b'-- Up-to-date symlink: /home/booster/Workspace/Booster_T1_3v3_Demo/install/booster_interface/include/booster_interface/booster_interface/msg/detail/booster_api_req_msg__type_support.h\n'}
[4.464684] (booster_interface) StdoutLine: {'line': b'-- Up-to-date symlink: /home/booster/Workspace/Booster_T1_3v3_Demo/install/booster_interface/include/booster_interface/booster_interface/msg/detail/booster_api_resp_msg__functions.h\n'}
[4.464832] (booster_interface) StdoutLine: {'line': b'-- Up-to-date symlink: /home/booster/Workspace/Booster_T1_3v3_Demo/install/booster_interface/include/booster_interface/booster_interface/msg/detail/booster_api_resp_msg__struct.h\n'}
[4.467681] (booster_interface) StdoutLine: {'line': b'-- Up-to-date symlink: /home/booster/Workspace/Booster_T1_3v3_Demo/install/booster_interface/include/booster_interface/booster_interface/msg/detail/booster_api_resp_msg__type_support.h\n'}
[4.468322] (booster_interface) StdoutLine: {'line': b'-- Up-to-date symlink: /home/booster/Workspace/Booster_T1_3v3_Demo/install/booster_interface/include/booster_interface/booster_interface/msg/detail/button_event_msg__functions.h\n'}
[4.468610] (booster_interface) StdoutLine: {'line': b'-- Up-to-date symlink: /home/booster/Workspace/Booster_T1_3v3_Demo/install/booster_interface/include/booster_interface/booster_interface/msg/detail/button_event_msg__struct.h\n'}
[4.468753] (booster_interface) StdoutLine: {'line': b'-- Up-to-date symlink: /home/booster/Workspace/Booster_T1_3v3_Demo/install/booster_interface/include/booster_interface/booster_interface/msg/detail/button_event_msg__type_support.h\n'}
[4.469694] (booster_interface) StdoutLine: {'line': b'-- Up-to-date symlink: /home/booster/Workspace/Booster_T1_3v3_Demo/install/booster_interface/include/booster_interface/booster_interface/msg/detail/fall_down_state__functions.h\n'}
[4.470093] (booster_interface) StdoutLine: {'line': b'-- Up-to-date symlink: /home/booster/Workspace/Booster_T1_3v3_Demo/install/booster_interface/include/booster_interface/booster_interface/msg/detail/fall_down_state__struct.h\n'}
[4.470246] (booster_interface) StdoutLine: {'line': b'-- Up-to-date symlink: /home/booster/Workspace/Booster_T1_3v3_Demo/install/booster_interface/include/booster_interface/booster_interface/msg/detail/fall_down_state__type_support.h\n'}
[4.470457] (booster_interface) StdoutLine: {'line': b'-- Up-to-date symlink: /home/booster/Workspace/Booster_T1_3v3_Demo/install/booster_interface/include/booster_interface/booster_interface/msg/detail/hand_command__functions.h\n'}
[4.470581] (booster_interface) StdoutLine: {'line': b'-- Up-to-date symlink: /home/booster/Workspace/Booster_T1_3v3_Demo/install/booster_interface/include/booster_interface/booster_interface/msg/detail/hand_command__struct.h\n'}
[4.471865] (booster_interface) StdoutLine: {'line': b'-- Up-to-date symlink: /home/booster/Workspace/Booster_T1_3v3_Demo/install/booster_interface/include/booster_interface/booster_interface/msg/detail/hand_command__type_support.h\n'}
[4.472346] (booster_interface) StdoutLine: {'line': b'-- Up-to-date symlink: /home/booster/Workspace/Booster_T1_3v3_Demo/install/booster_interface/include/booster_interface/booster_interface/msg/detail/hand_dds_msg__functions.h\n'}
[4.472538] (booster_interface) StdoutLine: {'line': b'-- Up-to-date symlink: /home/booster/Workspace/Booster_T1_3v3_Demo/install/booster_interface/include/booster_interface/booster_interface/msg/detail/hand_dds_msg__struct.h\n'}
[4.472724] (booster_interface) StdoutLine: {'line': b'-- Up-to-date symlink: /home/booster/Workspace/Booster_T1_3v3_Demo/install/booster_interface/include/booster_interface/booster_interface/msg/detail/hand_dds_msg__type_support.h\n'}
[4.472855] (booster_interface) StdoutLine: {'line': b'-- Up-to-date symlink: /home/booster/Workspace/Booster_T1_3v3_Demo/install/booster_interface/include/booster_interface/booster_interface/msg/detail/hand_param__functions.h\n'}
[4.473640] (booster_interface) StdoutLine: {'line': b'-- Up-to-date symlink: /home/booster/Workspace/Booster_T1_3v3_Demo/install/booster_interface/include/booster_interface/booster_interface/msg/detail/hand_param__struct.h\n'}
[4.473872] (booster_interface) StdoutLine: {'line': b'-- Up-to-date symlink: /home/booster/Workspace/Booster_T1_3v3_Demo/install/booster_interface/include/booster_interface/booster_interface/msg/detail/hand_param__type_support.h\n'}
[4.475291] (booster_interface) StdoutLine: {'line': b'-- Up-to-date symlink: /home/booster/Workspace/Booster_T1_3v3_Demo/install/booster_interface/include/booster_interface/booster_interface/msg/detail/imu_state__functions.h\n'}
[4.475636] (booster_interface) StdoutLine: {'line': b'-- Up-to-date symlink: /home/booster/Workspace/Booster_T1_3v3_Demo/install/booster_interface/include/booster_interface/booster_interface/msg/detail/imu_state__struct.h\n'}
[4.475770] (booster_interface) StdoutLine: {'line': b'-- Up-to-date symlink: /home/booster/Workspace/Booster_T1_3v3_Demo/install/booster_interface/include/booster_interface/booster_interface/msg/detail/imu_state__type_support.h\n'}
[4.475926] (booster_interface) StdoutLine: {'line': b'-- Up-to-date symlink: /home/booster/Workspace/Booster_T1_3v3_Demo/install/booster_interface/include/booster_interface/booster_interface/msg/detail/low_cmd__functions.h\n'}
[4.476971] (-) TimerEvent: {}
[4.477802] (booster_interface) StdoutLine: {'line': b'-- Up-to-date symlink: /home/booster/Workspace/Booster_T1_3v3_Demo/install/booster_interface/include/booster_interface/booster_interface/msg/detail/low_cmd__struct.h\n'}
[4.478027] (booster_interface) StdoutLine: {'line': b'-- Up-to-date symlink: /home/booster/Workspace/Booster_T1_3v3_Demo/install/booster_interface/include/booster_interface/booster_interface/msg/detail/low_cmd__type_support.h\n'}
[4.478153] (booster_interface) StdoutLine: {'line': b'-- Up-to-date symlink: /home/booster/Workspace/Booster_T1_3v3_Demo/install/booster_interface/include/booster_interface/booster_interface/msg/detail/low_state__functions.h\n'}
[4.478464] (booster_interface) StdoutLine: {'line': b'-- Up-to-date symlink: /home/booster/Workspace/Booster_T1_3v3_Demo/install/booster_interface/include/booster_interface/booster_interface/msg/detail/low_state__struct.h\n'}
[4.478641] (booster_interface) StdoutLine: {'line': b'-- Up-to-date symlink: /home/booster/Workspace/Booster_T1_3v3_Demo/install/booster_interface/include/booster_interface/booster_interface/msg/detail/low_state__type_support.h\n'}
[4.479413] (booster_interface) StdoutLine: {'line': b'-- Up-to-date symlink: /home/booster/Workspace/Booster_T1_3v3_Demo/install/booster_interface/include/booster_interface/booster_interface/msg/detail/motor_cmd__functions.h\n'}
[4.479740] (booster_interface) StdoutLine: {'line': b'-- Up-to-date symlink: /home/booster/Workspace/Booster_T1_3v3_Demo/install/booster_interface/include/booster_interface/booster_interface/msg/detail/motor_cmd__struct.h\n'}
[4.480107] (booster_interface) StdoutLine: {'line': b'-- Up-to-date symlink: /home/booster/Workspace/Booster_T1_3v3_Demo/install/booster_interface/include/booster_interface/booster_interface/msg/detail/motor_cmd__type_support.h\n'}
[4.480281] (booster_interface) StdoutLine: {'line': b'-- Up-to-date symlink: /home/booster/Workspace/Booster_T1_3v3_Demo/install/booster_interface/include/booster_interface/booster_interface/msg/detail/motor_state__functions.h\n'}
[4.480452] (booster_interface) StdoutLine: {'line': b'-- Up-to-date symlink: /home/booster/Workspace/Booster_T1_3v3_Demo/install/booster_interface/include/booster_interface/booster_interface/msg/detail/motor_state__struct.h\n'}
[4.480619] (booster_interface) StdoutLine: {'line': b'-- Up-to-date symlink: /home/booster/Workspace/Booster_T1_3v3_Demo/install/booster_interface/include/booster_interface/booster_interface/msg/detail/motor_state__type_support.h\n'}
[4.481557] (booster_interface) StdoutLine: {'line': b'-- Up-to-date symlink: /home/booster/Workspace/Booster_T1_3v3_Demo/install/booster_interface/include/booster_interface/booster_interface/msg/detail/odometer__functions.h\n'}
[4.481807] (booster_interface) StdoutLine: {'line': b'-- Up-to-date symlink: /home/booster/Workspace/Booster_T1_3v3_Demo/install/booster_interface/include/booster_interface/booster_interface/msg/detail/odometer__struct.h\n'}
[4.482127] (booster_interface) StdoutLine: {'line': b'-- Up-to-date symlink: /home/booster/Workspace/Booster_T1_3v3_Demo/install/booster_interface/include/booster_interface/booster_interface/msg/detail/odometer__type_support.h\n'}
[4.482268] (booster_interface) StdoutLine: {'line': b'-- Up-to-date symlink: /home/booster/Workspace/Booster_T1_3v3_Demo/install/booster_interface/include/booster_interface/booster_interface/msg/detail/raw_bytes_msg__functions.h\n'}
[4.482471] (booster_interface) StdoutLine: {'line': b'-- Up-to-date symlink: /home/booster/Workspace/Booster_T1_3v3_Demo/install/booster_interface/include/booster_interface/booster_interface/msg/detail/raw_bytes_msg__struct.h\n'}
[4.482599] (booster_interface) StdoutLine: {'line': b'-- Up-to-date symlink: /home/booster/Workspace/Booster_T1_3v3_Demo/install/booster_interface/include/booster_interface/booster_interface/msg/detail/raw_bytes_msg__type_support.h\n'}
[4.484152] (booster_interface) StdoutLine: {'line': b'-- Up-to-date symlink: /home/booster/Workspace/Booster_T1_3v3_Demo/install/booster_interface/include/booster_interface/booster_interface/msg/detail/raw_bytes_stamped__functions.h\n'}
[4.484399] (booster_interface) StdoutLine: {'line': b'-- Up-to-date symlink: /home/booster/Workspace/Booster_T1_3v3_Demo/install/booster_interface/include/booster_interface/booster_interface/msg/detail/raw_bytes_stamped__struct.h\n'}
[4.485110] (booster_interface) StdoutLine: {'line': b'-- Up-to-date symlink: /home/booster/Workspace/Booster_T1_3v3_Demo/install/booster_interface/include/booster_interface/booster_interface/msg/detail/raw_bytes_stamped__type_support.h\n'}
[4.485331] (booster_interface) StdoutLine: {'line': b'-- Up-to-date symlink: /home/booster/Workspace/Booster_T1_3v3_Demo/install/booster_interface/include/booster_interface/booster_interface/msg/detail/remote_controller_state__functions.h\n'}
[4.485506] (booster_interface) StdoutLine: {'line': b'-- Up-to-date symlink: /home/booster/Workspace/Booster_T1_3v3_Demo/install/booster_interface/include/booster_interface/booster_interface/msg/detail/remote_controller_state__struct.h\n'}
[4.486151] (booster_interface) StdoutLine: {'line': b'-- Up-to-date symlink: /home/booster/Workspace/Booster_T1_3v3_Demo/install/booster_interface/include/booster_interface/booster_interface/msg/detail/remote_controller_state__type_support.h\n'}
[4.486393] (booster_interface) StdoutLine: {'line': b'-- Up-to-date symlink: /home/booster/Workspace/Booster_T1_3v3_Demo/install/booster_interface/include/booster_interface/booster_interface/msg/fall_down_state.h\n'}
[4.486571] (booster_interface) StdoutLine: {'line': b'-- Up-to-date symlink: /home/booster/Workspace/Booster_T1_3v3_Demo/install/booster_interface/include/booster_interface/booster_interface/msg/hand_command.h\n'}
[4.486725] (booster_interface) StdoutLine: {'line': b'-- Up-to-date symlink: /home/booster/Workspace/Booster_T1_3v3_Demo/install/booster_interface/include/booster_interface/booster_interface/msg/hand_dds_msg.h\n'}
[4.486897] (booster_interface) StdoutLine: {'line': b'-- Up-to-date symlink: /home/booster/Workspace/Booster_T1_3v3_Demo/install/booster_interface/include/booster_interface/booster_interface/msg/hand_param.h\n'}
[4.488115] (booster_interface) StdoutLine: {'line': b'-- Up-to-date symlink: /home/booster/Workspace/Booster_T1_3v3_Demo/install/booster_interface/include/booster_interface/booster_interface/msg/imu_state.h\n'}
[4.489316] (booster_interface) StdoutLine: {'line': b'-- Up-to-date symlink: /home/booster/Workspace/Booster_T1_3v3_Demo/install/booster_interface/include/booster_interface/booster_interface/msg/low_cmd.h\n'}
[4.489768] (booster_interface) StdoutLine: {'line': b'-- Up-to-date symlink: /home/booster/Workspace/Booster_T1_3v3_Demo/install/booster_interface/include/booster_interface/booster_interface/msg/low_state.h\n'}
[4.489913] (booster_interface) StdoutLine: {'line': b'-- Up-to-date symlink: /home/booster/Workspace/Booster_T1_3v3_Demo/install/booster_interface/include/booster_interface/booster_interface/msg/motor_cmd.h\n'}
[4.490329] (booster_interface) StdoutLine: {'line': b'-- Up-to-date symlink: /home/booster/Workspace/Booster_T1_3v3_Demo/install/booster_interface/include/booster_interface/booster_interface/msg/motor_state.h\n'}
[4.490484] (booster_interface) StdoutLine: {'line': b'-- Up-to-date symlink: /home/booster/Workspace/Booster_T1_3v3_Demo/install/booster_interface/include/booster_interface/booster_interface/msg/odometer.h\n'}
[4.491012] (booster_interface) StdoutLine: {'line': b'-- Up-to-date symlink: /home/booster/Workspace/Booster_T1_3v3_Demo/install/booster_interface/include/booster_interface/booster_interface/msg/raw_bytes_msg.h\n'}
[4.491284] (booster_interface) StdoutLine: {'line': b'-- Up-to-date symlink: /home/booster/Workspace/Booster_T1_3v3_Demo/install/booster_interface/include/booster_interface/booster_interface/msg/raw_bytes_stamped.h\n'}
[4.491499] (booster_interface) StdoutLine: {'line': b'-- Up-to-date symlink: /home/booster/Workspace/Booster_T1_3v3_Demo/install/booster_interface/include/booster_interface/booster_interface/msg/remote_controller_state.h\n'}
[4.491682] (booster_interface) StdoutLine: {'line': b'-- Up-to-date symlink: /home/booster/Workspace/Booster_T1_3v3_Demo/install/booster_interface/include/booster_interface/booster_interface/msg/rosidl_generator_c__visibility_control.h\n'}
[4.491845] (booster_interface) StdoutLine: {'line': b'-- Up-to-date symlink: /home/booster/Workspace/Booster_T1_3v3_Demo/install/booster_interface/include/booster_interface/booster_interface/srv/agent_service.h\n'}
[4.492137] (booster_interface) StdoutLine: {'line': b'-- Up-to-date symlink: /home/booster/Workspace/Booster_T1_3v3_Demo/install/booster_interface/include/booster_interface/booster_interface/srv/detail/agent_service__functions.h\n'}
[4.492279] (booster_interface) StdoutLine: {'line': b'-- Up-to-date symlink: /home/booster/Workspace/Booster_T1_3v3_Demo/install/booster_interface/include/booster_interface/booster_interface/srv/detail/agent_service__struct.h\n'}
[4.493539] (booster_interface) StdoutLine: {'line': b'-- Up-to-date symlink: /home/booster/Workspace/Booster_T1_3v3_Demo/install/booster_interface/include/booster_interface/booster_interface/srv/detail/agent_service__type_support.h\n'}
[4.493774] (booster_interface) StdoutLine: {'line': b'-- Up-to-date symlink: /home/booster/Workspace/Booster_T1_3v3_Demo/install/booster_interface/include/booster_interface/booster_interface/srv/detail/rpc_service__functions.h\n'}
[4.494032] (booster_interface) StdoutLine: {'line': b'-- Up-to-date symlink: /home/booster/Workspace/Booster_T1_3v3_Demo/install/booster_interface/include/booster_interface/booster_interface/srv/detail/rpc_service__struct.h\n'}
[4.494213] (booster_interface) StdoutLine: {'line': b'-- Up-to-date symlink: /home/booster/Workspace/Booster_T1_3v3_Demo/install/booster_interface/include/booster_interface/booster_interface/srv/detail/rpc_service__type_support.h\n'}
[4.494369] (booster_interface) StdoutLine: {'line': b'-- Up-to-date symlink: /home/booster/Workspace/Booster_T1_3v3_Demo/install/booster_interface/include/booster_interface/booster_interface/srv/rpc_service.h\n'}
[4.496974] (booster_interface) StdoutLine: {'line': b'-- Up-to-date symlink: /home/booster/Workspace/Booster_T1_3v3_Demo/install/booster_interface/share/booster_interface/environment/library_path.sh\n'}
[4.497455] (booster_interface) StdoutLine: {'line': b'-- Up-to-date symlink: /home/booster/Workspace/Booster_T1_3v3_Demo/install/booster_interface/share/booster_interface/environment/library_path.dsv\n'}
[4.500555] (booster_interface) StdoutLine: {'line': b'-- Up-to-date symlink: /home/booster/Workspace/Booster_T1_3v3_Demo/install/booster_interface/include/booster_interface/booster_interface/msg/detail/booster_api_req_msg__rosidl_typesupport_fastrtps_c.h\n'}
[4.500960] (booster_interface) StdoutLine: {'line': b'-- Up-to-date symlink: /home/booster/Workspace/Booster_T1_3v3_Demo/install/booster_interface/include/booster_interface/booster_interface/msg/detail/booster_api_resp_msg__rosidl_typesupport_fastrtps_c.h\n'}
[4.501156] (booster_interface) StdoutLine: {'line': b'-- Up-to-date symlink: /home/booster/Workspace/Booster_T1_3v3_Demo/install/booster_interface/include/booster_interface/booster_interface/msg/detail/button_event_msg__rosidl_typesupport_fastrtps_c.h\n'}
[4.501829] (booster_interface) StdoutLine: {'line': b'-- Up-to-date symlink: /home/booster/Workspace/Booster_T1_3v3_Demo/install/booster_interface/include/booster_interface/booster_interface/msg/detail/fall_down_state__rosidl_typesupport_fastrtps_c.h\n'}
[4.502216] (booster_interface) StdoutLine: {'line': b'-- Up-to-date symlink: /home/booster/Workspace/Booster_T1_3v3_Demo/install/booster_interface/include/booster_interface/booster_interface/msg/detail/hand_command__rosidl_typesupport_fastrtps_c.h\n'}
[4.503376] (booster_interface) StdoutLine: {'line': b'-- Up-to-date symlink: /home/booster/Workspace/Booster_T1_3v3_Demo/install/booster_interface/include/booster_interface/booster_interface/msg/detail/hand_dds_msg__rosidl_typesupport_fastrtps_c.h\n'}
[4.503626] (booster_interface) StdoutLine: {'line': b'-- Up-to-date symlink: /home/booster/Workspace/Booster_T1_3v3_Demo/install/booster_interface/include/booster_interface/booster_interface/msg/detail/hand_param__rosidl_typesupport_fastrtps_c.h\n'}
[4.503805] (booster_interface) StdoutLine: {'line': b'-- Up-to-date symlink: /home/booster/Workspace/Booster_T1_3v3_Demo/install/booster_interface/include/booster_interface/booster_interface/msg/detail/imu_state__rosidl_typesupport_fastrtps_c.h\n'}
[4.504462] (booster_interface) StdoutLine: {'line': b'-- Up-to-date symlink: /home/booster/Workspace/Booster_T1_3v3_Demo/install/booster_interface/include/booster_interface/booster_interface/msg/detail/low_cmd__rosidl_typesupport_fastrtps_c.h\n'}
[4.504706] (booster_interface) StdoutLine: {'line': b'-- Up-to-date symlink: /home/booster/Workspace/Booster_T1_3v3_Demo/install/booster_interface/include/booster_interface/booster_interface/msg/detail/low_state__rosidl_typesupport_fastrtps_c.h\n'}
[4.504872] (booster_interface) StdoutLine: {'line': b'-- Up-to-date symlink: /home/booster/Workspace/Booster_T1_3v3_Demo/install/booster_interface/include/booster_interface/booster_interface/msg/detail/motor_cmd__rosidl_typesupport_fastrtps_c.h\n'}
[4.505065] (booster_interface) StdoutLine: {'line': b'-- Up-to-date symlink: /home/booster/Workspace/Booster_T1_3v3_Demo/install/booster_interface/include/booster_interface/booster_interface/msg/detail/motor_state__rosidl_typesupport_fastrtps_c.h\n'}
[4.505343] (booster_interface) StdoutLine: {'line': b'-- Up-to-date symlink: /home/booster/Workspace/Booster_T1_3v3_Demo/install/booster_interface/include/booster_interface/booster_interface/msg/detail/odometer__rosidl_typesupport_fastrtps_c.h\n'}
[4.506584] (booster_interface) StdoutLine: {'line': b'-- Up-to-date symlink: /home/booster/Workspace/Booster_T1_3v3_Demo/install/booster_interface/include/booster_interface/booster_interface/msg/detail/raw_bytes_msg__rosidl_typesupport_fastrtps_c.h\n'}
[4.506853] (booster_interface) StdoutLine: {'line': b'-- Up-to-date symlink: /home/booster/Workspace/Booster_T1_3v3_Demo/install/booster_interface/include/booster_interface/booster_interface/msg/detail/raw_bytes_stamped__rosidl_typesupport_fastrtps_c.h\n'}
[4.507038] (booster_interface) StdoutLine: {'line': b'-- Up-to-date symlink: /home/booster/Workspace/Booster_T1_3v3_Demo/install/booster_interface/include/booster_interface/booster_interface/msg/detail/remote_controller_state__rosidl_typesupport_fastrtps_c.h\n'}
[4.507285] (booster_interface) StdoutLine: {'line': b'-- Up-to-date symlink: /home/booster/Workspace/Booster_T1_3v3_Demo/install/booster_interface/include/booster_interface/booster_interface/msg/rosidl_typesupport_fastrtps_c__visibility_control.h\n'}
[4.507445] (booster_interface) StdoutLine: {'line': b'-- Up-to-date symlink: /home/booster/Workspace/Booster_T1_3v3_Demo/install/booster_interface/include/booster_interface/booster_interface/srv/detail/agent_service__rosidl_typesupport_fastrtps_c.h\n'}
[4.508790] (booster_interface) StdoutLine: {'line': b'-- Up-to-date symlink: /home/booster/Workspace/Booster_T1_3v3_Demo/install/booster_interface/include/booster_interface/booster_interface/srv/detail/rpc_service__rosidl_typesupport_fastrtps_c.h\n'}
[4.511934] (booster_interface) StdoutLine: {'line': b'-- Up-to-date symlink: /home/booster/Workspace/Booster_T1_3v3_Demo/install/booster_interface/include/booster_interface/booster_interface/msg/booster_api_req_msg.hpp\n'}
[4.513262] (booster_interface) StdoutLine: {'line': b'-- Up-to-date symlink: /home/booster/Workspace/Booster_T1_3v3_Demo/install/booster_interface/include/booster_interface/booster_interface/msg/booster_api_resp_msg.hpp\n'}
[4.513682] (booster_interface) StdoutLine: {'line': b'-- Up-to-date symlink: /home/booster/Workspace/Booster_T1_3v3_Demo/install/booster_interface/include/booster_interface/booster_interface/msg/button_event_msg.hpp\n'}
[4.513839] (booster_interface) StdoutLine: {'line': b'-- Up-to-date symlink: /home/booster/Workspace/Booster_T1_3v3_Demo/install/booster_interface/include/booster_interface/booster_interface/msg/detail/booster_api_req_msg__builder.hpp\n'}
[4.514201] (booster_interface) StdoutLine: {'line': b'-- Up-to-date symlink: /home/booster/Workspace/Booster_T1_3v3_Demo/install/booster_interface/include/booster_interface/booster_interface/msg/detail/booster_api_req_msg__struct.hpp\n'}
[4.514368] (booster_interface) StdoutLine: {'line': b'-- Up-to-date symlink: /home/booster/Workspace/Booster_T1_3v3_Demo/install/booster_interface/include/booster_interface/booster_interface/msg/detail/booster_api_req_msg__traits.hpp\n'}
[4.515320] (booster_interface) StdoutLine: {'line': b'-- Up-to-date symlink: /home/booster/Workspace/Booster_T1_3v3_Demo/install/booster_interface/include/booster_interface/booster_interface/msg/detail/booster_api_req_msg__type_support.hpp\n'}
[4.515533] (booster_interface) StdoutLine: {'line': b'-- Up-to-date symlink: /home/booster/Workspace/Booster_T1_3v3_Demo/install/booster_interface/include/booster_interface/booster_interface/msg/detail/booster_api_resp_msg__builder.hpp\n'}
[4.515737] (booster_interface) StdoutLine: {'line': b'-- Up-to-date symlink: /home/booster/Workspace/Booster_T1_3v3_Demo/install/booster_interface/include/booster_interface/booster_interface/msg/detail/booster_api_resp_msg__struct.hpp\n'}
[4.515895] (booster_interface) StdoutLine: {'line': b'-- Up-to-date symlink: /home/booster/Workspace/Booster_T1_3v3_Demo/install/booster_interface/include/booster_interface/booster_interface/msg/detail/booster_api_resp_msg__traits.hpp\n'}
[4.516047] (booster_interface) StdoutLine: {'line': b'-- Up-to-date symlink: /home/booster/Workspace/Booster_T1_3v3_Demo/install/booster_interface/include/booster_interface/booster_interface/msg/detail/booster_api_resp_msg__type_support.hpp\n'}
[4.517666] (booster_interface) StdoutLine: {'line': b'-- Up-to-date symlink: /home/booster/Workspace/Booster_T1_3v3_Demo/install/booster_interface/include/booster_interface/booster_interface/msg/detail/button_event_msg__builder.hpp\n'}
[4.517994] (booster_interface) StdoutLine: {'line': b'-- Up-to-date symlink: /home/booster/Workspace/Booster_T1_3v3_Demo/install/booster_interface/include/booster_interface/booster_interface/msg/detail/button_event_msg__struct.hpp\n'}
[4.518121] (booster_interface) StdoutLine: {'line': b'-- Up-to-date symlink: /home/booster/Workspace/Booster_T1_3v3_Demo/install/booster_interface/include/booster_interface/booster_interface/msg/detail/button_event_msg__traits.hpp\n'}
[4.518419] (booster_interface) StdoutLine: {'line': b'-- Up-to-date symlink: /home/booster/Workspace/Booster_T1_3v3_Demo/install/booster_interface/include/booster_interface/booster_interface/msg/detail/button_event_msg__type_support.hpp\n'}
[4.519712] (booster_interface) StdoutLine: {'line': b'-- Up-to-date symlink: /home/booster/Workspace/Booster_T1_3v3_Demo/install/booster_interface/include/booster_interface/booster_interface/msg/detail/fall_down_state__builder.hpp\n'}
[4.520006] (booster_interface) StdoutLine: {'line': b'-- Up-to-date symlink: /home/booster/Workspace/Booster_T1_3v3_Demo/install/booster_interface/include/booster_interface/booster_interface/msg/detail/fall_down_state__struct.hpp\n'}
[4.520310] (booster_interface) StdoutLine: {'line': b'-- Up-to-date symlink: /home/booster/Workspace/Booster_T1_3v3_Demo/install/booster_interface/include/booster_interface/booster_interface/msg/detail/fall_down_state__traits.hpp\n'}
[4.520499] (booster_interface) StdoutLine: {'line': b'-- Up-to-date symlink: /home/booster/Workspace/Booster_T1_3v3_Demo/install/booster_interface/include/booster_interface/booster_interface/msg/detail/fall_down_state__type_support.hpp\n'}
[4.521267] (booster_interface) StdoutLine: {'line': b'-- Up-to-date symlink: /home/booster/Workspace/Booster_T1_3v3_Demo/install/booster_interface/include/booster_interface/booster_interface/msg/detail/hand_command__builder.hpp\n'}
[4.521572] (booster_interface) StdoutLine: {'line': b'-- Up-to-date symlink: /home/booster/Workspace/Booster_T1_3v3_Demo/install/booster_interface/include/booster_interface/booster_interface/msg/detail/hand_command__struct.hpp\n'}
[4.524116] (booster_interface) StdoutLine: {'line': b'-- Up-to-date symlink: /home/booster/Workspace/Booster_T1_3v3_Demo/install/booster_interface/include/booster_interface/booster_interface/msg/detail/hand_command__traits.hpp\n'}
[4.524701] (booster_interface) StdoutLine: {'line': b'-- Up-to-date symlink: /home/booster/Workspace/Booster_T1_3v3_Demo/install/booster_interface/include/booster_interface/booster_interface/msg/detail/hand_command__type_support.hpp\n'}
[4.524995] (booster_interface) StdoutLine: {'line': b'-- Up-to-date symlink: /home/booster/Workspace/Booster_T1_3v3_Demo/install/booster_interface/include/booster_interface/booster_interface/msg/detail/hand_dds_msg__builder.hpp\n'}
[4.525154] (booster_interface) StdoutLine: {'line': b'-- Up-to-date symlink: /home/booster/Workspace/Booster_T1_3v3_Demo/install/booster_interface/include/booster_interface/booster_interface/msg/detail/hand_dds_msg__struct.hpp\n'}
[4.526002] (booster_interface) StdoutLine: {'line': b'-- Up-to-date symlink: /home/booster/Workspace/Booster_T1_3v3_Demo/install/booster_interface/include/booster_interface/booster_interface/msg/detail/hand_dds_msg__traits.hpp\n'}
[4.526417] (booster_interface) StdoutLine: {'line': b'-- Up-to-date symlink: /home/booster/Workspace/Booster_T1_3v3_Demo/install/booster_interface/include/booster_interface/booster_interface/msg/detail/hand_dds_msg__type_support.hpp\n'}
[4.526576] (booster_interface) StdoutLine: {'line': b'-- Up-to-date symlink: /home/booster/Workspace/Booster_T1_3v3_Demo/install/booster_interface/include/booster_interface/booster_interface/msg/detail/hand_param__builder.hpp\n'}
[4.526796] (booster_interface) StdoutLine: {'line': b'-- Up-to-date symlink: /home/booster/Workspace/Booster_T1_3v3_Demo/install/booster_interface/include/booster_interface/booster_interface/msg/detail/hand_param__struct.hpp\n'}
[4.526927] (booster_interface) StdoutLine: {'line': b'-- Up-to-date symlink: /home/booster/Workspace/Booster_T1_3v3_Demo/install/booster_interface/include/booster_interface/booster_interface/msg/detail/hand_param__traits.hpp\n'}
[4.528399] (booster_interface) StdoutLine: {'line': b'-- Up-to-date symlink: /home/booster/Workspace/Booster_T1_3v3_Demo/install/booster_interface/include/booster_interface/booster_interface/msg/detail/hand_param__type_support.hpp\n'}
[4.528725] (booster_interface) StdoutLine: {'line': b'-- Up-to-date symlink: /home/booster/Workspace/Booster_T1_3v3_Demo/install/booster_interface/include/booster_interface/booster_interface/msg/detail/imu_state__builder.hpp\n'}
[4.528883] (booster_interface) StdoutLine: {'line': b'-- Up-to-date symlink: /home/booster/Workspace/Booster_T1_3v3_Demo/install/booster_interface/include/booster_interface/booster_interface/msg/detail/imu_state__struct.hpp\n'}
[4.529069] (booster_interface) StdoutLine: {'line': b'-- Up-to-date symlink: /home/booster/Workspace/Booster_T1_3v3_Demo/install/booster_interface/include/booster_interface/booster_interface/msg/detail/imu_state__traits.hpp\n'}
[4.529255] (booster_interface) StdoutLine: {'line': b'-- Up-to-date symlink: /home/booster/Workspace/Booster_T1_3v3_Demo/install/booster_interface/include/booster_interface/booster_interface/msg/detail/imu_state__type_support.hpp\n'}
[4.530552] (booster_interface) StdoutLine: {'line': b'-- Up-to-date symlink: /home/booster/Workspace/Booster_T1_3v3_Demo/install/booster_interface/include/booster_interface/booster_interface/msg/detail/low_cmd__builder.hpp\n'}
[4.530937] (booster_interface) StdoutLine: {'line': b'-- Up-to-date symlink: /home/booster/Workspace/Booster_T1_3v3_Demo/install/booster_interface/include/booster_interface/booster_interface/msg/detail/low_cmd__struct.hpp\n'}
[4.531120] (booster_interface) StdoutLine: {'line': b'-- Up-to-date symlink: /home/booster/Workspace/Booster_T1_3v3_Demo/install/booster_interface/include/booster_interface/booster_interface/msg/detail/low_cmd__traits.hpp\n'}
[4.531457] (booster_interface) StdoutLine: {'line': b'-- Up-to-date symlink: /home/booster/Workspace/Booster_T1_3v3_Demo/install/booster_interface/include/booster_interface/booster_interface/msg/detail/low_cmd__type_support.hpp\n'}
[4.532633] (booster_interface) StdoutLine: {'line': b'-- Up-to-date symlink: /home/booster/Workspace/Booster_T1_3v3_Demo/install/booster_interface/include/booster_interface/booster_interface/msg/detail/low_state__builder.hpp\n'}
[4.533036] (booster_interface) StdoutLine: {'line': b'-- Up-to-date symlink: /home/booster/Workspace/Booster_T1_3v3_Demo/install/booster_interface/include/booster_interface/booster_interface/msg/detail/low_state__struct.hpp\n'}
[4.533312] (booster_interface) StdoutLine: {'line': b'-- Up-to-date symlink: /home/booster/Workspace/Booster_T1_3v3_Demo/install/booster_interface/include/booster_interface/booster_interface/msg/detail/low_state__traits.hpp\n'}
[4.533483] (booster_interface) StdoutLine: {'line': b'-- Up-to-date symlink: /home/booster/Workspace/Booster_T1_3v3_Demo/install/booster_interface/include/booster_interface/booster_interface/msg/detail/low_state__type_support.hpp\n'}
[4.534735] (booster_interface) StdoutLine: {'line': b'-- Up-to-date symlink: /home/booster/Workspace/Booster_T1_3v3_Demo/install/booster_interface/include/booster_interface/booster_interface/msg/detail/motor_cmd__builder.hpp\n'}
[4.535043] (booster_interface) StdoutLine: {'line': b'-- Up-to-date symlink: /home/booster/Workspace/Booster_T1_3v3_Demo/install/booster_interface/include/booster_interface/booster_interface/msg/detail/motor_cmd__struct.hpp\n'}
[4.535324] (booster_interface) StdoutLine: {'line': b'-- Up-to-date symlink: /home/booster/Workspace/Booster_T1_3v3_Demo/install/booster_interface/include/booster_interface/booster_interface/msg/detail/motor_cmd__traits.hpp\n'}
[4.535492] (booster_interface) StdoutLine: {'line': b'-- Up-to-date symlink: /home/booster/Workspace/Booster_T1_3v3_Demo/install/booster_interface/include/booster_interface/booster_interface/msg/detail/motor_cmd__type_support.hpp\n'}
[4.535684] (booster_interface) StdoutLine: {'line': b'-- Up-to-date symlink: /home/booster/Workspace/Booster_T1_3v3_Demo/install/booster_interface/include/booster_interface/booster_interface/msg/detail/motor_state__builder.hpp\n'}
[4.536226] (booster_interface) StdoutLine: {'line': b'-- Up-to-date symlink: /home/booster/Workspace/Booster_T1_3v3_Demo/install/booster_interface/include/booster_interface/booster_interface/msg/detail/motor_state__struct.hpp\n'}
[4.536588] (booster_interface) StdoutLine: {'line': b'-- Up-to-date symlink: /home/booster/Workspace/Booster_T1_3v3_Demo/install/booster_interface/include/booster_interface/booster_interface/msg/detail/motor_state__traits.hpp\n'}
[4.536770] (booster_interface) StdoutLine: {'line': b'-- Up-to-date symlink: /home/booster/Workspace/Booster_T1_3v3_Demo/install/booster_interface/include/booster_interface/booster_interface/msg/detail/motor_state__type_support.hpp\n'}
[4.538068] (booster_interface) StdoutLine: {'line': b'-- Up-to-date symlink: /home/booster/Workspace/Booster_T1_3v3_Demo/install/booster_interface/include/booster_interface/booster_interface/msg/detail/odometer__builder.hpp\n'}
[4.538553] (booster_interface) StdoutLine: {'line': b'-- Up-to-date symlink: /home/booster/Workspace/Booster_T1_3v3_Demo/install/booster_interface/include/booster_interface/booster_interface/msg/detail/odometer__struct.hpp\n'}
[4.538771] (booster_interface) StdoutLine: {'line': b'-- Up-to-date symlink: /home/booster/Workspace/Booster_T1_3v3_Demo/install/booster_interface/include/booster_interface/booster_interface/msg/detail/odometer__traits.hpp\n'}
[4.538963] (booster_interface) StdoutLine: {'line': b'-- Up-to-date symlink: /home/booster/Workspace/Booster_T1_3v3_Demo/install/booster_interface/include/booster_interface/booster_interface/msg/detail/odometer__type_support.hpp\n'}
[4.540318] (booster_interface) StdoutLine: {'line': b'-- Up-to-date symlink: /home/booster/Workspace/Booster_T1_3v3_Demo/install/booster_interface/include/booster_interface/booster_interface/msg/detail/raw_bytes_msg__builder.hpp\n'}
[4.540567] (booster_interface) StdoutLine: {'line': b'-- Up-to-date symlink: /home/booster/Workspace/Booster_T1_3v3_Demo/install/booster_interface/include/booster_interface/booster_interface/msg/detail/raw_bytes_msg__struct.hpp\n'}
[4.540748] (booster_interface) StdoutLine: {'line': b'-- Up-to-date symlink: /home/booster/Workspace/Booster_T1_3v3_Demo/install/booster_interface/include/booster_interface/booster_interface/msg/detail/raw_bytes_msg__traits.hpp\n'}
[4.540912] (booster_interface) StdoutLine: {'line': b'-- Up-to-date symlink: /home/booster/Workspace/Booster_T1_3v3_Demo/install/booster_interface/include/booster_interface/booster_interface/msg/detail/raw_bytes_msg__type_support.hpp\n'}
[4.541277] (booster_interface) StdoutLine: {'line': b'-- Up-to-date symlink: /home/booster/Workspace/Booster_T1_3v3_Demo/install/booster_interface/include/booster_interface/booster_interface/msg/detail/raw_bytes_stamped__builder.hpp\n'}
[4.541596] (booster_interface) StdoutLine: {'line': b'-- Up-to-date symlink: /home/booster/Workspace/Booster_T1_3v3_Demo/install/booster_interface/include/booster_interface/booster_interface/msg/detail/raw_bytes_stamped__struct.hpp\n'}
[4.541738] (booster_interface) StdoutLine: {'line': b'-- Up-to-date symlink: /home/booster/Workspace/Booster_T1_3v3_Demo/install/booster_interface/include/booster_interface/booster_interface/msg/detail/raw_bytes_stamped__traits.hpp\n'}
[4.541960] (booster_interface) StdoutLine: {'line': b'-- Up-to-date symlink: /home/booster/Workspace/Booster_T1_3v3_Demo/install/booster_interface/include/booster_interface/booster_interface/msg/detail/raw_bytes_stamped__type_support.hpp\n'}
[4.542088] (booster_interface) StdoutLine: {'line': b'-- Up-to-date symlink: /home/booster/Workspace/Booster_T1_3v3_Demo/install/booster_interface/include/booster_interface/booster_interface/msg/detail/remote_controller_state__builder.hpp\n'}
[4.542368] (booster_interface) StdoutLine: {'line': b'-- Up-to-date symlink: /home/booster/Workspace/Booster_T1_3v3_Demo/install/booster_interface/include/booster_interface/booster_interface/msg/detail/remote_controller_state__struct.hpp\n'}
[4.543552] (booster_interface) StdoutLine: {'line': b'-- Up-to-date symlink: /home/booster/Workspace/Booster_T1_3v3_Demo/install/booster_interface/include/booster_interface/booster_interface/msg/detail/remote_controller_state__traits.hpp\n'}
[4.543926] (booster_interface) StdoutLine: {'line': b'-- Up-to-date symlink: /home/booster/Workspace/Booster_T1_3v3_Demo/install/booster_interface/include/booster_interface/booster_interface/msg/detail/remote_controller_state__type_support.hpp\n'}
[4.544068] (booster_interface) StdoutLine: {'line': b'-- Up-to-date symlink: /home/booster/Workspace/Booster_T1_3v3_Demo/install/booster_interface/include/booster_interface/booster_interface/msg/fall_down_state.hpp\n'}
[4.544369] (booster_interface) StdoutLine: {'line': b'-- Up-to-date symlink: /home/booster/Workspace/Booster_T1_3v3_Demo/install/booster_interface/include/booster_interface/booster_interface/msg/hand_command.hpp\n'}
[4.545775] (booster_interface) StdoutLine: {'line': b'-- Up-to-date symlink: /home/booster/Workspace/Booster_T1_3v3_Demo/install/booster_interface/include/booster_interface/booster_interface/msg/hand_dds_msg.hpp\n'}
[4.546121] (booster_interface) StdoutLine: {'line': b'-- Up-to-date symlink: /home/booster/Workspace/Booster_T1_3v3_Demo/install/booster_interface/include/booster_interface/booster_interface/msg/hand_param.hpp\n'}
[4.546318] (booster_interface) StdoutLine: {'line': b'-- Up-to-date symlink: /home/booster/Workspace/Booster_T1_3v3_Demo/install/booster_interface/include/booster_interface/booster_interface/msg/imu_state.hpp\n'}
[4.546696] (booster_interface) StdoutLine: {'line': b'-- Up-to-date symlink: /home/booster/Workspace/Booster_T1_3v3_Demo/install/booster_interface/include/booster_interface/booster_interface/msg/low_cmd.hpp\n'}
[4.546912] (booster_interface) StdoutLine: {'line': b'-- Up-to-date symlink: /home/booster/Workspace/Booster_T1_3v3_Demo/install/booster_interface/include/booster_interface/booster_interface/msg/low_state.hpp\n'}
[4.547920] (booster_interface) StdoutLine: {'line': b'-- Up-to-date symlink: /home/booster/Workspace/Booster_T1_3v3_Demo/install/booster_interface/include/booster_interface/booster_interface/msg/motor_cmd.hpp\n'}
[4.548170] (booster_interface) StdoutLine: {'line': b'-- Up-to-date symlink: /home/booster/Workspace/Booster_T1_3v3_Demo/install/booster_interface/include/booster_interface/booster_interface/msg/motor_state.hpp\n'}
[4.548499] (booster_interface) StdoutLine: {'line': b'-- Up-to-date symlink: /home/booster/Workspace/Booster_T1_3v3_Demo/install/booster_interface/include/booster_interface/booster_interface/msg/odometer.hpp\n'}
[4.548656] (booster_interface) StdoutLine: {'line': b'-- Up-to-date symlink: /home/booster/Workspace/Booster_T1_3v3_Demo/install/booster_interface/include/booster_interface/booster_interface/msg/raw_bytes_msg.hpp\n'}
[4.548817] (booster_interface) StdoutLine: {'line': b'-- Up-to-date symlink: /home/booster/Workspace/Booster_T1_3v3_Demo/install/booster_interface/include/booster_interface/booster_interface/msg/raw_bytes_stamped.hpp\n'}
[4.553778] (booster_interface) StdoutLine: {'line': b'-- Up-to-date symlink: /home/booster/Workspace/Booster_T1_3v3_Demo/install/booster_interface/include/booster_interface/booster_interface/msg/remote_controller_state.hpp\n'}
[4.554156] (booster_interface) StdoutLine: {'line': b'-- Up-to-date symlink: /home/booster/Workspace/Booster_T1_3v3_Demo/install/booster_interface/include/booster_interface/booster_interface/msg/rosidl_generator_cpp__visibility_control.hpp\n'}
[4.554326] (booster_interface) StdoutLine: {'line': b'-- Up-to-date symlink: /home/booster/Workspace/Booster_T1_3v3_Demo/install/booster_interface/include/booster_interface/booster_interface/srv/agent_service.hpp\n'}
[4.554450] (booster_interface) StdoutLine: {'line': b'-- Up-to-date symlink: /home/booster/Workspace/Booster_T1_3v3_Demo/install/booster_interface/include/booster_interface/booster_interface/srv/detail/agent_service__builder.hpp\n'}
[4.554561] (booster_interface) StdoutLine: {'line': b'-- Up-to-date symlink: /home/booster/Workspace/Booster_T1_3v3_Demo/install/booster_interface/include/booster_interface/booster_interface/srv/detail/agent_service__struct.hpp\n'}
[4.554663] (booster_interface) StdoutLine: {'line': b'-- Up-to-date symlink: /home/booster/Workspace/Booster_T1_3v3_Demo/install/booster_interface/include/booster_interface/booster_interface/srv/detail/agent_service__traits.hpp\n'}
[4.554765] (booster_interface) StdoutLine: {'line': b'-- Up-to-date symlink: /home/booster/Workspace/Booster_T1_3v3_Demo/install/booster_interface/include/booster_interface/booster_interface/srv/detail/agent_service__type_support.hpp\n'}
[4.554901] (booster_interface) StdoutLine: {'line': b'-- Up-to-date symlink: /home/booster/Workspace/Booster_T1_3v3_Demo/install/booster_interface/include/booster_interface/booster_interface/srv/detail/rpc_service__builder.hpp\n'}
[4.554997] (booster_interface) StdoutLine: {'line': b'-- Up-to-date symlink: /home/booster/Workspace/Booster_T1_3v3_Demo/install/booster_interface/include/booster_interface/booster_interface/srv/detail/rpc_service__struct.hpp\n'}
[4.555422] (booster_interface) StdoutLine: {'line': b'-- Up-to-date symlink: /home/booster/Workspace/Booster_T1_3v3_Demo/install/booster_interface/include/booster_interface/booster_interface/srv/detail/rpc_service__traits.hpp\n'}
[4.555588] (booster_interface) StdoutLine: {'line': b'-- Up-to-date symlink: /home/booster/Workspace/Booster_T1_3v3_Demo/install/booster_interface/include/booster_interface/booster_interface/srv/detail/rpc_service__type_support.hpp\n'}
[4.555723] (booster_interface) StdoutLine: {'line': b'-- Up-to-date symlink: /home/booster/Workspace/Booster_T1_3v3_Demo/install/booster_interface/include/booster_interface/booster_interface/srv/rpc_service.hpp\n'}
[4.559041] (booster_interface) StdoutLine: {'line': b'-- Up-to-date symlink: /home/booster/Workspace/Booster_T1_3v3_Demo/install/booster_interface/include/booster_interface/booster_interface/msg/detail/booster_api_req_msg__rosidl_typesupport_fastrtps_cpp.hpp\n'}
[4.559530] (booster_interface) StdoutLine: {'line': b'-- Up-to-date symlink: /home/booster/Workspace/Booster_T1_3v3_Demo/install/booster_interface/include/booster_interface/booster_interface/msg/detail/booster_api_resp_msg__rosidl_typesupport_fastrtps_cpp.hpp\n'}
[4.559710] (booster_interface) StdoutLine: {'line': b'-- Up-to-date symlink: /home/booster/Workspace/Booster_T1_3v3_Demo/install/booster_interface/include/booster_interface/booster_interface/msg/detail/button_event_msg__rosidl_typesupport_fastrtps_cpp.hpp\n'}
[4.559958] (booster_interface) StdoutLine: {'line': b'-- Up-to-date symlink: /home/booster/Workspace/Booster_T1_3v3_Demo/install/booster_interface/include/booster_interface/booster_interface/msg/detail/fall_down_state__rosidl_typesupport_fastrtps_cpp.hpp\n'}
[4.560924] (booster_interface) StdoutLine: {'line': b'-- Up-to-date symlink: /home/booster/Workspace/Booster_T1_3v3_Demo/install/booster_interface/include/booster_interface/booster_interface/msg/detail/hand_command__rosidl_typesupport_fastrtps_cpp.hpp\n'}
[4.561247] (booster_interface) StdoutLine: {'line': b'-- Up-to-date symlink: /home/booster/Workspace/Booster_T1_3v3_Demo/install/booster_interface/include/booster_interface/booster_interface/msg/detail/hand_dds_msg__rosidl_typesupport_fastrtps_cpp.hpp\n'}
[4.562013] (booster_interface) StdoutLine: {'line': b'-- Up-to-date symlink: /home/booster/Workspace/Booster_T1_3v3_Demo/install/booster_interface/include/booster_interface/booster_interface/msg/detail/hand_param__rosidl_typesupport_fastrtps_cpp.hpp\n'}
[4.562411] (booster_interface) StdoutLine: {'line': b'-- Up-to-date symlink: /home/booster/Workspace/Booster_T1_3v3_Demo/install/booster_interface/include/booster_interface/booster_interface/msg/detail/imu_state__rosidl_typesupport_fastrtps_cpp.hpp\n'}
[4.562573] (booster_interface) StdoutLine: {'line': b'-- Up-to-date symlink: /home/booster/Workspace/Booster_T1_3v3_Demo/install/booster_interface/include/booster_interface/booster_interface/msg/detail/low_cmd__rosidl_typesupport_fastrtps_cpp.hpp\n'}
[4.562749] (booster_interface) StdoutLine: {'line': b'-- Up-to-date symlink: /home/booster/Workspace/Booster_T1_3v3_Demo/install/booster_interface/include/booster_interface/booster_interface/msg/detail/low_state__rosidl_typesupport_fastrtps_cpp.hpp\n'}
[4.562890] (booster_interface) StdoutLine: {'line': b'-- Up-to-date symlink: /home/booster/Workspace/Booster_T1_3v3_Demo/install/booster_interface/include/booster_interface/booster_interface/msg/detail/motor_cmd__rosidl_typesupport_fastrtps_cpp.hpp\n'}
[4.564107] (booster_interface) StdoutLine: {'line': b'-- Up-to-date symlink: /home/booster/Workspace/Booster_T1_3v3_Demo/install/booster_interface/include/booster_interface/booster_interface/msg/detail/motor_state__rosidl_typesupport_fastrtps_cpp.hpp\n'}
[4.564481] (booster_interface) StdoutLine: {'line': b'-- Up-to-date symlink: /home/booster/Workspace/Booster_T1_3v3_Demo/install/booster_interface/include/booster_interface/booster_interface/msg/detail/odometer__rosidl_typesupport_fastrtps_cpp.hpp\n'}
[4.564718] (booster_interface) StdoutLine: {'line': b'-- Up-to-date symlink: /home/booster/Workspace/Booster_T1_3v3_Demo/install/booster_interface/include/booster_interface/booster_interface/msg/detail/raw_bytes_msg__rosidl_typesupport_fastrtps_cpp.hpp\n'}
[4.564866] (booster_interface) StdoutLine: {'line': b'-- Up-to-date symlink: /home/booster/Workspace/Booster_T1_3v3_Demo/install/booster_interface/include/booster_interface/booster_interface/msg/detail/raw_bytes_stamped__rosidl_typesupport_fastrtps_cpp.hpp\n'}
[4.565054] (booster_interface) StdoutLine: {'line': b'-- Up-to-date symlink: /home/booster/Workspace/Booster_T1_3v3_Demo/install/booster_interface/include/booster_interface/booster_interface/msg/detail/remote_controller_state__rosidl_typesupport_fastrtps_cpp.hpp\n'}
[4.565271] (booster_interface) StdoutLine: {'line': b'-- Up-to-date symlink: /home/booster/Workspace/Booster_T1_3v3_Demo/install/booster_interface/include/booster_interface/booster_interface/msg/rosidl_typesupport_fastrtps_cpp__visibility_control.h\n'}
[4.566630] (booster_interface) StdoutLine: {'line': b'-- Up-to-date symlink: /home/booster/Workspace/Booster_T1_3v3_Demo/install/booster_interface/include/booster_interface/booster_interface/srv/detail/agent_service__rosidl_typesupport_fastrtps_cpp.hpp\n'}
[4.567009] (booster_interface) StdoutLine: {'line': b'-- Up-to-date symlink: /home/booster/Workspace/Booster_T1_3v3_Demo/install/booster_interface/include/booster_interface/booster_interface/srv/detail/rpc_service__rosidl_typesupport_fastrtps_cpp.hpp\n'}
[4.569132] (booster_interface) StdoutLine: {'line': b'-- Up-to-date symlink: /home/booster/Workspace/Booster_T1_3v3_Demo/install/booster_interface/include/booster_interface/booster_interface/msg/detail/booster_api_req_msg__rosidl_typesupport_introspection_c.h\n'}
[4.569549] (booster_interface) StdoutLine: {'line': b'-- Up-to-date symlink: /home/booster/Workspace/Booster_T1_3v3_Demo/install/booster_interface/include/booster_interface/booster_interface/msg/detail/booster_api_resp_msg__rosidl_typesupport_introspection_c.h\n'}
[4.570743] (booster_interface) StdoutLine: {'line': b'-- Up-to-date symlink: /home/booster/Workspace/Booster_T1_3v3_Demo/install/booster_interface/include/booster_interface/booster_interface/msg/detail/button_event_msg__rosidl_typesupport_introspection_c.h\n'}
[4.570979] (booster_interface) StdoutLine: {'line': b'-- Up-to-date symlink: /home/booster/Workspace/Booster_T1_3v3_Demo/install/booster_interface/include/booster_interface/booster_interface/msg/detail/fall_down_state__rosidl_typesupport_introspection_c.h\n'}
[4.571192] (booster_interface) StdoutLine: {'line': b'-- Up-to-date symlink: /home/booster/Workspace/Booster_T1_3v3_Demo/install/booster_interface/include/booster_interface/booster_interface/msg/detail/hand_command__rosidl_typesupport_introspection_c.h\n'}
[4.571444] (booster_interface) StdoutLine: {'line': b'-- Up-to-date symlink: /home/booster/Workspace/Booster_T1_3v3_Demo/install/booster_interface/include/booster_interface/booster_interface/msg/detail/hand_dds_msg__rosidl_typesupport_introspection_c.h\n'}
[4.573211] (booster_interface) StdoutLine: {'line': b'-- Up-to-date symlink: /home/booster/Workspace/Booster_T1_3v3_Demo/install/booster_interface/include/booster_interface/booster_interface/msg/detail/hand_param__rosidl_typesupport_introspection_c.h\n'}
[4.573620] (booster_interface) StdoutLine: {'line': b'-- Up-to-date symlink: /home/booster/Workspace/Booster_T1_3v3_Demo/install/booster_interface/include/booster_interface/booster_interface/msg/detail/imu_state__rosidl_typesupport_introspection_c.h\n'}
[4.573939] (booster_interface) StdoutLine: {'line': b'-- Up-to-date symlink: /home/booster/Workspace/Booster_T1_3v3_Demo/install/booster_interface/include/booster_interface/booster_interface/msg/detail/low_cmd__rosidl_typesupport_introspection_c.h\n'}
[4.574133] (booster_interface) StdoutLine: {'line': b'-- Up-to-date symlink: /home/booster/Workspace/Booster_T1_3v3_Demo/install/booster_interface/include/booster_interface/booster_interface/msg/detail/low_state__rosidl_typesupport_introspection_c.h\n'}
[4.575245] (booster_interface) StdoutLine: {'line': b'-- Up-to-date symlink: /home/booster/Workspace/Booster_T1_3v3_Demo/install/booster_interface/include/booster_interface/booster_interface/msg/detail/motor_cmd__rosidl_typesupport_introspection_c.h\n'}
[4.575604] (booster_interface) StdoutLine: {'line': b'-- Up-to-date symlink: /home/booster/Workspace/Booster_T1_3v3_Demo/install/booster_interface/include/booster_interface/booster_interface/msg/detail/motor_state__rosidl_typesupport_introspection_c.h\n'}
[4.576066] (booster_interface) StdoutLine: {'line': b'-- Up-to-date symlink: /home/booster/Workspace/Booster_T1_3v3_Demo/install/booster_interface/include/booster_interface/booster_interface/msg/detail/odometer__rosidl_typesupport_introspection_c.h\n'}
[4.576245] (booster_interface) StdoutLine: {'line': b'-- Up-to-date symlink: /home/booster/Workspace/Booster_T1_3v3_Demo/install/booster_interface/include/booster_interface/booster_interface/msg/detail/raw_bytes_msg__rosidl_typesupport_introspection_c.h\n'}
[4.576557] (booster_interface) StdoutLine: {'line': b'-- Up-to-date symlink: /home/booster/Workspace/Booster_T1_3v3_Demo/install/booster_interface/include/booster_interface/booster_interface/msg/detail/raw_bytes_stamped__rosidl_typesupport_introspection_c.h\n'}
[4.576837] (booster_interface) StdoutLine: {'line': b'-- Up-to-date symlink: /home/booster/Workspace/Booster_T1_3v3_Demo/install/booster_interface/include/booster_interface/booster_interface/msg/detail/remote_controller_state__rosidl_typesupport_introspection_c.h\n'}
[4.577015] (-) TimerEvent: {}
[4.577322] (booster_interface) StdoutLine: {'line': b'-- Up-to-date symlink: /home/booster/Workspace/Booster_T1_3v3_Demo/install/booster_interface/include/booster_interface/booster_interface/msg/rosidl_typesupport_introspection_c__visibility_control.h\n'}
[4.578609] (booster_interface) StdoutLine: {'line': b'-- Up-to-date symlink: /home/booster/Workspace/Booster_T1_3v3_Demo/install/booster_interface/include/booster_interface/booster_interface/srv/detail/agent_service__rosidl_typesupport_introspection_c.h\n'}
[4.578922] (booster_interface) StdoutLine: {'line': b'-- Up-to-date symlink: /home/booster/Workspace/Booster_T1_3v3_Demo/install/booster_interface/include/booster_interface/booster_interface/srv/detail/rpc_service__rosidl_typesupport_introspection_c.h\n'}
[4.580991] (booster_interface) StdoutLine: {'line': b'-- Up-to-date symlink: /home/booster/Workspace/Booster_T1_3v3_Demo/install/booster_interface/include/booster_interface/booster_interface/msg/detail/booster_api_req_msg__rosidl_typesupport_introspection_cpp.hpp\n'}
[4.581430] (booster_interface) StdoutLine: {'line': b'-- Up-to-date symlink: /home/booster/Workspace/Booster_T1_3v3_Demo/install/booster_interface/include/booster_interface/booster_interface/msg/detail/booster_api_resp_msg__rosidl_typesupport_introspection_cpp.hpp\n'}
[4.581586] (booster_interface) StdoutLine: {'line': b'-- Up-to-date symlink: /home/booster/Workspace/Booster_T1_3v3_Demo/install/booster_interface/include/booster_interface/booster_interface/msg/detail/button_event_msg__rosidl_typesupport_introspection_cpp.hpp\n'}
[4.582792] (booster_interface) StdoutLine: {'line': b'-- Up-to-date symlink: /home/booster/Workspace/Booster_T1_3v3_Demo/install/booster_interface/include/booster_interface/booster_interface/msg/detail/fall_down_state__rosidl_typesupport_introspection_cpp.hpp\n'}
[4.584461] (booster_interface) StdoutLine: {'line': b'-- Up-to-date symlink: /home/booster/Workspace/Booster_T1_3v3_Demo/install/booster_interface/include/booster_interface/booster_interface/msg/detail/hand_command__rosidl_typesupport_introspection_cpp.hpp\n'}
[4.584693] (booster_interface) StdoutLine: {'line': b'-- Up-to-date symlink: /home/booster/Workspace/Booster_T1_3v3_Demo/install/booster_interface/include/booster_interface/booster_interface/msg/detail/hand_dds_msg__rosidl_typesupport_introspection_cpp.hpp\n'}
[4.584844] (booster_interface) StdoutLine: {'line': b'-- Up-to-date symlink: /home/booster/Workspace/Booster_T1_3v3_Demo/install/booster_interface/include/booster_interface/booster_interface/msg/detail/hand_param__rosidl_typesupport_introspection_cpp.hpp\n'}
[4.586022] (booster_interface) StdoutLine: {'line': b'-- Up-to-date symlink: /home/booster/Workspace/Booster_T1_3v3_Demo/install/booster_interface/include/booster_interface/booster_interface/msg/detail/imu_state__rosidl_typesupport_introspection_cpp.hpp\n'}
[4.586231] (booster_interface) StdoutLine: {'line': b'-- Up-to-date symlink: /home/booster/Workspace/Booster_T1_3v3_Demo/install/booster_interface/include/booster_interface/booster_interface/msg/detail/low_cmd__rosidl_typesupport_introspection_cpp.hpp\n'}
[4.586385] (booster_interface) StdoutLine: {'line': b'-- Up-to-date symlink: /home/booster/Workspace/Booster_T1_3v3_Demo/install/booster_interface/include/booster_interface/booster_interface/msg/detail/low_state__rosidl_typesupport_introspection_cpp.hpp\n'}
[4.586660] (booster_interface) StdoutLine: {'line': b'-- Up-to-date symlink: /home/booster/Workspace/Booster_T1_3v3_Demo/install/booster_interface/include/booster_interface/booster_interface/msg/detail/motor_cmd__rosidl_typesupport_introspection_cpp.hpp\n'}
[4.586772] (booster_interface) StdoutLine: {'line': b'-- Up-to-date symlink: /home/booster/Workspace/Booster_T1_3v3_Demo/install/booster_interface/include/booster_interface/booster_interface/msg/detail/motor_state__rosidl_typesupport_introspection_cpp.hpp\n'}
[4.587005] (booster_interface) StdoutLine: {'line': b'-- Up-to-date symlink: /home/booster/Workspace/Booster_T1_3v3_Demo/install/booster_interface/include/booster_interface/booster_interface/msg/detail/odometer__rosidl_typesupport_introspection_cpp.hpp\n'}
[4.587246] (booster_interface) StdoutLine: {'line': b'-- Up-to-date symlink: /home/booster/Workspace/Booster_T1_3v3_Demo/install/booster_interface/include/booster_interface/booster_interface/msg/detail/raw_bytes_msg__rosidl_typesupport_introspection_cpp.hpp\n'}
[4.587464] (booster_interface) StdoutLine: {'line': b'-- Up-to-date symlink: /home/booster/Workspace/Booster_T1_3v3_Demo/install/booster_interface/include/booster_interface/booster_interface/msg/detail/raw_bytes_stamped__rosidl_typesupport_introspection_cpp.hpp\n'}
[4.587749] (booster_interface) StdoutLine: {'line': b'-- Up-to-date symlink: /home/booster/Workspace/Booster_T1_3v3_Demo/install/booster_interface/include/booster_interface/booster_interface/msg/detail/remote_controller_state__rosidl_typesupport_introspection_cpp.hpp\n'}
[4.587980] (booster_interface) StdoutLine: {'line': b'-- Up-to-date symlink: /home/booster/Workspace/Booster_T1_3v3_Demo/install/booster_interface/include/booster_interface/booster_interface/srv/detail/agent_service__rosidl_typesupport_introspection_cpp.hpp\n'}
[4.589242] (booster_interface) StdoutLine: {'line': b'-- Up-to-date symlink: /home/booster/Workspace/Booster_T1_3v3_Demo/install/booster_interface/include/booster_interface/booster_interface/srv/detail/rpc_service__rosidl_typesupport_introspection_cpp.hpp\n'}
[4.589572] (booster_interface) StdoutLine: {'line': b'-- Up-to-date symlink: /home/booster/Workspace/Booster_T1_3v3_Demo/install/booster_interface/share/booster_interface/environment/pythonpath.sh\n'}
[4.589804] (booster_interface) StdoutLine: {'line': b'-- Up-to-date symlink: /home/booster/Workspace/Booster_T1_3v3_Demo/install/booster_interface/share/booster_interface/environment/pythonpath.dsv\n'}
[4.590906] (vision) StdoutLine: {'line': b'[ 42%] Built target booster_vision_base\n'}
[4.591472] (booster_interface) StdoutLine: {'line': b'-- Up-to-date symlink: /home/booster/Workspace/Booster_T1_3v3_Demo/install/booster_interface/local/lib/python3.10/dist-packages/booster_interface-0.0.0-py3.10.egg-info/PKG-INFO\n'}
[4.591941] (booster_interface) StdoutLine: {'line': b'-- Up-to-date symlink: /home/booster/Workspace/Booster_T1_3v3_Demo/install/booster_interface/local/lib/python3.10/dist-packages/booster_interface-0.0.0-py3.10.egg-info/SOURCES.txt\n'}
[4.592282] (booster_interface) StdoutLine: {'line': b'-- Up-to-date symlink: /home/booster/Workspace/Booster_T1_3v3_Demo/install/booster_interface/local/lib/python3.10/dist-packages/booster_interface-0.0.0-py3.10.egg-info/dependency_links.txt\n'}
[4.592609] (booster_interface) StdoutLine: {'line': b'-- Up-to-date symlink: /home/booster/Workspace/Booster_T1_3v3_Demo/install/booster_interface/local/lib/python3.10/dist-packages/booster_interface-0.0.0-py3.10.egg-info/top_level.txt\n'}
[4.598495] (booster_interface) StdoutLine: {'line': b'-- Up-to-date symlink: /home/booster/Workspace/Booster_T1_3v3_Demo/install/booster_interface/local/lib/python3.10/dist-packages/booster_interface/__init__.py\n'}
[4.598864] (booster_interface) StdoutLine: {'line': b'-- Up-to-date symlink: /home/booster/Workspace/Booster_T1_3v3_Demo/install/booster_interface/local/lib/python3.10/dist-packages/booster_interface/_booster_interface_s.ep.rosidl_typesupport_c.c\n'}
[4.598998] (booster_interface) StdoutLine: {'line': b'-- Up-to-date symlink: /home/booster/Workspace/Booster_T1_3v3_Demo/install/booster_interface/local/lib/python3.10/dist-packages/booster_interface/_booster_interface_s.ep.rosidl_typesupport_fastrtps_c.c\n'}
[4.599224] (booster_interface) StdoutLine: {'line': b'-- Up-to-date symlink: /home/booster/Workspace/Booster_T1_3v3_Demo/install/booster_interface/local/lib/python3.10/dist-packages/booster_interface/_booster_interface_s.ep.rosidl_typesupport_introspection_c.c\n'}
[4.599389] (booster_interface) StdoutLine: {'line': b'-- Up-to-date symlink: /home/booster/Workspace/Booster_T1_3v3_Demo/install/booster_interface/local/lib/python3.10/dist-packages/booster_interface/booster_interface_s__rosidl_typesupport_c.cpython-310-aarch64-linux-gnu.so\n'}
[4.599547] (booster_interface) StdoutLine: {'line': b'-- Up-to-date symlink: /home/booster/Workspace/Booster_T1_3v3_Demo/install/booster_interface/local/lib/python3.10/dist-packages/booster_interface/booster_interface_s__rosidl_typesupport_fastrtps_c.cpython-310-aarch64-linux-gnu.so\n'}
[4.599677] (booster_interface) StdoutLine: {'line': b'-- Up-to-date symlink: /home/booster/Workspace/Booster_T1_3v3_Demo/install/booster_interface/local/lib/python3.10/dist-packages/booster_interface/booster_interface_s__rosidl_typesupport_introspection_c.cpython-310-aarch64-linux-gnu.so\n'}
[4.599916] (booster_interface) StdoutLine: {'line': b'-- Up-to-date symlink: /home/booster/Workspace/Booster_T1_3v3_Demo/install/booster_interface/local/lib/python3.10/dist-packages/booster_interface/libbooster_interface__rosidl_generator_py.so\n'}
[4.600122] (booster_interface) StdoutLine: {'line': b'-- Up-to-date symlink: /home/booster/Workspace/Booster_T1_3v3_Demo/install/booster_interface/local/lib/python3.10/dist-packages/booster_interface/msg/__init__.py\n'}
[4.600277] (booster_interface) StdoutLine: {'line': b'-- Up-to-date symlink: /home/booster/Workspace/Booster_T1_3v3_Demo/install/booster_interface/local/lib/python3.10/dist-packages/booster_interface/msg/_booster_api_req_msg.py\n'}
[4.601118] (booster_interface) StdoutLine: {'line': b'-- Up-to-date symlink: /home/booster/Workspace/Booster_T1_3v3_Demo/install/booster_interface/local/lib/python3.10/dist-packages/booster_interface/msg/_booster_api_req_msg_s.c\n'}
[4.601456] (booster_interface) StdoutLine: {'line': b'-- Up-to-date symlink: /home/booster/Workspace/Booster_T1_3v3_Demo/install/booster_interface/local/lib/python3.10/dist-packages/booster_interface/msg/_booster_api_resp_msg.py\n'}
[4.602630] (booster_interface) StdoutLine: {'line': b'-- Up-to-date symlink: /home/booster/Workspace/Booster_T1_3v3_Demo/install/booster_interface/local/lib/python3.10/dist-packages/booster_interface/msg/_booster_api_resp_msg_s.c\n'}
[4.602945] (booster_interface) StdoutLine: {'line': b'-- Up-to-date symlink: /home/booster/Workspace/Booster_T1_3v3_Demo/install/booster_interface/local/lib/python3.10/dist-packages/booster_interface/msg/_button_event_msg.py\n'}
[4.603105] (booster_interface) StdoutLine: {'line': b'-- Up-to-date symlink: /home/booster/Workspace/Booster_T1_3v3_Demo/install/booster_interface/local/lib/python3.10/dist-packages/booster_interface/msg/_button_event_msg_s.c\n'}
[4.603287] (booster_interface) StdoutLine: {'line': b'-- Up-to-date symlink: /home/booster/Workspace/Booster_T1_3v3_Demo/install/booster_interface/local/lib/python3.10/dist-packages/booster_interface/msg/_fall_down_state.py\n'}
[4.603422] (booster_interface) StdoutLine: {'line': b'-- Up-to-date symlink: /home/booster/Workspace/Booster_T1_3v3_Demo/install/booster_interface/local/lib/python3.10/dist-packages/booster_interface/msg/_fall_down_state_s.c\n'}
[4.604891] (booster_interface) StdoutLine: {'line': b'-- Up-to-date symlink: /home/booster/Workspace/Booster_T1_3v3_Demo/install/booster_interface/local/lib/python3.10/dist-packages/booster_interface/msg/_hand_command.py\n'}
[4.605166] (booster_interface) StdoutLine: {'line': b'-- Up-to-date symlink: /home/booster/Workspace/Booster_T1_3v3_Demo/install/booster_interface/local/lib/python3.10/dist-packages/booster_interface/msg/_hand_command_s.c\n'}
[4.605339] (booster_interface) StdoutLine: {'line': b'-- Up-to-date symlink: /home/booster/Workspace/Booster_T1_3v3_Demo/install/booster_interface/local/lib/python3.10/dist-packages/booster_interface/msg/_hand_dds_msg.py\n'}
[4.606807] (booster_interface) StdoutLine: {'line': b'-- Up-to-date symlink: /home/booster/Workspace/Booster_T1_3v3_Demo/install/booster_interface/local/lib/python3.10/dist-packages/booster_interface/msg/_hand_dds_msg_s.c\n'}
[4.607116] (booster_interface) StdoutLine: {'line': b'-- Up-to-date symlink: /home/booster/Workspace/Booster_T1_3v3_Demo/install/booster_interface/local/lib/python3.10/dist-packages/booster_interface/msg/_hand_param.py\n'}
[4.607351] (booster_interface) StdoutLine: {'line': b'-- Up-to-date symlink: /home/booster/Workspace/Booster_T1_3v3_Demo/install/booster_interface/local/lib/python3.10/dist-packages/booster_interface/msg/_hand_param_s.c\n'}
[4.607508] (booster_interface) StdoutLine: {'line': b'-- Up-to-date symlink: /home/booster/Workspace/Booster_T1_3v3_Demo/install/booster_interface/local/lib/python3.10/dist-packages/booster_interface/msg/_imu_state.py\n'}
[4.607728] (booster_interface) StdoutLine: {'line': b'-- Up-to-date symlink: /home/booster/Workspace/Booster_T1_3v3_Demo/install/booster_interface/local/lib/python3.10/dist-packages/booster_interface/msg/_imu_state_s.c\n'}
[4.607906] (booster_interface) StdoutLine: {'line': b'-- Up-to-date symlink: /home/booster/Workspace/Booster_T1_3v3_Demo/install/booster_interface/local/lib/python3.10/dist-packages/booster_interface/msg/_low_cmd.py\n'}
[4.609256] (booster_interface) StdoutLine: {'line': b'-- Up-to-date symlink: /home/booster/Workspace/Booster_T1_3v3_Demo/install/booster_interface/local/lib/python3.10/dist-packages/booster_interface/msg/_low_cmd_s.c\n'}
[4.609483] (booster_interface) StdoutLine: {'line': b'-- Up-to-date symlink: /home/booster/Workspace/Booster_T1_3v3_Demo/install/booster_interface/local/lib/python3.10/dist-packages/booster_interface/msg/_low_state.py\n'}
[4.609656] (booster_interface) StdoutLine: {'line': b'-- Up-to-date symlink: /home/booster/Workspace/Booster_T1_3v3_Demo/install/booster_interface/local/lib/python3.10/dist-packages/booster_interface/msg/_low_state_s.c\n'}
[4.609841] (booster_interface) StdoutLine: {'line': b'-- Up-to-date symlink: /home/booster/Workspace/Booster_T1_3v3_Demo/install/booster_interface/local/lib/python3.10/dist-packages/booster_interface/msg/_motor_cmd.py\n'}
[4.611250] (booster_interface) StdoutLine: {'line': b'-- Up-to-date symlink: /home/booster/Workspace/Booster_T1_3v3_Demo/install/booster_interface/local/lib/python3.10/dist-packages/booster_interface/msg/_motor_cmd_s.c\n'}
[4.611493] (booster_interface) StdoutLine: {'line': b'-- Up-to-date symlink: /home/booster/Workspace/Booster_T1_3v3_Demo/install/booster_interface/local/lib/python3.10/dist-packages/booster_interface/msg/_motor_state.py\n'}
[4.611661] (booster_interface) StdoutLine: {'line': b'-- Up-to-date symlink: /home/booster/Workspace/Booster_T1_3v3_Demo/install/booster_interface/local/lib/python3.10/dist-packages/booster_interface/msg/_motor_state_s.c\n'}
[4.611925] (booster_interface) StdoutLine: {'line': b'-- Up-to-date symlink: /home/booster/Workspace/Booster_T1_3v3_Demo/install/booster_interface/local/lib/python3.10/dist-packages/booster_interface/msg/_odometer.py\n'}
[4.612472] (booster_interface) StdoutLine: {'line': b'-- Up-to-date symlink: /home/booster/Workspace/Booster_T1_3v3_Demo/install/booster_interface/local/lib/python3.10/dist-packages/booster_interface/msg/_odometer_s.c\n'}
[4.629243] (booster_interface) StdoutLine: {'line': b'-- Up-to-date symlink: /home/booster/Workspace/Booster_T1_3v3_Demo/install/booster_interface/local/lib/python3.10/dist-packages/booster_interface/msg/_raw_bytes_msg.py\n'}
[4.629665] (booster_interface) StdoutLine: {'line': b'-- Up-to-date symlink: /home/booster/Workspace/Booster_T1_3v3_Demo/install/booster_interface/local/lib/python3.10/dist-packages/booster_interface/msg/_raw_bytes_msg_s.c\n'}
[4.629877] (booster_interface) StdoutLine: {'line': b'-- Up-to-date symlink: /home/booster/Workspace/Booster_T1_3v3_Demo/install/booster_interface/local/lib/python3.10/dist-packages/booster_interface/msg/_raw_bytes_stamped.py\n'}
[4.630210] (booster_interface) StdoutLine: {'line': b'-- Up-to-date symlink: /home/booster/Workspace/Booster_T1_3v3_Demo/install/booster_interface/local/lib/python3.10/dist-packages/booster_interface/msg/_raw_bytes_stamped_s.c\n'}
[4.630393] (booster_interface) StdoutLine: {'line': b'-- Up-to-date symlink: /home/booster/Workspace/Booster_T1_3v3_Demo/install/booster_interface/local/lib/python3.10/dist-packages/booster_interface/msg/_remote_controller_state.py\n'}
[4.630871] (booster_interface) StdoutLine: {'line': b'-- Up-to-date symlink: /home/booster/Workspace/Booster_T1_3v3_Demo/install/booster_interface/local/lib/python3.10/dist-packages/booster_interface/msg/_remote_controller_state_s.c\n'}
[4.631022] (booster_interface) StdoutLine: {'line': b'-- Up-to-date symlink: /home/booster/Workspace/Booster_T1_3v3_Demo/install/booster_interface/local/lib/python3.10/dist-packages/booster_interface/srv/__init__.py\n'}
[4.632634] (booster_interface) StdoutLine: {'line': b'-- Up-to-date symlink: /home/booster/Workspace/Booster_T1_3v3_Demo/install/booster_interface/local/lib/python3.10/dist-packages/booster_interface/srv/_agent_service.py\n'}
[4.632949] (booster_interface) StdoutLine: {'line': b'-- Up-to-date symlink: /home/booster/Workspace/Booster_T1_3v3_Demo/install/booster_interface/local/lib/python3.10/dist-packages/booster_interface/srv/_agent_service_s.c\n'}
[4.633086] (booster_interface) StdoutLine: {'line': b'-- Up-to-date symlink: /home/booster/Workspace/Booster_T1_3v3_Demo/install/booster_interface/local/lib/python3.10/dist-packages/booster_interface/srv/_rpc_service.py\n'}
[4.633490] (booster_interface) StdoutLine: {'line': b'-- Up-to-date symlink: /home/booster/Workspace/Booster_T1_3v3_Demo/install/booster_interface/local/lib/python3.10/dist-packages/booster_interface/srv/_rpc_service_s.c\n'}
[4.634797] (booster_interface) StdoutLine: {'line': b'-- Up-to-date symlink: /home/booster/Workspace/Booster_T1_3v3_Demo/install/booster_interface/local/lib/python3.10/dist-packages/booster_interface/booster_interface_s__rosidl_typesupport_fastrtps_c.cpython-310-aarch64-linux-gnu.so\n'}
[4.634965] (booster_interface) StdoutLine: {'line': b'-- Up-to-date symlink: /home/booster/Workspace/Booster_T1_3v3_Demo/install/booster_interface/local/lib/python3.10/dist-packages/booster_interface/booster_interface_s__rosidl_typesupport_introspection_c.cpython-310-aarch64-linux-gnu.so\n'}
[4.635087] (booster_interface) StdoutLine: {'line': b'-- Up-to-date symlink: /home/booster/Workspace/Booster_T1_3v3_Demo/install/booster_interface/local/lib/python3.10/dist-packages/booster_interface/booster_interface_s__rosidl_typesupport_c.cpython-310-aarch64-linux-gnu.so\n'}
[4.638045] (booster_interface) StdoutLine: {'line': b'-- Up-to-date symlink: /home/booster/Workspace/Booster_T1_3v3_Demo/install/booster_interface/share/booster_interface/msg/BoosterApiReqMsg.idl\n'}
[4.639191] (booster_interface) StdoutLine: {'line': b'-- Up-to-date symlink: /home/booster/Workspace/Booster_T1_3v3_Demo/install/booster_interface/share/booster_interface/msg/BoosterApiRespMsg.idl\n'}
[4.639765] (booster_interface) StdoutLine: {'line': b'-- Up-to-date symlink: /home/booster/Workspace/Booster_T1_3v3_Demo/install/booster_interface/share/booster_interface/msg/ButtonEventMsg.idl\n'}
[4.641588] (booster_interface) StdoutLine: {'line': b'-- Up-to-date symlink: /home/booster/Workspace/Booster_T1_3v3_Demo/install/booster_interface/share/booster_interface/msg/MotorState.idl\n'}
[4.642611] (booster_interface) StdoutLine: {'line': b'-- Up-to-date symlink: /home/booster/Workspace/Booster_T1_3v3_Demo/install/booster_interface/share/booster_interface/msg/MotorCmd.idl\n'}
[4.642837] (booster_interface) StdoutLine: {'line': b'-- Up-to-date symlink: /home/booster/Workspace/Booster_T1_3v3_Demo/install/booster_interface/share/booster_interface/msg/LowCmd.idl\n'}
[4.642948] (booster_interface) StdoutLine: {'line': b'-- Up-to-date symlink: /home/booster/Workspace/Booster_T1_3v3_Demo/install/booster_interface/share/booster_interface/msg/ImuState.idl\n'}
[4.643053] (booster_interface) StdoutLine: {'line': b'-- Up-to-date symlink: /home/booster/Workspace/Booster_T1_3v3_Demo/install/booster_interface/share/booster_interface/msg/LowState.idl\n'}
[4.648550] (booster_interface) StdoutLine: {'line': b'-- Up-to-date symlink: /home/booster/Workspace/Booster_T1_3v3_Demo/install/booster_interface/share/booster_interface/msg/RawBytesMsg.idl\n'}
[4.648866] (booster_interface) StdoutLine: {'line': b'-- Up-to-date symlink: /home/booster/Workspace/Booster_T1_3v3_Demo/install/booster_interface/share/booster_interface/msg/RawBytesStamped.idl\n'}
[4.648998] (booster_interface) StdoutLine: {'line': b'-- Up-to-date symlink: /home/booster/Workspace/Booster_T1_3v3_Demo/install/booster_interface/share/booster_interface/msg/Odometer.idl\n'}
[4.649111] (booster_interface) StdoutLine: {'line': b'-- Up-to-date symlink: /home/booster/Workspace/Booster_T1_3v3_Demo/install/booster_interface/share/booster_interface/msg/FallDownState.idl\n'}
[4.650042] (booster_interface) StdoutLine: {'line': b'-- Up-to-date symlink: /home/booster/Workspace/Booster_T1_3v3_Demo/install/booster_interface/share/booster_interface/msg/RemoteControllerState.idl\n'}
[4.650308] (booster_interface) StdoutLine: {'line': b'-- Up-to-date symlink: /home/booster/Workspace/Booster_T1_3v3_Demo/install/booster_interface/share/booster_interface/msg/HandCommand.idl\n'}
[4.650876] (booster_interface) StdoutLine: {'line': b'-- Up-to-date symlink: /home/booster/Workspace/Booster_T1_3v3_Demo/install/booster_interface/share/booster_interface/msg/HandDdsMsg.idl\n'}
[4.651827] (booster_interface) StdoutLine: {'line': b'-- Up-to-date symlink: /home/booster/Workspace/Booster_T1_3v3_Demo/install/booster_interface/share/booster_interface/msg/HandParam.idl\n'}
[4.652062] (booster_interface) StdoutLine: {'line': b'-- Up-to-date symlink: /home/booster/Workspace/Booster_T1_3v3_Demo/install/booster_interface/share/booster_interface/srv/RpcService.idl\n'}
[4.653238] (booster_interface) StdoutLine: {'line': b'-- Up-to-date symlink: /home/booster/Workspace/Booster_T1_3v3_Demo/install/booster_interface/share/booster_interface/srv/AgentService.idl\n'}
[4.653482] (booster_interface) StdoutLine: {'line': b'-- Up-to-date symlink: /home/booster/Workspace/Booster_T1_3v3_Demo/install/booster_interface/share/booster_interface/msg/BoosterApiReqMsg.msg\n'}
[4.653696] (booster_interface) StdoutLine: {'line': b'-- Up-to-date symlink: /home/booster/Workspace/Booster_T1_3v3_Demo/install/booster_interface/share/booster_interface/msg/BoosterApiRespMsg.msg\n'}
[4.653978] (booster_interface) StdoutLine: {'line': b'-- Up-to-date symlink: /home/booster/Workspace/Booster_T1_3v3_Demo/install/booster_interface/share/booster_interface/msg/ButtonEventMsg.msg\n'}
[4.654771] (booster_interface) StdoutLine: {'line': b'-- Up-to-date symlink: /home/booster/Workspace/Booster_T1_3v3_Demo/install/booster_interface/share/booster_interface/msg/MotorState.msg\n'}
[4.654950] (booster_interface) StdoutLine: {'line': b'-- Up-to-date symlink: /home/booster/Workspace/Booster_T1_3v3_Demo/install/booster_interface/share/booster_interface/msg/MotorCmd.msg\n'}
[4.655065] (booster_interface) StdoutLine: {'line': b'-- Up-to-date symlink: /home/booster/Workspace/Booster_T1_3v3_Demo/install/booster_interface/share/booster_interface/msg/LowCmd.msg\n'}
[4.655950] (booster_interface) StdoutLine: {'line': b'-- Up-to-date symlink: /home/booster/Workspace/Booster_T1_3v3_Demo/install/booster_interface/share/booster_interface/msg/ImuState.msg\n'}
[4.657289] (booster_interface) StdoutLine: {'line': b'-- Up-to-date symlink: /home/booster/Workspace/Booster_T1_3v3_Demo/install/booster_interface/share/booster_interface/msg/LowState.msg\n'}
[4.657662] (booster_interface) StdoutLine: {'line': b'-- Up-to-date symlink: /home/booster/Workspace/Booster_T1_3v3_Demo/install/booster_interface/share/booster_interface/msg/RawBytesMsg.msg\n'}
[4.657791] (booster_interface) StdoutLine: {'line': b'-- Up-to-date symlink: /home/booster/Workspace/Booster_T1_3v3_Demo/install/booster_interface/share/booster_interface/msg/RawBytesStamped.msg\n'}
[4.658229] (booster_interface) StdoutLine: {'line': b'-- Up-to-date symlink: /home/booster/Workspace/Booster_T1_3v3_Demo/install/booster_interface/share/booster_interface/msg/Odometer.msg\n'}
[4.664143] (booster_interface) StdoutLine: {'line': b'-- Up-to-date symlink: /home/booster/Workspace/Booster_T1_3v3_Demo/install/booster_interface/share/booster_interface/msg/FallDownState.msg\n'}
[4.664839] (booster_interface) StdoutLine: {'line': b'-- Up-to-date symlink: /home/booster/Workspace/Booster_T1_3v3_Demo/install/booster_interface/share/booster_interface/msg/RemoteControllerState.msg\n'}
[4.665012] (booster_interface) StdoutLine: {'line': b'-- Up-to-date symlink: /home/booster/Workspace/Booster_T1_3v3_Demo/install/booster_interface/share/booster_interface/msg/HandCommand.msg\n'}
[4.665136] (booster_interface) StdoutLine: {'line': b'-- Up-to-date symlink: /home/booster/Workspace/Booster_T1_3v3_Demo/install/booster_interface/share/booster_interface/msg/HandDdsMsg.msg\n'}
[4.666510] (booster_interface) StdoutLine: {'line': b'-- Up-to-date symlink: /home/booster/Workspace/Booster_T1_3v3_Demo/install/booster_interface/share/booster_interface/msg/HandParam.msg\n'}
[4.667382] (booster_interface) StdoutLine: {'line': b'-- Up-to-date symlink: /home/booster/Workspace/Booster_T1_3v3_Demo/install/booster_interface/share/booster_interface/srv/RpcService.srv\n'}
[4.667549] (booster_interface) StdoutLine: {'line': b'-- Up-to-date symlink: /home/booster/Workspace/Booster_T1_3v3_Demo/install/booster_interface/share/booster_interface/srv/RpcService_Request.msg\n'}
[4.667673] (booster_interface) StdoutLine: {'line': b'-- Up-to-date symlink: /home/booster/Workspace/Booster_T1_3v3_Demo/install/booster_interface/share/booster_interface/srv/RpcService_Response.msg\n'}
[4.667788] (booster_interface) StdoutLine: {'line': b'-- Up-to-date symlink: /home/booster/Workspace/Booster_T1_3v3_Demo/install/booster_interface/share/booster_interface/srv/AgentService.srv\n'}
[4.667892] (booster_interface) StdoutLine: {'line': b'-- Up-to-date symlink: /home/booster/Workspace/Booster_T1_3v3_Demo/install/booster_interface/share/booster_interface/srv/AgentService_Request.msg\n'}
[4.669475] (booster_interface) StdoutLine: {'line': b'-- Up-to-date symlink: /home/booster/Workspace/Booster_T1_3v3_Demo/install/booster_interface/share/booster_interface/srv/AgentService_Response.msg\n'}
[4.669677] (booster_interface) StdoutLine: {'line': b'-- Up-to-date symlink: /home/booster/Workspace/Booster_T1_3v3_Demo/install/booster_interface/include//booster_interface/booster_interface/message_utils.hpp\n'}
[4.669823] (booster_interface) StdoutLine: {'line': b'-- Up-to-date symlink: /home/booster/Workspace/Booster_T1_3v3_Demo/install/booster_interface/include//booster_interface/booster_interface/third_party/nlohmann_json/json.hpp\n'}
[4.669935] (booster_interface) StdoutLine: {'line': b'-- Up-to-date symlink: /home/booster/Workspace/Booster_T1_3v3_Demo/install/booster_interface/share/ament_index/resource_index/package_run_dependencies/booster_interface\n'}
[4.670940] (booster_interface) StdoutLine: {'line': b'-- Up-to-date symlink: /home/booster/Workspace/Booster_T1_3v3_Demo/install/booster_interface/share/ament_index/resource_index/parent_prefix_path/booster_interface\n'}
[4.671080] (booster_interface) StdoutLine: {'line': b'-- Up-to-date symlink: /home/booster/Workspace/Booster_T1_3v3_Demo/install/booster_interface/share/booster_interface/environment/ament_prefix_path.sh\n'}
[4.672880] (booster_interface) StdoutLine: {'line': b'-- Up-to-date symlink: /home/booster/Workspace/Booster_T1_3v3_Demo/install/booster_interface/share/booster_interface/environment/ament_prefix_path.dsv\n'}
[4.673166] (booster_interface) StdoutLine: {'line': b'-- Up-to-date symlink: /home/booster/Workspace/Booster_T1_3v3_Demo/install/booster_interface/share/booster_interface/environment/path.sh\n'}
[4.674369] (booster_interface) StdoutLine: {'line': b'-- Up-to-date symlink: /home/booster/Workspace/Booster_T1_3v3_Demo/install/booster_interface/share/booster_interface/environment/path.dsv\n'}
[4.674554] (booster_interface) StdoutLine: {'line': b'-- Up-to-date symlink: /home/booster/Workspace/Booster_T1_3v3_Demo/install/booster_interface/share/booster_interface/local_setup.bash\n'}
[4.675474] (booster_interface) StdoutLine: {'line': b'-- Up-to-date symlink: /home/booster/Workspace/Booster_T1_3v3_Demo/install/booster_interface/share/booster_interface/local_setup.sh\n'}
[4.675634] (booster_interface) StdoutLine: {'line': b'-- Up-to-date symlink: /home/booster/Workspace/Booster_T1_3v3_Demo/install/booster_interface/share/booster_interface/local_setup.zsh\n'}
[4.675753] (booster_interface) StdoutLine: {'line': b'-- Up-to-date symlink: /home/booster/Workspace/Booster_T1_3v3_Demo/install/booster_interface/share/booster_interface/local_setup.dsv\n'}
[4.675860] (booster_interface) StdoutLine: {'line': b'-- Symlinking: /home/booster/Workspace/Booster_T1_3v3_Demo/install/booster_interface/share/booster_interface/package.dsv\n'}
[4.677137] (-) TimerEvent: {}
[4.743025] (booster_interface) StdoutLine: {'line': b'-- Up-to-date symlink: /home/booster/Workspace/Booster_T1_3v3_Demo/install/booster_interface/share/ament_index/resource_index/packages/booster_interface\n'}
[4.744561] (booster_interface) StdoutLine: {'line': b'-- Up-to-date symlink: /home/booster/Workspace/Booster_T1_3v3_Demo/install/booster_interface/share/booster_interface/cmake/rosidl_cmake-extras.cmake\n'}
[4.744872] (booster_interface) StdoutLine: {'line': b'-- Up-to-date symlink: /home/booster/Workspace/Booster_T1_3v3_Demo/install/booster_interface/share/booster_interface/cmake/ament_cmake_export_dependencies-extras.cmake\n'}
[4.745027] (booster_interface) StdoutLine: {'line': b'-- Up-to-date symlink: /home/booster/Workspace/Booster_T1_3v3_Demo/install/booster_interface/share/booster_interface/cmake/ament_cmake_export_include_directories-extras.cmake\n'}
[4.745152] (booster_interface) StdoutLine: {'line': b'-- Up-to-date symlink: /home/booster/Workspace/Booster_T1_3v3_Demo/install/booster_interface/share/booster_interface/cmake/ament_cmake_export_libraries-extras.cmake\n'}
[4.748011] (booster_interface) StdoutLine: {'line': b'-- Up-to-date symlink: /home/booster/Workspace/Booster_T1_3v3_Demo/install/booster_interface/share/booster_interface/cmake/ament_cmake_export_targets-extras.cmake\n'}
[4.748380] (booster_interface) StdoutLine: {'line': b'-- Up-to-date symlink: /home/booster/Workspace/Booster_T1_3v3_Demo/install/booster_interface/share/booster_interface/cmake/rosidl_cmake_export_typesupport_targets-extras.cmake\n'}
[4.748533] (booster_interface) StdoutLine: {'line': b'-- Up-to-date symlink: /home/booster/Workspace/Booster_T1_3v3_Demo/install/booster_interface/share/booster_interface/cmake/rosidl_cmake_export_typesupport_libraries-extras.cmake\n'}
[4.749049] (booster_interface) StdoutLine: {'line': b'-- Up-to-date symlink: /home/booster/Workspace/Booster_T1_3v3_Demo/install/booster_interface/share/booster_interface/cmake/booster_interfaceConfig.cmake\n'}
[4.749216] (booster_interface) StdoutLine: {'line': b'-- Up-to-date symlink: /home/booster/Workspace/Booster_T1_3v3_Demo/install/booster_interface/share/booster_interface/cmake/booster_interfaceConfig-version.cmake\n'}
[4.749345] (booster_interface) StdoutLine: {'line': b'-- Up-to-date symlink: /home/booster/Workspace/Booster_T1_3v3_Demo/install/booster_interface/share/booster_interface/package.xml\n'}
[4.749480] (booster_interface) StdoutLine: {'line': b'-- Up-to-date: /home/booster/Workspace/Booster_T1_3v3_Demo/install/booster_interface/lib/libbooster_interface__rosidl_generator_c.so\n'}
[4.749587] (booster_interface) StdoutLine: {'line': b'-- Up-to-date: /home/booster/Workspace/Booster_T1_3v3_Demo/install/booster_interface/lib/libbooster_interface__rosidl_typesupport_fastrtps_c.so\n'}
[4.749713] (booster_interface) StdoutLine: {'line': b'-- Up-to-date: /home/booster/Workspace/Booster_T1_3v3_Demo/install/booster_interface/lib/libbooster_interface__rosidl_typesupport_fastrtps_cpp.so\n'}
[4.749808] (booster_interface) StdoutLine: {'line': b'-- Up-to-date: /home/booster/Workspace/Booster_T1_3v3_Demo/install/booster_interface/lib/libbooster_interface__rosidl_typesupport_introspection_c.so\n'}
[4.750060] (booster_interface) StdoutLine: {'line': b'-- Up-to-date: /home/booster/Workspace/Booster_T1_3v3_Demo/install/booster_interface/lib/libbooster_interface__rosidl_typesupport_c.so\n'}
[4.750168] (booster_interface) StdoutLine: {'line': b'-- Up-to-date: /home/booster/Workspace/Booster_T1_3v3_Demo/install/booster_interface/lib/libbooster_interface__rosidl_typesupport_introspection_cpp.so\n'}
[4.750270] (booster_interface) StdoutLine: {'line': b'-- Up-to-date: /home/booster/Workspace/Booster_T1_3v3_Demo/install/booster_interface/lib/libbooster_interface__rosidl_typesupport_cpp.so\n'}
[4.761498] (vision) StdoutLine: {'line': b'[ 48%] Built target yolov8_seg\n'}
[4.777454] (-) TimerEvent: {}
[4.843675] (sound_play) StdoutLine: {'line': b'running develop\n'}
[4.877682] (-) TimerEvent: {}
[4.909159] (booster_interface) StdoutLine: {'line': b"Listing '/home/booster/Workspace/Booster_T1_3v3_Demo/install/booster_interface/local/lib/python3.10/dist-packages/booster_interface'...\n"}
[4.910322] (booster_interface) StdoutLine: {'line': b"Listing '/home/booster/Workspace/Booster_T1_3v3_Demo/install/booster_interface/local/lib/python3.10/dist-packages/booster_interface/msg'...\n"}
[4.910539] (booster_interface) StdoutLine: {'line': b"Listing '/home/booster/Workspace/Booster_T1_3v3_Demo/install/booster_interface/local/lib/python3.10/dist-packages/booster_interface/srv'...\n"}
[4.923190] (booster_interface) StdoutLine: {'line': b'-- Up-to-date: /home/booster/Workspace/Booster_T1_3v3_Demo/install/booster_interface/lib/libbooster_interface__rosidl_generator_py.so\n'}
[4.923581] (booster_interface) StdoutLine: {'line': b'-- Up-to-date: /home/booster/Workspace/Booster_T1_3v3_Demo/install/booster_interface/share/booster_interface/cmake/export_booster_interface__rosidl_generator_cExport.cmake\n'}
[4.923762] (booster_interface) StdoutLine: {'line': b'-- Up-to-date: /home/booster/Workspace/Booster_T1_3v3_Demo/install/booster_interface/share/booster_interface/cmake/export_booster_interface__rosidl_generator_cExport-noconfig.cmake\n'}
[4.923879] (booster_interface) StdoutLine: {'line': b'-- Up-to-date: /home/booster/Workspace/Booster_T1_3v3_Demo/install/booster_interface/share/booster_interface/cmake/export_booster_interface__rosidl_typesupport_fastrtps_cExport.cmake\n'}
[4.923985] (booster_interface) StdoutLine: {'line': b'-- Up-to-date: /home/booster/Workspace/Booster_T1_3v3_Demo/install/booster_interface/share/booster_interface/cmake/export_booster_interface__rosidl_typesupport_fastrtps_cExport-noconfig.cmake\n'}
[4.924087] (booster_interface) StdoutLine: {'line': b'-- Up-to-date: /home/booster/Workspace/Booster_T1_3v3_Demo/install/booster_interface/share/booster_interface/cmake/export_booster_interface__rosidl_generator_cppExport.cmake\n'}
[4.924182] (booster_interface) StdoutLine: {'line': b'-- Up-to-date: /home/booster/Workspace/Booster_T1_3v3_Demo/install/booster_interface/share/booster_interface/cmake/export_booster_interface__rosidl_typesupport_fastrtps_cppExport.cmake\n'}
[4.925655] (booster_interface) StdoutLine: {'line': b'-- Up-to-date: /home/booster/Workspace/Booster_T1_3v3_Demo/install/booster_interface/share/booster_interface/cmake/export_booster_interface__rosidl_typesupport_fastrtps_cppExport-noconfig.cmake\n'}
[4.927827] (booster_interface) StdoutLine: {'line': b'-- Up-to-date: /home/booster/Workspace/Booster_T1_3v3_Demo/install/booster_interface/share/booster_interface/cmake/booster_interface__rosidl_typesupport_introspection_cExport.cmake\n'}
[4.928122] (booster_interface) StdoutLine: {'line': b'-- Up-to-date: /home/booster/Workspace/Booster_T1_3v3_Demo/install/booster_interface/share/booster_interface/cmake/booster_interface__rosidl_typesupport_introspection_cExport-noconfig.cmake\n'}
[4.928282] (booster_interface) StdoutLine: {'line': b'-- Up-to-date: /home/booster/Workspace/Booster_T1_3v3_Demo/install/booster_interface/share/booster_interface/cmake/booster_interface__rosidl_typesupport_cExport.cmake\n'}
[4.928393] (booster_interface) StdoutLine: {'line': b'-- Up-to-date: /home/booster/Workspace/Booster_T1_3v3_Demo/install/booster_interface/share/booster_interface/cmake/booster_interface__rosidl_typesupport_cExport-noconfig.cmake\n'}
[4.928493] (booster_interface) StdoutLine: {'line': b'-- Up-to-date: /home/booster/Workspace/Booster_T1_3v3_Demo/install/booster_interface/share/booster_interface/cmake/booster_interface__rosidl_typesupport_introspection_cppExport.cmake\n'}
[4.928590] (booster_interface) StdoutLine: {'line': b'-- Up-to-date: /home/booster/Workspace/Booster_T1_3v3_Demo/install/booster_interface/share/booster_interface/cmake/booster_interface__rosidl_typesupport_introspection_cppExport-noconfig.cmake\n'}
[4.928685] (booster_interface) StdoutLine: {'line': b'-- Up-to-date: /home/booster/Workspace/Booster_T1_3v3_Demo/install/booster_interface/share/booster_interface/cmake/booster_interface__rosidl_typesupport_cppExport.cmake\n'}
[4.928779] (booster_interface) StdoutLine: {'line': b'-- Up-to-date: /home/booster/Workspace/Booster_T1_3v3_Demo/install/booster_interface/share/booster_interface/cmake/booster_interface__rosidl_typesupport_cppExport-noconfig.cmake\n'}
[4.928900] (booster_interface) StdoutLine: {'line': b'-- Up-to-date: /home/booster/Workspace/Booster_T1_3v3_Demo/install/booster_interface/share/booster_interface/cmake/export_booster_interface__rosidl_generator_pyExport.cmake\n'}
[4.929136] (booster_interface) StdoutLine: {'line': b'-- Up-to-date: /home/booster/Workspace/Booster_T1_3v3_Demo/install/booster_interface/share/booster_interface/cmake/export_booster_interface__rosidl_generator_pyExport-noconfig.cmake\n'}
[4.939225] (booster_interface) CommandEnded: {'returncode': 0}
[4.957930] (vision) StdoutLine: {'line': b'[ 57%] Built target booster_vision_calibration\n'}
[4.977904] (-) TimerEvent: {}
[4.999494] (booster_interface) JobEnded: {'identifier': 'booster_interface', 'rc': 0}
[5.001077] (brain) JobStarted: {'identifier': 'brain'}
[5.078497] (-) TimerEvent: {}
[5.085857] (vision) StdoutLine: {'line': b'[ 63%] Built target yolov8_det\n'}
[5.113264] (brain) JobProgress: {'identifier': 'brain', 'progress': 'cmake'}
[5.113425] (brain) JobProgress: {'identifier': 'brain', 'progress': 'build'}
[5.113483] (brain) Command: {'cmd': ['/usr/bin/cmake', '--build', '/home/booster/Workspace/Booster_T1_3v3_Demo/build/brain', '--', '-j5', '-l5'], 'cwd': '/home/booster/Workspace/Booster_T1_3v3_Demo/build/brain', 'env': OrderedDict([('SUDO_GID', '1000'), ('LESSOPEN', '| /usr/bin/lesspipe %s'), ('PYTHONWARNINGS', 'ignore::DeprecationWarning,ignore::UserWarning,ignore::FutureWarning'), ('MAIL', '/var/mail/root'), ('USER', 'root'), ('SHLVL', '2'), ('LD_LIBRARY_PATH', '/home/booster/Workspace/Booster_T1_3v3_Demo/install/vision_interface/lib:/home/booster/Workspace/Booster_T1_3v3_Demo/install/game_controller_interface/lib:/home/booster/Workspace/Booster_T1_3v3_Demo/install/booster_msgs/lib:/home/booster/Workspace/Booster_T1_3v3_Demo/install/booster_interface/lib:/opt/ros/humble/opt/rviz_ogre_vendor/lib:/opt/ros/humble/lib/aarch64-linux-gnu:/opt/ros/humble/lib'), ('HOME', '/root'), ('OLDPWD', '/home/booster/Workspace/Booster_T1_3v3_Demo/scripts'), ('ROS_PYTHON_VERSION', '3'), ('COLORTERM', 'truecolor'), ('SUDO_UID', '1000'), ('ROS_DISTRO', 'humble'), ('LOGNAME', 'root'), ('_', '/usr/bin/colcon'), ('ROS_VERSION', '2'), ('TERM', 'xterm-256color'), ('ROS_LOCALHOST_ONLY', '0'), ('PATH', '/opt/ros/humble/bin:/usr/local/sbin:/usr/local/bin:/usr/sbin:/usr/bin:/sbin:/bin:/usr/games:/usr/local/games:/snap/bin'), ('FASTRTPS_DEFAULT_PROFILES_FILE', '/opt/booster/BoosterRos2/fastdds_profile.xml'), ('LANG', 'en_US.UTF-8'), ('LS_COLORS', 'rs=0:di=01;34:ln=01;36:mh=00:pi=40;33:so=01;35:do=01;35:bd=40;33;01:cd=40;33;01:or=40;31;01:mi=00:su=37;41:sg=30;43:ca=30;41:tw=30;42:ow=34;42:st=37;44:ex=01;32:*.tar=01;31:*.tgz=01;31:*.arc=01;31:*.arj=01;31:*.taz=01;31:*.lha=01;31:*.lz4=01;31:*.lzh=01;31:*.lzma=01;31:*.tlz=01;31:*.txz=01;31:*.tzo=01;31:*.t7z=01;31:*.zip=01;31:*.z=01;31:*.dz=01;31:*.gz=01;31:*.lrz=01;31:*.lz=01;31:*.lzo=01;31:*.xz=01;31:*.zst=01;31:*.tzst=01;31:*.bz2=01;31:*.bz=01;31:*.tbz=01;31:*.tbz2=01;31:*.tz=01;31:*.deb=01;31:*.rpm=01;31:*.jar=01;31:*.war=01;31:*.ear=01;31:*.sar=01;31:*.rar=01;31:*.alz=01;31:*.ace=01;31:*.zoo=01;31:*.cpio=01;31:*.7z=01;31:*.rz=01;31:*.cab=01;31:*.wim=01;31:*.swm=01;31:*.dwm=01;31:*.esd=01;31:*.jpg=01;35:*.jpeg=01;35:*.mjpg=01;35:*.mjpeg=01;35:*.gif=01;35:*.bmp=01;35:*.pbm=01;35:*.pgm=01;35:*.ppm=01;35:*.tga=01;35:*.xbm=01;35:*.xpm=01;35:*.tif=01;35:*.tiff=01;35:*.png=01;35:*.svg=01;35:*.svgz=01;35:*.mng=01;35:*.pcx=01;35:*.mov=01;35:*.mpg=01;35:*.mpeg=01;35:*.m2v=01;35:*.mkv=01;35:*.webm=01;35:*.webp=01;35:*.ogm=01;35:*.mp4=01;35:*.m4v=01;35:*.mp4v=01;35:*.vob=01;35:*.qt=01;35:*.nuv=01;35:*.wmv=01;35:*.asf=01;35:*.rm=01;35:*.rmvb=01;35:*.flc=01;35:*.avi=01;35:*.fli=01;35:*.flv=01;35:*.gl=01;35:*.dl=01;35:*.xcf=01;35:*.xwd=01;35:*.yuv=01;35:*.cgm=01;35:*.emf=01;35:*.ogv=01;35:*.ogx=01;35:*.aac=00;36:*.au=00;36:*.flac=00;36:*.m4a=00;36:*.mid=00;36:*.midi=00;36:*.mka=00;36:*.mp3=00;36:*.mpc=00;36:*.ogg=00;36:*.ra=00;36:*.wav=00;36:*.oga=00;36:*.opus=00;36:*.spx=00;36:*.xspf=00;36:'), ('SUDO_COMMAND', '/usr/bin/su'), ('AMENT_PREFIX_PATH', '/home/booster/Workspace/Booster_T1_3v3_Demo/install/vision_interface:/home/booster/Workspace/Booster_T1_3v3_Demo/install/game_controller_interface:/home/booster/Workspace/Booster_T1_3v3_Demo/install/booster_msgs:/home/booster/Workspace/Booster_T1_3v3_Demo/install/booster_interface:/opt/ros/humble'), ('SHELL', '/bin/bash'), ('SUDO_USER', 'booster'), ('LESSCLOSE', '/usr/bin/lesspipe %s %s'), ('PWD', '/home/booster/Workspace/Booster_T1_3v3_Demo/build/brain'), ('PYTHONPATH', '/home/booster/Workspace/Booster_T1_3v3_Demo/install/vision_interface/local/lib/python3.10/dist-packages:/home/booster/Workspace/Booster_T1_3v3_Demo/install/game_controller_interface/local/lib/python3.10/dist-packages:/home/booster/Workspace/Booster_T1_3v3_Demo/install/booster_msgs/local/lib/python3.10/dist-packages:/home/booster/Workspace/Booster_T1_3v3_Demo/install/booster_interface/local/lib/python3.10/dist-packages:/opt/ros/humble/lib/python3.10/site-packages:/opt/ros/humble/local/lib/python3.10/dist-packages'), ('COLCON', '1'), ('CMAKE_PREFIX_PATH', '/home/booster/Workspace/Booster_T1_3v3_Demo/install/vision_interface:/home/booster/Workspace/Booster_T1_3v3_Demo/install/game_controller_interface:/home/booster/Workspace/Booster_T1_3v3_Demo/install/booster_msgs:/home/booster/Workspace/Booster_T1_3v3_Demo/install/booster_interface:/opt/ros/humble')]), 'shell': False}
[5.179112] (-) TimerEvent: {}
[5.207877] (vision) StdoutLine: {'line': b'[ 72%] Built target yolov8_model\n'}
[5.279266] (-) TimerEvent: {}
[5.321222] (vision) StdoutLine: {'line': b'[ 78%] Built target booster_vision_pose_estimator\n'}
[5.330968] (sound_play) StdoutLine: {'line': b'running egg_info\n'}
[5.332412] (sound_play) StdoutLine: {'line': b'writing sound_play.egg-info/PKG-INFO\n'}
[5.333031] (sound_play) StdoutLine: {'line': b'writing dependency_links to sound_play.egg-info/dependency_links.txt\n'}
[5.334066] (sound_play) StdoutLine: {'line': b'writing entry points to sound_play.egg-info/entry_points.txt\n'}
[5.338518] (sound_play) StdoutLine: {'line': b'writing requirements to sound_play.egg-info/requires.txt\n'}
[5.338929] (sound_play) StdoutLine: {'line': b'writing top-level names to sound_play.egg-info/top_level.txt\n'}
[5.346912] (sound_play) StdoutLine: {'line': b"reading manifest file 'sound_play.egg-info/SOURCES.txt'\n"}
[5.351679] (sound_play) StdoutLine: {'line': b"writing manifest file 'sound_play.egg-info/SOURCES.txt'\n"}
[5.357745] (sound_play) StdoutLine: {'line': b'running build_ext\n'}
[5.358841] (sound_play) StdoutLine: {'line': b'Creating /home/booster/Workspace/Booster_T1_3v3_Demo/install/sound_play/lib/python3.10/site-packages/sound-play.egg-link (link to .)\n'}
[5.360567] (sound_play) StdoutLine: {'line': b'Installing sound_play_node script to /home/booster/Workspace/Booster_T1_3v3_Demo/install/sound_play/lib/sound_play\n'}
[5.361067] (sound_play) StdoutLine: {'line': b'\n'}
[5.361245] (sound_play) StdoutLine: {'line': b'Installed /home/booster/Workspace/Booster_T1_3v3_Demo/build/sound_play\n'}
[5.361421] (sound_play) StdoutLine: {'line': b'running symlink_data\n'}
[5.379452] (-) TimerEvent: {}
[5.460848] (sound_play) CommandEnded: {'returncode': 0}
[5.465383] (brain) StdoutLine: {'line': b'[  2%] Built target brain__cpp\n'}
[5.474150] (vision) StdoutLine: {'line': b'[ 90%] Built target vision_node\n'}
[5.480692] (-) TimerEvent: {}
[5.541170] (sound_play) JobEnded: {'identifier': 'sound_play', 'rc': 0}
[5.565292] (brain) StdoutLine: {'line': b'[  2%] Built target ament_cmake_python_symlink_brain\n'}
[5.580830] (-) TimerEvent: {}
[5.602023] (vision) StdoutLine: {'line': b'[100%] Built target calibration_node\n'}
[5.641915] (vision) CommandEnded: {'returncode': 0}
[5.644267] (vision) JobProgress: {'identifier': 'vision', 'progress': 'install'}
[5.645674] (vision) Command: {'cmd': ['/usr/bin/cmake', '--install', '/home/booster/Workspace/Booster_T1_3v3_Demo/build/vision'], 'cwd': '/home/booster/Workspace/Booster_T1_3v3_Demo/build/vision', 'env': OrderedDict([('SUDO_GID', '1000'), ('LESSOPEN', '| /usr/bin/lesspipe %s'), ('PYTHONWARNINGS', 'ignore::DeprecationWarning,ignore::UserWarning,ignore::FutureWarning'), ('MAIL', '/var/mail/root'), ('USER', 'root'), ('SHLVL', '2'), ('LD_LIBRARY_PATH', '/home/booster/Workspace/Booster_T1_3v3_Demo/install/vision_interface/lib:/opt/ros/humble/opt/rviz_ogre_vendor/lib:/opt/ros/humble/lib/aarch64-linux-gnu:/opt/ros/humble/lib'), ('HOME', '/root'), ('OLDPWD', '/home/booster/Workspace/Booster_T1_3v3_Demo/scripts'), ('ROS_PYTHON_VERSION', '3'), ('COLORTERM', 'truecolor'), ('SUDO_UID', '1000'), ('ROS_DISTRO', 'humble'), ('LOGNAME', 'root'), ('_', '/usr/bin/colcon'), ('ROS_VERSION', '2'), ('TERM', 'xterm-256color'), ('ROS_LOCALHOST_ONLY', '0'), ('PATH', '/opt/ros/humble/bin:/usr/local/sbin:/usr/local/bin:/usr/sbin:/usr/bin:/sbin:/bin:/usr/games:/usr/local/games:/snap/bin'), ('FASTRTPS_DEFAULT_PROFILES_FILE', '/opt/booster/BoosterRos2/fastdds_profile.xml'), ('LANG', 'en_US.UTF-8'), ('LS_COLORS', 'rs=0:di=01;34:ln=01;36:mh=00:pi=40;33:so=01;35:do=01;35:bd=40;33;01:cd=40;33;01:or=40;31;01:mi=00:su=37;41:sg=30;43:ca=30;41:tw=30;42:ow=34;42:st=37;44:ex=01;32:*.tar=01;31:*.tgz=01;31:*.arc=01;31:*.arj=01;31:*.taz=01;31:*.lha=01;31:*.lz4=01;31:*.lzh=01;31:*.lzma=01;31:*.tlz=01;31:*.txz=01;31:*.tzo=01;31:*.t7z=01;31:*.zip=01;31:*.z=01;31:*.dz=01;31:*.gz=01;31:*.lrz=01;31:*.lz=01;31:*.lzo=01;31:*.xz=01;31:*.zst=01;31:*.tzst=01;31:*.bz2=01;31:*.bz=01;31:*.tbz=01;31:*.tbz2=01;31:*.tz=01;31:*.deb=01;31:*.rpm=01;31:*.jar=01;31:*.war=01;31:*.ear=01;31:*.sar=01;31:*.rar=01;31:*.alz=01;31:*.ace=01;31:*.zoo=01;31:*.cpio=01;31:*.7z=01;31:*.rz=01;31:*.cab=01;31:*.wim=01;31:*.swm=01;31:*.dwm=01;31:*.esd=01;31:*.jpg=01;35:*.jpeg=01;35:*.mjpg=01;35:*.mjpeg=01;35:*.gif=01;35:*.bmp=01;35:*.pbm=01;35:*.pgm=01;35:*.ppm=01;35:*.tga=01;35:*.xbm=01;35:*.xpm=01;35:*.tif=01;35:*.tiff=01;35:*.png=01;35:*.svg=01;35:*.svgz=01;35:*.mng=01;35:*.pcx=01;35:*.mov=01;35:*.mpg=01;35:*.mpeg=01;35:*.m2v=01;35:*.mkv=01;35:*.webm=01;35:*.webp=01;35:*.ogm=01;35:*.mp4=01;35:*.m4v=01;35:*.mp4v=01;35:*.vob=01;35:*.qt=01;35:*.nuv=01;35:*.wmv=01;35:*.asf=01;35:*.rm=01;35:*.rmvb=01;35:*.flc=01;35:*.avi=01;35:*.fli=01;35:*.flv=01;35:*.gl=01;35:*.dl=01;35:*.xcf=01;35:*.xwd=01;35:*.yuv=01;35:*.cgm=01;35:*.emf=01;35:*.ogv=01;35:*.ogx=01;35:*.aac=00;36:*.au=00;36:*.flac=00;36:*.m4a=00;36:*.mid=00;36:*.midi=00;36:*.mka=00;36:*.mp3=00;36:*.mpc=00;36:*.ogg=00;36:*.ra=00;36:*.wav=00;36:*.oga=00;36:*.opus=00;36:*.spx=00;36:*.xspf=00;36:'), ('SUDO_COMMAND', '/usr/bin/su'), ('AMENT_PREFIX_PATH', '/home/booster/Workspace/Booster_T1_3v3_Demo/install/vision_interface:/opt/ros/humble'), ('SHELL', '/bin/bash'), ('SUDO_USER', 'booster'), ('LESSCLOSE', '/usr/bin/lesspipe %s %s'), ('PWD', '/home/booster/Workspace/Booster_T1_3v3_Demo/build/vision'), ('PYTHONPATH', '/home/booster/Workspace/Booster_T1_3v3_Demo/install/vision_interface/local/lib/python3.10/dist-packages:/opt/ros/humble/lib/python3.10/site-packages:/opt/ros/humble/local/lib/python3.10/dist-packages'), ('COLCON', '1'), ('CMAKE_PREFIX_PATH', '/home/booster/Workspace/Booster_T1_3v3_Demo/install/vision_interface:/opt/ros/humble')]), 'shell': False}
[5.681086] (-) TimerEvent: {}
[5.693179] (brain) StdoutLine: {'line': b'[  9%] Built target brain__rosidl_typesupport_introspection_cpp\n'}
[5.694157] (vision) StdoutLine: {'line': b'-- Install configuration: ""\n'}
[5.696964] (vision) StdoutLine: {'line': b'-- Execute custom install script\n'}
[5.697604] (vision) StdoutLine: {'line': b'-- Up-to-date symlink: /home/booster/Workspace/Booster_T1_3v3_Demo/install/vision/lib/libbooster_vision_base.so\n'}
[5.698010] (vision) StdoutLine: {'line': b'-- Up-to-date symlink: /home/booster/Workspace/Booster_T1_3v3_Demo/install/vision/lib/libyolov8_trt.so\n'}
[5.698142] (vision) StdoutLine: {'line': b'-- Up-to-date symlink: /home/booster/Workspace/Booster_T1_3v3_Demo/install/vision/lib/vision/yolov8_det\n'}
[5.698623] (vision) StdoutLine: {'line': b'-- Up-to-date symlink: /home/booster/Workspace/Booster_T1_3v3_Demo/install/vision/lib/vision/yolov8_seg\n'}
[5.698741] (vision) StdoutLine: {'line': b'-- Up-to-date symlink: /home/booster/Workspace/Booster_T1_3v3_Demo/install/vision/lib/libyolov8_model.so\n'}
[5.699264] (vision) StdoutLine: {'line': b'-- Up-to-date symlink: /home/booster/Workspace/Booster_T1_3v3_Demo/install/vision/lib/libbooster_vision_pose_estimator.so\n'}
[5.699437] (vision) StdoutLine: {'line': b'-- Up-to-date symlink: /home/booster/Workspace/Booster_T1_3v3_Demo/install/vision/lib/vision/calibration_node\n'}
[5.699600] (vision) StdoutLine: {'line': b'-- Up-to-date symlink: /home/booster/Workspace/Booster_T1_3v3_Demo/install/vision/lib/libbooster_vision_calibration.so\n'}
[5.705853] (vision) StdoutLine: {'line': b'-- Up-to-date symlink: /home/booster/Workspace/Booster_T1_3v3_Demo/install/vision/lib/vision/vision_node\n'}
[5.706204] (vision) StdoutLine: {'line': b'-- Up-to-date symlink: /home/booster/Workspace/Booster_T1_3v3_Demo/install/vision/share/vision/launch/launch.py\n'}
[5.706327] (vision) StdoutLine: {'line': b'-- Up-to-date symlink: /home/booster/Workspace/Booster_T1_3v3_Demo/install/vision/share/vision/config/field.yaml\n'}
[5.706432] (vision) StdoutLine: {'line': b'-- Up-to-date symlink: /home/booster/Workspace/Booster_T1_3v3_Demo/install/vision/share/vision/config/vision.yaml\n'}
[5.706529] (vision) StdoutLine: {'line': b'-- Up-to-date symlink: /home/booster/Workspace/Booster_T1_3v3_Demo/install/vision/share/vision/model/best_orin.engine\n'}
[5.706625] (vision) StdoutLine: {'line': b'-- Up-to-date symlink: /home/booster/Workspace/Booster_T1_3v3_Demo/install/vision/share/vision/model/best_orin_10.3.engine\n'}
[5.706719] (vision) StdoutLine: {'line': b'-- Up-to-date symlink: /home/booster/Workspace/Booster_T1_3v3_Demo/install/vision/share/vision/model/best_seg_orin.engine\n'}
[5.706835] (vision) StdoutLine: {'line': b'-- Up-to-date symlink: /home/booster/Workspace/Booster_T1_3v3_Demo/install/vision/share/vision/model/best_seg_orin_10.3.engine\n'}
[5.706928] (vision) StdoutLine: {'line': b'-- Up-to-date symlink: /home/booster/Workspace/Booster_T1_3v3_Demo/install/vision/share/ament_index/resource_index/package_run_dependencies/vision\n'}
[5.708038] (vision) StdoutLine: {'line': b'-- Up-to-date symlink: /home/booster/Workspace/Booster_T1_3v3_Demo/install/vision/share/ament_index/resource_index/parent_prefix_path/vision\n'}
[5.708181] (vision) StdoutLine: {'line': b'-- Up-to-date symlink: /home/booster/Workspace/Booster_T1_3v3_Demo/install/vision/share/vision/environment/ament_prefix_path.sh\n'}
[5.708286] (vision) StdoutLine: {'line': b'-- Up-to-date symlink: /home/booster/Workspace/Booster_T1_3v3_Demo/install/vision/share/vision/environment/ament_prefix_path.dsv\n'}
[5.708402] (vision) StdoutLine: {'line': b'-- Up-to-date symlink: /home/booster/Workspace/Booster_T1_3v3_Demo/install/vision/share/vision/environment/path.sh\n'}
[5.708500] (vision) StdoutLine: {'line': b'-- Up-to-date symlink: /home/booster/Workspace/Booster_T1_3v3_Demo/install/vision/share/vision/environment/path.dsv\n'}
[5.709172] (vision) StdoutLine: {'line': b'-- Up-to-date symlink: /home/booster/Workspace/Booster_T1_3v3_Demo/install/vision/share/vision/local_setup.bash\n'}
[5.709299] (vision) StdoutLine: {'line': b'-- Up-to-date symlink: /home/booster/Workspace/Booster_T1_3v3_Demo/install/vision/share/vision/local_setup.sh\n'}
[5.709428] (vision) StdoutLine: {'line': b'-- Up-to-date symlink: /home/booster/Workspace/Booster_T1_3v3_Demo/install/vision/share/vision/local_setup.zsh\n'}
[5.709649] (vision) StdoutLine: {'line': b'-- Up-to-date symlink: /home/booster/Workspace/Booster_T1_3v3_Demo/install/vision/share/vision/local_setup.dsv\n'}
[5.709819] (vision) StdoutLine: {'line': b'-- Symlinking: /home/booster/Workspace/Booster_T1_3v3_Demo/install/vision/share/vision/package.dsv\n'}
[5.755322] (vision) StdoutLine: {'line': b'-- Up-to-date symlink: /home/booster/Workspace/Booster_T1_3v3_Demo/install/vision/share/ament_index/resource_index/packages/vision\n'}
[5.755843] (vision) StdoutLine: {'line': b'-- Up-to-date symlink: /home/booster/Workspace/Booster_T1_3v3_Demo/install/vision/share/vision/cmake/ament_cmake_export_include_directories-extras.cmake\n'}
[5.756044] (vision) StdoutLine: {'line': b'-- Up-to-date symlink: /home/booster/Workspace/Booster_T1_3v3_Demo/install/vision/share/vision/cmake/visionConfig.cmake\n'}
[5.756178] (vision) StdoutLine: {'line': b'-- Up-to-date symlink: /home/booster/Workspace/Booster_T1_3v3_Demo/install/vision/share/vision/cmake/visionConfig-version.cmake\n'}
[5.756291] (vision) StdoutLine: {'line': b'-- Up-to-date symlink: /home/booster/Workspace/Booster_T1_3v3_Demo/install/vision/share/vision/package.xml\n'}
[5.756635] (vision) StdoutLine: {'line': b'-- Up-to-date: /home/booster/Workspace/Booster_T1_3v3_Demo/install/vision/lib\n'}
[5.756821] (vision) StdoutLine: {'line': b'-- Up-to-date: /home/booster/Workspace/Booster_T1_3v3_Demo/install/vision/lib/libceres.so\n'}
[5.756930] (vision) StdoutLine: {'line': b'-- Up-to-date: /home/booster/Workspace/Booster_T1_3v3_Demo/install/vision/lib/cmake\n'}
[5.757027] (vision) StdoutLine: {'line': b'-- Up-to-date: /home/booster/Workspace/Booster_T1_3v3_Demo/install/vision/lib/cmake/Ceres\n'}
[5.757120] (vision) StdoutLine: {'line': b'-- Up-to-date: /home/booster/Workspace/Booster_T1_3v3_Demo/install/vision/lib/libceres.so.4\n'}
[5.757281] (vision) StdoutLine: {'line': b'-- Up-to-date: /home/booster/Workspace/Booster_T1_3v3_Demo/install/vision/lib/libceres.so.2.2.0\n'}
[5.761159] (vision) CommandEnded: {'returncode': 0}
[5.781832] (-) TimerEvent: {}
[5.823573] (vision) JobEnded: {'identifier': 'vision', 'rc': 0}
[5.881970] (-) TimerEvent: {}
[5.982551] (-) TimerEvent: {}
[6.083083] (-) TimerEvent: {}
[6.183620] (-) TimerEvent: {}
[6.201575] (brain) StdoutLine: {'line': b'running egg_info\n'}
[6.203256] (brain) StdoutLine: {'line': b'writing brain.egg-info/PKG-INFO\n'}
[6.203882] (brain) StdoutLine: {'line': b'writing dependency_links to brain.egg-info/dependency_links.txt\n'}
[6.204128] (brain) StdoutLine: {'line': b'writing top-level names to brain.egg-info/top_level.txt\n'}
[6.208769] (brain) StdoutLine: {'line': b"reading manifest file 'brain.egg-info/SOURCES.txt'\n"}
[6.209867] (brain) StdoutLine: {'line': b"writing manifest file 'brain.egg-info/SOURCES.txt'\n"}
[6.277085] (brain) StdoutLine: {'line': b'[  9%] Built target ament_cmake_python_build_brain_egg\n'}
[6.283806] (-) TimerEvent: {}
[6.358628] (brain) StdoutLine: {'line': b'[ 17%] Built target brain__rosidl_typesupport_fastrtps_cpp\n'}
[6.383978] (-) TimerEvent: {}
[6.446440] (brain) StdoutLine: {'line': b'[ 24%] Built target brain__rosidl_typesupport_cpp\n'}
[6.484174] (-) TimerEvent: {}
[6.491512] (brain) StdoutLine: {'line': b'[ 31%] Built target brain__rosidl_generator_c\n'}
[6.581706] (brain) StdoutLine: {'line': b'[ 34%] \x1b[32mBuilding CXX object CMakeFiles/brain_node.dir/src/brain_tree.cpp.o\x1b[0m\n'}
[6.584528] (-) TimerEvent: {}
[6.685084] (-) TimerEvent: {}
[6.785574] (-) TimerEvent: {}
[6.886103] (-) TimerEvent: {}
[6.986796] (-) TimerEvent: {}
[7.087711] (-) TimerEvent: {}
[7.189501] (-) TimerEvent: {}
[7.290227] (-) TimerEvent: {}
[7.391104] (-) TimerEvent: {}
[7.492099] (-) TimerEvent: {}
[7.592694] (-) TimerEvent: {}
[7.693301] (-) TimerEvent: {}
[7.794446] (-) TimerEvent: {}
[7.894940] (-) TimerEvent: {}
[7.995519] (-) TimerEvent: {}
[8.096029] (-) TimerEvent: {}
[8.197028] (-) TimerEvent: {}
[8.298040] (-) TimerEvent: {}
[8.398894] (-) TimerEvent: {}
[8.499465] (-) TimerEvent: {}
[8.599967] (-) TimerEvent: {}
[8.701139] (-) TimerEvent: {}
[8.801875] (-) TimerEvent: {}
[8.905519] (-) TimerEvent: {}
[9.007004] (-) TimerEvent: {}
[9.107547] (-) TimerEvent: {}
[9.208153] (-) TimerEvent: {}
[9.308763] (-) TimerEvent: {}
[9.409754] (-) TimerEvent: {}
[9.510316] (-) TimerEvent: {}
[9.610828] (-) TimerEvent: {}
[9.711350] (-) TimerEvent: {}
[9.811946] (-) TimerEvent: {}
[9.913341] (-) TimerEvent: {}
[10.014104] (-) TimerEvent: {}
[10.114633] (-) TimerEvent: {}
[10.215180] (-) TimerEvent: {}
[10.315776] (-) TimerEvent: {}
[10.416297] (-) TimerEvent: {}
[10.516854] (-) TimerEvent: {}
[10.617366] (-) TimerEvent: {}
[10.718258] (-) TimerEvent: {}
[10.818876] (-) TimerEvent: {}
[10.919706] (-) TimerEvent: {}
[11.020201] (-) TimerEvent: {}
[11.120720] (-) TimerEvent: {}
[11.221244] (-) TimerEvent: {}
[11.322018] (-) TimerEvent: {}
[11.422537] (-) TimerEvent: {}
[11.523546] (-) TimerEvent: {}
[11.624122] (-) TimerEvent: {}
[11.725102] (-) TimerEvent: {}
[11.825803] (-) TimerEvent: {}
[11.926327] (-) TimerEvent: {}
[12.027034] (-) TimerEvent: {}
[12.127593] (-) TimerEvent: {}
[12.228938] (-) TimerEvent: {}
[12.330003] (-) TimerEvent: {}
[12.430515] (-) TimerEvent: {}
[12.531229] (-) TimerEvent: {}
[12.631789] (-) TimerEvent: {}
[12.733051] (-) TimerEvent: {}
[12.833623] (-) TimerEvent: {}
[12.934209] (-) TimerEvent: {}
[13.034925] (-) TimerEvent: {}
[13.135455] (-) TimerEvent: {}
[13.236226] (-) TimerEvent: {}
[13.336800] (-) TimerEvent: {}
[13.437312] (-) TimerEvent: {}
[13.537833] (-) TimerEvent: {}
[13.641090] (-) TimerEvent: {}
[13.744143] (-) TimerEvent: {}
[13.844737] (-) TimerEvent: {}
[13.945230] (-) TimerEvent: {}
[14.045707] (-) TimerEvent: {}
[14.146435] (-) TimerEvent: {}
[14.247463] (-) TimerEvent: {}
[14.348196] (-) TimerEvent: {}
[14.448815] (-) TimerEvent: {}
[14.549328] (-) TimerEvent: {}
[14.649872] (-) TimerEvent: {}
[14.750624] (-) TimerEvent: {}
[14.851153] (-) TimerEvent: {}
[14.951741] (-) TimerEvent: {}
[15.052426] (-) TimerEvent: {}
[15.153164] (-) TimerEvent: {}
[15.255222] (-) TimerEvent: {}
[15.355733] (-) TimerEvent: {}
[15.456252] (-) TimerEvent: {}
[15.556708] (-) TimerEvent: {}
[15.657226] (-) TimerEvent: {}
[15.757948] (-) TimerEvent: {}
[15.858883] (-) TimerEvent: {}
[15.959439] (-) TimerEvent: {}
[16.059968] (-) TimerEvent: {}
[16.160568] (-) TimerEvent: {}
[16.261153] (-) TimerEvent: {}
[16.362356] (-) TimerEvent: {}
[16.463001] (-) TimerEvent: {}
[16.563443] (-) TimerEvent: {}
[16.664928] (-) TimerEvent: {}
[16.765522] (-) TimerEvent: {}
[16.866687] (-) TimerEvent: {}
[16.967231] (-) TimerEvent: {}
[17.067697] (-) TimerEvent: {}
[17.168169] (-) TimerEvent: {}
[17.268731] (-) TimerEvent: {}
[17.369264] (-) TimerEvent: {}
[17.470181] (-) TimerEvent: {}
[17.570772] (-) TimerEvent: {}
[17.672040] (-) TimerEvent: {}
[17.773193] (-) TimerEvent: {}
[17.874032] (-) TimerEvent: {}
[17.974626] (-) TimerEvent: {}
[18.075214] (-) TimerEvent: {}
[18.176554] (-) TimerEvent: {}
[18.277078] (-) TimerEvent: {}
[18.377938] (-) TimerEvent: {}
[18.479154] (-) TimerEvent: {}
[18.580091] (-) TimerEvent: {}
[18.681328] (-) TimerEvent: {}
[18.781970] (-) TimerEvent: {}
[18.882820] (-) TimerEvent: {}
[18.983938] (-) TimerEvent: {}
[19.084824] (-) TimerEvent: {}
[19.185535] (-) TimerEvent: {}
[19.286231] (-) TimerEvent: {}
[19.386863] (-) TimerEvent: {}
[19.487376] (-) TimerEvent: {}
[19.589496] (-) TimerEvent: {}
[19.689999] (-) TimerEvent: {}
[19.790533] (-) TimerEvent: {}
[19.891118] (-) TimerEvent: {}
[19.992635] (-) TimerEvent: {}
[20.093316] (-) TimerEvent: {}
[20.193866] (-) TimerEvent: {}
[20.294408] (-) TimerEvent: {}
[20.394951] (-) TimerEvent: {}
[20.495679] (-) TimerEvent: {}
[20.596386] (-) TimerEvent: {}
[20.697049] (-) TimerEvent: {}
[20.797751] (-) TimerEvent: {}
[20.898517] (-) TimerEvent: {}
[20.999316] (-) TimerEvent: {}
[21.100167] (-) TimerEvent: {}
[21.201559] (-) TimerEvent: {}
[21.302439] (-) TimerEvent: {}
[21.403147] (-) TimerEvent: {}
[21.503725] (-) TimerEvent: {}
[21.604278] (-) TimerEvent: {}
[21.705144] (-) TimerEvent: {}
[21.805940] (-) TimerEvent: {}
[21.906971] (-) TimerEvent: {}
[22.007618] (-) TimerEvent: {}
[22.108401] (-) TimerEvent: {}
[22.208953] (-) TimerEvent: {}
[22.309863] (-) TimerEvent: {}
[22.410584] (-) TimerEvent: {}
[22.511710] (-) TimerEvent: {}
[22.614286] (-) TimerEvent: {}
[22.715153] (-) TimerEvent: {}
[22.815655] (-) TimerEvent: {}
[22.916352] (-) TimerEvent: {}
[23.017467] (-) TimerEvent: {}
[23.118440] (-) TimerEvent: {}
[23.218959] (-) TimerEvent: {}
[23.319497] (-) TimerEvent: {}
[23.420877] (-) TimerEvent: {}
[23.521838] (-) TimerEvent: {}
[23.622369] (-) TimerEvent: {}
[23.722834] (-) TimerEvent: {}
[23.823352] (-) TimerEvent: {}
[23.924226] (-) TimerEvent: {}
[24.024682] (-) TimerEvent: {}
[24.125204] (-) TimerEvent: {}
[24.225750] (-) TimerEvent: {}
[24.326519] (-) TimerEvent: {}
[24.427295] (-) TimerEvent: {}
[24.527818] (-) TimerEvent: {}
[24.628392] (-) TimerEvent: {}
[24.730484] (-) TimerEvent: {}
[24.832141] (-) TimerEvent: {}
[24.932819] (-) TimerEvent: {}
[25.033641] (-) TimerEvent: {}
[25.134143] (-) TimerEvent: {}
[25.234960] (-) TimerEvent: {}
[25.335577] (-) TimerEvent: {}
[25.436440] (-) TimerEvent: {}
[25.536996] (-) TimerEvent: {}
[25.637865] (-) TimerEvent: {}
[25.738435] (-) TimerEvent: {}
[25.839518] (-) TimerEvent: {}
[25.940058] (-) TimerEvent: {}
[26.040589] (-) TimerEvent: {}
[26.141158] (-) TimerEvent: {}
[26.241977] (-) TimerEvent: {}
[26.342562] (-) TimerEvent: {}
[26.443094] (-) TimerEvent: {}
[26.544145] (-) TimerEvent: {}
[26.644624] (-) TimerEvent: {}
[26.745179] (-) TimerEvent: {}
[26.845769] (-) TimerEvent: {}
[26.946794] (-) TimerEvent: {}
[27.047722] (-) TimerEvent: {}
[27.148810] (-) TimerEvent: {}
[27.249595] (-) TimerEvent: {}
[27.350468] (-) TimerEvent: {}
[27.451034] (-) TimerEvent: {}
[27.551538] (-) TimerEvent: {}
[27.652069] (-) TimerEvent: {}
[27.752582] (-) TimerEvent: {}
[27.853840] (-) TimerEvent: {}
[27.956551] (-) TimerEvent: {}
[28.059706] (-) TimerEvent: {}
[28.160244] (-) TimerEvent: {}
[28.261577] (-) TimerEvent: {}
[28.362514] (-) TimerEvent: {}
[28.463550] (-) TimerEvent: {}
[28.564091] (-) TimerEvent: {}
[28.664675] (-) TimerEvent: {}
[28.765477] (-) TimerEvent: {}
[28.866094] (-) TimerEvent: {}
[28.966723] (-) TimerEvent: {}
[29.067787] (-) TimerEvent: {}
[29.168536] (-) TimerEvent: {}
[29.269461] (-) TimerEvent: {}
[29.369947] (-) TimerEvent: {}
[29.470600] (-) TimerEvent: {}
[29.571761] (-) TimerEvent: {}
[29.672498] (-) TimerEvent: {}
[29.773097] (-) TimerEvent: {}
[29.873677] (-) TimerEvent: {}
[29.974313] (-) TimerEvent: {}
[30.075649] (-) TimerEvent: {}
[30.176224] (-) TimerEvent: {}
[30.276875] (-) TimerEvent: {}
[30.377434] (-) TimerEvent: {}
[30.481235] (-) TimerEvent: {}
[30.581750] (-) TimerEvent: {}
[30.682243] (-) TimerEvent: {}
[30.782899] (-) TimerEvent: {}
[30.883776] (-) TimerEvent: {}
[30.984568] (-) TimerEvent: {}
[31.085159] (-) TimerEvent: {}
[31.185686] (-) TimerEvent: {}
[31.286198] (-) TimerEvent: {}
[31.386659] (-) TimerEvent: {}
[31.487152] (-) TimerEvent: {}
[31.587638] (-) TimerEvent: {}
[31.688179] (-) TimerEvent: {}
[31.789169] (-) TimerEvent: {}
[31.889809] (-) TimerEvent: {}
[31.990392] (-) TimerEvent: {}
[32.090917] (-) TimerEvent: {}
[32.191416] (-) TimerEvent: {}
[32.292660] (-) TimerEvent: {}
[32.393299] (-) TimerEvent: {}
[32.398633] (brain) StderrLine: {'line': b'\x1b[01m\x1b[K/home/booster/Workspace/Booster_T1_3v3_Demo/src/brain/src/brain_tree.cpp:\x1b[m\x1b[K In member function \xe2\x80\x98\x1b[01m\x1b[Kvirtual BT::NodeStatus GoToReadyPosition::tick()\x1b[m\x1b[K\xe2\x80\x99:\n'}
[32.399067] (brain) StderrLine: {'line': b'\x1b[01m\x1b[K/home/booster/Workspace/Booster_T1_3v3_Demo/src/brain/src/brain_tree.cpp:2325:12:\x1b[m\x1b[K \x1b[01;35m\x1b[Kwarning: \x1b[m\x1b[Kvariable \xe2\x80\x98\x1b[01m\x1b[Ktx\x1b[m\x1b[K\xe2\x80\x99 set but not used [\x1b[01;35m\x1b[K\x1b]8;;https://gcc.gnu.org/onlinedocs/gcc/Warning-Options.html#index-Wunused-but-set-variable\x07-Wunused-but-set-variable\x1b]8;;\x07\x1b[m\x1b[K]\n'}
[32.399233] (brain) StderrLine: {'line': b' 2325 |     double \x1b[01;35m\x1b[Ktx\x1b[m\x1b[K = 0.0, ty = 0.0, ttheta = 0.0;\n'}
[32.399349] (brain) StderrLine: {'line': b'      |            \x1b[01;35m\x1b[K^~\x1b[m\x1b[K\n'}
[32.399458] (brain) StderrLine: {'line': b'\x1b[01m\x1b[K/home/booster/Workspace/Booster_T1_3v3_Demo/src/brain/src/brain_tree.cpp:2325:22:\x1b[m\x1b[K \x1b[01;35m\x1b[Kwarning: \x1b[m\x1b[Kvariable \xe2\x80\x98\x1b[01m\x1b[Kty\x1b[m\x1b[K\xe2\x80\x99 set but not used [\x1b[01;35m\x1b[K\x1b]8;;https://gcc.gnu.org/onlinedocs/gcc/Warning-Options.html#index-Wunused-but-set-variable\x07-Wunused-but-set-variable\x1b]8;;\x07\x1b[m\x1b[K]\n'}
[32.399582] (brain) StderrLine: {'line': b' 2325 |     double tx = 0.0, \x1b[01;35m\x1b[Kty\x1b[m\x1b[K = 0.0, ttheta = 0.0;\n'}
[32.399705] (brain) StderrLine: {'line': b'      |                      \x1b[01;35m\x1b[K^~\x1b[m\x1b[K\n'}
[32.425410] (brain) StderrLine: {'line': b'\x1b[01m\x1b[K/home/booster/Workspace/Booster_T1_3v3_Demo/src/brain/src/brain_tree.cpp:\x1b[m\x1b[K In member function \xe2\x80\x98\x1b[01m\x1b[Kvirtual BT::NodeStatus Y_Keeper::tick()\x1b[m\x1b[K\xe2\x80\x99:\n'}
[32.426064] (brain) StderrLine: {'line': b'\x1b[01m\x1b[K/home/booster/Workspace/Booster_T1_3v3_Demo/src/brain/src/brain_tree.cpp:2730:23:\x1b[m\x1b[K \x1b[01;35m\x1b[Kwarning: \x1b[m\x1b[Ksuggest parentheses around assignment used as truth value [\x1b[01;35m\x1b[K\x1b]8;;https://gcc.gnu.org/onlinedocs/gcc/Warning-Options.html#index-Wparentheses\x07-Wparentheses\x1b]8;;\x07\x1b[m\x1b[K]\n'}
[32.426230] (brain) StderrLine: {'line': b' 2730 |              if (\x1b[01;35m\x1b[KtmID = brain->config->playerId\x1b[m\x1b[K)\n'}
[32.426377] (brain) StderrLine: {'line': b'      |                  \x1b[01;35m\x1b[K~~~~~^~~~~~~~~~~~~~~~~~~~~~~~~\x1b[m\x1b[K\n'}
[32.493408] (-) TimerEvent: {}
[32.593886] (-) TimerEvent: {}
[32.694370] (-) TimerEvent: {}
[32.794865] (-) TimerEvent: {}
[32.895788] (-) TimerEvent: {}
[32.996343] (-) TimerEvent: {}
[33.097262] (-) TimerEvent: {}
[33.198029] (-) TimerEvent: {}
[33.298619] (-) TimerEvent: {}
[33.399196] (-) TimerEvent: {}
[33.499652] (-) TimerEvent: {}
[33.586715] (brain) StderrLine: {'line': b'In file included from \x1b[01m\x1b[K/usr/include/c++/11/bits/stl_algobase.h:64\x1b[m\x1b[K,\n'}
[33.587211] (brain) StderrLine: {'line': b'                 from \x1b[01m\x1b[K/usr/include/c++/11/bits/specfun.h:45\x1b[m\x1b[K,\n'}
[33.587457] (brain) StderrLine: {'line': b'                 from \x1b[01m\x1b[K/usr/include/c++/11/cmath:1935\x1b[m\x1b[K,\n'}
[33.587579] (brain) StderrLine: {'line': b'                 from \x1b[01m\x1b[K/home/booster/Workspace/Booster_T1_3v3_Demo/src/brain/src/brain_tree.cpp:1\x1b[m\x1b[K:\n'}
[33.587690] (brain) StderrLine: {'line': b'/usr/include/c++/11/bits/stl_pair.h: In instantiation of \xe2\x80\x98\x1b[01m\x1b[Kconstexpr std::pair<typename std::__strip_reference_wrapper<typename std::decay<_Tp>::type>::__type, typename std::__strip_reference_wrapper<typename std::decay<_Tp2>::type>::__type> std::make_pair(_T1&&, _T2&&) [with _T1 = double; _T2 = const double&; typename std::__strip_reference_wrapper<typename std::decay<_Tp2>::type>::__type = double; typename std::decay<_Tp2>::type = double; typename std::__strip_reference_wrapper<typename std::decay<_Tp>::type>::__type = double; typename std::decay<_Tp>::type = double]\x1b[m\x1b[K\xe2\x80\x99:\n'}
[33.587805] (brain) StderrLine: {'line': b'\x1b[01m\x1b[K/home/booster/Workspace/Booster_T1_3v3_Demo/src/brain/src/brain_tree.cpp:3006:26:\x1b[m\x1b[K   required from here\n'}
[33.587938] (brain) StderrLine: {'line': b'\x1b[01m\x1b[K/usr/include/c++/11/bits/stl_pair.h:567:5:\x1b[m\x1b[K \x1b[01;36m\x1b[Knote: \x1b[m\x1b[Kparameter passing for argument of type \xe2\x80\x98\x1b[01m\x1b[Kstd::pair<double, double>\x1b[m\x1b[K\xe2\x80\x99 when C++17 is enabled changed to match C++14 \x1b]8;;https://gcc.gnu.org/gcc-10/changes.html#empty_base\x07in GCC 10.1\x1b]8;;\x07\n'}
[33.588043] (brain) StderrLine: {'line': b'  567 |     \x1b[01;36m\x1b[Kmake_pair\x1b[m\x1b[K(_T1&& __x, _T2&& __y)\n'}
[33.588140] (brain) StderrLine: {'line': b'      |     \x1b[01;36m\x1b[K^~~~~~~~~\x1b[m\x1b[K\n'}
[33.599798] (-) TimerEvent: {}
[33.700352] (-) TimerEvent: {}
[33.801595] (-) TimerEvent: {}
[33.902203] (-) TimerEvent: {}
[34.002887] (-) TimerEvent: {}
[34.103525] (-) TimerEvent: {}
[34.204164] (-) TimerEvent: {}
[34.304751] (-) TimerEvent: {}
[34.405706] (-) TimerEvent: {}
[34.506654] (-) TimerEvent: {}
[34.607288] (-) TimerEvent: {}
[34.707867] (-) TimerEvent: {}
[34.808993] (-) TimerEvent: {}
[34.911259] (-) TimerEvent: {}
[35.011769] (-) TimerEvent: {}
[35.112312] (-) TimerEvent: {}
[35.212838] (-) TimerEvent: {}
[35.313398] (-) TimerEvent: {}
[35.414902] (-) TimerEvent: {}
[35.515512] (-) TimerEvent: {}
[35.616440] (-) TimerEvent: {}
[35.717115] (-) TimerEvent: {}
[35.817736] (-) TimerEvent: {}
[35.918451] (-) TimerEvent: {}
[36.019850] (-) TimerEvent: {}
[36.120479] (-) TimerEvent: {}
[36.221001] (-) TimerEvent: {}
[36.321530] (-) TimerEvent: {}
[36.424853] (-) TimerEvent: {}
[36.525495] (-) TimerEvent: {}
[36.626036] (-) TimerEvent: {}
[36.726494] (-) TimerEvent: {}
[36.827024] (-) TimerEvent: {}
[36.929562] (-) TimerEvent: {}
[37.030847] (-) TimerEvent: {}
[37.131423] (-) TimerEvent: {}
[37.232310] (-) TimerEvent: {}
[37.332926] (-) TimerEvent: {}
[37.435527] (-) TimerEvent: {}
[37.536212] (-) TimerEvent: {}
[37.637338] (-) TimerEvent: {}
[37.738340] (-) TimerEvent: {}
[37.840335] (-) TimerEvent: {}
[37.940896] (-) TimerEvent: {}
[38.041801] (-) TimerEvent: {}
[38.142882] (-) TimerEvent: {}
[38.243507] (-) TimerEvent: {}
[38.344072] (-) TimerEvent: {}
[38.444572] (-) TimerEvent: {}
[38.545375] (-) TimerEvent: {}
[38.645913] (-) TimerEvent: {}
[38.746590] (-) TimerEvent: {}
[38.847265] (-) TimerEvent: {}
[38.948766] (-) TimerEvent: {}
[39.049511] (-) TimerEvent: {}
[39.150035] (-) TimerEvent: {}
[39.250813] (-) TimerEvent: {}
[39.351356] (-) TimerEvent: {}
[39.451878] (-) TimerEvent: {}
[39.552803] (-) TimerEvent: {}
[39.653554] (-) TimerEvent: {}
[39.754095] (-) TimerEvent: {}
[39.854922] (-) TimerEvent: {}
[39.956768] (-) TimerEvent: {}
[40.057490] (-) TimerEvent: {}
[40.158027] (-) TimerEvent: {}
[40.258546] (-) TimerEvent: {}
[40.359089] (-) TimerEvent: {}
[40.459743] (-) TimerEvent: {}
[40.560861] (-) TimerEvent: {}
[40.661531] (-) TimerEvent: {}
[40.762075] (-) TimerEvent: {}
[40.862525] (-) TimerEvent: {}
[40.964452] (-) TimerEvent: {}
[41.064990] (-) TimerEvent: {}
[41.165450] (-) TimerEvent: {}
[41.265890] (-) TimerEvent: {}
[41.366662] (-) TimerEvent: {}
[41.467289] (-) TimerEvent: {}
[41.568232] (-) TimerEvent: {}
[41.668726] (-) TimerEvent: {}
[41.769510] (-) TimerEvent: {}
[41.870611] (-) TimerEvent: {}
[41.971289] (-) TimerEvent: {}
[42.071823] (-) TimerEvent: {}
[42.172359] (-) TimerEvent: {}
[42.272790] (-) TimerEvent: {}
[42.373260] (-) TimerEvent: {}
[42.474092] (-) TimerEvent: {}
[42.575208] (-) TimerEvent: {}
[42.675729] (-) TimerEvent: {}
[42.776387] (-) TimerEvent: {}
[42.876866] (-) TimerEvent: {}
[42.977602] (-) TimerEvent: {}
[43.079070] (-) TimerEvent: {}
[43.179824] (-) TimerEvent: {}
[43.280409] (-) TimerEvent: {}
[43.380952] (-) TimerEvent: {}
[43.481507] (-) TimerEvent: {}
[43.582435] (-) TimerEvent: {}
[43.683198] (-) TimerEvent: {}
[43.783639] (-) TimerEvent: {}
[43.884113] (-) TimerEvent: {}
[43.985005] (-) TimerEvent: {}
[44.085888] (-) TimerEvent: {}
[44.187257] (-) TimerEvent: {}
[44.288167] (-) TimerEvent: {}
[44.389819] (-) TimerEvent: {}
[44.490502] (-) TimerEvent: {}
[44.591073] (-) TimerEvent: {}
[44.691789] (-) TimerEvent: {}
[44.792381] (-) TimerEvent: {}
[44.892894] (-) TimerEvent: {}
[44.993504] (-) TimerEvent: {}
[45.094051] (-) TimerEvent: {}
[45.194759] (-) TimerEvent: {}
[45.295837] (-) TimerEvent: {}
[45.396641] (-) TimerEvent: {}
[45.497156] (-) TimerEvent: {}
[45.597718] (-) TimerEvent: {}
[45.698669] (-) TimerEvent: {}
[45.799261] (-) TimerEvent: {}
[45.899789] (-) TimerEvent: {}
[46.000344] (-) TimerEvent: {}
[46.100912] (-) TimerEvent: {}
[46.201450] (-) TimerEvent: {}
[46.302106] (-) TimerEvent: {}
[46.402577] (-) TimerEvent: {}
[46.503035] (-) TimerEvent: {}
[46.603948] (-) TimerEvent: {}
[46.708081] (-) TimerEvent: {}
[46.808614] (-) TimerEvent: {}
[46.909418] (-) TimerEvent: {}
[47.009934] (-) TimerEvent: {}
[47.110421] (-) TimerEvent: {}
[47.211440] (-) TimerEvent: {}
[47.312864] (-) TimerEvent: {}
[47.413694] (-) TimerEvent: {}
[47.514626] (-) TimerEvent: {}
[47.615175] (-) TimerEvent: {}
[47.717062] (-) TimerEvent: {}
[47.818083] (-) TimerEvent: {}
[47.918635] (-) TimerEvent: {}
[48.019211] (-) TimerEvent: {}
[48.121036] (-) TimerEvent: {}
[48.221887] (-) TimerEvent: {}
[48.322540] (-) TimerEvent: {}
[48.424503] (-) TimerEvent: {}
[48.525432] (-) TimerEvent: {}
[48.626679] (-) TimerEvent: {}
[48.727191] (-) TimerEvent: {}
[48.828262] (-) TimerEvent: {}
[48.928749] (-) TimerEvent: {}
[49.029241] (-) TimerEvent: {}
[49.129753] (-) TimerEvent: {}
[49.230290] (-) TimerEvent: {}
[49.330747] (-) TimerEvent: {}
[49.432367] (-) TimerEvent: {}
[49.532845] (-) TimerEvent: {}
[49.633344] (-) TimerEvent: {}
[49.733845] (-) TimerEvent: {}
[49.834350] (-) TimerEvent: {}
[49.934870] (-) TimerEvent: {}
[50.035526] (-) TimerEvent: {}
[50.141771] (-) TimerEvent: {}
[50.244676] (-) TimerEvent: {}
[50.345524] (-) TimerEvent: {}
[50.446039] (-) TimerEvent: {}
[50.546486] (-) TimerEvent: {}
[50.647003] (-) TimerEvent: {}
[50.747646] (-) TimerEvent: {}
[50.848183] (-) TimerEvent: {}
[50.948725] (-) TimerEvent: {}
[51.049222] (-) TimerEvent: {}
[51.149766] (-) TimerEvent: {}
[51.250271] (-) TimerEvent: {}
[51.350846] (-) TimerEvent: {}
[51.451398] (-) TimerEvent: {}
[51.551917] (-) TimerEvent: {}
[51.652462] (-) TimerEvent: {}
[51.753180] (-) TimerEvent: {}
[51.854282] (-) TimerEvent: {}
[51.954897] (-) TimerEvent: {}
[52.055493] (-) TimerEvent: {}
[52.156011] (-) TimerEvent: {}
[52.256810] (-) TimerEvent: {}
[52.357388] (-) TimerEvent: {}
[52.460188] (-) TimerEvent: {}
[52.560737] (-) TimerEvent: {}
[52.661238] (-) TimerEvent: {}
[52.761764] (-) TimerEvent: {}
[52.862291] (-) TimerEvent: {}
[52.962847] (-) TimerEvent: {}
[53.063485] (-) TimerEvent: {}
[53.164011] (-) TimerEvent: {}
[53.264896] (-) TimerEvent: {}
[53.365470] (-) TimerEvent: {}
[53.465991] (brain) StdoutLine: {'line': b'[ 36%] \x1b[32m\x1b[1mLinking CXX executable brain_node\x1b[0m\n'}
[53.466477] (-) TimerEvent: {}
[53.566882] (-) TimerEvent: {}
[53.667452] (-) TimerEvent: {}
[53.767990] (-) TimerEvent: {}
[53.868626] (-) TimerEvent: {}
[53.969497] (-) TimerEvent: {}
[54.069980] (-) TimerEvent: {}
[54.170443] (-) TimerEvent: {}
[54.270933] (-) TimerEvent: {}
[54.371507] (-) TimerEvent: {}
[54.473106] (-) TimerEvent: {}
[54.573749] (-) TimerEvent: {}
[54.674281] (-) TimerEvent: {}
[54.776639] (-) TimerEvent: {}
[54.877446] (-) TimerEvent: {}
[54.978130] (-) TimerEvent: {}
[55.078852] (-) TimerEvent: {}
[55.179630] (-) TimerEvent: {}
[55.280955] (-) TimerEvent: {}
[55.381749] (-) TimerEvent: {}
[55.482737] (-) TimerEvent: {}
[55.583216] (-) TimerEvent: {}
[55.684266] (-) TimerEvent: {}
[55.785023] (-) TimerEvent: {}
[55.886104] (-) TimerEvent: {}
[55.986632] (-) TimerEvent: {}
[56.087589] (-) TimerEvent: {}
[56.188584] (-) TimerEvent: {}
[56.290969] (-) TimerEvent: {}
[56.392108] (-) TimerEvent: {}
[56.492762] (-) TimerEvent: {}
[56.593367] (-) TimerEvent: {}
[56.693969] (-) TimerEvent: {}
[56.794744] (-) TimerEvent: {}
[56.895424] (-) TimerEvent: {}
[56.996045] (-) TimerEvent: {}
[57.097161] (-) TimerEvent: {}
[57.198037] (-) TimerEvent: {}
[57.302104] (-) TimerEvent: {}
[57.404484] (-) TimerEvent: {}
[57.505212] (-) TimerEvent: {}
[57.605805] (-) TimerEvent: {}
[57.706383] (-) TimerEvent: {}
[57.806919] (-) TimerEvent: {}
[57.907459] (-) TimerEvent: {}
[58.008242] (-) TimerEvent: {}
[58.109227] (-) TimerEvent: {}
[58.210588] (-) TimerEvent: {}
[58.312076] (-) TimerEvent: {}
[58.412672] (-) TimerEvent: {}
[58.513223] (-) TimerEvent: {}
[58.613750] (-) TimerEvent: {}
[58.714856] (-) TimerEvent: {}
[58.815343] (-) TimerEvent: {}
[58.915921] (-) TimerEvent: {}
[59.016595] (-) TimerEvent: {}
[59.117240] (-) TimerEvent: {}
[59.218194] (-) TimerEvent: {}
[59.319061] (-) TimerEvent: {}
[59.419727] (-) TimerEvent: {}
[59.520280] (-) TimerEvent: {}
[59.621023] (-) TimerEvent: {}
[59.722004] (-) TimerEvent: {}
[59.822917] (-) TimerEvent: {}
[59.923502] (-) TimerEvent: {}
[60.024026] (-) TimerEvent: {}
[60.124569] (-) TimerEvent: {}
[60.225540] (-) TimerEvent: {}
[60.326262] (-) TimerEvent: {}
[60.426732] (-) TimerEvent: {}
[60.527271] (-) TimerEvent: {}
[60.627791] (-) TimerEvent: {}
[60.728369] (-) TimerEvent: {}
[60.828983] (-) TimerEvent: {}
[60.929568] (-) TimerEvent: {}
[61.030408] (-) TimerEvent: {}
[61.131011] (-) TimerEvent: {}
[61.231861] (-) TimerEvent: {}
[61.333122] (-) TimerEvent: {}
[61.434676] (-) TimerEvent: {}
[61.535273] (-) TimerEvent: {}
[61.635904] (-) TimerEvent: {}
[61.736533] (-) TimerEvent: {}
[61.837044] (-) TimerEvent: {}
[61.937760] (-) TimerEvent: {}
[62.038360] (-) TimerEvent: {}
[62.138855] (-) TimerEvent: {}
[62.239362] (-) TimerEvent: {}
[62.339862] (-) TimerEvent: {}
[62.440375] (-) TimerEvent: {}
[62.541097] (-) TimerEvent: {}
[62.641756] (-) TimerEvent: {}
[62.742226] (-) TimerEvent: {}
[62.842771] (-) TimerEvent: {}
[62.943313] (-) TimerEvent: {}
[63.044182] (-) TimerEvent: {}
[63.144852] (-) TimerEvent: {}
[63.245444] (-) TimerEvent: {}
[63.346194] (-) TimerEvent: {}
[63.446815] (-) TimerEvent: {}
[63.547386] (-) TimerEvent: {}
[63.647989] (-) TimerEvent: {}
[63.749073] (-) TimerEvent: {}
[63.849850] (-) TimerEvent: {}
[63.950343] (-) TimerEvent: {}
[64.050894] (-) TimerEvent: {}
[64.151422] (-) TimerEvent: {}
[64.252818] (-) TimerEvent: {}
[64.353400] (-) TimerEvent: {}
[64.453949] (-) TimerEvent: {}
[64.554498] (-) TimerEvent: {}
[64.655068] (-) TimerEvent: {}
[64.755901] (-) TimerEvent: {}
[64.857096] (-) TimerEvent: {}
[64.957682] (-) TimerEvent: {}
[65.058472] (-) TimerEvent: {}
[65.160922] (-) TimerEvent: {}
[65.262062] (-) TimerEvent: {}
[65.362953] (-) TimerEvent: {}
[65.463472] (-) TimerEvent: {}
[65.564224] (-) TimerEvent: {}
[65.665229] (-) TimerEvent: {}
[65.766898] (-) TimerEvent: {}
[65.867526] (-) TimerEvent: {}
[65.968488] (-) TimerEvent: {}
[66.069036] (-) TimerEvent: {}
[66.170208] (-) TimerEvent: {}
[66.270962] (-) TimerEvent: {}
[66.371563] (-) TimerEvent: {}
[66.472095] (-) TimerEvent: {}
[66.573169] (-) TimerEvent: {}
[66.674616] (-) TimerEvent: {}
[66.775602] (-) TimerEvent: {}
[66.876088] (-) TimerEvent: {}
[66.976874] (-) TimerEvent: {}
[67.077564] (-) TimerEvent: {}
[67.178499] (-) TimerEvent: {}
[67.282553] (-) TimerEvent: {}
[67.383343] (-) TimerEvent: {}
[67.484064] (-) TimerEvent: {}
[67.584814] (-) TimerEvent: {}
[67.685389] (-) TimerEvent: {}
[67.786504] (-) TimerEvent: {}
[67.869875] (brain) StdoutLine: {'line': b'[ 56%] Built target brain_node\n'}
[67.886674] (-) TimerEvent: {}
[67.911229] (brain) StdoutLine: {'line': b'[ 63%] Built target brain__rosidl_typesupport_c\n'}
[67.956359] (brain) StdoutLine: {'line': b'[ 70%] Built target brain__rosidl_typesupport_introspection_c\n'}
[67.986913] (-) TimerEvent: {}
[67.995043] (brain) StdoutLine: {'line': b'[ 78%] Built target brain__rosidl_typesupport_fastrtps_c\n'}
[68.080920] (brain) StdoutLine: {'line': b'[ 78%] Built target brain\n'}
[68.087399] (-) TimerEvent: {}
[68.116586] (brain) StdoutLine: {'line': b'[ 80%] Built target brain__py\n'}
[68.187613] (-) TimerEvent: {}
[68.189926] (brain) StdoutLine: {'line': b'[ 85%] Built target brain__rosidl_generator_py\n'}
[68.237040] (brain) StdoutLine: {'line': b'[ 90%] Built target brain__rosidl_typesupport_fastrtps_c__pyext\n'}
[68.281915] (brain) StdoutLine: {'line': b'[ 95%] Built target brain__rosidl_typesupport_c__pyext\n'}
[68.287731] (-) TimerEvent: {}
[68.320259] (brain) StdoutLine: {'line': b'[100%] Built target brain__rosidl_typesupport_introspection_c__pyext\n'}
[68.356077] (brain) CommandEnded: {'returncode': 0}
[68.357042] (brain) JobProgress: {'identifier': 'brain', 'progress': 'install'}
[68.357120] (brain) Command: {'cmd': ['/usr/bin/cmake', '--install', '/home/booster/Workspace/Booster_T1_3v3_Demo/build/brain'], 'cwd': '/home/booster/Workspace/Booster_T1_3v3_Demo/build/brain', 'env': OrderedDict([('SUDO_GID', '1000'), ('LESSOPEN', '| /usr/bin/lesspipe %s'), ('PYTHONWARNINGS', 'ignore::DeprecationWarning,ignore::UserWarning,ignore::FutureWarning'), ('MAIL', '/var/mail/root'), ('USER', 'root'), ('SHLVL', '2'), ('LD_LIBRARY_PATH', '/home/booster/Workspace/Booster_T1_3v3_Demo/install/vision_interface/lib:/home/booster/Workspace/Booster_T1_3v3_Demo/install/game_controller_interface/lib:/home/booster/Workspace/Booster_T1_3v3_Demo/install/booster_msgs/lib:/home/booster/Workspace/Booster_T1_3v3_Demo/install/booster_interface/lib:/opt/ros/humble/opt/rviz_ogre_vendor/lib:/opt/ros/humble/lib/aarch64-linux-gnu:/opt/ros/humble/lib'), ('HOME', '/root'), ('OLDPWD', '/home/booster/Workspace/Booster_T1_3v3_Demo/scripts'), ('ROS_PYTHON_VERSION', '3'), ('COLORTERM', 'truecolor'), ('SUDO_UID', '1000'), ('ROS_DISTRO', 'humble'), ('LOGNAME', 'root'), ('_', '/usr/bin/colcon'), ('ROS_VERSION', '2'), ('TERM', 'xterm-256color'), ('ROS_LOCALHOST_ONLY', '0'), ('PATH', '/opt/ros/humble/bin:/usr/local/sbin:/usr/local/bin:/usr/sbin:/usr/bin:/sbin:/bin:/usr/games:/usr/local/games:/snap/bin'), ('FASTRTPS_DEFAULT_PROFILES_FILE', '/opt/booster/BoosterRos2/fastdds_profile.xml'), ('LANG', 'en_US.UTF-8'), ('LS_COLORS', 'rs=0:di=01;34:ln=01;36:mh=00:pi=40;33:so=01;35:do=01;35:bd=40;33;01:cd=40;33;01:or=40;31;01:mi=00:su=37;41:sg=30;43:ca=30;41:tw=30;42:ow=34;42:st=37;44:ex=01;32:*.tar=01;31:*.tgz=01;31:*.arc=01;31:*.arj=01;31:*.taz=01;31:*.lha=01;31:*.lz4=01;31:*.lzh=01;31:*.lzma=01;31:*.tlz=01;31:*.txz=01;31:*.tzo=01;31:*.t7z=01;31:*.zip=01;31:*.z=01;31:*.dz=01;31:*.gz=01;31:*.lrz=01;31:*.lz=01;31:*.lzo=01;31:*.xz=01;31:*.zst=01;31:*.tzst=01;31:*.bz2=01;31:*.bz=01;31:*.tbz=01;31:*.tbz2=01;31:*.tz=01;31:*.deb=01;31:*.rpm=01;31:*.jar=01;31:*.war=01;31:*.ear=01;31:*.sar=01;31:*.rar=01;31:*.alz=01;31:*.ace=01;31:*.zoo=01;31:*.cpio=01;31:*.7z=01;31:*.rz=01;31:*.cab=01;31:*.wim=01;31:*.swm=01;31:*.dwm=01;31:*.esd=01;31:*.jpg=01;35:*.jpeg=01;35:*.mjpg=01;35:*.mjpeg=01;35:*.gif=01;35:*.bmp=01;35:*.pbm=01;35:*.pgm=01;35:*.ppm=01;35:*.tga=01;35:*.xbm=01;35:*.xpm=01;35:*.tif=01;35:*.tiff=01;35:*.png=01;35:*.svg=01;35:*.svgz=01;35:*.mng=01;35:*.pcx=01;35:*.mov=01;35:*.mpg=01;35:*.mpeg=01;35:*.m2v=01;35:*.mkv=01;35:*.webm=01;35:*.webp=01;35:*.ogm=01;35:*.mp4=01;35:*.m4v=01;35:*.mp4v=01;35:*.vob=01;35:*.qt=01;35:*.nuv=01;35:*.wmv=01;35:*.asf=01;35:*.rm=01;35:*.rmvb=01;35:*.flc=01;35:*.avi=01;35:*.fli=01;35:*.flv=01;35:*.gl=01;35:*.dl=01;35:*.xcf=01;35:*.xwd=01;35:*.yuv=01;35:*.cgm=01;35:*.emf=01;35:*.ogv=01;35:*.ogx=01;35:*.aac=00;36:*.au=00;36:*.flac=00;36:*.m4a=00;36:*.mid=00;36:*.midi=00;36:*.mka=00;36:*.mp3=00;36:*.mpc=00;36:*.ogg=00;36:*.ra=00;36:*.wav=00;36:*.oga=00;36:*.opus=00;36:*.spx=00;36:*.xspf=00;36:'), ('SUDO_COMMAND', '/usr/bin/su'), ('AMENT_PREFIX_PATH', '/home/booster/Workspace/Booster_T1_3v3_Demo/install/vision_interface:/home/booster/Workspace/Booster_T1_3v3_Demo/install/game_controller_interface:/home/booster/Workspace/Booster_T1_3v3_Demo/install/booster_msgs:/home/booster/Workspace/Booster_T1_3v3_Demo/install/booster_interface:/opt/ros/humble'), ('SHELL', '/bin/bash'), ('SUDO_USER', 'booster'), ('LESSCLOSE', '/usr/bin/lesspipe %s %s'), ('PWD', '/home/booster/Workspace/Booster_T1_3v3_Demo/build/brain'), ('PYTHONPATH', '/home/booster/Workspace/Booster_T1_3v3_Demo/install/vision_interface/local/lib/python3.10/dist-packages:/home/booster/Workspace/Booster_T1_3v3_Demo/install/game_controller_interface/local/lib/python3.10/dist-packages:/home/booster/Workspace/Booster_T1_3v3_Demo/install/booster_msgs/local/lib/python3.10/dist-packages:/home/booster/Workspace/Booster_T1_3v3_Demo/install/booster_interface/local/lib/python3.10/dist-packages:/opt/ros/humble/lib/python3.10/site-packages:/opt/ros/humble/local/lib/python3.10/dist-packages'), ('COLCON', '1'), ('CMAKE_PREFIX_PATH', '/home/booster/Workspace/Booster_T1_3v3_Demo/install/vision_interface:/home/booster/Workspace/Booster_T1_3v3_Demo/install/game_controller_interface:/home/booster/Workspace/Booster_T1_3v3_Demo/install/booster_msgs:/home/booster/Workspace/Booster_T1_3v3_Demo/install/booster_interface:/opt/ros/humble')]), 'shell': False}
[68.377048] (brain) StdoutLine: {'line': b'-- Install configuration: ""\n'}
[68.377612] (brain) StdoutLine: {'line': b'-- Execute custom install script\n'}
[68.377826] (brain) StdoutLine: {'line': b'-- Up-to-date symlink: /home/booster/Workspace/Booster_T1_3v3_Demo/install/brain/share/ament_index/resource_index/rosidl_interfaces/brain\n'}
[68.378982] (brain) StdoutLine: {'line': b'-- Up-to-date symlink: /home/booster/Workspace/Booster_T1_3v3_Demo/install/brain/include/brain/brain/msg/detail/kick__functions.h\n'}
[68.379302] (brain) StdoutLine: {'line': b'-- Up-to-date symlink: /home/booster/Workspace/Booster_T1_3v3_Demo/install/brain/include/brain/brain/msg/detail/kick__struct.h\n'}
[68.380317] (brain) StdoutLine: {'line': b'-- Up-to-date symlink: /home/booster/Workspace/Booster_T1_3v3_Demo/install/brain/include/brain/brain/msg/detail/kick__type_support.h\n'}
[68.380556] (brain) StdoutLine: {'line': b'-- Up-to-date symlink: /home/booster/Workspace/Booster_T1_3v3_Demo/install/brain/include/brain/brain/msg/kick.h\n'}
[68.380683] (brain) StdoutLine: {'line': b'-- Up-to-date symlink: /home/booster/Workspace/Booster_T1_3v3_Demo/install/brain/include/brain/brain/msg/rosidl_generator_c__visibility_control.h\n'}
[68.380800] (brain) StdoutLine: {'line': b'-- Up-to-date symlink: /home/booster/Workspace/Booster_T1_3v3_Demo/install/brain/share/brain/environment/library_path.sh\n'}
[68.381227] (brain) StdoutLine: {'line': b'-- Up-to-date symlink: /home/booster/Workspace/Booster_T1_3v3_Demo/install/brain/share/brain/environment/library_path.dsv\n'}
[68.383098] (brain) StdoutLine: {'line': b'-- Up-to-date symlink: /home/booster/Workspace/Booster_T1_3v3_Demo/install/brain/include/brain/brain/msg/detail/kick__rosidl_typesupport_fastrtps_c.h\n'}
[68.383282] (brain) StdoutLine: {'line': b'-- Up-to-date symlink: /home/booster/Workspace/Booster_T1_3v3_Demo/install/brain/include/brain/brain/msg/rosidl_typesupport_fastrtps_c__visibility_control.h\n'}
[68.383394] (brain) StdoutLine: {'line': b'-- Up-to-date symlink: /home/booster/Workspace/Booster_T1_3v3_Demo/install/brain/include/brain/brain/msg/detail/kick__builder.hpp\n'}
[68.383496] (brain) StdoutLine: {'line': b'-- Up-to-date symlink: /home/booster/Workspace/Booster_T1_3v3_Demo/install/brain/include/brain/brain/msg/detail/kick__struct.hpp\n'}
[68.384872] (brain) StdoutLine: {'line': b'-- Up-to-date symlink: /home/booster/Workspace/Booster_T1_3v3_Demo/install/brain/include/brain/brain/msg/detail/kick__traits.hpp\n'}
[68.385020] (brain) StdoutLine: {'line': b'-- Up-to-date symlink: /home/booster/Workspace/Booster_T1_3v3_Demo/install/brain/include/brain/brain/msg/detail/kick__type_support.hpp\n'}
[68.385224] (brain) StdoutLine: {'line': b'-- Up-to-date symlink: /home/booster/Workspace/Booster_T1_3v3_Demo/install/brain/include/brain/brain/msg/kick.hpp\n'}
[68.385512] (brain) StdoutLine: {'line': b'-- Up-to-date symlink: /home/booster/Workspace/Booster_T1_3v3_Demo/install/brain/include/brain/brain/msg/rosidl_generator_cpp__visibility_control.hpp\n'}
[68.385644] (brain) StdoutLine: {'line': b'-- Up-to-date symlink: /home/booster/Workspace/Booster_T1_3v3_Demo/install/brain/include/brain/brain/msg/detail/kick__rosidl_typesupport_fastrtps_cpp.hpp\n'}
[68.385751] (brain) StdoutLine: {'line': b'-- Up-to-date symlink: /home/booster/Workspace/Booster_T1_3v3_Demo/install/brain/include/brain/brain/msg/rosidl_typesupport_fastrtps_cpp__visibility_control.h\n'}
[68.386280] (brain) StdoutLine: {'line': b'-- Up-to-date symlink: /home/booster/Workspace/Booster_T1_3v3_Demo/install/brain/include/brain/brain/msg/detail/kick__rosidl_typesupport_introspection_c.h\n'}
[68.386657] (brain) StdoutLine: {'line': b'-- Up-to-date symlink: /home/booster/Workspace/Booster_T1_3v3_Demo/install/brain/include/brain/brain/msg/rosidl_typesupport_introspection_c__visibility_control.h\n'}
[68.387252] (brain) StdoutLine: {'line': b'-- Up-to-date symlink: /home/booster/Workspace/Booster_T1_3v3_Demo/install/brain/include/brain/brain/msg/detail/kick__rosidl_typesupport_introspection_cpp.hpp\n'}
[68.387590] (brain) StdoutLine: {'line': b'-- Up-to-date symlink: /home/booster/Workspace/Booster_T1_3v3_Demo/install/brain/share/brain/environment/pythonpath.sh\n'}
[68.387742] (-) TimerEvent: {}
[68.388075] (brain) StdoutLine: {'line': b'-- Up-to-date symlink: /home/booster/Workspace/Booster_T1_3v3_Demo/install/brain/share/brain/environment/pythonpath.dsv\n'}
[68.388544] (brain) StdoutLine: {'line': b'-- Up-to-date symlink: /home/booster/Workspace/Booster_T1_3v3_Demo/install/brain/local/lib/python3.10/dist-packages/brain-0.0.0-py3.10.egg-info/PKG-INFO\n'}
[68.388881] (brain) StdoutLine: {'line': b'-- Up-to-date symlink: /home/booster/Workspace/Booster_T1_3v3_Demo/install/brain/local/lib/python3.10/dist-packages/brain-0.0.0-py3.10.egg-info/SOURCES.txt\n'}
[68.389485] (brain) StdoutLine: {'line': b'-- Up-to-date symlink: /home/booster/Workspace/Booster_T1_3v3_Demo/install/brain/local/lib/python3.10/dist-packages/brain-0.0.0-py3.10.egg-info/dependency_links.txt\n'}
[68.389655] (brain) StdoutLine: {'line': b'-- Up-to-date symlink: /home/booster/Workspace/Booster_T1_3v3_Demo/install/brain/local/lib/python3.10/dist-packages/brain-0.0.0-py3.10.egg-info/top_level.txt\n'}
[68.390606] (brain) StdoutLine: {'line': b'-- Up-to-date symlink: /home/booster/Workspace/Booster_T1_3v3_Demo/install/brain/local/lib/python3.10/dist-packages/brain/__init__.py\n'}
[68.390994] (brain) StdoutLine: {'line': b'-- Up-to-date symlink: /home/booster/Workspace/Booster_T1_3v3_Demo/install/brain/local/lib/python3.10/dist-packages/brain/_brain_s.ep.rosidl_typesupport_c.c\n'}
[68.391179] (brain) StdoutLine: {'line': b'-- Up-to-date symlink: /home/booster/Workspace/Booster_T1_3v3_Demo/install/brain/local/lib/python3.10/dist-packages/brain/_brain_s.ep.rosidl_typesupport_fastrtps_c.c\n'}
[68.391467] (brain) StdoutLine: {'line': b'-- Up-to-date symlink: /home/booster/Workspace/Booster_T1_3v3_Demo/install/brain/local/lib/python3.10/dist-packages/brain/_brain_s.ep.rosidl_typesupport_introspection_c.c\n'}
[68.405691] (brain) StdoutLine: {'line': b'-- Up-to-date symlink: /home/booster/Workspace/Booster_T1_3v3_Demo/install/brain/local/lib/python3.10/dist-packages/brain/brain_s__rosidl_typesupport_c.cpython-310-aarch64-linux-gnu.so\n'}
[68.406398] (brain) StdoutLine: {'line': b'-- Up-to-date symlink: /home/booster/Workspace/Booster_T1_3v3_Demo/install/brain/local/lib/python3.10/dist-packages/brain/brain_s__rosidl_typesupport_fastrtps_c.cpython-310-aarch64-linux-gnu.so\n'}
[68.406600] (brain) StdoutLine: {'line': b'-- Up-to-date symlink: /home/booster/Workspace/Booster_T1_3v3_Demo/install/brain/local/lib/python3.10/dist-packages/brain/brain_s__rosidl_typesupport_introspection_c.cpython-310-aarch64-linux-gnu.so\n'}
[68.407449] (brain) StdoutLine: {'line': b'-- Up-to-date symlink: /home/booster/Workspace/Booster_T1_3v3_Demo/install/brain/local/lib/python3.10/dist-packages/brain/libbrain__rosidl_generator_py.so\n'}
[68.407681] (brain) StdoutLine: {'line': b'-- Up-to-date symlink: /home/booster/Workspace/Booster_T1_3v3_Demo/install/brain/local/lib/python3.10/dist-packages/brain/msg/__init__.py\n'}
[68.407817] (brain) StdoutLine: {'line': b'-- Up-to-date symlink: /home/booster/Workspace/Booster_T1_3v3_Demo/install/brain/local/lib/python3.10/dist-packages/brain/msg/_kick.py\n'}
[68.408006] (brain) StdoutLine: {'line': b'-- Up-to-date symlink: /home/booster/Workspace/Booster_T1_3v3_Demo/install/brain/local/lib/python3.10/dist-packages/brain/msg/_kick_s.c\n'}
[68.409764] (brain) StdoutLine: {'line': b'-- Up-to-date symlink: /home/booster/Workspace/Booster_T1_3v3_Demo/install/brain/local/lib/python3.10/dist-packages/brain/brain_s__rosidl_typesupport_fastrtps_c.cpython-310-aarch64-linux-gnu.so\n'}
[68.410246] (brain) StdoutLine: {'line': b'-- Up-to-date symlink: /home/booster/Workspace/Booster_T1_3v3_Demo/install/brain/local/lib/python3.10/dist-packages/brain/brain_s__rosidl_typesupport_introspection_c.cpython-310-aarch64-linux-gnu.so\n'}
[68.411834] (brain) StdoutLine: {'line': b'-- Up-to-date symlink: /home/booster/Workspace/Booster_T1_3v3_Demo/install/brain/local/lib/python3.10/dist-packages/brain/brain_s__rosidl_typesupport_c.cpython-310-aarch64-linux-gnu.so\n'}
[68.412163] (brain) StdoutLine: {'line': b'-- Up-to-date symlink: /home/booster/Workspace/Booster_T1_3v3_Demo/install/brain/share/brain/msg/Kick.idl\n'}
[68.413759] (brain) StdoutLine: {'line': b'-- Up-to-date symlink: /home/booster/Workspace/Booster_T1_3v3_Demo/install/brain/share/brain/msg/Kick.msg\n'}
[68.415343] (brain) StdoutLine: {'line': b'-- Up-to-date symlink: /home/booster/Workspace/Booster_T1_3v3_Demo/install/brain/lib/brain/brain_node\n'}
[68.415652] (brain) StdoutLine: {'line': b'-- Up-to-date symlink: /home/booster/Workspace/Booster_T1_3v3_Demo/install/brain/share/brain/launch/launch.py\n'}
[68.415770] (brain) StdoutLine: {'line': b'-- Up-to-date symlink: /home/booster/Workspace/Booster_T1_3v3_Demo/install/brain/share/brain/config/config.yaml\n'}
[68.416613] (brain) StdoutLine: {'line': b'-- Up-to-date symlink: /home/booster/Workspace/Booster_T1_3v3_Demo/install/brain/share/brain/behavior_trees/assist.xml\n'}
[68.416794] (brain) StdoutLine: {'line': b'-- Up-to-date symlink: /home/booster/Workspace/Booster_T1_3v3_Demo/install/brain/share/brain/behavior_trees/chase.xml\n'}
[68.416958] (brain) StdoutLine: {'line': b'-- Up-to-date symlink: /home/booster/Workspace/Booster_T1_3v3_Demo/install/brain/share/brain/behavior_trees/game.xml\n'}
[68.418427] (brain) StdoutLine: {'line': b'-- Up-to-date symlink: /home/booster/Workspace/Booster_T1_3v3_Demo/install/brain/share/brain/behavior_trees/subtrees/defender.xml\n'}
[68.418586] (brain) StdoutLine: {'line': b'-- Up-to-date symlink: /home/booster/Workspace/Booster_T1_3v3_Demo/install/brain/share/brain/behavior_trees/subtrees/goalie.xml\n'}
[68.418731] (brain) StdoutLine: {'line': b'-- Up-to-date symlink: /home/booster/Workspace/Booster_T1_3v3_Demo/install/brain/share/brain/behavior_trees/subtrees/subtree_auto_standup_and_locate.xml\n'}
[68.418897] (brain) StdoutLine: {'line': b'-- Up-to-date symlink: /home/booster/Workspace/Booster_T1_3v3_Demo/install/brain/share/brain/behavior_trees/subtrees/subtree_cam_find_and_track_ball.xml\n'}
[68.419047] (brain) StdoutLine: {'line': b'-- Up-to-date symlink: /home/booster/Workspace/Booster_T1_3v3_Demo/install/brain/share/brain/behavior_trees/subtrees/subtree_defender_freekick.xml\n'}
[68.420767] (brain) StdoutLine: {'line': b'-- Up-to-date symlink: /home/booster/Workspace/Booster_T1_3v3_Demo/install/brain/share/brain/behavior_trees/subtrees/subtree_find_ball.xml\n'}
[68.420958] (brain) StdoutLine: {'line': b'-- Up-to-date symlink: /home/booster/Workspace/Booster_T1_3v3_Demo/install/brain/share/brain/behavior_trees/subtrees/subtree_goal_keeper_freekick.xml\n'}
[68.421090] (brain) StdoutLine: {'line': b'-- Up-to-date symlink: /home/booster/Workspace/Booster_T1_3v3_Demo/install/brain/share/brain/behavior_trees/subtrees/subtree_goal_keeper_play.xml\n'}
[68.421210] (brain) StdoutLine: {'line': b'-- Up-to-date symlink: /home/booster/Workspace/Booster_T1_3v3_Demo/install/brain/share/brain/behavior_trees/subtrees/subtree_locate.xml\n'}
[68.421307] (brain) StdoutLine: {'line': b'-- Up-to-date symlink: /home/booster/Workspace/Booster_T1_3v3_Demo/install/brain/share/brain/behavior_trees/subtrees/subtree_striker_freekick.xml\n'}
[68.421427] (brain) StdoutLine: {'line': b'-- Up-to-date symlink: /home/booster/Workspace/Booster_T1_3v3_Demo/install/brain/share/brain/behavior_trees/subtrees/subtree_striker_play.xml\n'}
[68.422482] (brain) StdoutLine: {'line': b'-- Up-to-date symlink: /home/booster/Workspace/Booster_T1_3v3_Demo/install/brain/share/brain/behavior_trees/test_adjust.xml\n'}
[68.422798] (brain) StdoutLine: {'line': b'-- Up-to-date symlink: /home/booster/Workspace/Booster_T1_3v3_Demo/install/brain/share/ament_index/resource_index/package_run_dependencies/brain\n'}
[68.423050] (brain) StdoutLine: {'line': b'-- Up-to-date symlink: /home/booster/Workspace/Booster_T1_3v3_Demo/install/brain/share/ament_index/resource_index/parent_prefix_path/brain\n'}
[68.423288] (brain) StdoutLine: {'line': b'-- Up-to-date symlink: /home/booster/Workspace/Booster_T1_3v3_Demo/install/brain/share/brain/environment/ament_prefix_path.sh\n'}
[68.426221] (brain) StdoutLine: {'line': b'-- Up-to-date symlink: /home/booster/Workspace/Booster_T1_3v3_Demo/install/brain/share/brain/environment/ament_prefix_path.dsv\n'}
[68.426902] (brain) StdoutLine: {'line': b'-- Up-to-date symlink: /home/booster/Workspace/Booster_T1_3v3_Demo/install/brain/share/brain/environment/path.sh\n'}
[68.427068] (brain) StdoutLine: {'line': b'-- Up-to-date symlink: /home/booster/Workspace/Booster_T1_3v3_Demo/install/brain/share/brain/environment/path.dsv\n'}
[68.427184] (brain) StdoutLine: {'line': b'-- Up-to-date symlink: /home/booster/Workspace/Booster_T1_3v3_Demo/install/brain/share/brain/local_setup.bash\n'}
[68.427308] (brain) StdoutLine: {'line': b'-- Up-to-date symlink: /home/booster/Workspace/Booster_T1_3v3_Demo/install/brain/share/brain/local_setup.sh\n'}
[68.427406] (brain) StdoutLine: {'line': b'-- Up-to-date symlink: /home/booster/Workspace/Booster_T1_3v3_Demo/install/brain/share/brain/local_setup.zsh\n'}
[68.427525] (brain) StdoutLine: {'line': b'-- Up-to-date symlink: /home/booster/Workspace/Booster_T1_3v3_Demo/install/brain/share/brain/local_setup.dsv\n'}
[68.431043] (brain) StdoutLine: {'line': b'-- Symlinking: /home/booster/Workspace/Booster_T1_3v3_Demo/install/brain/share/brain/package.dsv\n'}
[68.464876] (brain) StdoutLine: {'line': b'-- Up-to-date symlink: /home/booster/Workspace/Booster_T1_3v3_Demo/install/brain/share/ament_index/resource_index/packages/brain\n'}
[68.466751] (brain) StdoutLine: {'line': b'-- Up-to-date symlink: /home/booster/Workspace/Booster_T1_3v3_Demo/install/brain/share/brain/cmake/rosidl_cmake-extras.cmake\n'}
[68.467070] (brain) StdoutLine: {'line': b'-- Up-to-date symlink: /home/booster/Workspace/Booster_T1_3v3_Demo/install/brain/share/brain/cmake/ament_cmake_export_dependencies-extras.cmake\n'}
[68.467209] (brain) StdoutLine: {'line': b'-- Up-to-date symlink: /home/booster/Workspace/Booster_T1_3v3_Demo/install/brain/share/brain/cmake/ament_cmake_export_include_directories-extras.cmake\n'}
[68.467325] (brain) StdoutLine: {'line': b'-- Up-to-date symlink: /home/booster/Workspace/Booster_T1_3v3_Demo/install/brain/share/brain/cmake/ament_cmake_export_libraries-extras.cmake\n'}
[68.467429] (brain) StdoutLine: {'line': b'-- Up-to-date symlink: /home/booster/Workspace/Booster_T1_3v3_Demo/install/brain/share/brain/cmake/ament_cmake_export_targets-extras.cmake\n'}
[68.467529] (brain) StdoutLine: {'line': b'-- Up-to-date symlink: /home/booster/Workspace/Booster_T1_3v3_Demo/install/brain/share/brain/cmake/rosidl_cmake_export_typesupport_targets-extras.cmake\n'}
[68.467692] (brain) StdoutLine: {'line': b'-- Up-to-date symlink: /home/booster/Workspace/Booster_T1_3v3_Demo/install/brain/share/brain/cmake/rosidl_cmake_export_typesupport_libraries-extras.cmake\n'}
[68.467816] (brain) StdoutLine: {'line': b'-- Up-to-date symlink: /home/booster/Workspace/Booster_T1_3v3_Demo/install/brain/share/brain/cmake/brainConfig.cmake\n'}
[68.467916] (brain) StdoutLine: {'line': b'-- Up-to-date symlink: /home/booster/Workspace/Booster_T1_3v3_Demo/install/brain/share/brain/cmake/brainConfig-version.cmake\n'}
[68.469424] (brain) StdoutLine: {'line': b'-- Up-to-date symlink: /home/booster/Workspace/Booster_T1_3v3_Demo/install/brain/share/brain/package.xml\n'}
[68.470417] (brain) StdoutLine: {'line': b'-- Up-to-date: /home/booster/Workspace/Booster_T1_3v3_Demo/install/brain/lib/libbrain__rosidl_generator_c.so\n'}
[68.470939] (brain) StdoutLine: {'line': b'-- Up-to-date: /home/booster/Workspace/Booster_T1_3v3_Demo/install/brain/lib/libbrain__rosidl_typesupport_fastrtps_c.so\n'}
[68.471091] (brain) StdoutLine: {'line': b'-- Up-to-date: /home/booster/Workspace/Booster_T1_3v3_Demo/install/brain/lib/libbrain__rosidl_typesupport_fastrtps_cpp.so\n'}
[68.471197] (brain) StdoutLine: {'line': b'-- Up-to-date: /home/booster/Workspace/Booster_T1_3v3_Demo/install/brain/lib/libbrain__rosidl_typesupport_introspection_c.so\n'}
[68.471294] (brain) StdoutLine: {'line': b'-- Up-to-date: /home/booster/Workspace/Booster_T1_3v3_Demo/install/brain/lib/libbrain__rosidl_typesupport_c.so\n'}
[68.471404] (brain) StdoutLine: {'line': b'-- Up-to-date: /home/booster/Workspace/Booster_T1_3v3_Demo/install/brain/lib/libbrain__rosidl_typesupport_introspection_cpp.so\n'}
[68.471498] (brain) StdoutLine: {'line': b'-- Up-to-date: /home/booster/Workspace/Booster_T1_3v3_Demo/install/brain/lib/libbrain__rosidl_typesupport_cpp.so\n'}
[68.488901] (-) TimerEvent: {}
[68.590271] (-) TimerEvent: {}
[68.633670] (brain) StdoutLine: {'line': b"Listing '/home/booster/Workspace/Booster_T1_3v3_Demo/install/brain/local/lib/python3.10/dist-packages/brain'...\n"}
[68.634032] (brain) StdoutLine: {'line': b"Listing '/home/booster/Workspace/Booster_T1_3v3_Demo/install/brain/local/lib/python3.10/dist-packages/brain/msg'...\n"}
[68.650605] (brain) StdoutLine: {'line': b'-- Up-to-date: /home/booster/Workspace/Booster_T1_3v3_Demo/install/brain/lib/libbrain__rosidl_generator_py.so\n'}
[68.651441] (brain) StdoutLine: {'line': b'-- Up-to-date: /home/booster/Workspace/Booster_T1_3v3_Demo/install/brain/share/brain/cmake/export_brain__rosidl_generator_cExport.cmake\n'}
[68.651606] (brain) StdoutLine: {'line': b'-- Up-to-date: /home/booster/Workspace/Booster_T1_3v3_Demo/install/brain/share/brain/cmake/export_brain__rosidl_generator_cExport-noconfig.cmake\n'}
[68.651719] (brain) StdoutLine: {'line': b'-- Up-to-date: /home/booster/Workspace/Booster_T1_3v3_Demo/install/brain/share/brain/cmake/export_brain__rosidl_typesupport_fastrtps_cExport.cmake\n'}
[68.651823] (brain) StdoutLine: {'line': b'-- Up-to-date: /home/booster/Workspace/Booster_T1_3v3_Demo/install/brain/share/brain/cmake/export_brain__rosidl_typesupport_fastrtps_cExport-noconfig.cmake\n'}
[68.651923] (brain) StdoutLine: {'line': b'-- Up-to-date: /home/booster/Workspace/Booster_T1_3v3_Demo/install/brain/share/brain/cmake/export_brain__rosidl_generator_cppExport.cmake\n'}
[68.652025] (brain) StdoutLine: {'line': b'-- Up-to-date: /home/booster/Workspace/Booster_T1_3v3_Demo/install/brain/share/brain/cmake/export_brain__rosidl_typesupport_fastrtps_cppExport.cmake\n'}
[68.652135] (brain) StdoutLine: {'line': b'-- Up-to-date: /home/booster/Workspace/Booster_T1_3v3_Demo/install/brain/share/brain/cmake/export_brain__rosidl_typesupport_fastrtps_cppExport-noconfig.cmake\n'}
[68.658928] (brain) StdoutLine: {'line': b'-- Up-to-date: /home/booster/Workspace/Booster_T1_3v3_Demo/install/brain/share/brain/cmake/brain__rosidl_typesupport_introspection_cExport.cmake\n'}
[68.659858] (brain) StdoutLine: {'line': b'-- Up-to-date: /home/booster/Workspace/Booster_T1_3v3_Demo/install/brain/share/brain/cmake/brain__rosidl_typesupport_introspection_cExport-noconfig.cmake\n'}
[68.660282] (brain) StdoutLine: {'line': b'-- Up-to-date: /home/booster/Workspace/Booster_T1_3v3_Demo/install/brain/share/brain/cmake/brain__rosidl_typesupport_cExport.cmake\n'}
[68.664200] (brain) StdoutLine: {'line': b'-- Up-to-date: /home/booster/Workspace/Booster_T1_3v3_Demo/install/brain/share/brain/cmake/brain__rosidl_typesupport_cExport-noconfig.cmake\n'}
[68.664457] (brain) StdoutLine: {'line': b'-- Up-to-date: /home/booster/Workspace/Booster_T1_3v3_Demo/install/brain/share/brain/cmake/brain__rosidl_typesupport_introspection_cppExport.cmake\n'}
[68.664596] (brain) StdoutLine: {'line': b'-- Up-to-date: /home/booster/Workspace/Booster_T1_3v3_Demo/install/brain/share/brain/cmake/brain__rosidl_typesupport_introspection_cppExport-noconfig.cmake\n'}
[68.664709] (brain) StdoutLine: {'line': b'-- Up-to-date: /home/booster/Workspace/Booster_T1_3v3_Demo/install/brain/share/brain/cmake/brain__rosidl_typesupport_cppExport.cmake\n'}
[68.665938] (brain) StdoutLine: {'line': b'-- Up-to-date: /home/booster/Workspace/Booster_T1_3v3_Demo/install/brain/share/brain/cmake/brain__rosidl_typesupport_cppExport-noconfig.cmake\n'}
[68.666147] (brain) StdoutLine: {'line': b'-- Up-to-date: /home/booster/Workspace/Booster_T1_3v3_Demo/install/brain/share/brain/cmake/export_brain__rosidl_generator_pyExport.cmake\n'}
[68.673530] (brain) StdoutLine: {'line': b'-- Up-to-date: /home/booster/Workspace/Booster_T1_3v3_Demo/install/brain/share/brain/cmake/export_brain__rosidl_generator_pyExport-noconfig.cmake\n'}
[68.673843] (brain) CommandEnded: {'returncode': 0}
[68.690563] (-) TimerEvent: {}
[68.744837] (brain) JobEnded: {'identifier': 'brain', 'rc': 0}
[68.746488] (-) EventReactorShutdown: {}
