[0.000000] (-) TimerEvent: {}
[0.001030] (booster_interface) JobQueued: {'identifier': 'booster_interface', 'dependencies': OrderedDict()}
[0.001380] (booster_msgs) JobQueued: {'identifier': 'booster_msgs', 'dependencies': OrderedDict()}
[0.002222] (game_controller_interface) JobQueued: {'identifier': 'game_controller_interface', 'dependencies': OrderedDict()}
[0.002327] (sound_play) JobQueued: {'identifier': 'sound_play', 'dependencies': OrderedDict()}
[0.002375] (vision_interface) JobQueued: {'identifier': 'vision_interface', 'dependencies': OrderedDict()}
[0.002426] (brain) JobQueued: {'identifier': 'brain', 'dependencies': OrderedDict([('booster_interface', '/home/booster/Workspace/Booster_T1_3v3_Demo/src/install/booster_interface'), ('booster_msgs', '/home/booster/Workspace/Booster_T1_3v3_Demo/src/install/booster_msgs'), ('game_controller_interface', '/home/booster/Workspace/Booster_T1_3v3_Demo/src/install/game_controller_interface'), ('vision_interface', '/home/booster/Workspace/Booster_T1_3v3_Demo/src/install/vision_interface')])}
[0.002477] (game_controller) JobQueued: {'identifier': 'game_controller', 'dependencies': OrderedDict([('game_controller_interface', '/home/booster/Workspace/Booster_T1_3v3_Demo/src/install/game_controller_interface')])}
[0.002510] (vision) JobQueued: {'identifier': 'vision', 'dependencies': OrderedDict([('vision_interface', '/home/booster/Workspace/Booster_T1_3v3_Demo/src/install/vision_interface')])}
[0.002727] (game_controller_interface) JobStarted: {'identifier': 'game_controller_interface'}
[0.012211] (vision_interface) JobStarted: {'identifier': 'vision_interface'}
[0.019943] (booster_interface) JobStarted: {'identifier': 'booster_interface'}
[0.026308] (booster_msgs) JobStarted: {'identifier': 'booster_msgs'}
[0.032992] (sound_play) JobStarted: {'identifier': 'sound_play'}
[0.049396] (game_controller_interface) JobProgress: {'identifier': 'game_controller_interface', 'progress': 'cmake'}
[0.053095] (game_controller_interface) Command: {'cmd': ['/usr/bin/cmake', '/home/booster/Workspace/Booster_T1_3v3_Demo/src/robocup_ros2_interface/src/game_controller_interface', '-DCMAKE_INSTALL_PREFIX=/home/booster/Workspace/Booster_T1_3v3_Demo/src/install/game_controller_interface'], 'cwd': '/home/booster/Workspace/Booster_T1_3v3_Demo/src/build/game_controller_interface', 'env': OrderedDict([('LESSOPEN', '| /usr/bin/lesspipe %s'), ('USER', 'booster'), ('SSH_CLIENT', '10.10.144.134 51037 22'), ('XDG_SESSION_TYPE', 'tty'), ('GIT_ASKPASS', '/home/booster/.cursor-server/bin/25412918da7e74b2686b25d62da1f01cfcd27680/extensions/git/dist/askpass.sh'), ('SHLVL', '1'), ('LD_LIBRARY_PATH', '/opt/ros/humble/opt/rviz_ogre_vendor/lib:/opt/ros/humble/lib/aarch64-linux-gnu:/opt/ros/humble/lib:/usr/local/cuda/lib64:'), ('BROWSER', '/home/booster/.cursor-server/bin/25412918da7e74b2686b25d62da1f01cfcd27680/bin/helpers/browser.sh'), ('MOTD_SHOWN', 'pam'), ('HOME', '/home/booster'), ('OLDPWD', '/home/booster/Workspace/Booster_T1_3v3_Demo'), ('TERM_PROGRAM_VERSION', '2.0.64'), ('VSCODE_IPC_HOOK_CLI', '/run/user/1000/vscode-ipc-f7ed2610-5b6c-48c9-89fc-6c8784f58529.sock'), ('JETSON_L4T', '36.4.3'), ('ROS_PYTHON_VERSION', '3'), ('JETSON_MODEL', 'Booster T1 AGX Orin V2.1'), ('VSCODE_GIT_ASKPASS_MAIN', '/home/booster/.cursor-server/bin/25412918da7e74b2686b25d62da1f01cfcd27680/extensions/git/dist/askpass-main.js'), ('VSCODE_GIT_ASKPASS_NODE', '/home/booster/.cursor-server/bin/25412918da7e74b2686b25d62da1f01cfcd27680/node'), ('DBUS_SESSION_BUS_ADDRESS', 'unix:path=/run/user/1000/bus'), ('COLORTERM', 'truecolor'), ('ROS_DISTRO', 'humble'), ('LOGNAME', 'booster'), ('JETSON_MODULE', 'NVIDIA Jetson AGX Orin (32GB ram)'), ('JETSON_SERIAL_NUMBER', '1421225046990'), ('_', '/usr/bin/colcon'), ('ROS_VERSION', '2'), ('XDG_SESSION_CLASS', 'user'), ('TERM', 'xterm-256color'), ('XDG_SESSION_ID', '7'), ('ROS_LOCALHOST_ONLY', '0'), ('PATH', '/opt/ros/humble/bin:/usr/local/cuda/bin:/usr/local/sbin:/usr/local/bin:/usr/sbin:/usr/bin:/sbin:/bin:/snap/bin'), ('FASTRTPS_DEFAULT_PROFILES_FILE', '/opt/booster/BoosterRos2/fastdds_profile.xml'), ('CUDA_ROOT', '/usr/local/cuda'), ('XDG_RUNTIME_DIR', '/run/user/1000'), ('LANG', 'en_US.UTF-8'), ('LS_COLORS', 'rs=0:di=01;34:ln=01;36:mh=00:pi=40;33:so=01;35:do=01;35:bd=40;33;01:cd=40;33;01:or=40;31;01:mi=00:su=37;41:sg=30;43:ca=30;41:tw=30;42:ow=34;42:st=37;44:ex=01;32:*.tar=01;31:*.tgz=01;31:*.arc=01;31:*.arj=01;31:*.taz=01;31:*.lha=01;31:*.lz4=01;31:*.lzh=01;31:*.lzma=01;31:*.tlz=01;31:*.txz=01;31:*.tzo=01;31:*.t7z=01;31:*.zip=01;31:*.z=01;31:*.dz=01;31:*.gz=01;31:*.lrz=01;31:*.lz=01;31:*.lzo=01;31:*.xz=01;31:*.zst=01;31:*.tzst=01;31:*.bz2=01;31:*.bz=01;31:*.tbz=01;31:*.tbz2=01;31:*.tz=01;31:*.deb=01;31:*.rpm=01;31:*.jar=01;31:*.war=01;31:*.ear=01;31:*.sar=01;31:*.rar=01;31:*.alz=01;31:*.ace=01;31:*.zoo=01;31:*.cpio=01;31:*.7z=01;31:*.rz=01;31:*.cab=01;31:*.wim=01;31:*.swm=01;31:*.dwm=01;31:*.esd=01;31:*.jpg=01;35:*.jpeg=01;35:*.mjpg=01;35:*.mjpeg=01;35:*.gif=01;35:*.bmp=01;35:*.pbm=01;35:*.pgm=01;35:*.ppm=01;35:*.tga=01;35:*.xbm=01;35:*.xpm=01;35:*.tif=01;35:*.tiff=01;35:*.png=01;35:*.svg=01;35:*.svgz=01;35:*.mng=01;35:*.pcx=01;35:*.mov=01;35:*.mpg=01;35:*.mpeg=01;35:*.m2v=01;35:*.mkv=01;35:*.webm=01;35:*.webp=01;35:*.ogm=01;35:*.mp4=01;35:*.m4v=01;35:*.mp4v=01;35:*.vob=01;35:*.qt=01;35:*.nuv=01;35:*.wmv=01;35:*.asf=01;35:*.rm=01;35:*.rmvb=01;35:*.flc=01;35:*.avi=01;35:*.fli=01;35:*.flv=01;35:*.gl=01;35:*.dl=01;35:*.xcf=01;35:*.xwd=01;35:*.yuv=01;35:*.cgm=01;35:*.emf=01;35:*.ogv=01;35:*.ogx=01;35:*.aac=00;36:*.au=00;36:*.flac=00;36:*.m4a=00;36:*.mid=00;36:*.midi=00;36:*.mka=00;36:*.mp3=00;36:*.mpc=00;36:*.ogg=00;36:*.ra=00;36:*.wav=00;36:*.oga=00;36:*.opus=00;36:*.spx=00;36:*.xspf=00;36:'), ('JETSON_SOC', 'tegra234'), ('VSCODE_GIT_IPC_HANDLE', '/run/user/1000/vscode-git-d36fc8e34d.sock'), ('TERM_PROGRAM', 'vscode'), ('AMENT_PREFIX_PATH', '/opt/ros/humble'), ('SHELL', '/bin/bash'), ('LESSCLOSE', '/usr/bin/lesspipe %s %s'), ('VSCODE_GIT_ASKPASS_EXTRA_ARGS', ''), ('JETSON_CUDA_ARCH_BIN', '8.7'), ('PWD', '/home/booster/Workspace/Booster_T1_3v3_Demo/src/build/game_controller_interface'), ('SSH_CONNECTION', '10.10.144.134 51037 10.10.144.147 22'), ('XDG_DATA_DIRS', '/usr/share/gnome:/usr/local/share:/usr/share:/var/lib/snapd/desktop'), ('PYTHONPATH', '/opt/ros/humble/lib/python3.10/site-packages:/opt/ros/humble/local/lib/python3.10/dist-packages'), ('COLCON', '1'), ('JETSON_JETPACK', '6.2'), ('JETSON_P_NUMBER', 'p3701-0004'), ('CMAKE_PREFIX_PATH', '/opt/ros/humble')]), 'shell': False}
[0.085341] (vision_interface) JobProgress: {'identifier': 'vision_interface', 'progress': 'cmake'}
[0.088543] (vision_interface) Command: {'cmd': ['/usr/bin/cmake', '/home/booster/Workspace/Booster_T1_3v3_Demo/src/robocup_ros2_interface/src/vision_interface', '-DCMAKE_INSTALL_PREFIX=/home/booster/Workspace/Booster_T1_3v3_Demo/src/install/vision_interface'], 'cwd': '/home/booster/Workspace/Booster_T1_3v3_Demo/src/build/vision_interface', 'env': OrderedDict([('LESSOPEN', '| /usr/bin/lesspipe %s'), ('USER', 'booster'), ('SSH_CLIENT', '10.10.144.134 51037 22'), ('XDG_SESSION_TYPE', 'tty'), ('GIT_ASKPASS', '/home/booster/.cursor-server/bin/25412918da7e74b2686b25d62da1f01cfcd27680/extensions/git/dist/askpass.sh'), ('SHLVL', '1'), ('LD_LIBRARY_PATH', '/opt/ros/humble/opt/rviz_ogre_vendor/lib:/opt/ros/humble/lib/aarch64-linux-gnu:/opt/ros/humble/lib:/usr/local/cuda/lib64:'), ('BROWSER', '/home/booster/.cursor-server/bin/25412918da7e74b2686b25d62da1f01cfcd27680/bin/helpers/browser.sh'), ('MOTD_SHOWN', 'pam'), ('HOME', '/home/booster'), ('OLDPWD', '/home/booster/Workspace/Booster_T1_3v3_Demo'), ('TERM_PROGRAM_VERSION', '2.0.64'), ('VSCODE_IPC_HOOK_CLI', '/run/user/1000/vscode-ipc-f7ed2610-5b6c-48c9-89fc-6c8784f58529.sock'), ('JETSON_L4T', '36.4.3'), ('ROS_PYTHON_VERSION', '3'), ('JETSON_MODEL', 'Booster T1 AGX Orin V2.1'), ('VSCODE_GIT_ASKPASS_MAIN', '/home/booster/.cursor-server/bin/25412918da7e74b2686b25d62da1f01cfcd27680/extensions/git/dist/askpass-main.js'), ('VSCODE_GIT_ASKPASS_NODE', '/home/booster/.cursor-server/bin/25412918da7e74b2686b25d62da1f01cfcd27680/node'), ('DBUS_SESSION_BUS_ADDRESS', 'unix:path=/run/user/1000/bus'), ('COLORTERM', 'truecolor'), ('ROS_DISTRO', 'humble'), ('LOGNAME', 'booster'), ('JETSON_MODULE', 'NVIDIA Jetson AGX Orin (32GB ram)'), ('JETSON_SERIAL_NUMBER', '1421225046990'), ('_', '/usr/bin/colcon'), ('ROS_VERSION', '2'), ('XDG_SESSION_CLASS', 'user'), ('TERM', 'xterm-256color'), ('XDG_SESSION_ID', '7'), ('ROS_LOCALHOST_ONLY', '0'), ('PATH', '/opt/ros/humble/bin:/usr/local/cuda/bin:/usr/local/sbin:/usr/local/bin:/usr/sbin:/usr/bin:/sbin:/bin:/snap/bin'), ('FASTRTPS_DEFAULT_PROFILES_FILE', '/opt/booster/BoosterRos2/fastdds_profile.xml'), ('CUDA_ROOT', '/usr/local/cuda'), ('XDG_RUNTIME_DIR', '/run/user/1000'), ('LANG', 'en_US.UTF-8'), ('LS_COLORS', 'rs=0:di=01;34:ln=01;36:mh=00:pi=40;33:so=01;35:do=01;35:bd=40;33;01:cd=40;33;01:or=40;31;01:mi=00:su=37;41:sg=30;43:ca=30;41:tw=30;42:ow=34;42:st=37;44:ex=01;32:*.tar=01;31:*.tgz=01;31:*.arc=01;31:*.arj=01;31:*.taz=01;31:*.lha=01;31:*.lz4=01;31:*.lzh=01;31:*.lzma=01;31:*.tlz=01;31:*.txz=01;31:*.tzo=01;31:*.t7z=01;31:*.zip=01;31:*.z=01;31:*.dz=01;31:*.gz=01;31:*.lrz=01;31:*.lz=01;31:*.lzo=01;31:*.xz=01;31:*.zst=01;31:*.tzst=01;31:*.bz2=01;31:*.bz=01;31:*.tbz=01;31:*.tbz2=01;31:*.tz=01;31:*.deb=01;31:*.rpm=01;31:*.jar=01;31:*.war=01;31:*.ear=01;31:*.sar=01;31:*.rar=01;31:*.alz=01;31:*.ace=01;31:*.zoo=01;31:*.cpio=01;31:*.7z=01;31:*.rz=01;31:*.cab=01;31:*.wim=01;31:*.swm=01;31:*.dwm=01;31:*.esd=01;31:*.jpg=01;35:*.jpeg=01;35:*.mjpg=01;35:*.mjpeg=01;35:*.gif=01;35:*.bmp=01;35:*.pbm=01;35:*.pgm=01;35:*.ppm=01;35:*.tga=01;35:*.xbm=01;35:*.xpm=01;35:*.tif=01;35:*.tiff=01;35:*.png=01;35:*.svg=01;35:*.svgz=01;35:*.mng=01;35:*.pcx=01;35:*.mov=01;35:*.mpg=01;35:*.mpeg=01;35:*.m2v=01;35:*.mkv=01;35:*.webm=01;35:*.webp=01;35:*.ogm=01;35:*.mp4=01;35:*.m4v=01;35:*.mp4v=01;35:*.vob=01;35:*.qt=01;35:*.nuv=01;35:*.wmv=01;35:*.asf=01;35:*.rm=01;35:*.rmvb=01;35:*.flc=01;35:*.avi=01;35:*.fli=01;35:*.flv=01;35:*.gl=01;35:*.dl=01;35:*.xcf=01;35:*.xwd=01;35:*.yuv=01;35:*.cgm=01;35:*.emf=01;35:*.ogv=01;35:*.ogx=01;35:*.aac=00;36:*.au=00;36:*.flac=00;36:*.m4a=00;36:*.mid=00;36:*.midi=00;36:*.mka=00;36:*.mp3=00;36:*.mpc=00;36:*.ogg=00;36:*.ra=00;36:*.wav=00;36:*.oga=00;36:*.opus=00;36:*.spx=00;36:*.xspf=00;36:'), ('JETSON_SOC', 'tegra234'), ('VSCODE_GIT_IPC_HANDLE', '/run/user/1000/vscode-git-d36fc8e34d.sock'), ('TERM_PROGRAM', 'vscode'), ('AMENT_PREFIX_PATH', '/opt/ros/humble'), ('SHELL', '/bin/bash'), ('LESSCLOSE', '/usr/bin/lesspipe %s %s'), ('VSCODE_GIT_ASKPASS_EXTRA_ARGS', ''), ('JETSON_CUDA_ARCH_BIN', '8.7'), ('PWD', '/home/booster/Workspace/Booster_T1_3v3_Demo/src/build/vision_interface'), ('SSH_CONNECTION', '10.10.144.134 51037 10.10.144.147 22'), ('XDG_DATA_DIRS', '/usr/share/gnome:/usr/local/share:/usr/share:/var/lib/snapd/desktop'), ('PYTHONPATH', '/opt/ros/humble/lib/python3.10/site-packages:/opt/ros/humble/local/lib/python3.10/dist-packages'), ('COLCON', '1'), ('JETSON_JETPACK', '6.2'), ('JETSON_P_NUMBER', 'p3701-0004'), ('CMAKE_PREFIX_PATH', '/opt/ros/humble')]), 'shell': False}
[0.095805] (booster_msgs) JobProgress: {'identifier': 'booster_msgs', 'progress': 'cmake'}
[0.096266] (booster_msgs) Command: {'cmd': ['/usr/bin/cmake', '/home/booster/Workspace/Booster_T1_3v3_Demo/src/booster_msgs', '-DCMAKE_INSTALL_PREFIX=/home/booster/Workspace/Booster_T1_3v3_Demo/src/install/booster_msgs'], 'cwd': '/home/booster/Workspace/Booster_T1_3v3_Demo/src/build/booster_msgs', 'env': OrderedDict([('LESSOPEN', '| /usr/bin/lesspipe %s'), ('USER', 'booster'), ('SSH_CLIENT', '10.10.144.134 51037 22'), ('XDG_SESSION_TYPE', 'tty'), ('GIT_ASKPASS', '/home/booster/.cursor-server/bin/25412918da7e74b2686b25d62da1f01cfcd27680/extensions/git/dist/askpass.sh'), ('SHLVL', '1'), ('LD_LIBRARY_PATH', '/opt/ros/humble/opt/rviz_ogre_vendor/lib:/opt/ros/humble/lib/aarch64-linux-gnu:/opt/ros/humble/lib:/usr/local/cuda/lib64:'), ('BROWSER', '/home/booster/.cursor-server/bin/25412918da7e74b2686b25d62da1f01cfcd27680/bin/helpers/browser.sh'), ('MOTD_SHOWN', 'pam'), ('HOME', '/home/booster'), ('OLDPWD', '/home/booster/Workspace/Booster_T1_3v3_Demo'), ('TERM_PROGRAM_VERSION', '2.0.64'), ('VSCODE_IPC_HOOK_CLI', '/run/user/1000/vscode-ipc-f7ed2610-5b6c-48c9-89fc-6c8784f58529.sock'), ('JETSON_L4T', '36.4.3'), ('ROS_PYTHON_VERSION', '3'), ('JETSON_MODEL', 'Booster T1 AGX Orin V2.1'), ('VSCODE_GIT_ASKPASS_MAIN', '/home/booster/.cursor-server/bin/25412918da7e74b2686b25d62da1f01cfcd27680/extensions/git/dist/askpass-main.js'), ('VSCODE_GIT_ASKPASS_NODE', '/home/booster/.cursor-server/bin/25412918da7e74b2686b25d62da1f01cfcd27680/node'), ('DBUS_SESSION_BUS_ADDRESS', 'unix:path=/run/user/1000/bus'), ('COLORTERM', 'truecolor'), ('ROS_DISTRO', 'humble'), ('LOGNAME', 'booster'), ('JETSON_MODULE', 'NVIDIA Jetson AGX Orin (32GB ram)'), ('JETSON_SERIAL_NUMBER', '1421225046990'), ('_', '/usr/bin/colcon'), ('ROS_VERSION', '2'), ('XDG_SESSION_CLASS', 'user'), ('TERM', 'xterm-256color'), ('XDG_SESSION_ID', '7'), ('ROS_LOCALHOST_ONLY', '0'), ('PATH', '/opt/ros/humble/bin:/usr/local/cuda/bin:/usr/local/sbin:/usr/local/bin:/usr/sbin:/usr/bin:/sbin:/bin:/snap/bin'), ('FASTRTPS_DEFAULT_PROFILES_FILE', '/opt/booster/BoosterRos2/fastdds_profile.xml'), ('CUDA_ROOT', '/usr/local/cuda'), ('XDG_RUNTIME_DIR', '/run/user/1000'), ('LANG', 'en_US.UTF-8'), ('LS_COLORS', 'rs=0:di=01;34:ln=01;36:mh=00:pi=40;33:so=01;35:do=01;35:bd=40;33;01:cd=40;33;01:or=40;31;01:mi=00:su=37;41:sg=30;43:ca=30;41:tw=30;42:ow=34;42:st=37;44:ex=01;32:*.tar=01;31:*.tgz=01;31:*.arc=01;31:*.arj=01;31:*.taz=01;31:*.lha=01;31:*.lz4=01;31:*.lzh=01;31:*.lzma=01;31:*.tlz=01;31:*.txz=01;31:*.tzo=01;31:*.t7z=01;31:*.zip=01;31:*.z=01;31:*.dz=01;31:*.gz=01;31:*.lrz=01;31:*.lz=01;31:*.lzo=01;31:*.xz=01;31:*.zst=01;31:*.tzst=01;31:*.bz2=01;31:*.bz=01;31:*.tbz=01;31:*.tbz2=01;31:*.tz=01;31:*.deb=01;31:*.rpm=01;31:*.jar=01;31:*.war=01;31:*.ear=01;31:*.sar=01;31:*.rar=01;31:*.alz=01;31:*.ace=01;31:*.zoo=01;31:*.cpio=01;31:*.7z=01;31:*.rz=01;31:*.cab=01;31:*.wim=01;31:*.swm=01;31:*.dwm=01;31:*.esd=01;31:*.jpg=01;35:*.jpeg=01;35:*.mjpg=01;35:*.mjpeg=01;35:*.gif=01;35:*.bmp=01;35:*.pbm=01;35:*.pgm=01;35:*.ppm=01;35:*.tga=01;35:*.xbm=01;35:*.xpm=01;35:*.tif=01;35:*.tiff=01;35:*.png=01;35:*.svg=01;35:*.svgz=01;35:*.mng=01;35:*.pcx=01;35:*.mov=01;35:*.mpg=01;35:*.mpeg=01;35:*.m2v=01;35:*.mkv=01;35:*.webm=01;35:*.webp=01;35:*.ogm=01;35:*.mp4=01;35:*.m4v=01;35:*.mp4v=01;35:*.vob=01;35:*.qt=01;35:*.nuv=01;35:*.wmv=01;35:*.asf=01;35:*.rm=01;35:*.rmvb=01;35:*.flc=01;35:*.avi=01;35:*.fli=01;35:*.flv=01;35:*.gl=01;35:*.dl=01;35:*.xcf=01;35:*.xwd=01;35:*.yuv=01;35:*.cgm=01;35:*.emf=01;35:*.ogv=01;35:*.ogx=01;35:*.aac=00;36:*.au=00;36:*.flac=00;36:*.m4a=00;36:*.mid=00;36:*.midi=00;36:*.mka=00;36:*.mp3=00;36:*.mpc=00;36:*.ogg=00;36:*.ra=00;36:*.wav=00;36:*.oga=00;36:*.opus=00;36:*.spx=00;36:*.xspf=00;36:'), ('JETSON_SOC', 'tegra234'), ('VSCODE_GIT_IPC_HANDLE', '/run/user/1000/vscode-git-d36fc8e34d.sock'), ('TERM_PROGRAM', 'vscode'), ('AMENT_PREFIX_PATH', '/opt/ros/humble'), ('SHELL', '/bin/bash'), ('LESSCLOSE', '/usr/bin/lesspipe %s %s'), ('VSCODE_GIT_ASKPASS_EXTRA_ARGS', ''), ('JETSON_CUDA_ARCH_BIN', '8.7'), ('PWD', '/home/booster/Workspace/Booster_T1_3v3_Demo/src/build/booster_msgs'), ('SSH_CONNECTION', '10.10.144.134 51037 10.10.144.147 22'), ('XDG_DATA_DIRS', '/usr/share/gnome:/usr/local/share:/usr/share:/var/lib/snapd/desktop'), ('PYTHONPATH', '/opt/ros/humble/lib/python3.10/site-packages:/opt/ros/humble/local/lib/python3.10/dist-packages'), ('COLCON', '1'), ('JETSON_JETPACK', '6.2'), ('JETSON_P_NUMBER', 'p3701-0004'), ('CMAKE_PREFIX_PATH', '/opt/ros/humble')]), 'shell': False}
[0.107069] (-) TimerEvent: {}
[0.207949] (-) TimerEvent: {}
[0.237014] (vision_interface) StdoutLine: {'line': b'-- The C compiler identification is GNU 11.4.0\n'}
[0.307747] (booster_msgs) StdoutLine: {'line': b'-- The C compiler identification is GNU 11.4.0\n'}
[0.308279] (-) TimerEvent: {}
[0.318166] (game_controller_interface) StdoutLine: {'line': b'-- The C compiler identification is GNU 11.4.0\n'}
[0.408896] (-) TimerEvent: {}
[0.416910] (vision_interface) StdoutLine: {'line': b'-- The CXX compiler identification is GNU 11.4.0\n'}
[0.447278] (vision_interface) StdoutLine: {'line': b'-- Detecting C compiler ABI info\n'}
[0.502491] (booster_msgs) StdoutLine: {'line': b'-- The CXX compiler identification is GNU 11.4.0\n'}
[0.509071] (-) TimerEvent: {}
[0.539047] (booster_msgs) StdoutLine: {'line': b'-- Detecting C compiler ABI info\n'}
[0.605528] (game_controller_interface) StdoutLine: {'line': b'-- The CXX compiler identification is GNU 11.4.0\n'}
[0.610989] (-) TimerEvent: {}
[0.623588] (game_controller_interface) StdoutLine: {'line': b'-- Detecting C compiler ABI info\n'}
[0.711192] (-) TimerEvent: {}
[0.799069] (booster_msgs) StdoutLine: {'line': b'-- Detecting C compiler ABI info - done\n'}
[0.811356] (-) TimerEvent: {}
[0.862844] (booster_msgs) StdoutLine: {'line': b'-- Check for working C compiler: /usr/bin/cc - skipped\n'}
[0.864423] (booster_msgs) StdoutLine: {'line': b'-- Detecting C compile features\n'}
[0.865770] (booster_msgs) StdoutLine: {'line': b'-- Detecting C compile features - done\n'}
[0.871699] (booster_msgs) StdoutLine: {'line': b'-- Detecting CXX compiler ABI info\n'}
[0.891808] (vision_interface) StdoutLine: {'line': b'-- Detecting C compiler ABI info - done\n'}
[0.911532] (-) TimerEvent: {}
[0.913936] (vision_interface) StdoutLine: {'line': b'-- Check for working C compiler: /usr/bin/cc - skipped\n'}
[0.923316] (vision_interface) StdoutLine: {'line': b'-- Detecting C compile features\n'}
[0.924038] (vision_interface) StdoutLine: {'line': b'-- Detecting C compile features - done\n'}
[0.936250] (vision_interface) StdoutLine: {'line': b'-- Detecting CXX compiler ABI info\n'}
[0.962815] (game_controller_interface) StdoutLine: {'line': b'-- Detecting C compiler ABI info - done\n'}
[0.972700] (game_controller_interface) StdoutLine: {'line': b'-- Check for working C compiler: /usr/bin/cc - skipped\n'}
[0.973113] (game_controller_interface) StdoutLine: {'line': b'-- Detecting C compile features\n'}
[0.973646] (game_controller_interface) StdoutLine: {'line': b'-- Detecting C compile features - done\n'}
[0.979622] (game_controller_interface) StdoutLine: {'line': b'-- Detecting CXX compiler ABI info\n'}
[1.011925] (-) TimerEvent: {}
[1.113172] (-) TimerEvent: {}
[1.213734] (-) TimerEvent: {}
[1.265748] (vision_interface) StdoutLine: {'line': b'-- Detecting CXX compiler ABI info - done\n'}
[1.266142] (vision_interface) StdoutLine: {'line': b'-- Check for working CXX compiler: /usr/bin/c++ - skipped\n'}
[1.266281] (vision_interface) StdoutLine: {'line': b'-- Detecting CXX compile features\n'}
[1.266751] (vision_interface) StdoutLine: {'line': b'-- Detecting CXX compile features - done\n'}
[1.273652] (vision_interface) StdoutLine: {'line': b'-- Found ament_cmake: 1.3.11 (/opt/ros/humble/share/ament_cmake/cmake)\n'}
[1.285967] (booster_msgs) StdoutLine: {'line': b'-- Detecting CXX compiler ABI info - done\n'}
[1.286452] (booster_interface) JobProgress: {'identifier': 'booster_interface', 'progress': 'cmake'}
[1.286497] (booster_interface) Command: {'cmd': ['/usr/bin/cmake', '/home/booster/Workspace/Booster_T1_3v3_Demo/src/booster_ros2_interface', '-DCMAKE_INSTALL_PREFIX=/home/booster/Workspace/Booster_T1_3v3_Demo/src/install/booster_interface'], 'cwd': '/home/booster/Workspace/Booster_T1_3v3_Demo/src/build/booster_interface', 'env': OrderedDict([('LESSOPEN', '| /usr/bin/lesspipe %s'), ('USER', 'booster'), ('SSH_CLIENT', '10.10.144.134 51037 22'), ('XDG_SESSION_TYPE', 'tty'), ('GIT_ASKPASS', '/home/booster/.cursor-server/bin/25412918da7e74b2686b25d62da1f01cfcd27680/extensions/git/dist/askpass.sh'), ('SHLVL', '1'), ('LD_LIBRARY_PATH', '/opt/ros/humble/opt/rviz_ogre_vendor/lib:/opt/ros/humble/lib/aarch64-linux-gnu:/opt/ros/humble/lib:/usr/local/cuda/lib64:'), ('BROWSER', '/home/booster/.cursor-server/bin/25412918da7e74b2686b25d62da1f01cfcd27680/bin/helpers/browser.sh'), ('MOTD_SHOWN', 'pam'), ('HOME', '/home/booster'), ('OLDPWD', '/home/booster/Workspace/Booster_T1_3v3_Demo'), ('TERM_PROGRAM_VERSION', '2.0.64'), ('VSCODE_IPC_HOOK_CLI', '/run/user/1000/vscode-ipc-f7ed2610-5b6c-48c9-89fc-6c8784f58529.sock'), ('JETSON_L4T', '36.4.3'), ('ROS_PYTHON_VERSION', '3'), ('JETSON_MODEL', 'Booster T1 AGX Orin V2.1'), ('VSCODE_GIT_ASKPASS_MAIN', '/home/booster/.cursor-server/bin/25412918da7e74b2686b25d62da1f01cfcd27680/extensions/git/dist/askpass-main.js'), ('VSCODE_GIT_ASKPASS_NODE', '/home/booster/.cursor-server/bin/25412918da7e74b2686b25d62da1f01cfcd27680/node'), ('DBUS_SESSION_BUS_ADDRESS', 'unix:path=/run/user/1000/bus'), ('COLORTERM', 'truecolor'), ('ROS_DISTRO', 'humble'), ('LOGNAME', 'booster'), ('JETSON_MODULE', 'NVIDIA Jetson AGX Orin (32GB ram)'), ('JETSON_SERIAL_NUMBER', '1421225046990'), ('_', '/usr/bin/colcon'), ('ROS_VERSION', '2'), ('XDG_SESSION_CLASS', 'user'), ('TERM', 'xterm-256color'), ('XDG_SESSION_ID', '7'), ('ROS_LOCALHOST_ONLY', '0'), ('PATH', '/opt/ros/humble/bin:/usr/local/cuda/bin:/usr/local/sbin:/usr/local/bin:/usr/sbin:/usr/bin:/sbin:/bin:/snap/bin'), ('FASTRTPS_DEFAULT_PROFILES_FILE', '/opt/booster/BoosterRos2/fastdds_profile.xml'), ('CUDA_ROOT', '/usr/local/cuda'), ('XDG_RUNTIME_DIR', '/run/user/1000'), ('LANG', 'en_US.UTF-8'), ('LS_COLORS', 'rs=0:di=01;34:ln=01;36:mh=00:pi=40;33:so=01;35:do=01;35:bd=40;33;01:cd=40;33;01:or=40;31;01:mi=00:su=37;41:sg=30;43:ca=30;41:tw=30;42:ow=34;42:st=37;44:ex=01;32:*.tar=01;31:*.tgz=01;31:*.arc=01;31:*.arj=01;31:*.taz=01;31:*.lha=01;31:*.lz4=01;31:*.lzh=01;31:*.lzma=01;31:*.tlz=01;31:*.txz=01;31:*.tzo=01;31:*.t7z=01;31:*.zip=01;31:*.z=01;31:*.dz=01;31:*.gz=01;31:*.lrz=01;31:*.lz=01;31:*.lzo=01;31:*.xz=01;31:*.zst=01;31:*.tzst=01;31:*.bz2=01;31:*.bz=01;31:*.tbz=01;31:*.tbz2=01;31:*.tz=01;31:*.deb=01;31:*.rpm=01;31:*.jar=01;31:*.war=01;31:*.ear=01;31:*.sar=01;31:*.rar=01;31:*.alz=01;31:*.ace=01;31:*.zoo=01;31:*.cpio=01;31:*.7z=01;31:*.rz=01;31:*.cab=01;31:*.wim=01;31:*.swm=01;31:*.dwm=01;31:*.esd=01;31:*.jpg=01;35:*.jpeg=01;35:*.mjpg=01;35:*.mjpeg=01;35:*.gif=01;35:*.bmp=01;35:*.pbm=01;35:*.pgm=01;35:*.ppm=01;35:*.tga=01;35:*.xbm=01;35:*.xpm=01;35:*.tif=01;35:*.tiff=01;35:*.png=01;35:*.svg=01;35:*.svgz=01;35:*.mng=01;35:*.pcx=01;35:*.mov=01;35:*.mpg=01;35:*.mpeg=01;35:*.m2v=01;35:*.mkv=01;35:*.webm=01;35:*.webp=01;35:*.ogm=01;35:*.mp4=01;35:*.m4v=01;35:*.mp4v=01;35:*.vob=01;35:*.qt=01;35:*.nuv=01;35:*.wmv=01;35:*.asf=01;35:*.rm=01;35:*.rmvb=01;35:*.flc=01;35:*.avi=01;35:*.fli=01;35:*.flv=01;35:*.gl=01;35:*.dl=01;35:*.xcf=01;35:*.xwd=01;35:*.yuv=01;35:*.cgm=01;35:*.emf=01;35:*.ogv=01;35:*.ogx=01;35:*.aac=00;36:*.au=00;36:*.flac=00;36:*.m4a=00;36:*.mid=00;36:*.midi=00;36:*.mka=00;36:*.mp3=00;36:*.mpc=00;36:*.ogg=00;36:*.ra=00;36:*.wav=00;36:*.oga=00;36:*.opus=00;36:*.spx=00;36:*.xspf=00;36:'), ('JETSON_SOC', 'tegra234'), ('VSCODE_GIT_IPC_HANDLE', '/run/user/1000/vscode-git-d36fc8e34d.sock'), ('TERM_PROGRAM', 'vscode'), ('AMENT_PREFIX_PATH', '/opt/ros/humble'), ('SHELL', '/bin/bash'), ('LESSCLOSE', '/usr/bin/lesspipe %s %s'), ('VSCODE_GIT_ASKPASS_EXTRA_ARGS', ''), ('JETSON_CUDA_ARCH_BIN', '8.7'), ('PWD', '/home/booster/Workspace/Booster_T1_3v3_Demo/src/build/booster_interface'), ('SSH_CONNECTION', '10.10.144.134 51037 10.10.144.147 22'), ('XDG_DATA_DIRS', '/usr/share/gnome:/usr/local/share:/usr/share:/var/lib/snapd/desktop'), ('PYTHONPATH', '/opt/ros/humble/lib/python3.10/site-packages:/opt/ros/humble/local/lib/python3.10/dist-packages'), ('COLCON', '1'), ('JETSON_JETPACK', '6.2'), ('JETSON_P_NUMBER', 'p3701-0004'), ('CMAKE_PREFIX_PATH', '/opt/ros/humble')]), 'shell': False}
[1.287742] (game_controller_interface) StdoutLine: {'line': b'-- Detecting CXX compiler ABI info - done\n'}
[1.313896] (-) TimerEvent: {}
[1.356362] (booster_msgs) StdoutLine: {'line': b'-- Check for working CXX compiler: /usr/bin/c++ - skipped\n'}
[1.356994] (booster_msgs) StdoutLine: {'line': b'-- Detecting CXX compile features\n'}
[1.357380] (booster_msgs) StdoutLine: {'line': b'-- Detecting CXX compile features - done\n'}
[1.360441] (game_controller_interface) StdoutLine: {'line': b'-- Check for working CXX compiler: /usr/bin/c++ - skipped\n'}
[1.362543] (booster_msgs) StdoutLine: {'line': b'-- Found ament_cmake: 1.3.11 (/opt/ros/humble/share/ament_cmake/cmake)\n'}
[1.364994] (game_controller_interface) StdoutLine: {'line': b'-- Detecting CXX compile features\n'}
[1.367258] (game_controller_interface) StdoutLine: {'line': b'-- Detecting CXX compile features - done\n'}
[1.375720] (game_controller_interface) StdoutLine: {'line': b'-- Found ament_cmake: 1.3.11 (/opt/ros/humble/share/ament_cmake/cmake)\n'}
[1.414013] (-) TimerEvent: {}
[1.516025] (-) TimerEvent: {}
[1.520560] (booster_interface) StdoutLine: {'line': b'-- The C compiler identification is GNU 11.4.0\n'}
[1.617201] (-) TimerEvent: {}
[1.708456] (booster_interface) StdoutLine: {'line': b'-- The CXX compiler identification is GNU 11.4.0\n'}
[1.717768] (-) TimerEvent: {}
[1.734416] (booster_interface) StdoutLine: {'line': b'-- Detecting C compiler ABI info\n'}
[1.817928] (-) TimerEvent: {}
[1.828406] (game_controller_interface) StdoutLine: {'line': b'-- Found Python3: /usr/bin/python3 (found version "3.10.12") found components: Interpreter \n'}
[1.918066] (-) TimerEvent: {}
[1.943364] (vision_interface) StdoutLine: {'line': b'-- Found Python3: /usr/bin/python3 (found version "3.10.12") found components: Interpreter \n'}
[2.018209] (-) TimerEvent: {}
[2.025307] (booster_interface) StdoutLine: {'line': b'-- Detecting C compiler ABI info - done\n'}
[2.038386] (booster_interface) StdoutLine: {'line': b'-- Check for working C compiler: /usr/bin/cc - skipped\n'}
[2.041097] (booster_interface) StdoutLine: {'line': b'-- Detecting C compile features\n'}
[2.044080] (booster_interface) StdoutLine: {'line': b'-- Detecting C compile features - done\n'}
[2.069821] (booster_interface) StdoutLine: {'line': b'-- Detecting CXX compiler ABI info\n'}
[2.118336] (-) TimerEvent: {}
[2.218845] (-) TimerEvent: {}
[2.219458] (booster_msgs) StdoutLine: {'line': b'-- Found Python3: /usr/bin/python3 (found version "3.10.12") found components: Interpreter \n'}
[2.232985] (booster_interface) StdoutLine: {'line': b'-- Detecting CXX compiler ABI info - done\n'}
[2.245562] (vision_interface) StdoutLine: {'line': b'-- Found rclcpp: 16.0.12 (/opt/ros/humble/share/rclcpp/cmake)\n'}
[2.271437] (booster_interface) StdoutLine: {'line': b'-- Check for working CXX compiler: /usr/bin/c++ - skipped\n'}
[2.273554] (booster_interface) StdoutLine: {'line': b'-- Detecting CXX compile features\n'}
[2.276944] (booster_interface) StdoutLine: {'line': b'-- Detecting CXX compile features - done\n'}
[2.281272] (game_controller_interface) StdoutLine: {'line': b'-- Found rclcpp: 16.0.12 (/opt/ros/humble/share/rclcpp/cmake)\n'}
[2.289982] (booster_interface) StdoutLine: {'line': b'-- Found ament_cmake: 1.3.11 (/opt/ros/humble/share/ament_cmake/cmake)\n'}
[2.318982] (-) TimerEvent: {}
[2.419477] (-) TimerEvent: {}
[2.472630] (vision_interface) StdoutLine: {'line': b'-- Found rosidl_generator_c: 3.1.6 (/opt/ros/humble/share/rosidl_generator_c/cmake)\n'}
[2.501660] (game_controller_interface) StdoutLine: {'line': b'-- Found rosidl_generator_c: 3.1.6 (/opt/ros/humble/share/rosidl_generator_c/cmake)\n'}
[2.502756] (vision_interface) StdoutLine: {'line': b'-- Found rosidl_adapter: 3.1.6 (/opt/ros/humble/share/rosidl_adapter/cmake)\n'}
[2.512317] (booster_msgs) StdoutLine: {'line': b'-- Found rosidl_default_generators: 1.2.0 (/opt/ros/humble/share/rosidl_default_generators/cmake)\n'}
[2.516903] (booster_msgs) StdoutLine: {'line': b'-- Using all available rosidl_typesupport_c: rosidl_typesupport_fastrtps_c;rosidl_typesupport_introspection_c\n'}
[2.519604] (-) TimerEvent: {}
[2.522520] (game_controller_interface) StdoutLine: {'line': b'-- Found rosidl_adapter: 3.1.6 (/opt/ros/humble/share/rosidl_adapter/cmake)\n'}
[2.530729] (booster_msgs) StdoutLine: {'line': b'-- Found rosidl_adapter: 3.1.6 (/opt/ros/humble/share/rosidl_adapter/cmake)\n'}
[2.538431] (vision_interface) StdoutLine: {'line': b'-- Found rosidl_generator_cpp: 3.1.6 (/opt/ros/humble/share/rosidl_generator_cpp/cmake)\n'}
[2.557645] (game_controller_interface) StdoutLine: {'line': b'-- Found rosidl_generator_cpp: 3.1.6 (/opt/ros/humble/share/rosidl_generator_cpp/cmake)\n'}
[2.590346] (vision_interface) StdoutLine: {'line': b'-- Using all available rosidl_typesupport_c: rosidl_typesupport_fastrtps_c;rosidl_typesupport_introspection_c\n'}
[2.611868] (game_controller_interface) StdoutLine: {'line': b'-- Using all available rosidl_typesupport_c: rosidl_typesupport_fastrtps_c;rosidl_typesupport_introspection_c\n'}
[2.620642] (-) TimerEvent: {}
[2.662570] (vision_interface) StdoutLine: {'line': b'-- Using all available rosidl_typesupport_cpp: rosidl_typesupport_fastrtps_cpp;rosidl_typesupport_introspection_cpp\n'}
[2.668238] (booster_msgs) StdoutLine: {'line': b'-- Using all available rosidl_typesupport_cpp: rosidl_typesupport_fastrtps_cpp;rosidl_typesupport_introspection_cpp\n'}
[2.680612] (game_controller_interface) StdoutLine: {'line': b'-- Using all available rosidl_typesupport_cpp: rosidl_typesupport_fastrtps_cpp;rosidl_typesupport_introspection_cpp\n'}
[2.720798] (-) TimerEvent: {}
[2.821309] (-) TimerEvent: {}
[2.853873] (sound_play) Command: {'cmd': ['/usr/bin/python3', '-W', 'ignore:setup.py install is deprecated', '-W', 'ignore:easy_install command is deprecated', 'setup.py', 'egg_info', '--egg-base', '../build/sound_play', 'build', '--build-base', '/home/booster/Workspace/Booster_T1_3v3_Demo/src/build/sound_play/build', 'install', '--record', '/home/booster/Workspace/Booster_T1_3v3_Demo/src/build/sound_play/install.log', '--single-version-externally-managed', 'install_data'], 'cwd': '/home/booster/Workspace/Booster_T1_3v3_Demo/src/sound_play', 'env': {'LESSOPEN': '| /usr/bin/lesspipe %s', 'USER': 'booster', 'SSH_CLIENT': '10.10.144.134 51037 22', 'XDG_SESSION_TYPE': 'tty', 'GIT_ASKPASS': '/home/booster/.cursor-server/bin/25412918da7e74b2686b25d62da1f01cfcd27680/extensions/git/dist/askpass.sh', 'SHLVL': '1', 'LD_LIBRARY_PATH': '/opt/ros/humble/opt/rviz_ogre_vendor/lib:/opt/ros/humble/lib/aarch64-linux-gnu:/opt/ros/humble/lib:/usr/local/cuda/lib64:', 'BROWSER': '/home/booster/.cursor-server/bin/25412918da7e74b2686b25d62da1f01cfcd27680/bin/helpers/browser.sh', 'MOTD_SHOWN': 'pam', 'HOME': '/home/booster', 'OLDPWD': '/home/booster/Workspace/Booster_T1_3v3_Demo', 'TERM_PROGRAM_VERSION': '2.0.64', 'VSCODE_IPC_HOOK_CLI': '/run/user/1000/vscode-ipc-f7ed2610-5b6c-48c9-89fc-6c8784f58529.sock', 'JETSON_L4T': '36.4.3', 'ROS_PYTHON_VERSION': '3', 'JETSON_MODEL': 'Booster T1 AGX Orin V2.1', 'VSCODE_GIT_ASKPASS_MAIN': '/home/booster/.cursor-server/bin/25412918da7e74b2686b25d62da1f01cfcd27680/extensions/git/dist/askpass-main.js', 'VSCODE_GIT_ASKPASS_NODE': '/home/booster/.cursor-server/bin/25412918da7e74b2686b25d62da1f01cfcd27680/node', 'DBUS_SESSION_BUS_ADDRESS': 'unix:path=/run/user/1000/bus', 'COLORTERM': 'truecolor', 'ROS_DISTRO': 'humble', 'LOGNAME': 'booster', 'JETSON_MODULE': 'NVIDIA Jetson AGX Orin (32GB ram)', 'JETSON_SERIAL_NUMBER': '1421225046990', '_': '/usr/bin/colcon', 'ROS_VERSION': '2', 'XDG_SESSION_CLASS': 'user', 'TERM': 'xterm-256color', 'XDG_SESSION_ID': '7', 'ROS_LOCALHOST_ONLY': '0', 'PATH': '/opt/ros/humble/bin:/usr/local/cuda/bin:/usr/local/sbin:/usr/local/bin:/usr/sbin:/usr/bin:/sbin:/bin:/snap/bin', 'FASTRTPS_DEFAULT_PROFILES_FILE': '/opt/booster/BoosterRos2/fastdds_profile.xml', 'CUDA_ROOT': '/usr/local/cuda', 'XDG_RUNTIME_DIR': '/run/user/1000', 'LANG': 'en_US.UTF-8', 'LS_COLORS': 'rs=0:di=01;34:ln=01;36:mh=00:pi=40;33:so=01;35:do=01;35:bd=40;33;01:cd=40;33;01:or=40;31;01:mi=00:su=37;41:sg=30;43:ca=30;41:tw=30;42:ow=34;42:st=37;44:ex=01;32:*.tar=01;31:*.tgz=01;31:*.arc=01;31:*.arj=01;31:*.taz=01;31:*.lha=01;31:*.lz4=01;31:*.lzh=01;31:*.lzma=01;31:*.tlz=01;31:*.txz=01;31:*.tzo=01;31:*.t7z=01;31:*.zip=01;31:*.z=01;31:*.dz=01;31:*.gz=01;31:*.lrz=01;31:*.lz=01;31:*.lzo=01;31:*.xz=01;31:*.zst=01;31:*.tzst=01;31:*.bz2=01;31:*.bz=01;31:*.tbz=01;31:*.tbz2=01;31:*.tz=01;31:*.deb=01;31:*.rpm=01;31:*.jar=01;31:*.war=01;31:*.ear=01;31:*.sar=01;31:*.rar=01;31:*.alz=01;31:*.ace=01;31:*.zoo=01;31:*.cpio=01;31:*.7z=01;31:*.rz=01;31:*.cab=01;31:*.wim=01;31:*.swm=01;31:*.dwm=01;31:*.esd=01;31:*.jpg=01;35:*.jpeg=01;35:*.mjpg=01;35:*.mjpeg=01;35:*.gif=01;35:*.bmp=01;35:*.pbm=01;35:*.pgm=01;35:*.ppm=01;35:*.tga=01;35:*.xbm=01;35:*.xpm=01;35:*.tif=01;35:*.tiff=01;35:*.png=01;35:*.svg=01;35:*.svgz=01;35:*.mng=01;35:*.pcx=01;35:*.mov=01;35:*.mpg=01;35:*.mpeg=01;35:*.m2v=01;35:*.mkv=01;35:*.webm=01;35:*.webp=01;35:*.ogm=01;35:*.mp4=01;35:*.m4v=01;35:*.mp4v=01;35:*.vob=01;35:*.qt=01;35:*.nuv=01;35:*.wmv=01;35:*.asf=01;35:*.rm=01;35:*.rmvb=01;35:*.flc=01;35:*.avi=01;35:*.fli=01;35:*.flv=01;35:*.gl=01;35:*.dl=01;35:*.xcf=01;35:*.xwd=01;35:*.yuv=01;35:*.cgm=01;35:*.emf=01;35:*.ogv=01;35:*.ogx=01;35:*.aac=00;36:*.au=00;36:*.flac=00;36:*.m4a=00;36:*.mid=00;36:*.midi=00;36:*.mka=00;36:*.mp3=00;36:*.mpc=00;36:*.ogg=00;36:*.ra=00;36:*.wav=00;36:*.oga=00;36:*.opus=00;36:*.spx=00;36:*.xspf=00;36:', 'JETSON_SOC': 'tegra234', 'VSCODE_GIT_IPC_HANDLE': '/run/user/1000/vscode-git-d36fc8e34d.sock', 'TERM_PROGRAM': 'vscode', 'AMENT_PREFIX_PATH': '/opt/ros/humble', 'SHELL': '/bin/bash', 'LESSCLOSE': '/usr/bin/lesspipe %s %s', 'VSCODE_GIT_ASKPASS_EXTRA_ARGS': '', 'JETSON_CUDA_ARCH_BIN': '8.7', 'PWD': '/home/booster/Workspace/Booster_T1_3v3_Demo/src/build/sound_play', 'SSH_CONNECTION': '10.10.144.134 51037 10.10.144.147 22', 'XDG_DATA_DIRS': '/usr/share/gnome:/usr/local/share:/usr/share:/var/lib/snapd/desktop', 'PYTHONPATH': '/home/booster/Workspace/Booster_T1_3v3_Demo/src/build/sound_play/prefix_override:/usr/lib/python3/dist-packages/colcon_core/task/python/colcon_distutils_commands:/home/booster/Workspace/Booster_T1_3v3_Demo/src/install/sound_play/lib/python3.10/site-packages:/opt/ros/humble/lib/python3.10/site-packages:/opt/ros/humble/local/lib/python3.10/dist-packages', 'COLCON': '1', 'JETSON_JETPACK': '6.2', 'JETSON_P_NUMBER': 'p3701-0004'}, 'shell': False}
[2.872433] (vision_interface) StdoutLine: {'line': b'-- Found rmw_implementation_cmake: 6.1.2 (/opt/ros/humble/share/rmw_implementation_cmake/cmake)\n'}
[2.884827] (vision_interface) StdoutLine: {'line': b'-- Found rmw_fastrtps_cpp: 6.2.7 (/opt/ros/humble/share/rmw_fastrtps_cpp/cmake)\n'}
[2.887641] (game_controller_interface) StdoutLine: {'line': b'-- Found rmw_implementation_cmake: 6.1.2 (/opt/ros/humble/share/rmw_implementation_cmake/cmake)\n'}
[2.897525] (game_controller_interface) StdoutLine: {'line': b'-- Found rmw_fastrtps_cpp: 6.2.7 (/opt/ros/humble/share/rmw_fastrtps_cpp/cmake)\n'}
[2.921437] (-) TimerEvent: {}
[2.922864] (booster_interface) StdoutLine: {'line': b'-- Found Python3: /usr/bin/python3 (found version "3.10.12") found components: Interpreter \n'}
[3.021573] (-) TimerEvent: {}
[3.122192] (-) TimerEvent: {}
[3.222933] (-) TimerEvent: {}
[3.299737] (booster_interface) StdoutLine: {'line': b'-- Found rclcpp: 16.0.12 (/opt/ros/humble/share/rclcpp/cmake)\n'}
[3.323454] (-) TimerEvent: {}
[3.355538] (game_controller_interface) StdoutLine: {'line': b'-- Found OpenSSL: /usr/lib/aarch64-linux-gnu/libcrypto.so (found version "3.0.2")  \n'}
[3.406621] (game_controller_interface) StdoutLine: {'line': b'-- Found FastRTPS: /opt/ros/humble/include  \n'}
[3.423588] (-) TimerEvent: {}
[3.468004] (booster_interface) StdoutLine: {'line': b'-- Found rosidl_generator_c: 3.1.6 (/opt/ros/humble/share/rosidl_generator_c/cmake)\n'}
[3.481054] (game_controller_interface) StdoutLine: {'line': b"-- Using RMW implementation 'rmw_fastrtps_cpp' as default\n"}
[3.498880] (booster_interface) StdoutLine: {'line': b'-- Found rosidl_adapter: 3.1.6 (/opt/ros/humble/share/rosidl_adapter/cmake)\n'}
[3.500909] (game_controller_interface) StdoutLine: {'line': b'-- Looking for pthread.h\n'}
[3.508739] (vision_interface) StdoutLine: {'line': b'-- Found OpenSSL: /usr/lib/aarch64-linux-gnu/libcrypto.so (found version "3.0.2")  \n'}
[3.523775] (-) TimerEvent: {}
[3.566714] (booster_interface) StdoutLine: {'line': b'-- Found rosidl_generator_cpp: 3.1.6 (/opt/ros/humble/share/rosidl_generator_cpp/cmake)\n'}
[3.569087] (sound_play) StdoutLine: {'line': b'running egg_info\n'}
[3.570225] (sound_play) StdoutLine: {'line': b'creating ../build/sound_play/sound_play.egg-info\n'}
[3.570774] (sound_play) StdoutLine: {'line': b'writing ../build/sound_play/sound_play.egg-info/PKG-INFO\n'}
[3.571254] (sound_play) StdoutLine: {'line': b'writing dependency_links to ../build/sound_play/sound_play.egg-info/dependency_links.txt\n'}
[3.571499] (sound_play) StdoutLine: {'line': b'writing entry points to ../build/sound_play/sound_play.egg-info/entry_points.txt\n'}
[3.571675] (sound_play) StdoutLine: {'line': b'writing requirements to ../build/sound_play/sound_play.egg-info/requires.txt\n'}
[3.571902] (sound_play) StdoutLine: {'line': b'writing top-level names to ../build/sound_play/sound_play.egg-info/top_level.txt\n'}
[3.572190] (sound_play) StdoutLine: {'line': b"writing manifest file '../build/sound_play/sound_play.egg-info/SOURCES.txt'\n"}
[3.589091] (sound_play) StdoutLine: {'line': b"reading manifest file '../build/sound_play/sound_play.egg-info/SOURCES.txt'\n"}
[3.590498] (sound_play) StdoutLine: {'line': b"writing manifest file '../build/sound_play/sound_play.egg-info/SOURCES.txt'\n"}
[3.591044] (sound_play) StdoutLine: {'line': b'running build\n'}
[3.591271] (sound_play) StdoutLine: {'line': b'running build_py\n'}
[3.591385] (sound_play) StdoutLine: {'line': b'creating /home/booster/Workspace/Booster_T1_3v3_Demo/src/build/sound_play/build\n'}
[3.591673] (sound_play) StdoutLine: {'line': b'creating /home/booster/Workspace/Booster_T1_3v3_Demo/src/build/sound_play/build/lib\n'}
[3.591917] (sound_play) StdoutLine: {'line': b'creating /home/booster/Workspace/Booster_T1_3v3_Demo/src/build/sound_play/build/lib/sound_play\n'}
[3.592052] (sound_play) StdoutLine: {'line': b'copying sound_play/__init__.py -> /home/booster/Workspace/Booster_T1_3v3_Demo/src/build/sound_play/build/lib/sound_play\n'}
[3.592154] (sound_play) StdoutLine: {'line': b'copying sound_play/sound_play_node.py -> /home/booster/Workspace/Booster_T1_3v3_Demo/src/build/sound_play/build/lib/sound_play\n'}
[3.597308] (sound_play) StdoutLine: {'line': b'running install\n'}
[3.598119] (sound_play) StdoutLine: {'line': b'running install_lib\n'}
[3.599605] (sound_play) StdoutLine: {'line': b'creating /home/booster/Workspace/Booster_T1_3v3_Demo/src/install/sound_play/lib/python3.10/site-packages/sound_play\n'}
[3.600036] (sound_play) StdoutLine: {'line': b'copying /home/booster/Workspace/Booster_T1_3v3_Demo/src/build/sound_play/build/lib/sound_play/__init__.py -> /home/booster/Workspace/Booster_T1_3v3_Demo/src/install/sound_play/lib/python3.10/site-packages/sound_play\n'}
[3.600295] (sound_play) StdoutLine: {'line': b'copying /home/booster/Workspace/Booster_T1_3v3_Demo/src/build/sound_play/build/lib/sound_play/sound_play_node.py -> /home/booster/Workspace/Booster_T1_3v3_Demo/src/install/sound_play/lib/python3.10/site-packages/sound_play\n'}
[3.603367] (sound_play) StdoutLine: {'line': b'byte-compiling /home/booster/Workspace/Booster_T1_3v3_Demo/src/install/sound_play/lib/python3.10/site-packages/sound_play/__init__.py to __init__.cpython-310.pyc\n'}
[3.603985] (sound_play) StdoutLine: {'line': b'byte-compiling /home/booster/Workspace/Booster_T1_3v3_Demo/src/install/sound_play/lib/python3.10/site-packages/sound_play/sound_play_node.py to sound_play_node.cpython-310.pyc\n'}
[3.604780] (sound_play) StdoutLine: {'line': b'running install_data\n'}
[3.605195] (sound_play) StdoutLine: {'line': b'creating /home/booster/Workspace/Booster_T1_3v3_Demo/src/install/sound_play/share/ament_index\n'}
[3.605323] (sound_play) StdoutLine: {'line': b'creating /home/booster/Workspace/Booster_T1_3v3_Demo/src/install/sound_play/share/ament_index/resource_index\n'}
[3.605421] (sound_play) StdoutLine: {'line': b'creating /home/booster/Workspace/Booster_T1_3v3_Demo/src/install/sound_play/share/ament_index/resource_index/packages\n'}
[3.605569] (sound_play) StdoutLine: {'line': b'copying resource/sound_play -> /home/booster/Workspace/Booster_T1_3v3_Demo/src/install/sound_play/share/ament_index/resource_index/packages\n'}
[3.605671] (sound_play) StdoutLine: {'line': b'copying package.xml -> /home/booster/Workspace/Booster_T1_3v3_Demo/src/install/sound_play/share/sound_play\n'}
[3.605804] (sound_play) StdoutLine: {'line': b'creating /home/booster/Workspace/Booster_T1_3v3_Demo/src/install/sound_play/share/sound_play/sounds\n'}
[3.605901] (sound_play) StdoutLine: {'line': b'copying sounds/jianguo-kick.mp3 -> /home/booster/Workspace/Booster_T1_3v3_Demo/src/install/sound_play/share/sound_play/sounds\n'}
[3.606090] (sound_play) StdoutLine: {'line': b'copying sounds/locate_success_left.mp3 -> /home/booster/Workspace/Booster_T1_3v3_Demo/src/install/sound_play/share/sound_play/sounds\n'}
[3.606245] (sound_play) StdoutLine: {'line': b'copying sounds/fbb-kick.mp3 -> /home/booster/Workspace/Booster_T1_3v3_Demo/src/install/sound_play/share/sound_play/sounds\n'}
[3.606396] (sound_play) StdoutLine: {'line': b'copying sounds/r2d2-celebrate.mp3 -> /home/booster/Workspace/Booster_T1_3v3_Demo/src/install/sound_play/share/sound_play/sounds\n'}
[3.606501] (sound_play) StdoutLine: {'line': b'copying sounds/stop.mp3 -> /home/booster/Workspace/Booster_T1_3v3_Demo/src/install/sound_play/share/sound_play/sounds\n'}
[3.606635] (sound_play) StdoutLine: {'line': b'copying sounds/r2d2-regret.mp3 -> /home/booster/Workspace/Booster_T1_3v3_Demo/src/install/sound_play/share/sound_play/sounds\n'}
[3.606825] (sound_play) StdoutLine: {'line': b'copying sounds/tj-ready.mp3 -> /home/booster/Workspace/Booster_T1_3v3_Demo/src/install/sound_play/share/sound_play/sounds\n'}
[3.607041] (sound_play) StdoutLine: {'line': b'copying sounds/tvb-kick.mp3 -> /home/booster/Workspace/Booster_T1_3v3_Demo/src/install/sound_play/share/sound_play/sounds\n'}
[3.607271] (sound_play) StdoutLine: {'line': b'copying sounds/beep-whistle.mp3 -> /home/booster/Workspace/Booster_T1_3v3_Demo/src/install/sound_play/share/sound_play/sounds\n'}
[3.607445] (sound_play) StdoutLine: {'line': b'copying sounds/fbb-taunt.mp3 -> /home/booster/Workspace/Booster_T1_3v3_Demo/src/install/sound_play/share/sound_play/sounds\n'}
[3.607552] (sound_play) StdoutLine: {'line': b'copying sounds/locate_success.mp3 -> /home/booster/Workspace/Booster_T1_3v3_Demo/src/install/sound_play/share/sound_play/sounds\n'}
[3.607725] (sound_play) StdoutLine: {'line': b'copying sounds/talk.mp3 -> /home/booster/Workspace/Booster_T1_3v3_Demo/src/install/sound_play/share/sound_play/sounds\n'}
[3.607868] (sound_play) StdoutLine: {'line': b'copying sounds/tvb-regret.mp3 -> /home/booster/Workspace/Booster_T1_3v3_Demo/src/install/sound_play/share/sound_play/sounds\n'}
[3.608005] (sound_play) StdoutLine: {'line': b'copying sounds/rmm-chase.mp3 -> /home/booster/Workspace/Booster_T1_3v3_Demo/src/install/sound_play/share/sound_play/sounds\n'}
[3.608136] (sound_play) StdoutLine: {'line': b'copying sounds/sad.mp3 -> /home/booster/Workspace/Booster_T1_3v3_Demo/src/install/sound_play/share/sound_play/sounds\n'}
[3.608302] (sound_play) StdoutLine: {'line': b'copying sounds/tvb-ready.mp3 -> /home/booster/Workspace/Booster_T1_3v3_Demo/src/install/sound_play/share/sound_play/sounds\n'}
[3.608448] (sound_play) StdoutLine: {'line': b'copying sounds/tvb-chase.mp3 -> /home/booster/Workspace/Booster_T1_3v3_Demo/src/install/sound_play/share/sound_play/sounds\n'}
[3.608577] (sound_play) StdoutLine: {'line': b'copying sounds/tj-celebrate.mp3 -> /home/booster/Workspace/Booster_T1_3v3_Demo/src/install/sound_play/share/sound_play/sounds\n'}
[3.608703] (sound_play) StdoutLine: {'line': b'copying sounds/start.mp3 -> /home/booster/Workspace/Booster_T1_3v3_Demo/src/install/sound_play/share/sound_play/sounds\n'}
[3.608880] (sound_play) StdoutLine: {'line': b'copying sounds/r2d2-adjust.mp3 -> /home/booster/Workspace/Booster_T1_3v3_Demo/src/install/sound_play/share/sound_play/sounds\n'}
[3.609141] (sound_play) StdoutLine: {'line': b'copying sounds/tvb-adjust.mp3 -> /home/booster/Workspace/Booster_T1_3v3_Demo/src/install/sound_play/share/sound_play/sounds\n'}
[3.609249] (sound_play) StdoutLine: {'line': b'copying sounds/search.mp3 -> /home/booster/Workspace/Booster_T1_3v3_Demo/src/install/sound_play/share/sound_play/sounds\n'}
[3.609450] (sound_play) StdoutLine: {'line': b'copying sounds/rmm-ready.mp3 -> /home/booster/Workspace/Booster_T1_3v3_Demo/src/install/sound_play/share/sound_play/sounds\n'}
[3.609582] (sound_play) StdoutLine: {'line': b'copying sounds/playful.mp3 -> /home/booster/Workspace/Booster_T1_3v3_Demo/src/install/sound_play/share/sound_play/sounds\n'}
[3.609728] (sound_play) StdoutLine: {'line': b'copying sounds/fbb-chase.mp3 -> /home/booster/Workspace/Booster_T1_3v3_Demo/src/install/sound_play/share/sound_play/sounds\n'}
[3.609851] (sound_play) StdoutLine: {'line': b'copying sounds/fbb-ready.mp3 -> /home/booster/Workspace/Booster_T1_3v3_Demo/src/install/sound_play/share/sound_play/sounds\n'}
[3.610003] (sound_play) StdoutLine: {'line': b'copying sounds/jianguo-regret.mp3 -> /home/booster/Workspace/Booster_T1_3v3_Demo/src/install/sound_play/share/sound_play/sounds\n'}
[3.610106] (sound_play) StdoutLine: {'line': b'copying sounds/jianguo-ready.mp3 -> /home/booster/Workspace/Booster_T1_3v3_Demo/src/install/sound_play/share/sound_play/sounds\n'}
[3.610236] (sound_play) StdoutLine: {'line': b'copying sounds/rmm-taunt.mp3 -> /home/booster/Workspace/Booster_T1_3v3_Demo/src/install/sound_play/share/sound_play/sounds\n'}
[3.610385] (sound_play) StdoutLine: {'line': b'copying sounds/locating.mp3 -> /home/booster/Workspace/Booster_T1_3v3_Demo/src/install/sound_play/share/sound_play/sounds\n'}
[3.610614] (sound_play) StdoutLine: {'line': b'copying sounds/rmm-celebrate.mp3 -> /home/booster/Workspace/Booster_T1_3v3_Demo/src/install/sound_play/share/sound_play/sounds\n'}
[3.610735] (sound_play) StdoutLine: {'line': b'copying sounds/alarm.mp3 -> /home/booster/Workspace/Booster_T1_3v3_Demo/src/install/sound_play/share/sound_play/sounds\n'}
[3.610867] (sound_play) StdoutLine: {'line': b'copying sounds/laugh.mp3 -> /home/booster/Workspace/Booster_T1_3v3_Demo/src/install/sound_play/share/sound_play/sounds\n'}
[3.611079] (sound_play) StdoutLine: {'line': b'copying sounds/jianguo-ready.wav -> /home/booster/Workspace/Booster_T1_3v3_Demo/src/install/sound_play/share/sound_play/sounds\n'}
[3.611458] (sound_play) StdoutLine: {'line': b'copying sounds/r2d2-kick.mp3 -> /home/booster/Workspace/Booster_T1_3v3_Demo/src/install/sound_play/share/sound_play/sounds\n'}
[3.611689] (sound_play) StdoutLine: {'line': b'copying sounds/locate_success_right.mp3 -> /home/booster/Workspace/Booster_T1_3v3_Demo/src/install/sound_play/share/sound_play/sounds\n'}
[3.611828] (sound_play) StdoutLine: {'line': b'copying sounds/r2d2-chase.mp3 -> /home/booster/Workspace/Booster_T1_3v3_Demo/src/install/sound_play/share/sound_play/sounds\n'}
[3.611965] (sound_play) StdoutLine: {'line': b'copying sounds/jianguo-adjust.mp3 -> /home/booster/Workspace/Booster_T1_3v3_Demo/src/install/sound_play/share/sound_play/sounds\n'}
[3.612105] (sound_play) StdoutLine: {'line': b'copying sounds/jianguo-chase.mp3 -> /home/booster/Workspace/Booster_T1_3v3_Demo/src/install/sound_play/share/sound_play/sounds\n'}
[3.612241] (sound_play) StdoutLine: {'line': b'copying sounds/rmm-regret.mp3 -> /home/booster/Workspace/Booster_T1_3v3_Demo/src/install/sound_play/share/sound_play/sounds\n'}
[3.612390] (sound_play) StdoutLine: {'line': b'copying sounds/rmm-kick.mp3 -> /home/booster/Workspace/Booster_T1_3v3_Demo/src/install/sound_play/share/sound_play/sounds\n'}
[3.612544] (sound_play) StdoutLine: {'line': b'copying sounds/exited.mp3 -> /home/booster/Workspace/Booster_T1_3v3_Demo/src/install/sound_play/share/sound_play/sounds\n'}
[3.612799] (sound_play) StdoutLine: {'line': b'copying sounds/tvb-taunt.mp3 -> /home/booster/Workspace/Booster_T1_3v3_Demo/src/install/sound_play/share/sound_play/sounds\n'}
[3.612998] (booster_msgs) StdoutLine: {'line': b'-- Found ament_cmake_ros: 0.10.0 (/opt/ros/humble/share/ament_cmake_ros/cmake)\n'}
[3.613215] (sound_play) StdoutLine: {'line': b'copying sounds/tvb-celebrate.mp3 -> /home/booster/Workspace/Booster_T1_3v3_Demo/src/install/sound_play/share/sound_play/sounds\n'}
[3.613378] (sound_play) StdoutLine: {'line': b'copying sounds/fbb-regret.mp3 -> /home/booster/Workspace/Booster_T1_3v3_Demo/src/install/sound_play/share/sound_play/sounds\n'}
[3.613519] (sound_play) StdoutLine: {'line': b'copying sounds/r2d2-ready.mp3 -> /home/booster/Workspace/Booster_T1_3v3_Demo/src/install/sound_play/share/sound_play/sounds\n'}
[3.613655] (sound_play) StdoutLine: {'line': b'copying sounds/fbb-celebrate.mp3 -> /home/booster/Workspace/Booster_T1_3v3_Demo/src/install/sound_play/share/sound_play/sounds\n'}
[3.613805] (sound_play) StdoutLine: {'line': b'copying sounds/jianguo-celebrate.mp3 -> /home/booster/Workspace/Booster_T1_3v3_Demo/src/install/sound_play/share/sound_play/sounds\n'}
[3.613918] (sound_play) StdoutLine: {'line': b'running install_egg_info\n'}
[3.615512] (vision_interface) StdoutLine: {'line': b'-- Found FastRTPS: /opt/ros/humble/include  \n'}
[3.617489] (sound_play) StdoutLine: {'line': b'Copying ../build/sound_play/sound_play.egg-info to /home/booster/Workspace/Booster_T1_3v3_Demo/src/install/sound_play/lib/python3.10/site-packages/sound_play-0.0.0-py3.10.egg-info\n'}
[3.619227] (sound_play) StdoutLine: {'line': b'running install_scripts\n'}
[3.624153] (-) TimerEvent: {}
[3.653293] (booster_interface) StdoutLine: {'line': b'-- Using all available rosidl_typesupport_c: rosidl_typesupport_fastrtps_c;rosidl_typesupport_introspection_c\n'}
[3.662881] (sound_play) StdoutLine: {'line': b'Installing sound_play_node script to /home/booster/Workspace/Booster_T1_3v3_Demo/src/install/sound_play/lib/sound_play\n'}
[3.663589] (sound_play) StdoutLine: {'line': b"writing list of installed files to '/home/booster/Workspace/Booster_T1_3v3_Demo/src/build/sound_play/install.log'\n"}
[3.724290] (-) TimerEvent: {}
[3.756629] (booster_interface) StdoutLine: {'line': b'-- Using all available rosidl_typesupport_cpp: rosidl_typesupport_fastrtps_cpp;rosidl_typesupport_introspection_cpp\n'}
[3.765749] (vision_interface) StdoutLine: {'line': b"-- Using RMW implementation 'rmw_fastrtps_cpp' as default\n"}
[3.812614] (vision_interface) StdoutLine: {'line': b'-- Looking for pthread.h\n'}
[3.824435] (-) TimerEvent: {}
[3.829707] (sound_play) CommandEnded: {'returncode': 0}
[3.862008] (game_controller_interface) StdoutLine: {'line': b'-- Looking for pthread.h - found\n'}
[3.862384] (game_controller_interface) StdoutLine: {'line': b'-- Performing Test CMAKE_HAVE_LIBC_PTHREAD\n'}
[3.884705] (sound_play) JobEnded: {'identifier': 'sound_play', 'rc': 0}
[3.918259] (booster_interface) StdoutLine: {'line': b'-- Found rmw_implementation_cmake: 6.1.2 (/opt/ros/humble/share/rmw_implementation_cmake/cmake)\n'}
[3.926024] (booster_interface) StdoutLine: {'line': b'-- Found rmw_fastrtps_cpp: 6.2.7 (/opt/ros/humble/share/rmw_fastrtps_cpp/cmake)\n'}
[3.926382] (-) TimerEvent: {}
[4.026826] (-) TimerEvent: {}
[4.100950] (game_controller_interface) StdoutLine: {'line': b'-- Performing Test CMAKE_HAVE_LIBC_PTHREAD - Success\n'}
[4.107682] (game_controller_interface) StdoutLine: {'line': b'-- Found Threads: TRUE  \n'}
[4.127037] (-) TimerEvent: {}
[4.154700] (booster_msgs) StdoutLine: {'line': b'-- Using all available rosidl_typesupport_c: rosidl_typesupport_fastrtps_c;rosidl_typesupport_introspection_c\n'}
[4.227347] (-) TimerEvent: {}
[4.234990] (vision_interface) StdoutLine: {'line': b'-- Looking for pthread.h - found\n'}
[4.237203] (vision_interface) StdoutLine: {'line': b'-- Performing Test CMAKE_HAVE_LIBC_PTHREAD\n'}
[4.312368] (game_controller_interface) StdoutLine: {'line': b'-- Found rosidl_default_generators: 1.2.0 (/opt/ros/humble/share/rosidl_default_generators/cmake)\n'}
[4.327480] (-) TimerEvent: {}
[4.383461] (booster_interface) StdoutLine: {'line': b'-- Found OpenSSL: /usr/lib/aarch64-linux-gnu/libcrypto.so (found version "3.0.2")  \n'}
[4.427642] (-) TimerEvent: {}
[4.437891] (vision_interface) StdoutLine: {'line': b'-- Performing Test CMAKE_HAVE_LIBC_PTHREAD - Success\n'}
[4.439875] (vision_interface) StdoutLine: {'line': b'-- Found Threads: TRUE  \n'}
[4.460038] (booster_interface) StdoutLine: {'line': b'-- Found FastRTPS: /opt/ros/humble/include  \n'}
[4.527766] (-) TimerEvent: {}
[4.535933] (booster_interface) StdoutLine: {'line': b"-- Using RMW implementation 'rmw_fastrtps_cpp' as default\n"}
[4.554617] (booster_interface) StdoutLine: {'line': b'-- Looking for pthread.h\n'}
[4.579189] (vision_interface) StdoutLine: {'line': b'-- Found rosidl_default_generators: 1.2.0 (/opt/ros/humble/share/rosidl_default_generators/cmake)\n'}
[4.596279] (vision_interface) StdoutLine: {'line': b'-- Found geometry_msgs: 4.8.0 (/opt/ros/humble/share/geometry_msgs/cmake)\n'}
[4.623353] (vision_interface) StdoutLine: {'line': b'-- Found sensor_msgs: 4.8.0 (/opt/ros/humble/share/sensor_msgs/cmake)\n'}
[4.627872] (-) TimerEvent: {}
[4.728777] (-) TimerEvent: {}
[4.829230] (-) TimerEvent: {}
[4.889907] (booster_msgs) StdoutLine: {'line': b'-- Using all available rosidl_typesupport_cpp: rosidl_typesupport_fastrtps_cpp;rosidl_typesupport_introspection_cpp\n'}
[4.929579] (booster_interface) StdoutLine: {'line': b'-- Looking for pthread.h - found\n'}
[4.929885] (-) TimerEvent: {}
[4.930092] (booster_interface) StdoutLine: {'line': b'-- Performing Test CMAKE_HAVE_LIBC_PTHREAD\n'}
[5.019117] (booster_msgs) StdoutLine: {'line': b'-- Found PythonInterp: /usr/bin/python3 (found suitable version "3.10.12", minimum required is "3.6") \n'}
[5.023051] (booster_msgs) StdoutLine: {'line': b'-- Found python_cmake_module: 0.10.0 (/opt/ros/humble/share/python_cmake_module/cmake)\n'}
[5.030050] (-) TimerEvent: {}
[5.130623] (-) TimerEvent: {}
[5.147959] (booster_msgs) StdoutLine: {'line': b'-- Found PythonLibs: /usr/lib/aarch64-linux-gnu/libpython3.10.so (found suitable version "3.10.12", minimum required is "3.5") \n'}
[5.148701] (booster_msgs) StdoutLine: {'line': b'-- Using PYTHON_EXECUTABLE: /usr/bin/python3\n'}
[5.148998] (booster_msgs) StdoutLine: {'line': b'-- Using PYTHON_INCLUDE_DIRS: /usr/include/python3.10\n'}
[5.149266] (booster_msgs) StdoutLine: {'line': b'-- Using PYTHON_LIBRARIES: /usr/lib/aarch64-linux-gnu/libpython3.10.so\n'}
[5.209611] (booster_msgs) StdoutLine: {'line': b'-- Found PythonExtra: .so  \n'}
[5.231547] (-) TimerEvent: {}
[5.289460] (game_controller_interface) StdoutLine: {'line': b'-- Found ament_cmake_ros: 0.10.0 (/opt/ros/humble/share/ament_cmake_ros/cmake)\n'}
[5.331716] (-) TimerEvent: {}
[5.340487] (booster_interface) StdoutLine: {'line': b'-- Performing Test CMAKE_HAVE_LIBC_PTHREAD - Success\n'}
[5.346463] (booster_interface) StdoutLine: {'line': b'-- Found Threads: TRUE  \n'}
[5.431823] (-) TimerEvent: {}
[5.532387] (-) TimerEvent: {}
[5.586454] (booster_interface) StdoutLine: {'line': b'-- Found rosidl_default_generators: 1.2.0 (/opt/ros/humble/share/rosidl_default_generators/cmake)\n'}
[5.632541] (-) TimerEvent: {}
[5.693775] (booster_msgs) StdoutLine: {'line': b'-- Using numpy include directory: /home/booster/.local/lib/python3.10/site-packages/numpy/core/include\n'}
[5.732637] (-) TimerEvent: {}
[5.783252] (booster_msgs) StdoutLine: {'line': b'-- Configuring done\n'}
[5.832776] (-) TimerEvent: {}
[5.855778] (vision_interface) StdoutLine: {'line': b'-- Found ament_cmake_ros: 0.10.0 (/opt/ros/humble/share/ament_cmake_ros/cmake)\n'}
[5.874994] (booster_msgs) StdoutLine: {'line': b'-- Generating done\n'}
[5.893930] (booster_msgs) StdoutLine: {'line': b'-- Build files have been written to: /home/booster/Workspace/Booster_T1_3v3_Demo/src/build/booster_msgs\n'}
[5.913847] (booster_msgs) CommandEnded: {'returncode': 0}
[5.914655] (booster_msgs) JobProgress: {'identifier': 'booster_msgs', 'progress': 'build'}
[5.916178] (booster_msgs) Command: {'cmd': ['/usr/bin/cmake', '--build', '/home/booster/Workspace/Booster_T1_3v3_Demo/src/build/booster_msgs', '--', '-j5', '-l5'], 'cwd': '/home/booster/Workspace/Booster_T1_3v3_Demo/src/build/booster_msgs', 'env': OrderedDict([('LESSOPEN', '| /usr/bin/lesspipe %s'), ('USER', 'booster'), ('SSH_CLIENT', '10.10.144.134 51037 22'), ('XDG_SESSION_TYPE', 'tty'), ('GIT_ASKPASS', '/home/booster/.cursor-server/bin/25412918da7e74b2686b25d62da1f01cfcd27680/extensions/git/dist/askpass.sh'), ('SHLVL', '1'), ('LD_LIBRARY_PATH', '/opt/ros/humble/opt/rviz_ogre_vendor/lib:/opt/ros/humble/lib/aarch64-linux-gnu:/opt/ros/humble/lib:/usr/local/cuda/lib64:'), ('BROWSER', '/home/booster/.cursor-server/bin/25412918da7e74b2686b25d62da1f01cfcd27680/bin/helpers/browser.sh'), ('MOTD_SHOWN', 'pam'), ('HOME', '/home/booster'), ('OLDPWD', '/home/booster/Workspace/Booster_T1_3v3_Demo'), ('TERM_PROGRAM_VERSION', '2.0.64'), ('VSCODE_IPC_HOOK_CLI', '/run/user/1000/vscode-ipc-f7ed2610-5b6c-48c9-89fc-6c8784f58529.sock'), ('JETSON_L4T', '36.4.3'), ('ROS_PYTHON_VERSION', '3'), ('JETSON_MODEL', 'Booster T1 AGX Orin V2.1'), ('VSCODE_GIT_ASKPASS_MAIN', '/home/booster/.cursor-server/bin/25412918da7e74b2686b25d62da1f01cfcd27680/extensions/git/dist/askpass-main.js'), ('VSCODE_GIT_ASKPASS_NODE', '/home/booster/.cursor-server/bin/25412918da7e74b2686b25d62da1f01cfcd27680/node'), ('DBUS_SESSION_BUS_ADDRESS', 'unix:path=/run/user/1000/bus'), ('COLORTERM', 'truecolor'), ('ROS_DISTRO', 'humble'), ('LOGNAME', 'booster'), ('JETSON_MODULE', 'NVIDIA Jetson AGX Orin (32GB ram)'), ('JETSON_SERIAL_NUMBER', '1421225046990'), ('_', '/usr/bin/colcon'), ('ROS_VERSION', '2'), ('XDG_SESSION_CLASS', 'user'), ('TERM', 'xterm-256color'), ('XDG_SESSION_ID', '7'), ('ROS_LOCALHOST_ONLY', '0'), ('PATH', '/opt/ros/humble/bin:/usr/local/cuda/bin:/usr/local/sbin:/usr/local/bin:/usr/sbin:/usr/bin:/sbin:/bin:/snap/bin'), ('FASTRTPS_DEFAULT_PROFILES_FILE', '/opt/booster/BoosterRos2/fastdds_profile.xml'), ('CUDA_ROOT', '/usr/local/cuda'), ('XDG_RUNTIME_DIR', '/run/user/1000'), ('LANG', 'en_US.UTF-8'), ('LS_COLORS', 'rs=0:di=01;34:ln=01;36:mh=00:pi=40;33:so=01;35:do=01;35:bd=40;33;01:cd=40;33;01:or=40;31;01:mi=00:su=37;41:sg=30;43:ca=30;41:tw=30;42:ow=34;42:st=37;44:ex=01;32:*.tar=01;31:*.tgz=01;31:*.arc=01;31:*.arj=01;31:*.taz=01;31:*.lha=01;31:*.lz4=01;31:*.lzh=01;31:*.lzma=01;31:*.tlz=01;31:*.txz=01;31:*.tzo=01;31:*.t7z=01;31:*.zip=01;31:*.z=01;31:*.dz=01;31:*.gz=01;31:*.lrz=01;31:*.lz=01;31:*.lzo=01;31:*.xz=01;31:*.zst=01;31:*.tzst=01;31:*.bz2=01;31:*.bz=01;31:*.tbz=01;31:*.tbz2=01;31:*.tz=01;31:*.deb=01;31:*.rpm=01;31:*.jar=01;31:*.war=01;31:*.ear=01;31:*.sar=01;31:*.rar=01;31:*.alz=01;31:*.ace=01;31:*.zoo=01;31:*.cpio=01;31:*.7z=01;31:*.rz=01;31:*.cab=01;31:*.wim=01;31:*.swm=01;31:*.dwm=01;31:*.esd=01;31:*.jpg=01;35:*.jpeg=01;35:*.mjpg=01;35:*.mjpeg=01;35:*.gif=01;35:*.bmp=01;35:*.pbm=01;35:*.pgm=01;35:*.ppm=01;35:*.tga=01;35:*.xbm=01;35:*.xpm=01;35:*.tif=01;35:*.tiff=01;35:*.png=01;35:*.svg=01;35:*.svgz=01;35:*.mng=01;35:*.pcx=01;35:*.mov=01;35:*.mpg=01;35:*.mpeg=01;35:*.m2v=01;35:*.mkv=01;35:*.webm=01;35:*.webp=01;35:*.ogm=01;35:*.mp4=01;35:*.m4v=01;35:*.mp4v=01;35:*.vob=01;35:*.qt=01;35:*.nuv=01;35:*.wmv=01;35:*.asf=01;35:*.rm=01;35:*.rmvb=01;35:*.flc=01;35:*.avi=01;35:*.fli=01;35:*.flv=01;35:*.gl=01;35:*.dl=01;35:*.xcf=01;35:*.xwd=01;35:*.yuv=01;35:*.cgm=01;35:*.emf=01;35:*.ogv=01;35:*.ogx=01;35:*.aac=00;36:*.au=00;36:*.flac=00;36:*.m4a=00;36:*.mid=00;36:*.midi=00;36:*.mka=00;36:*.mp3=00;36:*.mpc=00;36:*.ogg=00;36:*.ra=00;36:*.wav=00;36:*.oga=00;36:*.opus=00;36:*.spx=00;36:*.xspf=00;36:'), ('JETSON_SOC', 'tegra234'), ('VSCODE_GIT_IPC_HANDLE', '/run/user/1000/vscode-git-d36fc8e34d.sock'), ('TERM_PROGRAM', 'vscode'), ('AMENT_PREFIX_PATH', '/opt/ros/humble'), ('SHELL', '/bin/bash'), ('LESSCLOSE', '/usr/bin/lesspipe %s %s'), ('VSCODE_GIT_ASKPASS_EXTRA_ARGS', ''), ('JETSON_CUDA_ARCH_BIN', '8.7'), ('PWD', '/home/booster/Workspace/Booster_T1_3v3_Demo/src/build/booster_msgs'), ('SSH_CONNECTION', '10.10.144.134 51037 10.10.144.147 22'), ('XDG_DATA_DIRS', '/usr/share/gnome:/usr/local/share:/usr/share:/var/lib/snapd/desktop'), ('PYTHONPATH', '/opt/ros/humble/lib/python3.10/site-packages:/opt/ros/humble/local/lib/python3.10/dist-packages'), ('COLCON', '1'), ('JETSON_JETPACK', '6.2'), ('JETSON_P_NUMBER', 'p3701-0004'), ('CMAKE_PREFIX_PATH', '/opt/ros/humble')]), 'shell': False}
[5.932900] (-) TimerEvent: {}
[6.033381] (-) TimerEvent: {}
[6.134255] (-) TimerEvent: {}
[6.142907] (game_controller_interface) StdoutLine: {'line': b'-- Using all available rosidl_typesupport_c: rosidl_typesupport_fastrtps_c;rosidl_typesupport_introspection_c\n'}
[6.151066] (booster_msgs) StdoutLine: {'line': b'[  2%] \x1b[34m\x1b[1mGenerating C++ code for ROS interfaces\x1b[0m\n'}
[6.234478] (-) TimerEvent: {}
[6.335174] (-) TimerEvent: {}
[6.435691] (-) TimerEvent: {}
[6.536170] (-) TimerEvent: {}
[6.637329] (-) TimerEvent: {}
[6.680546] (game_controller_interface) StdoutLine: {'line': b'-- Using all available rosidl_typesupport_cpp: rosidl_typesupport_fastrtps_cpp;rosidl_typesupport_introspection_cpp\n'}
[6.737532] (-) TimerEvent: {}
[6.757824] (game_controller_interface) StdoutLine: {'line': b'-- Found PythonInterp: /usr/bin/python3 (found suitable version "3.10.12", minimum required is "3.6") \n'}
[6.761131] (game_controller_interface) StdoutLine: {'line': b'-- Found python_cmake_module: 0.10.0 (/opt/ros/humble/share/python_cmake_module/cmake)\n'}
[6.837635] (-) TimerEvent: {}
[6.904044] (game_controller_interface) StdoutLine: {'line': b'-- Found PythonLibs: /usr/lib/aarch64-linux-gnu/libpython3.10.so (found suitable version "3.10.12", minimum required is "3.5") \n'}
[6.904786] (game_controller_interface) StdoutLine: {'line': b'-- Using PYTHON_EXECUTABLE: /usr/bin/python3\n'}
[6.904938] (game_controller_interface) StdoutLine: {'line': b'-- Using PYTHON_INCLUDE_DIRS: /usr/include/python3.10\n'}
[6.905045] (game_controller_interface) StdoutLine: {'line': b'-- Using PYTHON_LIBRARIES: /usr/lib/aarch64-linux-gnu/libpython3.10.so\n'}
[6.937769] (-) TimerEvent: {}
[6.979742] (game_controller_interface) StdoutLine: {'line': b'-- Found PythonExtra: .so  \n'}
[7.037922] (-) TimerEvent: {}
[7.138643] (-) TimerEvent: {}
[7.239136] (-) TimerEvent: {}
[7.268815] (booster_interface) StdoutLine: {'line': b'-- Found ament_cmake_ros: 0.10.0 (/opt/ros/humble/share/ament_cmake_ros/cmake)\n'}
[7.339275] (-) TimerEvent: {}
[7.439828] (-) TimerEvent: {}
[7.540911] (-) TimerEvent: {}
[7.552229] (vision_interface) StdoutLine: {'line': b'-- Using all available rosidl_typesupport_c: rosidl_typesupport_fastrtps_c;rosidl_typesupport_introspection_c\n'}
[7.567951] (game_controller_interface) StdoutLine: {'line': b'-- Using numpy include directory: /home/booster/.local/lib/python3.10/site-packages/numpy/core/include\n'}
[7.583959] (game_controller_interface) StdoutLine: {'line': b'-- Found ament_lint_auto: 0.12.12 (/opt/ros/humble/share/ament_lint_auto/cmake)\n'}
[7.641063] (-) TimerEvent: {}
[7.676192] (game_controller_interface) StdoutLine: {'line': b"-- Added test 'lint_cmake' to check CMake code style\n"}
[7.678974] (game_controller_interface) StdoutLine: {'line': b"-- Added test 'xmllint' to check XML markup files\n"}
[7.695003] (game_controller_interface) StdoutLine: {'line': b'-- Configuring done\n'}
[7.741194] (-) TimerEvent: {}
[7.797231] (booster_msgs) StdoutLine: {'line': b'[  2%] Built target booster_msgs__cpp\n'}
[7.842287] (-) TimerEvent: {}
[7.858978] (booster_msgs) StdoutLine: {'line': b'[  2%] Built target ament_cmake_python_copy_booster_msgs\n'}
[7.926613] (booster_msgs) StdoutLine: {'line': b'[  4%] \x1b[34m\x1b[1mGenerating C++ introspection for ROS interfaces\x1b[0m\n'}
[7.942461] (-) TimerEvent: {}
[7.949614] (game_controller_interface) StdoutLine: {'line': b'-- Generating done\n'}
[8.009094] (game_controller_interface) StdoutLine: {'line': b'-- Build files have been written to: /home/booster/Workspace/Booster_T1_3v3_Demo/src/build/game_controller_interface\n'}
[8.042588] (-) TimerEvent: {}
[8.073540] (game_controller_interface) CommandEnded: {'returncode': 0}
[8.074453] (game_controller_interface) JobProgress: {'identifier': 'game_controller_interface', 'progress': 'build'}
[8.074505] (game_controller_interface) Command: {'cmd': ['/usr/bin/cmake', '--build', '/home/booster/Workspace/Booster_T1_3v3_Demo/src/build/game_controller_interface', '--', '-j5', '-l5'], 'cwd': '/home/booster/Workspace/Booster_T1_3v3_Demo/src/build/game_controller_interface', 'env': OrderedDict([('LESSOPEN', '| /usr/bin/lesspipe %s'), ('USER', 'booster'), ('SSH_CLIENT', '10.10.144.134 51037 22'), ('XDG_SESSION_TYPE', 'tty'), ('GIT_ASKPASS', '/home/booster/.cursor-server/bin/25412918da7e74b2686b25d62da1f01cfcd27680/extensions/git/dist/askpass.sh'), ('SHLVL', '1'), ('LD_LIBRARY_PATH', '/opt/ros/humble/opt/rviz_ogre_vendor/lib:/opt/ros/humble/lib/aarch64-linux-gnu:/opt/ros/humble/lib:/usr/local/cuda/lib64:'), ('BROWSER', '/home/booster/.cursor-server/bin/25412918da7e74b2686b25d62da1f01cfcd27680/bin/helpers/browser.sh'), ('MOTD_SHOWN', 'pam'), ('HOME', '/home/booster'), ('OLDPWD', '/home/booster/Workspace/Booster_T1_3v3_Demo'), ('TERM_PROGRAM_VERSION', '2.0.64'), ('VSCODE_IPC_HOOK_CLI', '/run/user/1000/vscode-ipc-f7ed2610-5b6c-48c9-89fc-6c8784f58529.sock'), ('JETSON_L4T', '36.4.3'), ('ROS_PYTHON_VERSION', '3'), ('JETSON_MODEL', 'Booster T1 AGX Orin V2.1'), ('VSCODE_GIT_ASKPASS_MAIN', '/home/booster/.cursor-server/bin/25412918da7e74b2686b25d62da1f01cfcd27680/extensions/git/dist/askpass-main.js'), ('VSCODE_GIT_ASKPASS_NODE', '/home/booster/.cursor-server/bin/25412918da7e74b2686b25d62da1f01cfcd27680/node'), ('DBUS_SESSION_BUS_ADDRESS', 'unix:path=/run/user/1000/bus'), ('COLORTERM', 'truecolor'), ('ROS_DISTRO', 'humble'), ('LOGNAME', 'booster'), ('JETSON_MODULE', 'NVIDIA Jetson AGX Orin (32GB ram)'), ('JETSON_SERIAL_NUMBER', '1421225046990'), ('_', '/usr/bin/colcon'), ('ROS_VERSION', '2'), ('XDG_SESSION_CLASS', 'user'), ('TERM', 'xterm-256color'), ('XDG_SESSION_ID', '7'), ('ROS_LOCALHOST_ONLY', '0'), ('PATH', '/opt/ros/humble/bin:/usr/local/cuda/bin:/usr/local/sbin:/usr/local/bin:/usr/sbin:/usr/bin:/sbin:/bin:/snap/bin'), ('FASTRTPS_DEFAULT_PROFILES_FILE', '/opt/booster/BoosterRos2/fastdds_profile.xml'), ('CUDA_ROOT', '/usr/local/cuda'), ('XDG_RUNTIME_DIR', '/run/user/1000'), ('LANG', 'en_US.UTF-8'), ('LS_COLORS', 'rs=0:di=01;34:ln=01;36:mh=00:pi=40;33:so=01;35:do=01;35:bd=40;33;01:cd=40;33;01:or=40;31;01:mi=00:su=37;41:sg=30;43:ca=30;41:tw=30;42:ow=34;42:st=37;44:ex=01;32:*.tar=01;31:*.tgz=01;31:*.arc=01;31:*.arj=01;31:*.taz=01;31:*.lha=01;31:*.lz4=01;31:*.lzh=01;31:*.lzma=01;31:*.tlz=01;31:*.txz=01;31:*.tzo=01;31:*.t7z=01;31:*.zip=01;31:*.z=01;31:*.dz=01;31:*.gz=01;31:*.lrz=01;31:*.lz=01;31:*.lzo=01;31:*.xz=01;31:*.zst=01;31:*.tzst=01;31:*.bz2=01;31:*.bz=01;31:*.tbz=01;31:*.tbz2=01;31:*.tz=01;31:*.deb=01;31:*.rpm=01;31:*.jar=01;31:*.war=01;31:*.ear=01;31:*.sar=01;31:*.rar=01;31:*.alz=01;31:*.ace=01;31:*.zoo=01;31:*.cpio=01;31:*.7z=01;31:*.rz=01;31:*.cab=01;31:*.wim=01;31:*.swm=01;31:*.dwm=01;31:*.esd=01;31:*.jpg=01;35:*.jpeg=01;35:*.mjpg=01;35:*.mjpeg=01;35:*.gif=01;35:*.bmp=01;35:*.pbm=01;35:*.pgm=01;35:*.ppm=01;35:*.tga=01;35:*.xbm=01;35:*.xpm=01;35:*.tif=01;35:*.tiff=01;35:*.png=01;35:*.svg=01;35:*.svgz=01;35:*.mng=01;35:*.pcx=01;35:*.mov=01;35:*.mpg=01;35:*.mpeg=01;35:*.m2v=01;35:*.mkv=01;35:*.webm=01;35:*.webp=01;35:*.ogm=01;35:*.mp4=01;35:*.m4v=01;35:*.mp4v=01;35:*.vob=01;35:*.qt=01;35:*.nuv=01;35:*.wmv=01;35:*.asf=01;35:*.rm=01;35:*.rmvb=01;35:*.flc=01;35:*.avi=01;35:*.fli=01;35:*.flv=01;35:*.gl=01;35:*.dl=01;35:*.xcf=01;35:*.xwd=01;35:*.yuv=01;35:*.cgm=01;35:*.emf=01;35:*.ogv=01;35:*.ogx=01;35:*.aac=00;36:*.au=00;36:*.flac=00;36:*.m4a=00;36:*.mid=00;36:*.midi=00;36:*.mka=00;36:*.mp3=00;36:*.mpc=00;36:*.ogg=00;36:*.ra=00;36:*.wav=00;36:*.oga=00;36:*.opus=00;36:*.spx=00;36:*.xspf=00;36:'), ('JETSON_SOC', 'tegra234'), ('VSCODE_GIT_IPC_HANDLE', '/run/user/1000/vscode-git-d36fc8e34d.sock'), ('TERM_PROGRAM', 'vscode'), ('AMENT_PREFIX_PATH', '/opt/ros/humble'), ('SHELL', '/bin/bash'), ('LESSCLOSE', '/usr/bin/lesspipe %s %s'), ('VSCODE_GIT_ASKPASS_EXTRA_ARGS', ''), ('JETSON_CUDA_ARCH_BIN', '8.7'), ('PWD', '/home/booster/Workspace/Booster_T1_3v3_Demo/src/build/game_controller_interface'), ('SSH_CONNECTION', '10.10.144.134 51037 10.10.144.147 22'), ('XDG_DATA_DIRS', '/usr/share/gnome:/usr/local/share:/usr/share:/var/lib/snapd/desktop'), ('PYTHONPATH', '/opt/ros/humble/lib/python3.10/site-packages:/opt/ros/humble/local/lib/python3.10/dist-packages'), ('COLCON', '1'), ('JETSON_JETPACK', '6.2'), ('JETSON_P_NUMBER', 'p3701-0004'), ('CMAKE_PREFIX_PATH', '/opt/ros/humble')]), 'shell': False}
[8.142813] (-) TimerEvent: {}
[8.236643] (vision_interface) StdoutLine: {'line': b'-- Using all available rosidl_typesupport_cpp: rosidl_typesupport_fastrtps_cpp;rosidl_typesupport_introspection_cpp\n'}
[8.242950] (-) TimerEvent: {}
[8.297888] (game_controller_interface) StdoutLine: {'line': b'[  2%] \x1b[34m\x1b[1mGenerating C++ code for ROS interfaces\x1b[0m\n'}
[8.315994] (vision_interface) StdoutLine: {'line': b'-- Found PythonInterp: /usr/bin/python3 (found suitable version "3.10.12", minimum required is "3.6") \n'}
[8.318924] (vision_interface) StdoutLine: {'line': b'-- Found python_cmake_module: 0.10.0 (/opt/ros/humble/share/python_cmake_module/cmake)\n'}
[8.343088] (-) TimerEvent: {}
[8.409584] (vision_interface) StdoutLine: {'line': b'-- Found PythonLibs: /usr/lib/aarch64-linux-gnu/libpython3.10.so (found suitable version "3.10.12", minimum required is "3.5") \n'}
[8.410087] (vision_interface) StdoutLine: {'line': b'-- Using PYTHON_EXECUTABLE: /usr/bin/python3\n'}
[8.410206] (vision_interface) StdoutLine: {'line': b'-- Using PYTHON_INCLUDE_DIRS: /usr/include/python3.10\n'}
[8.410308] (vision_interface) StdoutLine: {'line': b'-- Using PYTHON_LIBRARIES: /usr/lib/aarch64-linux-gnu/libpython3.10.so\n'}
[8.443234] (-) TimerEvent: {}
[8.501046] (vision_interface) StdoutLine: {'line': b'-- Found PythonExtra: .so  \n'}
[8.543688] (-) TimerEvent: {}
[8.644534] (-) TimerEvent: {}
[8.745156] (-) TimerEvent: {}
[8.763063] (booster_interface) StdoutLine: {'line': b'-- Using all available rosidl_typesupport_c: rosidl_typesupport_fastrtps_c;rosidl_typesupport_introspection_c\n'}
[8.845338] (-) TimerEvent: {}
[8.945902] (-) TimerEvent: {}
[9.047844] (-) TimerEvent: {}
[9.148383] (-) TimerEvent: {}
[9.163313] (vision_interface) StdoutLine: {'line': b'-- Using numpy include directory: /home/booster/.local/lib/python3.10/site-packages/numpy/core/include\n'}
[9.169184] (booster_msgs) StdoutLine: {'line': b'[  6%] \x1b[32mBuilding CXX object CMakeFiles/booster_msgs__rosidl_typesupport_introspection_cpp.dir/rosidl_typesupport_introspection_cpp/booster_msgs/msg/detail/binary_data__type_support.cpp.o\x1b[0m\n'}
[9.182101] (vision_interface) StdoutLine: {'line': b'-- Found ament_lint_auto: 0.12.12 (/opt/ros/humble/share/ament_lint_auto/cmake)\n'}
[9.209830] (vision_interface) StdoutLine: {'line': b"-- Added test 'lint_cmake' to check CMake code style\n"}
[9.212017] (vision_interface) StdoutLine: {'line': b"-- Added test 'xmllint' to check XML markup files\n"}
[9.216901] (vision_interface) StdoutLine: {'line': b'-- Configuring done\n'}
[9.248623] (-) TimerEvent: {}
[9.276947] (booster_interface) StdoutLine: {'line': b'-- Using all available rosidl_typesupport_cpp: rosidl_typesupport_fastrtps_cpp;rosidl_typesupport_introspection_cpp\n'}
[9.348903] (-) TimerEvent: {}
[9.367026] (vision_interface) StdoutLine: {'line': b'-- Generating done\n'}
[9.398666] (booster_interface) StdoutLine: {'line': b'-- Found PythonInterp: /usr/bin/python3 (found suitable version "3.10.12", minimum required is "3.6") \n'}
[9.402680] (booster_interface) StdoutLine: {'line': b'-- Found python_cmake_module: 0.10.0 (/opt/ros/humble/share/python_cmake_module/cmake)\n'}
[9.414219] (vision_interface) StdoutLine: {'line': b'-- Build files have been written to: /home/booster/Workspace/Booster_T1_3v3_Demo/src/build/vision_interface\n'}
[9.449032] (-) TimerEvent: {}
[9.492296] (vision_interface) CommandEnded: {'returncode': 0}
[9.498094] (vision_interface) JobProgress: {'identifier': 'vision_interface', 'progress': 'build'}
[9.498214] (vision_interface) Command: {'cmd': ['/usr/bin/cmake', '--build', '/home/booster/Workspace/Booster_T1_3v3_Demo/src/build/vision_interface', '--', '-j5', '-l5'], 'cwd': '/home/booster/Workspace/Booster_T1_3v3_Demo/src/build/vision_interface', 'env': OrderedDict([('LESSOPEN', '| /usr/bin/lesspipe %s'), ('USER', 'booster'), ('SSH_CLIENT', '10.10.144.134 51037 22'), ('XDG_SESSION_TYPE', 'tty'), ('GIT_ASKPASS', '/home/booster/.cursor-server/bin/25412918da7e74b2686b25d62da1f01cfcd27680/extensions/git/dist/askpass.sh'), ('SHLVL', '1'), ('LD_LIBRARY_PATH', '/opt/ros/humble/opt/rviz_ogre_vendor/lib:/opt/ros/humble/lib/aarch64-linux-gnu:/opt/ros/humble/lib:/usr/local/cuda/lib64:'), ('BROWSER', '/home/booster/.cursor-server/bin/25412918da7e74b2686b25d62da1f01cfcd27680/bin/helpers/browser.sh'), ('MOTD_SHOWN', 'pam'), ('HOME', '/home/booster'), ('OLDPWD', '/home/booster/Workspace/Booster_T1_3v3_Demo'), ('TERM_PROGRAM_VERSION', '2.0.64'), ('VSCODE_IPC_HOOK_CLI', '/run/user/1000/vscode-ipc-f7ed2610-5b6c-48c9-89fc-6c8784f58529.sock'), ('JETSON_L4T', '36.4.3'), ('ROS_PYTHON_VERSION', '3'), ('JETSON_MODEL', 'Booster T1 AGX Orin V2.1'), ('VSCODE_GIT_ASKPASS_MAIN', '/home/booster/.cursor-server/bin/25412918da7e74b2686b25d62da1f01cfcd27680/extensions/git/dist/askpass-main.js'), ('VSCODE_GIT_ASKPASS_NODE', '/home/booster/.cursor-server/bin/25412918da7e74b2686b25d62da1f01cfcd27680/node'), ('DBUS_SESSION_BUS_ADDRESS', 'unix:path=/run/user/1000/bus'), ('COLORTERM', 'truecolor'), ('ROS_DISTRO', 'humble'), ('LOGNAME', 'booster'), ('JETSON_MODULE', 'NVIDIA Jetson AGX Orin (32GB ram)'), ('JETSON_SERIAL_NUMBER', '1421225046990'), ('_', '/usr/bin/colcon'), ('ROS_VERSION', '2'), ('XDG_SESSION_CLASS', 'user'), ('TERM', 'xterm-256color'), ('XDG_SESSION_ID', '7'), ('ROS_LOCALHOST_ONLY', '0'), ('PATH', '/opt/ros/humble/bin:/usr/local/cuda/bin:/usr/local/sbin:/usr/local/bin:/usr/sbin:/usr/bin:/sbin:/bin:/snap/bin'), ('FASTRTPS_DEFAULT_PROFILES_FILE', '/opt/booster/BoosterRos2/fastdds_profile.xml'), ('CUDA_ROOT', '/usr/local/cuda'), ('XDG_RUNTIME_DIR', '/run/user/1000'), ('LANG', 'en_US.UTF-8'), ('LS_COLORS', 'rs=0:di=01;34:ln=01;36:mh=00:pi=40;33:so=01;35:do=01;35:bd=40;33;01:cd=40;33;01:or=40;31;01:mi=00:su=37;41:sg=30;43:ca=30;41:tw=30;42:ow=34;42:st=37;44:ex=01;32:*.tar=01;31:*.tgz=01;31:*.arc=01;31:*.arj=01;31:*.taz=01;31:*.lha=01;31:*.lz4=01;31:*.lzh=01;31:*.lzma=01;31:*.tlz=01;31:*.txz=01;31:*.tzo=01;31:*.t7z=01;31:*.zip=01;31:*.z=01;31:*.dz=01;31:*.gz=01;31:*.lrz=01;31:*.lz=01;31:*.lzo=01;31:*.xz=01;31:*.zst=01;31:*.tzst=01;31:*.bz2=01;31:*.bz=01;31:*.tbz=01;31:*.tbz2=01;31:*.tz=01;31:*.deb=01;31:*.rpm=01;31:*.jar=01;31:*.war=01;31:*.ear=01;31:*.sar=01;31:*.rar=01;31:*.alz=01;31:*.ace=01;31:*.zoo=01;31:*.cpio=01;31:*.7z=01;31:*.rz=01;31:*.cab=01;31:*.wim=01;31:*.swm=01;31:*.dwm=01;31:*.esd=01;31:*.jpg=01;35:*.jpeg=01;35:*.mjpg=01;35:*.mjpeg=01;35:*.gif=01;35:*.bmp=01;35:*.pbm=01;35:*.pgm=01;35:*.ppm=01;35:*.tga=01;35:*.xbm=01;35:*.xpm=01;35:*.tif=01;35:*.tiff=01;35:*.png=01;35:*.svg=01;35:*.svgz=01;35:*.mng=01;35:*.pcx=01;35:*.mov=01;35:*.mpg=01;35:*.mpeg=01;35:*.m2v=01;35:*.mkv=01;35:*.webm=01;35:*.webp=01;35:*.ogm=01;35:*.mp4=01;35:*.m4v=01;35:*.mp4v=01;35:*.vob=01;35:*.qt=01;35:*.nuv=01;35:*.wmv=01;35:*.asf=01;35:*.rm=01;35:*.rmvb=01;35:*.flc=01;35:*.avi=01;35:*.fli=01;35:*.flv=01;35:*.gl=01;35:*.dl=01;35:*.xcf=01;35:*.xwd=01;35:*.yuv=01;35:*.cgm=01;35:*.emf=01;35:*.ogv=01;35:*.ogx=01;35:*.aac=00;36:*.au=00;36:*.flac=00;36:*.m4a=00;36:*.mid=00;36:*.midi=00;36:*.mka=00;36:*.mp3=00;36:*.mpc=00;36:*.ogg=00;36:*.ra=00;36:*.wav=00;36:*.oga=00;36:*.opus=00;36:*.spx=00;36:*.xspf=00;36:'), ('JETSON_SOC', 'tegra234'), ('VSCODE_GIT_IPC_HANDLE', '/run/user/1000/vscode-git-d36fc8e34d.sock'), ('TERM_PROGRAM', 'vscode'), ('AMENT_PREFIX_PATH', '/opt/ros/humble'), ('SHELL', '/bin/bash'), ('LESSCLOSE', '/usr/bin/lesspipe %s %s'), ('VSCODE_GIT_ASKPASS_EXTRA_ARGS', ''), ('JETSON_CUDA_ARCH_BIN', '8.7'), ('PWD', '/home/booster/Workspace/Booster_T1_3v3_Demo/src/build/vision_interface'), ('SSH_CONNECTION', '10.10.144.134 51037 10.10.144.147 22'), ('XDG_DATA_DIRS', '/usr/share/gnome:/usr/local/share:/usr/share:/var/lib/snapd/desktop'), ('PYTHONPATH', '/opt/ros/humble/lib/python3.10/site-packages:/opt/ros/humble/local/lib/python3.10/dist-packages'), ('COLCON', '1'), ('JETSON_JETPACK', '6.2'), ('JETSON_P_NUMBER', 'p3701-0004'), ('CMAKE_PREFIX_PATH', '/opt/ros/humble')]), 'shell': False}
[9.512893] (booster_interface) StdoutLine: {'line': b'-- Found PythonLibs: /usr/lib/aarch64-linux-gnu/libpython3.10.so (found suitable version "3.10.12", minimum required is "3.5") \n'}
[9.513425] (booster_interface) StdoutLine: {'line': b'-- Using PYTHON_EXECUTABLE: /usr/bin/python3\n'}
[9.513629] (booster_interface) StdoutLine: {'line': b'-- Using PYTHON_INCLUDE_DIRS: /usr/include/python3.10\n'}
[9.513737] (booster_interface) StdoutLine: {'line': b'-- Using PYTHON_LIBRARIES: /usr/lib/aarch64-linux-gnu/libpython3.10.so\n'}
[9.549151] (-) TimerEvent: {}
[9.561848] (booster_interface) StdoutLine: {'line': b'-- Found PythonExtra: .so  \n'}
[9.649285] (-) TimerEvent: {}
[9.711448] (vision_interface) StdoutLine: {'line': b'[  0%] \x1b[34m\x1b[1mGenerating C++ code for ROS interfaces\x1b[0m\n'}
[9.749421] (-) TimerEvent: {}
[9.850087] (-) TimerEvent: {}
[9.950563] (-) TimerEvent: {}
[10.051070] (-) TimerEvent: {}
[10.151622] (-) TimerEvent: {}
[10.252519] (-) TimerEvent: {}
[10.353169] (-) TimerEvent: {}
[10.396712] (booster_interface) StdoutLine: {'line': b'-- Using numpy include directory: /home/booster/.local/lib/python3.10/site-packages/numpy/core/include\n'}
[10.453306] (-) TimerEvent: {}
[10.493240] (booster_interface) StdoutLine: {'line': b'-- Configuring done\n'}
[10.553930] (-) TimerEvent: {}
[10.657624] (-) TimerEvent: {}
[10.758521] (-) TimerEvent: {}
[10.773453] (booster_interface) StdoutLine: {'line': b'-- Generating done\n'}
[10.813692] (booster_interface) StdoutLine: {'line': b'-- Build files have been written to: /home/booster/Workspace/Booster_T1_3v3_Demo/src/build/booster_interface\n'}
[10.858720] (-) TimerEvent: {}
[10.888033] (booster_interface) CommandEnded: {'returncode': 0}
[10.889136] (booster_interface) JobProgress: {'identifier': 'booster_interface', 'progress': 'build'}
[10.890327] (booster_interface) Command: {'cmd': ['/usr/bin/cmake', '--build', '/home/booster/Workspace/Booster_T1_3v3_Demo/src/build/booster_interface', '--', '-j5', '-l5'], 'cwd': '/home/booster/Workspace/Booster_T1_3v3_Demo/src/build/booster_interface', 'env': OrderedDict([('LESSOPEN', '| /usr/bin/lesspipe %s'), ('USER', 'booster'), ('SSH_CLIENT', '10.10.144.134 51037 22'), ('XDG_SESSION_TYPE', 'tty'), ('GIT_ASKPASS', '/home/booster/.cursor-server/bin/25412918da7e74b2686b25d62da1f01cfcd27680/extensions/git/dist/askpass.sh'), ('SHLVL', '1'), ('LD_LIBRARY_PATH', '/opt/ros/humble/opt/rviz_ogre_vendor/lib:/opt/ros/humble/lib/aarch64-linux-gnu:/opt/ros/humble/lib:/usr/local/cuda/lib64:'), ('BROWSER', '/home/booster/.cursor-server/bin/25412918da7e74b2686b25d62da1f01cfcd27680/bin/helpers/browser.sh'), ('MOTD_SHOWN', 'pam'), ('HOME', '/home/booster'), ('OLDPWD', '/home/booster/Workspace/Booster_T1_3v3_Demo'), ('TERM_PROGRAM_VERSION', '2.0.64'), ('VSCODE_IPC_HOOK_CLI', '/run/user/1000/vscode-ipc-f7ed2610-5b6c-48c9-89fc-6c8784f58529.sock'), ('JETSON_L4T', '36.4.3'), ('ROS_PYTHON_VERSION', '3'), ('JETSON_MODEL', 'Booster T1 AGX Orin V2.1'), ('VSCODE_GIT_ASKPASS_MAIN', '/home/booster/.cursor-server/bin/25412918da7e74b2686b25d62da1f01cfcd27680/extensions/git/dist/askpass-main.js'), ('VSCODE_GIT_ASKPASS_NODE', '/home/booster/.cursor-server/bin/25412918da7e74b2686b25d62da1f01cfcd27680/node'), ('DBUS_SESSION_BUS_ADDRESS', 'unix:path=/run/user/1000/bus'), ('COLORTERM', 'truecolor'), ('ROS_DISTRO', 'humble'), ('LOGNAME', 'booster'), ('JETSON_MODULE', 'NVIDIA Jetson AGX Orin (32GB ram)'), ('JETSON_SERIAL_NUMBER', '1421225046990'), ('_', '/usr/bin/colcon'), ('ROS_VERSION', '2'), ('XDG_SESSION_CLASS', 'user'), ('TERM', 'xterm-256color'), ('XDG_SESSION_ID', '7'), ('ROS_LOCALHOST_ONLY', '0'), ('PATH', '/opt/ros/humble/bin:/usr/local/cuda/bin:/usr/local/sbin:/usr/local/bin:/usr/sbin:/usr/bin:/sbin:/bin:/snap/bin'), ('FASTRTPS_DEFAULT_PROFILES_FILE', '/opt/booster/BoosterRos2/fastdds_profile.xml'), ('CUDA_ROOT', '/usr/local/cuda'), ('XDG_RUNTIME_DIR', '/run/user/1000'), ('LANG', 'en_US.UTF-8'), ('LS_COLORS', 'rs=0:di=01;34:ln=01;36:mh=00:pi=40;33:so=01;35:do=01;35:bd=40;33;01:cd=40;33;01:or=40;31;01:mi=00:su=37;41:sg=30;43:ca=30;41:tw=30;42:ow=34;42:st=37;44:ex=01;32:*.tar=01;31:*.tgz=01;31:*.arc=01;31:*.arj=01;31:*.taz=01;31:*.lha=01;31:*.lz4=01;31:*.lzh=01;31:*.lzma=01;31:*.tlz=01;31:*.txz=01;31:*.tzo=01;31:*.t7z=01;31:*.zip=01;31:*.z=01;31:*.dz=01;31:*.gz=01;31:*.lrz=01;31:*.lz=01;31:*.lzo=01;31:*.xz=01;31:*.zst=01;31:*.tzst=01;31:*.bz2=01;31:*.bz=01;31:*.tbz=01;31:*.tbz2=01;31:*.tz=01;31:*.deb=01;31:*.rpm=01;31:*.jar=01;31:*.war=01;31:*.ear=01;31:*.sar=01;31:*.rar=01;31:*.alz=01;31:*.ace=01;31:*.zoo=01;31:*.cpio=01;31:*.7z=01;31:*.rz=01;31:*.cab=01;31:*.wim=01;31:*.swm=01;31:*.dwm=01;31:*.esd=01;31:*.jpg=01;35:*.jpeg=01;35:*.mjpg=01;35:*.mjpeg=01;35:*.gif=01;35:*.bmp=01;35:*.pbm=01;35:*.pgm=01;35:*.ppm=01;35:*.tga=01;35:*.xbm=01;35:*.xpm=01;35:*.tif=01;35:*.tiff=01;35:*.png=01;35:*.svg=01;35:*.svgz=01;35:*.mng=01;35:*.pcx=01;35:*.mov=01;35:*.mpg=01;35:*.mpeg=01;35:*.m2v=01;35:*.mkv=01;35:*.webm=01;35:*.webp=01;35:*.ogm=01;35:*.mp4=01;35:*.m4v=01;35:*.mp4v=01;35:*.vob=01;35:*.qt=01;35:*.nuv=01;35:*.wmv=01;35:*.asf=01;35:*.rm=01;35:*.rmvb=01;35:*.flc=01;35:*.avi=01;35:*.fli=01;35:*.flv=01;35:*.gl=01;35:*.dl=01;35:*.xcf=01;35:*.xwd=01;35:*.yuv=01;35:*.cgm=01;35:*.emf=01;35:*.ogv=01;35:*.ogx=01;35:*.aac=00;36:*.au=00;36:*.flac=00;36:*.m4a=00;36:*.mid=00;36:*.midi=00;36:*.mka=00;36:*.mp3=00;36:*.mpc=00;36:*.ogg=00;36:*.ra=00;36:*.wav=00;36:*.oga=00;36:*.opus=00;36:*.spx=00;36:*.xspf=00;36:'), ('JETSON_SOC', 'tegra234'), ('VSCODE_GIT_IPC_HANDLE', '/run/user/1000/vscode-git-d36fc8e34d.sock'), ('TERM_PROGRAM', 'vscode'), ('AMENT_PREFIX_PATH', '/opt/ros/humble'), ('SHELL', '/bin/bash'), ('LESSCLOSE', '/usr/bin/lesspipe %s %s'), ('VSCODE_GIT_ASKPASS_EXTRA_ARGS', ''), ('JETSON_CUDA_ARCH_BIN', '8.7'), ('PWD', '/home/booster/Workspace/Booster_T1_3v3_Demo/src/build/booster_interface'), ('SSH_CONNECTION', '10.10.144.134 51037 10.10.144.147 22'), ('XDG_DATA_DIRS', '/usr/share/gnome:/usr/local/share:/usr/share:/var/lib/snapd/desktop'), ('PYTHONPATH', '/opt/ros/humble/lib/python3.10/site-packages:/opt/ros/humble/local/lib/python3.10/dist-packages'), ('COLCON', '1'), ('JETSON_JETPACK', '6.2'), ('JETSON_P_NUMBER', 'p3701-0004'), ('CMAKE_PREFIX_PATH', '/opt/ros/humble')]), 'shell': False}
[10.905271] (booster_msgs) StdoutLine: {'line': b'[  8%] \x1b[32mBuilding CXX object CMakeFiles/booster_msgs__rosidl_typesupport_introspection_cpp.dir/rosidl_typesupport_introspection_cpp/booster_msgs/msg/detail/rpc_req_msg__type_support.cpp.o\x1b[0m\n'}
[10.958860] (-) TimerEvent: {}
[11.059380] (-) TimerEvent: {}
[11.149162] (booster_interface) StdoutLine: {'line': b'[  0%] \x1b[34m\x1b[1mGenerating C++ code for ROS interfaces\x1b[0m\n'}
[11.159502] (-) TimerEvent: {}
[11.259978] (-) TimerEvent: {}
[11.360425] (-) TimerEvent: {}
[11.460925] (-) TimerEvent: {}
[11.561480] (-) TimerEvent: {}
[11.615393] (game_controller_interface) StdoutLine: {'line': b'[  2%] Built target game_controller_interface__cpp\n'}
[11.661612] (-) TimerEvent: {}
[11.762578] (-) TimerEvent: {}
[11.839364] (game_controller_interface) StdoutLine: {'line': b'[  2%] Built target ament_cmake_python_copy_game_controller_interface\n'}
[11.862773] (-) TimerEvent: {}
[11.916687] (game_controller_interface) StdoutLine: {'line': b'[  4%] \x1b[34m\x1b[1mGenerating C++ introspection for ROS interfaces\x1b[0m\n'}
[11.962981] (-) TimerEvent: {}
[12.063503] (-) TimerEvent: {}
[12.164041] (-) TimerEvent: {}
[12.264593] (-) TimerEvent: {}
[12.365225] (-) TimerEvent: {}
[12.449176] (booster_msgs) StdoutLine: {'line': b'[ 10%] \x1b[32mBuilding CXX object CMakeFiles/booster_msgs__rosidl_typesupport_introspection_cpp.dir/rosidl_typesupport_introspection_cpp/booster_msgs/msg/detail/rpc_resp_msg__type_support.cpp.o\x1b[0m\n'}
[12.465369] (-) TimerEvent: {}
[12.565932] (-) TimerEvent: {}
[12.666579] (-) TimerEvent: {}
[12.767131] (-) TimerEvent: {}
[12.867645] (-) TimerEvent: {}
[12.968188] (-) TimerEvent: {}
[13.069403] (-) TimerEvent: {}
[13.169950] (-) TimerEvent: {}
[13.270656] (-) TimerEvent: {}
[13.275437] (vision_interface) StdoutLine: {'line': b'[  0%] Built target vision_interface__cpp\n'}
[13.370816] (-) TimerEvent: {}
[13.444568] (vision_interface) StdoutLine: {'line': b'[  0%] Built target ament_cmake_python_copy_vision_interface\n'}
[13.470967] (-) TimerEvent: {}
[13.507853] (vision_interface) StdoutLine: {'line': b'[  1%] \x1b[34m\x1b[1mGenerating C++ introspection for ROS interfaces\x1b[0m\n'}
[13.571130] (-) TimerEvent: {}
[13.671648] (-) TimerEvent: {}
[13.772114] (-) TimerEvent: {}
[13.808861] (booster_msgs) StdoutLine: {'line': b'[ 12%] \x1b[32m\x1b[1mLinking CXX shared library libbooster_msgs__rosidl_typesupport_introspection_cpp.so\x1b[0m\n'}
[13.872251] (-) TimerEvent: {}
[13.972835] (-) TimerEvent: {}
[14.073431] (-) TimerEvent: {}
[14.175526] (-) TimerEvent: {}
[14.226224] (booster_msgs) StdoutLine: {'line': b'[ 12%] Built target booster_msgs__rosidl_typesupport_introspection_cpp\n'}
[14.275667] (-) TimerEvent: {}
[14.376355] (-) TimerEvent: {}
[14.446960] (game_controller_interface) StdoutLine: {'line': b'[  6%] \x1b[32mBuilding CXX object CMakeFiles/game_controller_interface__rosidl_typesupport_introspection_cpp.dir/rosidl_typesupport_introspection_cpp/game_controller_interface/msg/detail/game_control_data__type_support.cpp.o\x1b[0m\n'}
[14.476508] (-) TimerEvent: {}
[14.577301] (-) TimerEvent: {}
[14.677810] (-) TimerEvent: {}
[14.778400] (-) TimerEvent: {}
[14.879196] (-) TimerEvent: {}
[14.979823] (-) TimerEvent: {}
[15.080537] (-) TimerEvent: {}
[15.131523] (booster_msgs) StdoutLine: {'line': b'running egg_info\n'}
[15.135898] (booster_msgs) StdoutLine: {'line': b'creating booster_msgs.egg-info\n'}
[15.137022] (booster_msgs) StdoutLine: {'line': b'writing booster_msgs.egg-info/PKG-INFO\n'}
[15.137840] (booster_msgs) StdoutLine: {'line': b'writing dependency_links to booster_msgs.egg-info/dependency_links.txt\n'}
[15.138591] (booster_msgs) StdoutLine: {'line': b'writing top-level names to booster_msgs.egg-info/top_level.txt\n'}
[15.139198] (booster_msgs) StdoutLine: {'line': b"writing manifest file 'booster_msgs.egg-info/SOURCES.txt'\n"}
[15.164532] (booster_msgs) StdoutLine: {'line': b"reading manifest file 'booster_msgs.egg-info/SOURCES.txt'\n"}
[15.169953] (booster_msgs) StdoutLine: {'line': b"writing manifest file 'booster_msgs.egg-info/SOURCES.txt'\n"}
[15.180807] (-) TimerEvent: {}
[15.281372] (-) TimerEvent: {}
[15.366504] (booster_msgs) StdoutLine: {'line': b'[ 12%] Built target ament_cmake_python_build_booster_msgs_egg\n'}
[15.381533] (-) TimerEvent: {}
[15.406573] (booster_msgs) StdoutLine: {'line': b'[ 14%] \x1b[34m\x1b[1mGenerating C++ type support for eProsima Fast-RTPS\x1b[0m\n'}
[15.481701] (-) TimerEvent: {}
[15.582284] (-) TimerEvent: {}
[15.682843] (-) TimerEvent: {}
[15.783565] (-) TimerEvent: {}
[15.884229] (-) TimerEvent: {}
[15.984712] (-) TimerEvent: {}
[16.085220] (-) TimerEvent: {}
[16.185785] (-) TimerEvent: {}
[16.286263] (-) TimerEvent: {}
[16.287419] (vision_interface) StdoutLine: {'line': b'[  2%] \x1b[32mBuilding CXX object CMakeFiles/vision_interface__rosidl_typesupport_introspection_cpp.dir/rosidl_typesupport_introspection_cpp/vision_interface/msg/detail/detected_object__type_support.cpp.o\x1b[0m\n'}
[16.302128] (game_controller_interface) StdoutLine: {'line': b'[  8%] \x1b[32mBuilding CXX object CMakeFiles/game_controller_interface__rosidl_typesupport_introspection_cpp.dir/rosidl_typesupport_introspection_cpp/game_controller_interface/msg/detail/robot_info__type_support.cpp.o\x1b[0m\n'}
[16.386420] (-) TimerEvent: {}
[16.487317] (-) TimerEvent: {}
[16.591755] (-) TimerEvent: {}
[16.692534] (-) TimerEvent: {}
[16.793241] (-) TimerEvent: {}
[16.829097] (booster_msgs) StdoutLine: {'line': b'[ 17%] \x1b[32mBuilding CXX object CMakeFiles/booster_msgs__rosidl_typesupport_fastrtps_cpp.dir/rosidl_typesupport_fastrtps_cpp/booster_msgs/msg/detail/dds_fastrtps/binary_data__type_support.cpp.o\x1b[0m\n'}
[16.893409] (-) TimerEvent: {}
[16.993940] (-) TimerEvent: {}
[17.094450] (-) TimerEvent: {}
[17.195286] (-) TimerEvent: {}
[17.296030] (-) TimerEvent: {}
[17.396603] (-) TimerEvent: {}
[17.410797] (game_controller_interface) StdoutLine: {'line': b'[ 10%] \x1b[32mBuilding CXX object CMakeFiles/game_controller_interface__rosidl_typesupport_introspection_cpp.dir/rosidl_typesupport_introspection_cpp/game_controller_interface/msg/detail/team_info__type_support.cpp.o\x1b[0m\n'}
[17.496877] (-) TimerEvent: {}
[17.597440] (-) TimerEvent: {}
[17.697982] (-) TimerEvent: {}
[17.720443] (vision_interface) StdoutLine: {'line': b'[  3%] \x1b[32mBuilding CXX object CMakeFiles/vision_interface__rosidl_typesupport_introspection_cpp.dir/rosidl_typesupport_introspection_cpp/vision_interface/msg/detail/detections__type_support.cpp.o\x1b[0m\n'}
[17.798151] (-) TimerEvent: {}
[17.899112] (-) TimerEvent: {}
[18.000847] (-) TimerEvent: {}
[18.101498] (-) TimerEvent: {}
[18.201793] (booster_msgs) StdoutLine: {'line': b'[ 19%] \x1b[32mBuilding CXX object CMakeFiles/booster_msgs__rosidl_typesupport_fastrtps_cpp.dir/rosidl_typesupport_fastrtps_cpp/booster_msgs/msg/detail/dds_fastrtps/rpc_resp_msg__type_support.cpp.o\x1b[0m\n'}
[18.202303] (-) TimerEvent: {}
[18.302874] (-) TimerEvent: {}
[18.403458] (-) TimerEvent: {}
[18.504063] (-) TimerEvent: {}
[18.604616] (-) TimerEvent: {}
[18.705815] (-) TimerEvent: {}
[18.710795] (game_controller_interface) StdoutLine: {'line': b'[ 12%] \x1b[32m\x1b[1mLinking CXX shared library libgame_controller_interface__rosidl_typesupport_introspection_cpp.so\x1b[0m\n'}
[18.805966] (-) TimerEvent: {}
[18.891822] (game_controller_interface) StdoutLine: {'line': b'[ 12%] Built target game_controller_interface__rosidl_typesupport_introspection_cpp\n'}
[18.906214] (-) TimerEvent: {}
[19.006872] (-) TimerEvent: {}
[19.107424] (-) TimerEvent: {}
[19.189739] (booster_interface) StdoutLine: {'line': b'[  0%] Built target booster_interface__cpp\n'}
[19.207585] (-) TimerEvent: {}
[19.270813] (booster_interface) StdoutLine: {'line': b'[  0%] Built target ament_cmake_python_copy_booster_interface\n'}
[19.302427] (booster_interface) StdoutLine: {'line': b'[  0%] \x1b[34m\x1b[1mGenerating C++ introspection for ROS interfaces\x1b[0m\n'}
[19.307695] (-) TimerEvent: {}
[19.394256] (vision_interface) StdoutLine: {'line': b'[  4%] \x1b[32mBuilding CXX object CMakeFiles/vision_interface__rosidl_typesupport_introspection_cpp.dir/rosidl_typesupport_introspection_cpp/vision_interface/msg/detail/line_segments__type_support.cpp.o\x1b[0m\n'}
[19.407843] (-) TimerEvent: {}
[19.508408] (-) TimerEvent: {}
[19.609401] (-) TimerEvent: {}
[19.663718] (booster_msgs) StdoutLine: {'line': b'[ 21%] \x1b[32mBuilding CXX object CMakeFiles/booster_msgs__rosidl_typesupport_fastrtps_cpp.dir/rosidl_typesupport_fastrtps_cpp/booster_msgs/msg/detail/dds_fastrtps/rpc_req_msg__type_support.cpp.o\x1b[0m\n'}
[19.709564] (-) TimerEvent: {}
[19.810127] (-) TimerEvent: {}
[19.844963] (game_controller_interface) StdoutLine: {'line': b'running egg_info\n'}
[19.849195] (game_controller_interface) StdoutLine: {'line': b'creating game_controller_interface.egg-info\n'}
[19.849591] (game_controller_interface) StdoutLine: {'line': b'writing game_controller_interface.egg-info/PKG-INFO\n'}
[19.849775] (game_controller_interface) StdoutLine: {'line': b'writing dependency_links to game_controller_interface.egg-info/dependency_links.txt\n'}
[19.849889] (game_controller_interface) StdoutLine: {'line': b'writing top-level names to game_controller_interface.egg-info/top_level.txt\n'}
[19.855529] (game_controller_interface) StdoutLine: {'line': b"writing manifest file 'game_controller_interface.egg-info/SOURCES.txt'\n"}
[19.861601] (game_controller_interface) StdoutLine: {'line': b"reading manifest file 'game_controller_interface.egg-info/SOURCES.txt'\n"}
[19.866513] (game_controller_interface) StdoutLine: {'line': b"writing manifest file 'game_controller_interface.egg-info/SOURCES.txt'\n"}
[19.910302] (-) TimerEvent: {}
[19.980382] (game_controller_interface) StdoutLine: {'line': b'[ 12%] Built target ament_cmake_python_build_game_controller_interface_egg\n'}
[20.009031] (game_controller_interface) StdoutLine: {'line': b'[ 14%] \x1b[34m\x1b[1mGenerating C++ type support for eProsima Fast-RTPS\x1b[0m\n'}
[20.010433] (-) TimerEvent: {}
[20.113223] (-) TimerEvent: {}
[20.214189] (-) TimerEvent: {}
[20.314707] (-) TimerEvent: {}
[20.415549] (-) TimerEvent: {}
[20.516091] (-) TimerEvent: {}
[20.617438] (-) TimerEvent: {}
[20.718061] (-) TimerEvent: {}
[20.820897] (-) TimerEvent: {}
[20.916994] (vision_interface) StdoutLine: {'line': b'[  5%] \x1b[32mBuilding CXX object CMakeFiles/vision_interface__rosidl_typesupport_introspection_cpp.dir/rosidl_typesupport_introspection_cpp/vision_interface/msg/detail/cal_param__type_support.cpp.o\x1b[0m\n'}
[20.921167] (-) TimerEvent: {}
[21.021731] (-) TimerEvent: {}
[21.068409] (booster_msgs) StdoutLine: {'line': b'[ 23%] \x1b[32m\x1b[1mLinking CXX shared library libbooster_msgs__rosidl_typesupport_fastrtps_cpp.so\x1b[0m\n'}
[21.121921] (-) TimerEvent: {}
[21.222444] (-) TimerEvent: {}
[21.323054] (-) TimerEvent: {}
[21.389662] (booster_msgs) StdoutLine: {'line': b'[ 23%] Built target booster_msgs__rosidl_typesupport_fastrtps_cpp\n'}
[21.423260] (-) TimerEvent: {}
[21.451711] (booster_msgs) StdoutLine: {'line': b'[ 25%] \x1b[34m\x1b[1mGenerating C++ type support dispatch for ROS interfaces\x1b[0m\n'}
[21.523513] (-) TimerEvent: {}
[21.624397] (-) TimerEvent: {}
[21.725533] (-) TimerEvent: {}
[21.826058] (-) TimerEvent: {}
[21.926618] (-) TimerEvent: {}
[22.027220] (-) TimerEvent: {}
[22.127759] (-) TimerEvent: {}
[22.228238] (-) TimerEvent: {}
[22.267367] (vision_interface) StdoutLine: {'line': b'[  6%] \x1b[32mBuilding CXX object CMakeFiles/vision_interface__rosidl_typesupport_introspection_cpp.dir/rosidl_typesupport_introspection_cpp/vision_interface/msg/detail/detections_track__type_support.cpp.o\x1b[0m\n'}
[22.328375] (-) TimerEvent: {}
[22.428907] (-) TimerEvent: {}
[22.474880] (booster_msgs) StdoutLine: {'line': b'[ 27%] \x1b[32mBuilding CXX object CMakeFiles/booster_msgs__rosidl_typesupport_cpp.dir/rosidl_typesupport_cpp/booster_msgs/msg/binary_data__type_support.cpp.o\x1b[0m\n'}
[22.529045] (-) TimerEvent: {}
[22.629552] (-) TimerEvent: {}
[22.730594] (-) TimerEvent: {}
[22.831190] (-) TimerEvent: {}
[22.931810] (-) TimerEvent: {}
[23.032410] (-) TimerEvent: {}
[23.044500] (game_controller_interface) StdoutLine: {'line': b'[ 17%] \x1b[32mBuilding CXX object CMakeFiles/game_controller_interface__rosidl_typesupport_fastrtps_cpp.dir/rosidl_typesupport_fastrtps_cpp/game_controller_interface/msg/detail/dds_fastrtps/game_control_data__type_support.cpp.o\x1b[0m\n'}
[23.132563] (-) TimerEvent: {}
[23.233304] (-) TimerEvent: {}
[23.333921] (-) TimerEvent: {}
[23.360313] (booster_msgs) StdoutLine: {'line': b'[ 29%] \x1b[32mBuilding CXX object CMakeFiles/booster_msgs__rosidl_typesupport_cpp.dir/rosidl_typesupport_cpp/booster_msgs/msg/rpc_resp_msg__type_support.cpp.o\x1b[0m\n'}
[23.434132] (-) TimerEvent: {}
[23.535062] (-) TimerEvent: {}
[23.635738] (-) TimerEvent: {}
[23.693467] (vision_interface) StdoutLine: {'line': b'[  7%] \x1b[32mBuilding CXX object CMakeFiles/vision_interface__rosidl_typesupport_introspection_cpp.dir/rosidl_typesupport_introspection_cpp/vision_interface/msg/detail/segmentation_point__type_support.cpp.o\x1b[0m\n'}
[23.735965] (-) TimerEvent: {}
[23.827989] (booster_interface) StdoutLine: {'line': b'[  1%] \x1b[32mBuilding CXX object CMakeFiles/booster_interface__rosidl_typesupport_introspection_cpp.dir/rosidl_typesupport_introspection_cpp/booster_interface/msg/detail/booster_api_req_msg__type_support.cpp.o\x1b[0m\n'}
[23.836118] (-) TimerEvent: {}
[23.936671] (-) TimerEvent: {}
[24.037311] (-) TimerEvent: {}
[24.097013] (game_controller_interface) StdoutLine: {'line': b'[ 19%] \x1b[32mBuilding CXX object CMakeFiles/game_controller_interface__rosidl_typesupport_fastrtps_cpp.dir/rosidl_typesupport_fastrtps_cpp/game_controller_interface/msg/detail/dds_fastrtps/team_info__type_support.cpp.o\x1b[0m\n'}
[24.137457] (-) TimerEvent: {}
[24.237996] (-) TimerEvent: {}
[24.338617] (-) TimerEvent: {}
[24.408735] (booster_msgs) StdoutLine: {'line': b'[ 31%] \x1b[32mBuilding CXX object CMakeFiles/booster_msgs__rosidl_typesupport_cpp.dir/rosidl_typesupport_cpp/booster_msgs/msg/rpc_req_msg__type_support.cpp.o\x1b[0m\n'}
[24.438855] (-) TimerEvent: {}
[24.539516] (-) TimerEvent: {}
[24.640335] (-) TimerEvent: {}
[24.741120] (-) TimerEvent: {}
[24.841749] (-) TimerEvent: {}
[24.942583] (-) TimerEvent: {}
[25.001776] (vision_interface) StdoutLine: {'line': b'[  8%] \x1b[32mBuilding CXX object CMakeFiles/vision_interface__rosidl_typesupport_introspection_cpp.dir/rosidl_typesupport_introspection_cpp/vision_interface/msg/detail/segmentation_line__type_support.cpp.o\x1b[0m\n'}
[25.042909] (-) TimerEvent: {}
[25.143583] (-) TimerEvent: {}
[25.244244] (-) TimerEvent: {}
[25.277386] (booster_interface) StdoutLine: {'line': b'[  1%] \x1b[32mBuilding CXX object CMakeFiles/booster_interface__rosidl_typesupport_introspection_cpp.dir/rosidl_typesupport_introspection_cpp/booster_interface/msg/detail/booster_api_resp_msg__type_support.cpp.o\x1b[0m\n'}
[25.338727] (booster_msgs) StdoutLine: {'line': b'[ 34%] \x1b[32m\x1b[1mLinking CXX shared library libbooster_msgs__rosidl_typesupport_cpp.so\x1b[0m\n'}
[25.344392] (-) TimerEvent: {}
[25.431445] (game_controller_interface) StdoutLine: {'line': b'[ 21%] \x1b[32mBuilding CXX object CMakeFiles/game_controller_interface__rosidl_typesupport_fastrtps_cpp.dir/rosidl_typesupport_fastrtps_cpp/game_controller_interface/msg/detail/dds_fastrtps/robot_info__type_support.cpp.o\x1b[0m\n'}
[25.444590] (-) TimerEvent: {}
[25.517192] (booster_msgs) StdoutLine: {'line': b'[ 34%] Built target booster_msgs__rosidl_typesupport_cpp\n'}
[25.545006] (-) TimerEvent: {}
[25.578005] (booster_msgs) StdoutLine: {'line': b'[ 36%] \x1b[34m\x1b[1mGenerating C code for ROS interfaces\x1b[0m\n'}
[25.646218] (-) TimerEvent: {}
[25.746907] (-) TimerEvent: {}
[25.847573] (-) TimerEvent: {}
[25.948143] (-) TimerEvent: {}
[26.048704] (-) TimerEvent: {}
[26.149339] (-) TimerEvent: {}
[26.250074] (-) TimerEvent: {}
[26.350834] (-) TimerEvent: {}
[26.451449] (-) TimerEvent: {}
[26.552148] (-) TimerEvent: {}
[26.645363] (game_controller_interface) StdoutLine: {'line': b'[ 23%] \x1b[32m\x1b[1mLinking CXX shared library libgame_controller_interface__rosidl_typesupport_fastrtps_cpp.so\x1b[0m\n'}
[26.649218] (vision_interface) StdoutLine: {'line': b'[  9%] \x1b[32mBuilding CXX object CMakeFiles/vision_interface__rosidl_typesupport_introspection_cpp.dir/rosidl_typesupport_introspection_cpp/vision_interface/msg/detail/segmentation_result__type_support.cpp.o\x1b[0m\n'}
[26.653103] (-) TimerEvent: {}
[26.680066] (booster_interface) StdoutLine: {'line': b'[  2%] \x1b[32mBuilding CXX object CMakeFiles/booster_interface__rosidl_typesupport_introspection_cpp.dir/rosidl_typesupport_introspection_cpp/booster_interface/msg/detail/button_event_msg__type_support.cpp.o\x1b[0m\n'}
[26.753236] (-) TimerEvent: {}
[26.853870] (-) TimerEvent: {}
[26.926164] (game_controller_interface) StdoutLine: {'line': b'[ 23%] Built target game_controller_interface__rosidl_typesupport_fastrtps_cpp\n'}
[26.954037] (-) TimerEvent: {}
[27.002693] (game_controller_interface) StdoutLine: {'line': b'[ 25%] \x1b[34m\x1b[1mGenerating C++ type support dispatch for ROS interfaces\x1b[0m\n'}
[27.054168] (-) TimerEvent: {}
[27.154655] (-) TimerEvent: {}
[27.255132] (-) TimerEvent: {}
[27.355680] (-) TimerEvent: {}
[27.372973] (booster_msgs) StdoutLine: {'line': b'[ 38%] \x1b[32mBuilding C object CMakeFiles/booster_msgs__rosidl_generator_c.dir/rosidl_generator_c/booster_msgs/msg/detail/binary_data__functions.c.o\x1b[0m\n'}
[27.455816] (-) TimerEvent: {}
[27.556344] (-) TimerEvent: {}
[27.577786] (booster_msgs) StdoutLine: {'line': b'[ 40%] \x1b[32mBuilding C object CMakeFiles/booster_msgs__rosidl_generator_c.dir/rosidl_generator_c/booster_msgs/msg/detail/rpc_resp_msg__functions.c.o\x1b[0m\n'}
[27.656525] (-) TimerEvent: {}
[27.757171] (-) TimerEvent: {}
[27.771539] (booster_msgs) StdoutLine: {'line': b'[ 42%] \x1b[32mBuilding C object CMakeFiles/booster_msgs__rosidl_generator_c.dir/rosidl_generator_c/booster_msgs/msg/detail/rpc_req_msg__functions.c.o\x1b[0m\n'}
[27.811088] (booster_interface) StdoutLine: {'line': b'[  3%] \x1b[32mBuilding CXX object CMakeFiles/booster_interface__rosidl_typesupport_introspection_cpp.dir/rosidl_typesupport_introspection_cpp/booster_interface/msg/detail/motor_state__type_support.cpp.o\x1b[0m\n'}
[27.857332] (-) TimerEvent: {}
[27.936881] (booster_msgs) StdoutLine: {'line': b'[ 44%] \x1b[32m\x1b[1mLinking C shared library libbooster_msgs__rosidl_generator_c.so\x1b[0m\n'}
[27.957494] (-) TimerEvent: {}
[28.058083] (-) TimerEvent: {}
[28.116150] (booster_msgs) StdoutLine: {'line': b'[ 44%] Built target booster_msgs__rosidl_generator_c\n'}
[28.158245] (-) TimerEvent: {}
[28.205247] (booster_msgs) StdoutLine: {'line': b'[ 46%] \x1b[34m\x1b[1mGenerating C type support for eProsima Fast-RTPS\x1b[0m\n'}
[28.258405] (-) TimerEvent: {}
[28.359175] (-) TimerEvent: {}
[28.461166] (-) TimerEvent: {}
[28.469502] (vision_interface) StdoutLine: {'line': b'[ 10%] \x1b[32mBuilding CXX object CMakeFiles/vision_interface__rosidl_typesupport_introspection_cpp.dir/rosidl_typesupport_introspection_cpp/vision_interface/msg/detail/image_head_position__type_support.cpp.o\x1b[0m\n'}
[28.561702] (-) TimerEvent: {}
[28.662509] (-) TimerEvent: {}
[28.763575] (-) TimerEvent: {}
[28.864146] (-) TimerEvent: {}
[28.964731] (-) TimerEvent: {}
[29.056162] (booster_interface) StdoutLine: {'line': b'[  3%] \x1b[32mBuilding CXX object CMakeFiles/booster_interface__rosidl_typesupport_introspection_cpp.dir/rosidl_typesupport_introspection_cpp/booster_interface/msg/detail/motor_cmd__type_support.cpp.o\x1b[0m\n'}
[29.064947] (-) TimerEvent: {}
[29.165468] (-) TimerEvent: {}
[29.266001] (-) TimerEvent: {}
[29.366741] (-) TimerEvent: {}
[29.369431] (game_controller_interface) StdoutLine: {'line': b'[ 27%] \x1b[32mBuilding CXX object CMakeFiles/game_controller_interface__rosidl_typesupport_cpp.dir/rosidl_typesupport_cpp/game_controller_interface/msg/game_control_data__type_support.cpp.o\x1b[0m\n'}
[29.466991] (-) TimerEvent: {}
[29.491420] (booster_msgs) StdoutLine: {'line': b'[ 48%] \x1b[32mBuilding CXX object CMakeFiles/booster_msgs__rosidl_typesupport_fastrtps_c.dir/rosidl_typesupport_fastrtps_c/booster_msgs/msg/detail/binary_data__type_support_c.cpp.o\x1b[0m\n'}
[29.567227] (-) TimerEvent: {}
[29.667875] (-) TimerEvent: {}
[29.768996] (-) TimerEvent: {}
[29.869550] (-) TimerEvent: {}
[29.970196] (-) TimerEvent: {}
[30.070969] (-) TimerEvent: {}
[30.118058] (vision_interface) StdoutLine: {'line': b'[ 11%] \x1b[32mBuilding CXX object CMakeFiles/vision_interface__rosidl_typesupport_introspection_cpp.dir/rosidl_typesupport_introspection_cpp/vision_interface/msg/detail/ball__type_support.cpp.o\x1b[0m\n'}
[30.171111] (-) TimerEvent: {}
[30.272069] (-) TimerEvent: {}
[30.273402] (booster_interface) StdoutLine: {'line': b'[  4%] \x1b[32mBuilding CXX object CMakeFiles/booster_interface__rosidl_typesupport_introspection_cpp.dir/rosidl_typesupport_introspection_cpp/booster_interface/msg/detail/low_cmd__type_support.cpp.o\x1b[0m\n'}
[30.303857] (game_controller_interface) StdoutLine: {'line': b'[ 29%] \x1b[32mBuilding CXX object CMakeFiles/game_controller_interface__rosidl_typesupport_cpp.dir/rosidl_typesupport_cpp/game_controller_interface/msg/team_info__type_support.cpp.o\x1b[0m\n'}
[30.373126] (-) TimerEvent: {}
[30.473685] (-) TimerEvent: {}
[30.574256] (-) TimerEvent: {}
[30.644333] (booster_msgs) StdoutLine: {'line': b'[ 51%] \x1b[32mBuilding CXX object CMakeFiles/booster_msgs__rosidl_typesupport_fastrtps_c.dir/rosidl_typesupport_fastrtps_c/booster_msgs/msg/detail/rpc_resp_msg__type_support_c.cpp.o\x1b[0m\n'}
[30.674415] (-) TimerEvent: {}
[30.774984] (-) TimerEvent: {}
[30.875488] (-) TimerEvent: {}
[30.976056] (-) TimerEvent: {}
[31.076865] (-) TimerEvent: {}
[31.088540] (game_controller_interface) StdoutLine: {'line': b'[ 31%] \x1b[32mBuilding CXX object CMakeFiles/game_controller_interface__rosidl_typesupport_cpp.dir/rosidl_typesupport_cpp/game_controller_interface/msg/robot_info__type_support.cpp.o\x1b[0m\n'}
[31.177337] (-) TimerEvent: {}
[31.278066] (-) TimerEvent: {}
[31.378764] (-) TimerEvent: {}
[31.479280] (-) TimerEvent: {}
[31.534368] (vision_interface) StdoutLine: {'line': b'[ 12%] \x1b[32m\x1b[1mLinking CXX shared library libvision_interface__rosidl_typesupport_introspection_cpp.so\x1b[0m\n'}
[31.579442] (-) TimerEvent: {}
[31.679966] (-) TimerEvent: {}
[31.750735] (booster_interface) StdoutLine: {'line': b'[  4%] \x1b[32mBuilding CXX object CMakeFiles/booster_interface__rosidl_typesupport_introspection_cpp.dir/rosidl_typesupport_introspection_cpp/booster_interface/msg/detail/imu_state__type_support.cpp.o\x1b[0m\n'}
[31.780176] (-) TimerEvent: {}
[31.782638] (booster_msgs) StdoutLine: {'line': b'[ 53%] \x1b[32mBuilding CXX object CMakeFiles/booster_msgs__rosidl_typesupport_fastrtps_c.dir/rosidl_typesupport_fastrtps_c/booster_msgs/msg/detail/rpc_req_msg__type_support_c.cpp.o\x1b[0m\n'}
[31.880312] (-) TimerEvent: {}
[31.902670] (vision_interface) StdoutLine: {'line': b'[ 12%] Built target vision_interface__rosidl_typesupport_introspection_cpp\n'}
[31.940481] (game_controller_interface) StdoutLine: {'line': b'[ 34%] \x1b[32m\x1b[1mLinking CXX shared library libgame_controller_interface__rosidl_typesupport_cpp.so\x1b[0m\n'}
[31.980469] (-) TimerEvent: {}
[32.081069] (-) TimerEvent: {}
[32.106526] (game_controller_interface) StdoutLine: {'line': b'[ 34%] Built target game_controller_interface__rosidl_typesupport_cpp\n'}
[32.140680] (game_controller_interface) StdoutLine: {'line': b'[ 36%] \x1b[34m\x1b[1mGenerating C code for ROS interfaces\x1b[0m\n'}
[32.182482] (-) TimerEvent: {}
[32.283553] (-) TimerEvent: {}
[32.384030] (-) TimerEvent: {}
[32.484551] (-) TimerEvent: {}
[32.585187] (-) TimerEvent: {}
[32.685814] (-) TimerEvent: {}
[32.786853] (-) TimerEvent: {}
[32.802000] (vision_interface) StdoutLine: {'line': b'running egg_info\n'}
[32.804504] (vision_interface) StdoutLine: {'line': b'creating vision_interface.egg-info\n'}
[32.805552] (vision_interface) StdoutLine: {'line': b'writing vision_interface.egg-info/PKG-INFO\n'}
[32.806366] (vision_interface) StdoutLine: {'line': b'writing dependency_links to vision_interface.egg-info/dependency_links.txt\n'}
[32.807056] (vision_interface) StdoutLine: {'line': b'writing top-level names to vision_interface.egg-info/top_level.txt\n'}
[32.807863] (vision_interface) StdoutLine: {'line': b"writing manifest file 'vision_interface.egg-info/SOURCES.txt'\n"}
[32.816439] (vision_interface) StdoutLine: {'line': b"reading manifest file 'vision_interface.egg-info/SOURCES.txt'\n"}
[32.818865] (vision_interface) StdoutLine: {'line': b"writing manifest file 'vision_interface.egg-info/SOURCES.txt'\n"}
[32.887027] (-) TimerEvent: {}
[32.951699] (vision_interface) StdoutLine: {'line': b'[ 12%] Built target ament_cmake_python_build_vision_interface_egg\n'}
[32.982664] (vision_interface) StdoutLine: {'line': b'[ 13%] \x1b[34m\x1b[1mGenerating C++ type support for eProsima Fast-RTPS\x1b[0m\n'}
[32.987159] (-) TimerEvent: {}
[33.087796] (-) TimerEvent: {}
[33.133261] (booster_msgs) StdoutLine: {'line': b'[ 55%] \x1b[32m\x1b[1mLinking CXX shared library libbooster_msgs__rosidl_typesupport_fastrtps_c.so\x1b[0m\n'}
[33.183419] (booster_interface) StdoutLine: {'line': b'[  5%] \x1b[32mBuilding CXX object CMakeFiles/booster_interface__rosidl_typesupport_introspection_cpp.dir/rosidl_typesupport_introspection_cpp/booster_interface/msg/detail/low_state__type_support.cpp.o\x1b[0m\n'}
[33.187913] (-) TimerEvent: {}
[33.288434] (-) TimerEvent: {}
[33.370504] (booster_msgs) StdoutLine: {'line': b'[ 55%] Built target booster_msgs__rosidl_typesupport_fastrtps_c\n'}
[33.388582] (-) TimerEvent: {}
[33.431044] (booster_msgs) StdoutLine: {'line': b'[ 57%] \x1b[34m\x1b[1mGenerating C type support dispatch for ROS interfaces\x1b[0m\n'}
[33.488745] (-) TimerEvent: {}
[33.589353] (-) TimerEvent: {}
[33.689848] (-) TimerEvent: {}
[33.790417] (-) TimerEvent: {}
[33.891513] (-) TimerEvent: {}
[33.992130] (-) TimerEvent: {}
[34.092621] (-) TimerEvent: {}
[34.175929] (booster_msgs) StdoutLine: {'line': b'[ 59%] \x1b[32mBuilding CXX object CMakeFiles/booster_msgs__rosidl_typesupport_c.dir/rosidl_typesupport_c/booster_msgs/msg/binary_data__type_support.cpp.o\x1b[0m\n'}
[34.192974] (-) TimerEvent: {}
[34.293487] (-) TimerEvent: {}
[34.334398] (booster_msgs) StdoutLine: {'line': b'[ 61%] \x1b[32mBuilding CXX object CMakeFiles/booster_msgs__rosidl_typesupport_c.dir/rosidl_typesupport_c/booster_msgs/msg/rpc_resp_msg__type_support.cpp.o\x1b[0m\n'}
[34.393651] (-) TimerEvent: {}
[34.465594] (booster_msgs) StdoutLine: {'line': b'[ 63%] \x1b[32mBuilding CXX object CMakeFiles/booster_msgs__rosidl_typesupport_c.dir/rosidl_typesupport_c/booster_msgs/msg/rpc_req_msg__type_support.cpp.o\x1b[0m\n'}
[34.493808] (-) TimerEvent: {}
[34.594451] (-) TimerEvent: {}
[34.625713] (booster_msgs) StdoutLine: {'line': b'[ 65%] \x1b[32m\x1b[1mLinking CXX shared library libbooster_msgs__rosidl_typesupport_c.so\x1b[0m\n'}
[34.694596] (-) TimerEvent: {}
[34.783073] (booster_msgs) StdoutLine: {'line': b'[ 65%] Built target booster_msgs__rosidl_typesupport_c\n'}
[34.794735] (-) TimerEvent: {}
[34.811057] (booster_msgs) StdoutLine: {'line': b'[ 68%] \x1b[34m\x1b[1mGenerating C introspection for ROS interfaces\x1b[0m\n'}
[34.894944] (-) TimerEvent: {}
[34.983993] (booster_interface) StdoutLine: {'line': b'[  6%] \x1b[32mBuilding CXX object CMakeFiles/booster_interface__rosidl_typesupport_introspection_cpp.dir/rosidl_typesupport_introspection_cpp/booster_interface/msg/detail/raw_bytes_msg__type_support.cpp.o\x1b[0m\n'}
[34.995106] (-) TimerEvent: {}
[35.095601] (-) TimerEvent: {}
[35.196079] (-) TimerEvent: {}
[35.203200] (game_controller_interface) StdoutLine: {'line': b'[ 38%] \x1b[32mBuilding C object CMakeFiles/game_controller_interface__rosidl_generator_c.dir/rosidl_generator_c/game_controller_interface/msg/detail/game_control_data__functions.c.o\x1b[0m\n'}
[35.296387] (-) TimerEvent: {}
[35.400079] (-) TimerEvent: {}
[35.428587] (game_controller_interface) StdoutLine: {'line': b'[ 40%] \x1b[32mBuilding C object CMakeFiles/game_controller_interface__rosidl_generator_c.dir/rosidl_generator_c/game_controller_interface/msg/detail/team_info__functions.c.o\x1b[0m\n'}
[35.500209] (-) TimerEvent: {}
[35.600700] (-) TimerEvent: {}
[35.622933] (game_controller_interface) StdoutLine: {'line': b'[ 42%] \x1b[32mBuilding C object CMakeFiles/game_controller_interface__rosidl_generator_c.dir/rosidl_generator_c/game_controller_interface/msg/detail/robot_info__functions.c.o\x1b[0m\n'}
[35.700982] (-) TimerEvent: {}
[35.779570] (game_controller_interface) StdoutLine: {'line': b'[ 44%] \x1b[32m\x1b[1mLinking C shared library libgame_controller_interface__rosidl_generator_c.so\x1b[0m\n'}
[35.801131] (-) TimerEvent: {}
[35.855418] (booster_msgs) StdoutLine: {'line': b'[ 70%] \x1b[32mBuilding C object CMakeFiles/booster_msgs__rosidl_typesupport_introspection_c.dir/rosidl_typesupport_introspection_c/booster_msgs/msg/detail/binary_data__type_support.c.o\x1b[0m\n'}
[35.896269] (game_controller_interface) StdoutLine: {'line': b'[ 44%] Built target game_controller_interface__rosidl_generator_c\n'}
[35.897918] (vision_interface) StdoutLine: {'line': b'[ 14%] \x1b[32mBuilding CXX object CMakeFiles/vision_interface__rosidl_typesupport_fastrtps_cpp.dir/rosidl_typesupport_fastrtps_cpp/vision_interface/msg/detail/dds_fastrtps/detected_object__type_support.cpp.o\x1b[0m\n'}
[35.901306] (-) TimerEvent: {}
[35.937368] (game_controller_interface) StdoutLine: {'line': b'[ 46%] \x1b[34m\x1b[1mGenerating C type support for eProsima Fast-RTPS\x1b[0m\n'}
[35.983899] (booster_msgs) StdoutLine: {'line': b'[ 72%] \x1b[32mBuilding C object CMakeFiles/booster_msgs__rosidl_typesupport_introspection_c.dir/rosidl_typesupport_introspection_c/booster_msgs/msg/detail/rpc_resp_msg__type_support.c.o\x1b[0m\n'}
[36.001479] (-) TimerEvent: {}
[36.102065] (-) TimerEvent: {}
[36.145704] (booster_msgs) StdoutLine: {'line': b'[ 74%] \x1b[32mBuilding C object CMakeFiles/booster_msgs__rosidl_typesupport_introspection_c.dir/rosidl_typesupport_introspection_c/booster_msgs/msg/detail/rpc_req_msg__type_support.c.o\x1b[0m\n'}
[36.202486] (-) TimerEvent: {}
[36.303077] (-) TimerEvent: {}
[36.306490] (booster_msgs) StdoutLine: {'line': b'[ 76%] \x1b[32m\x1b[1mLinking C shared library libbooster_msgs__rosidl_typesupport_introspection_c.so\x1b[0m\n'}
[36.403329] (-) TimerEvent: {}
[36.479530] (booster_msgs) StdoutLine: {'line': b'[ 76%] Built target booster_msgs__rosidl_typesupport_introspection_c\n'}
[36.503473] (-) TimerEvent: {}
[36.579338] (booster_interface) StdoutLine: {'line': b'[  6%] \x1b[32mBuilding CXX object CMakeFiles/booster_interface__rosidl_typesupport_introspection_cpp.dir/rosidl_typesupport_introspection_cpp/booster_interface/msg/detail/raw_bytes_stamped__type_support.cpp.o\x1b[0m\n'}
[36.599151] (booster_msgs) StdoutLine: {'line': b'[ 76%] Built target booster_msgs\n'}
[36.603618] (-) TimerEvent: {}
[36.704190] (-) TimerEvent: {}
[36.737242] (booster_msgs) StdoutLine: {'line': b'[ 78%] \x1b[34m\x1b[1mGenerating Python code for ROS interfaces\x1b[0m\n'}
[36.804304] (-) TimerEvent: {}
[36.904927] (-) TimerEvent: {}
[37.006296] (-) TimerEvent: {}
[37.106857] (-) TimerEvent: {}
[37.137597] (vision_interface) StdoutLine: {'line': b'[ 14%] \x1b[32mBuilding CXX object CMakeFiles/vision_interface__rosidl_typesupport_fastrtps_cpp.dir/rosidl_typesupport_fastrtps_cpp/vision_interface/msg/detail/dds_fastrtps/line_segments__type_support.cpp.o\x1b[0m\n'}
[37.206997] (-) TimerEvent: {}
[37.307528] (-) TimerEvent: {}
[37.408077] (-) TimerEvent: {}
[37.508652] (-) TimerEvent: {}
[37.609187] (-) TimerEvent: {}
[37.710160] (-) TimerEvent: {}
[37.811524] (-) TimerEvent: {}
[37.911993] (-) TimerEvent: {}
[38.012593] (-) TimerEvent: {}
[38.113408] (-) TimerEvent: {}
[38.185193] (booster_interface) StdoutLine: {'line': b'[  7%] \x1b[32mBuilding CXX object CMakeFiles/booster_interface__rosidl_typesupport_introspection_cpp.dir/rosidl_typesupport_introspection_cpp/booster_interface/msg/detail/odometer__type_support.cpp.o\x1b[0m\n'}
[38.213536] (-) TimerEvent: {}
[38.314014] (-) TimerEvent: {}
[38.388245] (vision_interface) StdoutLine: {'line': b'[ 15%] \x1b[32mBuilding CXX object CMakeFiles/vision_interface__rosidl_typesupport_fastrtps_cpp.dir/rosidl_typesupport_fastrtps_cpp/vision_interface/msg/detail/dds_fastrtps/cal_param__type_support.cpp.o\x1b[0m\n'}
[38.414170] (-) TimerEvent: {}
[38.514779] (-) TimerEvent: {}
[38.584184] (booster_msgs) StdoutLine: {'line': b'[ 78%] Built target booster_msgs__py\n'}
[38.614943] (-) TimerEvent: {}
[38.715520] (-) TimerEvent: {}
[38.730944] (booster_msgs) StdoutLine: {'line': b'[ 80%] \x1b[32mBuilding C object CMakeFiles/booster_msgs__rosidl_generator_py.dir/rosidl_generator_py/booster_msgs/msg/_binary_data_s.c.o\x1b[0m\n'}
[38.815650] (-) TimerEvent: {}
[38.899061] (game_controller_interface) StdoutLine: {'line': b'[ 48%] \x1b[32mBuilding CXX object CMakeFiles/game_controller_interface__rosidl_typesupport_fastrtps_c.dir/rosidl_typesupport_fastrtps_c/game_controller_interface/msg/detail/game_control_data__type_support_c.cpp.o\x1b[0m\n'}
[38.915831] (-) TimerEvent: {}
[39.016415] (-) TimerEvent: {}
[39.117014] (-) TimerEvent: {}
[39.154613] (booster_msgs) StdoutLine: {'line': b'[ 82%] \x1b[32mBuilding C object CMakeFiles/booster_msgs__rosidl_generator_py.dir/rosidl_generator_py/booster_msgs/msg/_rpc_resp_msg_s.c.o\x1b[0m\n'}
[39.217326] (-) TimerEvent: {}
[39.319317] (-) TimerEvent: {}
[39.419907] (-) TimerEvent: {}
[39.521300] (-) TimerEvent: {}
[39.550868] (booster_interface) StdoutLine: {'line': b'[  7%] \x1b[32mBuilding CXX object CMakeFiles/booster_interface__rosidl_typesupport_introspection_cpp.dir/rosidl_typesupport_introspection_cpp/booster_interface/msg/detail/fall_down_state__type_support.cpp.o\x1b[0m\n'}
[39.585273] (booster_msgs) StdoutLine: {'line': b'[ 85%] \x1b[32mBuilding C object CMakeFiles/booster_msgs__rosidl_generator_py.dir/rosidl_generator_py/booster_msgs/msg/_rpc_req_msg_s.c.o\x1b[0m\n'}
[39.621443] (-) TimerEvent: {}
[39.722024] (-) TimerEvent: {}
[39.822673] (-) TimerEvent: {}
[39.924127] (-) TimerEvent: {}
[40.013386] (booster_msgs) StdoutLine: {'line': b'[ 87%] \x1b[32m\x1b[1mLinking C shared library rosidl_generator_py/booster_msgs/libbooster_msgs__rosidl_generator_py.so\x1b[0m\n'}
[40.024356] (-) TimerEvent: {}
[40.125457] (-) TimerEvent: {}
[40.191887] (booster_msgs) StdoutLine: {'line': b'[ 87%] Built target booster_msgs__rosidl_generator_py\n'}
[40.225579] (-) TimerEvent: {}
[40.234065] (game_controller_interface) StdoutLine: {'line': b'[ 51%] \x1b[32mBuilding CXX object CMakeFiles/game_controller_interface__rosidl_typesupport_fastrtps_c.dir/rosidl_typesupport_fastrtps_c/game_controller_interface/msg/detail/team_info__type_support_c.cpp.o\x1b[0m\n'}
[40.325738] (-) TimerEvent: {}
[40.327005] (booster_msgs) StdoutLine: {'line': b'[ 89%] \x1b[32mBuilding C object CMakeFiles/booster_msgs__rosidl_typesupport_fastrtps_c__pyext.dir/rosidl_generator_py/booster_msgs/_booster_msgs_s.ep.rosidl_typesupport_fastrtps_c.c.o\x1b[0m\n'}
[40.367006] (vision_interface) StdoutLine: {'line': b'[ 16%] \x1b[32mBuilding CXX object CMakeFiles/vision_interface__rosidl_typesupport_fastrtps_cpp.dir/rosidl_typesupport_fastrtps_cpp/vision_interface/msg/detail/dds_fastrtps/detections_track__type_support.cpp.o\x1b[0m\n'}
[40.425996] (-) TimerEvent: {}
[40.526516] (-) TimerEvent: {}
[40.627152] (-) TimerEvent: {}
[40.671784] (booster_msgs) StdoutLine: {'line': b'[ 91%] \x1b[32m\x1b[1mLinking C shared library rosidl_generator_py/booster_msgs/booster_msgs_s__rosidl_typesupport_fastrtps_c.cpython-310-aarch64-linux-gnu.so\x1b[0m\n'}
[40.727318] (-) TimerEvent: {}
[40.783983] (booster_msgs) StdoutLine: {'line': b'[ 91%] Built target booster_msgs__rosidl_typesupport_fastrtps_c__pyext\n'}
[40.827448] (-) TimerEvent: {}
[40.863254] (booster_interface) StdoutLine: {'line': b'[  8%] \x1b[32mBuilding CXX object CMakeFiles/booster_interface__rosidl_typesupport_introspection_cpp.dir/rosidl_typesupport_introspection_cpp/booster_interface/msg/detail/remote_controller_state__type_support.cpp.o\x1b[0m\n'}
[40.877683] (booster_msgs) StdoutLine: {'line': b'[ 93%] \x1b[32mBuilding C object CMakeFiles/booster_msgs__rosidl_typesupport_c__pyext.dir/rosidl_generator_py/booster_msgs/_booster_msgs_s.ep.rosidl_typesupport_c.c.o\x1b[0m\n'}
[40.927594] (-) TimerEvent: {}
[41.028139] (-) TimerEvent: {}
[41.129282] (-) TimerEvent: {}
[41.229822] (-) TimerEvent: {}
[41.292991] (booster_msgs) StdoutLine: {'line': b'[ 95%] \x1b[32m\x1b[1mLinking C shared library rosidl_generator_py/booster_msgs/booster_msgs_s__rosidl_typesupport_c.cpython-310-aarch64-linux-gnu.so\x1b[0m\n'}
[41.329957] (-) TimerEvent: {}
[41.430482] (-) TimerEvent: {}
[41.455539] (booster_msgs) StdoutLine: {'line': b'[ 95%] Built target booster_msgs__rosidl_typesupport_c__pyext\n'}
[41.530637] (-) TimerEvent: {}
[41.577968] (booster_msgs) StdoutLine: {'line': b'[ 97%] \x1b[32mBuilding C object CMakeFiles/booster_msgs__rosidl_typesupport_introspection_c__pyext.dir/rosidl_generator_py/booster_msgs/_booster_msgs_s.ep.rosidl_typesupport_introspection_c.c.o\x1b[0m\n'}
[41.587642] (game_controller_interface) StdoutLine: {'line': b'[ 53%] \x1b[32mBuilding CXX object CMakeFiles/game_controller_interface__rosidl_typesupport_fastrtps_c.dir/rosidl_typesupport_fastrtps_c/game_controller_interface/msg/detail/robot_info__type_support_c.cpp.o\x1b[0m\n'}
[41.630782] (-) TimerEvent: {}
[41.731323] (-) TimerEvent: {}
[41.831833] (-) TimerEvent: {}
[41.933040] (-) TimerEvent: {}
[41.939237] (vision_interface) StdoutLine: {'line': b'[ 17%] \x1b[32mBuilding CXX object CMakeFiles/vision_interface__rosidl_typesupport_fastrtps_cpp.dir/rosidl_typesupport_fastrtps_cpp/vision_interface/msg/detail/dds_fastrtps/segmentation_point__type_support.cpp.o\x1b[0m\n'}
[42.033217] (-) TimerEvent: {}
[42.133839] (-) TimerEvent: {}
[42.168420] (booster_msgs) StdoutLine: {'line': b'[100%] \x1b[32m\x1b[1mLinking C shared library rosidl_generator_py/booster_msgs/booster_msgs_s__rosidl_typesupport_introspection_c.cpython-310-aarch64-linux-gnu.so\x1b[0m\n'}
[42.230655] (booster_interface) StdoutLine: {'line': b'[  9%] \x1b[32mBuilding CXX object CMakeFiles/booster_interface__rosidl_typesupport_introspection_cpp.dir/rosidl_typesupport_introspection_cpp/booster_interface/msg/detail/hand_command__type_support.cpp.o\x1b[0m\n'}
[42.234040] (-) TimerEvent: {}
[42.308482] (booster_msgs) StdoutLine: {'line': b'[100%] Built target booster_msgs__rosidl_typesupport_introspection_c__pyext\n'}
[42.334444] (-) TimerEvent: {}
[42.379530] (booster_msgs) CommandEnded: {'returncode': 0}
[42.380574] (booster_msgs) JobProgress: {'identifier': 'booster_msgs', 'progress': 'install'}
[42.431762] (booster_msgs) Command: {'cmd': ['/usr/bin/cmake', '--install', '/home/booster/Workspace/Booster_T1_3v3_Demo/src/build/booster_msgs'], 'cwd': '/home/booster/Workspace/Booster_T1_3v3_Demo/src/build/booster_msgs', 'env': OrderedDict([('LESSOPEN', '| /usr/bin/lesspipe %s'), ('USER', 'booster'), ('SSH_CLIENT', '10.10.144.134 51037 22'), ('XDG_SESSION_TYPE', 'tty'), ('GIT_ASKPASS', '/home/booster/.cursor-server/bin/25412918da7e74b2686b25d62da1f01cfcd27680/extensions/git/dist/askpass.sh'), ('SHLVL', '1'), ('LD_LIBRARY_PATH', '/opt/ros/humble/opt/rviz_ogre_vendor/lib:/opt/ros/humble/lib/aarch64-linux-gnu:/opt/ros/humble/lib:/usr/local/cuda/lib64:'), ('BROWSER', '/home/booster/.cursor-server/bin/25412918da7e74b2686b25d62da1f01cfcd27680/bin/helpers/browser.sh'), ('MOTD_SHOWN', 'pam'), ('HOME', '/home/booster'), ('OLDPWD', '/home/booster/Workspace/Booster_T1_3v3_Demo'), ('TERM_PROGRAM_VERSION', '2.0.64'), ('VSCODE_IPC_HOOK_CLI', '/run/user/1000/vscode-ipc-f7ed2610-5b6c-48c9-89fc-6c8784f58529.sock'), ('JETSON_L4T', '36.4.3'), ('ROS_PYTHON_VERSION', '3'), ('JETSON_MODEL', 'Booster T1 AGX Orin V2.1'), ('VSCODE_GIT_ASKPASS_MAIN', '/home/booster/.cursor-server/bin/25412918da7e74b2686b25d62da1f01cfcd27680/extensions/git/dist/askpass-main.js'), ('VSCODE_GIT_ASKPASS_NODE', '/home/booster/.cursor-server/bin/25412918da7e74b2686b25d62da1f01cfcd27680/node'), ('DBUS_SESSION_BUS_ADDRESS', 'unix:path=/run/user/1000/bus'), ('COLORTERM', 'truecolor'), ('ROS_DISTRO', 'humble'), ('LOGNAME', 'booster'), ('JETSON_MODULE', 'NVIDIA Jetson AGX Orin (32GB ram)'), ('JETSON_SERIAL_NUMBER', '1421225046990'), ('_', '/usr/bin/colcon'), ('ROS_VERSION', '2'), ('XDG_SESSION_CLASS', 'user'), ('TERM', 'xterm-256color'), ('XDG_SESSION_ID', '7'), ('ROS_LOCALHOST_ONLY', '0'), ('PATH', '/opt/ros/humble/bin:/usr/local/cuda/bin:/usr/local/sbin:/usr/local/bin:/usr/sbin:/usr/bin:/sbin:/bin:/snap/bin'), ('FASTRTPS_DEFAULT_PROFILES_FILE', '/opt/booster/BoosterRos2/fastdds_profile.xml'), ('CUDA_ROOT', '/usr/local/cuda'), ('XDG_RUNTIME_DIR', '/run/user/1000'), ('LANG', 'en_US.UTF-8'), ('LS_COLORS', 'rs=0:di=01;34:ln=01;36:mh=00:pi=40;33:so=01;35:do=01;35:bd=40;33;01:cd=40;33;01:or=40;31;01:mi=00:su=37;41:sg=30;43:ca=30;41:tw=30;42:ow=34;42:st=37;44:ex=01;32:*.tar=01;31:*.tgz=01;31:*.arc=01;31:*.arj=01;31:*.taz=01;31:*.lha=01;31:*.lz4=01;31:*.lzh=01;31:*.lzma=01;31:*.tlz=01;31:*.txz=01;31:*.tzo=01;31:*.t7z=01;31:*.zip=01;31:*.z=01;31:*.dz=01;31:*.gz=01;31:*.lrz=01;31:*.lz=01;31:*.lzo=01;31:*.xz=01;31:*.zst=01;31:*.tzst=01;31:*.bz2=01;31:*.bz=01;31:*.tbz=01;31:*.tbz2=01;31:*.tz=01;31:*.deb=01;31:*.rpm=01;31:*.jar=01;31:*.war=01;31:*.ear=01;31:*.sar=01;31:*.rar=01;31:*.alz=01;31:*.ace=01;31:*.zoo=01;31:*.cpio=01;31:*.7z=01;31:*.rz=01;31:*.cab=01;31:*.wim=01;31:*.swm=01;31:*.dwm=01;31:*.esd=01;31:*.jpg=01;35:*.jpeg=01;35:*.mjpg=01;35:*.mjpeg=01;35:*.gif=01;35:*.bmp=01;35:*.pbm=01;35:*.pgm=01;35:*.ppm=01;35:*.tga=01;35:*.xbm=01;35:*.xpm=01;35:*.tif=01;35:*.tiff=01;35:*.png=01;35:*.svg=01;35:*.svgz=01;35:*.mng=01;35:*.pcx=01;35:*.mov=01;35:*.mpg=01;35:*.mpeg=01;35:*.m2v=01;35:*.mkv=01;35:*.webm=01;35:*.webp=01;35:*.ogm=01;35:*.mp4=01;35:*.m4v=01;35:*.mp4v=01;35:*.vob=01;35:*.qt=01;35:*.nuv=01;35:*.wmv=01;35:*.asf=01;35:*.rm=01;35:*.rmvb=01;35:*.flc=01;35:*.avi=01;35:*.fli=01;35:*.flv=01;35:*.gl=01;35:*.dl=01;35:*.xcf=01;35:*.xwd=01;35:*.yuv=01;35:*.cgm=01;35:*.emf=01;35:*.ogv=01;35:*.ogx=01;35:*.aac=00;36:*.au=00;36:*.flac=00;36:*.m4a=00;36:*.mid=00;36:*.midi=00;36:*.mka=00;36:*.mp3=00;36:*.mpc=00;36:*.ogg=00;36:*.ra=00;36:*.wav=00;36:*.oga=00;36:*.opus=00;36:*.spx=00;36:*.xspf=00;36:'), ('JETSON_SOC', 'tegra234'), ('VSCODE_GIT_IPC_HANDLE', '/run/user/1000/vscode-git-d36fc8e34d.sock'), ('TERM_PROGRAM', 'vscode'), ('AMENT_PREFIX_PATH', '/opt/ros/humble'), ('SHELL', '/bin/bash'), ('LESSCLOSE', '/usr/bin/lesspipe %s %s'), ('VSCODE_GIT_ASKPASS_EXTRA_ARGS', ''), ('JETSON_CUDA_ARCH_BIN', '8.7'), ('PWD', '/home/booster/Workspace/Booster_T1_3v3_Demo/src/build/booster_msgs'), ('SSH_CONNECTION', '10.10.144.134 51037 10.10.144.147 22'), ('XDG_DATA_DIRS', '/usr/share/gnome:/usr/local/share:/usr/share:/var/lib/snapd/desktop'), ('PYTHONPATH', '/opt/ros/humble/lib/python3.10/site-packages:/opt/ros/humble/local/lib/python3.10/dist-packages'), ('COLCON', '1'), ('JETSON_JETPACK', '6.2'), ('JETSON_P_NUMBER', 'p3701-0004'), ('CMAKE_PREFIX_PATH', '/opt/ros/humble')]), 'shell': False}
[42.434571] (-) TimerEvent: {}
[42.452223] (booster_msgs) StdoutLine: {'line': b'-- Install configuration: ""\n'}
[42.452919] (booster_msgs) StdoutLine: {'line': b'-- Installing: /home/booster/Workspace/Booster_T1_3v3_Demo/src/install/booster_msgs/share/ament_index/resource_index/rosidl_interfaces/booster_msgs\n'}
[42.453223] (booster_msgs) StdoutLine: {'line': b'-- Installing: /home/booster/Workspace/Booster_T1_3v3_Demo/src/install/booster_msgs/include/booster_msgs/booster_msgs\n'}
[42.453495] (booster_msgs) StdoutLine: {'line': b'-- Installing: /home/booster/Workspace/Booster_T1_3v3_Demo/src/install/booster_msgs/include/booster_msgs/booster_msgs/msg\n'}
[42.453660] (booster_msgs) StdoutLine: {'line': b'-- Installing: /home/booster/Workspace/Booster_T1_3v3_Demo/src/install/booster_msgs/include/booster_msgs/booster_msgs/msg/rosidl_generator_c__visibility_control.h\n'}
[42.453899] (booster_msgs) StdoutLine: {'line': b'-- Installing: /home/booster/Workspace/Booster_T1_3v3_Demo/src/install/booster_msgs/include/booster_msgs/booster_msgs/msg/detail\n'}
[42.454005] (booster_msgs) StdoutLine: {'line': b'-- Installing: /home/booster/Workspace/Booster_T1_3v3_Demo/src/install/booster_msgs/include/booster_msgs/booster_msgs/msg/detail/binary_data__functions.c\n'}
[42.454197] (booster_msgs) StdoutLine: {'line': b'-- Installing: /home/booster/Workspace/Booster_T1_3v3_Demo/src/install/booster_msgs/include/booster_msgs/booster_msgs/msg/detail/rpc_req_msg__type_support.h\n'}
[42.454395] (booster_msgs) StdoutLine: {'line': b'-- Installing: /home/booster/Workspace/Booster_T1_3v3_Demo/src/install/booster_msgs/include/booster_msgs/booster_msgs/msg/detail/rpc_resp_msg__type_support.h\n'}
[42.454504] (booster_msgs) StdoutLine: {'line': b'-- Installing: /home/booster/Workspace/Booster_T1_3v3_Demo/src/install/booster_msgs/include/booster_msgs/booster_msgs/msg/detail/rpc_resp_msg__struct.h\n'}
[42.454672] (booster_msgs) StdoutLine: {'line': b'-- Installing: /home/booster/Workspace/Booster_T1_3v3_Demo/src/install/booster_msgs/include/booster_msgs/booster_msgs/msg/detail/binary_data__type_support.h\n'}
[42.454789] (booster_msgs) StdoutLine: {'line': b'-- Installing: /home/booster/Workspace/Booster_T1_3v3_Demo/src/install/booster_msgs/include/booster_msgs/booster_msgs/msg/detail/binary_data__struct.h\n'}
[42.454882] (booster_msgs) StdoutLine: {'line': b'-- Installing: /home/booster/Workspace/Booster_T1_3v3_Demo/src/install/booster_msgs/include/booster_msgs/booster_msgs/msg/detail/rpc_req_msg__functions.h\n'}
[42.455194] (booster_msgs) StdoutLine: {'line': b'-- Installing: /home/booster/Workspace/Booster_T1_3v3_Demo/src/install/booster_msgs/include/booster_msgs/booster_msgs/msg/detail/rpc_resp_msg__functions.h\n'}
[42.455339] (booster_msgs) StdoutLine: {'line': b'-- Installing: /home/booster/Workspace/Booster_T1_3v3_Demo/src/install/booster_msgs/include/booster_msgs/booster_msgs/msg/detail/rpc_req_msg__functions.c\n'}
[42.455577] (booster_msgs) StdoutLine: {'line': b'-- Installing: /home/booster/Workspace/Booster_T1_3v3_Demo/src/install/booster_msgs/include/booster_msgs/booster_msgs/msg/detail/binary_data__functions.h\n'}
[42.455776] (booster_msgs) StdoutLine: {'line': b'-- Installing: /home/booster/Workspace/Booster_T1_3v3_Demo/src/install/booster_msgs/include/booster_msgs/booster_msgs/msg/detail/rpc_req_msg__struct.h\n'}
[42.455967] (booster_msgs) StdoutLine: {'line': b'-- Installing: /home/booster/Workspace/Booster_T1_3v3_Demo/src/install/booster_msgs/include/booster_msgs/booster_msgs/msg/detail/rpc_resp_msg__functions.c\n'}
[42.461416] (booster_msgs) StdoutLine: {'line': b'-- Installing: /home/booster/Workspace/Booster_T1_3v3_Demo/src/install/booster_msgs/include/booster_msgs/booster_msgs/msg/binary_data.h\n'}
[42.461903] (booster_msgs) StdoutLine: {'line': b'-- Installing: /home/booster/Workspace/Booster_T1_3v3_Demo/src/install/booster_msgs/include/booster_msgs/booster_msgs/msg/rpc_resp_msg.h\n'}
[42.462062] (booster_msgs) StdoutLine: {'line': b'-- Installing: /home/booster/Workspace/Booster_T1_3v3_Demo/src/install/booster_msgs/include/booster_msgs/booster_msgs/msg/rpc_req_msg.h\n'}
[42.462955] (booster_msgs) StdoutLine: {'line': b'-- Installing: /home/booster/Workspace/Booster_T1_3v3_Demo/src/install/booster_msgs/share/booster_msgs/environment/library_path.sh\n'}
[42.463138] (booster_msgs) StdoutLine: {'line': b'-- Installing: /home/booster/Workspace/Booster_T1_3v3_Demo/src/install/booster_msgs/share/booster_msgs/environment/library_path.dsv\n'}
[42.463242] (booster_msgs) StdoutLine: {'line': b'-- Installing: /home/booster/Workspace/Booster_T1_3v3_Demo/src/install/booster_msgs/lib/libbooster_msgs__rosidl_generator_c.so\n'}
[42.464579] (booster_msgs) StdoutLine: {'line': b'-- Set runtime path of "/home/booster/Workspace/Booster_T1_3v3_Demo/src/install/booster_msgs/lib/libbooster_msgs__rosidl_generator_c.so" to ""\n'}
[42.465399] (booster_msgs) StdoutLine: {'line': b'-- Up-to-date: /home/booster/Workspace/Booster_T1_3v3_Demo/src/install/booster_msgs/include/booster_msgs/booster_msgs\n'}
[42.465584] (booster_msgs) StdoutLine: {'line': b'-- Up-to-date: /home/booster/Workspace/Booster_T1_3v3_Demo/src/install/booster_msgs/include/booster_msgs/booster_msgs/msg\n'}
[42.465690] (booster_msgs) StdoutLine: {'line': b'-- Up-to-date: /home/booster/Workspace/Booster_T1_3v3_Demo/src/install/booster_msgs/include/booster_msgs/booster_msgs/msg/detail\n'}
[42.467182] (booster_msgs) StdoutLine: {'line': b'-- Installing: /home/booster/Workspace/Booster_T1_3v3_Demo/src/install/booster_msgs/include/booster_msgs/booster_msgs/msg/detail/binary_data__rosidl_typesupport_fastrtps_c.h\n'}
[42.467315] (booster_msgs) StdoutLine: {'line': b'-- Installing: /home/booster/Workspace/Booster_T1_3v3_Demo/src/install/booster_msgs/include/booster_msgs/booster_msgs/msg/detail/rpc_req_msg__rosidl_typesupport_fastrtps_c.h\n'}
[42.467410] (booster_msgs) StdoutLine: {'line': b'-- Installing: /home/booster/Workspace/Booster_T1_3v3_Demo/src/install/booster_msgs/include/booster_msgs/booster_msgs/msg/detail/rpc_resp_msg__rosidl_typesupport_fastrtps_c.h\n'}
[42.467500] (booster_msgs) StdoutLine: {'line': b'-- Installing: /home/booster/Workspace/Booster_T1_3v3_Demo/src/install/booster_msgs/include/booster_msgs/booster_msgs/msg/rosidl_typesupport_fastrtps_c__visibility_control.h\n'}
[42.467586] (booster_msgs) StdoutLine: {'line': b'-- Installing: /home/booster/Workspace/Booster_T1_3v3_Demo/src/install/booster_msgs/lib/libbooster_msgs__rosidl_typesupport_fastrtps_c.so\n'}
[42.467675] (booster_msgs) StdoutLine: {'line': b'-- Set runtime path of "/home/booster/Workspace/Booster_T1_3v3_Demo/src/install/booster_msgs/lib/libbooster_msgs__rosidl_typesupport_fastrtps_c.so" to ""\n'}
[42.470461] (booster_msgs) StdoutLine: {'line': b'-- Up-to-date: /home/booster/Workspace/Booster_T1_3v3_Demo/src/install/booster_msgs/include/booster_msgs/booster_msgs\n'}
[42.471141] (booster_msgs) StdoutLine: {'line': b'-- Up-to-date: /home/booster/Workspace/Booster_T1_3v3_Demo/src/install/booster_msgs/include/booster_msgs/booster_msgs/msg\n'}
[42.471265] (booster_msgs) StdoutLine: {'line': b'-- Up-to-date: /home/booster/Workspace/Booster_T1_3v3_Demo/src/install/booster_msgs/include/booster_msgs/booster_msgs/msg/detail\n'}
[42.471363] (booster_msgs) StdoutLine: {'line': b'-- Installing: /home/booster/Workspace/Booster_T1_3v3_Demo/src/install/booster_msgs/include/booster_msgs/booster_msgs/msg/detail/rpc_req_msg__rosidl_typesupport_introspection_c.h\n'}
[42.471456] (booster_msgs) StdoutLine: {'line': b'-- Installing: /home/booster/Workspace/Booster_T1_3v3_Demo/src/install/booster_msgs/include/booster_msgs/booster_msgs/msg/detail/binary_data__rosidl_typesupport_introspection_c.h\n'}
[42.471542] (booster_msgs) StdoutLine: {'line': b'-- Installing: /home/booster/Workspace/Booster_T1_3v3_Demo/src/install/booster_msgs/include/booster_msgs/booster_msgs/msg/detail/rpc_resp_msg__type_support.c\n'}
[42.471629] (booster_msgs) StdoutLine: {'line': b'-- Installing: /home/booster/Workspace/Booster_T1_3v3_Demo/src/install/booster_msgs/include/booster_msgs/booster_msgs/msg/detail/rpc_req_msg__type_support.c\n'}
[42.473682] (booster_msgs) StdoutLine: {'line': b'-- Installing: /home/booster/Workspace/Booster_T1_3v3_Demo/src/install/booster_msgs/include/booster_msgs/booster_msgs/msg/detail/binary_data__type_support.c\n'}
[42.474162] (booster_msgs) StdoutLine: {'line': b'-- Installing: /home/booster/Workspace/Booster_T1_3v3_Demo/src/install/booster_msgs/include/booster_msgs/booster_msgs/msg/detail/rpc_resp_msg__rosidl_typesupport_introspection_c.h\n'}
[42.475256] (booster_msgs) StdoutLine: {'line': b'-- Installing: /home/booster/Workspace/Booster_T1_3v3_Demo/src/install/booster_msgs/include/booster_msgs/booster_msgs/msg/rosidl_typesupport_introspection_c__visibility_control.h\n'}
[42.475526] (booster_msgs) StdoutLine: {'line': b'-- Installing: /home/booster/Workspace/Booster_T1_3v3_Demo/src/install/booster_msgs/lib/libbooster_msgs__rosidl_typesupport_introspection_c.so\n'}
[42.475645] (booster_msgs) StdoutLine: {'line': b'-- Set runtime path of "/home/booster/Workspace/Booster_T1_3v3_Demo/src/install/booster_msgs/lib/libbooster_msgs__rosidl_typesupport_introspection_c.so" to ""\n'}
[42.477774] (booster_msgs) StdoutLine: {'line': b'-- Installing: /home/booster/Workspace/Booster_T1_3v3_Demo/src/install/booster_msgs/lib/libbooster_msgs__rosidl_typesupport_c.so\n'}
[42.479448] (booster_msgs) StdoutLine: {'line': b'-- Set runtime path of "/home/booster/Workspace/Booster_T1_3v3_Demo/src/install/booster_msgs/lib/libbooster_msgs__rosidl_typesupport_c.so" to ""\n'}
[42.481258] (booster_msgs) StdoutLine: {'line': b'-- Up-to-date: /home/booster/Workspace/Booster_T1_3v3_Demo/src/install/booster_msgs/include/booster_msgs/booster_msgs\n'}
[42.481570] (booster_msgs) StdoutLine: {'line': b'-- Up-to-date: /home/booster/Workspace/Booster_T1_3v3_Demo/src/install/booster_msgs/include/booster_msgs/booster_msgs/msg\n'}
[42.481676] (booster_msgs) StdoutLine: {'line': b'-- Up-to-date: /home/booster/Workspace/Booster_T1_3v3_Demo/src/install/booster_msgs/include/booster_msgs/booster_msgs/msg/detail\n'}
[42.483174] (booster_msgs) StdoutLine: {'line': b'-- Installing: /home/booster/Workspace/Booster_T1_3v3_Demo/src/install/booster_msgs/include/booster_msgs/booster_msgs/msg/detail/rpc_resp_msg__type_support.hpp\n'}
[42.483374] (booster_msgs) StdoutLine: {'line': b'-- Installing: /home/booster/Workspace/Booster_T1_3v3_Demo/src/install/booster_msgs/include/booster_msgs/booster_msgs/msg/detail/rpc_req_msg__builder.hpp\n'}
[42.483505] (booster_msgs) StdoutLine: {'line': b'-- Installing: /home/booster/Workspace/Booster_T1_3v3_Demo/src/install/booster_msgs/include/booster_msgs/booster_msgs/msg/detail/binary_data__traits.hpp\n'}
[42.483601] (booster_msgs) StdoutLine: {'line': b'-- Installing: /home/booster/Workspace/Booster_T1_3v3_Demo/src/install/booster_msgs/include/booster_msgs/booster_msgs/msg/detail/rpc_req_msg__type_support.hpp\n'}
[42.483690] (booster_msgs) StdoutLine: {'line': b'-- Installing: /home/booster/Workspace/Booster_T1_3v3_Demo/src/install/booster_msgs/include/booster_msgs/booster_msgs/msg/detail/binary_data__builder.hpp\n'}
[42.485598] (booster_msgs) StdoutLine: {'line': b'-- Installing: /home/booster/Workspace/Booster_T1_3v3_Demo/src/install/booster_msgs/include/booster_msgs/booster_msgs/msg/detail/rpc_req_msg__struct.hpp\n'}
[42.486833] (booster_msgs) StdoutLine: {'line': b'-- Installing: /home/booster/Workspace/Booster_T1_3v3_Demo/src/install/booster_msgs/include/booster_msgs/booster_msgs/msg/detail/binary_data__struct.hpp\n'}
[42.488510] (booster_msgs) StdoutLine: {'line': b'-- Installing: /home/booster/Workspace/Booster_T1_3v3_Demo/src/install/booster_msgs/include/booster_msgs/booster_msgs/msg/detail/rpc_resp_msg__builder.hpp\n'}
[42.489691] (booster_msgs) StdoutLine: {'line': b'-- Installing: /home/booster/Workspace/Booster_T1_3v3_Demo/src/install/booster_msgs/include/booster_msgs/booster_msgs/msg/detail/rpc_resp_msg__traits.hpp\n'}
[42.491626] (booster_msgs) StdoutLine: {'line': b'-- Installing: /home/booster/Workspace/Booster_T1_3v3_Demo/src/install/booster_msgs/include/booster_msgs/booster_msgs/msg/detail/binary_data__type_support.hpp\n'}
[42.493079] (booster_msgs) StdoutLine: {'line': b'-- Installing: /home/booster/Workspace/Booster_T1_3v3_Demo/src/install/booster_msgs/include/booster_msgs/booster_msgs/msg/detail/rpc_req_msg__traits.hpp\n'}
[42.494194] (booster_msgs) StdoutLine: {'line': b'-- Installing: /home/booster/Workspace/Booster_T1_3v3_Demo/src/install/booster_msgs/include/booster_msgs/booster_msgs/msg/detail/rpc_resp_msg__struct.hpp\n'}
[42.495243] (booster_msgs) StdoutLine: {'line': b'-- Installing: /home/booster/Workspace/Booster_T1_3v3_Demo/src/install/booster_msgs/include/booster_msgs/booster_msgs/msg/binary_data.hpp\n'}
[42.496371] (booster_msgs) StdoutLine: {'line': b'-- Installing: /home/booster/Workspace/Booster_T1_3v3_Demo/src/install/booster_msgs/include/booster_msgs/booster_msgs/msg/rpc_req_msg.hpp\n'}
[42.496716] (booster_msgs) StdoutLine: {'line': b'-- Installing: /home/booster/Workspace/Booster_T1_3v3_Demo/src/install/booster_msgs/include/booster_msgs/booster_msgs/msg/rosidl_generator_cpp__visibility_control.hpp\n'}
[42.497546] (booster_msgs) StdoutLine: {'line': b'-- Installing: /home/booster/Workspace/Booster_T1_3v3_Demo/src/install/booster_msgs/include/booster_msgs/booster_msgs/msg/rpc_resp_msg.hpp\n'}
[42.497680] (booster_msgs) StdoutLine: {'line': b'-- Up-to-date: /home/booster/Workspace/Booster_T1_3v3_Demo/src/install/booster_msgs/include/booster_msgs/booster_msgs\n'}
[42.497779] (booster_msgs) StdoutLine: {'line': b'-- Up-to-date: /home/booster/Workspace/Booster_T1_3v3_Demo/src/install/booster_msgs/include/booster_msgs/booster_msgs/msg\n'}
[42.499312] (booster_msgs) StdoutLine: {'line': b'-- Up-to-date: /home/booster/Workspace/Booster_T1_3v3_Demo/src/install/booster_msgs/include/booster_msgs/booster_msgs/msg/detail\n'}
[42.499457] (booster_msgs) StdoutLine: {'line': b'-- Installing: /home/booster/Workspace/Booster_T1_3v3_Demo/src/install/booster_msgs/include/booster_msgs/booster_msgs/msg/detail/rpc_resp_msg__rosidl_typesupport_fastrtps_cpp.hpp\n'}
[42.499556] (booster_msgs) StdoutLine: {'line': b'-- Installing: /home/booster/Workspace/Booster_T1_3v3_Demo/src/install/booster_msgs/include/booster_msgs/booster_msgs/msg/detail/binary_data__rosidl_typesupport_fastrtps_cpp.hpp\n'}
[42.499687] (booster_msgs) StdoutLine: {'line': b'-- Installing: /home/booster/Workspace/Booster_T1_3v3_Demo/src/install/booster_msgs/include/booster_msgs/booster_msgs/msg/detail/dds_fastrtps\n'}
[42.499777] (booster_msgs) StdoutLine: {'line': b'-- Installing: /home/booster/Workspace/Booster_T1_3v3_Demo/src/install/booster_msgs/include/booster_msgs/booster_msgs/msg/detail/rpc_req_msg__rosidl_typesupport_fastrtps_cpp.hpp\n'}
[42.501610] (booster_msgs) StdoutLine: {'line': b'-- Installing: /home/booster/Workspace/Booster_T1_3v3_Demo/src/install/booster_msgs/include/booster_msgs/booster_msgs/msg/rosidl_typesupport_fastrtps_cpp__visibility_control.h\n'}
[42.501741] (booster_msgs) StdoutLine: {'line': b'-- Installing: /home/booster/Workspace/Booster_T1_3v3_Demo/src/install/booster_msgs/lib/libbooster_msgs__rosidl_typesupport_fastrtps_cpp.so\n'}
[42.503278] (booster_msgs) StdoutLine: {'line': b'-- Set runtime path of "/home/booster/Workspace/Booster_T1_3v3_Demo/src/install/booster_msgs/lib/libbooster_msgs__rosidl_typesupport_fastrtps_cpp.so" to ""\n'}
[42.503569] (booster_msgs) StdoutLine: {'line': b'-- Up-to-date: /home/booster/Workspace/Booster_T1_3v3_Demo/src/install/booster_msgs/include/booster_msgs/booster_msgs\n'}
[42.503674] (booster_msgs) StdoutLine: {'line': b'-- Up-to-date: /home/booster/Workspace/Booster_T1_3v3_Demo/src/install/booster_msgs/include/booster_msgs/booster_msgs/msg\n'}
[42.505422] (booster_msgs) StdoutLine: {'line': b'-- Up-to-date: /home/booster/Workspace/Booster_T1_3v3_Demo/src/install/booster_msgs/include/booster_msgs/booster_msgs/msg/detail\n'}
[42.506968] (booster_msgs) StdoutLine: {'line': b'-- Installing: /home/booster/Workspace/Booster_T1_3v3_Demo/src/install/booster_msgs/include/booster_msgs/booster_msgs/msg/detail/rpc_req_msg__type_support.cpp\n'}
[42.507293] (booster_msgs) StdoutLine: {'line': b'-- Installing: /home/booster/Workspace/Booster_T1_3v3_Demo/src/install/booster_msgs/include/booster_msgs/booster_msgs/msg/detail/rpc_req_msg__rosidl_typesupport_introspection_cpp.hpp\n'}
[42.507404] (booster_msgs) StdoutLine: {'line': b'-- Installing: /home/booster/Workspace/Booster_T1_3v3_Demo/src/install/booster_msgs/include/booster_msgs/booster_msgs/msg/detail/binary_data__rosidl_typesupport_introspection_cpp.hpp\n'}
[42.507496] (booster_msgs) StdoutLine: {'line': b'-- Installing: /home/booster/Workspace/Booster_T1_3v3_Demo/src/install/booster_msgs/include/booster_msgs/booster_msgs/msg/detail/binary_data__type_support.cpp\n'}
[42.507618] (booster_msgs) StdoutLine: {'line': b'-- Installing: /home/booster/Workspace/Booster_T1_3v3_Demo/src/install/booster_msgs/include/booster_msgs/booster_msgs/msg/detail/rpc_resp_msg__rosidl_typesupport_introspection_cpp.hpp\n'}
[42.507705] (booster_msgs) StdoutLine: {'line': b'-- Installing: /home/booster/Workspace/Booster_T1_3v3_Demo/src/install/booster_msgs/include/booster_msgs/booster_msgs/msg/detail/rpc_resp_msg__type_support.cpp\n'}
[42.507790] (booster_msgs) StdoutLine: {'line': b'-- Installing: /home/booster/Workspace/Booster_T1_3v3_Demo/src/install/booster_msgs/lib/libbooster_msgs__rosidl_typesupport_introspection_cpp.so\n'}
[42.510321] (booster_msgs) StdoutLine: {'line': b'-- Set runtime path of "/home/booster/Workspace/Booster_T1_3v3_Demo/src/install/booster_msgs/lib/libbooster_msgs__rosidl_typesupport_introspection_cpp.so" to ""\n'}
[42.512047] (booster_msgs) StdoutLine: {'line': b'-- Installing: /home/booster/Workspace/Booster_T1_3v3_Demo/src/install/booster_msgs/lib/libbooster_msgs__rosidl_typesupport_cpp.so\n'}
[42.512344] (booster_msgs) StdoutLine: {'line': b'-- Set runtime path of "/home/booster/Workspace/Booster_T1_3v3_Demo/src/install/booster_msgs/lib/libbooster_msgs__rosidl_typesupport_cpp.so" to ""\n'}
[42.512469] (booster_msgs) StdoutLine: {'line': b'-- Installing: /home/booster/Workspace/Booster_T1_3v3_Demo/src/install/booster_msgs/share/booster_msgs/environment/pythonpath.sh\n'}
[42.513601] (booster_msgs) StdoutLine: {'line': b'-- Installing: /home/booster/Workspace/Booster_T1_3v3_Demo/src/install/booster_msgs/share/booster_msgs/environment/pythonpath.dsv\n'}
[42.514055] (booster_msgs) StdoutLine: {'line': b'-- Installing: /home/booster/Workspace/Booster_T1_3v3_Demo/src/install/booster_msgs/local/lib/python3.10/dist-packages/booster_msgs-0.0.0-py3.10.egg-info\n'}
[42.514243] (booster_msgs) StdoutLine: {'line': b'-- Installing: /home/booster/Workspace/Booster_T1_3v3_Demo/src/install/booster_msgs/local/lib/python3.10/dist-packages/booster_msgs-0.0.0-py3.10.egg-info/dependency_links.txt\n'}
[42.514358] (booster_msgs) StdoutLine: {'line': b'-- Installing: /home/booster/Workspace/Booster_T1_3v3_Demo/src/install/booster_msgs/local/lib/python3.10/dist-packages/booster_msgs-0.0.0-py3.10.egg-info/PKG-INFO\n'}
[42.514453] (booster_msgs) StdoutLine: {'line': b'-- Installing: /home/booster/Workspace/Booster_T1_3v3_Demo/src/install/booster_msgs/local/lib/python3.10/dist-packages/booster_msgs-0.0.0-py3.10.egg-info/top_level.txt\n'}
[42.514542] (booster_msgs) StdoutLine: {'line': b'-- Installing: /home/booster/Workspace/Booster_T1_3v3_Demo/src/install/booster_msgs/local/lib/python3.10/dist-packages/booster_msgs-0.0.0-py3.10.egg-info/SOURCES.txt\n'}
[42.514628] (booster_msgs) StdoutLine: {'line': b'-- Installing: /home/booster/Workspace/Booster_T1_3v3_Demo/src/install/booster_msgs/local/lib/python3.10/dist-packages/booster_msgs\n'}
[42.514723] (booster_msgs) StdoutLine: {'line': b'-- Installing: /home/booster/Workspace/Booster_T1_3v3_Demo/src/install/booster_msgs/local/lib/python3.10/dist-packages/booster_msgs/__init__.py\n'}
[42.514869] (booster_msgs) StdoutLine: {'line': b'-- Installing: /home/booster/Workspace/Booster_T1_3v3_Demo/src/install/booster_msgs/local/lib/python3.10/dist-packages/booster_msgs/_booster_msgs_s.ep.rosidl_typesupport_introspection_c.c\n'}
[42.514960] (booster_msgs) StdoutLine: {'line': b'-- Installing: /home/booster/Workspace/Booster_T1_3v3_Demo/src/install/booster_msgs/local/lib/python3.10/dist-packages/booster_msgs/msg\n'}
[42.517284] (booster_msgs) StdoutLine: {'line': b'-- Installing: /home/booster/Workspace/Booster_T1_3v3_Demo/src/install/booster_msgs/local/lib/python3.10/dist-packages/booster_msgs/msg/__init__.py\n'}
[42.517629] (booster_msgs) StdoutLine: {'line': b'-- Installing: /home/booster/Workspace/Booster_T1_3v3_Demo/src/install/booster_msgs/local/lib/python3.10/dist-packages/booster_msgs/msg/_rpc_resp_msg_s.c\n'}
[42.518298] (booster_msgs) StdoutLine: {'line': b'-- Installing: /home/booster/Workspace/Booster_T1_3v3_Demo/src/install/booster_msgs/local/lib/python3.10/dist-packages/booster_msgs/msg/_binary_data_s.c\n'}
[42.521281] (booster_msgs) StdoutLine: {'line': b'-- Installing: /home/booster/Workspace/Booster_T1_3v3_Demo/src/install/booster_msgs/local/lib/python3.10/dist-packages/booster_msgs/msg/_binary_data.py\n'}
[42.521511] (booster_msgs) StdoutLine: {'line': b'-- Installing: /home/booster/Workspace/Booster_T1_3v3_Demo/src/install/booster_msgs/local/lib/python3.10/dist-packages/booster_msgs/msg/_rpc_req_msg.py\n'}
[42.521621] (booster_msgs) StdoutLine: {'line': b'-- Installing: /home/booster/Workspace/Booster_T1_3v3_Demo/src/install/booster_msgs/local/lib/python3.10/dist-packages/booster_msgs/msg/_rpc_resp_msg.py\n'}
[42.521718] (booster_msgs) StdoutLine: {'line': b'-- Installing: /home/booster/Workspace/Booster_T1_3v3_Demo/src/install/booster_msgs/local/lib/python3.10/dist-packages/booster_msgs/msg/_rpc_req_msg_s.c\n'}
[42.521812] (booster_msgs) StdoutLine: {'line': b'-- Installing: /home/booster/Workspace/Booster_T1_3v3_Demo/src/install/booster_msgs/local/lib/python3.10/dist-packages/booster_msgs/booster_msgs_s__rosidl_typesupport_fastrtps_c.cpython-310-aarch64-linux-gnu.so\n'}
[42.522961] (booster_msgs) StdoutLine: {'line': b'-- Installing: /home/booster/Workspace/Booster_T1_3v3_Demo/src/install/booster_msgs/local/lib/python3.10/dist-packages/booster_msgs/_booster_msgs_s.ep.rosidl_typesupport_c.c\n'}
[42.524408] (booster_msgs) StdoutLine: {'line': b'-- Installing: /home/booster/Workspace/Booster_T1_3v3_Demo/src/install/booster_msgs/local/lib/python3.10/dist-packages/booster_msgs/booster_msgs_s__rosidl_typesupport_introspection_c.cpython-310-aarch64-linux-gnu.so\n'}
[42.524567] (booster_msgs) StdoutLine: {'line': b'-- Installing: /home/booster/Workspace/Booster_T1_3v3_Demo/src/install/booster_msgs/local/lib/python3.10/dist-packages/booster_msgs/booster_msgs_s__rosidl_typesupport_c.cpython-310-aarch64-linux-gnu.so\n'}
[42.524666] (booster_msgs) StdoutLine: {'line': b'-- Installing: /home/booster/Workspace/Booster_T1_3v3_Demo/src/install/booster_msgs/local/lib/python3.10/dist-packages/booster_msgs/_booster_msgs_s.ep.rosidl_typesupport_fastrtps_c.c\n'}
[42.525346] (booster_msgs) StdoutLine: {'line': b'-- Installing: /home/booster/Workspace/Booster_T1_3v3_Demo/src/install/booster_msgs/local/lib/python3.10/dist-packages/booster_msgs/libbooster_msgs__rosidl_generator_py.so\n'}
[42.545105] (-) TimerEvent: {}
[42.637233] (booster_msgs) StdoutLine: {'line': b"Listing '/home/booster/Workspace/Booster_T1_3v3_Demo/src/install/booster_msgs/local/lib/python3.10/dist-packages/booster_msgs'...\n"}
[42.637635] (booster_msgs) StdoutLine: {'line': b"Compiling '/home/booster/Workspace/Booster_T1_3v3_Demo/src/install/booster_msgs/local/lib/python3.10/dist-packages/booster_msgs/__init__.py'...\n"}
[42.637757] (booster_msgs) StdoutLine: {'line': b"Listing '/home/booster/Workspace/Booster_T1_3v3_Demo/src/install/booster_msgs/local/lib/python3.10/dist-packages/booster_msgs/msg'...\n"}
[42.637859] (booster_msgs) StdoutLine: {'line': b"Compiling '/home/booster/Workspace/Booster_T1_3v3_Demo/src/install/booster_msgs/local/lib/python3.10/dist-packages/booster_msgs/msg/__init__.py'...\n"}
[42.637955] (booster_msgs) StdoutLine: {'line': b"Compiling '/home/booster/Workspace/Booster_T1_3v3_Demo/src/install/booster_msgs/local/lib/python3.10/dist-packages/booster_msgs/msg/_binary_data.py'...\n"}
[42.638048] (booster_msgs) StdoutLine: {'line': b"Compiling '/home/booster/Workspace/Booster_T1_3v3_Demo/src/install/booster_msgs/local/lib/python3.10/dist-packages/booster_msgs/msg/_rpc_req_msg.py'...\n"}
[42.638139] (booster_msgs) StdoutLine: {'line': b"Compiling '/home/booster/Workspace/Booster_T1_3v3_Demo/src/install/booster_msgs/local/lib/python3.10/dist-packages/booster_msgs/msg/_rpc_resp_msg.py'...\n"}
[42.645268] (-) TimerEvent: {}
[42.664382] (booster_msgs) StdoutLine: {'line': b'-- Installing: /home/booster/Workspace/Booster_T1_3v3_Demo/src/install/booster_msgs/local/lib/python3.10/dist-packages/booster_msgs/booster_msgs_s__rosidl_typesupport_fastrtps_c.cpython-310-aarch64-linux-gnu.so\n'}
[42.664936] (booster_msgs) StdoutLine: {'line': b'-- Set runtime path of "/home/booster/Workspace/Booster_T1_3v3_Demo/src/install/booster_msgs/local/lib/python3.10/dist-packages/booster_msgs/booster_msgs_s__rosidl_typesupport_fastrtps_c.cpython-310-aarch64-linux-gnu.so" to ""\n'}
[42.665150] (booster_msgs) StdoutLine: {'line': b'-- Installing: /home/booster/Workspace/Booster_T1_3v3_Demo/src/install/booster_msgs/local/lib/python3.10/dist-packages/booster_msgs/booster_msgs_s__rosidl_typesupport_introspection_c.cpython-310-aarch64-linux-gnu.so\n'}
[42.665767] (booster_msgs) StdoutLine: {'line': b'-- Set runtime path of "/home/booster/Workspace/Booster_T1_3v3_Demo/src/install/booster_msgs/local/lib/python3.10/dist-packages/booster_msgs/booster_msgs_s__rosidl_typesupport_introspection_c.cpython-310-aarch64-linux-gnu.so" to ""\n'}
[42.666414] (booster_msgs) StdoutLine: {'line': b'-- Installing: /home/booster/Workspace/Booster_T1_3v3_Demo/src/install/booster_msgs/local/lib/python3.10/dist-packages/booster_msgs/booster_msgs_s__rosidl_typesupport_c.cpython-310-aarch64-linux-gnu.so\n'}
[42.666625] (booster_msgs) StdoutLine: {'line': b'-- Set runtime path of "/home/booster/Workspace/Booster_T1_3v3_Demo/src/install/booster_msgs/local/lib/python3.10/dist-packages/booster_msgs/booster_msgs_s__rosidl_typesupport_c.cpython-310-aarch64-linux-gnu.so" to ""\n'}
[42.666752] (booster_msgs) StdoutLine: {'line': b'-- Installing: /home/booster/Workspace/Booster_T1_3v3_Demo/src/install/booster_msgs/lib/libbooster_msgs__rosidl_generator_py.so\n'}
[42.666906] (booster_msgs) StdoutLine: {'line': b'-- Set runtime path of "/home/booster/Workspace/Booster_T1_3v3_Demo/src/install/booster_msgs/lib/libbooster_msgs__rosidl_generator_py.so" to ""\n'}
[42.667120] (booster_msgs) StdoutLine: {'line': b'-- Installing: /home/booster/Workspace/Booster_T1_3v3_Demo/src/install/booster_msgs/share/booster_msgs/msg/BinaryData.idl\n'}
[42.667342] (booster_msgs) StdoutLine: {'line': b'-- Installing: /home/booster/Workspace/Booster_T1_3v3_Demo/src/install/booster_msgs/share/booster_msgs/msg/RpcReqMsg.idl\n'}
[42.667658] (booster_msgs) StdoutLine: {'line': b'-- Installing: /home/booster/Workspace/Booster_T1_3v3_Demo/src/install/booster_msgs/share/booster_msgs/msg/RpcRespMsg.idl\n'}
[42.667861] (booster_msgs) StdoutLine: {'line': b'-- Installing: /home/booster/Workspace/Booster_T1_3v3_Demo/src/install/booster_msgs/share/booster_msgs/msg/BinaryData.msg\n'}
[42.668006] (booster_msgs) StdoutLine: {'line': b'-- Installing: /home/booster/Workspace/Booster_T1_3v3_Demo/src/install/booster_msgs/share/booster_msgs/msg/RpcReqMsg.msg\n'}
[42.668150] (booster_msgs) StdoutLine: {'line': b'-- Installing: /home/booster/Workspace/Booster_T1_3v3_Demo/src/install/booster_msgs/share/booster_msgs/msg/RpcRespMsg.msg\n'}
[42.668464] (booster_msgs) StdoutLine: {'line': b'-- Installing: /home/booster/Workspace/Booster_T1_3v3_Demo/src/install/booster_msgs/share/ament_index/resource_index/package_run_dependencies/booster_msgs\n'}
[42.668738] (booster_msgs) StdoutLine: {'line': b'-- Installing: /home/booster/Workspace/Booster_T1_3v3_Demo/src/install/booster_msgs/share/ament_index/resource_index/parent_prefix_path/booster_msgs\n'}
[42.668981] (booster_msgs) StdoutLine: {'line': b'-- Installing: /home/booster/Workspace/Booster_T1_3v3_Demo/src/install/booster_msgs/share/booster_msgs/environment/ament_prefix_path.sh\n'}
[42.669178] (booster_msgs) StdoutLine: {'line': b'-- Installing: /home/booster/Workspace/Booster_T1_3v3_Demo/src/install/booster_msgs/share/booster_msgs/environment/ament_prefix_path.dsv\n'}
[42.669499] (booster_msgs) StdoutLine: {'line': b'-- Installing: /home/booster/Workspace/Booster_T1_3v3_Demo/src/install/booster_msgs/share/booster_msgs/environment/path.sh\n'}
[42.669749] (booster_msgs) StdoutLine: {'line': b'-- Installing: /home/booster/Workspace/Booster_T1_3v3_Demo/src/install/booster_msgs/share/booster_msgs/environment/path.dsv\n'}
[42.669921] (booster_msgs) StdoutLine: {'line': b'-- Installing: /home/booster/Workspace/Booster_T1_3v3_Demo/src/install/booster_msgs/share/booster_msgs/local_setup.bash\n'}
[42.670089] (booster_msgs) StdoutLine: {'line': b'-- Installing: /home/booster/Workspace/Booster_T1_3v3_Demo/src/install/booster_msgs/share/booster_msgs/local_setup.sh\n'}
[42.670287] (booster_msgs) StdoutLine: {'line': b'-- Installing: /home/booster/Workspace/Booster_T1_3v3_Demo/src/install/booster_msgs/share/booster_msgs/local_setup.zsh\n'}
[42.670455] (booster_msgs) StdoutLine: {'line': b'-- Installing: /home/booster/Workspace/Booster_T1_3v3_Demo/src/install/booster_msgs/share/booster_msgs/local_setup.dsv\n'}
[42.670638] (booster_msgs) StdoutLine: {'line': b'-- Installing: /home/booster/Workspace/Booster_T1_3v3_Demo/src/install/booster_msgs/share/booster_msgs/package.dsv\n'}
[42.670999] (booster_msgs) StdoutLine: {'line': b'-- Installing: /home/booster/Workspace/Booster_T1_3v3_Demo/src/install/booster_msgs/share/ament_index/resource_index/packages/booster_msgs\n'}
[42.671867] (booster_msgs) StdoutLine: {'line': b'-- Installing: /home/booster/Workspace/Booster_T1_3v3_Demo/src/install/booster_msgs/share/booster_msgs/cmake/export_booster_msgs__rosidl_generator_cExport.cmake\n'}
[42.672485] (booster_msgs) StdoutLine: {'line': b'-- Installing: /home/booster/Workspace/Booster_T1_3v3_Demo/src/install/booster_msgs/share/booster_msgs/cmake/export_booster_msgs__rosidl_generator_cExport-noconfig.cmake\n'}
[42.673002] (booster_msgs) StdoutLine: {'line': b'-- Installing: /home/booster/Workspace/Booster_T1_3v3_Demo/src/install/booster_msgs/share/booster_msgs/cmake/export_booster_msgs__rosidl_typesupport_fastrtps_cExport.cmake\n'}
[42.673949] (booster_msgs) StdoutLine: {'line': b'-- Installing: /home/booster/Workspace/Booster_T1_3v3_Demo/src/install/booster_msgs/share/booster_msgs/cmake/export_booster_msgs__rosidl_typesupport_fastrtps_cExport-noconfig.cmake\n'}
[42.674902] (booster_msgs) StdoutLine: {'line': b'-- Installing: /home/booster/Workspace/Booster_T1_3v3_Demo/src/install/booster_msgs/share/booster_msgs/cmake/booster_msgs__rosidl_typesupport_introspection_cExport.cmake\n'}
[42.675306] (booster_msgs) StdoutLine: {'line': b'-- Installing: /home/booster/Workspace/Booster_T1_3v3_Demo/src/install/booster_msgs/share/booster_msgs/cmake/booster_msgs__rosidl_typesupport_introspection_cExport-noconfig.cmake\n'}
[42.676321] (booster_msgs) StdoutLine: {'line': b'-- Installing: /home/booster/Workspace/Booster_T1_3v3_Demo/src/install/booster_msgs/share/booster_msgs/cmake/booster_msgs__rosidl_typesupport_cExport.cmake\n'}
[42.676917] (booster_msgs) StdoutLine: {'line': b'-- Installing: /home/booster/Workspace/Booster_T1_3v3_Demo/src/install/booster_msgs/share/booster_msgs/cmake/booster_msgs__rosidl_typesupport_cExport-noconfig.cmake\n'}
[42.677554] (booster_msgs) StdoutLine: {'line': b'-- Installing: /home/booster/Workspace/Booster_T1_3v3_Demo/src/install/booster_msgs/share/booster_msgs/cmake/export_booster_msgs__rosidl_generator_cppExport.cmake\n'}
[42.677671] (booster_msgs) StdoutLine: {'line': b'-- Installing: /home/booster/Workspace/Booster_T1_3v3_Demo/src/install/booster_msgs/share/booster_msgs/cmake/export_booster_msgs__rosidl_typesupport_fastrtps_cppExport.cmake\n'}
[42.677766] (booster_msgs) StdoutLine: {'line': b'-- Installing: /home/booster/Workspace/Booster_T1_3v3_Demo/src/install/booster_msgs/share/booster_msgs/cmake/export_booster_msgs__rosidl_typesupport_fastrtps_cppExport-noconfig.cmake\n'}
[42.677855] (booster_msgs) StdoutLine: {'line': b'-- Installing: /home/booster/Workspace/Booster_T1_3v3_Demo/src/install/booster_msgs/share/booster_msgs/cmake/booster_msgs__rosidl_typesupport_introspection_cppExport.cmake\n'}
[42.677941] (booster_msgs) StdoutLine: {'line': b'-- Installing: /home/booster/Workspace/Booster_T1_3v3_Demo/src/install/booster_msgs/share/booster_msgs/cmake/booster_msgs__rosidl_typesupport_introspection_cppExport-noconfig.cmake\n'}
[42.678024] (booster_msgs) StdoutLine: {'line': b'-- Installing: /home/booster/Workspace/Booster_T1_3v3_Demo/src/install/booster_msgs/share/booster_msgs/cmake/booster_msgs__rosidl_typesupport_cppExport.cmake\n'}
[42.678106] (booster_msgs) StdoutLine: {'line': b'-- Installing: /home/booster/Workspace/Booster_T1_3v3_Demo/src/install/booster_msgs/share/booster_msgs/cmake/booster_msgs__rosidl_typesupport_cppExport-noconfig.cmake\n'}
[42.678227] (booster_msgs) StdoutLine: {'line': b'-- Installing: /home/booster/Workspace/Booster_T1_3v3_Demo/src/install/booster_msgs/share/booster_msgs/cmake/export_booster_msgs__rosidl_generator_pyExport.cmake\n'}
[42.678312] (booster_msgs) StdoutLine: {'line': b'-- Installing: /home/booster/Workspace/Booster_T1_3v3_Demo/src/install/booster_msgs/share/booster_msgs/cmake/export_booster_msgs__rosidl_generator_pyExport-noconfig.cmake\n'}
[42.678393] (booster_msgs) StdoutLine: {'line': b'-- Installing: /home/booster/Workspace/Booster_T1_3v3_Demo/src/install/booster_msgs/share/booster_msgs/cmake/rosidl_cmake-extras.cmake\n'}
[42.678477] (booster_msgs) StdoutLine: {'line': b'-- Installing: /home/booster/Workspace/Booster_T1_3v3_Demo/src/install/booster_msgs/share/booster_msgs/cmake/ament_cmake_export_include_directories-extras.cmake\n'}
[42.678555] (booster_msgs) StdoutLine: {'line': b'-- Installing: /home/booster/Workspace/Booster_T1_3v3_Demo/src/install/booster_msgs/share/booster_msgs/cmake/ament_cmake_export_libraries-extras.cmake\n'}
[42.678635] (booster_msgs) StdoutLine: {'line': b'-- Installing: /home/booster/Workspace/Booster_T1_3v3_Demo/src/install/booster_msgs/share/booster_msgs/cmake/ament_cmake_export_targets-extras.cmake\n'}
[42.678715] (booster_msgs) StdoutLine: {'line': b'-- Installing: /home/booster/Workspace/Booster_T1_3v3_Demo/src/install/booster_msgs/share/booster_msgs/cmake/rosidl_cmake_export_typesupport_targets-extras.cmake\n'}
[42.678798] (booster_msgs) StdoutLine: {'line': b'-- Installing: /home/booster/Workspace/Booster_T1_3v3_Demo/src/install/booster_msgs/share/booster_msgs/cmake/ament_cmake_export_dependencies-extras.cmake\n'}
[42.678880] (booster_msgs) StdoutLine: {'line': b'-- Installing: /home/booster/Workspace/Booster_T1_3v3_Demo/src/install/booster_msgs/share/booster_msgs/cmake/rosidl_cmake_export_typesupport_libraries-extras.cmake\n'}
[42.678962] (booster_msgs) StdoutLine: {'line': b'-- Installing: /home/booster/Workspace/Booster_T1_3v3_Demo/src/install/booster_msgs/share/booster_msgs/cmake/booster_msgsConfig.cmake\n'}
[42.679042] (booster_msgs) StdoutLine: {'line': b'-- Installing: /home/booster/Workspace/Booster_T1_3v3_Demo/src/install/booster_msgs/share/booster_msgs/cmake/booster_msgsConfig-version.cmake\n'}
[42.679123] (booster_msgs) StdoutLine: {'line': b'-- Installing: /home/booster/Workspace/Booster_T1_3v3_Demo/src/install/booster_msgs/share/booster_msgs/package.xml\n'}
[42.707671] (booster_msgs) CommandEnded: {'returncode': 0}
[42.750367] (-) TimerEvent: {}
[42.814957] (booster_msgs) JobEnded: {'identifier': 'booster_msgs', 'rc': 0}
[42.850510] (-) TimerEvent: {}
[42.951026] (-) TimerEvent: {}
[43.024705] (game_controller_interface) StdoutLine: {'line': b'[ 55%] \x1b[32m\x1b[1mLinking CXX shared library libgame_controller_interface__rosidl_typesupport_fastrtps_c.so\x1b[0m\n'}
[43.036056] (vision_interface) StdoutLine: {'line': b'[ 18%] \x1b[32mBuilding CXX object CMakeFiles/vision_interface__rosidl_typesupport_fastrtps_cpp.dir/rosidl_typesupport_fastrtps_cpp/vision_interface/msg/detail/dds_fastrtps/segmentation_line__type_support.cpp.o\x1b[0m\n'}
[43.051172] (-) TimerEvent: {}
[43.151776] (-) TimerEvent: {}
[43.252685] (-) TimerEvent: {}
[43.287386] (game_controller_interface) StdoutLine: {'line': b'[ 55%] Built target game_controller_interface__rosidl_typesupport_fastrtps_c\n'}
[43.304631] (game_controller_interface) StdoutLine: {'line': b'[ 57%] \x1b[34m\x1b[1mGenerating C type support dispatch for ROS interfaces\x1b[0m\n'}
[43.352840] (-) TimerEvent: {}
[43.453355] (-) TimerEvent: {}
[43.553950] (-) TimerEvent: {}
[43.654574] (-) TimerEvent: {}
[43.741555] (booster_interface) StdoutLine: {'line': b'[  9%] \x1b[32mBuilding CXX object CMakeFiles/booster_interface__rosidl_typesupport_introspection_cpp.dir/rosidl_typesupport_introspection_cpp/booster_interface/msg/detail/hand_dds_msg__type_support.cpp.o\x1b[0m\n'}
[43.754808] (-) TimerEvent: {}
[43.855615] (-) TimerEvent: {}
[43.956516] (-) TimerEvent: {}
[44.057352] (-) TimerEvent: {}
[44.157848] (-) TimerEvent: {}
[44.259058] (-) TimerEvent: {}
[44.359692] (-) TimerEvent: {}
[44.460229] (-) TimerEvent: {}
[44.560726] (-) TimerEvent: {}
[44.594966] (vision_interface) StdoutLine: {'line': b'[ 19%] \x1b[32mBuilding CXX object CMakeFiles/vision_interface__rosidl_typesupport_fastrtps_cpp.dir/rosidl_typesupport_fastrtps_cpp/vision_interface/msg/detail/dds_fastrtps/segmentation_result__type_support.cpp.o\x1b[0m\n'}
[44.660931] (-) TimerEvent: {}
[44.761411] (-) TimerEvent: {}
[44.861965] (-) TimerEvent: {}
[44.936015] (game_controller_interface) StdoutLine: {'line': b'[ 59%] \x1b[32mBuilding CXX object CMakeFiles/game_controller_interface__rosidl_typesupport_c.dir/rosidl_typesupport_c/game_controller_interface/msg/game_control_data__type_support.cpp.o\x1b[0m\n'}
[44.962122] (-) TimerEvent: {}
[45.011547] (game_controller_interface) StdoutLine: {'line': b'[ 61%] \x1b[32mBuilding CXX object CMakeFiles/game_controller_interface__rosidl_typesupport_c.dir/rosidl_typesupport_c/game_controller_interface/msg/team_info__type_support.cpp.o\x1b[0m\n'}
[45.045217] (booster_interface) StdoutLine: {'line': b'[ 10%] \x1b[32mBuilding CXX object CMakeFiles/booster_interface__rosidl_typesupport_introspection_cpp.dir/rosidl_typesupport_introspection_cpp/booster_interface/msg/detail/hand_param__type_support.cpp.o\x1b[0m\n'}
[45.062269] (-) TimerEvent: {}
[45.109494] (game_controller_interface) StdoutLine: {'line': b'[ 63%] \x1b[32mBuilding CXX object CMakeFiles/game_controller_interface__rosidl_typesupport_c.dir/rosidl_typesupport_c/game_controller_interface/msg/robot_info__type_support.cpp.o\x1b[0m\n'}
[45.162410] (-) TimerEvent: {}
[45.210785] (game_controller_interface) StdoutLine: {'line': b'[ 65%] \x1b[32m\x1b[1mLinking CXX shared library libgame_controller_interface__rosidl_typesupport_c.so\x1b[0m\n'}
[45.262541] (-) TimerEvent: {}
[45.363000] (-) TimerEvent: {}
[45.404716] (game_controller_interface) StdoutLine: {'line': b'[ 65%] Built target game_controller_interface__rosidl_typesupport_c\n'}
[45.450448] (game_controller_interface) StdoutLine: {'line': b'[ 68%] \x1b[34m\x1b[1mGenerating C introspection for ROS interfaces\x1b[0m\n'}
[45.463141] (-) TimerEvent: {}
[45.563710] (-) TimerEvent: {}
[45.664424] (-) TimerEvent: {}
[45.714412] (vision_interface) StdoutLine: {'line': b'[ 20%] \x1b[32mBuilding CXX object CMakeFiles/vision_interface__rosidl_typesupport_fastrtps_cpp.dir/rosidl_typesupport_fastrtps_cpp/vision_interface/msg/detail/dds_fastrtps/image_head_position__type_support.cpp.o\x1b[0m\n'}
[45.764707] (-) TimerEvent: {}
[45.865844] (-) TimerEvent: {}
[45.966408] (-) TimerEvent: {}
[46.066992] (-) TimerEvent: {}
[46.169800] (-) TimerEvent: {}
[46.270574] (-) TimerEvent: {}
[46.358199] (booster_interface) StdoutLine: {'line': b'[ 10%] \x1b[32mBuilding CXX object CMakeFiles/booster_interface__rosidl_typesupport_introspection_cpp.dir/rosidl_typesupport_introspection_cpp/booster_interface/srv/detail/rpc_service__type_support.cpp.o\x1b[0m\n'}
[46.370691] (-) TimerEvent: {}
[46.471189] (-) TimerEvent: {}
[46.571637] (-) TimerEvent: {}
[46.625257] (vision_interface) StdoutLine: {'line': b'[ 21%] \x1b[32mBuilding CXX object CMakeFiles/vision_interface__rosidl_typesupport_fastrtps_cpp.dir/rosidl_typesupport_fastrtps_cpp/vision_interface/msg/detail/dds_fastrtps/ball__type_support.cpp.o\x1b[0m\n'}
[46.671762] (-) TimerEvent: {}
[46.772208] (-) TimerEvent: {}
[46.872668] (-) TimerEvent: {}
[46.973244] (-) TimerEvent: {}
[47.073750] (-) TimerEvent: {}
[47.174188] (-) TimerEvent: {}
[47.274925] (-) TimerEvent: {}
[47.285941] (booster_interface) StdoutLine: {'line': b'[ 11%] \x1b[32mBuilding CXX object CMakeFiles/booster_interface__rosidl_typesupport_introspection_cpp.dir/rosidl_typesupport_introspection_cpp/booster_interface/srv/detail/agent_service__type_support.cpp.o\x1b[0m\n'}
[47.375128] (-) TimerEvent: {}
[47.475728] (-) TimerEvent: {}
[47.576853] (-) TimerEvent: {}
[47.615245] (vision_interface) StdoutLine: {'line': b'[ 22%] \x1b[32mBuilding CXX object CMakeFiles/vision_interface__rosidl_typesupport_fastrtps_cpp.dir/rosidl_typesupport_fastrtps_cpp/vision_interface/msg/detail/dds_fastrtps/detections__type_support.cpp.o\x1b[0m\n'}
[47.676995] (-) TimerEvent: {}
[47.777552] (-) TimerEvent: {}
[47.829748] (game_controller_interface) StdoutLine: {'line': b'[ 70%] \x1b[32mBuilding C object CMakeFiles/game_controller_interface__rosidl_typesupport_introspection_c.dir/rosidl_typesupport_introspection_c/game_controller_interface/msg/detail/game_control_data__type_support.c.o\x1b[0m\n'}
[47.879015] (-) TimerEvent: {}
[47.980684] (-) TimerEvent: {}
[48.010229] (game_controller_interface) StdoutLine: {'line': b'[ 72%] \x1b[32mBuilding C object CMakeFiles/game_controller_interface__rosidl_typesupport_introspection_c.dir/rosidl_typesupport_introspection_c/game_controller_interface/msg/detail/team_info__type_support.c.o\x1b[0m\n'}
[48.080885] (-) TimerEvent: {}
[48.110501] (game_controller_interface) StdoutLine: {'line': b'[ 74%] \x1b[32mBuilding C object CMakeFiles/game_controller_interface__rosidl_typesupport_introspection_c.dir/rosidl_typesupport_introspection_c/game_controller_interface/msg/detail/robot_info__type_support.c.o\x1b[0m\n'}
[48.166499] (game_controller_interface) StdoutLine: {'line': b'[ 76%] \x1b[32m\x1b[1mLinking C shared library libgame_controller_interface__rosidl_typesupport_introspection_c.so\x1b[0m\n'}
[48.181011] (-) TimerEvent: {}
[48.220286] (game_controller_interface) StdoutLine: {'line': b'[ 76%] Built target game_controller_interface__rosidl_typesupport_introspection_c\n'}
[48.260463] (game_controller_interface) StdoutLine: {'line': b'[ 76%] Built target game_controller_interface\n'}
[48.281162] (-) TimerEvent: {}
[48.285930] (booster_interface) StdoutLine: {'line': b'[ 12%] \x1b[32m\x1b[1mLinking CXX shared library libbooster_interface__rosidl_typesupport_introspection_cpp.so\x1b[0m\n'}
[48.327382] (game_controller_interface) StdoutLine: {'line': b'[ 78%] \x1b[34m\x1b[1mGenerating Python code for ROS interfaces\x1b[0m\n'}
[48.381318] (-) TimerEvent: {}
[48.481851] (-) TimerEvent: {}
[48.582625] (-) TimerEvent: {}
[48.644687] (booster_interface) StdoutLine: {'line': b'[ 12%] Built target booster_interface__rosidl_typesupport_introspection_cpp\n'}
[48.682801] (-) TimerEvent: {}
[48.783871] (-) TimerEvent: {}
[48.884440] (-) TimerEvent: {}
[48.985533] (-) TimerEvent: {}
[49.086259] (-) TimerEvent: {}
[49.186817] (-) TimerEvent: {}
[49.287327] (-) TimerEvent: {}
[49.306700] (vision_interface) StdoutLine: {'line': b'[ 23%] \x1b[32m\x1b[1mLinking CXX shared library libvision_interface__rosidl_typesupport_fastrtps_cpp.so\x1b[0m\n'}
[49.387468] (-) TimerEvent: {}
[49.487967] (-) TimerEvent: {}
[49.571500] (booster_interface) StdoutLine: {'line': b'running egg_info\n'}
[49.579487] (booster_interface) StdoutLine: {'line': b'creating booster_interface.egg-info\n'}
[49.580564] (booster_interface) StdoutLine: {'line': b'writing booster_interface.egg-info/PKG-INFO\n'}
[49.584041] (booster_interface) StdoutLine: {'line': b'writing dependency_links to booster_interface.egg-info/dependency_links.txt\n'}
[49.585757] (booster_interface) StdoutLine: {'line': b'writing top-level names to booster_interface.egg-info/top_level.txt\n'}
[49.587028] (booster_interface) StdoutLine: {'line': b"writing manifest file 'booster_interface.egg-info/SOURCES.txt'\n"}
[49.588084] (-) TimerEvent: {}
[49.597834] (booster_interface) StdoutLine: {'line': b"reading manifest file 'booster_interface.egg-info/SOURCES.txt'\n"}
[49.598753] (booster_interface) StdoutLine: {'line': b"writing manifest file 'booster_interface.egg-info/SOURCES.txt'\n"}
[49.674884] (vision_interface) StdoutLine: {'line': b'[ 23%] Built target vision_interface__rosidl_typesupport_fastrtps_cpp\n'}
[49.688221] (-) TimerEvent: {}
[49.711237] (booster_interface) StdoutLine: {'line': b'[ 12%] Built target ament_cmake_python_build_booster_interface_egg\n'}
[49.719873] (vision_interface) StdoutLine: {'line': b'[ 24%] \x1b[34m\x1b[1mGenerating C++ type support dispatch for ROS interfaces\x1b[0m\n'}
[49.788375] (-) TimerEvent: {}
[49.794584] (booster_interface) StdoutLine: {'line': b'[ 13%] \x1b[34m\x1b[1mGenerating C++ type support for eProsima Fast-RTPS\x1b[0m\n'}
[49.888524] (-) TimerEvent: {}
[49.990513] (-) TimerEvent: {}
[50.091148] (-) TimerEvent: {}
[50.191893] (-) TimerEvent: {}
[50.292385] (-) TimerEvent: {}
[50.393624] (-) TimerEvent: {}
[50.494227] (-) TimerEvent: {}
[50.594959] (-) TimerEvent: {}
[50.695445] (-) TimerEvent: {}
[50.796148] (-) TimerEvent: {}
[50.896946] (-) TimerEvent: {}
[50.997512] (-) TimerEvent: {}
[51.098036] (-) TimerEvent: {}
[51.198616] (-) TimerEvent: {}
[51.289771] (vision_interface) StdoutLine: {'line': b'[ 25%] \x1b[32mBuilding CXX object CMakeFiles/vision_interface__rosidl_typesupport_cpp.dir/rosidl_typesupport_cpp/vision_interface/msg/detected_object__type_support.cpp.o\x1b[0m\n'}
[51.298771] (-) TimerEvent: {}
[51.399463] (-) TimerEvent: {}
[51.500161] (-) TimerEvent: {}
[51.600982] (-) TimerEvent: {}
[51.701549] (-) TimerEvent: {}
[51.802097] (-) TimerEvent: {}
[51.902652] (-) TimerEvent: {}
[51.923043] (vision_interface) StdoutLine: {'line': b'[ 26%] \x1b[32mBuilding CXX object CMakeFiles/vision_interface__rosidl_typesupport_cpp.dir/rosidl_typesupport_cpp/vision_interface/msg/cal_param__type_support.cpp.o\x1b[0m\n'}
[52.002858] (-) TimerEvent: {}
[52.103414] (-) TimerEvent: {}
[52.129401] (game_controller_interface) StdoutLine: {'line': b'[ 78%] Built target game_controller_interface__py\n'}
[52.203836] (-) TimerEvent: {}
[52.283900] (game_controller_interface) StdoutLine: {'line': b'[ 80%] \x1b[32mBuilding C object CMakeFiles/game_controller_interface__rosidl_generator_py.dir/rosidl_generator_py/game_controller_interface/msg/_game_control_data_s.c.o\x1b[0m\n'}
[52.304012] (-) TimerEvent: {}
[52.405110] (-) TimerEvent: {}
[52.506073] (-) TimerEvent: {}
[52.521997] (game_controller_interface) StdoutLine: {'line': b'[ 82%] \x1b[32mBuilding C object CMakeFiles/game_controller_interface__rosidl_generator_py.dir/rosidl_generator_py/game_controller_interface/msg/_team_info_s.c.o\x1b[0m\n'}
[52.606271] (-) TimerEvent: {}
[52.694199] (vision_interface) StdoutLine: {'line': b'[ 27%] \x1b[32mBuilding CXX object CMakeFiles/vision_interface__rosidl_typesupport_cpp.dir/rosidl_typesupport_cpp/vision_interface/msg/detections_track__type_support.cpp.o\x1b[0m\n'}
[52.706648] (-) TimerEvent: {}
[52.744012] (game_controller_interface) StdoutLine: {'line': b'[ 85%] \x1b[32mBuilding C object CMakeFiles/game_controller_interface__rosidl_generator_py.dir/rosidl_generator_py/game_controller_interface/msg/_robot_info_s.c.o\x1b[0m\n'}
[52.806782] (-) TimerEvent: {}
[52.907609] (-) TimerEvent: {}
[53.008426] (-) TimerEvent: {}
[53.109214] (-) TimerEvent: {}
[53.116827] (game_controller_interface) StdoutLine: {'line': b'[ 87%] \x1b[32m\x1b[1mLinking C shared library rosidl_generator_py/game_controller_interface/libgame_controller_interface__rosidl_generator_py.so\x1b[0m\n'}
[53.209534] (-) TimerEvent: {}
[53.298750] (game_controller_interface) StdoutLine: {'line': b'[ 87%] Built target game_controller_interface__rosidl_generator_py\n'}
[53.309688] (-) TimerEvent: {}
[53.391006] (game_controller_interface) StdoutLine: {'line': b'[ 89%] \x1b[32mBuilding C object CMakeFiles/game_controller_interface__rosidl_typesupport_fastrtps_c__pyext.dir/rosidl_generator_py/game_controller_interface/_game_controller_interface_s.ep.rosidl_typesupport_fastrtps_c.c.o\x1b[0m\n'}
[53.409840] (-) TimerEvent: {}
[53.498031] (vision_interface) StdoutLine: {'line': b'[ 28%] \x1b[32mBuilding CXX object CMakeFiles/vision_interface__rosidl_typesupport_cpp.dir/rosidl_typesupport_cpp/vision_interface/msg/segmentation_point__type_support.cpp.o\x1b[0m\n'}
[53.509998] (-) TimerEvent: {}
[53.610928] (-) TimerEvent: {}
[53.640529] (game_controller_interface) StdoutLine: {'line': b'[ 91%] \x1b[32m\x1b[1mLinking C shared library rosidl_generator_py/game_controller_interface/game_controller_interface_s__rosidl_typesupport_fastrtps_c.cpython-310-aarch64-linux-gnu.so\x1b[0m\n'}
[53.711071] (-) TimerEvent: {}
[53.722104] (game_controller_interface) StdoutLine: {'line': b'[ 91%] Built target game_controller_interface__rosidl_typesupport_fastrtps_c__pyext\n'}
[53.811225] (-) TimerEvent: {}
[53.820807] (game_controller_interface) StdoutLine: {'line': b'[ 93%] \x1b[32mBuilding C object CMakeFiles/game_controller_interface__rosidl_typesupport_c__pyext.dir/rosidl_generator_py/game_controller_interface/_game_controller_interface_s.ep.rosidl_typesupport_c.c.o\x1b[0m\n'}
[53.911362] (-) TimerEvent: {}
[54.011888] (-) TimerEvent: {}
[54.022770] (booster_interface) StdoutLine: {'line': b'[ 14%] \x1b[32mBuilding CXX object CMakeFiles/booster_interface__rosidl_typesupport_fastrtps_cpp.dir/rosidl_typesupport_fastrtps_cpp/booster_interface/msg/detail/dds_fastrtps/booster_api_req_msg__type_support.cpp.o\x1b[0m\n'}
[54.073581] (game_controller_interface) StdoutLine: {'line': b'[ 95%] \x1b[32m\x1b[1mLinking C shared library rosidl_generator_py/game_controller_interface/game_controller_interface_s__rosidl_typesupport_c.cpython-310-aarch64-linux-gnu.so\x1b[0m\n'}
[54.112017] (-) TimerEvent: {}
[54.141973] (game_controller_interface) StdoutLine: {'line': b'[ 95%] Built target game_controller_interface__rosidl_typesupport_c__pyext\n'}
[54.189406] (game_controller_interface) StdoutLine: {'line': b'[ 97%] \x1b[32mBuilding C object CMakeFiles/game_controller_interface__rosidl_typesupport_introspection_c__pyext.dir/rosidl_generator_py/game_controller_interface/_game_controller_interface_s.ep.rosidl_typesupport_introspection_c.c.o\x1b[0m\n'}
[54.212170] (-) TimerEvent: {}
[54.213463] (vision_interface) StdoutLine: {'line': b'[ 29%] \x1b[32mBuilding CXX object CMakeFiles/vision_interface__rosidl_typesupport_cpp.dir/rosidl_typesupport_cpp/vision_interface/msg/segmentation_line__type_support.cpp.o\x1b[0m\n'}
[54.312384] (-) TimerEvent: {}
[54.398031] (game_controller_interface) StdoutLine: {'line': b'[100%] \x1b[32m\x1b[1mLinking C shared library rosidl_generator_py/game_controller_interface/game_controller_interface_s__rosidl_typesupport_introspection_c.cpython-310-aarch64-linux-gnu.so\x1b[0m\n'}
[54.412573] (-) TimerEvent: {}
[54.456640] (game_controller_interface) StdoutLine: {'line': b'[100%] Built target game_controller_interface__rosidl_typesupport_introspection_c__pyext\n'}
[54.504806] (game_controller_interface) CommandEnded: {'returncode': 0}
[54.505716] (game_controller_interface) JobProgress: {'identifier': 'game_controller_interface', 'progress': 'install'}
[54.505778] (game_controller_interface) Command: {'cmd': ['/usr/bin/cmake', '--install', '/home/booster/Workspace/Booster_T1_3v3_Demo/src/build/game_controller_interface'], 'cwd': '/home/booster/Workspace/Booster_T1_3v3_Demo/src/build/game_controller_interface', 'env': OrderedDict([('LESSOPEN', '| /usr/bin/lesspipe %s'), ('USER', 'booster'), ('SSH_CLIENT', '10.10.144.134 51037 22'), ('XDG_SESSION_TYPE', 'tty'), ('GIT_ASKPASS', '/home/booster/.cursor-server/bin/25412918da7e74b2686b25d62da1f01cfcd27680/extensions/git/dist/askpass.sh'), ('SHLVL', '1'), ('LD_LIBRARY_PATH', '/opt/ros/humble/opt/rviz_ogre_vendor/lib:/opt/ros/humble/lib/aarch64-linux-gnu:/opt/ros/humble/lib:/usr/local/cuda/lib64:'), ('BROWSER', '/home/booster/.cursor-server/bin/25412918da7e74b2686b25d62da1f01cfcd27680/bin/helpers/browser.sh'), ('MOTD_SHOWN', 'pam'), ('HOME', '/home/booster'), ('OLDPWD', '/home/booster/Workspace/Booster_T1_3v3_Demo'), ('TERM_PROGRAM_VERSION', '2.0.64'), ('VSCODE_IPC_HOOK_CLI', '/run/user/1000/vscode-ipc-f7ed2610-5b6c-48c9-89fc-6c8784f58529.sock'), ('JETSON_L4T', '36.4.3'), ('ROS_PYTHON_VERSION', '3'), ('JETSON_MODEL', 'Booster T1 AGX Orin V2.1'), ('VSCODE_GIT_ASKPASS_MAIN', '/home/booster/.cursor-server/bin/25412918da7e74b2686b25d62da1f01cfcd27680/extensions/git/dist/askpass-main.js'), ('VSCODE_GIT_ASKPASS_NODE', '/home/booster/.cursor-server/bin/25412918da7e74b2686b25d62da1f01cfcd27680/node'), ('DBUS_SESSION_BUS_ADDRESS', 'unix:path=/run/user/1000/bus'), ('COLORTERM', 'truecolor'), ('ROS_DISTRO', 'humble'), ('LOGNAME', 'booster'), ('JETSON_MODULE', 'NVIDIA Jetson AGX Orin (32GB ram)'), ('JETSON_SERIAL_NUMBER', '1421225046990'), ('_', '/usr/bin/colcon'), ('ROS_VERSION', '2'), ('XDG_SESSION_CLASS', 'user'), ('TERM', 'xterm-256color'), ('XDG_SESSION_ID', '7'), ('ROS_LOCALHOST_ONLY', '0'), ('PATH', '/opt/ros/humble/bin:/usr/local/cuda/bin:/usr/local/sbin:/usr/local/bin:/usr/sbin:/usr/bin:/sbin:/bin:/snap/bin'), ('FASTRTPS_DEFAULT_PROFILES_FILE', '/opt/booster/BoosterRos2/fastdds_profile.xml'), ('CUDA_ROOT', '/usr/local/cuda'), ('XDG_RUNTIME_DIR', '/run/user/1000'), ('LANG', 'en_US.UTF-8'), ('LS_COLORS', 'rs=0:di=01;34:ln=01;36:mh=00:pi=40;33:so=01;35:do=01;35:bd=40;33;01:cd=40;33;01:or=40;31;01:mi=00:su=37;41:sg=30;43:ca=30;41:tw=30;42:ow=34;42:st=37;44:ex=01;32:*.tar=01;31:*.tgz=01;31:*.arc=01;31:*.arj=01;31:*.taz=01;31:*.lha=01;31:*.lz4=01;31:*.lzh=01;31:*.lzma=01;31:*.tlz=01;31:*.txz=01;31:*.tzo=01;31:*.t7z=01;31:*.zip=01;31:*.z=01;31:*.dz=01;31:*.gz=01;31:*.lrz=01;31:*.lz=01;31:*.lzo=01;31:*.xz=01;31:*.zst=01;31:*.tzst=01;31:*.bz2=01;31:*.bz=01;31:*.tbz=01;31:*.tbz2=01;31:*.tz=01;31:*.deb=01;31:*.rpm=01;31:*.jar=01;31:*.war=01;31:*.ear=01;31:*.sar=01;31:*.rar=01;31:*.alz=01;31:*.ace=01;31:*.zoo=01;31:*.cpio=01;31:*.7z=01;31:*.rz=01;31:*.cab=01;31:*.wim=01;31:*.swm=01;31:*.dwm=01;31:*.esd=01;31:*.jpg=01;35:*.jpeg=01;35:*.mjpg=01;35:*.mjpeg=01;35:*.gif=01;35:*.bmp=01;35:*.pbm=01;35:*.pgm=01;35:*.ppm=01;35:*.tga=01;35:*.xbm=01;35:*.xpm=01;35:*.tif=01;35:*.tiff=01;35:*.png=01;35:*.svg=01;35:*.svgz=01;35:*.mng=01;35:*.pcx=01;35:*.mov=01;35:*.mpg=01;35:*.mpeg=01;35:*.m2v=01;35:*.mkv=01;35:*.webm=01;35:*.webp=01;35:*.ogm=01;35:*.mp4=01;35:*.m4v=01;35:*.mp4v=01;35:*.vob=01;35:*.qt=01;35:*.nuv=01;35:*.wmv=01;35:*.asf=01;35:*.rm=01;35:*.rmvb=01;35:*.flc=01;35:*.avi=01;35:*.fli=01;35:*.flv=01;35:*.gl=01;35:*.dl=01;35:*.xcf=01;35:*.xwd=01;35:*.yuv=01;35:*.cgm=01;35:*.emf=01;35:*.ogv=01;35:*.ogx=01;35:*.aac=00;36:*.au=00;36:*.flac=00;36:*.m4a=00;36:*.mid=00;36:*.midi=00;36:*.mka=00;36:*.mp3=00;36:*.mpc=00;36:*.ogg=00;36:*.ra=00;36:*.wav=00;36:*.oga=00;36:*.opus=00;36:*.spx=00;36:*.xspf=00;36:'), ('JETSON_SOC', 'tegra234'), ('VSCODE_GIT_IPC_HANDLE', '/run/user/1000/vscode-git-d36fc8e34d.sock'), ('TERM_PROGRAM', 'vscode'), ('AMENT_PREFIX_PATH', '/opt/ros/humble'), ('SHELL', '/bin/bash'), ('LESSCLOSE', '/usr/bin/lesspipe %s %s'), ('VSCODE_GIT_ASKPASS_EXTRA_ARGS', ''), ('JETSON_CUDA_ARCH_BIN', '8.7'), ('PWD', '/home/booster/Workspace/Booster_T1_3v3_Demo/src/build/game_controller_interface'), ('SSH_CONNECTION', '10.10.144.134 51037 10.10.144.147 22'), ('XDG_DATA_DIRS', '/usr/share/gnome:/usr/local/share:/usr/share:/var/lib/snapd/desktop'), ('PYTHONPATH', '/opt/ros/humble/lib/python3.10/site-packages:/opt/ros/humble/local/lib/python3.10/dist-packages'), ('COLCON', '1'), ('JETSON_JETPACK', '6.2'), ('JETSON_P_NUMBER', 'p3701-0004'), ('CMAKE_PREFIX_PATH', '/opt/ros/humble')]), 'shell': False}
[54.512700] (-) TimerEvent: {}
[54.526230] (game_controller_interface) StdoutLine: {'line': b'-- Install configuration: ""\n'}
[54.527581] (game_controller_interface) StdoutLine: {'line': b'-- Installing: /home/booster/Workspace/Booster_T1_3v3_Demo/src/install/game_controller_interface/share/ament_index/resource_index/rosidl_interfaces/game_controller_interface\n'}
[54.529404] (game_controller_interface) StdoutLine: {'line': b'-- Installing: /home/booster/Workspace/Booster_T1_3v3_Demo/src/install/game_controller_interface/include/game_controller_interface/game_controller_interface\n'}
[54.530581] (game_controller_interface) StdoutLine: {'line': b'-- Installing: /home/booster/Workspace/Booster_T1_3v3_Demo/src/install/game_controller_interface/include/game_controller_interface/game_controller_interface/msg\n'}
[54.531147] (game_controller_interface) StdoutLine: {'line': b'-- Installing: /home/booster/Workspace/Booster_T1_3v3_Demo/src/install/game_controller_interface/include/game_controller_interface/game_controller_interface/msg/game_control_data.h\n'}
[54.532931] (game_controller_interface) StdoutLine: {'line': b'-- Installing: /home/booster/Workspace/Booster_T1_3v3_Demo/src/install/game_controller_interface/include/game_controller_interface/game_controller_interface/msg/robot_info.h\n'}
[54.534622] (game_controller_interface) StdoutLine: {'line': b'-- Installing: /home/booster/Workspace/Booster_T1_3v3_Demo/src/install/game_controller_interface/include/game_controller_interface/game_controller_interface/msg/rosidl_generator_c__visibility_control.h\n'}
[54.536701] (game_controller_interface) StdoutLine: {'line': b'-- Installing: /home/booster/Workspace/Booster_T1_3v3_Demo/src/install/game_controller_interface/include/game_controller_interface/game_controller_interface/msg/detail\n'}
[54.537631] (game_controller_interface) StdoutLine: {'line': b'-- Installing: /home/booster/Workspace/Booster_T1_3v3_Demo/src/install/game_controller_interface/include/game_controller_interface/game_controller_interface/msg/detail/game_control_data__functions.c\n'}
[54.539825] (game_controller_interface) StdoutLine: {'line': b'-- Installing: /home/booster/Workspace/Booster_T1_3v3_Demo/src/install/game_controller_interface/include/game_controller_interface/game_controller_interface/msg/detail/team_info__struct.h\n'}
[54.540507] (game_controller_interface) StdoutLine: {'line': b'-- Installing: /home/booster/Workspace/Booster_T1_3v3_Demo/src/install/game_controller_interface/include/game_controller_interface/game_controller_interface/msg/detail/team_info__functions.c\n'}
[54.540715] (game_controller_interface) StdoutLine: {'line': b'-- Installing: /home/booster/Workspace/Booster_T1_3v3_Demo/src/install/game_controller_interface/include/game_controller_interface/game_controller_interface/msg/detail/robot_info__functions.h\n'}
[54.542817] (game_controller_interface) StdoutLine: {'line': b'-- Installing: /home/booster/Workspace/Booster_T1_3v3_Demo/src/install/game_controller_interface/include/game_controller_interface/game_controller_interface/msg/detail/robot_info__type_support.h\n'}
[54.543173] (game_controller_interface) StdoutLine: {'line': b'-- Installing: /home/booster/Workspace/Booster_T1_3v3_Demo/src/install/game_controller_interface/include/game_controller_interface/game_controller_interface/msg/detail/robot_info__functions.c\n'}
[54.543298] (game_controller_interface) StdoutLine: {'line': b'-- Installing: /home/booster/Workspace/Booster_T1_3v3_Demo/src/install/game_controller_interface/include/game_controller_interface/game_controller_interface/msg/detail/game_control_data__type_support.h\n'}
[54.543442] (game_controller_interface) StdoutLine: {'line': b'-- Installing: /home/booster/Workspace/Booster_T1_3v3_Demo/src/install/game_controller_interface/include/game_controller_interface/game_controller_interface/msg/detail/team_info__functions.h\n'}
[54.543583] (game_controller_interface) StdoutLine: {'line': b'-- Installing: /home/booster/Workspace/Booster_T1_3v3_Demo/src/install/game_controller_interface/include/game_controller_interface/game_controller_interface/msg/detail/team_info__type_support.h\n'}
[54.543722] (game_controller_interface) StdoutLine: {'line': b'-- Installing: /home/booster/Workspace/Booster_T1_3v3_Demo/src/install/game_controller_interface/include/game_controller_interface/game_controller_interface/msg/detail/robot_info__struct.h\n'}
[54.543858] (game_controller_interface) StdoutLine: {'line': b'-- Installing: /home/booster/Workspace/Booster_T1_3v3_Demo/src/install/game_controller_interface/include/game_controller_interface/game_controller_interface/msg/detail/game_control_data__struct.h\n'}
[54.544068] (game_controller_interface) StdoutLine: {'line': b'-- Installing: /home/booster/Workspace/Booster_T1_3v3_Demo/src/install/game_controller_interface/include/game_controller_interface/game_controller_interface/msg/detail/game_control_data__functions.h\n'}
[54.550526] (game_controller_interface) StdoutLine: {'line': b'-- Installing: /home/booster/Workspace/Booster_T1_3v3_Demo/src/install/game_controller_interface/include/game_controller_interface/game_controller_interface/msg/team_info.h\n'}
[54.551063] (game_controller_interface) StdoutLine: {'line': b'-- Installing: /home/booster/Workspace/Booster_T1_3v3_Demo/src/install/game_controller_interface/share/game_controller_interface/environment/library_path.sh\n'}
[54.551349] (game_controller_interface) StdoutLine: {'line': b'-- Installing: /home/booster/Workspace/Booster_T1_3v3_Demo/src/install/game_controller_interface/share/game_controller_interface/environment/library_path.dsv\n'}
[54.551677] (game_controller_interface) StdoutLine: {'line': b'-- Installing: /home/booster/Workspace/Booster_T1_3v3_Demo/src/install/game_controller_interface/lib/libgame_controller_interface__rosidl_generator_c.so\n'}
[54.552745] (game_controller_interface) StdoutLine: {'line': b'-- Set runtime path of "/home/booster/Workspace/Booster_T1_3v3_Demo/src/install/game_controller_interface/lib/libgame_controller_interface__rosidl_generator_c.so" to ""\n'}
[54.553151] (game_controller_interface) StdoutLine: {'line': b'-- Up-to-date: /home/booster/Workspace/Booster_T1_3v3_Demo/src/install/game_controller_interface/include/game_controller_interface/game_controller_interface\n'}
[54.553715] (game_controller_interface) StdoutLine: {'line': b'-- Up-to-date: /home/booster/Workspace/Booster_T1_3v3_Demo/src/install/game_controller_interface/include/game_controller_interface/game_controller_interface/msg\n'}
[54.554246] (game_controller_interface) StdoutLine: {'line': b'-- Up-to-date: /home/booster/Workspace/Booster_T1_3v3_Demo/src/install/game_controller_interface/include/game_controller_interface/game_controller_interface/msg/detail\n'}
[54.554566] (game_controller_interface) StdoutLine: {'line': b'-- Installing: /home/booster/Workspace/Booster_T1_3v3_Demo/src/install/game_controller_interface/include/game_controller_interface/game_controller_interface/msg/detail/game_control_data__rosidl_typesupport_fastrtps_c.h\n'}
[54.554736] (game_controller_interface) StdoutLine: {'line': b'-- Installing: /home/booster/Workspace/Booster_T1_3v3_Demo/src/install/game_controller_interface/include/game_controller_interface/game_controller_interface/msg/detail/team_info__rosidl_typesupport_fastrtps_c.h\n'}
[54.556498] (game_controller_interface) StdoutLine: {'line': b'-- Installing: /home/booster/Workspace/Booster_T1_3v3_Demo/src/install/game_controller_interface/include/game_controller_interface/game_controller_interface/msg/detail/robot_info__rosidl_typesupport_fastrtps_c.h\n'}
[54.556960] (game_controller_interface) StdoutLine: {'line': b'-- Installing: /home/booster/Workspace/Booster_T1_3v3_Demo/src/install/game_controller_interface/include/game_controller_interface/game_controller_interface/msg/rosidl_typesupport_fastrtps_c__visibility_control.h\n'}
[54.557168] (game_controller_interface) StdoutLine: {'line': b'-- Installing: /home/booster/Workspace/Booster_T1_3v3_Demo/src/install/game_controller_interface/lib/libgame_controller_interface__rosidl_typesupport_fastrtps_c.so\n'}
[54.557351] (game_controller_interface) StdoutLine: {'line': b'-- Set runtime path of "/home/booster/Workspace/Booster_T1_3v3_Demo/src/install/game_controller_interface/lib/libgame_controller_interface__rosidl_typesupport_fastrtps_c.so" to ""\n'}
[54.557468] (game_controller_interface) StdoutLine: {'line': b'-- Up-to-date: /home/booster/Workspace/Booster_T1_3v3_Demo/src/install/game_controller_interface/include/game_controller_interface/game_controller_interface\n'}
[54.557641] (game_controller_interface) StdoutLine: {'line': b'-- Up-to-date: /home/booster/Workspace/Booster_T1_3v3_Demo/src/install/game_controller_interface/include/game_controller_interface/game_controller_interface/msg\n'}
[54.557883] (game_controller_interface) StdoutLine: {'line': b'-- Installing: /home/booster/Workspace/Booster_T1_3v3_Demo/src/install/game_controller_interface/include/game_controller_interface/game_controller_interface/msg/game_control_data.hpp\n'}
[54.558118] (game_controller_interface) StdoutLine: {'line': b'-- Up-to-date: /home/booster/Workspace/Booster_T1_3v3_Demo/src/install/game_controller_interface/include/game_controller_interface/game_controller_interface/msg/detail\n'}
[54.558398] (game_controller_interface) StdoutLine: {'line': b'-- Installing: /home/booster/Workspace/Booster_T1_3v3_Demo/src/install/game_controller_interface/include/game_controller_interface/game_controller_interface/msg/detail/robot_info__type_support.hpp\n'}
[54.558707] (game_controller_interface) StdoutLine: {'line': b'-- Installing: /home/booster/Workspace/Booster_T1_3v3_Demo/src/install/game_controller_interface/include/game_controller_interface/game_controller_interface/msg/detail/game_control_data__struct.hpp\n'}
[54.558812] (game_controller_interface) StdoutLine: {'line': b'-- Installing: /home/booster/Workspace/Booster_T1_3v3_Demo/src/install/game_controller_interface/include/game_controller_interface/game_controller_interface/msg/detail/team_info__struct.hpp\n'}
[54.560748] (game_controller_interface) StdoutLine: {'line': b'-- Installing: /home/booster/Workspace/Booster_T1_3v3_Demo/src/install/game_controller_interface/include/game_controller_interface/game_controller_interface/msg/detail/team_info__type_support.hpp\n'}
[54.561862] (game_controller_interface) StdoutLine: {'line': b'-- Installing: /home/booster/Workspace/Booster_T1_3v3_Demo/src/install/game_controller_interface/include/game_controller_interface/game_controller_interface/msg/detail/team_info__builder.hpp\n'}
[54.562467] (game_controller_interface) StdoutLine: {'line': b'-- Installing: /home/booster/Workspace/Booster_T1_3v3_Demo/src/install/game_controller_interface/include/game_controller_interface/game_controller_interface/msg/detail/robot_info__builder.hpp\n'}
[54.562782] (game_controller_interface) StdoutLine: {'line': b'-- Installing: /home/booster/Workspace/Booster_T1_3v3_Demo/src/install/game_controller_interface/include/game_controller_interface/game_controller_interface/msg/detail/team_info__traits.hpp\n'}
[54.562912] (game_controller_interface) StdoutLine: {'line': b'-- Installing: /home/booster/Workspace/Booster_T1_3v3_Demo/src/install/game_controller_interface/include/game_controller_interface/game_controller_interface/msg/detail/robot_info__struct.hpp\n'}
[54.563013] (game_controller_interface) StdoutLine: {'line': b'-- Installing: /home/booster/Workspace/Booster_T1_3v3_Demo/src/install/game_controller_interface/include/game_controller_interface/game_controller_interface/msg/detail/game_control_data__type_support.hpp\n'}
[54.564419] (game_controller_interface) StdoutLine: {'line': b'-- Installing: /home/booster/Workspace/Booster_T1_3v3_Demo/src/install/game_controller_interface/include/game_controller_interface/game_controller_interface/msg/detail/game_control_data__traits.hpp\n'}
[54.564783] (game_controller_interface) StdoutLine: {'line': b'-- Installing: /home/booster/Workspace/Booster_T1_3v3_Demo/src/install/game_controller_interface/include/game_controller_interface/game_controller_interface/msg/detail/game_control_data__builder.hpp\n'}
[54.565028] (game_controller_interface) StdoutLine: {'line': b'-- Installing: /home/booster/Workspace/Booster_T1_3v3_Demo/src/install/game_controller_interface/include/game_controller_interface/game_controller_interface/msg/detail/robot_info__traits.hpp\n'}
[54.565254] (game_controller_interface) StdoutLine: {'line': b'-- Installing: /home/booster/Workspace/Booster_T1_3v3_Demo/src/install/game_controller_interface/include/game_controller_interface/game_controller_interface/msg/rosidl_generator_cpp__visibility_control.hpp\n'}
[54.565450] (game_controller_interface) StdoutLine: {'line': b'-- Installing: /home/booster/Workspace/Booster_T1_3v3_Demo/src/install/game_controller_interface/include/game_controller_interface/game_controller_interface/msg/team_info.hpp\n'}
[54.565624] (game_controller_interface) StdoutLine: {'line': b'-- Installing: /home/booster/Workspace/Booster_T1_3v3_Demo/src/install/game_controller_interface/include/game_controller_interface/game_controller_interface/msg/robot_info.hpp\n'}
[54.565896] (game_controller_interface) StdoutLine: {'line': b'-- Up-to-date: /home/booster/Workspace/Booster_T1_3v3_Demo/src/install/game_controller_interface/include/game_controller_interface/game_controller_interface\n'}
[54.566267] (game_controller_interface) StdoutLine: {'line': b'-- Up-to-date: /home/booster/Workspace/Booster_T1_3v3_Demo/src/install/game_controller_interface/include/game_controller_interface/game_controller_interface/msg\n'}
[54.566515] (game_controller_interface) StdoutLine: {'line': b'-- Up-to-date: /home/booster/Workspace/Booster_T1_3v3_Demo/src/install/game_controller_interface/include/game_controller_interface/game_controller_interface/msg/detail\n'}
[54.566680] (game_controller_interface) StdoutLine: {'line': b'-- Installing: /home/booster/Workspace/Booster_T1_3v3_Demo/src/install/game_controller_interface/include/game_controller_interface/game_controller_interface/msg/detail/game_control_data__rosidl_typesupport_fastrtps_cpp.hpp\n'}
[54.568497] (game_controller_interface) StdoutLine: {'line': b'-- Installing: /home/booster/Workspace/Booster_T1_3v3_Demo/src/install/game_controller_interface/include/game_controller_interface/game_controller_interface/msg/detail/team_info__rosidl_typesupport_fastrtps_cpp.hpp\n'}
[54.569024] (game_controller_interface) StdoutLine: {'line': b'-- Installing: /home/booster/Workspace/Booster_T1_3v3_Demo/src/install/game_controller_interface/include/game_controller_interface/game_controller_interface/msg/detail/robot_info__rosidl_typesupport_fastrtps_cpp.hpp\n'}
[54.569160] (game_controller_interface) StdoutLine: {'line': b'-- Installing: /home/booster/Workspace/Booster_T1_3v3_Demo/src/install/game_controller_interface/include/game_controller_interface/game_controller_interface/msg/detail/dds_fastrtps\n'}
[54.569329] (game_controller_interface) StdoutLine: {'line': b'-- Installing: /home/booster/Workspace/Booster_T1_3v3_Demo/src/install/game_controller_interface/include/game_controller_interface/game_controller_interface/msg/rosidl_typesupport_fastrtps_cpp__visibility_control.h\n'}
[54.569482] (game_controller_interface) StdoutLine: {'line': b'-- Installing: /home/booster/Workspace/Booster_T1_3v3_Demo/src/install/game_controller_interface/lib/libgame_controller_interface__rosidl_typesupport_fastrtps_cpp.so\n'}
[54.570955] (game_controller_interface) StdoutLine: {'line': b'-- Set runtime path of "/home/booster/Workspace/Booster_T1_3v3_Demo/src/install/game_controller_interface/lib/libgame_controller_interface__rosidl_typesupport_fastrtps_cpp.so" to ""\n'}
[54.571201] (game_controller_interface) StdoutLine: {'line': b'-- Up-to-date: /home/booster/Workspace/Booster_T1_3v3_Demo/src/install/game_controller_interface/include/game_controller_interface/game_controller_interface\n'}
[54.571944] (game_controller_interface) StdoutLine: {'line': b'-- Up-to-date: /home/booster/Workspace/Booster_T1_3v3_Demo/src/install/game_controller_interface/include/game_controller_interface/game_controller_interface/msg\n'}
[54.572451] (game_controller_interface) StdoutLine: {'line': b'-- Up-to-date: /home/booster/Workspace/Booster_T1_3v3_Demo/src/install/game_controller_interface/include/game_controller_interface/game_controller_interface/msg/detail\n'}
[54.572693] (game_controller_interface) StdoutLine: {'line': b'-- Installing: /home/booster/Workspace/Booster_T1_3v3_Demo/src/install/game_controller_interface/include/game_controller_interface/game_controller_interface/msg/detail/robot_info__rosidl_typesupport_introspection_c.h\n'}
[54.572862] (game_controller_interface) StdoutLine: {'line': b'-- Installing: /home/booster/Workspace/Booster_T1_3v3_Demo/src/install/game_controller_interface/include/game_controller_interface/game_controller_interface/msg/detail/team_info__rosidl_typesupport_introspection_c.h\n'}
[54.572998] (game_controller_interface) StdoutLine: {'line': b'-- Installing: /home/booster/Workspace/Booster_T1_3v3_Demo/src/install/game_controller_interface/include/game_controller_interface/game_controller_interface/msg/detail/game_control_data__rosidl_typesupport_introspection_c.h\n'}
[54.573091] (game_controller_interface) StdoutLine: {'line': b'-- Installing: /home/booster/Workspace/Booster_T1_3v3_Demo/src/install/game_controller_interface/include/game_controller_interface/game_controller_interface/msg/detail/team_info__type_support.c\n'}
[54.573178] (game_controller_interface) StdoutLine: {'line': b'-- Installing: /home/booster/Workspace/Booster_T1_3v3_Demo/src/install/game_controller_interface/include/game_controller_interface/game_controller_interface/msg/detail/game_control_data__type_support.c\n'}
[54.573278] (game_controller_interface) StdoutLine: {'line': b'-- Installing: /home/booster/Workspace/Booster_T1_3v3_Demo/src/install/game_controller_interface/include/game_controller_interface/game_controller_interface/msg/detail/robot_info__type_support.c\n'}
[54.576795] (game_controller_interface) StdoutLine: {'line': b'-- Installing: /home/booster/Workspace/Booster_T1_3v3_Demo/src/install/game_controller_interface/include/game_controller_interface/game_controller_interface/msg/rosidl_typesupport_introspection_c__visibility_control.h\n'}
[54.577178] (game_controller_interface) StdoutLine: {'line': b'-- Installing: /home/booster/Workspace/Booster_T1_3v3_Demo/src/install/game_controller_interface/lib/libgame_controller_interface__rosidl_typesupport_introspection_c.so\n'}
[54.577645] (game_controller_interface) StdoutLine: {'line': b'-- Set runtime path of "/home/booster/Workspace/Booster_T1_3v3_Demo/src/install/game_controller_interface/lib/libgame_controller_interface__rosidl_typesupport_introspection_c.so" to ""\n'}
[54.577901] (game_controller_interface) StdoutLine: {'line': b'-- Installing: /home/booster/Workspace/Booster_T1_3v3_Demo/src/install/game_controller_interface/lib/libgame_controller_interface__rosidl_typesupport_c.so\n'}
[54.578217] (game_controller_interface) StdoutLine: {'line': b'-- Set runtime path of "/home/booster/Workspace/Booster_T1_3v3_Demo/src/install/game_controller_interface/lib/libgame_controller_interface__rosidl_typesupport_c.so" to ""\n'}
[54.578450] (game_controller_interface) StdoutLine: {'line': b'-- Up-to-date: /home/booster/Workspace/Booster_T1_3v3_Demo/src/install/game_controller_interface/include/game_controller_interface/game_controller_interface\n'}
[54.580601] (game_controller_interface) StdoutLine: {'line': b'-- Up-to-date: /home/booster/Workspace/Booster_T1_3v3_Demo/src/install/game_controller_interface/include/game_controller_interface/game_controller_interface/msg\n'}
[54.581040] (game_controller_interface) StdoutLine: {'line': b'-- Up-to-date: /home/booster/Workspace/Booster_T1_3v3_Demo/src/install/game_controller_interface/include/game_controller_interface/game_controller_interface/msg/detail\n'}
[54.581158] (game_controller_interface) StdoutLine: {'line': b'-- Installing: /home/booster/Workspace/Booster_T1_3v3_Demo/src/install/game_controller_interface/include/game_controller_interface/game_controller_interface/msg/detail/game_control_data__type_support.cpp\n'}
[54.581351] (game_controller_interface) StdoutLine: {'line': b'-- Installing: /home/booster/Workspace/Booster_T1_3v3_Demo/src/install/game_controller_interface/include/game_controller_interface/game_controller_interface/msg/detail/team_info__rosidl_typesupport_introspection_cpp.hpp\n'}
[54.581461] (game_controller_interface) StdoutLine: {'line': b'-- Installing: /home/booster/Workspace/Booster_T1_3v3_Demo/src/install/game_controller_interface/include/game_controller_interface/game_controller_interface/msg/detail/robot_info__rosidl_typesupport_introspection_cpp.hpp\n'}
[54.581556] (game_controller_interface) StdoutLine: {'line': b'-- Installing: /home/booster/Workspace/Booster_T1_3v3_Demo/src/install/game_controller_interface/include/game_controller_interface/game_controller_interface/msg/detail/team_info__type_support.cpp\n'}
[54.581693] (game_controller_interface) StdoutLine: {'line': b'-- Installing: /home/booster/Workspace/Booster_T1_3v3_Demo/src/install/game_controller_interface/include/game_controller_interface/game_controller_interface/msg/detail/robot_info__type_support.cpp\n'}
[54.581891] (game_controller_interface) StdoutLine: {'line': b'-- Installing: /home/booster/Workspace/Booster_T1_3v3_Demo/src/install/game_controller_interface/include/game_controller_interface/game_controller_interface/msg/detail/game_control_data__rosidl_typesupport_introspection_cpp.hpp\n'}
[54.582047] (game_controller_interface) StdoutLine: {'line': b'-- Installing: /home/booster/Workspace/Booster_T1_3v3_Demo/src/install/game_controller_interface/lib/libgame_controller_interface__rosidl_typesupport_introspection_cpp.so\n'}
[54.585135] (game_controller_interface) StdoutLine: {'line': b'-- Set runtime path of "/home/booster/Workspace/Booster_T1_3v3_Demo/src/install/game_controller_interface/lib/libgame_controller_interface__rosidl_typesupport_introspection_cpp.so" to ""\n'}
[54.585467] (game_controller_interface) StdoutLine: {'line': b'-- Installing: /home/booster/Workspace/Booster_T1_3v3_Demo/src/install/game_controller_interface/lib/libgame_controller_interface__rosidl_typesupport_cpp.so\n'}
[54.585640] (game_controller_interface) StdoutLine: {'line': b'-- Set runtime path of "/home/booster/Workspace/Booster_T1_3v3_Demo/src/install/game_controller_interface/lib/libgame_controller_interface__rosidl_typesupport_cpp.so" to ""\n'}
[54.585862] (game_controller_interface) StdoutLine: {'line': b'-- Installing: /home/booster/Workspace/Booster_T1_3v3_Demo/src/install/game_controller_interface/share/game_controller_interface/environment/pythonpath.sh\n'}
[54.586020] (game_controller_interface) StdoutLine: {'line': b'-- Installing: /home/booster/Workspace/Booster_T1_3v3_Demo/src/install/game_controller_interface/share/game_controller_interface/environment/pythonpath.dsv\n'}
[54.586262] (game_controller_interface) StdoutLine: {'line': b'-- Installing: /home/booster/Workspace/Booster_T1_3v3_Demo/src/install/game_controller_interface/local/lib/python3.10/dist-packages/game_controller_interface-1.0.0-py3.10.egg-info\n'}
[54.595143] (game_controller_interface) StdoutLine: {'line': b'-- Installing: /home/booster/Workspace/Booster_T1_3v3_Demo/src/install/game_controller_interface/local/lib/python3.10/dist-packages/game_controller_interface-1.0.0-py3.10.egg-info/dependency_links.txt\n'}
[54.595569] (game_controller_interface) StdoutLine: {'line': b'-- Installing: /home/booster/Workspace/Booster_T1_3v3_Demo/src/install/game_controller_interface/local/lib/python3.10/dist-packages/game_controller_interface-1.0.0-py3.10.egg-info/PKG-INFO\n'}
[54.595722] (game_controller_interface) StdoutLine: {'line': b'-- Installing: /home/booster/Workspace/Booster_T1_3v3_Demo/src/install/game_controller_interface/local/lib/python3.10/dist-packages/game_controller_interface-1.0.0-py3.10.egg-info/top_level.txt\n'}
[54.595985] (game_controller_interface) StdoutLine: {'line': b'-- Installing: /home/booster/Workspace/Booster_T1_3v3_Demo/src/install/game_controller_interface/local/lib/python3.10/dist-packages/game_controller_interface-1.0.0-py3.10.egg-info/SOURCES.txt\n'}
[54.596098] (game_controller_interface) StdoutLine: {'line': b'-- Installing: /home/booster/Workspace/Booster_T1_3v3_Demo/src/install/game_controller_interface/local/lib/python3.10/dist-packages/game_controller_interface\n'}
[54.596390] (game_controller_interface) StdoutLine: {'line': b'-- Installing: /home/booster/Workspace/Booster_T1_3v3_Demo/src/install/game_controller_interface/local/lib/python3.10/dist-packages/game_controller_interface/__init__.py\n'}
[54.596609] (game_controller_interface) StdoutLine: {'line': b'-- Installing: /home/booster/Workspace/Booster_T1_3v3_Demo/src/install/game_controller_interface/local/lib/python3.10/dist-packages/game_controller_interface/libgame_controller_interface__rosidl_generator_py.so\n'}
[54.596854] (game_controller_interface) StdoutLine: {'line': b'-- Installing: /home/booster/Workspace/Booster_T1_3v3_Demo/src/install/game_controller_interface/local/lib/python3.10/dist-packages/game_controller_interface/msg\n'}
[54.596955] (game_controller_interface) StdoutLine: {'line': b'-- Installing: /home/booster/Workspace/Booster_T1_3v3_Demo/src/install/game_controller_interface/local/lib/python3.10/dist-packages/game_controller_interface/msg/__init__.py\n'}
[54.597048] (game_controller_interface) StdoutLine: {'line': b'-- Installing: /home/booster/Workspace/Booster_T1_3v3_Demo/src/install/game_controller_interface/local/lib/python3.10/dist-packages/game_controller_interface/msg/_robot_info_s.c\n'}
[54.597229] (game_controller_interface) StdoutLine: {'line': b'-- Installing: /home/booster/Workspace/Booster_T1_3v3_Demo/src/install/game_controller_interface/local/lib/python3.10/dist-packages/game_controller_interface/msg/_team_info_s.c\n'}
[54.597329] (game_controller_interface) StdoutLine: {'line': b'-- Installing: /home/booster/Workspace/Booster_T1_3v3_Demo/src/install/game_controller_interface/local/lib/python3.10/dist-packages/game_controller_interface/msg/_game_control_data.py\n'}
[54.597460] (game_controller_interface) StdoutLine: {'line': b'-- Installing: /home/booster/Workspace/Booster_T1_3v3_Demo/src/install/game_controller_interface/local/lib/python3.10/dist-packages/game_controller_interface/msg/_robot_info.py\n'}
[54.597595] (game_controller_interface) StdoutLine: {'line': b'-- Installing: /home/booster/Workspace/Booster_T1_3v3_Demo/src/install/game_controller_interface/local/lib/python3.10/dist-packages/game_controller_interface/msg/_team_info.py\n'}
[54.597832] (game_controller_interface) StdoutLine: {'line': b'-- Installing: /home/booster/Workspace/Booster_T1_3v3_Demo/src/install/game_controller_interface/local/lib/python3.10/dist-packages/game_controller_interface/msg/_game_control_data_s.c\n'}
[54.598015] (game_controller_interface) StdoutLine: {'line': b'-- Installing: /home/booster/Workspace/Booster_T1_3v3_Demo/src/install/game_controller_interface/local/lib/python3.10/dist-packages/game_controller_interface/game_controller_interface_s__rosidl_typesupport_fastrtps_c.cpython-310-aarch64-linux-gnu.so\n'}
[54.598309] (game_controller_interface) StdoutLine: {'line': b'-- Installing: /home/booster/Workspace/Booster_T1_3v3_Demo/src/install/game_controller_interface/local/lib/python3.10/dist-packages/game_controller_interface/game_controller_interface_s__rosidl_typesupport_c.cpython-310-aarch64-linux-gnu.so\n'}
[54.598660] (game_controller_interface) StdoutLine: {'line': b'-- Installing: /home/booster/Workspace/Booster_T1_3v3_Demo/src/install/game_controller_interface/local/lib/python3.10/dist-packages/game_controller_interface/_game_controller_interface_s.ep.rosidl_typesupport_fastrtps_c.c\n'}
[54.598894] (game_controller_interface) StdoutLine: {'line': b'-- Installing: /home/booster/Workspace/Booster_T1_3v3_Demo/src/install/game_controller_interface/local/lib/python3.10/dist-packages/game_controller_interface/_game_controller_interface_s.ep.rosidl_typesupport_c.c\n'}
[54.599090] (game_controller_interface) StdoutLine: {'line': b'-- Installing: /home/booster/Workspace/Booster_T1_3v3_Demo/src/install/game_controller_interface/local/lib/python3.10/dist-packages/game_controller_interface/_game_controller_interface_s.ep.rosidl_typesupport_introspection_c.c\n'}
[54.599212] (game_controller_interface) StdoutLine: {'line': b'-- Installing: /home/booster/Workspace/Booster_T1_3v3_Demo/src/install/game_controller_interface/local/lib/python3.10/dist-packages/game_controller_interface/game_controller_interface_s__rosidl_typesupport_introspection_c.cpython-310-aarch64-linux-gnu.so\n'}
[54.612883] (-) TimerEvent: {}
[54.676677] (game_controller_interface) StdoutLine: {'line': b"Listing '/home/booster/Workspace/Booster_T1_3v3_Demo/src/install/game_controller_interface/local/lib/python3.10/dist-packages/game_controller_interface'...\n"}
[54.677033] (game_controller_interface) StdoutLine: {'line': b"Compiling '/home/booster/Workspace/Booster_T1_3v3_Demo/src/install/game_controller_interface/local/lib/python3.10/dist-packages/game_controller_interface/__init__.py'...\n"}
[54.677163] (game_controller_interface) StdoutLine: {'line': b"Listing '/home/booster/Workspace/Booster_T1_3v3_Demo/src/install/game_controller_interface/local/lib/python3.10/dist-packages/game_controller_interface/msg'...\n"}
[54.677261] (game_controller_interface) StdoutLine: {'line': b"Compiling '/home/booster/Workspace/Booster_T1_3v3_Demo/src/install/game_controller_interface/local/lib/python3.10/dist-packages/game_controller_interface/msg/__init__.py'...\n"}
[54.677354] (game_controller_interface) StdoutLine: {'line': b"Compiling '/home/booster/Workspace/Booster_T1_3v3_Demo/src/install/game_controller_interface/local/lib/python3.10/dist-packages/game_controller_interface/msg/_game_control_data.py'...\n"}
[54.677479] (game_controller_interface) StdoutLine: {'line': b"Compiling '/home/booster/Workspace/Booster_T1_3v3_Demo/src/install/game_controller_interface/local/lib/python3.10/dist-packages/game_controller_interface/msg/_robot_info.py'...\n"}
[54.677723] (game_controller_interface) StdoutLine: {'line': b"Compiling '/home/booster/Workspace/Booster_T1_3v3_Demo/src/install/game_controller_interface/local/lib/python3.10/dist-packages/game_controller_interface/msg/_team_info.py'...\n"}
[54.687248] (game_controller_interface) StdoutLine: {'line': b'-- Installing: /home/booster/Workspace/Booster_T1_3v3_Demo/src/install/game_controller_interface/local/lib/python3.10/dist-packages/game_controller_interface/game_controller_interface_s__rosidl_typesupport_fastrtps_c.cpython-310-aarch64-linux-gnu.so\n'}
[54.687593] (game_controller_interface) StdoutLine: {'line': b'-- Set runtime path of "/home/booster/Workspace/Booster_T1_3v3_Demo/src/install/game_controller_interface/local/lib/python3.10/dist-packages/game_controller_interface/game_controller_interface_s__rosidl_typesupport_fastrtps_c.cpython-310-aarch64-linux-gnu.so" to ""\n'}
[54.687890] (game_controller_interface) StdoutLine: {'line': b'-- Installing: /home/booster/Workspace/Booster_T1_3v3_Demo/src/install/game_controller_interface/local/lib/python3.10/dist-packages/game_controller_interface/game_controller_interface_s__rosidl_typesupport_introspection_c.cpython-310-aarch64-linux-gnu.so\n'}
[54.688048] (game_controller_interface) StdoutLine: {'line': b'-- Set runtime path of "/home/booster/Workspace/Booster_T1_3v3_Demo/src/install/game_controller_interface/local/lib/python3.10/dist-packages/game_controller_interface/game_controller_interface_s__rosidl_typesupport_introspection_c.cpython-310-aarch64-linux-gnu.so" to ""\n'}
[54.688236] (game_controller_interface) StdoutLine: {'line': b'-- Installing: /home/booster/Workspace/Booster_T1_3v3_Demo/src/install/game_controller_interface/local/lib/python3.10/dist-packages/game_controller_interface/game_controller_interface_s__rosidl_typesupport_c.cpython-310-aarch64-linux-gnu.so\n'}
[54.688901] (game_controller_interface) StdoutLine: {'line': b'-- Set runtime path of "/home/booster/Workspace/Booster_T1_3v3_Demo/src/install/game_controller_interface/local/lib/python3.10/dist-packages/game_controller_interface/game_controller_interface_s__rosidl_typesupport_c.cpython-310-aarch64-linux-gnu.so" to ""\n'}
[54.689075] (game_controller_interface) StdoutLine: {'line': b'-- Installing: /home/booster/Workspace/Booster_T1_3v3_Demo/src/install/game_controller_interface/lib/libgame_controller_interface__rosidl_generator_py.so\n'}
[54.689719] (game_controller_interface) StdoutLine: {'line': b'-- Set runtime path of "/home/booster/Workspace/Booster_T1_3v3_Demo/src/install/game_controller_interface/lib/libgame_controller_interface__rosidl_generator_py.so" to ""\n'}
[54.689925] (game_controller_interface) StdoutLine: {'line': b'-- Installing: /home/booster/Workspace/Booster_T1_3v3_Demo/src/install/game_controller_interface/share/game_controller_interface/msg/GameControlData.idl\n'}
[54.690033] (game_controller_interface) StdoutLine: {'line': b'-- Installing: /home/booster/Workspace/Booster_T1_3v3_Demo/src/install/game_controller_interface/share/game_controller_interface/msg/RobotInfo.idl\n'}
[54.690184] (game_controller_interface) StdoutLine: {'line': b'-- Installing: /home/booster/Workspace/Booster_T1_3v3_Demo/src/install/game_controller_interface/share/game_controller_interface/msg/TeamInfo.idl\n'}
[54.690315] (game_controller_interface) StdoutLine: {'line': b'-- Installing: /home/booster/Workspace/Booster_T1_3v3_Demo/src/install/game_controller_interface/share/game_controller_interface/msg/GameControlData.msg\n'}
[54.690453] (game_controller_interface) StdoutLine: {'line': b'-- Installing: /home/booster/Workspace/Booster_T1_3v3_Demo/src/install/game_controller_interface/share/game_controller_interface/msg/RobotInfo.msg\n'}
[54.690596] (game_controller_interface) StdoutLine: {'line': b'-- Installing: /home/booster/Workspace/Booster_T1_3v3_Demo/src/install/game_controller_interface/share/game_controller_interface/msg/TeamInfo.msg\n'}
[54.690968] (game_controller_interface) StdoutLine: {'line': b'-- Installing: /home/booster/Workspace/Booster_T1_3v3_Demo/src/install/game_controller_interface/share/ament_index/resource_index/package_run_dependencies/game_controller_interface\n'}
[54.691573] (game_controller_interface) StdoutLine: {'line': b'-- Installing: /home/booster/Workspace/Booster_T1_3v3_Demo/src/install/game_controller_interface/share/ament_index/resource_index/parent_prefix_path/game_controller_interface\n'}
[54.691768] (game_controller_interface) StdoutLine: {'line': b'-- Installing: /home/booster/Workspace/Booster_T1_3v3_Demo/src/install/game_controller_interface/share/game_controller_interface/environment/ament_prefix_path.sh\n'}
[54.691947] (game_controller_interface) StdoutLine: {'line': b'-- Installing: /home/booster/Workspace/Booster_T1_3v3_Demo/src/install/game_controller_interface/share/game_controller_interface/environment/ament_prefix_path.dsv\n'}
[54.692050] (game_controller_interface) StdoutLine: {'line': b'-- Installing: /home/booster/Workspace/Booster_T1_3v3_Demo/src/install/game_controller_interface/share/game_controller_interface/environment/path.sh\n'}
[54.692179] (game_controller_interface) StdoutLine: {'line': b'-- Installing: /home/booster/Workspace/Booster_T1_3v3_Demo/src/install/game_controller_interface/share/game_controller_interface/environment/path.dsv\n'}
[54.692391] (game_controller_interface) StdoutLine: {'line': b'-- Installing: /home/booster/Workspace/Booster_T1_3v3_Demo/src/install/game_controller_interface/share/game_controller_interface/local_setup.bash\n'}
[54.692599] (game_controller_interface) StdoutLine: {'line': b'-- Installing: /home/booster/Workspace/Booster_T1_3v3_Demo/src/install/game_controller_interface/share/game_controller_interface/local_setup.sh\n'}
[54.696781] (game_controller_interface) StdoutLine: {'line': b'-- Installing: /home/booster/Workspace/Booster_T1_3v3_Demo/src/install/game_controller_interface/share/game_controller_interface/local_setup.zsh\n'}
[54.697194] (game_controller_interface) StdoutLine: {'line': b'-- Installing: /home/booster/Workspace/Booster_T1_3v3_Demo/src/install/game_controller_interface/share/game_controller_interface/local_setup.dsv\n'}
[54.697378] (game_controller_interface) StdoutLine: {'line': b'-- Installing: /home/booster/Workspace/Booster_T1_3v3_Demo/src/install/game_controller_interface/share/game_controller_interface/package.dsv\n'}
[54.697638] (game_controller_interface) StdoutLine: {'line': b'-- Installing: /home/booster/Workspace/Booster_T1_3v3_Demo/src/install/game_controller_interface/share/ament_index/resource_index/packages/game_controller_interface\n'}
[54.697997] (game_controller_interface) StdoutLine: {'line': b'-- Installing: /home/booster/Workspace/Booster_T1_3v3_Demo/src/install/game_controller_interface/share/game_controller_interface/cmake/export_game_controller_interface__rosidl_generator_cExport.cmake\n'}
[54.698312] (game_controller_interface) StdoutLine: {'line': b'-- Installing: /home/booster/Workspace/Booster_T1_3v3_Demo/src/install/game_controller_interface/share/game_controller_interface/cmake/export_game_controller_interface__rosidl_generator_cExport-noconfig.cmake\n'}
[54.698477] (game_controller_interface) StdoutLine: {'line': b'-- Installing: /home/booster/Workspace/Booster_T1_3v3_Demo/src/install/game_controller_interface/share/game_controller_interface/cmake/export_game_controller_interface__rosidl_typesupport_fastrtps_cExport.cmake\n'}
[54.698661] (game_controller_interface) StdoutLine: {'line': b'-- Installing: /home/booster/Workspace/Booster_T1_3v3_Demo/src/install/game_controller_interface/share/game_controller_interface/cmake/export_game_controller_interface__rosidl_typesupport_fastrtps_cExport-noconfig.cmake\n'}
[54.698909] (game_controller_interface) StdoutLine: {'line': b'-- Installing: /home/booster/Workspace/Booster_T1_3v3_Demo/src/install/game_controller_interface/share/game_controller_interface/cmake/export_game_controller_interface__rosidl_generator_cppExport.cmake\n'}
[54.699151] (game_controller_interface) StdoutLine: {'line': b'-- Installing: /home/booster/Workspace/Booster_T1_3v3_Demo/src/install/game_controller_interface/share/game_controller_interface/cmake/export_game_controller_interface__rosidl_typesupport_fastrtps_cppExport.cmake\n'}
[54.699377] (game_controller_interface) StdoutLine: {'line': b'-- Installing: /home/booster/Workspace/Booster_T1_3v3_Demo/src/install/game_controller_interface/share/game_controller_interface/cmake/export_game_controller_interface__rosidl_typesupport_fastrtps_cppExport-noconfig.cmake\n'}
[54.699609] (game_controller_interface) StdoutLine: {'line': b'-- Installing: /home/booster/Workspace/Booster_T1_3v3_Demo/src/install/game_controller_interface/share/game_controller_interface/cmake/game_controller_interface__rosidl_typesupport_introspection_cExport.cmake\n'}
[54.699895] (game_controller_interface) StdoutLine: {'line': b'-- Installing: /home/booster/Workspace/Booster_T1_3v3_Demo/src/install/game_controller_interface/share/game_controller_interface/cmake/game_controller_interface__rosidl_typesupport_introspection_cExport-noconfig.cmake\n'}
[54.700161] (game_controller_interface) StdoutLine: {'line': b'-- Installing: /home/booster/Workspace/Booster_T1_3v3_Demo/src/install/game_controller_interface/share/game_controller_interface/cmake/game_controller_interface__rosidl_typesupport_cExport.cmake\n'}
[54.700362] (game_controller_interface) StdoutLine: {'line': b'-- Installing: /home/booster/Workspace/Booster_T1_3v3_Demo/src/install/game_controller_interface/share/game_controller_interface/cmake/game_controller_interface__rosidl_typesupport_cExport-noconfig.cmake\n'}
[54.700600] (game_controller_interface) StdoutLine: {'line': b'-- Installing: /home/booster/Workspace/Booster_T1_3v3_Demo/src/install/game_controller_interface/share/game_controller_interface/cmake/game_controller_interface__rosidl_typesupport_introspection_cppExport.cmake\n'}
[54.700863] (game_controller_interface) StdoutLine: {'line': b'-- Installing: /home/booster/Workspace/Booster_T1_3v3_Demo/src/install/game_controller_interface/share/game_controller_interface/cmake/game_controller_interface__rosidl_typesupport_introspection_cppExport-noconfig.cmake\n'}
[54.701087] (game_controller_interface) StdoutLine: {'line': b'-- Installing: /home/booster/Workspace/Booster_T1_3v3_Demo/src/install/game_controller_interface/share/game_controller_interface/cmake/game_controller_interface__rosidl_typesupport_cppExport.cmake\n'}
[54.701321] (game_controller_interface) StdoutLine: {'line': b'-- Installing: /home/booster/Workspace/Booster_T1_3v3_Demo/src/install/game_controller_interface/share/game_controller_interface/cmake/game_controller_interface__rosidl_typesupport_cppExport-noconfig.cmake\n'}
[54.701568] (game_controller_interface) StdoutLine: {'line': b'-- Installing: /home/booster/Workspace/Booster_T1_3v3_Demo/src/install/game_controller_interface/share/game_controller_interface/cmake/export_game_controller_interface__rosidl_generator_pyExport.cmake\n'}
[54.701770] (game_controller_interface) StdoutLine: {'line': b'-- Installing: /home/booster/Workspace/Booster_T1_3v3_Demo/src/install/game_controller_interface/share/game_controller_interface/cmake/export_game_controller_interface__rosidl_generator_pyExport-noconfig.cmake\n'}
[54.701979] (game_controller_interface) StdoutLine: {'line': b'-- Installing: /home/booster/Workspace/Booster_T1_3v3_Demo/src/install/game_controller_interface/share/game_controller_interface/cmake/rosidl_cmake-extras.cmake\n'}
[54.702203] (game_controller_interface) StdoutLine: {'line': b'-- Installing: /home/booster/Workspace/Booster_T1_3v3_Demo/src/install/game_controller_interface/share/game_controller_interface/cmake/ament_cmake_export_include_directories-extras.cmake\n'}
[54.702401] (game_controller_interface) StdoutLine: {'line': b'-- Installing: /home/booster/Workspace/Booster_T1_3v3_Demo/src/install/game_controller_interface/share/game_controller_interface/cmake/ament_cmake_export_libraries-extras.cmake\n'}
[54.702623] (game_controller_interface) StdoutLine: {'line': b'-- Installing: /home/booster/Workspace/Booster_T1_3v3_Demo/src/install/game_controller_interface/share/game_controller_interface/cmake/ament_cmake_export_targets-extras.cmake\n'}
[54.702828] (game_controller_interface) StdoutLine: {'line': b'-- Installing: /home/booster/Workspace/Booster_T1_3v3_Demo/src/install/game_controller_interface/share/game_controller_interface/cmake/rosidl_cmake_export_typesupport_targets-extras.cmake\n'}
[54.703043] (game_controller_interface) StdoutLine: {'line': b'-- Installing: /home/booster/Workspace/Booster_T1_3v3_Demo/src/install/game_controller_interface/share/game_controller_interface/cmake/ament_cmake_export_dependencies-extras.cmake\n'}
[54.703290] (game_controller_interface) StdoutLine: {'line': b'-- Installing: /home/booster/Workspace/Booster_T1_3v3_Demo/src/install/game_controller_interface/share/game_controller_interface/cmake/rosidl_cmake_export_typesupport_libraries-extras.cmake\n'}
[54.703476] (game_controller_interface) StdoutLine: {'line': b'-- Installing: /home/booster/Workspace/Booster_T1_3v3_Demo/src/install/game_controller_interface/share/game_controller_interface/cmake/game_controller_interfaceConfig.cmake\n'}
[54.703661] (game_controller_interface) StdoutLine: {'line': b'-- Installing: /home/booster/Workspace/Booster_T1_3v3_Demo/src/install/game_controller_interface/share/game_controller_interface/cmake/game_controller_interfaceConfig-version.cmake\n'}
[54.703871] (game_controller_interface) StdoutLine: {'line': b'-- Installing: /home/booster/Workspace/Booster_T1_3v3_Demo/src/install/game_controller_interface/share/game_controller_interface/package.xml\n'}
[54.712373] (game_controller_interface) CommandEnded: {'returncode': 0}
[54.713234] (-) TimerEvent: {}
[54.814719] (-) TimerEvent: {}
[54.834010] (game_controller_interface) JobEnded: {'identifier': 'game_controller_interface', 'rc': 0}
[54.837424] (game_controller) JobStarted: {'identifier': 'game_controller'}
[54.874340] (game_controller) JobProgress: {'identifier': 'game_controller', 'progress': 'cmake'}
[54.877080] (game_controller) Command: {'cmd': ['/usr/bin/cmake', '/home/booster/Workspace/Booster_T1_3v3_Demo/src/game_controller', '-DCMAKE_INSTALL_PREFIX=/home/booster/Workspace/Booster_T1_3v3_Demo/src/install/game_controller'], 'cwd': '/home/booster/Workspace/Booster_T1_3v3_Demo/src/build/game_controller', 'env': OrderedDict([('LESSOPEN', '| /usr/bin/lesspipe %s'), ('USER', 'booster'), ('SSH_CLIENT', '10.10.144.134 51037 22'), ('XDG_SESSION_TYPE', 'tty'), ('GIT_ASKPASS', '/home/booster/.cursor-server/bin/25412918da7e74b2686b25d62da1f01cfcd27680/extensions/git/dist/askpass.sh'), ('SHLVL', '1'), ('LD_LIBRARY_PATH', '/home/booster/Workspace/Booster_T1_3v3_Demo/src/install/game_controller_interface/lib:/opt/ros/humble/opt/rviz_ogre_vendor/lib:/opt/ros/humble/lib/aarch64-linux-gnu:/opt/ros/humble/lib:/usr/local/cuda/lib64'), ('BROWSER', '/home/booster/.cursor-server/bin/25412918da7e74b2686b25d62da1f01cfcd27680/bin/helpers/browser.sh'), ('MOTD_SHOWN', 'pam'), ('HOME', '/home/booster'), ('OLDPWD', '/home/booster/Workspace/Booster_T1_3v3_Demo'), ('TERM_PROGRAM_VERSION', '2.0.64'), ('VSCODE_IPC_HOOK_CLI', '/run/user/1000/vscode-ipc-f7ed2610-5b6c-48c9-89fc-6c8784f58529.sock'), ('JETSON_L4T', '36.4.3'), ('ROS_PYTHON_VERSION', '3'), ('JETSON_MODEL', 'Booster T1 AGX Orin V2.1'), ('VSCODE_GIT_ASKPASS_MAIN', '/home/booster/.cursor-server/bin/25412918da7e74b2686b25d62da1f01cfcd27680/extensions/git/dist/askpass-main.js'), ('VSCODE_GIT_ASKPASS_NODE', '/home/booster/.cursor-server/bin/25412918da7e74b2686b25d62da1f01cfcd27680/node'), ('DBUS_SESSION_BUS_ADDRESS', 'unix:path=/run/user/1000/bus'), ('COLORTERM', 'truecolor'), ('ROS_DISTRO', 'humble'), ('LOGNAME', 'booster'), ('JETSON_MODULE', 'NVIDIA Jetson AGX Orin (32GB ram)'), ('JETSON_SERIAL_NUMBER', '1421225046990'), ('_', '/usr/bin/colcon'), ('ROS_VERSION', '2'), ('XDG_SESSION_CLASS', 'user'), ('TERM', 'xterm-256color'), ('XDG_SESSION_ID', '7'), ('ROS_LOCALHOST_ONLY', '0'), ('PATH', '/opt/ros/humble/bin:/usr/local/cuda/bin:/usr/local/sbin:/usr/local/bin:/usr/sbin:/usr/bin:/sbin:/bin:/snap/bin'), ('FASTRTPS_DEFAULT_PROFILES_FILE', '/opt/booster/BoosterRos2/fastdds_profile.xml'), ('CUDA_ROOT', '/usr/local/cuda'), ('XDG_RUNTIME_DIR', '/run/user/1000'), ('LANG', 'en_US.UTF-8'), ('LS_COLORS', 'rs=0:di=01;34:ln=01;36:mh=00:pi=40;33:so=01;35:do=01;35:bd=40;33;01:cd=40;33;01:or=40;31;01:mi=00:su=37;41:sg=30;43:ca=30;41:tw=30;42:ow=34;42:st=37;44:ex=01;32:*.tar=01;31:*.tgz=01;31:*.arc=01;31:*.arj=01;31:*.taz=01;31:*.lha=01;31:*.lz4=01;31:*.lzh=01;31:*.lzma=01;31:*.tlz=01;31:*.txz=01;31:*.tzo=01;31:*.t7z=01;31:*.zip=01;31:*.z=01;31:*.dz=01;31:*.gz=01;31:*.lrz=01;31:*.lz=01;31:*.lzo=01;31:*.xz=01;31:*.zst=01;31:*.tzst=01;31:*.bz2=01;31:*.bz=01;31:*.tbz=01;31:*.tbz2=01;31:*.tz=01;31:*.deb=01;31:*.rpm=01;31:*.jar=01;31:*.war=01;31:*.ear=01;31:*.sar=01;31:*.rar=01;31:*.alz=01;31:*.ace=01;31:*.zoo=01;31:*.cpio=01;31:*.7z=01;31:*.rz=01;31:*.cab=01;31:*.wim=01;31:*.swm=01;31:*.dwm=01;31:*.esd=01;31:*.jpg=01;35:*.jpeg=01;35:*.mjpg=01;35:*.mjpeg=01;35:*.gif=01;35:*.bmp=01;35:*.pbm=01;35:*.pgm=01;35:*.ppm=01;35:*.tga=01;35:*.xbm=01;35:*.xpm=01;35:*.tif=01;35:*.tiff=01;35:*.png=01;35:*.svg=01;35:*.svgz=01;35:*.mng=01;35:*.pcx=01;35:*.mov=01;35:*.mpg=01;35:*.mpeg=01;35:*.m2v=01;35:*.mkv=01;35:*.webm=01;35:*.webp=01;35:*.ogm=01;35:*.mp4=01;35:*.m4v=01;35:*.mp4v=01;35:*.vob=01;35:*.qt=01;35:*.nuv=01;35:*.wmv=01;35:*.asf=01;35:*.rm=01;35:*.rmvb=01;35:*.flc=01;35:*.avi=01;35:*.fli=01;35:*.flv=01;35:*.gl=01;35:*.dl=01;35:*.xcf=01;35:*.xwd=01;35:*.yuv=01;35:*.cgm=01;35:*.emf=01;35:*.ogv=01;35:*.ogx=01;35:*.aac=00;36:*.au=00;36:*.flac=00;36:*.m4a=00;36:*.mid=00;36:*.midi=00;36:*.mka=00;36:*.mp3=00;36:*.mpc=00;36:*.ogg=00;36:*.ra=00;36:*.wav=00;36:*.oga=00;36:*.opus=00;36:*.spx=00;36:*.xspf=00;36:'), ('JETSON_SOC', 'tegra234'), ('VSCODE_GIT_IPC_HANDLE', '/run/user/1000/vscode-git-d36fc8e34d.sock'), ('TERM_PROGRAM', 'vscode'), ('AMENT_PREFIX_PATH', '/home/booster/Workspace/Booster_T1_3v3_Demo/src/install/game_controller_interface:/opt/ros/humble'), ('SHELL', '/bin/bash'), ('LESSCLOSE', '/usr/bin/lesspipe %s %s'), ('VSCODE_GIT_ASKPASS_EXTRA_ARGS', ''), ('JETSON_CUDA_ARCH_BIN', '8.7'), ('PWD', '/home/booster/Workspace/Booster_T1_3v3_Demo/src/build/game_controller'), ('SSH_CONNECTION', '10.10.144.134 51037 10.10.144.147 22'), ('XDG_DATA_DIRS', '/usr/share/gnome:/usr/local/share:/usr/share:/var/lib/snapd/desktop'), ('PYTHONPATH', '/home/booster/Workspace/Booster_T1_3v3_Demo/src/install/game_controller_interface/local/lib/python3.10/dist-packages:/opt/ros/humble/lib/python3.10/site-packages:/opt/ros/humble/local/lib/python3.10/dist-packages'), ('COLCON', '1'), ('JETSON_JETPACK', '6.2'), ('JETSON_P_NUMBER', 'p3701-0004'), ('CMAKE_PREFIX_PATH', '/home/booster/Workspace/Booster_T1_3v3_Demo/src/install/game_controller_interface:/opt/ros/humble')]), 'shell': False}
[54.915763] (-) TimerEvent: {}
[54.921451] (vision_interface) StdoutLine: {'line': b'[ 30%] \x1b[32mBuilding CXX object CMakeFiles/vision_interface__rosidl_typesupport_cpp.dir/rosidl_typesupport_cpp/vision_interface/msg/segmentation_result__type_support.cpp.o\x1b[0m\n'}
[55.015920] (-) TimerEvent: {}
[55.027135] (game_controller) StdoutLine: {'line': b'-- The C compiler identification is GNU 11.4.0\n'}
[55.116143] (-) TimerEvent: {}
[55.198383] (booster_interface) StdoutLine: {'line': b'[ 15%] \x1b[32mBuilding CXX object CMakeFiles/booster_interface__rosidl_typesupport_fastrtps_cpp.dir/rosidl_typesupport_fastrtps_cpp/booster_interface/msg/detail/dds_fastrtps/button_event_msg__type_support.cpp.o\x1b[0m\n'}
[55.216281] (-) TimerEvent: {}
[55.225785] (game_controller) StdoutLine: {'line': b'-- The CXX compiler identification is GNU 11.4.0\n'}
[55.252826] (game_controller) StdoutLine: {'line': b'-- Detecting C compiler ABI info\n'}
[55.316468] (-) TimerEvent: {}
[55.417017] (-) TimerEvent: {}
[55.517528] (-) TimerEvent: {}
[55.523358] (game_controller) StdoutLine: {'line': b'-- Detecting C compiler ABI info - done\n'}
[55.536097] (game_controller) StdoutLine: {'line': b'-- Check for working C compiler: /usr/bin/cc - skipped\n'}
[55.537545] (game_controller) StdoutLine: {'line': b'-- Detecting C compile features\n'}
[55.548521] (game_controller) StdoutLine: {'line': b'-- Detecting C compile features - done\n'}
[55.564623] (game_controller) StdoutLine: {'line': b'-- Detecting CXX compiler ABI info\n'}
[55.617808] (-) TimerEvent: {}
[55.718427] (-) TimerEvent: {}
[55.819132] (-) TimerEvent: {}
[55.919976] (-) TimerEvent: {}
[55.933932] (vision_interface) StdoutLine: {'line': b'[ 31%] \x1b[32mBuilding CXX object CMakeFiles/vision_interface__rosidl_typesupport_cpp.dir/rosidl_typesupport_cpp/vision_interface/msg/image_head_position__type_support.cpp.o\x1b[0m\n'}
[55.981107] (game_controller) StdoutLine: {'line': b'-- Detecting CXX compiler ABI info - done\n'}
[55.993565] (game_controller) StdoutLine: {'line': b'-- Check for working CXX compiler: /usr/bin/c++ - skipped\n'}
[55.996104] (game_controller) StdoutLine: {'line': b'-- Detecting CXX compile features\n'}
[56.002185] (game_controller) StdoutLine: {'line': b'-- Detecting CXX compile features - done\n'}
[56.015308] (game_controller) StdoutLine: {'line': b'-- Found ament_cmake: 1.3.11 (/opt/ros/humble/share/ament_cmake/cmake)\n'}
[56.020115] (-) TimerEvent: {}
[56.120630] (-) TimerEvent: {}
[56.221218] (-) TimerEvent: {}
[56.321753] (-) TimerEvent: {}
[56.422269] (-) TimerEvent: {}
[56.522765] (-) TimerEvent: {}
[56.542286] (booster_interface) StdoutLine: {'line': b'[ 15%] \x1b[32mBuilding CXX object CMakeFiles/booster_interface__rosidl_typesupport_fastrtps_cpp.dir/rosidl_typesupport_fastrtps_cpp/booster_interface/msg/detail/dds_fastrtps/motor_state__type_support.cpp.o\x1b[0m\n'}
[56.622911] (-) TimerEvent: {}
[56.723417] (-) TimerEvent: {}
[56.724920] (vision_interface) StdoutLine: {'line': b'[ 32%] \x1b[32mBuilding CXX object CMakeFiles/vision_interface__rosidl_typesupport_cpp.dir/rosidl_typesupport_cpp/vision_interface/msg/ball__type_support.cpp.o\x1b[0m\n'}
[56.755924] (game_controller) StdoutLine: {'line': b'-- Found Python3: /usr/bin/python3 (found version "3.10.12") found components: Interpreter \n'}
[56.823554] (-) TimerEvent: {}
[56.924150] (-) TimerEvent: {}
[57.025073] (-) TimerEvent: {}
[57.128255] (-) TimerEvent: {}
[57.228906] (-) TimerEvent: {}
[57.260545] (game_controller) StdoutLine: {'line': b'-- Found rclcpp: 16.0.12 (/opt/ros/humble/share/rclcpp/cmake)\n'}
[57.329129] (-) TimerEvent: {}
[57.353429] (game_controller) StdoutLine: {'line': b'-- Found rosidl_generator_c: 3.1.6 (/opt/ros/humble/share/rosidl_generator_c/cmake)\n'}
[57.362519] (game_controller) StdoutLine: {'line': b'-- Found rosidl_adapter: 3.1.6 (/opt/ros/humble/share/rosidl_adapter/cmake)\n'}
[57.376030] (game_controller) StdoutLine: {'line': b'-- Found rosidl_generator_cpp: 3.1.6 (/opt/ros/humble/share/rosidl_generator_cpp/cmake)\n'}
[57.429247] (-) TimerEvent: {}
[57.467325] (game_controller) StdoutLine: {'line': b'-- Using all available rosidl_typesupport_c: rosidl_typesupport_fastrtps_c;rosidl_typesupport_introspection_c\n'}
[57.525173] (game_controller) StdoutLine: {'line': b'-- Using all available rosidl_typesupport_cpp: rosidl_typesupport_fastrtps_cpp;rosidl_typesupport_introspection_cpp\n'}
[57.530679] (-) TimerEvent: {}
[57.591142] (vision_interface) StdoutLine: {'line': b'[ 33%] \x1b[32mBuilding CXX object CMakeFiles/vision_interface__rosidl_typesupport_cpp.dir/rosidl_typesupport_cpp/vision_interface/msg/line_segments__type_support.cpp.o\x1b[0m\n'}
[57.593806] (game_controller) StdoutLine: {'line': b'-- Found rmw_implementation_cmake: 6.1.2 (/opt/ros/humble/share/rmw_implementation_cmake/cmake)\n'}
[57.597533] (game_controller) StdoutLine: {'line': b'-- Found rmw_fastrtps_cpp: 6.2.7 (/opt/ros/humble/share/rmw_fastrtps_cpp/cmake)\n'}
[57.630836] (-) TimerEvent: {}
[57.669263] (booster_interface) StdoutLine: {'line': b'[ 16%] \x1b[32mBuilding CXX object CMakeFiles/booster_interface__rosidl_typesupport_fastrtps_cpp.dir/rosidl_typesupport_fastrtps_cpp/booster_interface/msg/detail/dds_fastrtps/motor_cmd__type_support.cpp.o\x1b[0m\n'}
[57.730979] (-) TimerEvent: {}
[57.831472] (-) TimerEvent: {}
[57.931959] (-) TimerEvent: {}
[57.936052] (game_controller) StdoutLine: {'line': b'-- Found OpenSSL: /usr/lib/aarch64-linux-gnu/libcrypto.so (found version "3.0.2")  \n'}
[58.032104] (-) TimerEvent: {}
[58.047911] (game_controller) StdoutLine: {'line': b'-- Found FastRTPS: /opt/ros/humble/include  \n'}
[58.132278] (-) TimerEvent: {}
[58.157270] (game_controller) StdoutLine: {'line': b"-- Using RMW implementation 'rmw_fastrtps_cpp' as default\n"}
[58.158324] (vision_interface) StdoutLine: {'line': b'[ 34%] \x1b[32mBuilding CXX object CMakeFiles/vision_interface__rosidl_typesupport_cpp.dir/rosidl_typesupport_cpp/vision_interface/msg/detections__type_support.cpp.o\x1b[0m\n'}
[58.179608] (game_controller) StdoutLine: {'line': b'-- Looking for pthread.h\n'}
[58.232431] (-) TimerEvent: {}
[58.333050] (-) TimerEvent: {}
[58.433793] (-) TimerEvent: {}
[58.444814] (game_controller) StdoutLine: {'line': b'-- Looking for pthread.h - found\n'}
[58.447129] (game_controller) StdoutLine: {'line': b'-- Performing Test CMAKE_HAVE_LIBC_PTHREAD\n'}
[58.533982] (-) TimerEvent: {}
[58.634594] (-) TimerEvent: {}
[58.701035] (game_controller) StdoutLine: {'line': b'-- Performing Test CMAKE_HAVE_LIBC_PTHREAD - Success\n'}
[58.702499] (booster_interface) StdoutLine: {'line': b'[ 17%] \x1b[32mBuilding CXX object CMakeFiles/booster_interface__rosidl_typesupport_fastrtps_cpp.dir/rosidl_typesupport_fastrtps_cpp/booster_interface/msg/detail/dds_fastrtps/low_cmd__type_support.cpp.o\x1b[0m\n'}
[58.706285] (game_controller) StdoutLine: {'line': b'-- Found Threads: TRUE  \n'}
[58.734740] (-) TimerEvent: {}
[58.835249] (-) TimerEvent: {}
[58.892004] (game_controller) StdoutLine: {'line': b'-- Found game_controller_interface: 1.0.0 (/home/booster/Workspace/Booster_T1_3v3_Demo/src/install/game_controller_interface/share/game_controller_interface/cmake)\n'}
[58.936256] (-) TimerEvent: {}
[59.036729] (-) TimerEvent: {}
[59.050662] (vision_interface) StdoutLine: {'line': b'[ 35%] \x1b[32m\x1b[1mLinking CXX shared library libvision_interface__rosidl_typesupport_cpp.so\x1b[0m\n'}
[59.136893] (-) TimerEvent: {}
[59.198850] (game_controller) StdoutLine: {'line': b'-- Configuring done\n'}
[59.204679] (vision_interface) StdoutLine: {'line': b'[ 35%] Built target vision_interface__rosidl_typesupport_cpp\n'}
[59.237344] (-) TimerEvent: {}
[59.240201] (game_controller) StdoutLine: {'line': b'-- Generating done\n'}
[59.258466] (game_controller) StdoutLine: {'line': b'-- Build files have been written to: /home/booster/Workspace/Booster_T1_3v3_Demo/src/build/game_controller\n'}
[59.272165] (vision_interface) StdoutLine: {'line': b'[ 36%] \x1b[34m\x1b[1mGenerating C code for ROS interfaces\x1b[0m\n'}
[59.292283] (game_controller) CommandEnded: {'returncode': 0}
[59.295279] (game_controller) JobProgress: {'identifier': 'game_controller', 'progress': 'build'}
[59.295370] (game_controller) Command: {'cmd': ['/usr/bin/cmake', '--build', '/home/booster/Workspace/Booster_T1_3v3_Demo/src/build/game_controller', '--', '-j5', '-l5'], 'cwd': '/home/booster/Workspace/Booster_T1_3v3_Demo/src/build/game_controller', 'env': OrderedDict([('LESSOPEN', '| /usr/bin/lesspipe %s'), ('USER', 'booster'), ('SSH_CLIENT', '10.10.144.134 51037 22'), ('XDG_SESSION_TYPE', 'tty'), ('GIT_ASKPASS', '/home/booster/.cursor-server/bin/25412918da7e74b2686b25d62da1f01cfcd27680/extensions/git/dist/askpass.sh'), ('SHLVL', '1'), ('LD_LIBRARY_PATH', '/home/booster/Workspace/Booster_T1_3v3_Demo/src/install/game_controller_interface/lib:/opt/ros/humble/opt/rviz_ogre_vendor/lib:/opt/ros/humble/lib/aarch64-linux-gnu:/opt/ros/humble/lib:/usr/local/cuda/lib64'), ('BROWSER', '/home/booster/.cursor-server/bin/25412918da7e74b2686b25d62da1f01cfcd27680/bin/helpers/browser.sh'), ('MOTD_SHOWN', 'pam'), ('HOME', '/home/booster'), ('OLDPWD', '/home/booster/Workspace/Booster_T1_3v3_Demo'), ('TERM_PROGRAM_VERSION', '2.0.64'), ('VSCODE_IPC_HOOK_CLI', '/run/user/1000/vscode-ipc-f7ed2610-5b6c-48c9-89fc-6c8784f58529.sock'), ('JETSON_L4T', '36.4.3'), ('ROS_PYTHON_VERSION', '3'), ('JETSON_MODEL', 'Booster T1 AGX Orin V2.1'), ('VSCODE_GIT_ASKPASS_MAIN', '/home/booster/.cursor-server/bin/25412918da7e74b2686b25d62da1f01cfcd27680/extensions/git/dist/askpass-main.js'), ('VSCODE_GIT_ASKPASS_NODE', '/home/booster/.cursor-server/bin/25412918da7e74b2686b25d62da1f01cfcd27680/node'), ('DBUS_SESSION_BUS_ADDRESS', 'unix:path=/run/user/1000/bus'), ('COLORTERM', 'truecolor'), ('ROS_DISTRO', 'humble'), ('LOGNAME', 'booster'), ('JETSON_MODULE', 'NVIDIA Jetson AGX Orin (32GB ram)'), ('JETSON_SERIAL_NUMBER', '1421225046990'), ('_', '/usr/bin/colcon'), ('ROS_VERSION', '2'), ('XDG_SESSION_CLASS', 'user'), ('TERM', 'xterm-256color'), ('XDG_SESSION_ID', '7'), ('ROS_LOCALHOST_ONLY', '0'), ('PATH', '/opt/ros/humble/bin:/usr/local/cuda/bin:/usr/local/sbin:/usr/local/bin:/usr/sbin:/usr/bin:/sbin:/bin:/snap/bin'), ('FASTRTPS_DEFAULT_PROFILES_FILE', '/opt/booster/BoosterRos2/fastdds_profile.xml'), ('CUDA_ROOT', '/usr/local/cuda'), ('XDG_RUNTIME_DIR', '/run/user/1000'), ('LANG', 'en_US.UTF-8'), ('LS_COLORS', 'rs=0:di=01;34:ln=01;36:mh=00:pi=40;33:so=01;35:do=01;35:bd=40;33;01:cd=40;33;01:or=40;31;01:mi=00:su=37;41:sg=30;43:ca=30;41:tw=30;42:ow=34;42:st=37;44:ex=01;32:*.tar=01;31:*.tgz=01;31:*.arc=01;31:*.arj=01;31:*.taz=01;31:*.lha=01;31:*.lz4=01;31:*.lzh=01;31:*.lzma=01;31:*.tlz=01;31:*.txz=01;31:*.tzo=01;31:*.t7z=01;31:*.zip=01;31:*.z=01;31:*.dz=01;31:*.gz=01;31:*.lrz=01;31:*.lz=01;31:*.lzo=01;31:*.xz=01;31:*.zst=01;31:*.tzst=01;31:*.bz2=01;31:*.bz=01;31:*.tbz=01;31:*.tbz2=01;31:*.tz=01;31:*.deb=01;31:*.rpm=01;31:*.jar=01;31:*.war=01;31:*.ear=01;31:*.sar=01;31:*.rar=01;31:*.alz=01;31:*.ace=01;31:*.zoo=01;31:*.cpio=01;31:*.7z=01;31:*.rz=01;31:*.cab=01;31:*.wim=01;31:*.swm=01;31:*.dwm=01;31:*.esd=01;31:*.jpg=01;35:*.jpeg=01;35:*.mjpg=01;35:*.mjpeg=01;35:*.gif=01;35:*.bmp=01;35:*.pbm=01;35:*.pgm=01;35:*.ppm=01;35:*.tga=01;35:*.xbm=01;35:*.xpm=01;35:*.tif=01;35:*.tiff=01;35:*.png=01;35:*.svg=01;35:*.svgz=01;35:*.mng=01;35:*.pcx=01;35:*.mov=01;35:*.mpg=01;35:*.mpeg=01;35:*.m2v=01;35:*.mkv=01;35:*.webm=01;35:*.webp=01;35:*.ogm=01;35:*.mp4=01;35:*.m4v=01;35:*.mp4v=01;35:*.vob=01;35:*.qt=01;35:*.nuv=01;35:*.wmv=01;35:*.asf=01;35:*.rm=01;35:*.rmvb=01;35:*.flc=01;35:*.avi=01;35:*.fli=01;35:*.flv=01;35:*.gl=01;35:*.dl=01;35:*.xcf=01;35:*.xwd=01;35:*.yuv=01;35:*.cgm=01;35:*.emf=01;35:*.ogv=01;35:*.ogx=01;35:*.aac=00;36:*.au=00;36:*.flac=00;36:*.m4a=00;36:*.mid=00;36:*.midi=00;36:*.mka=00;36:*.mp3=00;36:*.mpc=00;36:*.ogg=00;36:*.ra=00;36:*.wav=00;36:*.oga=00;36:*.opus=00;36:*.spx=00;36:*.xspf=00;36:'), ('JETSON_SOC', 'tegra234'), ('VSCODE_GIT_IPC_HANDLE', '/run/user/1000/vscode-git-d36fc8e34d.sock'), ('TERM_PROGRAM', 'vscode'), ('AMENT_PREFIX_PATH', '/home/booster/Workspace/Booster_T1_3v3_Demo/src/install/game_controller_interface:/opt/ros/humble'), ('SHELL', '/bin/bash'), ('LESSCLOSE', '/usr/bin/lesspipe %s %s'), ('VSCODE_GIT_ASKPASS_EXTRA_ARGS', ''), ('JETSON_CUDA_ARCH_BIN', '8.7'), ('PWD', '/home/booster/Workspace/Booster_T1_3v3_Demo/src/build/game_controller'), ('SSH_CONNECTION', '10.10.144.134 51037 10.10.144.147 22'), ('XDG_DATA_DIRS', '/usr/share/gnome:/usr/local/share:/usr/share:/var/lib/snapd/desktop'), ('PYTHONPATH', '/home/booster/Workspace/Booster_T1_3v3_Demo/src/install/game_controller_interface/local/lib/python3.10/dist-packages:/opt/ros/humble/lib/python3.10/site-packages:/opt/ros/humble/local/lib/python3.10/dist-packages'), ('COLCON', '1'), ('JETSON_JETPACK', '6.2'), ('JETSON_P_NUMBER', 'p3701-0004'), ('CMAKE_PREFIX_PATH', '/home/booster/Workspace/Booster_T1_3v3_Demo/src/install/game_controller_interface:/opt/ros/humble')]), 'shell': False}
[59.337475] (-) TimerEvent: {}
[59.438011] (-) TimerEvent: {}
[59.533026] (game_controller) StdoutLine: {'line': b'[ 33%] \x1b[32mBuilding CXX object CMakeFiles/game_controller_node.dir/src/main.cpp.o\x1b[0m\n'}
[59.538141] (-) TimerEvent: {}
[59.638756] (-) TimerEvent: {}
[59.739600] (-) TimerEvent: {}
[59.841530] (-) TimerEvent: {}
[59.882279] (booster_interface) StdoutLine: {'line': b'[ 17%] \x1b[32mBuilding CXX object CMakeFiles/booster_interface__rosidl_typesupport_fastrtps_cpp.dir/rosidl_typesupport_fastrtps_cpp/booster_interface/msg/detail/dds_fastrtps/imu_state__type_support.cpp.o\x1b[0m\n'}
[59.941826] (-) TimerEvent: {}
[60.042540] (-) TimerEvent: {}
[60.143050] (-) TimerEvent: {}
[60.243769] (-) TimerEvent: {}
[60.344332] (-) TimerEvent: {}
[60.445053] (-) TimerEvent: {}
[60.545701] (-) TimerEvent: {}
[60.646202] (-) TimerEvent: {}
[60.747271] (-) TimerEvent: {}
[60.848915] (-) TimerEvent: {}
[60.933596] (booster_interface) StdoutLine: {'line': b'[ 18%] \x1b[32mBuilding CXX object CMakeFiles/booster_interface__rosidl_typesupport_fastrtps_cpp.dir/rosidl_typesupport_fastrtps_cpp/booster_interface/msg/detail/dds_fastrtps/low_state__type_support.cpp.o\x1b[0m\n'}
[60.949120] (-) TimerEvent: {}
[61.051079] (-) TimerEvent: {}
[61.151539] (-) TimerEvent: {}
[61.252505] (-) TimerEvent: {}
[61.353548] (-) TimerEvent: {}
[61.454059] (-) TimerEvent: {}
[61.554531] (-) TimerEvent: {}
[61.655026] (-) TimerEvent: {}
[61.755677] (-) TimerEvent: {}
[61.856388] (-) TimerEvent: {}
[61.957055] (-) TimerEvent: {}
[62.057561] (-) TimerEvent: {}
[62.158067] (-) TimerEvent: {}
[62.258622] (-) TimerEvent: {}
[62.359408] (-) TimerEvent: {}
[62.444095] (booster_interface) StdoutLine: {'line': b'[ 18%] \x1b[32mBuilding CXX object CMakeFiles/booster_interface__rosidl_typesupport_fastrtps_cpp.dir/rosidl_typesupport_fastrtps_cpp/booster_interface/msg/detail/dds_fastrtps/raw_bytes_msg__type_support.cpp.o\x1b[0m\n'}
[62.459515] (-) TimerEvent: {}
[62.560121] (-) TimerEvent: {}
[62.652019] (vision_interface) StdoutLine: {'line': b'[ 37%] \x1b[32mBuilding C object CMakeFiles/vision_interface__rosidl_generator_c.dir/rosidl_generator_c/vision_interface/msg/detail/detected_object__functions.c.o\x1b[0m\n'}
[62.660317] (-) TimerEvent: {}
[62.760919] (-) TimerEvent: {}
[62.861425] (-) TimerEvent: {}
[62.914178] (vision_interface) StdoutLine: {'line': b'[ 38%] \x1b[32mBuilding C object CMakeFiles/vision_interface__rosidl_generator_c.dir/rosidl_generator_c/vision_interface/msg/detail/detections_track__functions.c.o\x1b[0m\n'}
[62.961613] (-) TimerEvent: {}
[63.062193] (-) TimerEvent: {}
[63.162735] (-) TimerEvent: {}
[63.173095] (vision_interface) StdoutLine: {'line': b'[ 39%] \x1b[32mBuilding C object CMakeFiles/vision_interface__rosidl_generator_c.dir/rosidl_generator_c/vision_interface/msg/detail/segmentation_point__functions.c.o\x1b[0m\n'}
[63.262900] (-) TimerEvent: {}
[63.363456] (-) TimerEvent: {}
[63.394488] (vision_interface) StdoutLine: {'line': b'[ 40%] \x1b[32mBuilding C object CMakeFiles/vision_interface__rosidl_generator_c.dir/rosidl_generator_c/vision_interface/msg/detail/segmentation_line__functions.c.o\x1b[0m\n'}
[63.463886] (-) TimerEvent: {}
[63.564497] (-) TimerEvent: {}
[63.595313] (booster_interface) StdoutLine: {'line': b'[ 19%] \x1b[32mBuilding CXX object CMakeFiles/booster_interface__rosidl_typesupport_fastrtps_cpp.dir/rosidl_typesupport_fastrtps_cpp/booster_interface/msg/detail/dds_fastrtps/raw_bytes_stamped__type_support.cpp.o\x1b[0m\n'}
[63.636104] (vision_interface) StdoutLine: {'line': b'[ 41%] \x1b[32mBuilding C object CMakeFiles/vision_interface__rosidl_generator_c.dir/rosidl_generator_c/vision_interface/msg/detail/segmentation_result__functions.c.o\x1b[0m\n'}
[63.664597] (-) TimerEvent: {}
[63.765740] (-) TimerEvent: {}
[63.804395] (vision_interface) StdoutLine: {'line': b'[ 42%] \x1b[32mBuilding C object CMakeFiles/vision_interface__rosidl_generator_c.dir/rosidl_generator_c/vision_interface/msg/detail/image_head_position__functions.c.o\x1b[0m\n'}
[63.865882] (-) TimerEvent: {}
[63.966388] (-) TimerEvent: {}
[64.066933] (-) TimerEvent: {}
[64.073862] (vision_interface) StdoutLine: {'line': b'[ 43%] \x1b[32mBuilding C object CMakeFiles/vision_interface__rosidl_generator_c.dir/rosidl_generator_c/vision_interface/msg/detail/ball__functions.c.o\x1b[0m\n'}
[64.167104] (-) TimerEvent: {}
[64.268067] (-) TimerEvent: {}
[64.294065] (vision_interface) StdoutLine: {'line': b'[ 44%] \x1b[32mBuilding C object CMakeFiles/vision_interface__rosidl_generator_c.dir/rosidl_generator_c/vision_interface/msg/detail/cal_param__functions.c.o\x1b[0m\n'}
[64.368214] (-) TimerEvent: {}
[64.468739] (-) TimerEvent: {}
[64.491028] (vision_interface) StdoutLine: {'line': b'[ 45%] \x1b[32mBuilding C object CMakeFiles/vision_interface__rosidl_generator_c.dir/rosidl_generator_c/vision_interface/msg/detail/line_segments__functions.c.o\x1b[0m\n'}
[64.568904] (-) TimerEvent: {}
[64.669966] (-) TimerEvent: {}
[64.723124] (vision_interface) StdoutLine: {'line': b'[ 46%] \x1b[32mBuilding C object CMakeFiles/vision_interface__rosidl_generator_c.dir/rosidl_generator_c/vision_interface/msg/detail/detections__functions.c.o\x1b[0m\n'}
[64.765704] (booster_interface) StdoutLine: {'line': b'[ 20%] \x1b[32mBuilding CXX object CMakeFiles/booster_interface__rosidl_typesupport_fastrtps_cpp.dir/rosidl_typesupport_fastrtps_cpp/booster_interface/msg/detail/dds_fastrtps/odometer__type_support.cpp.o\x1b[0m\n'}
[64.770276] (-) TimerEvent: {}
[64.845346] (vision_interface) StdoutLine: {'line': b'[ 47%] \x1b[32m\x1b[1mLinking C shared library libvision_interface__rosidl_generator_c.so\x1b[0m\n'}
[64.870428] (-) TimerEvent: {}
[64.970953] (-) TimerEvent: {}
[64.991036] (vision_interface) StdoutLine: {'line': b'[ 47%] Built target vision_interface__rosidl_generator_c\n'}
[65.069766] (vision_interface) StdoutLine: {'line': b'[ 48%] \x1b[34m\x1b[1mGenerating C type support for eProsima Fast-RTPS\x1b[0m\n'}
[65.071086] (-) TimerEvent: {}
[65.171601] (-) TimerEvent: {}
[65.272119] (-) TimerEvent: {}
[65.372672] (-) TimerEvent: {}
[65.473175] (-) TimerEvent: {}
[65.573738] (-) TimerEvent: {}
[65.674235] (-) TimerEvent: {}
[65.775527] (-) TimerEvent: {}
[65.872460] (booster_interface) StdoutLine: {'line': b'[ 20%] \x1b[32mBuilding CXX object CMakeFiles/booster_interface__rosidl_typesupport_fastrtps_cpp.dir/rosidl_typesupport_fastrtps_cpp/booster_interface/msg/detail/dds_fastrtps/fall_down_state__type_support.cpp.o\x1b[0m\n'}
[65.875630] (-) TimerEvent: {}
[65.976215] (-) TimerEvent: {}
[66.076741] (-) TimerEvent: {}
[66.177281] (-) TimerEvent: {}
[66.277765] (-) TimerEvent: {}
[66.378269] (-) TimerEvent: {}
[66.478768] (-) TimerEvent: {}
[66.579295] (-) TimerEvent: {}
[66.679864] (-) TimerEvent: {}
[66.780644] (-) TimerEvent: {}
[66.881305] (-) TimerEvent: {}
[66.982366] (-) TimerEvent: {}
[67.075839] (booster_interface) StdoutLine: {'line': b'[ 21%] \x1b[32mBuilding CXX object CMakeFiles/booster_interface__rosidl_typesupport_fastrtps_cpp.dir/rosidl_typesupport_fastrtps_cpp/booster_interface/msg/detail/dds_fastrtps/remote_controller_state__type_support.cpp.o\x1b[0m\n'}
[67.082500] (-) TimerEvent: {}
[67.183099] (-) TimerEvent: {}
[67.283737] (-) TimerEvent: {}
[67.384247] (-) TimerEvent: {}
[67.484856] (-) TimerEvent: {}
[67.585352] (-) TimerEvent: {}
[67.685843] (-) TimerEvent: {}
[67.773595] (vision_interface) StdoutLine: {'line': b'[ 49%] \x1b[32mBuilding CXX object CMakeFiles/vision_interface__rosidl_typesupport_fastrtps_c.dir/rosidl_typesupport_fastrtps_c/vision_interface/msg/detail/detected_object__type_support_c.cpp.o\x1b[0m\n'}
[67.785987] (-) TimerEvent: {}
[67.886599] (-) TimerEvent: {}
[67.987195] (-) TimerEvent: {}
[68.087670] (-) TimerEvent: {}
[68.188223] (-) TimerEvent: {}
[68.288866] (-) TimerEvent: {}
[68.389390] (-) TimerEvent: {}
[68.489916] (-) TimerEvent: {}
[68.537228] (booster_interface) StdoutLine: {'line': b'[ 21%] \x1b[32mBuilding CXX object CMakeFiles/booster_interface__rosidl_typesupport_fastrtps_cpp.dir/rosidl_typesupport_fastrtps_cpp/booster_interface/msg/detail/dds_fastrtps/hand_command__type_support.cpp.o\x1b[0m\n'}
[68.556481] (game_controller) StdoutLine: {'line': b'[ 66%] \x1b[32mBuilding CXX object CMakeFiles/game_controller_node.dir/src/game_controller_node.cpp.o\x1b[0m\n'}
[68.590057] (-) TimerEvent: {}
[68.690570] (-) TimerEvent: {}
[68.791080] (-) TimerEvent: {}
[68.891617] (-) TimerEvent: {}
[68.992154] (-) TimerEvent: {}
[68.995753] (vision_interface) StdoutLine: {'line': b'[ 50%] \x1b[32mBuilding CXX object CMakeFiles/vision_interface__rosidl_typesupport_fastrtps_c.dir/rosidl_typesupport_fastrtps_c/vision_interface/msg/detail/line_segments__type_support_c.cpp.o\x1b[0m\n'}
[69.092647] (-) TimerEvent: {}
[69.193502] (-) TimerEvent: {}
[69.294063] (-) TimerEvent: {}
[69.394780] (-) TimerEvent: {}
[69.495705] (-) TimerEvent: {}
[69.596231] (-) TimerEvent: {}
[69.696705] (-) TimerEvent: {}
[69.797239] (-) TimerEvent: {}
[69.870426] (booster_interface) StdoutLine: {'line': b'[ 22%] \x1b[32mBuilding CXX object CMakeFiles/booster_interface__rosidl_typesupport_fastrtps_cpp.dir/rosidl_typesupport_fastrtps_cpp/booster_interface/msg/detail/dds_fastrtps/hand_dds_msg__type_support.cpp.o\x1b[0m\n'}
[69.897392] (-) TimerEvent: {}
[70.000065] (-) TimerEvent: {}
[70.003326] (vision_interface) StdoutLine: {'line': b'[ 51%] \x1b[32mBuilding CXX object CMakeFiles/vision_interface__rosidl_typesupport_fastrtps_c.dir/rosidl_typesupport_fastrtps_c/vision_interface/msg/detail/cal_param__type_support_c.cpp.o\x1b[0m\n'}
[70.100183] (-) TimerEvent: {}
[70.200958] (-) TimerEvent: {}
[70.301868] (-) TimerEvent: {}
[70.402372] (-) TimerEvent: {}
[70.502872] (-) TimerEvent: {}
[70.603651] (-) TimerEvent: {}
[70.705092] (-) TimerEvent: {}
[70.805685] (-) TimerEvent: {}
[70.906260] (-) TimerEvent: {}
[71.006856] (-) TimerEvent: {}
[71.107695] (-) TimerEvent: {}
[71.208258] (-) TimerEvent: {}
[71.250441] (vision_interface) StdoutLine: {'line': b'[ 52%] \x1b[32mBuilding CXX object CMakeFiles/vision_interface__rosidl_typesupport_fastrtps_c.dir/rosidl_typesupport_fastrtps_c/vision_interface/msg/detail/detections_track__type_support_c.cpp.o\x1b[0m\n'}
[71.304026] (booster_interface) StdoutLine: {'line': b'[ 23%] \x1b[32mBuilding CXX object CMakeFiles/booster_interface__rosidl_typesupport_fastrtps_cpp.dir/rosidl_typesupport_fastrtps_cpp/booster_interface/msg/detail/dds_fastrtps/hand_param__type_support.cpp.o\x1b[0m\n'}
[71.308441] (-) TimerEvent: {}
[71.409511] (-) TimerEvent: {}
[71.510028] (-) TimerEvent: {}
[71.610547] (-) TimerEvent: {}
[71.713702] (-) TimerEvent: {}
[71.814329] (-) TimerEvent: {}
[71.915430] (-) TimerEvent: {}
[72.015995] (-) TimerEvent: {}
[72.041655] (vision_interface) StdoutLine: {'line': b'[ 53%] \x1b[32mBuilding CXX object CMakeFiles/vision_interface__rosidl_typesupport_fastrtps_c.dir/rosidl_typesupport_fastrtps_c/vision_interface/msg/detail/segmentation_point__type_support_c.cpp.o\x1b[0m\n'}
[72.116146] (-) TimerEvent: {}
[72.216710] (-) TimerEvent: {}
[72.317315] (-) TimerEvent: {}
[72.417846] (-) TimerEvent: {}
[72.506629] (booster_interface) StdoutLine: {'line': b'[ 23%] \x1b[32mBuilding CXX object CMakeFiles/booster_interface__rosidl_typesupport_fastrtps_cpp.dir/rosidl_typesupport_fastrtps_cpp/booster_interface/srv/detail/dds_fastrtps/rpc_service__type_support.cpp.o\x1b[0m\n'}
[72.517998] (-) TimerEvent: {}
[72.618694] (-) TimerEvent: {}
[72.719560] (-) TimerEvent: {}
[72.820127] (-) TimerEvent: {}
[72.920621] (-) TimerEvent: {}
[73.021225] (-) TimerEvent: {}
[73.121688] (-) TimerEvent: {}
[73.124440] (vision_interface) StdoutLine: {'line': b'[ 54%] \x1b[32mBuilding CXX object CMakeFiles/vision_interface__rosidl_typesupport_fastrtps_c.dir/rosidl_typesupport_fastrtps_c/vision_interface/msg/detail/segmentation_line__type_support_c.cpp.o\x1b[0m\n'}
[73.221834] (-) TimerEvent: {}
[73.322524] (-) TimerEvent: {}
[73.423120] (-) TimerEvent: {}
[73.523777] (-) TimerEvent: {}
[73.624315] (-) TimerEvent: {}
[73.699919] (booster_interface) StdoutLine: {'line': b'[ 24%] \x1b[32mBuilding CXX object CMakeFiles/booster_interface__rosidl_typesupport_fastrtps_cpp.dir/rosidl_typesupport_fastrtps_cpp/booster_interface/srv/detail/dds_fastrtps/agent_service__type_support.cpp.o\x1b[0m\n'}
[73.724441] (-) TimerEvent: {}
[73.824923] (-) TimerEvent: {}
[73.925414] (-) TimerEvent: {}
[74.025916] (-) TimerEvent: {}
[74.102806] (vision_interface) StdoutLine: {'line': b'[ 55%] \x1b[32mBuilding CXX object CMakeFiles/vision_interface__rosidl_typesupport_fastrtps_c.dir/rosidl_typesupport_fastrtps_c/vision_interface/msg/detail/segmentation_result__type_support_c.cpp.o\x1b[0m\n'}
[74.126036] (-) TimerEvent: {}
[74.227240] (-) TimerEvent: {}
[74.327802] (-) TimerEvent: {}
[74.428324] (-) TimerEvent: {}
[74.528907] (-) TimerEvent: {}
[74.629544] (-) TimerEvent: {}
[74.730025] (-) TimerEvent: {}
[74.830774] (-) TimerEvent: {}
[74.929264] (booster_interface) StdoutLine: {'line': b'[ 24%] \x1b[32mBuilding CXX object CMakeFiles/booster_interface__rosidl_typesupport_fastrtps_cpp.dir/rosidl_typesupport_fastrtps_cpp/booster_interface/msg/detail/dds_fastrtps/booster_api_resp_msg__type_support.cpp.o\x1b[0m\n'}
[74.931272] (-) TimerEvent: {}
[75.031754] (-) TimerEvent: {}
[75.110091] (vision_interface) StdoutLine: {'line': b'[ 56%] \x1b[32mBuilding CXX object CMakeFiles/vision_interface__rosidl_typesupport_fastrtps_c.dir/rosidl_typesupport_fastrtps_c/vision_interface/msg/detail/image_head_position__type_support_c.cpp.o\x1b[0m\n'}
[75.131894] (-) TimerEvent: {}
[75.232746] (-) TimerEvent: {}
[75.333582] (-) TimerEvent: {}
[75.434209] (-) TimerEvent: {}
[75.534896] (-) TimerEvent: {}
[75.635396] (-) TimerEvent: {}
[75.735898] (-) TimerEvent: {}
[75.749204] (booster_interface) StdoutLine: {'line': b'[ 24%] \x1b[32m\x1b[1mLinking CXX shared library libbooster_interface__rosidl_typesupport_fastrtps_cpp.so\x1b[0m\n'}
[75.836086] (-) TimerEvent: {}
[75.909256] (vision_interface) StdoutLine: {'line': b'[ 57%] \x1b[32mBuilding CXX object CMakeFiles/vision_interface__rosidl_typesupport_fastrtps_c.dir/rosidl_typesupport_fastrtps_c/vision_interface/msg/detail/ball__type_support_c.cpp.o\x1b[0m\n'}
[75.936226] (-) TimerEvent: {}
[75.973464] (booster_interface) StdoutLine: {'line': b'[ 24%] Built target booster_interface__rosidl_typesupport_fastrtps_cpp\n'}
[76.036380] (-) TimerEvent: {}
[76.037577] (booster_interface) StdoutLine: {'line': b'[ 25%] \x1b[34m\x1b[1mGenerating C++ type support dispatch for ROS interfaces\x1b[0m\n'}
[76.136504] (-) TimerEvent: {}
[76.237178] (-) TimerEvent: {}
[76.337826] (-) TimerEvent: {}
[76.438404] (-) TimerEvent: {}
[76.538940] (-) TimerEvent: {}
[76.639422] (-) TimerEvent: {}
[76.727892] (vision_interface) StdoutLine: {'line': b'[ 58%] \x1b[32mBuilding CXX object CMakeFiles/vision_interface__rosidl_typesupport_fastrtps_c.dir/rosidl_typesupport_fastrtps_c/vision_interface/msg/detail/detections__type_support_c.cpp.o\x1b[0m\n'}
[76.739603] (-) TimerEvent: {}
[76.840082] (-) TimerEvent: {}
[76.940531] (-) TimerEvent: {}
[77.041103] (-) TimerEvent: {}
[77.141738] (-) TimerEvent: {}
[77.242513] (-) TimerEvent: {}
[77.343117] (-) TimerEvent: {}
[77.443696] (-) TimerEvent: {}
[77.511579] (vision_interface) StdoutLine: {'line': b'[ 59%] \x1b[32m\x1b[1mLinking CXX shared library libvision_interface__rosidl_typesupport_fastrtps_c.so\x1b[0m\n'}
[77.543916] (-) TimerEvent: {}
[77.644481] (-) TimerEvent: {}
[77.724368] (vision_interface) StdoutLine: {'line': b'[ 59%] Built target vision_interface__rosidl_typesupport_fastrtps_c\n'}
[77.744651] (-) TimerEvent: {}
[77.762698] (vision_interface) StdoutLine: {'line': b'[ 60%] \x1b[34m\x1b[1mGenerating C type support dispatch for ROS interfaces\x1b[0m\n'}
[77.844806] (-) TimerEvent: {}
[77.946903] (-) TimerEvent: {}
[78.047533] (-) TimerEvent: {}
[78.150761] (-) TimerEvent: {}
[78.252236] (-) TimerEvent: {}
[78.353557] (-) TimerEvent: {}
[78.454121] (-) TimerEvent: {}
[78.554671] (-) TimerEvent: {}
[78.655602] (-) TimerEvent: {}
[78.756304] (-) TimerEvent: {}
[78.856867] (-) TimerEvent: {}
[78.920195] (vision_interface) StdoutLine: {'line': b'[ 61%] \x1b[32mBuilding CXX object CMakeFiles/vision_interface__rosidl_typesupport_c.dir/rosidl_typesupport_c/vision_interface/msg/detected_object__type_support.cpp.o\x1b[0m\n'}
[78.957202] (-) TimerEvent: {}
[78.976054] (vision_interface) StdoutLine: {'line': b'[ 62%] \x1b[32mBuilding CXX object CMakeFiles/vision_interface__rosidl_typesupport_c.dir/rosidl_typesupport_c/vision_interface/msg/cal_param__type_support.cpp.o\x1b[0m\n'}
[79.034179] (vision_interface) StdoutLine: {'line': b'[ 63%] \x1b[32mBuilding CXX object CMakeFiles/vision_interface__rosidl_typesupport_c.dir/rosidl_typesupport_c/vision_interface/msg/detections_track__type_support.cpp.o\x1b[0m\n'}
[79.057345] (-) TimerEvent: {}
[79.091474] (vision_interface) StdoutLine: {'line': b'[ 64%] \x1b[32mBuilding CXX object CMakeFiles/vision_interface__rosidl_typesupport_c.dir/rosidl_typesupport_c/vision_interface/msg/segmentation_point__type_support.cpp.o\x1b[0m\n'}
[79.147287] (vision_interface) StdoutLine: {'line': b'[ 65%] \x1b[32mBuilding CXX object CMakeFiles/vision_interface__rosidl_typesupport_c.dir/rosidl_typesupport_c/vision_interface/msg/segmentation_line__type_support.cpp.o\x1b[0m\n'}
[79.157468] (-) TimerEvent: {}
[79.205290] (vision_interface) StdoutLine: {'line': b'[ 66%] \x1b[32mBuilding CXX object CMakeFiles/vision_interface__rosidl_typesupport_c.dir/rosidl_typesupport_c/vision_interface/msg/segmentation_result__type_support.cpp.o\x1b[0m\n'}
[79.257620] (-) TimerEvent: {}
[79.262433] (vision_interface) StdoutLine: {'line': b'[ 66%] \x1b[32mBuilding CXX object CMakeFiles/vision_interface__rosidl_typesupport_c.dir/rosidl_typesupport_c/vision_interface/msg/image_head_position__type_support.cpp.o\x1b[0m\n'}
[79.326807] (vision_interface) StdoutLine: {'line': b'[ 67%] \x1b[32mBuilding CXX object CMakeFiles/vision_interface__rosidl_typesupport_c.dir/rosidl_typesupport_c/vision_interface/msg/ball__type_support.cpp.o\x1b[0m\n'}
[79.357783] (-) TimerEvent: {}
[79.436719] (vision_interface) StdoutLine: {'line': b'[ 68%] \x1b[32mBuilding CXX object CMakeFiles/vision_interface__rosidl_typesupport_c.dir/rosidl_typesupport_c/vision_interface/msg/line_segments__type_support.cpp.o\x1b[0m\n'}
[79.457941] (-) TimerEvent: {}
[79.558631] (-) TimerEvent: {}
[79.559510] (vision_interface) StdoutLine: {'line': b'[ 69%] \x1b[32mBuilding CXX object CMakeFiles/vision_interface__rosidl_typesupport_c.dir/rosidl_typesupport_c/vision_interface/msg/detections__type_support.cpp.o\x1b[0m\n'}
[79.658750] (vision_interface) StdoutLine: {'line': b'[ 70%] \x1b[32m\x1b[1mLinking CXX shared library libvision_interface__rosidl_typesupport_c.so\x1b[0m\n'}
[79.659080] (-) TimerEvent: {}
[79.759866] (-) TimerEvent: {}
[79.784500] (vision_interface) StdoutLine: {'line': b'[ 70%] Built target vision_interface__rosidl_typesupport_c\n'}
[79.806026] (vision_interface) StdoutLine: {'line': b'[ 71%] \x1b[34m\x1b[1mGenerating C introspection for ROS interfaces\x1b[0m\n'}
[79.860032] (-) TimerEvent: {}
[79.960580] (-) TimerEvent: {}
[80.021951] (booster_interface) StdoutLine: {'line': b'[ 25%] \x1b[32mBuilding CXX object CMakeFiles/booster_interface__rosidl_typesupport_cpp.dir/rosidl_typesupport_cpp/booster_interface/msg/booster_api_req_msg__type_support.cpp.o\x1b[0m\n'}
[80.060733] (-) TimerEvent: {}
[80.161589] (-) TimerEvent: {}
[80.262064] (-) TimerEvent: {}
[80.362569] (-) TimerEvent: {}
[80.463085] (-) TimerEvent: {}
[80.563810] (-) TimerEvent: {}
[80.665080] (-) TimerEvent: {}
[80.765613] (-) TimerEvent: {}
[80.833647] (booster_interface) StdoutLine: {'line': b'[ 25%] \x1b[32mBuilding CXX object CMakeFiles/booster_interface__rosidl_typesupport_cpp.dir/rosidl_typesupport_cpp/booster_interface/msg/motor_state__type_support.cpp.o\x1b[0m\n'}
[80.865764] (-) TimerEvent: {}
[80.966253] (-) TimerEvent: {}
[81.067099] (-) TimerEvent: {}
[81.167723] (-) TimerEvent: {}
[81.268716] (-) TimerEvent: {}
[81.369213] (-) TimerEvent: {}
[81.469836] (-) TimerEvent: {}
[81.572133] (-) TimerEvent: {}
[81.672823] (-) TimerEvent: {}
[81.752348] (vision_interface) StdoutLine: {'line': b'[ 72%] \x1b[32mBuilding C object CMakeFiles/vision_interface__rosidl_typesupport_introspection_c.dir/rosidl_typesupport_introspection_c/vision_interface/msg/detail/detected_object__type_support.c.o\x1b[0m\n'}
[81.773173] (-) TimerEvent: {}
[81.788942] (booster_interface) StdoutLine: {'line': b'[ 26%] \x1b[32mBuilding CXX object CMakeFiles/booster_interface__rosidl_typesupport_cpp.dir/rosidl_typesupport_cpp/booster_interface/msg/motor_cmd__type_support.cpp.o\x1b[0m\n'}
[81.873285] (-) TimerEvent: {}
[81.902533] (vision_interface) StdoutLine: {'line': b'[ 73%] \x1b[32mBuilding C object CMakeFiles/vision_interface__rosidl_typesupport_introspection_c.dir/rosidl_typesupport_introspection_c/vision_interface/msg/detail/detections_track__type_support.c.o\x1b[0m\n'}
[81.973547] (-) TimerEvent: {}
[82.074202] (-) TimerEvent: {}
[82.108701] (vision_interface) StdoutLine: {'line': b'[ 74%] \x1b[32mBuilding C object CMakeFiles/vision_interface__rosidl_typesupport_introspection_c.dir/rosidl_typesupport_introspection_c/vision_interface/msg/detail/segmentation_point__type_support.c.o\x1b[0m\n'}
[82.174486] (-) TimerEvent: {}
[82.225575] (vision_interface) StdoutLine: {'line': b'[ 75%] \x1b[32mBuilding C object CMakeFiles/vision_interface__rosidl_typesupport_introspection_c.dir/rosidl_typesupport_introspection_c/vision_interface/msg/detail/segmentation_line__type_support.c.o\x1b[0m\n'}
[82.275643] (-) TimerEvent: {}
[82.286185] (vision_interface) StdoutLine: {'line': b'[ 76%] \x1b[32mBuilding C object CMakeFiles/vision_interface__rosidl_typesupport_introspection_c.dir/rosidl_typesupport_introspection_c/vision_interface/msg/detail/segmentation_result__type_support.c.o\x1b[0m\n'}
[82.366812] (vision_interface) StdoutLine: {'line': b'[ 77%] \x1b[32mBuilding C object CMakeFiles/vision_interface__rosidl_typesupport_introspection_c.dir/rosidl_typesupport_introspection_c/vision_interface/msg/detail/image_head_position__type_support.c.o\x1b[0m\n'}
[82.375781] (-) TimerEvent: {}
[82.459340] (vision_interface) StdoutLine: {'line': b'[ 78%] \x1b[32mBuilding C object CMakeFiles/vision_interface__rosidl_typesupport_introspection_c.dir/rosidl_typesupport_introspection_c/vision_interface/msg/detail/ball__type_support.c.o\x1b[0m\n'}
[82.475930] (-) TimerEvent: {}
[82.554472] (booster_interface) StdoutLine: {'line': b'[ 26%] \x1b[32mBuilding CXX object CMakeFiles/booster_interface__rosidl_typesupport_cpp.dir/rosidl_typesupport_cpp/booster_interface/msg/low_cmd__type_support.cpp.o\x1b[0m\n'}
[82.576072] (-) TimerEvent: {}
[82.621843] (vision_interface) StdoutLine: {'line': b'[ 79%] \x1b[32mBuilding C object CMakeFiles/vision_interface__rosidl_typesupport_introspection_c.dir/rosidl_typesupport_introspection_c/vision_interface/msg/detail/cal_param__type_support.c.o\x1b[0m\n'}
[82.677119] (-) TimerEvent: {}
[82.775474] (vision_interface) StdoutLine: {'line': b'[ 80%] \x1b[32mBuilding C object CMakeFiles/vision_interface__rosidl_typesupport_introspection_c.dir/rosidl_typesupport_introspection_c/vision_interface/msg/detail/line_segments__type_support.c.o\x1b[0m\n'}
[82.777247] (-) TimerEvent: {}
[82.877793] (-) TimerEvent: {}
[82.927271] (vision_interface) StdoutLine: {'line': b'[ 81%] \x1b[32mBuilding C object CMakeFiles/vision_interface__rosidl_typesupport_introspection_c.dir/rosidl_typesupport_introspection_c/vision_interface/msg/detail/detections__type_support.c.o\x1b[0m\n'}
[82.977935] (-) TimerEvent: {}
[83.078632] (-) TimerEvent: {}
[83.179313] (-) TimerEvent: {}
[83.194716] (vision_interface) StdoutLine: {'line': b'[ 82%] \x1b[32m\x1b[1mLinking C shared library libvision_interface__rosidl_typesupport_introspection_c.so\x1b[0m\n'}
[83.279497] (-) TimerEvent: {}
[83.353627] (vision_interface) StdoutLine: {'line': b'[ 82%] Built target vision_interface__rosidl_typesupport_introspection_c\n'}
[83.379633] (-) TimerEvent: {}
[83.394583] (booster_interface) StdoutLine: {'line': b'[ 27%] \x1b[32mBuilding CXX object CMakeFiles/booster_interface__rosidl_typesupport_cpp.dir/rosidl_typesupport_cpp/booster_interface/msg/imu_state__type_support.cpp.o\x1b[0m\n'}
[83.448568] (vision_interface) StdoutLine: {'line': b'[ 82%] Built target vision_interface\n'}
[83.479828] (-) TimerEvent: {}
[83.494332] (vision_interface) StdoutLine: {'line': b'[ 83%] \x1b[34m\x1b[1mGenerating Python code for ROS interfaces\x1b[0m\n'}
[83.580268] (-) TimerEvent: {}
[83.680740] (-) TimerEvent: {}
[83.781728] (-) TimerEvent: {}
[83.882231] (-) TimerEvent: {}
[83.982795] (-) TimerEvent: {}
[84.031822] (game_controller) StdoutLine: {'line': b'[100%] \x1b[32m\x1b[1mLinking CXX executable game_controller_node\x1b[0m\n'}
[84.083078] (-) TimerEvent: {}
[84.183640] (-) TimerEvent: {}
[84.247536] (booster_interface) StdoutLine: {'line': b'[ 28%] \x1b[32mBuilding CXX object CMakeFiles/booster_interface__rosidl_typesupport_cpp.dir/rosidl_typesupport_cpp/booster_interface/msg/low_state__type_support.cpp.o\x1b[0m\n'}
[84.283827] (-) TimerEvent: {}
[84.384504] (-) TimerEvent: {}
[84.485062] (-) TimerEvent: {}
[84.585691] (-) TimerEvent: {}
[84.686216] (-) TimerEvent: {}
[84.743010] (game_controller) StdoutLine: {'line': b'[100%] Built target game_controller_node\n'}
[84.786348] (-) TimerEvent: {}
[84.820643] (game_controller) CommandEnded: {'returncode': 0}
[84.822298] (game_controller) JobProgress: {'identifier': 'game_controller', 'progress': 'install'}
[84.822434] (game_controller) Command: {'cmd': ['/usr/bin/cmake', '--install', '/home/booster/Workspace/Booster_T1_3v3_Demo/src/build/game_controller'], 'cwd': '/home/booster/Workspace/Booster_T1_3v3_Demo/src/build/game_controller', 'env': OrderedDict([('LESSOPEN', '| /usr/bin/lesspipe %s'), ('USER', 'booster'), ('SSH_CLIENT', '10.10.144.134 51037 22'), ('XDG_SESSION_TYPE', 'tty'), ('GIT_ASKPASS', '/home/booster/.cursor-server/bin/25412918da7e74b2686b25d62da1f01cfcd27680/extensions/git/dist/askpass.sh'), ('SHLVL', '1'), ('LD_LIBRARY_PATH', '/home/booster/Workspace/Booster_T1_3v3_Demo/src/install/game_controller_interface/lib:/opt/ros/humble/opt/rviz_ogre_vendor/lib:/opt/ros/humble/lib/aarch64-linux-gnu:/opt/ros/humble/lib:/usr/local/cuda/lib64'), ('BROWSER', '/home/booster/.cursor-server/bin/25412918da7e74b2686b25d62da1f01cfcd27680/bin/helpers/browser.sh'), ('MOTD_SHOWN', 'pam'), ('HOME', '/home/booster'), ('OLDPWD', '/home/booster/Workspace/Booster_T1_3v3_Demo'), ('TERM_PROGRAM_VERSION', '2.0.64'), ('VSCODE_IPC_HOOK_CLI', '/run/user/1000/vscode-ipc-f7ed2610-5b6c-48c9-89fc-6c8784f58529.sock'), ('JETSON_L4T', '36.4.3'), ('ROS_PYTHON_VERSION', '3'), ('JETSON_MODEL', 'Booster T1 AGX Orin V2.1'), ('VSCODE_GIT_ASKPASS_MAIN', '/home/booster/.cursor-server/bin/25412918da7e74b2686b25d62da1f01cfcd27680/extensions/git/dist/askpass-main.js'), ('VSCODE_GIT_ASKPASS_NODE', '/home/booster/.cursor-server/bin/25412918da7e74b2686b25d62da1f01cfcd27680/node'), ('DBUS_SESSION_BUS_ADDRESS', 'unix:path=/run/user/1000/bus'), ('COLORTERM', 'truecolor'), ('ROS_DISTRO', 'humble'), ('LOGNAME', 'booster'), ('JETSON_MODULE', 'NVIDIA Jetson AGX Orin (32GB ram)'), ('JETSON_SERIAL_NUMBER', '1421225046990'), ('_', '/usr/bin/colcon'), ('ROS_VERSION', '2'), ('XDG_SESSION_CLASS', 'user'), ('TERM', 'xterm-256color'), ('XDG_SESSION_ID', '7'), ('ROS_LOCALHOST_ONLY', '0'), ('PATH', '/opt/ros/humble/bin:/usr/local/cuda/bin:/usr/local/sbin:/usr/local/bin:/usr/sbin:/usr/bin:/sbin:/bin:/snap/bin'), ('FASTRTPS_DEFAULT_PROFILES_FILE', '/opt/booster/BoosterRos2/fastdds_profile.xml'), ('CUDA_ROOT', '/usr/local/cuda'), ('XDG_RUNTIME_DIR', '/run/user/1000'), ('LANG', 'en_US.UTF-8'), ('LS_COLORS', 'rs=0:di=01;34:ln=01;36:mh=00:pi=40;33:so=01;35:do=01;35:bd=40;33;01:cd=40;33;01:or=40;31;01:mi=00:su=37;41:sg=30;43:ca=30;41:tw=30;42:ow=34;42:st=37;44:ex=01;32:*.tar=01;31:*.tgz=01;31:*.arc=01;31:*.arj=01;31:*.taz=01;31:*.lha=01;31:*.lz4=01;31:*.lzh=01;31:*.lzma=01;31:*.tlz=01;31:*.txz=01;31:*.tzo=01;31:*.t7z=01;31:*.zip=01;31:*.z=01;31:*.dz=01;31:*.gz=01;31:*.lrz=01;31:*.lz=01;31:*.lzo=01;31:*.xz=01;31:*.zst=01;31:*.tzst=01;31:*.bz2=01;31:*.bz=01;31:*.tbz=01;31:*.tbz2=01;31:*.tz=01;31:*.deb=01;31:*.rpm=01;31:*.jar=01;31:*.war=01;31:*.ear=01;31:*.sar=01;31:*.rar=01;31:*.alz=01;31:*.ace=01;31:*.zoo=01;31:*.cpio=01;31:*.7z=01;31:*.rz=01;31:*.cab=01;31:*.wim=01;31:*.swm=01;31:*.dwm=01;31:*.esd=01;31:*.jpg=01;35:*.jpeg=01;35:*.mjpg=01;35:*.mjpeg=01;35:*.gif=01;35:*.bmp=01;35:*.pbm=01;35:*.pgm=01;35:*.ppm=01;35:*.tga=01;35:*.xbm=01;35:*.xpm=01;35:*.tif=01;35:*.tiff=01;35:*.png=01;35:*.svg=01;35:*.svgz=01;35:*.mng=01;35:*.pcx=01;35:*.mov=01;35:*.mpg=01;35:*.mpeg=01;35:*.m2v=01;35:*.mkv=01;35:*.webm=01;35:*.webp=01;35:*.ogm=01;35:*.mp4=01;35:*.m4v=01;35:*.mp4v=01;35:*.vob=01;35:*.qt=01;35:*.nuv=01;35:*.wmv=01;35:*.asf=01;35:*.rm=01;35:*.rmvb=01;35:*.flc=01;35:*.avi=01;35:*.fli=01;35:*.flv=01;35:*.gl=01;35:*.dl=01;35:*.xcf=01;35:*.xwd=01;35:*.yuv=01;35:*.cgm=01;35:*.emf=01;35:*.ogv=01;35:*.ogx=01;35:*.aac=00;36:*.au=00;36:*.flac=00;36:*.m4a=00;36:*.mid=00;36:*.midi=00;36:*.mka=00;36:*.mp3=00;36:*.mpc=00;36:*.ogg=00;36:*.ra=00;36:*.wav=00;36:*.oga=00;36:*.opus=00;36:*.spx=00;36:*.xspf=00;36:'), ('JETSON_SOC', 'tegra234'), ('VSCODE_GIT_IPC_HANDLE', '/run/user/1000/vscode-git-d36fc8e34d.sock'), ('TERM_PROGRAM', 'vscode'), ('AMENT_PREFIX_PATH', '/home/booster/Workspace/Booster_T1_3v3_Demo/src/install/game_controller_interface:/opt/ros/humble'), ('SHELL', '/bin/bash'), ('LESSCLOSE', '/usr/bin/lesspipe %s %s'), ('VSCODE_GIT_ASKPASS_EXTRA_ARGS', ''), ('JETSON_CUDA_ARCH_BIN', '8.7'), ('PWD', '/home/booster/Workspace/Booster_T1_3v3_Demo/src/build/game_controller'), ('SSH_CONNECTION', '10.10.144.134 51037 10.10.144.147 22'), ('XDG_DATA_DIRS', '/usr/share/gnome:/usr/local/share:/usr/share:/var/lib/snapd/desktop'), ('PYTHONPATH', '/home/booster/Workspace/Booster_T1_3v3_Demo/src/install/game_controller_interface/local/lib/python3.10/dist-packages:/opt/ros/humble/lib/python3.10/site-packages:/opt/ros/humble/local/lib/python3.10/dist-packages'), ('COLCON', '1'), ('JETSON_JETPACK', '6.2'), ('JETSON_P_NUMBER', 'p3701-0004'), ('CMAKE_PREFIX_PATH', '/home/booster/Workspace/Booster_T1_3v3_Demo/src/install/game_controller_interface:/opt/ros/humble')]), 'shell': False}
[84.847769] (game_controller) StdoutLine: {'line': b'-- Install configuration: ""\n'}
[84.848136] (game_controller) StdoutLine: {'line': b'-- Installing: /home/booster/Workspace/Booster_T1_3v3_Demo/src/install/game_controller/share/game_controller/launch\n'}
[84.849233] (game_controller) StdoutLine: {'line': b'-- Installing: /home/booster/Workspace/Booster_T1_3v3_Demo/src/install/game_controller/share/game_controller/launch/launch.py\n'}
[84.851674] (game_controller) StdoutLine: {'line': b'-- Installing: /home/booster/Workspace/Booster_T1_3v3_Demo/src/install/game_controller/lib/game_controller/game_controller_node\n'}
[84.868521] (game_controller) StdoutLine: {'line': b'-- Set runtime path of "/home/booster/Workspace/Booster_T1_3v3_Demo/src/install/game_controller/lib/game_controller/game_controller_node" to ""\n'}
[84.869952] (game_controller) StdoutLine: {'line': b'-- Installing: /home/booster/Workspace/Booster_T1_3v3_Demo/src/install/game_controller/share/ament_index/resource_index/package_run_dependencies/game_controller\n'}
[84.871994] (game_controller) StdoutLine: {'line': b'-- Installing: /home/booster/Workspace/Booster_T1_3v3_Demo/src/install/game_controller/share/ament_index/resource_index/parent_prefix_path/game_controller\n'}
[84.873725] (game_controller) StdoutLine: {'line': b'-- Installing: /home/booster/Workspace/Booster_T1_3v3_Demo/src/install/game_controller/share/game_controller/environment/ament_prefix_path.sh\n'}
[84.874857] (game_controller) StdoutLine: {'line': b'-- Installing: /home/booster/Workspace/Booster_T1_3v3_Demo/src/install/game_controller/share/game_controller/environment/ament_prefix_path.dsv\n'}
[84.876346] (game_controller) StdoutLine: {'line': b'-- Installing: /home/booster/Workspace/Booster_T1_3v3_Demo/src/install/game_controller/share/game_controller/environment/path.sh\n'}
[84.877631] (game_controller) StdoutLine: {'line': b'-- Installing: /home/booster/Workspace/Booster_T1_3v3_Demo/src/install/game_controller/share/game_controller/environment/path.dsv\n'}
[84.878624] (game_controller) StdoutLine: {'line': b'-- Installing: /home/booster/Workspace/Booster_T1_3v3_Demo/src/install/game_controller/share/game_controller/local_setup.bash\n'}
[84.879881] (game_controller) StdoutLine: {'line': b'-- Installing: /home/booster/Workspace/Booster_T1_3v3_Demo/src/install/game_controller/share/game_controller/local_setup.sh\n'}
[84.881250] (game_controller) StdoutLine: {'line': b'-- Installing: /home/booster/Workspace/Booster_T1_3v3_Demo/src/install/game_controller/share/game_controller/local_setup.zsh\n'}
[84.882468] (game_controller) StdoutLine: {'line': b'-- Installing: /home/booster/Workspace/Booster_T1_3v3_Demo/src/install/game_controller/share/game_controller/local_setup.dsv\n'}
[84.883799] (game_controller) StdoutLine: {'line': b'-- Installing: /home/booster/Workspace/Booster_T1_3v3_Demo/src/install/game_controller/share/game_controller/package.dsv\n'}
[84.887389] (game_controller) StdoutLine: {'line': b'-- Installing: /home/booster/Workspace/Booster_T1_3v3_Demo/src/install/game_controller/share/ament_index/resource_index/packages/game_controller\n'}
[84.887727] (-) TimerEvent: {}
[84.887968] (game_controller) StdoutLine: {'line': b'-- Installing: /home/booster/Workspace/Booster_T1_3v3_Demo/src/install/game_controller/share/game_controller/cmake/game_controllerConfig.cmake\n'}
[84.894244] (game_controller) StdoutLine: {'line': b'-- Installing: /home/booster/Workspace/Booster_T1_3v3_Demo/src/install/game_controller/share/game_controller/cmake/game_controllerConfig-version.cmake\n'}
[84.895423] (game_controller) StdoutLine: {'line': b'-- Installing: /home/booster/Workspace/Booster_T1_3v3_Demo/src/install/game_controller/share/game_controller/package.xml\n'}
[84.900898] (game_controller) CommandEnded: {'returncode': 0}
[84.955792] (booster_interface) StdoutLine: {'line': b'[ 28%] \x1b[32mBuilding CXX object CMakeFiles/booster_interface__rosidl_typesupport_cpp.dir/rosidl_typesupport_cpp/booster_interface/msg/raw_bytes_msg__type_support.cpp.o\x1b[0m\n'}
[84.958781] (game_controller) JobEnded: {'identifier': 'game_controller', 'rc': 0}
[84.987958] (-) TimerEvent: {}
[85.088549] (-) TimerEvent: {}
[85.189043] (-) TimerEvent: {}
[85.289565] (-) TimerEvent: {}
[85.390060] (-) TimerEvent: {}
[85.490496] (-) TimerEvent: {}
[85.492167] (booster_interface) StdoutLine: {'line': b'[ 29%] \x1b[32mBuilding CXX object CMakeFiles/booster_interface__rosidl_typesupport_cpp.dir/rosidl_typesupport_cpp/booster_interface/msg/raw_bytes_stamped__type_support.cpp.o\x1b[0m\n'}
[85.590668] (-) TimerEvent: {}
[85.691186] (-) TimerEvent: {}
[85.791691] (-) TimerEvent: {}
[85.892235] (-) TimerEvent: {}
[85.992811] (-) TimerEvent: {}
[86.012848] (booster_interface) StdoutLine: {'line': b'[ 29%] \x1b[32mBuilding CXX object CMakeFiles/booster_interface__rosidl_typesupport_cpp.dir/rosidl_typesupport_cpp/booster_interface/msg/odometer__type_support.cpp.o\x1b[0m\n'}
[86.092958] (-) TimerEvent: {}
[86.193434] (-) TimerEvent: {}
[86.293935] (-) TimerEvent: {}
[86.394454] (-) TimerEvent: {}
[86.494939] (-) TimerEvent: {}
[86.595424] (-) TimerEvent: {}
[86.682413] (booster_interface) StdoutLine: {'line': b'[ 30%] \x1b[32mBuilding CXX object CMakeFiles/booster_interface__rosidl_typesupport_cpp.dir/rosidl_typesupport_cpp/booster_interface/msg/fall_down_state__type_support.cpp.o\x1b[0m\n'}
[86.695593] (-) TimerEvent: {}
[86.796860] (-) TimerEvent: {}
[86.897357] (-) TimerEvent: {}
[86.997842] (-) TimerEvent: {}
[87.098325] (-) TimerEvent: {}
[87.160650] (vision_interface) StdoutLine: {'line': b'[ 83%] Built target vision_interface__py\n'}
[87.198471] (-) TimerEvent: {}
[87.219768] (vision_interface) StdoutLine: {'line': b'[ 84%] \x1b[32mBuilding C object CMakeFiles/vision_interface__rosidl_generator_py.dir/rosidl_generator_py/vision_interface/msg/_detected_object_s.c.o\x1b[0m\n'}
[87.298610] (-) TimerEvent: {}
[87.328723] (booster_interface) StdoutLine: {'line': b'[ 31%] \x1b[32mBuilding CXX object CMakeFiles/booster_interface__rosidl_typesupport_cpp.dir/rosidl_typesupport_cpp/booster_interface/msg/remote_controller_state__type_support.cpp.o\x1b[0m\n'}
[87.398764] (-) TimerEvent: {}
[87.499290] (-) TimerEvent: {}
[87.548899] (vision_interface) StdoutLine: {'line': b'[ 85%] \x1b[32mBuilding C object CMakeFiles/vision_interface__rosidl_generator_py.dir/rosidl_generator_py/vision_interface/msg/_detections_track_s.c.o\x1b[0m\n'}
[87.599450] (-) TimerEvent: {}
[87.699979] (-) TimerEvent: {}
[87.801221] (-) TimerEvent: {}
[87.814822] (vision_interface) StdoutLine: {'line': b'[ 86%] \x1b[32mBuilding C object CMakeFiles/vision_interface__rosidl_generator_py.dir/rosidl_generator_py/vision_interface/msg/_segmentation_point_s.c.o\x1b[0m\n'}
[87.901399] (-) TimerEvent: {}
[88.000231] (booster_interface) StdoutLine: {'line': b'[ 31%] \x1b[32mBuilding CXX object CMakeFiles/booster_interface__rosidl_typesupport_cpp.dir/rosidl_typesupport_cpp/booster_interface/msg/hand_command__type_support.cpp.o\x1b[0m\n'}
[88.001490] (-) TimerEvent: {}
[88.016526] (vision_interface) StdoutLine: {'line': b'[ 87%] \x1b[32mBuilding C object CMakeFiles/vision_interface__rosidl_generator_py.dir/rosidl_generator_py/vision_interface/msg/_segmentation_line_s.c.o\x1b[0m\n'}
[88.101657] (-) TimerEvent: {}
[88.202168] (-) TimerEvent: {}
[88.291645] (vision_interface) StdoutLine: {'line': b'[ 88%] \x1b[32mBuilding C object CMakeFiles/vision_interface__rosidl_generator_py.dir/rosidl_generator_py/vision_interface/msg/_segmentation_result_s.c.o\x1b[0m\n'}
[88.302385] (-) TimerEvent: {}
[88.403243] (-) TimerEvent: {}
[88.503716] (-) TimerEvent: {}
[88.520600] (vision_interface) StdoutLine: {'line': b'[ 89%] \x1b[32mBuilding C object CMakeFiles/vision_interface__rosidl_generator_py.dir/rosidl_generator_py/vision_interface/msg/_image_head_position_s.c.o\x1b[0m\n'}
[88.536465] (booster_interface) StdoutLine: {'line': b'[ 32%] \x1b[32mBuilding CXX object CMakeFiles/booster_interface__rosidl_typesupport_cpp.dir/rosidl_typesupport_cpp/booster_interface/msg/hand_dds_msg__type_support.cpp.o\x1b[0m\n'}
[88.603861] (-) TimerEvent: {}
[88.704882] (-) TimerEvent: {}
[88.739972] (vision_interface) StdoutLine: {'line': b'[ 90%] \x1b[32mBuilding C object CMakeFiles/vision_interface__rosidl_generator_py.dir/rosidl_generator_py/vision_interface/msg/_ball_s.c.o\x1b[0m\n'}
[88.805024] (-) TimerEvent: {}
[88.905661] (-) TimerEvent: {}
[88.927411] (vision_interface) StdoutLine: {'line': b'[ 91%] \x1b[32mBuilding C object CMakeFiles/vision_interface__rosidl_generator_py.dir/rosidl_generator_py/vision_interface/msg/_cal_param_s.c.o\x1b[0m\n'}
[89.005806] (-) TimerEvent: {}
[89.106467] (-) TimerEvent: {}
[89.112124] (vision_interface) StdoutLine: {'line': b'[ 92%] \x1b[32mBuilding C object CMakeFiles/vision_interface__rosidl_generator_py.dir/rosidl_generator_py/vision_interface/msg/_line_segments_s.c.o\x1b[0m\n'}
[89.206814] (-) TimerEvent: {}
[89.274778] (booster_interface) StdoutLine: {'line': b'[ 32%] \x1b[32mBuilding CXX object CMakeFiles/booster_interface__rosidl_typesupport_cpp.dir/rosidl_typesupport_cpp/booster_interface/msg/hand_param__type_support.cpp.o\x1b[0m\n'}
[89.306991] (-) TimerEvent: {}
[89.384402] (vision_interface) StdoutLine: {'line': b'[ 93%] \x1b[32mBuilding C object CMakeFiles/vision_interface__rosidl_generator_py.dir/rosidl_generator_py/vision_interface/msg/_detections_s.c.o\x1b[0m\n'}
[89.407236] (-) TimerEvent: {}
[89.507742] (-) TimerEvent: {}
[89.604423] (vision_interface) StdoutLine: {'line': b'[ 94%] \x1b[32m\x1b[1mLinking C shared library rosidl_generator_py/vision_interface/libvision_interface__rosidl_generator_py.so\x1b[0m\n'}
[89.607958] (-) TimerEvent: {}
[89.693049] (vision_interface) StdoutLine: {'line': b'[ 94%] Built target vision_interface__rosidl_generator_py\n'}
[89.708207] (-) TimerEvent: {}
[89.789593] (vision_interface) StdoutLine: {'line': b'[ 95%] \x1b[32mBuilding C object CMakeFiles/vision_interface__rosidl_typesupport_fastrtps_c__pyext.dir/rosidl_generator_py/vision_interface/_vision_interface_s.ep.rosidl_typesupport_fastrtps_c.c.o\x1b[0m\n'}
[89.808333] (-) TimerEvent: {}
[89.908900] (-) TimerEvent: {}
[89.969913] (booster_interface) StdoutLine: {'line': b'[ 33%] \x1b[32mBuilding CXX object CMakeFiles/booster_interface__rosidl_typesupport_cpp.dir/rosidl_typesupport_cpp/booster_interface/srv/rpc_service__type_support.cpp.o\x1b[0m\n'}
[90.009044] (-) TimerEvent: {}
[90.072623] (vision_interface) StdoutLine: {'line': b'[ 96%] \x1b[32m\x1b[1mLinking C shared library rosidl_generator_py/vision_interface/vision_interface_s__rosidl_typesupport_fastrtps_c.cpython-310-aarch64-linux-gnu.so\x1b[0m\n'}
[90.109203] (-) TimerEvent: {}
[90.176779] (vision_interface) StdoutLine: {'line': b'[ 96%] Built target vision_interface__rosidl_typesupport_fastrtps_c__pyext\n'}
[90.209430] (-) TimerEvent: {}
[90.240114] (vision_interface) StdoutLine: {'line': b'[ 97%] \x1b[32mBuilding C object CMakeFiles/vision_interface__rosidl_typesupport_c__pyext.dir/rosidl_generator_py/vision_interface/_vision_interface_s.ep.rosidl_typesupport_c.c.o\x1b[0m\n'}
[90.309600] (-) TimerEvent: {}
[90.410185] (-) TimerEvent: {}
[90.503950] (vision_interface) StdoutLine: {'line': b'[ 98%] \x1b[32m\x1b[1mLinking C shared library rosidl_generator_py/vision_interface/vision_interface_s__rosidl_typesupport_c.cpython-310-aarch64-linux-gnu.so\x1b[0m\n'}
[90.510348] (-) TimerEvent: {}
[90.610946] (-) TimerEvent: {}
[90.671540] (booster_interface) StdoutLine: {'line': b'[ 34%] \x1b[32mBuilding CXX object CMakeFiles/booster_interface__rosidl_typesupport_cpp.dir/rosidl_typesupport_cpp/booster_interface/srv/agent_service__type_support.cpp.o\x1b[0m\n'}
[90.708033] (vision_interface) StdoutLine: {'line': b'[ 98%] Built target vision_interface__rosidl_typesupport_c__pyext\n'}
[90.711494] (-) TimerEvent: {}
[90.771447] (vision_interface) StdoutLine: {'line': b'[ 99%] \x1b[32mBuilding C object CMakeFiles/vision_interface__rosidl_typesupport_introspection_c__pyext.dir/rosidl_generator_py/vision_interface/_vision_interface_s.ep.rosidl_typesupport_introspection_c.c.o\x1b[0m\n'}
[90.811657] (-) TimerEvent: {}
[90.912478] (-) TimerEvent: {}
[91.013426] (-) TimerEvent: {}
[91.113933] (-) TimerEvent: {}
[91.160397] (vision_interface) StdoutLine: {'line': b'[100%] \x1b[32m\x1b[1mLinking C shared library rosidl_generator_py/vision_interface/vision_interface_s__rosidl_typesupport_introspection_c.cpython-310-aarch64-linux-gnu.so\x1b[0m\n'}
[91.214082] (-) TimerEvent: {}
[91.234828] (vision_interface) StdoutLine: {'line': b'[100%] Built target vision_interface__rosidl_typesupport_introspection_c__pyext\n'}
[91.287561] (vision_interface) CommandEnded: {'returncode': 0}
[91.298580] (vision_interface) JobProgress: {'identifier': 'vision_interface', 'progress': 'install'}
[91.299357] (vision_interface) Command: {'cmd': ['/usr/bin/cmake', '--install', '/home/booster/Workspace/Booster_T1_3v3_Demo/src/build/vision_interface'], 'cwd': '/home/booster/Workspace/Booster_T1_3v3_Demo/src/build/vision_interface', 'env': OrderedDict([('LESSOPEN', '| /usr/bin/lesspipe %s'), ('USER', 'booster'), ('SSH_CLIENT', '10.10.144.134 51037 22'), ('XDG_SESSION_TYPE', 'tty'), ('GIT_ASKPASS', '/home/booster/.cursor-server/bin/25412918da7e74b2686b25d62da1f01cfcd27680/extensions/git/dist/askpass.sh'), ('SHLVL', '1'), ('LD_LIBRARY_PATH', '/opt/ros/humble/opt/rviz_ogre_vendor/lib:/opt/ros/humble/lib/aarch64-linux-gnu:/opt/ros/humble/lib:/usr/local/cuda/lib64:'), ('BROWSER', '/home/booster/.cursor-server/bin/25412918da7e74b2686b25d62da1f01cfcd27680/bin/helpers/browser.sh'), ('MOTD_SHOWN', 'pam'), ('HOME', '/home/booster'), ('OLDPWD', '/home/booster/Workspace/Booster_T1_3v3_Demo'), ('TERM_PROGRAM_VERSION', '2.0.64'), ('VSCODE_IPC_HOOK_CLI', '/run/user/1000/vscode-ipc-f7ed2610-5b6c-48c9-89fc-6c8784f58529.sock'), ('JETSON_L4T', '36.4.3'), ('ROS_PYTHON_VERSION', '3'), ('JETSON_MODEL', 'Booster T1 AGX Orin V2.1'), ('VSCODE_GIT_ASKPASS_MAIN', '/home/booster/.cursor-server/bin/25412918da7e74b2686b25d62da1f01cfcd27680/extensions/git/dist/askpass-main.js'), ('VSCODE_GIT_ASKPASS_NODE', '/home/booster/.cursor-server/bin/25412918da7e74b2686b25d62da1f01cfcd27680/node'), ('DBUS_SESSION_BUS_ADDRESS', 'unix:path=/run/user/1000/bus'), ('COLORTERM', 'truecolor'), ('ROS_DISTRO', 'humble'), ('LOGNAME', 'booster'), ('JETSON_MODULE', 'NVIDIA Jetson AGX Orin (32GB ram)'), ('JETSON_SERIAL_NUMBER', '1421225046990'), ('_', '/usr/bin/colcon'), ('ROS_VERSION', '2'), ('XDG_SESSION_CLASS', 'user'), ('TERM', 'xterm-256color'), ('XDG_SESSION_ID', '7'), ('ROS_LOCALHOST_ONLY', '0'), ('PATH', '/opt/ros/humble/bin:/usr/local/cuda/bin:/usr/local/sbin:/usr/local/bin:/usr/sbin:/usr/bin:/sbin:/bin:/snap/bin'), ('FASTRTPS_DEFAULT_PROFILES_FILE', '/opt/booster/BoosterRos2/fastdds_profile.xml'), ('CUDA_ROOT', '/usr/local/cuda'), ('XDG_RUNTIME_DIR', '/run/user/1000'), ('LANG', 'en_US.UTF-8'), ('LS_COLORS', 'rs=0:di=01;34:ln=01;36:mh=00:pi=40;33:so=01;35:do=01;35:bd=40;33;01:cd=40;33;01:or=40;31;01:mi=00:su=37;41:sg=30;43:ca=30;41:tw=30;42:ow=34;42:st=37;44:ex=01;32:*.tar=01;31:*.tgz=01;31:*.arc=01;31:*.arj=01;31:*.taz=01;31:*.lha=01;31:*.lz4=01;31:*.lzh=01;31:*.lzma=01;31:*.tlz=01;31:*.txz=01;31:*.tzo=01;31:*.t7z=01;31:*.zip=01;31:*.z=01;31:*.dz=01;31:*.gz=01;31:*.lrz=01;31:*.lz=01;31:*.lzo=01;31:*.xz=01;31:*.zst=01;31:*.tzst=01;31:*.bz2=01;31:*.bz=01;31:*.tbz=01;31:*.tbz2=01;31:*.tz=01;31:*.deb=01;31:*.rpm=01;31:*.jar=01;31:*.war=01;31:*.ear=01;31:*.sar=01;31:*.rar=01;31:*.alz=01;31:*.ace=01;31:*.zoo=01;31:*.cpio=01;31:*.7z=01;31:*.rz=01;31:*.cab=01;31:*.wim=01;31:*.swm=01;31:*.dwm=01;31:*.esd=01;31:*.jpg=01;35:*.jpeg=01;35:*.mjpg=01;35:*.mjpeg=01;35:*.gif=01;35:*.bmp=01;35:*.pbm=01;35:*.pgm=01;35:*.ppm=01;35:*.tga=01;35:*.xbm=01;35:*.xpm=01;35:*.tif=01;35:*.tiff=01;35:*.png=01;35:*.svg=01;35:*.svgz=01;35:*.mng=01;35:*.pcx=01;35:*.mov=01;35:*.mpg=01;35:*.mpeg=01;35:*.m2v=01;35:*.mkv=01;35:*.webm=01;35:*.webp=01;35:*.ogm=01;35:*.mp4=01;35:*.m4v=01;35:*.mp4v=01;35:*.vob=01;35:*.qt=01;35:*.nuv=01;35:*.wmv=01;35:*.asf=01;35:*.rm=01;35:*.rmvb=01;35:*.flc=01;35:*.avi=01;35:*.fli=01;35:*.flv=01;35:*.gl=01;35:*.dl=01;35:*.xcf=01;35:*.xwd=01;35:*.yuv=01;35:*.cgm=01;35:*.emf=01;35:*.ogv=01;35:*.ogx=01;35:*.aac=00;36:*.au=00;36:*.flac=00;36:*.m4a=00;36:*.mid=00;36:*.midi=00;36:*.mka=00;36:*.mp3=00;36:*.mpc=00;36:*.ogg=00;36:*.ra=00;36:*.wav=00;36:*.oga=00;36:*.opus=00;36:*.spx=00;36:*.xspf=00;36:'), ('JETSON_SOC', 'tegra234'), ('VSCODE_GIT_IPC_HANDLE', '/run/user/1000/vscode-git-d36fc8e34d.sock'), ('TERM_PROGRAM', 'vscode'), ('AMENT_PREFIX_PATH', '/opt/ros/humble'), ('SHELL', '/bin/bash'), ('LESSCLOSE', '/usr/bin/lesspipe %s %s'), ('VSCODE_GIT_ASKPASS_EXTRA_ARGS', ''), ('JETSON_CUDA_ARCH_BIN', '8.7'), ('PWD', '/home/booster/Workspace/Booster_T1_3v3_Demo/src/build/vision_interface'), ('SSH_CONNECTION', '10.10.144.134 51037 10.10.144.147 22'), ('XDG_DATA_DIRS', '/usr/share/gnome:/usr/local/share:/usr/share:/var/lib/snapd/desktop'), ('PYTHONPATH', '/opt/ros/humble/lib/python3.10/site-packages:/opt/ros/humble/local/lib/python3.10/dist-packages'), ('COLCON', '1'), ('JETSON_JETPACK', '6.2'), ('JETSON_P_NUMBER', 'p3701-0004'), ('CMAKE_PREFIX_PATH', '/opt/ros/humble')]), 'shell': False}
[91.313168] (vision_interface) StdoutLine: {'line': b'-- Install configuration: ""\n'}
[91.313641] (vision_interface) StdoutLine: {'line': b'-- Installing: /home/booster/Workspace/Booster_T1_3v3_Demo/src/install/vision_interface/share/ament_index/resource_index/rosidl_interfaces/vision_interface\n'}
[91.313894] (vision_interface) StdoutLine: {'line': b'-- Installing: /home/booster/Workspace/Booster_T1_3v3_Demo/src/install/vision_interface/include/vision_interface/vision_interface\n'}
[91.314139] (vision_interface) StdoutLine: {'line': b'-- Installing: /home/booster/Workspace/Booster_T1_3v3_Demo/src/install/vision_interface/include/vision_interface/vision_interface/msg\n'}
[91.314262] (-) TimerEvent: {}
[91.314850] (vision_interface) StdoutLine: {'line': b'-- Installing: /home/booster/Workspace/Booster_T1_3v3_Demo/src/install/vision_interface/include/vision_interface/vision_interface/msg/rosidl_generator_c__visibility_control.h\n'}
[91.315020] (vision_interface) StdoutLine: {'line': b'-- Installing: /home/booster/Workspace/Booster_T1_3v3_Demo/src/install/vision_interface/include/vision_interface/vision_interface/msg/detail\n'}
[91.315120] (vision_interface) StdoutLine: {'line': b'-- Installing: /home/booster/Workspace/Booster_T1_3v3_Demo/src/install/vision_interface/include/vision_interface/vision_interface/msg/detail/ball__functions.c\n'}
[91.315342] (vision_interface) StdoutLine: {'line': b'-- Installing: /home/booster/Workspace/Booster_T1_3v3_Demo/src/install/vision_interface/include/vision_interface/vision_interface/msg/detail/line_segments__functions.c\n'}
[91.315457] (vision_interface) StdoutLine: {'line': b'-- Installing: /home/booster/Workspace/Booster_T1_3v3_Demo/src/install/vision_interface/include/vision_interface/vision_interface/msg/detail/detected_object__struct.h\n'}
[91.315548] (vision_interface) StdoutLine: {'line': b'-- Installing: /home/booster/Workspace/Booster_T1_3v3_Demo/src/install/vision_interface/include/vision_interface/vision_interface/msg/detail/image_head_position__functions.c\n'}
[91.315748] (vision_interface) StdoutLine: {'line': b'-- Installing: /home/booster/Workspace/Booster_T1_3v3_Demo/src/install/vision_interface/include/vision_interface/vision_interface/msg/detail/detections__functions.c\n'}
[91.315908] (vision_interface) StdoutLine: {'line': b'-- Installing: /home/booster/Workspace/Booster_T1_3v3_Demo/src/install/vision_interface/include/vision_interface/vision_interface/msg/detail/segmentation_line__type_support.h\n'}
[91.316047] (vision_interface) StdoutLine: {'line': b'-- Installing: /home/booster/Workspace/Booster_T1_3v3_Demo/src/install/vision_interface/include/vision_interface/vision_interface/msg/detail/segmentation_result__functions.h\n'}
[91.316144] (vision_interface) StdoutLine: {'line': b'-- Installing: /home/booster/Workspace/Booster_T1_3v3_Demo/src/install/vision_interface/include/vision_interface/vision_interface/msg/detail/detections_track__functions.h\n'}
[91.316299] (vision_interface) StdoutLine: {'line': b'-- Installing: /home/booster/Workspace/Booster_T1_3v3_Demo/src/install/vision_interface/include/vision_interface/vision_interface/msg/detail/segmentation_line__functions.h\n'}
[91.316458] (vision_interface) StdoutLine: {'line': b'-- Installing: /home/booster/Workspace/Booster_T1_3v3_Demo/src/install/vision_interface/include/vision_interface/vision_interface/msg/detail/segmentation_line__struct.h\n'}
[91.316750] (vision_interface) StdoutLine: {'line': b'-- Installing: /home/booster/Workspace/Booster_T1_3v3_Demo/src/install/vision_interface/include/vision_interface/vision_interface/msg/detail/detections__type_support.h\n'}
[91.316885] (vision_interface) StdoutLine: {'line': b'-- Installing: /home/booster/Workspace/Booster_T1_3v3_Demo/src/install/vision_interface/include/vision_interface/vision_interface/msg/detail/segmentation_line__functions.c\n'}
[91.317155] (vision_interface) StdoutLine: {'line': b'-- Installing: /home/booster/Workspace/Booster_T1_3v3_Demo/src/install/vision_interface/include/vision_interface/vision_interface/msg/detail/segmentation_point__functions.c\n'}
[91.317422] (vision_interface) StdoutLine: {'line': b'-- Installing: /home/booster/Workspace/Booster_T1_3v3_Demo/src/install/vision_interface/include/vision_interface/vision_interface/msg/detail/detections__struct.h\n'}
[91.317567] (vision_interface) StdoutLine: {'line': b'-- Installing: /home/booster/Workspace/Booster_T1_3v3_Demo/src/install/vision_interface/include/vision_interface/vision_interface/msg/detail/segmentation_point__functions.h\n'}
[91.317905] (vision_interface) StdoutLine: {'line': b'-- Installing: /home/booster/Workspace/Booster_T1_3v3_Demo/src/install/vision_interface/include/vision_interface/vision_interface/msg/detail/cal_param__type_support.h\n'}
[91.318042] (vision_interface) StdoutLine: {'line': b'-- Installing: /home/booster/Workspace/Booster_T1_3v3_Demo/src/install/vision_interface/include/vision_interface/vision_interface/msg/detail/cal_param__functions.h\n'}
[91.318204] (vision_interface) StdoutLine: {'line': b'-- Installing: /home/booster/Workspace/Booster_T1_3v3_Demo/src/install/vision_interface/include/vision_interface/vision_interface/msg/detail/detected_object__functions.c\n'}
[91.318341] (vision_interface) StdoutLine: {'line': b'-- Installing: /home/booster/Workspace/Booster_T1_3v3_Demo/src/install/vision_interface/include/vision_interface/vision_interface/msg/detail/image_head_position__struct.h\n'}
[91.318473] (vision_interface) StdoutLine: {'line': b'-- Installing: /home/booster/Workspace/Booster_T1_3v3_Demo/src/install/vision_interface/include/vision_interface/vision_interface/msg/detail/image_head_position__type_support.h\n'}
[91.318629] (vision_interface) StdoutLine: {'line': b'-- Installing: /home/booster/Workspace/Booster_T1_3v3_Demo/src/install/vision_interface/include/vision_interface/vision_interface/msg/detail/image_head_position__functions.h\n'}
[91.318810] (vision_interface) StdoutLine: {'line': b'-- Installing: /home/booster/Workspace/Booster_T1_3v3_Demo/src/install/vision_interface/include/vision_interface/vision_interface/msg/detail/detections_track__struct.h\n'}
[91.318995] (vision_interface) StdoutLine: {'line': b'-- Installing: /home/booster/Workspace/Booster_T1_3v3_Demo/src/install/vision_interface/include/vision_interface/vision_interface/msg/detail/segmentation_result__functions.c\n'}
[91.319216] (vision_interface) StdoutLine: {'line': b'-- Installing: /home/booster/Workspace/Booster_T1_3v3_Demo/src/install/vision_interface/include/vision_interface/vision_interface/msg/detail/segmentation_point__type_support.h\n'}
[91.319413] (vision_interface) StdoutLine: {'line': b'-- Installing: /home/booster/Workspace/Booster_T1_3v3_Demo/src/install/vision_interface/include/vision_interface/vision_interface/msg/detail/ball__type_support.h\n'}
[91.319552] (vision_interface) StdoutLine: {'line': b'-- Installing: /home/booster/Workspace/Booster_T1_3v3_Demo/src/install/vision_interface/include/vision_interface/vision_interface/msg/detail/segmentation_result__type_support.h\n'}
[91.319747] (vision_interface) StdoutLine: {'line': b'-- Installing: /home/booster/Workspace/Booster_T1_3v3_Demo/src/install/vision_interface/include/vision_interface/vision_interface/msg/detail/line_segments__type_support.h\n'}
[91.319918] (vision_interface) StdoutLine: {'line': b'-- Installing: /home/booster/Workspace/Booster_T1_3v3_Demo/src/install/vision_interface/include/vision_interface/vision_interface/msg/detail/detected_object__type_support.h\n'}
[91.320044] (vision_interface) StdoutLine: {'line': b'-- Installing: /home/booster/Workspace/Booster_T1_3v3_Demo/src/install/vision_interface/include/vision_interface/vision_interface/msg/detail/detections_track__type_support.h\n'}
[91.320269] (vision_interface) StdoutLine: {'line': b'-- Installing: /home/booster/Workspace/Booster_T1_3v3_Demo/src/install/vision_interface/include/vision_interface/vision_interface/msg/detail/segmentation_result__struct.h\n'}
[91.320476] (vision_interface) StdoutLine: {'line': b'-- Installing: /home/booster/Workspace/Booster_T1_3v3_Demo/src/install/vision_interface/include/vision_interface/vision_interface/msg/detail/line_segments__struct.h\n'}
[91.320651] (vision_interface) StdoutLine: {'line': b'-- Installing: /home/booster/Workspace/Booster_T1_3v3_Demo/src/install/vision_interface/include/vision_interface/vision_interface/msg/detail/detected_object__functions.h\n'}
[91.320840] (vision_interface) StdoutLine: {'line': b'-- Installing: /home/booster/Workspace/Booster_T1_3v3_Demo/src/install/vision_interface/include/vision_interface/vision_interface/msg/detail/segmentation_point__struct.h\n'}
[91.321011] (vision_interface) StdoutLine: {'line': b'-- Installing: /home/booster/Workspace/Booster_T1_3v3_Demo/src/install/vision_interface/include/vision_interface/vision_interface/msg/detail/ball__functions.h\n'}
[91.321202] (vision_interface) StdoutLine: {'line': b'-- Installing: /home/booster/Workspace/Booster_T1_3v3_Demo/src/install/vision_interface/include/vision_interface/vision_interface/msg/detail/cal_param__struct.h\n'}
[91.321426] (vision_interface) StdoutLine: {'line': b'-- Installing: /home/booster/Workspace/Booster_T1_3v3_Demo/src/install/vision_interface/include/vision_interface/vision_interface/msg/detail/detections__functions.h\n'}
[91.321595] (vision_interface) StdoutLine: {'line': b'-- Installing: /home/booster/Workspace/Booster_T1_3v3_Demo/src/install/vision_interface/include/vision_interface/vision_interface/msg/detail/line_segments__functions.h\n'}
[91.321831] (vision_interface) StdoutLine: {'line': b'-- Installing: /home/booster/Workspace/Booster_T1_3v3_Demo/src/install/vision_interface/include/vision_interface/vision_interface/msg/detail/ball__struct.h\n'}
[91.321987] (vision_interface) StdoutLine: {'line': b'-- Installing: /home/booster/Workspace/Booster_T1_3v3_Demo/src/install/vision_interface/include/vision_interface/vision_interface/msg/detail/detections_track__functions.c\n'}
[91.323838] (vision_interface) StdoutLine: {'line': b'-- Installing: /home/booster/Workspace/Booster_T1_3v3_Demo/src/install/vision_interface/include/vision_interface/vision_interface/msg/detail/cal_param__functions.c\n'}
[91.324216] (vision_interface) StdoutLine: {'line': b'-- Installing: /home/booster/Workspace/Booster_T1_3v3_Demo/src/install/vision_interface/include/vision_interface/vision_interface/msg/segmentation_line.h\n'}
[91.324336] (vision_interface) StdoutLine: {'line': b'-- Installing: /home/booster/Workspace/Booster_T1_3v3_Demo/src/install/vision_interface/include/vision_interface/vision_interface/msg/cal_param.h\n'}
[91.324513] (vision_interface) StdoutLine: {'line': b'-- Installing: /home/booster/Workspace/Booster_T1_3v3_Demo/src/install/vision_interface/include/vision_interface/vision_interface/msg/segmentation_point.h\n'}
[91.324609] (vision_interface) StdoutLine: {'line': b'-- Installing: /home/booster/Workspace/Booster_T1_3v3_Demo/src/install/vision_interface/include/vision_interface/vision_interface/msg/line_segments.h\n'}
[91.324732] (vision_interface) StdoutLine: {'line': b'-- Installing: /home/booster/Workspace/Booster_T1_3v3_Demo/src/install/vision_interface/include/vision_interface/vision_interface/msg/detections.h\n'}
[91.324887] (vision_interface) StdoutLine: {'line': b'-- Installing: /home/booster/Workspace/Booster_T1_3v3_Demo/src/install/vision_interface/include/vision_interface/vision_interface/msg/segmentation_result.h\n'}
[91.324978] (vision_interface) StdoutLine: {'line': b'-- Installing: /home/booster/Workspace/Booster_T1_3v3_Demo/src/install/vision_interface/include/vision_interface/vision_interface/msg/detections_track.h\n'}
[91.325086] (vision_interface) StdoutLine: {'line': b'-- Installing: /home/booster/Workspace/Booster_T1_3v3_Demo/src/install/vision_interface/include/vision_interface/vision_interface/msg/image_head_position.h\n'}
[91.325231] (vision_interface) StdoutLine: {'line': b'-- Installing: /home/booster/Workspace/Booster_T1_3v3_Demo/src/install/vision_interface/include/vision_interface/vision_interface/msg/detected_object.h\n'}
[91.325376] (vision_interface) StdoutLine: {'line': b'-- Installing: /home/booster/Workspace/Booster_T1_3v3_Demo/src/install/vision_interface/include/vision_interface/vision_interface/msg/ball.h\n'}
[91.325475] (vision_interface) StdoutLine: {'line': b'-- Installing: /home/booster/Workspace/Booster_T1_3v3_Demo/src/install/vision_interface/share/vision_interface/environment/library_path.sh\n'}
[91.325560] (vision_interface) StdoutLine: {'line': b'-- Installing: /home/booster/Workspace/Booster_T1_3v3_Demo/src/install/vision_interface/share/vision_interface/environment/library_path.dsv\n'}
[91.325642] (vision_interface) StdoutLine: {'line': b'-- Installing: /home/booster/Workspace/Booster_T1_3v3_Demo/src/install/vision_interface/lib/libvision_interface__rosidl_generator_c.so\n'}
[91.325907] (vision_interface) StdoutLine: {'line': b'-- Set runtime path of "/home/booster/Workspace/Booster_T1_3v3_Demo/src/install/vision_interface/lib/libvision_interface__rosidl_generator_c.so" to ""\n'}
[91.326077] (vision_interface) StdoutLine: {'line': b'-- Up-to-date: /home/booster/Workspace/Booster_T1_3v3_Demo/src/install/vision_interface/include/vision_interface/vision_interface\n'}
[91.326232] (vision_interface) StdoutLine: {'line': b'-- Up-to-date: /home/booster/Workspace/Booster_T1_3v3_Demo/src/install/vision_interface/include/vision_interface/vision_interface/msg\n'}
[91.326348] (vision_interface) StdoutLine: {'line': b'-- Up-to-date: /home/booster/Workspace/Booster_T1_3v3_Demo/src/install/vision_interface/include/vision_interface/vision_interface/msg/detail\n'}
[91.326436] (vision_interface) StdoutLine: {'line': b'-- Installing: /home/booster/Workspace/Booster_T1_3v3_Demo/src/install/vision_interface/include/vision_interface/vision_interface/msg/detail/segmentation_point__rosidl_typesupport_fastrtps_c.h\n'}
[91.326555] (vision_interface) StdoutLine: {'line': b'-- Installing: /home/booster/Workspace/Booster_T1_3v3_Demo/src/install/vision_interface/include/vision_interface/vision_interface/msg/detail/detections__rosidl_typesupport_fastrtps_c.h\n'}
[91.326689] (vision_interface) StdoutLine: {'line': b'-- Installing: /home/booster/Workspace/Booster_T1_3v3_Demo/src/install/vision_interface/include/vision_interface/vision_interface/msg/detail/detected_object__rosidl_typesupport_fastrtps_c.h\n'}
[91.327005] (vision_interface) StdoutLine: {'line': b'-- Installing: /home/booster/Workspace/Booster_T1_3v3_Demo/src/install/vision_interface/include/vision_interface/vision_interface/msg/detail/line_segments__rosidl_typesupport_fastrtps_c.h\n'}
[91.327210] (vision_interface) StdoutLine: {'line': b'-- Installing: /home/booster/Workspace/Booster_T1_3v3_Demo/src/install/vision_interface/include/vision_interface/vision_interface/msg/detail/detections_track__rosidl_typesupport_fastrtps_c.h\n'}
[91.327426] (vision_interface) StdoutLine: {'line': b'-- Installing: /home/booster/Workspace/Booster_T1_3v3_Demo/src/install/vision_interface/include/vision_interface/vision_interface/msg/detail/image_head_position__rosidl_typesupport_fastrtps_c.h\n'}
[91.330297] (vision_interface) StdoutLine: {'line': b'-- Installing: /home/booster/Workspace/Booster_T1_3v3_Demo/src/install/vision_interface/include/vision_interface/vision_interface/msg/detail/segmentation_result__rosidl_typesupport_fastrtps_c.h\n'}
[91.331494] (vision_interface) StdoutLine: {'line': b'-- Installing: /home/booster/Workspace/Booster_T1_3v3_Demo/src/install/vision_interface/include/vision_interface/vision_interface/msg/detail/ball__rosidl_typesupport_fastrtps_c.h\n'}
[91.331629] (vision_interface) StdoutLine: {'line': b'-- Installing: /home/booster/Workspace/Booster_T1_3v3_Demo/src/install/vision_interface/include/vision_interface/vision_interface/msg/detail/cal_param__rosidl_typesupport_fastrtps_c.h\n'}
[91.331727] (vision_interface) StdoutLine: {'line': b'-- Installing: /home/booster/Workspace/Booster_T1_3v3_Demo/src/install/vision_interface/include/vision_interface/vision_interface/msg/detail/segmentation_line__rosidl_typesupport_fastrtps_c.h\n'}
[91.331819] (vision_interface) StdoutLine: {'line': b'-- Installing: /home/booster/Workspace/Booster_T1_3v3_Demo/src/install/vision_interface/include/vision_interface/vision_interface/msg/rosidl_typesupport_fastrtps_c__visibility_control.h\n'}
[91.331907] (vision_interface) StdoutLine: {'line': b'-- Installing: /home/booster/Workspace/Booster_T1_3v3_Demo/src/install/vision_interface/lib/libvision_interface__rosidl_typesupport_fastrtps_c.so\n'}
[91.331993] (vision_interface) StdoutLine: {'line': b'-- Set runtime path of "/home/booster/Workspace/Booster_T1_3v3_Demo/src/install/vision_interface/lib/libvision_interface__rosidl_typesupport_fastrtps_c.so" to ""\n'}
[91.332078] (vision_interface) StdoutLine: {'line': b'-- Up-to-date: /home/booster/Workspace/Booster_T1_3v3_Demo/src/install/vision_interface/include/vision_interface/vision_interface\n'}
[91.332162] (vision_interface) StdoutLine: {'line': b'-- Up-to-date: /home/booster/Workspace/Booster_T1_3v3_Demo/src/install/vision_interface/include/vision_interface/vision_interface/msg\n'}
[91.332243] (vision_interface) StdoutLine: {'line': b'-- Installing: /home/booster/Workspace/Booster_T1_3v3_Demo/src/install/vision_interface/include/vision_interface/vision_interface/msg/segmentation_line.hpp\n'}
[91.332324] (vision_interface) StdoutLine: {'line': b'-- Installing: /home/booster/Workspace/Booster_T1_3v3_Demo/src/install/vision_interface/include/vision_interface/vision_interface/msg/segmentation_point.hpp\n'}
[91.332452] (vision_interface) StdoutLine: {'line': b'-- Up-to-date: /home/booster/Workspace/Booster_T1_3v3_Demo/src/install/vision_interface/include/vision_interface/vision_interface/msg/detail\n'}
[91.332544] (vision_interface) StdoutLine: {'line': b'-- Installing: /home/booster/Workspace/Booster_T1_3v3_Demo/src/install/vision_interface/include/vision_interface/vision_interface/msg/detail/ball__traits.hpp\n'}
[91.333517] (vision_interface) StdoutLine: {'line': b'-- Installing: /home/booster/Workspace/Booster_T1_3v3_Demo/src/install/vision_interface/include/vision_interface/vision_interface/msg/detail/segmentation_result__traits.hpp\n'}
[91.333666] (vision_interface) StdoutLine: {'line': b'-- Installing: /home/booster/Workspace/Booster_T1_3v3_Demo/src/install/vision_interface/include/vision_interface/vision_interface/msg/detail/detected_object__type_support.hpp\n'}
[91.333774] (vision_interface) StdoutLine: {'line': b'-- Installing: /home/booster/Workspace/Booster_T1_3v3_Demo/src/install/vision_interface/include/vision_interface/vision_interface/msg/detail/segmentation_point__struct.hpp\n'}
[91.333860] (vision_interface) StdoutLine: {'line': b'-- Installing: /home/booster/Workspace/Booster_T1_3v3_Demo/src/install/vision_interface/include/vision_interface/vision_interface/msg/detail/line_segments__type_support.hpp\n'}
[91.334590] (vision_interface) StdoutLine: {'line': b'-- Installing: /home/booster/Workspace/Booster_T1_3v3_Demo/src/install/vision_interface/include/vision_interface/vision_interface/msg/detail/segmentation_result__builder.hpp\n'}
[91.334721] (vision_interface) StdoutLine: {'line': b'-- Installing: /home/booster/Workspace/Booster_T1_3v3_Demo/src/install/vision_interface/include/vision_interface/vision_interface/msg/detail/ball__builder.hpp\n'}
[91.334814] (vision_interface) StdoutLine: {'line': b'-- Installing: /home/booster/Workspace/Booster_T1_3v3_Demo/src/install/vision_interface/include/vision_interface/vision_interface/msg/detail/segmentation_line__traits.hpp\n'}
[91.335215] (vision_interface) StdoutLine: {'line': b'-- Installing: /home/booster/Workspace/Booster_T1_3v3_Demo/src/install/vision_interface/include/vision_interface/vision_interface/msg/detail/segmentation_point__type_support.hpp\n'}
[91.335974] (vision_interface) StdoutLine: {'line': b'-- Installing: /home/booster/Workspace/Booster_T1_3v3_Demo/src/install/vision_interface/include/vision_interface/vision_interface/msg/detail/cal_param__traits.hpp\n'}
[91.336317] (vision_interface) StdoutLine: {'line': b'-- Installing: /home/booster/Workspace/Booster_T1_3v3_Demo/src/install/vision_interface/include/vision_interface/vision_interface/msg/detail/detections__type_support.hpp\n'}
[91.336441] (vision_interface) StdoutLine: {'line': b'-- Installing: /home/booster/Workspace/Booster_T1_3v3_Demo/src/install/vision_interface/include/vision_interface/vision_interface/msg/detail/segmentation_result__struct.hpp\n'}
[91.336943] (vision_interface) StdoutLine: {'line': b'-- Installing: /home/booster/Workspace/Booster_T1_3v3_Demo/src/install/vision_interface/include/vision_interface/vision_interface/msg/detail/ball__type_support.hpp\n'}
[91.337399] (vision_interface) StdoutLine: {'line': b'-- Installing: /home/booster/Workspace/Booster_T1_3v3_Demo/src/install/vision_interface/include/vision_interface/vision_interface/msg/detail/detections_track__type_support.hpp\n'}
[91.337762] (vision_interface) StdoutLine: {'line': b'-- Installing: /home/booster/Workspace/Booster_T1_3v3_Demo/src/install/vision_interface/include/vision_interface/vision_interface/msg/detail/detections__struct.hpp\n'}
[91.338204] (vision_interface) StdoutLine: {'line': b'-- Installing: /home/booster/Workspace/Booster_T1_3v3_Demo/src/install/vision_interface/include/vision_interface/vision_interface/msg/detail/detected_object__builder.hpp\n'}
[91.338694] (vision_interface) StdoutLine: {'line': b'-- Installing: /home/booster/Workspace/Booster_T1_3v3_Demo/src/install/vision_interface/include/vision_interface/vision_interface/msg/detail/detected_object__traits.hpp\n'}
[91.339057] (vision_interface) StdoutLine: {'line': b'-- Installing: /home/booster/Workspace/Booster_T1_3v3_Demo/src/install/vision_interface/include/vision_interface/vision_interface/msg/detail/cal_param__type_support.hpp\n'}
[91.339439] (vision_interface) StdoutLine: {'line': b'-- Installing: /home/booster/Workspace/Booster_T1_3v3_Demo/src/install/vision_interface/include/vision_interface/vision_interface/msg/detail/detections__traits.hpp\n'}
[91.339871] (vision_interface) StdoutLine: {'line': b'-- Installing: /home/booster/Workspace/Booster_T1_3v3_Demo/src/install/vision_interface/include/vision_interface/vision_interface/msg/detail/image_head_position__struct.hpp\n'}
[91.340360] (vision_interface) StdoutLine: {'line': b'-- Installing: /home/booster/Workspace/Booster_T1_3v3_Demo/src/install/vision_interface/include/vision_interface/vision_interface/msg/detail/line_segments__struct.hpp\n'}
[91.341155] (vision_interface) StdoutLine: {'line': b'-- Installing: /home/booster/Workspace/Booster_T1_3v3_Demo/src/install/vision_interface/include/vision_interface/vision_interface/msg/detail/line_segments__traits.hpp\n'}
[91.341620] (vision_interface) StdoutLine: {'line': b'-- Installing: /home/booster/Workspace/Booster_T1_3v3_Demo/src/install/vision_interface/include/vision_interface/vision_interface/msg/detail/segmentation_line__builder.hpp\n'}
[91.342036] (vision_interface) StdoutLine: {'line': b'-- Installing: /home/booster/Workspace/Booster_T1_3v3_Demo/src/install/vision_interface/include/vision_interface/vision_interface/msg/detail/image_head_position__builder.hpp\n'}
[91.342505] (vision_interface) StdoutLine: {'line': b'-- Installing: /home/booster/Workspace/Booster_T1_3v3_Demo/src/install/vision_interface/include/vision_interface/vision_interface/msg/detail/ball__struct.hpp\n'}
[91.342935] (vision_interface) StdoutLine: {'line': b'-- Installing: /home/booster/Workspace/Booster_T1_3v3_Demo/src/install/vision_interface/include/vision_interface/vision_interface/msg/detail/segmentation_line__type_support.hpp\n'}
[91.343353] (vision_interface) StdoutLine: {'line': b'-- Installing: /home/booster/Workspace/Booster_T1_3v3_Demo/src/install/vision_interface/include/vision_interface/vision_interface/msg/detail/detections_track__struct.hpp\n'}
[91.344046] (vision_interface) StdoutLine: {'line': b'-- Installing: /home/booster/Workspace/Booster_T1_3v3_Demo/src/install/vision_interface/include/vision_interface/vision_interface/msg/detail/segmentation_point__builder.hpp\n'}
[91.344333] (vision_interface) StdoutLine: {'line': b'-- Installing: /home/booster/Workspace/Booster_T1_3v3_Demo/src/install/vision_interface/include/vision_interface/vision_interface/msg/detail/detections__builder.hpp\n'}
[91.344900] (vision_interface) StdoutLine: {'line': b'-- Installing: /home/booster/Workspace/Booster_T1_3v3_Demo/src/install/vision_interface/include/vision_interface/vision_interface/msg/detail/cal_param__builder.hpp\n'}
[91.345318] (vision_interface) StdoutLine: {'line': b'-- Installing: /home/booster/Workspace/Booster_T1_3v3_Demo/src/install/vision_interface/include/vision_interface/vision_interface/msg/detail/cal_param__struct.hpp\n'}
[91.345865] (vision_interface) StdoutLine: {'line': b'-- Installing: /home/booster/Workspace/Booster_T1_3v3_Demo/src/install/vision_interface/include/vision_interface/vision_interface/msg/detail/segmentation_result__type_support.hpp\n'}
[91.346234] (vision_interface) StdoutLine: {'line': b'-- Installing: /home/booster/Workspace/Booster_T1_3v3_Demo/src/install/vision_interface/include/vision_interface/vision_interface/msg/detail/line_segments__builder.hpp\n'}
[91.346976] (vision_interface) StdoutLine: {'line': b'-- Installing: /home/booster/Workspace/Booster_T1_3v3_Demo/src/install/vision_interface/include/vision_interface/vision_interface/msg/detail/image_head_position__traits.hpp\n'}
[91.347126] (vision_interface) StdoutLine: {'line': b'-- Installing: /home/booster/Workspace/Booster_T1_3v3_Demo/src/install/vision_interface/include/vision_interface/vision_interface/msg/detail/detected_object__struct.hpp\n'}
[91.347524] (vision_interface) StdoutLine: {'line': b'-- Installing: /home/booster/Workspace/Booster_T1_3v3_Demo/src/install/vision_interface/include/vision_interface/vision_interface/msg/detail/detections_track__traits.hpp\n'}
[91.348030] (vision_interface) StdoutLine: {'line': b'-- Installing: /home/booster/Workspace/Booster_T1_3v3_Demo/src/install/vision_interface/include/vision_interface/vision_interface/msg/detail/segmentation_point__traits.hpp\n'}
[91.348414] (vision_interface) StdoutLine: {'line': b'-- Installing: /home/booster/Workspace/Booster_T1_3v3_Demo/src/install/vision_interface/include/vision_interface/vision_interface/msg/detail/image_head_position__type_support.hpp\n'}
[91.348866] (vision_interface) StdoutLine: {'line': b'-- Installing: /home/booster/Workspace/Booster_T1_3v3_Demo/src/install/vision_interface/include/vision_interface/vision_interface/msg/detail/segmentation_line__struct.hpp\n'}
[91.349320] (vision_interface) StdoutLine: {'line': b'-- Installing: /home/booster/Workspace/Booster_T1_3v3_Demo/src/install/vision_interface/include/vision_interface/vision_interface/msg/detail/detections_track__builder.hpp\n'}
[91.349738] (vision_interface) StdoutLine: {'line': b'-- Installing: /home/booster/Workspace/Booster_T1_3v3_Demo/src/install/vision_interface/include/vision_interface/vision_interface/msg/line_segments.hpp\n'}
[91.350196] (vision_interface) StdoutLine: {'line': b'-- Installing: /home/booster/Workspace/Booster_T1_3v3_Demo/src/install/vision_interface/include/vision_interface/vision_interface/msg/image_head_position.hpp\n'}
[91.350590] (vision_interface) StdoutLine: {'line': b'-- Installing: /home/booster/Workspace/Booster_T1_3v3_Demo/src/install/vision_interface/include/vision_interface/vision_interface/msg/cal_param.hpp\n'}
[91.350981] (vision_interface) StdoutLine: {'line': b'-- Installing: /home/booster/Workspace/Booster_T1_3v3_Demo/src/install/vision_interface/include/vision_interface/vision_interface/msg/ball.hpp\n'}
[91.351366] (vision_interface) StdoutLine: {'line': b'-- Installing: /home/booster/Workspace/Booster_T1_3v3_Demo/src/install/vision_interface/include/vision_interface/vision_interface/msg/detections_track.hpp\n'}
[91.351744] (vision_interface) StdoutLine: {'line': b'-- Installing: /home/booster/Workspace/Booster_T1_3v3_Demo/src/install/vision_interface/include/vision_interface/vision_interface/msg/rosidl_generator_cpp__visibility_control.hpp\n'}
[91.352173] (vision_interface) StdoutLine: {'line': b'-- Installing: /home/booster/Workspace/Booster_T1_3v3_Demo/src/install/vision_interface/include/vision_interface/vision_interface/msg/detections.hpp\n'}
[91.352586] (vision_interface) StdoutLine: {'line': b'-- Installing: /home/booster/Workspace/Booster_T1_3v3_Demo/src/install/vision_interface/include/vision_interface/vision_interface/msg/detected_object.hpp\n'}
[91.352992] (vision_interface) StdoutLine: {'line': b'-- Installing: /home/booster/Workspace/Booster_T1_3v3_Demo/src/install/vision_interface/include/vision_interface/vision_interface/msg/segmentation_result.hpp\n'}
[91.353518] (vision_interface) StdoutLine: {'line': b'-- Up-to-date: /home/booster/Workspace/Booster_T1_3v3_Demo/src/install/vision_interface/include/vision_interface/vision_interface\n'}
[91.353851] (vision_interface) StdoutLine: {'line': b'-- Up-to-date: /home/booster/Workspace/Booster_T1_3v3_Demo/src/install/vision_interface/include/vision_interface/vision_interface/msg\n'}
[91.354042] (vision_interface) StdoutLine: {'line': b'-- Up-to-date: /home/booster/Workspace/Booster_T1_3v3_Demo/src/install/vision_interface/include/vision_interface/vision_interface/msg/detail\n'}
[91.354389] (vision_interface) StdoutLine: {'line': b'-- Installing: /home/booster/Workspace/Booster_T1_3v3_Demo/src/install/vision_interface/include/vision_interface/vision_interface/msg/detail/image_head_position__rosidl_typesupport_fastrtps_cpp.hpp\n'}
[91.354876] (vision_interface) StdoutLine: {'line': b'-- Installing: /home/booster/Workspace/Booster_T1_3v3_Demo/src/install/vision_interface/include/vision_interface/vision_interface/msg/detail/line_segments__rosidl_typesupport_fastrtps_cpp.hpp\n'}
[91.355243] (vision_interface) StdoutLine: {'line': b'-- Installing: /home/booster/Workspace/Booster_T1_3v3_Demo/src/install/vision_interface/include/vision_interface/vision_interface/msg/detail/detected_object__rosidl_typesupport_fastrtps_cpp.hpp\n'}
[91.355680] (vision_interface) StdoutLine: {'line': b'-- Installing: /home/booster/Workspace/Booster_T1_3v3_Demo/src/install/vision_interface/include/vision_interface/vision_interface/msg/detail/cal_param__rosidl_typesupport_fastrtps_cpp.hpp\n'}
[91.356066] (vision_interface) StdoutLine: {'line': b'-- Installing: /home/booster/Workspace/Booster_T1_3v3_Demo/src/install/vision_interface/include/vision_interface/vision_interface/msg/detail/segmentation_point__rosidl_typesupport_fastrtps_cpp.hpp\n'}
[91.356511] (vision_interface) StdoutLine: {'line': b'-- Installing: /home/booster/Workspace/Booster_T1_3v3_Demo/src/install/vision_interface/include/vision_interface/vision_interface/msg/detail/dds_fastrtps\n'}
[91.357340] (vision_interface) StdoutLine: {'line': b'-- Installing: /home/booster/Workspace/Booster_T1_3v3_Demo/src/install/vision_interface/include/vision_interface/vision_interface/msg/detail/segmentation_result__rosidl_typesupport_fastrtps_cpp.hpp\n'}
[91.359033] (vision_interface) StdoutLine: {'line': b'-- Installing: /home/booster/Workspace/Booster_T1_3v3_Demo/src/install/vision_interface/include/vision_interface/vision_interface/msg/detail/detections_track__rosidl_typesupport_fastrtps_cpp.hpp\n'}
[91.359330] (vision_interface) StdoutLine: {'line': b'-- Installing: /home/booster/Workspace/Booster_T1_3v3_Demo/src/install/vision_interface/include/vision_interface/vision_interface/msg/detail/detections__rosidl_typesupport_fastrtps_cpp.hpp\n'}
[91.359475] (vision_interface) StdoutLine: {'line': b'-- Installing: /home/booster/Workspace/Booster_T1_3v3_Demo/src/install/vision_interface/include/vision_interface/vision_interface/msg/detail/segmentation_line__rosidl_typesupport_fastrtps_cpp.hpp\n'}
[91.359573] (vision_interface) StdoutLine: {'line': b'-- Installing: /home/booster/Workspace/Booster_T1_3v3_Demo/src/install/vision_interface/include/vision_interface/vision_interface/msg/detail/ball__rosidl_typesupport_fastrtps_cpp.hpp\n'}
[91.359673] (vision_interface) StdoutLine: {'line': b'-- Installing: /home/booster/Workspace/Booster_T1_3v3_Demo/src/install/vision_interface/include/vision_interface/vision_interface/msg/rosidl_typesupport_fastrtps_cpp__visibility_control.h\n'}
[91.360024] (vision_interface) StdoutLine: {'line': b'-- Installing: /home/booster/Workspace/Booster_T1_3v3_Demo/src/install/vision_interface/lib/libvision_interface__rosidl_typesupport_fastrtps_cpp.so\n'}
[91.362062] (vision_interface) StdoutLine: {'line': b'-- Set runtime path of "/home/booster/Workspace/Booster_T1_3v3_Demo/src/install/vision_interface/lib/libvision_interface__rosidl_typesupport_fastrtps_cpp.so" to ""\n'}
[91.362341] (vision_interface) StdoutLine: {'line': b'-- Up-to-date: /home/booster/Workspace/Booster_T1_3v3_Demo/src/install/vision_interface/include/vision_interface/vision_interface\n'}
[91.362555] (vision_interface) StdoutLine: {'line': b'-- Up-to-date: /home/booster/Workspace/Booster_T1_3v3_Demo/src/install/vision_interface/include/vision_interface/vision_interface/msg\n'}
[91.362677] (vision_interface) StdoutLine: {'line': b'-- Up-to-date: /home/booster/Workspace/Booster_T1_3v3_Demo/src/install/vision_interface/include/vision_interface/vision_interface/msg/detail\n'}
[91.362772] (vision_interface) StdoutLine: {'line': b'-- Installing: /home/booster/Workspace/Booster_T1_3v3_Demo/src/install/vision_interface/include/vision_interface/vision_interface/msg/detail/line_segments__rosidl_typesupport_introspection_c.h\n'}
[91.362859] (vision_interface) StdoutLine: {'line': b'-- Installing: /home/booster/Workspace/Booster_T1_3v3_Demo/src/install/vision_interface/include/vision_interface/vision_interface/msg/detail/segmentation_point__type_support.c\n'}
[91.363340] (vision_interface) StdoutLine: {'line': b'-- Installing: /home/booster/Workspace/Booster_T1_3v3_Demo/src/install/vision_interface/include/vision_interface/vision_interface/msg/detail/detections__type_support.c\n'}
[91.363799] (vision_interface) StdoutLine: {'line': b'-- Installing: /home/booster/Workspace/Booster_T1_3v3_Demo/src/install/vision_interface/include/vision_interface/vision_interface/msg/detail/image_head_position__rosidl_typesupport_introspection_c.h\n'}
[91.364300] (vision_interface) StdoutLine: {'line': b'-- Installing: /home/booster/Workspace/Booster_T1_3v3_Demo/src/install/vision_interface/include/vision_interface/vision_interface/msg/detail/line_segments__type_support.c\n'}
[91.364785] (vision_interface) StdoutLine: {'line': b'-- Installing: /home/booster/Workspace/Booster_T1_3v3_Demo/src/install/vision_interface/include/vision_interface/vision_interface/msg/detail/image_head_position__type_support.c\n'}
[91.365227] (vision_interface) StdoutLine: {'line': b'-- Installing: /home/booster/Workspace/Booster_T1_3v3_Demo/src/install/vision_interface/include/vision_interface/vision_interface/msg/detail/segmentation_line__type_support.c\n'}
[91.365973] (vision_interface) StdoutLine: {'line': b'-- Installing: /home/booster/Workspace/Booster_T1_3v3_Demo/src/install/vision_interface/include/vision_interface/vision_interface/msg/detail/ball__type_support.c\n'}
[91.366183] (vision_interface) StdoutLine: {'line': b'-- Installing: /home/booster/Workspace/Booster_T1_3v3_Demo/src/install/vision_interface/include/vision_interface/vision_interface/msg/detail/segmentation_line__rosidl_typesupport_introspection_c.h\n'}
[91.366599] (vision_interface) StdoutLine: {'line': b'-- Installing: /home/booster/Workspace/Booster_T1_3v3_Demo/src/install/vision_interface/include/vision_interface/vision_interface/msg/detail/detections_track__rosidl_typesupport_introspection_c.h\n'}
[91.367088] (vision_interface) StdoutLine: {'line': b'-- Installing: /home/booster/Workspace/Booster_T1_3v3_Demo/src/install/vision_interface/include/vision_interface/vision_interface/msg/detail/segmentation_result__rosidl_typesupport_introspection_c.h\n'}
[91.367455] (vision_interface) StdoutLine: {'line': b'-- Installing: /home/booster/Workspace/Booster_T1_3v3_Demo/src/install/vision_interface/include/vision_interface/vision_interface/msg/detail/detected_object__type_support.c\n'}
[91.368081] (vision_interface) StdoutLine: {'line': b'-- Installing: /home/booster/Workspace/Booster_T1_3v3_Demo/src/install/vision_interface/include/vision_interface/vision_interface/msg/detail/detected_object__rosidl_typesupport_introspection_c.h\n'}
[91.369116] (vision_interface) StdoutLine: {'line': b'-- Installing: /home/booster/Workspace/Booster_T1_3v3_Demo/src/install/vision_interface/include/vision_interface/vision_interface/msg/detail/cal_param__rosidl_typesupport_introspection_c.h\n'}
[91.369281] (vision_interface) StdoutLine: {'line': b'-- Installing: /home/booster/Workspace/Booster_T1_3v3_Demo/src/install/vision_interface/include/vision_interface/vision_interface/msg/detail/ball__rosidl_typesupport_introspection_c.h\n'}
[91.369403] (vision_interface) StdoutLine: {'line': b'-- Installing: /home/booster/Workspace/Booster_T1_3v3_Demo/src/install/vision_interface/include/vision_interface/vision_interface/msg/detail/segmentation_point__rosidl_typesupport_introspection_c.h\n'}
[91.369680] (vision_interface) StdoutLine: {'line': b'-- Installing: /home/booster/Workspace/Booster_T1_3v3_Demo/src/install/vision_interface/include/vision_interface/vision_interface/msg/detail/segmentation_result__type_support.c\n'}
[91.370058] (vision_interface) StdoutLine: {'line': b'-- Installing: /home/booster/Workspace/Booster_T1_3v3_Demo/src/install/vision_interface/include/vision_interface/vision_interface/msg/detail/detections_track__type_support.c\n'}
[91.370539] (vision_interface) StdoutLine: {'line': b'-- Installing: /home/booster/Workspace/Booster_T1_3v3_Demo/src/install/vision_interface/include/vision_interface/vision_interface/msg/detail/cal_param__type_support.c\n'}
[91.370964] (vision_interface) StdoutLine: {'line': b'-- Installing: /home/booster/Workspace/Booster_T1_3v3_Demo/src/install/vision_interface/include/vision_interface/vision_interface/msg/detail/detections__rosidl_typesupport_introspection_c.h\n'}
[91.372245] (vision_interface) StdoutLine: {'line': b'-- Installing: /home/booster/Workspace/Booster_T1_3v3_Demo/src/install/vision_interface/include/vision_interface/vision_interface/msg/rosidl_typesupport_introspection_c__visibility_control.h\n'}
[91.372441] (vision_interface) StdoutLine: {'line': b'-- Installing: /home/booster/Workspace/Booster_T1_3v3_Demo/src/install/vision_interface/lib/libvision_interface__rosidl_typesupport_introspection_c.so\n'}
[91.377836] (vision_interface) StdoutLine: {'line': b'-- Set runtime path of "/home/booster/Workspace/Booster_T1_3v3_Demo/src/install/vision_interface/lib/libvision_interface__rosidl_typesupport_introspection_c.so" to ""\n'}
[91.378657] (vision_interface) StdoutLine: {'line': b'-- Installing: /home/booster/Workspace/Booster_T1_3v3_Demo/src/install/vision_interface/lib/libvision_interface__rosidl_typesupport_c.so\n'}
[91.382126] (vision_interface) StdoutLine: {'line': b'-- Set runtime path of "/home/booster/Workspace/Booster_T1_3v3_Demo/src/install/vision_interface/lib/libvision_interface__rosidl_typesupport_c.so" to ""\n'}
[91.382973] (vision_interface) StdoutLine: {'line': b'-- Up-to-date: /home/booster/Workspace/Booster_T1_3v3_Demo/src/install/vision_interface/include/vision_interface/vision_interface\n'}
[91.383259] (vision_interface) StdoutLine: {'line': b'-- Up-to-date: /home/booster/Workspace/Booster_T1_3v3_Demo/src/install/vision_interface/include/vision_interface/vision_interface/msg\n'}
[91.383576] (vision_interface) StdoutLine: {'line': b'-- Up-to-date: /home/booster/Workspace/Booster_T1_3v3_Demo/src/install/vision_interface/include/vision_interface/vision_interface/msg/detail\n'}
[91.383921] (vision_interface) StdoutLine: {'line': b'-- Installing: /home/booster/Workspace/Booster_T1_3v3_Demo/src/install/vision_interface/include/vision_interface/vision_interface/msg/detail/segmentation_line__type_support.cpp\n'}
[91.384553] (vision_interface) StdoutLine: {'line': b'-- Installing: /home/booster/Workspace/Booster_T1_3v3_Demo/src/install/vision_interface/include/vision_interface/vision_interface/msg/detail/detections_track__rosidl_typesupport_introspection_cpp.hpp\n'}
[91.385091] (vision_interface) StdoutLine: {'line': b'-- Installing: /home/booster/Workspace/Booster_T1_3v3_Demo/src/install/vision_interface/include/vision_interface/vision_interface/msg/detail/image_head_position__rosidl_typesupport_introspection_cpp.hpp\n'}
[91.385534] (vision_interface) StdoutLine: {'line': b'-- Installing: /home/booster/Workspace/Booster_T1_3v3_Demo/src/install/vision_interface/include/vision_interface/vision_interface/msg/detail/detections__type_support.cpp\n'}
[91.385968] (vision_interface) StdoutLine: {'line': b'-- Installing: /home/booster/Workspace/Booster_T1_3v3_Demo/src/install/vision_interface/include/vision_interface/vision_interface/msg/detail/line_segments__type_support.cpp\n'}
[91.386505] (vision_interface) StdoutLine: {'line': b'-- Installing: /home/booster/Workspace/Booster_T1_3v3_Demo/src/install/vision_interface/include/vision_interface/vision_interface/msg/detail/detected_object__type_support.cpp\n'}
[91.387011] (vision_interface) StdoutLine: {'line': b'-- Installing: /home/booster/Workspace/Booster_T1_3v3_Demo/src/install/vision_interface/include/vision_interface/vision_interface/msg/detail/detections__rosidl_typesupport_introspection_cpp.hpp\n'}
[91.387600] (vision_interface) StdoutLine: {'line': b'-- Installing: /home/booster/Workspace/Booster_T1_3v3_Demo/src/install/vision_interface/include/vision_interface/vision_interface/msg/detail/segmentation_result__type_support.cpp\n'}
[91.388043] (vision_interface) StdoutLine: {'line': b'-- Installing: /home/booster/Workspace/Booster_T1_3v3_Demo/src/install/vision_interface/include/vision_interface/vision_interface/msg/detail/ball__type_support.cpp\n'}
[91.388518] (vision_interface) StdoutLine: {'line': b'-- Installing: /home/booster/Workspace/Booster_T1_3v3_Demo/src/install/vision_interface/include/vision_interface/vision_interface/msg/detail/cal_param__type_support.cpp\n'}
[91.388955] (vision_interface) StdoutLine: {'line': b'-- Installing: /home/booster/Workspace/Booster_T1_3v3_Demo/src/install/vision_interface/include/vision_interface/vision_interface/msg/detail/cal_param__rosidl_typesupport_introspection_cpp.hpp\n'}
[91.389438] (vision_interface) StdoutLine: {'line': b'-- Installing: /home/booster/Workspace/Booster_T1_3v3_Demo/src/install/vision_interface/include/vision_interface/vision_interface/msg/detail/ball__rosidl_typesupport_introspection_cpp.hpp\n'}
[91.389845] (vision_interface) StdoutLine: {'line': b'-- Installing: /home/booster/Workspace/Booster_T1_3v3_Demo/src/install/vision_interface/include/vision_interface/vision_interface/msg/detail/segmentation_line__rosidl_typesupport_introspection_cpp.hpp\n'}
[91.390269] (vision_interface) StdoutLine: {'line': b'-- Installing: /home/booster/Workspace/Booster_T1_3v3_Demo/src/install/vision_interface/include/vision_interface/vision_interface/msg/detail/detected_object__rosidl_typesupport_introspection_cpp.hpp\n'}
[91.390732] (vision_interface) StdoutLine: {'line': b'-- Installing: /home/booster/Workspace/Booster_T1_3v3_Demo/src/install/vision_interface/include/vision_interface/vision_interface/msg/detail/segmentation_point__type_support.cpp\n'}
[91.391131] (vision_interface) StdoutLine: {'line': b'-- Installing: /home/booster/Workspace/Booster_T1_3v3_Demo/src/install/vision_interface/include/vision_interface/vision_interface/msg/detail/image_head_position__type_support.cpp\n'}
[91.391539] (vision_interface) StdoutLine: {'line': b'-- Installing: /home/booster/Workspace/Booster_T1_3v3_Demo/src/install/vision_interface/include/vision_interface/vision_interface/msg/detail/segmentation_point__rosidl_typesupport_introspection_cpp.hpp\n'}
[91.392007] (vision_interface) StdoutLine: {'line': b'-- Installing: /home/booster/Workspace/Booster_T1_3v3_Demo/src/install/vision_interface/include/vision_interface/vision_interface/msg/detail/segmentation_result__rosidl_typesupport_introspection_cpp.hpp\n'}
[91.392394] (vision_interface) StdoutLine: {'line': b'-- Installing: /home/booster/Workspace/Booster_T1_3v3_Demo/src/install/vision_interface/include/vision_interface/vision_interface/msg/detail/detections_track__type_support.cpp\n'}
[91.392872] (vision_interface) StdoutLine: {'line': b'-- Installing: /home/booster/Workspace/Booster_T1_3v3_Demo/src/install/vision_interface/include/vision_interface/vision_interface/msg/detail/line_segments__rosidl_typesupport_introspection_cpp.hpp\n'}
[91.393627] (vision_interface) StdoutLine: {'line': b'-- Installing: /home/booster/Workspace/Booster_T1_3v3_Demo/src/install/vision_interface/lib/libvision_interface__rosidl_typesupport_introspection_cpp.so\n'}
[91.405054] (vision_interface) StdoutLine: {'line': b'-- Set runtime path of "/home/booster/Workspace/Booster_T1_3v3_Demo/src/install/vision_interface/lib/libvision_interface__rosidl_typesupport_introspection_cpp.so" to ""\n'}
[91.405809] (vision_interface) StdoutLine: {'line': b'-- Installing: /home/booster/Workspace/Booster_T1_3v3_Demo/src/install/vision_interface/lib/libvision_interface__rosidl_typesupport_cpp.so\n'}
[91.410126] (vision_interface) StdoutLine: {'line': b'-- Set runtime path of "/home/booster/Workspace/Booster_T1_3v3_Demo/src/install/vision_interface/lib/libvision_interface__rosidl_typesupport_cpp.so" to ""\n'}
[91.410518] (vision_interface) StdoutLine: {'line': b'-- Installing: /home/booster/Workspace/Booster_T1_3v3_Demo/src/install/vision_interface/share/vision_interface/environment/pythonpath.sh\n'}
[91.411030] (vision_interface) StdoutLine: {'line': b'-- Installing: /home/booster/Workspace/Booster_T1_3v3_Demo/src/install/vision_interface/share/vision_interface/environment/pythonpath.dsv\n'}
[91.411544] (vision_interface) StdoutLine: {'line': b'-- Installing: /home/booster/Workspace/Booster_T1_3v3_Demo/src/install/vision_interface/local/lib/python3.10/dist-packages/vision_interface-1.0.0-py3.10.egg-info\n'}
[91.413335] (vision_interface) StdoutLine: {'line': b'-- Installing: /home/booster/Workspace/Booster_T1_3v3_Demo/src/install/vision_interface/local/lib/python3.10/dist-packages/vision_interface-1.0.0-py3.10.egg-info/dependency_links.txt\n'}
[91.414375] (-) TimerEvent: {}
[91.415860] (vision_interface) StdoutLine: {'line': b'-- Installing: /home/booster/Workspace/Booster_T1_3v3_Demo/src/install/vision_interface/local/lib/python3.10/dist-packages/vision_interface-1.0.0-py3.10.egg-info/PKG-INFO\n'}
[91.417906] (vision_interface) StdoutLine: {'line': b'-- Installing: /home/booster/Workspace/Booster_T1_3v3_Demo/src/install/vision_interface/local/lib/python3.10/dist-packages/vision_interface-1.0.0-py3.10.egg-info/top_level.txt\n'}
[91.420013] (vision_interface) StdoutLine: {'line': b'-- Installing: /home/booster/Workspace/Booster_T1_3v3_Demo/src/install/vision_interface/local/lib/python3.10/dist-packages/vision_interface-1.0.0-py3.10.egg-info/SOURCES.txt\n'}
[91.421652] (vision_interface) StdoutLine: {'line': b'-- Installing: /home/booster/Workspace/Booster_T1_3v3_Demo/src/install/vision_interface/local/lib/python3.10/dist-packages/vision_interface\n'}
[91.421951] (vision_interface) StdoutLine: {'line': b'-- Installing: /home/booster/Workspace/Booster_T1_3v3_Demo/src/install/vision_interface/local/lib/python3.10/dist-packages/vision_interface/__init__.py\n'}
[91.423230] (vision_interface) StdoutLine: {'line': b'-- Installing: /home/booster/Workspace/Booster_T1_3v3_Demo/src/install/vision_interface/local/lib/python3.10/dist-packages/vision_interface/msg\n'}
[91.423873] (vision_interface) StdoutLine: {'line': b'-- Installing: /home/booster/Workspace/Booster_T1_3v3_Demo/src/install/vision_interface/local/lib/python3.10/dist-packages/vision_interface/msg/_segmentation_point.py\n'}
[91.424252] (vision_interface) StdoutLine: {'line': b'-- Installing: /home/booster/Workspace/Booster_T1_3v3_Demo/src/install/vision_interface/local/lib/python3.10/dist-packages/vision_interface/msg/__init__.py\n'}
[91.424363] (vision_interface) StdoutLine: {'line': b'-- Installing: /home/booster/Workspace/Booster_T1_3v3_Demo/src/install/vision_interface/local/lib/python3.10/dist-packages/vision_interface/msg/_segmentation_point_s.c\n'}
[91.425131] (vision_interface) StdoutLine: {'line': b'-- Installing: /home/booster/Workspace/Booster_T1_3v3_Demo/src/install/vision_interface/local/lib/python3.10/dist-packages/vision_interface/msg/_cal_param.py\n'}
[91.425729] (vision_interface) StdoutLine: {'line': b'-- Installing: /home/booster/Workspace/Booster_T1_3v3_Demo/src/install/vision_interface/local/lib/python3.10/dist-packages/vision_interface/msg/_segmentation_result_s.c\n'}
[91.427239] (vision_interface) StdoutLine: {'line': b'-- Installing: /home/booster/Workspace/Booster_T1_3v3_Demo/src/install/vision_interface/local/lib/python3.10/dist-packages/vision_interface/msg/_image_head_position_s.c\n'}
[91.428457] (vision_interface) StdoutLine: {'line': b'-- Installing: /home/booster/Workspace/Booster_T1_3v3_Demo/src/install/vision_interface/local/lib/python3.10/dist-packages/vision_interface/msg/_ball_s.c\n'}
[91.428595] (vision_interface) StdoutLine: {'line': b'-- Installing: /home/booster/Workspace/Booster_T1_3v3_Demo/src/install/vision_interface/local/lib/python3.10/dist-packages/vision_interface/msg/_detected_object_s.c\n'}
[91.428691] (vision_interface) StdoutLine: {'line': b'-- Installing: /home/booster/Workspace/Booster_T1_3v3_Demo/src/install/vision_interface/local/lib/python3.10/dist-packages/vision_interface/msg/_cal_param_s.c\n'}
[91.428792] (vision_interface) StdoutLine: {'line': b'-- Installing: /home/booster/Workspace/Booster_T1_3v3_Demo/src/install/vision_interface/local/lib/python3.10/dist-packages/vision_interface/msg/_image_head_position.py\n'}
[91.430919] (vision_interface) StdoutLine: {'line': b'-- Installing: /home/booster/Workspace/Booster_T1_3v3_Demo/src/install/vision_interface/local/lib/python3.10/dist-packages/vision_interface/msg/_line_segments_s.c\n'}
[91.431193] (vision_interface) StdoutLine: {'line': b'-- Installing: /home/booster/Workspace/Booster_T1_3v3_Demo/src/install/vision_interface/local/lib/python3.10/dist-packages/vision_interface/msg/_detections_s.c\n'}
[91.431388] (vision_interface) StdoutLine: {'line': b'-- Installing: /home/booster/Workspace/Booster_T1_3v3_Demo/src/install/vision_interface/local/lib/python3.10/dist-packages/vision_interface/msg/_detections.py\n'}
[91.433440] (vision_interface) StdoutLine: {'line': b'-- Installing: /home/booster/Workspace/Booster_T1_3v3_Demo/src/install/vision_interface/local/lib/python3.10/dist-packages/vision_interface/msg/_segmentation_result.py\n'}
[91.435019] (vision_interface) StdoutLine: {'line': b'-- Installing: /home/booster/Workspace/Booster_T1_3v3_Demo/src/install/vision_interface/local/lib/python3.10/dist-packages/vision_interface/msg/_line_segments.py\n'}
[91.435235] (vision_interface) StdoutLine: {'line': b'-- Installing: /home/booster/Workspace/Booster_T1_3v3_Demo/src/install/vision_interface/local/lib/python3.10/dist-packages/vision_interface/msg/_ball.py\n'}
[91.435429] (vision_interface) StdoutLine: {'line': b'-- Installing: /home/booster/Workspace/Booster_T1_3v3_Demo/src/install/vision_interface/local/lib/python3.10/dist-packages/vision_interface/msg/_detections_track.py\n'}
[91.435650] (vision_interface) StdoutLine: {'line': b'-- Installing: /home/booster/Workspace/Booster_T1_3v3_Demo/src/install/vision_interface/local/lib/python3.10/dist-packages/vision_interface/msg/_detections_track_s.c\n'}
[91.438269] (vision_interface) StdoutLine: {'line': b'-- Installing: /home/booster/Workspace/Booster_T1_3v3_Demo/src/install/vision_interface/local/lib/python3.10/dist-packages/vision_interface/msg/_segmentation_line.py\n'}
[91.438554] (vision_interface) StdoutLine: {'line': b'-- Installing: /home/booster/Workspace/Booster_T1_3v3_Demo/src/install/vision_interface/local/lib/python3.10/dist-packages/vision_interface/msg/_detected_object.py\n'}
[91.438728] (vision_interface) StdoutLine: {'line': b'-- Installing: /home/booster/Workspace/Booster_T1_3v3_Demo/src/install/vision_interface/local/lib/python3.10/dist-packages/vision_interface/msg/_segmentation_line_s.c\n'}
[91.438883] (vision_interface) StdoutLine: {'line': b'-- Installing: /home/booster/Workspace/Booster_T1_3v3_Demo/src/install/vision_interface/local/lib/python3.10/dist-packages/vision_interface/_vision_interface_s.ep.rosidl_typesupport_c.c\n'}
[91.440477] (vision_interface) StdoutLine: {'line': b'-- Installing: /home/booster/Workspace/Booster_T1_3v3_Demo/src/install/vision_interface/local/lib/python3.10/dist-packages/vision_interface/libvision_interface__rosidl_generator_py.so\n'}
[91.442533] (vision_interface) StdoutLine: {'line': b'-- Installing: /home/booster/Workspace/Booster_T1_3v3_Demo/src/install/vision_interface/local/lib/python3.10/dist-packages/vision_interface/_vision_interface_s.ep.rosidl_typesupport_fastrtps_c.c\n'}
[91.442904] (vision_interface) StdoutLine: {'line': b'-- Installing: /home/booster/Workspace/Booster_T1_3v3_Demo/src/install/vision_interface/local/lib/python3.10/dist-packages/vision_interface/vision_interface_s__rosidl_typesupport_c.cpython-310-aarch64-linux-gnu.so\n'}
[91.443119] (vision_interface) StdoutLine: {'line': b'-- Installing: /home/booster/Workspace/Booster_T1_3v3_Demo/src/install/vision_interface/local/lib/python3.10/dist-packages/vision_interface/vision_interface_s__rosidl_typesupport_fastrtps_c.cpython-310-aarch64-linux-gnu.so\n'}
[91.443479] (vision_interface) StdoutLine: {'line': b'-- Installing: /home/booster/Workspace/Booster_T1_3v3_Demo/src/install/vision_interface/local/lib/python3.10/dist-packages/vision_interface/vision_interface_s__rosidl_typesupport_introspection_c.cpython-310-aarch64-linux-gnu.so\n'}
[91.444981] (vision_interface) StdoutLine: {'line': b'-- Installing: /home/booster/Workspace/Booster_T1_3v3_Demo/src/install/vision_interface/local/lib/python3.10/dist-packages/vision_interface/_vision_interface_s.ep.rosidl_typesupport_introspection_c.c\n'}
[91.456519] (booster_interface) StdoutLine: {'line': b'[ 35%] \x1b[32mBuilding CXX object CMakeFiles/booster_interface__rosidl_typesupport_cpp.dir/rosidl_typesupport_cpp/booster_interface/msg/button_event_msg__type_support.cpp.o\x1b[0m\n'}
[91.514644] (-) TimerEvent: {}
[91.540054] (vision_interface) StdoutLine: {'line': b"Listing '/home/booster/Workspace/Booster_T1_3v3_Demo/src/install/vision_interface/local/lib/python3.10/dist-packages/vision_interface'...\n"}
[91.540636] (vision_interface) StdoutLine: {'line': b"Compiling '/home/booster/Workspace/Booster_T1_3v3_Demo/src/install/vision_interface/local/lib/python3.10/dist-packages/vision_interface/__init__.py'...\n"}
[91.541040] (vision_interface) StdoutLine: {'line': b"Listing '/home/booster/Workspace/Booster_T1_3v3_Demo/src/install/vision_interface/local/lib/python3.10/dist-packages/vision_interface/msg'...\n"}
[91.541175] (vision_interface) StdoutLine: {'line': b"Compiling '/home/booster/Workspace/Booster_T1_3v3_Demo/src/install/vision_interface/local/lib/python3.10/dist-packages/vision_interface/msg/__init__.py'...\n"}
[91.541312] (vision_interface) StdoutLine: {'line': b"Compiling '/home/booster/Workspace/Booster_T1_3v3_Demo/src/install/vision_interface/local/lib/python3.10/dist-packages/vision_interface/msg/_ball.py'...\n"}
[91.541407] (vision_interface) StdoutLine: {'line': b"Compiling '/home/booster/Workspace/Booster_T1_3v3_Demo/src/install/vision_interface/local/lib/python3.10/dist-packages/vision_interface/msg/_cal_param.py'...\n"}
[91.541493] (vision_interface) StdoutLine: {'line': b"Compiling '/home/booster/Workspace/Booster_T1_3v3_Demo/src/install/vision_interface/local/lib/python3.10/dist-packages/vision_interface/msg/_detected_object.py'...\n"}
[91.541577] (vision_interface) StdoutLine: {'line': b"Compiling '/home/booster/Workspace/Booster_T1_3v3_Demo/src/install/vision_interface/local/lib/python3.10/dist-packages/vision_interface/msg/_detections.py'...\n"}
[91.541658] (vision_interface) StdoutLine: {'line': b"Compiling '/home/booster/Workspace/Booster_T1_3v3_Demo/src/install/vision_interface/local/lib/python3.10/dist-packages/vision_interface/msg/_detections_track.py'...\n"}
[91.541737] (vision_interface) StdoutLine: {'line': b"Compiling '/home/booster/Workspace/Booster_T1_3v3_Demo/src/install/vision_interface/local/lib/python3.10/dist-packages/vision_interface/msg/_image_head_position.py'...\n"}
[91.541817] (vision_interface) StdoutLine: {'line': b"Compiling '/home/booster/Workspace/Booster_T1_3v3_Demo/src/install/vision_interface/local/lib/python3.10/dist-packages/vision_interface/msg/_line_segments.py'...\n"}
[91.541896] (vision_interface) StdoutLine: {'line': b"Compiling '/home/booster/Workspace/Booster_T1_3v3_Demo/src/install/vision_interface/local/lib/python3.10/dist-packages/vision_interface/msg/_segmentation_line.py'...\n"}
[91.541977] (vision_interface) StdoutLine: {'line': b"Compiling '/home/booster/Workspace/Booster_T1_3v3_Demo/src/install/vision_interface/local/lib/python3.10/dist-packages/vision_interface/msg/_segmentation_point.py'...\n"}
[91.542164] (vision_interface) StdoutLine: {'line': b"Compiling '/home/booster/Workspace/Booster_T1_3v3_Demo/src/install/vision_interface/local/lib/python3.10/dist-packages/vision_interface/msg/_segmentation_result.py'...\n"}
[91.554947] (vision_interface) StdoutLine: {'line': b'-- Installing: /home/booster/Workspace/Booster_T1_3v3_Demo/src/install/vision_interface/local/lib/python3.10/dist-packages/vision_interface/vision_interface_s__rosidl_typesupport_fastrtps_c.cpython-310-aarch64-linux-gnu.so\n'}
[91.555477] (vision_interface) StdoutLine: {'line': b'-- Set runtime path of "/home/booster/Workspace/Booster_T1_3v3_Demo/src/install/vision_interface/local/lib/python3.10/dist-packages/vision_interface/vision_interface_s__rosidl_typesupport_fastrtps_c.cpython-310-aarch64-linux-gnu.so" to ""\n'}
[91.555682] (vision_interface) StdoutLine: {'line': b'-- Installing: /home/booster/Workspace/Booster_T1_3v3_Demo/src/install/vision_interface/local/lib/python3.10/dist-packages/vision_interface/vision_interface_s__rosidl_typesupport_introspection_c.cpython-310-aarch64-linux-gnu.so\n'}
[91.556203] (vision_interface) StdoutLine: {'line': b'-- Set runtime path of "/home/booster/Workspace/Booster_T1_3v3_Demo/src/install/vision_interface/local/lib/python3.10/dist-packages/vision_interface/vision_interface_s__rosidl_typesupport_introspection_c.cpython-310-aarch64-linux-gnu.so" to ""\n'}
[91.556472] (vision_interface) StdoutLine: {'line': b'-- Installing: /home/booster/Workspace/Booster_T1_3v3_Demo/src/install/vision_interface/local/lib/python3.10/dist-packages/vision_interface/vision_interface_s__rosidl_typesupport_c.cpython-310-aarch64-linux-gnu.so\n'}
[91.557192] (vision_interface) StdoutLine: {'line': b'-- Set runtime path of "/home/booster/Workspace/Booster_T1_3v3_Demo/src/install/vision_interface/local/lib/python3.10/dist-packages/vision_interface/vision_interface_s__rosidl_typesupport_c.cpython-310-aarch64-linux-gnu.so" to ""\n'}
[91.557479] (vision_interface) StdoutLine: {'line': b'-- Installing: /home/booster/Workspace/Booster_T1_3v3_Demo/src/install/vision_interface/lib/libvision_interface__rosidl_generator_py.so\n'}
[91.558057] (vision_interface) StdoutLine: {'line': b'-- Set runtime path of "/home/booster/Workspace/Booster_T1_3v3_Demo/src/install/vision_interface/lib/libvision_interface__rosidl_generator_py.so" to ""\n'}
[91.558307] (vision_interface) StdoutLine: {'line': b'-- Installing: /home/booster/Workspace/Booster_T1_3v3_Demo/src/install/vision_interface/share/vision_interface/msg/DetectedObject.idl\n'}
[91.558455] (vision_interface) StdoutLine: {'line': b'-- Installing: /home/booster/Workspace/Booster_T1_3v3_Demo/src/install/vision_interface/share/vision_interface/msg/Detections.idl\n'}
[91.558734] (vision_interface) StdoutLine: {'line': b'-- Installing: /home/booster/Workspace/Booster_T1_3v3_Demo/src/install/vision_interface/share/vision_interface/msg/LineSegments.idl\n'}
[91.559081] (vision_interface) StdoutLine: {'line': b'-- Installing: /home/booster/Workspace/Booster_T1_3v3_Demo/src/install/vision_interface/share/vision_interface/msg/CalParam.idl\n'}
[91.559262] (vision_interface) StdoutLine: {'line': b'-- Installing: /home/booster/Workspace/Booster_T1_3v3_Demo/src/install/vision_interface/share/vision_interface/msg/DetectionsTrack.idl\n'}
[91.559434] (vision_interface) StdoutLine: {'line': b'-- Installing: /home/booster/Workspace/Booster_T1_3v3_Demo/src/install/vision_interface/share/vision_interface/msg/SegmentationPoint.idl\n'}
[91.559652] (vision_interface) StdoutLine: {'line': b'-- Installing: /home/booster/Workspace/Booster_T1_3v3_Demo/src/install/vision_interface/share/vision_interface/msg/SegmentationLine.idl\n'}
[91.559883] (vision_interface) StdoutLine: {'line': b'-- Installing: /home/booster/Workspace/Booster_T1_3v3_Demo/src/install/vision_interface/share/vision_interface/msg/SegmentationResult.idl\n'}
[91.560106] (vision_interface) StdoutLine: {'line': b'-- Installing: /home/booster/Workspace/Booster_T1_3v3_Demo/src/install/vision_interface/share/vision_interface/msg/ImageHeadPosition.idl\n'}
[91.560344] (vision_interface) StdoutLine: {'line': b'-- Installing: /home/booster/Workspace/Booster_T1_3v3_Demo/src/install/vision_interface/share/vision_interface/msg/Ball.idl\n'}
[91.560575] (vision_interface) StdoutLine: {'line': b'-- Installing: /home/booster/Workspace/Booster_T1_3v3_Demo/src/install/vision_interface/share/vision_interface/msg/DetectedObject.msg\n'}
[91.560978] (vision_interface) StdoutLine: {'line': b'-- Installing: /home/booster/Workspace/Booster_T1_3v3_Demo/src/install/vision_interface/share/vision_interface/msg/Detections.msg\n'}
[91.561194] (vision_interface) StdoutLine: {'line': b'-- Installing: /home/booster/Workspace/Booster_T1_3v3_Demo/src/install/vision_interface/share/vision_interface/msg/LineSegments.msg\n'}
[91.561379] (vision_interface) StdoutLine: {'line': b'-- Installing: /home/booster/Workspace/Booster_T1_3v3_Demo/src/install/vision_interface/share/vision_interface/msg/CalParam.msg\n'}
[91.561615] (vision_interface) StdoutLine: {'line': b'-- Installing: /home/booster/Workspace/Booster_T1_3v3_Demo/src/install/vision_interface/share/vision_interface/msg/DetectionsTrack.msg\n'}
[91.561833] (vision_interface) StdoutLine: {'line': b'-- Installing: /home/booster/Workspace/Booster_T1_3v3_Demo/src/install/vision_interface/share/vision_interface/msg/SegmentationPoint.msg\n'}
[91.562145] (vision_interface) StdoutLine: {'line': b'-- Installing: /home/booster/Workspace/Booster_T1_3v3_Demo/src/install/vision_interface/share/vision_interface/msg/SegmentationLine.msg\n'}
[91.562384] (vision_interface) StdoutLine: {'line': b'-- Installing: /home/booster/Workspace/Booster_T1_3v3_Demo/src/install/vision_interface/share/vision_interface/msg/SegmentationResult.msg\n'}
[91.562609] (vision_interface) StdoutLine: {'line': b'-- Installing: /home/booster/Workspace/Booster_T1_3v3_Demo/src/install/vision_interface/share/vision_interface/msg/ImageHeadPosition.msg\n'}
[91.563109] (vision_interface) StdoutLine: {'line': b'-- Installing: /home/booster/Workspace/Booster_T1_3v3_Demo/src/install/vision_interface/share/vision_interface/msg/Ball.msg\n'}
[91.563351] (vision_interface) StdoutLine: {'line': b'-- Installing: /home/booster/Workspace/Booster_T1_3v3_Demo/src/install/vision_interface/share/ament_index/resource_index/package_run_dependencies/vision_interface\n'}
[91.563626] (vision_interface) StdoutLine: {'line': b'-- Installing: /home/booster/Workspace/Booster_T1_3v3_Demo/src/install/vision_interface/share/ament_index/resource_index/parent_prefix_path/vision_interface\n'}
[91.563889] (vision_interface) StdoutLine: {'line': b'-- Installing: /home/booster/Workspace/Booster_T1_3v3_Demo/src/install/vision_interface/share/vision_interface/environment/ament_prefix_path.sh\n'}
[91.564204] (vision_interface) StdoutLine: {'line': b'-- Installing: /home/booster/Workspace/Booster_T1_3v3_Demo/src/install/vision_interface/share/vision_interface/environment/ament_prefix_path.dsv\n'}
[91.564466] (vision_interface) StdoutLine: {'line': b'-- Installing: /home/booster/Workspace/Booster_T1_3v3_Demo/src/install/vision_interface/share/vision_interface/environment/path.sh\n'}
[91.564722] (vision_interface) StdoutLine: {'line': b'-- Installing: /home/booster/Workspace/Booster_T1_3v3_Demo/src/install/vision_interface/share/vision_interface/environment/path.dsv\n'}
[91.565039] (vision_interface) StdoutLine: {'line': b'-- Installing: /home/booster/Workspace/Booster_T1_3v3_Demo/src/install/vision_interface/share/vision_interface/local_setup.bash\n'}
[91.565349] (vision_interface) StdoutLine: {'line': b'-- Installing: /home/booster/Workspace/Booster_T1_3v3_Demo/src/install/vision_interface/share/vision_interface/local_setup.sh\n'}
[91.565686] (vision_interface) StdoutLine: {'line': b'-- Installing: /home/booster/Workspace/Booster_T1_3v3_Demo/src/install/vision_interface/share/vision_interface/local_setup.zsh\n'}
[91.565841] (vision_interface) StdoutLine: {'line': b'-- Installing: /home/booster/Workspace/Booster_T1_3v3_Demo/src/install/vision_interface/share/vision_interface/local_setup.dsv\n'}
[91.566082] (vision_interface) StdoutLine: {'line': b'-- Installing: /home/booster/Workspace/Booster_T1_3v3_Demo/src/install/vision_interface/share/vision_interface/package.dsv\n'}
[91.566551] (vision_interface) StdoutLine: {'line': b'-- Installing: /home/booster/Workspace/Booster_T1_3v3_Demo/src/install/vision_interface/share/ament_index/resource_index/packages/vision_interface\n'}
[91.566929] (vision_interface) StdoutLine: {'line': b'-- Installing: /home/booster/Workspace/Booster_T1_3v3_Demo/src/install/vision_interface/share/vision_interface/cmake/export_vision_interface__rosidl_generator_cExport.cmake\n'}
[91.567175] (vision_interface) StdoutLine: {'line': b'-- Installing: /home/booster/Workspace/Booster_T1_3v3_Demo/src/install/vision_interface/share/vision_interface/cmake/export_vision_interface__rosidl_generator_cExport-noconfig.cmake\n'}
[91.567505] (vision_interface) StdoutLine: {'line': b'-- Installing: /home/booster/Workspace/Booster_T1_3v3_Demo/src/install/vision_interface/share/vision_interface/cmake/export_vision_interface__rosidl_typesupport_fastrtps_cExport.cmake\n'}
[91.567777] (vision_interface) StdoutLine: {'line': b'-- Installing: /home/booster/Workspace/Booster_T1_3v3_Demo/src/install/vision_interface/share/vision_interface/cmake/export_vision_interface__rosidl_typesupport_fastrtps_cExport-noconfig.cmake\n'}
[91.568031] (vision_interface) StdoutLine: {'line': b'-- Installing: /home/booster/Workspace/Booster_T1_3v3_Demo/src/install/vision_interface/share/vision_interface/cmake/export_vision_interface__rosidl_generator_cppExport.cmake\n'}
[91.568356] (vision_interface) StdoutLine: {'line': b'-- Installing: /home/booster/Workspace/Booster_T1_3v3_Demo/src/install/vision_interface/share/vision_interface/cmake/export_vision_interface__rosidl_typesupport_fastrtps_cppExport.cmake\n'}
[91.568700] (vision_interface) StdoutLine: {'line': b'-- Installing: /home/booster/Workspace/Booster_T1_3v3_Demo/src/install/vision_interface/share/vision_interface/cmake/export_vision_interface__rosidl_typesupport_fastrtps_cppExport-noconfig.cmake\n'}
[91.569369] (vision_interface) StdoutLine: {'line': b'-- Installing: /home/booster/Workspace/Booster_T1_3v3_Demo/src/install/vision_interface/share/vision_interface/cmake/vision_interface__rosidl_typesupport_introspection_cExport.cmake\n'}
[91.569567] (vision_interface) StdoutLine: {'line': b'-- Installing: /home/booster/Workspace/Booster_T1_3v3_Demo/src/install/vision_interface/share/vision_interface/cmake/vision_interface__rosidl_typesupport_introspection_cExport-noconfig.cmake\n'}
[91.569676] (vision_interface) StdoutLine: {'line': b'-- Installing: /home/booster/Workspace/Booster_T1_3v3_Demo/src/install/vision_interface/share/vision_interface/cmake/vision_interface__rosidl_typesupport_cExport.cmake\n'}
[91.569840] (vision_interface) StdoutLine: {'line': b'-- Installing: /home/booster/Workspace/Booster_T1_3v3_Demo/src/install/vision_interface/share/vision_interface/cmake/vision_interface__rosidl_typesupport_cExport-noconfig.cmake\n'}
[91.570120] (vision_interface) StdoutLine: {'line': b'-- Installing: /home/booster/Workspace/Booster_T1_3v3_Demo/src/install/vision_interface/share/vision_interface/cmake/vision_interface__rosidl_typesupport_introspection_cppExport.cmake\n'}
[91.570466] (vision_interface) StdoutLine: {'line': b'-- Installing: /home/booster/Workspace/Booster_T1_3v3_Demo/src/install/vision_interface/share/vision_interface/cmake/vision_interface__rosidl_typesupport_introspection_cppExport-noconfig.cmake\n'}
[91.570684] (vision_interface) StdoutLine: {'line': b'-- Installing: /home/booster/Workspace/Booster_T1_3v3_Demo/src/install/vision_interface/share/vision_interface/cmake/vision_interface__rosidl_typesupport_cppExport.cmake\n'}
[91.570975] (vision_interface) StdoutLine: {'line': b'-- Installing: /home/booster/Workspace/Booster_T1_3v3_Demo/src/install/vision_interface/share/vision_interface/cmake/vision_interface__rosidl_typesupport_cppExport-noconfig.cmake\n'}
[91.571207] (vision_interface) StdoutLine: {'line': b'-- Installing: /home/booster/Workspace/Booster_T1_3v3_Demo/src/install/vision_interface/share/vision_interface/cmake/export_vision_interface__rosidl_generator_pyExport.cmake\n'}
[91.571471] (vision_interface) StdoutLine: {'line': b'-- Installing: /home/booster/Workspace/Booster_T1_3v3_Demo/src/install/vision_interface/share/vision_interface/cmake/export_vision_interface__rosidl_generator_pyExport-noconfig.cmake\n'}
[91.571730] (vision_interface) StdoutLine: {'line': b'-- Installing: /home/booster/Workspace/Booster_T1_3v3_Demo/src/install/vision_interface/share/vision_interface/cmake/rosidl_cmake-extras.cmake\n'}
[91.572009] (vision_interface) StdoutLine: {'line': b'-- Installing: /home/booster/Workspace/Booster_T1_3v3_Demo/src/install/vision_interface/share/vision_interface/cmake/ament_cmake_export_dependencies-extras.cmake\n'}
[91.572256] (vision_interface) StdoutLine: {'line': b'-- Installing: /home/booster/Workspace/Booster_T1_3v3_Demo/src/install/vision_interface/share/vision_interface/cmake/ament_cmake_export_include_directories-extras.cmake\n'}
[91.572498] (vision_interface) StdoutLine: {'line': b'-- Installing: /home/booster/Workspace/Booster_T1_3v3_Demo/src/install/vision_interface/share/vision_interface/cmake/ament_cmake_export_libraries-extras.cmake\n'}
[91.573765] (vision_interface) StdoutLine: {'line': b'-- Installing: /home/booster/Workspace/Booster_T1_3v3_Demo/src/install/vision_interface/share/vision_interface/cmake/ament_cmake_export_targets-extras.cmake\n'}
[91.573982] (vision_interface) StdoutLine: {'line': b'-- Installing: /home/booster/Workspace/Booster_T1_3v3_Demo/src/install/vision_interface/share/vision_interface/cmake/rosidl_cmake_export_typesupport_targets-extras.cmake\n'}
[91.574122] (vision_interface) StdoutLine: {'line': b'-- Installing: /home/booster/Workspace/Booster_T1_3v3_Demo/src/install/vision_interface/share/vision_interface/cmake/rosidl_cmake_export_typesupport_libraries-extras.cmake\n'}
[91.574219] (vision_interface) StdoutLine: {'line': b'-- Installing: /home/booster/Workspace/Booster_T1_3v3_Demo/src/install/vision_interface/share/vision_interface/cmake/vision_interfaceConfig.cmake\n'}
[91.574331] (vision_interface) StdoutLine: {'line': b'-- Installing: /home/booster/Workspace/Booster_T1_3v3_Demo/src/install/vision_interface/share/vision_interface/cmake/vision_interfaceConfig-version.cmake\n'}
[91.574420] (vision_interface) StdoutLine: {'line': b'-- Installing: /home/booster/Workspace/Booster_T1_3v3_Demo/src/install/vision_interface/share/vision_interface/package.xml\n'}
[91.578547] (vision_interface) CommandEnded: {'returncode': 0}
[91.614796] (-) TimerEvent: {}
[91.629543] (vision_interface) JobEnded: {'identifier': 'vision_interface', 'rc': 0}
[91.630319] (vision) JobStarted: {'identifier': 'vision'}
[91.659581] (vision) JobProgress: {'identifier': 'vision', 'progress': 'cmake'}
[91.660566] (vision) Command: {'cmd': ['/usr/bin/cmake', '/home/booster/Workspace/Booster_T1_3v3_Demo/src/vision', '-DCMAKE_INSTALL_PREFIX=/home/booster/Workspace/Booster_T1_3v3_Demo/src/install/vision'], 'cwd': '/home/booster/Workspace/Booster_T1_3v3_Demo/src/build/vision', 'env': OrderedDict([('LESSOPEN', '| /usr/bin/lesspipe %s'), ('USER', 'booster'), ('SSH_CLIENT', '10.10.144.134 51037 22'), ('XDG_SESSION_TYPE', 'tty'), ('GIT_ASKPASS', '/home/booster/.cursor-server/bin/25412918da7e74b2686b25d62da1f01cfcd27680/extensions/git/dist/askpass.sh'), ('SHLVL', '1'), ('LD_LIBRARY_PATH', '/home/booster/Workspace/Booster_T1_3v3_Demo/src/install/vision_interface/lib:/opt/ros/humble/opt/rviz_ogre_vendor/lib:/opt/ros/humble/lib/aarch64-linux-gnu:/opt/ros/humble/lib:/usr/local/cuda/lib64'), ('BROWSER', '/home/booster/.cursor-server/bin/25412918da7e74b2686b25d62da1f01cfcd27680/bin/helpers/browser.sh'), ('MOTD_SHOWN', 'pam'), ('HOME', '/home/booster'), ('OLDPWD', '/home/booster/Workspace/Booster_T1_3v3_Demo'), ('TERM_PROGRAM_VERSION', '2.0.64'), ('VSCODE_IPC_HOOK_CLI', '/run/user/1000/vscode-ipc-f7ed2610-5b6c-48c9-89fc-6c8784f58529.sock'), ('JETSON_L4T', '36.4.3'), ('ROS_PYTHON_VERSION', '3'), ('JETSON_MODEL', 'Booster T1 AGX Orin V2.1'), ('VSCODE_GIT_ASKPASS_MAIN', '/home/booster/.cursor-server/bin/25412918da7e74b2686b25d62da1f01cfcd27680/extensions/git/dist/askpass-main.js'), ('VSCODE_GIT_ASKPASS_NODE', '/home/booster/.cursor-server/bin/25412918da7e74b2686b25d62da1f01cfcd27680/node'), ('DBUS_SESSION_BUS_ADDRESS', 'unix:path=/run/user/1000/bus'), ('COLORTERM', 'truecolor'), ('ROS_DISTRO', 'humble'), ('LOGNAME', 'booster'), ('JETSON_MODULE', 'NVIDIA Jetson AGX Orin (32GB ram)'), ('JETSON_SERIAL_NUMBER', '1421225046990'), ('_', '/usr/bin/colcon'), ('ROS_VERSION', '2'), ('XDG_SESSION_CLASS', 'user'), ('TERM', 'xterm-256color'), ('XDG_SESSION_ID', '7'), ('ROS_LOCALHOST_ONLY', '0'), ('PATH', '/opt/ros/humble/bin:/usr/local/cuda/bin:/usr/local/sbin:/usr/local/bin:/usr/sbin:/usr/bin:/sbin:/bin:/snap/bin'), ('FASTRTPS_DEFAULT_PROFILES_FILE', '/opt/booster/BoosterRos2/fastdds_profile.xml'), ('CUDA_ROOT', '/usr/local/cuda'), ('XDG_RUNTIME_DIR', '/run/user/1000'), ('LANG', 'en_US.UTF-8'), ('LS_COLORS', 'rs=0:di=01;34:ln=01;36:mh=00:pi=40;33:so=01;35:do=01;35:bd=40;33;01:cd=40;33;01:or=40;31;01:mi=00:su=37;41:sg=30;43:ca=30;41:tw=30;42:ow=34;42:st=37;44:ex=01;32:*.tar=01;31:*.tgz=01;31:*.arc=01;31:*.arj=01;31:*.taz=01;31:*.lha=01;31:*.lz4=01;31:*.lzh=01;31:*.lzma=01;31:*.tlz=01;31:*.txz=01;31:*.tzo=01;31:*.t7z=01;31:*.zip=01;31:*.z=01;31:*.dz=01;31:*.gz=01;31:*.lrz=01;31:*.lz=01;31:*.lzo=01;31:*.xz=01;31:*.zst=01;31:*.tzst=01;31:*.bz2=01;31:*.bz=01;31:*.tbz=01;31:*.tbz2=01;31:*.tz=01;31:*.deb=01;31:*.rpm=01;31:*.jar=01;31:*.war=01;31:*.ear=01;31:*.sar=01;31:*.rar=01;31:*.alz=01;31:*.ace=01;31:*.zoo=01;31:*.cpio=01;31:*.7z=01;31:*.rz=01;31:*.cab=01;31:*.wim=01;31:*.swm=01;31:*.dwm=01;31:*.esd=01;31:*.jpg=01;35:*.jpeg=01;35:*.mjpg=01;35:*.mjpeg=01;35:*.gif=01;35:*.bmp=01;35:*.pbm=01;35:*.pgm=01;35:*.ppm=01;35:*.tga=01;35:*.xbm=01;35:*.xpm=01;35:*.tif=01;35:*.tiff=01;35:*.png=01;35:*.svg=01;35:*.svgz=01;35:*.mng=01;35:*.pcx=01;35:*.mov=01;35:*.mpg=01;35:*.mpeg=01;35:*.m2v=01;35:*.mkv=01;35:*.webm=01;35:*.webp=01;35:*.ogm=01;35:*.mp4=01;35:*.m4v=01;35:*.mp4v=01;35:*.vob=01;35:*.qt=01;35:*.nuv=01;35:*.wmv=01;35:*.asf=01;35:*.rm=01;35:*.rmvb=01;35:*.flc=01;35:*.avi=01;35:*.fli=01;35:*.flv=01;35:*.gl=01;35:*.dl=01;35:*.xcf=01;35:*.xwd=01;35:*.yuv=01;35:*.cgm=01;35:*.emf=01;35:*.ogv=01;35:*.ogx=01;35:*.aac=00;36:*.au=00;36:*.flac=00;36:*.m4a=00;36:*.mid=00;36:*.midi=00;36:*.mka=00;36:*.mp3=00;36:*.mpc=00;36:*.ogg=00;36:*.ra=00;36:*.wav=00;36:*.oga=00;36:*.opus=00;36:*.spx=00;36:*.xspf=00;36:'), ('JETSON_SOC', 'tegra234'), ('VSCODE_GIT_IPC_HANDLE', '/run/user/1000/vscode-git-d36fc8e34d.sock'), ('TERM_PROGRAM', 'vscode'), ('AMENT_PREFIX_PATH', '/home/booster/Workspace/Booster_T1_3v3_Demo/src/install/vision_interface:/opt/ros/humble'), ('SHELL', '/bin/bash'), ('LESSCLOSE', '/usr/bin/lesspipe %s %s'), ('VSCODE_GIT_ASKPASS_EXTRA_ARGS', ''), ('JETSON_CUDA_ARCH_BIN', '8.7'), ('PWD', '/home/booster/Workspace/Booster_T1_3v3_Demo/src/build/vision'), ('SSH_CONNECTION', '10.10.144.134 51037 10.10.144.147 22'), ('XDG_DATA_DIRS', '/usr/share/gnome:/usr/local/share:/usr/share:/var/lib/snapd/desktop'), ('PYTHONPATH', '/home/booster/Workspace/Booster_T1_3v3_Demo/src/install/vision_interface/local/lib/python3.10/dist-packages:/opt/ros/humble/lib/python3.10/site-packages:/opt/ros/humble/local/lib/python3.10/dist-packages'), ('COLCON', '1'), ('JETSON_JETPACK', '6.2'), ('JETSON_P_NUMBER', 'p3701-0004'), ('CMAKE_PREFIX_PATH', '/home/booster/Workspace/Booster_T1_3v3_Demo/src/install/vision_interface:/opt/ros/humble')]), 'shell': False}
[91.715035] (-) TimerEvent: {}
[91.779859] (vision) StdoutLine: {'line': b'-- The C compiler identification is GNU 11.4.0\n'}
[91.815135] (-) TimerEvent: {}
[91.875112] (vision) StdoutLine: {'line': b'-- The CXX compiler identification is GNU 11.4.0\n'}
[91.886803] (vision) StdoutLine: {'line': b'-- Detecting C compiler ABI info\n'}
[91.915303] (-) TimerEvent: {}
[92.015911] (-) TimerEvent: {}
[92.059781] (vision) StdoutLine: {'line': b'-- Detecting C compiler ABI info - done\n'}
[92.067312] (vision) StdoutLine: {'line': b'-- Check for working C compiler: /usr/bin/cc - skipped\n'}
[92.067838] (vision) StdoutLine: {'line': b'-- Detecting C compile features\n'}
[92.068077] (vision) StdoutLine: {'line': b'-- Detecting C compile features - done\n'}
[92.075262] (vision) StdoutLine: {'line': b'-- Detecting CXX compiler ABI info\n'}
[92.116900] (-) TimerEvent: {}
[92.191568] (booster_interface) StdoutLine: {'line': b'[ 36%] \x1b[32mBuilding CXX object CMakeFiles/booster_interface__rosidl_typesupport_cpp.dir/rosidl_typesupport_cpp/booster_interface/msg/booster_api_resp_msg__type_support.cpp.o\x1b[0m\n'}
[92.217045] (-) TimerEvent: {}
[92.258803] (vision) StdoutLine: {'line': b'-- Detecting CXX compiler ABI info - done\n'}
[92.268282] (vision) StdoutLine: {'line': b'-- Check for working CXX compiler: /usr/bin/c++ - skipped\n'}
[92.268785] (vision) StdoutLine: {'line': b'-- Detecting CXX compile features\n'}
[92.269106] (vision) StdoutLine: {'line': b'-- Detecting CXX compile features - done\n'}
[92.274226] (vision) StdoutLine: {'line': b'-- Found ament_cmake: 1.3.11 (/opt/ros/humble/share/ament_cmake/cmake)\n'}
[92.317219] (-) TimerEvent: {}
[92.417841] (-) TimerEvent: {}
[92.518662] (-) TimerEvent: {}
[92.619162] (-) TimerEvent: {}
[92.719670] (-) TimerEvent: {}
[92.724326] (booster_interface) StdoutLine: {'line': b'[ 36%] \x1b[32m\x1b[1mLinking CXX shared library libbooster_interface__rosidl_typesupport_cpp.so\x1b[0m\n'}
[92.753438] (vision) StdoutLine: {'line': b'-- Found Python3: /usr/bin/python3 (found version "3.10.12") found components: Interpreter \n'}
[92.819793] (-) TimerEvent: {}
[92.861891] (booster_interface) StdoutLine: {'line': b'[ 36%] Built target booster_interface__rosidl_typesupport_cpp\n'}
[92.886580] (booster_interface) StdoutLine: {'line': b'[ 36%] \x1b[34m\x1b[1mGenerating C code for ROS interfaces\x1b[0m\n'}
[92.919913] (-) TimerEvent: {}
[93.017519] (vision) StdoutLine: {'line': b'-- Found rclcpp: 16.0.12 (/opt/ros/humble/share/rclcpp/cmake)\n'}
[93.020120] (-) TimerEvent: {}
[93.084668] (vision) StdoutLine: {'line': b'-- Found rosidl_generator_c: 3.1.6 (/opt/ros/humble/share/rosidl_generator_c/cmake)\n'}
[93.092738] (vision) StdoutLine: {'line': b'-- Found rosidl_adapter: 3.1.6 (/opt/ros/humble/share/rosidl_adapter/cmake)\n'}
[93.107218] (vision) StdoutLine: {'line': b'-- Found rosidl_generator_cpp: 3.1.6 (/opt/ros/humble/share/rosidl_generator_cpp/cmake)\n'}
[93.120299] (-) TimerEvent: {}
[93.135398] (vision) StdoutLine: {'line': b'-- Using all available rosidl_typesupport_c: rosidl_typesupport_fastrtps_c;rosidl_typesupport_introspection_c\n'}
[93.165889] (vision) StdoutLine: {'line': b'-- Using all available rosidl_typesupport_cpp: rosidl_typesupport_fastrtps_cpp;rosidl_typesupport_introspection_cpp\n'}
[93.220506] (-) TimerEvent: {}
[93.249251] (vision) StdoutLine: {'line': b'-- Found rmw_implementation_cmake: 6.1.2 (/opt/ros/humble/share/rmw_implementation_cmake/cmake)\n'}
[93.254032] (vision) StdoutLine: {'line': b'-- Found rmw_fastrtps_cpp: 6.2.7 (/opt/ros/humble/share/rmw_fastrtps_cpp/cmake)\n'}
[93.320805] (-) TimerEvent: {}
[93.421519] (-) TimerEvent: {}
[93.460236] (vision) StdoutLine: {'line': b'-- Found OpenSSL: /usr/lib/aarch64-linux-gnu/libcrypto.so (found version "3.0.2")  \n'}
[93.507501] (vision) StdoutLine: {'line': b'-- Found FastRTPS: /opt/ros/humble/include  \n'}
[93.521653] (-) TimerEvent: {}
[93.578303] (vision) StdoutLine: {'line': b"-- Using RMW implementation 'rmw_fastrtps_cpp' as default\n"}
[93.592066] (vision) StdoutLine: {'line': b'-- Looking for pthread.h\n'}
[93.622009] (-) TimerEvent: {}
[93.723040] (-) TimerEvent: {}
[93.727467] (vision) StdoutLine: {'line': b'-- Looking for pthread.h - found\n'}
[93.730573] (vision) StdoutLine: {'line': b'-- Performing Test CMAKE_HAVE_LIBC_PTHREAD\n'}
[93.823208] (-) TimerEvent: {}
[93.870428] (vision) StdoutLine: {'line': b'-- Performing Test CMAKE_HAVE_LIBC_PTHREAD - Success\n'}
[93.872375] (vision) StdoutLine: {'line': b'-- Found Threads: TRUE  \n'}
[93.923354] (-) TimerEvent: {}
[93.945613] (vision) StdoutLine: {'line': b'-- Found sensor_msgs: 4.8.0 (/opt/ros/humble/share/sensor_msgs/cmake)\n'}
[93.994477] (vision) StdoutLine: {'line': b'-- Found image_transport: 3.1.11 (/opt/ros/humble/share/image_transport/cmake)\n'}
[94.023515] (-) TimerEvent: {}
[94.046949] (vision) StdoutLine: {'line': b'-- Found tf2: 0.25.13 (/opt/ros/humble/share/tf2/cmake)\n'}
[94.053137] (vision) StdoutLine: {'line': b'-- Found vision_interface: 1.0.0 (/home/booster/Workspace/Booster_T1_3v3_Demo/src/install/vision_interface/share/vision_interface/cmake)\n'}
[94.087127] (vision) StdoutLine: {'line': b'-- Found OpenCV: /usr (found suitable version "4.8.0", minimum required is "4.5") \n'}
[94.122566] (vision) StdoutLine: {'line': b"-- Checking for module 'eigen3'\n"}
[94.123600] (-) TimerEvent: {}
[94.143775] (vision) StdoutLine: {'line': b'--   Found eigen3, version 3.4.0\n'}
[94.216537] (vision) StdoutLine: {'line': b'-- Found Eigen: /usr/include/eigen3 (Required is at least version "3.1") \n'}
[94.216933] (vision) StdoutLine: {'line': b'-- Eigen found (include: /usr/include/eigen3, version: 3.4.0)\n'}
[94.223747] (-) TimerEvent: {}
[94.245701] (vision) StdoutLine: {'line': b'-- Found Boost: /usr/lib/aarch64-linux-gnu/cmake/Boost-1.74.0/BoostConfig.cmake (found suitable version "1.74.0", minimum required is "1.65.0") found components: system filesystem date_time iostreams serialization \n'}
[94.274125] (vision) StdoutLine: {'line': b"-- Checking for module 'flann'\n"}
[94.310743] (vision) StdoutLine: {'line': b'--   Found flann, version 1.9.1\n'}
[94.323894] (-) TimerEvent: {}
[94.420584] (vision) StdoutLine: {'line': b'-- Found FLANN: /usr/lib/aarch64-linux-gnu/libflann_cpp.so  \n'}
[94.420929] (vision) StdoutLine: {'line': b'-- FLANN found (include: /usr/include, lib: /usr/lib/aarch64-linux-gnu/libflann_cpp.so)\n'}
[94.424231] (-) TimerEvent: {}
[94.471714] (vision) StdoutLine: {'line': b'-- Found GLEW: /usr/lib/aarch64-linux-gnu/libGLEW.so  \n'}
[94.481791] (vision) StdoutLine: {'line': b'-- Found OpenGL: /usr/lib/aarch64-linux-gnu/libOpenGL.so  found components: OpenGL GLX \n'}
[94.524357] (-) TimerEvent: {}
[94.624978] (-) TimerEvent: {}
[94.725486] (-) TimerEvent: {}
[94.825989] (-) TimerEvent: {}
[94.848494] (vision) StdoutLine: {'line': b'-- Found MPI_C: /usr/lib/aarch64-linux-gnu/libmpi.so (found version "3.1") \n'}
[94.848970] (vision) StdoutLine: {'line': b'-- Found MPI: TRUE (found version "3.1") found components: C \n'}
[94.853844] (vision) StdoutLine: {'line': b'-- Found JsonCpp: /usr/lib/aarch64-linux-gnu/libjsoncpp.so (found suitable version "1.9.5", minimum required is "0.7.0") \n'}
[94.873328] (vision) StdoutLine: {'line': b'-- Found ZLIB: /usr/lib/aarch64-linux-gnu/libz.so (found version "1.2.11") \n'}
[94.911117] (vision) StdoutLine: {'line': b'-- Found PNG: /usr/lib/aarch64-linux-gnu/libpng.so (found version "1.6.37") \n'}
[94.926119] (-) TimerEvent: {}
[94.945166] (vision) StdoutLine: {'line': b'-- Found Eigen3: /usr/include/eigen3 (found version "3.4.0") \n'}
[95.026266] (-) TimerEvent: {}
[95.126749] (-) TimerEvent: {}
[95.227246] (-) TimerEvent: {}
[95.251386] (vision) StdoutLine: {'line': b'-- Found X11: /usr/include   \n'}
[95.251992] (vision) StdoutLine: {'line': b'-- Looking for XOpenDisplay in /usr/lib/aarch64-linux-gnu/libX11.so;/usr/lib/aarch64-linux-gnu/libXext.so\n'}
[95.327386] (-) TimerEvent: {}
[95.427877] (-) TimerEvent: {}
[95.472093] (vision) StdoutLine: {'line': b'-- Looking for XOpenDisplay in /usr/lib/aarch64-linux-gnu/libX11.so;/usr/lib/aarch64-linux-gnu/libXext.so - found\n'}
[95.472606] (vision) StdoutLine: {'line': b'-- Looking for gethostbyname\n'}
[95.528054] (-) TimerEvent: {}
[95.628659] (-) TimerEvent: {}
[95.636343] (vision) StdoutLine: {'line': b'-- Looking for gethostbyname - found\n'}
[95.639033] (vision) StdoutLine: {'line': b'-- Looking for connect\n'}
[95.728780] (-) TimerEvent: {}
[95.794908] (vision) StdoutLine: {'line': b'-- Looking for connect - found\n'}
[95.797133] (vision) StdoutLine: {'line': b'-- Looking for remove\n'}
[95.828892] (-) TimerEvent: {}
[95.929555] (-) TimerEvent: {}
[96.030069] (-) TimerEvent: {}
[96.060332] (vision) StdoutLine: {'line': b'-- Looking for remove - found\n'}
[96.064689] (vision) StdoutLine: {'line': b'-- Looking for shmat\n'}
[96.130204] (-) TimerEvent: {}
[96.230708] (-) TimerEvent: {}
[96.294693] (vision) StdoutLine: {'line': b'-- Looking for shmat - found\n'}
[96.295078] (vision) StdoutLine: {'line': b'-- Looking for IceConnectionNumber in ICE\n'}
[96.330833] (-) TimerEvent: {}
[96.431329] (-) TimerEvent: {}
[96.484167] (vision) StdoutLine: {'line': b'-- Looking for IceConnectionNumber in ICE - found\n'}
[96.531512] (-) TimerEvent: {}
[96.631980] (-) TimerEvent: {}
[96.732602] (-) TimerEvent: {}
[96.833595] (-) TimerEvent: {}
[96.885510] (vision) StdoutLine: {'line': b'-- Found EXPAT: /usr/lib/aarch64-linux-gnu/libexpat.so (found version "2.4.7") \n'}
[96.891065] (vision) StdoutLine: {'line': b'-- Found double-conversion: /usr/lib/aarch64-linux-gnu/libdouble-conversion.so  \n'}
[96.897730] (vision) StdoutLine: {'line': b'-- Found LZ4: /usr/lib/aarch64-linux-gnu/liblz4.so (found version "1.9.3") \n'}
[96.903631] (vision) StdoutLine: {'line': b'-- Found LZMA: /usr/lib/aarch64-linux-gnu/liblzma.so (found version "5.2.5") \n'}
[96.930939] (vision) StdoutLine: {'line': b'-- Found JPEG: /usr/lib/aarch64-linux-gnu/libjpeg.so (found version "80") \n'}
[96.933716] (-) TimerEvent: {}
[96.957168] (vision) StdoutLine: {'line': b'-- Found TIFF: /usr/lib/aarch64-linux-gnu/libtiff.so (found version "4.3.0")  \n'}
[96.964282] (vision) StdoutLine: {'line': b'-- Found Freetype: /usr/lib/aarch64-linux-gnu/libfreetype.so (found version "2.11.1") \n'}
[96.973681] (vision) StdoutLine: {'line': b'-- Found utf8cpp: /usr/include/utf8cpp  \n'}
[97.033859] (-) TimerEvent: {}
[97.134348] (-) TimerEvent: {}
[97.234797] (-) TimerEvent: {}
[97.276998] (vision) StdoutLine: {'line': b"-- Checking for module 'libusb-1.0'\n"}
[97.325855] (vision) StdoutLine: {'line': b'--   Found libusb-1.0, version 1.0.25\n'}
[97.334969] (-) TimerEvent: {}
[97.435517] (-) TimerEvent: {}
[97.536596] (-) TimerEvent: {}
[97.547261] (vision) StdoutLine: {'line': b'-- Found libusb: /usr/lib/aarch64-linux-gnu/libusb-1.0.so  \n'}
[97.551515] (vision) StdoutLine: {'line': b'-- Found OpenNI: /usr/lib/libOpenNI.so;libusb::libusb (found version "1.5.4.0") \n'}
[97.551919] (vision) StdoutLine: {'line': b'-- OpenNI found (version: 1.5.4.0, include: /usr/include/ni, lib: /usr/lib/libOpenNI.so;libusb::libusb)\n'}
[97.636714] (-) TimerEvent: {}
[97.737189] (-) TimerEvent: {}
[97.838118] (-) TimerEvent: {}
[97.913428] (vision) StdoutLine: {'line': b'-- Found OpenNI2: /usr/lib/aarch64-linux-gnu/libOpenNI2.so;libusb::libusb (found version "2.2.0.33") \n'}
[97.914167] (vision) StdoutLine: {'line': b'-- OpenNI2 found (version: 2.2.0.33, include: /usr/include/openni2, lib: /usr/lib/aarch64-linux-gnu/libOpenNI2.so;libusb::libusb)\n'}
[97.915665] (vision) StderrLine: {'line': b'\x1b[0m** WARNING ** io features related to pcap will be disabled\x1b[0m\n'}
[97.938282] (-) TimerEvent: {}
[97.951722] (booster_interface) StdoutLine: {'line': b'[ 37%] \x1b[32mBuilding C object CMakeFiles/booster_interface__rosidl_generator_c.dir/rosidl_generator_c/booster_interface/msg/detail/booster_api_req_msg__functions.c.o\x1b[0m\n'}
[98.038400] (-) TimerEvent: {}
[98.062617] (booster_interface) StdoutLine: {'line': b'[ 37%] \x1b[32mBuilding C object CMakeFiles/booster_interface__rosidl_generator_c.dir/rosidl_generator_c/booster_interface/msg/detail/motor_cmd__functions.c.o\x1b[0m\n'}
[98.138726] (-) TimerEvent: {}
[98.178354] (booster_interface) StdoutLine: {'line': b'[ 38%] \x1b[32mBuilding C object CMakeFiles/booster_interface__rosidl_generator_c.dir/rosidl_generator_c/booster_interface/msg/detail/low_cmd__functions.c.o\x1b[0m\n'}
[98.238898] (-) TimerEvent: {}
[98.297406] (booster_interface) StdoutLine: {'line': b'[ 38%] \x1b[32mBuilding C object CMakeFiles/booster_interface__rosidl_generator_c.dir/rosidl_generator_c/booster_interface/msg/detail/imu_state__functions.c.o\x1b[0m\n'}
[98.337109] (vision) StdoutLine: {'line': b'-- Eigen found (include: /usr/include/eigen3, version: 3.4.0)\n'}
[98.339038] (-) TimerEvent: {}
[98.354045] (vision) StdoutLine: {'line': b'-- OpenNI found (version: 1.5.4.0, include: /usr/include/ni, lib: /usr/lib/libOpenNI.so;libusb::libusb)\n'}
[98.378639] (vision) StdoutLine: {'line': b'-- OpenNI2 found (version: 2.2.0.33, include: /usr/include/openni2, lib: /usr/lib/aarch64-linux-gnu/libOpenNI2.so;libusb::libusb)\n'}
[98.392437] (booster_interface) StdoutLine: {'line': b'[ 39%] \x1b[32mBuilding C object CMakeFiles/booster_interface__rosidl_generator_c.dir/rosidl_generator_c/booster_interface/msg/detail/low_state__functions.c.o\x1b[0m\n'}
[98.439226] (-) TimerEvent: {}
[98.485442] (booster_interface) StdoutLine: {'line': b'[ 40%] \x1b[32mBuilding C object CMakeFiles/booster_interface__rosidl_generator_c.dir/rosidl_generator_c/booster_interface/msg/detail/raw_bytes_msg__functions.c.o\x1b[0m\n'}
[98.539436] (-) TimerEvent: {}
[98.572054] (booster_interface) StdoutLine: {'line': b'[ 40%] \x1b[32mBuilding C object CMakeFiles/booster_interface__rosidl_generator_c.dir/rosidl_generator_c/booster_interface/msg/detail/raw_bytes_stamped__functions.c.o\x1b[0m\n'}
[98.639596] (-) TimerEvent: {}
[98.672349] (booster_interface) StdoutLine: {'line': b'[ 41%] \x1b[32mBuilding C object CMakeFiles/booster_interface__rosidl_generator_c.dir/rosidl_generator_c/booster_interface/msg/detail/odometer__functions.c.o\x1b[0m\n'}
[98.739792] (-) TimerEvent: {}
[98.767041] (vision) StdoutLine: {'line': b'-- Found Qhull version 8.0.2\n'}
[98.815514] (booster_interface) StdoutLine: {'line': b'[ 41%] \x1b[32mBuilding C object CMakeFiles/booster_interface__rosidl_generator_c.dir/rosidl_generator_c/booster_interface/msg/detail/fall_down_state__functions.c.o\x1b[0m\n'}
[98.839897] (-) TimerEvent: {}
[98.909358] (booster_interface) StdoutLine: {'line': b'[ 42%] \x1b[32mBuilding C object CMakeFiles/booster_interface__rosidl_generator_c.dir/rosidl_generator_c/booster_interface/msg/detail/remote_controller_state__functions.c.o\x1b[0m\n'}
[98.940032] (-) TimerEvent: {}
[99.005247] (booster_interface) StdoutLine: {'line': b'[ 43%] \x1b[32mBuilding C object CMakeFiles/booster_interface__rosidl_generator_c.dir/rosidl_generator_c/booster_interface/msg/detail/hand_command__functions.c.o\x1b[0m\n'}
[99.040198] (-) TimerEvent: {}
[99.086805] (vision) StdoutLine: {'line': b'-- OpenNI found (version: 1.5.4.0, include: /usr/include/ni, lib: /usr/lib/libOpenNI.so;libusb::libusb)\n'}
[99.101176] (booster_interface) StdoutLine: {'line': b'[ 43%] \x1b[32mBuilding C object CMakeFiles/booster_interface__rosidl_generator_c.dir/rosidl_generator_c/booster_interface/msg/detail/hand_dds_msg__functions.c.o\x1b[0m\n'}
[99.140354] (-) TimerEvent: {}
[99.240891] (-) TimerEvent: {}
[99.315451] (booster_interface) StdoutLine: {'line': b'[ 44%] \x1b[32mBuilding C object CMakeFiles/booster_interface__rosidl_generator_c.dir/rosidl_generator_c/booster_interface/msg/detail/hand_param__functions.c.o\x1b[0m\n'}
[99.341066] (-) TimerEvent: {}
[99.431956] (vision) StdoutLine: {'line': b'-- looking for PCL_COMMON\n'}
[99.434920] (vision) StdoutLine: {'line': b'-- Found PCL_COMMON: /usr/lib/aarch64-linux-gnu/libpcl_common.so  \n'}
[99.435512] (vision) StdoutLine: {'line': b'-- looking for PCL_KDTREE\n'}
[99.438163] (vision) StdoutLine: {'line': b'-- Found PCL_KDTREE: /usr/lib/aarch64-linux-gnu/libpcl_kdtree.so  \n'}
[99.438579] (vision) StdoutLine: {'line': b'-- looking for PCL_OCTREE\n'}
[99.441191] (-) TimerEvent: {}
[99.441932] (vision) StdoutLine: {'line': b'-- Found PCL_OCTREE: /usr/lib/aarch64-linux-gnu/libpcl_octree.so  \n'}
[99.442285] (vision) StdoutLine: {'line': b'-- looking for PCL_SEARCH\n'}
[99.443684] (booster_interface) StdoutLine: {'line': b'[ 44%] \x1b[32mBuilding C object CMakeFiles/booster_interface__rosidl_generator_c.dir/rosidl_generator_c/booster_interface/srv/detail/rpc_service__functions.c.o\x1b[0m\n'}
[99.444115] (vision) StdoutLine: {'line': b'-- Found PCL_SEARCH: /usr/lib/aarch64-linux-gnu/libpcl_search.so  \n'}
[99.445146] (vision) StdoutLine: {'line': b'-- looking for PCL_SAMPLE_CONSENSUS\n'}
[99.448634] (vision) StdoutLine: {'line': b'-- Found PCL_SAMPLE_CONSENSUS: /usr/lib/aarch64-linux-gnu/libpcl_sample_consensus.so  \n'}
[99.449163] (vision) StdoutLine: {'line': b'-- looking for PCL_FILTERS\n'}
[99.451778] (vision) StdoutLine: {'line': b'-- Found PCL_FILTERS: /usr/lib/aarch64-linux-gnu/libpcl_filters.so  \n'}
[99.453191] (vision) StdoutLine: {'line': b'-- looking for PCL_2D\n'}
[99.454420] (vision) StdoutLine: {'line': b'-- Found PCL_2D: /usr/include/pcl-1.12  \n'}
[99.455195] (vision) StdoutLine: {'line': b'-- looking for PCL_GEOMETRY\n'}
[99.455972] (vision) StdoutLine: {'line': b'-- Found PCL_GEOMETRY: /usr/include/pcl-1.12  \n'}
[99.456529] (vision) StdoutLine: {'line': b'-- looking for PCL_IO\n'}
[99.461178] (vision) StdoutLine: {'line': b'-- Found PCL_IO: /usr/lib/aarch64-linux-gnu/libpcl_io.so  \n'}
[99.461574] (vision) StdoutLine: {'line': b'-- looking for PCL_FEATURES\n'}
[99.463841] (vision) StdoutLine: {'line': b'-- Found PCL_FEATURES: /usr/lib/aarch64-linux-gnu/libpcl_features.so  \n'}
[99.464813] (vision) StdoutLine: {'line': b'-- looking for PCL_ML\n'}
[99.466739] (vision) StdoutLine: {'line': b'-- Found PCL_ML: /usr/lib/aarch64-linux-gnu/libpcl_ml.so  \n'}
[99.467238] (vision) StdoutLine: {'line': b'-- looking for PCL_SEGMENTATION\n'}
[99.468954] (vision) StdoutLine: {'line': b'-- Found PCL_SEGMENTATION: /usr/lib/aarch64-linux-gnu/libpcl_segmentation.so  \n'}
[99.469365] (vision) StdoutLine: {'line': b'-- looking for PCL_VISUALIZATION\n'}
[99.470638] (vision) StdoutLine: {'line': b'-- Found PCL_VISUALIZATION: /usr/lib/aarch64-linux-gnu/libpcl_visualization.so  \n'}
[99.471376] (vision) StdoutLine: {'line': b'-- looking for PCL_SURFACE\n'}
[99.473228] (vision) StdoutLine: {'line': b'-- Found PCL_SURFACE: /usr/lib/aarch64-linux-gnu/libpcl_surface.so  \n'}
[99.473575] (vision) StdoutLine: {'line': b'-- looking for PCL_REGISTRATION\n'}
[99.475179] (vision) StdoutLine: {'line': b'-- Found PCL_REGISTRATION: /usr/lib/aarch64-linux-gnu/libpcl_registration.so  \n'}
[99.475886] (vision) StdoutLine: {'line': b'-- looking for PCL_KEYPOINTS\n'}
[99.477726] (vision) StdoutLine: {'line': b'-- Found PCL_KEYPOINTS: /usr/lib/aarch64-linux-gnu/libpcl_keypoints.so  \n'}
[99.478884] (vision) StdoutLine: {'line': b'-- looking for PCL_TRACKING\n'}
[99.482103] (vision) StdoutLine: {'line': b'-- Found PCL_TRACKING: /usr/lib/aarch64-linux-gnu/libpcl_tracking.so  \n'}
[99.482621] (vision) StdoutLine: {'line': b'-- looking for PCL_RECOGNITION\n'}
[99.485012] (vision) StdoutLine: {'line': b'-- Found PCL_RECOGNITION: /usr/lib/aarch64-linux-gnu/libpcl_recognition.so  \n'}
[99.485547] (vision) StdoutLine: {'line': b'-- looking for PCL_STEREO\n'}
[99.487856] (vision) StdoutLine: {'line': b'-- Found PCL_STEREO: /usr/lib/aarch64-linux-gnu/libpcl_stereo.so  \n'}
[99.488239] (vision) StdoutLine: {'line': b'-- looking for PCL_APPS\n'}
[99.489460] (vision) StdoutLine: {'line': b'-- Found PCL_APPS: /usr/lib/aarch64-linux-gnu/libpcl_apps.so  \n'}
[99.490521] (vision) StdoutLine: {'line': b'-- looking for PCL_IN_HAND_SCANNER\n'}
[99.492328] (vision) StdoutLine: {'line': b'-- Found PCL_IN_HAND_SCANNER: /usr/include/pcl-1.12  \n'}
[99.492634] (vision) StdoutLine: {'line': b'-- looking for PCL_MODELER\n'}
[99.492742] (vision) StdoutLine: {'line': b'-- Found PCL_MODELER: /usr/include/pcl-1.12  \n'}
[99.492978] (vision) StdoutLine: {'line': b'-- looking for PCL_POINT_CLOUD_EDITOR\n'}
[99.493073] (vision) StdoutLine: {'line': b'-- Found PCL_POINT_CLOUD_EDITOR: /usr/include/pcl-1.12  \n'}
[99.493208] (vision) StdoutLine: {'line': b'-- looking for PCL_OUTOFCORE\n'}
[99.495999] (vision) StdoutLine: {'line': b'-- Found PCL_OUTOFCORE: /usr/lib/aarch64-linux-gnu/libpcl_outofcore.so  \n'}
[99.496388] (vision) StdoutLine: {'line': b'-- looking for PCL_PEOPLE\n'}
[99.498642] (vision) StdoutLine: {'line': b'-- Found PCL_PEOPLE: /usr/lib/aarch64-linux-gnu/libpcl_people.so  \n'}
[99.499987] (vision) StdoutLine: {'line': b'-- Found PCL: pcl_common;pcl_kdtree;pcl_octree;pcl_search;pcl_sample_consensus;pcl_filters;pcl_io;pcl_features;pcl_ml;pcl_segmentation;pcl_visualization;pcl_surface;pcl_registration;pcl_keypoints;pcl_tracking;pcl_recognition;pcl_stereo;pcl_apps;pcl_outofcore;pcl_people;Boost::system;Boost::filesystem;Boost::date_time;Boost::iostreams;Boost::serialization;/usr/lib/libOpenNI.so;libusb::libusb;/usr/lib/aarch64-linux-gnu/libOpenNI2.so;libusb::libusb;VTK::ChartsCore;VTK::CommonColor;VTK::CommonComputationalGeometry;VTK::CommonCore;VTK::CommonDataModel;VTK::CommonExecutionModel;VTK::CommonMath;VTK::CommonMisc;VTK::CommonTransforms;VTK::FiltersCore;VTK::FiltersExtraction;VTK::FiltersGeneral;VTK::FiltersGeometry;VTK::FiltersModeling;VTK::FiltersSources;VTK::ImagingCore;VTK::ImagingSources;VTK::InteractionImage;VTK::InteractionStyle;VTK::InteractionWidgets;VTK::IOCore;VTK::IOGeometry;VTK::IOImage;VTK::IOLegacy;VTK::IOPLY;VTK::RenderingAnnotation;VTK::RenderingCore;VTK::RenderingContext2D;VTK::RenderingLOD;VTK::RenderingFreeType;VTK::ViewsCore;VTK::ViewsContext2D;VTK::RenderingOpenGL2;VTK::GUISupportQt;FLANN::FLANN;QHULL::QHULL  \n'}
[99.541351] (-) TimerEvent: {}
[99.563895] (booster_interface) StdoutLine: {'line': b'[ 45%] \x1b[32mBuilding C object CMakeFiles/booster_interface__rosidl_generator_c.dir/rosidl_generator_c/booster_interface/srv/detail/agent_service__functions.c.o\x1b[0m\n'}
[99.641975] (-) TimerEvent: {}
[99.742452] (-) TimerEvent: {}
[99.743221] (booster_interface) StdoutLine: {'line': b'[ 46%] \x1b[32mBuilding C object CMakeFiles/booster_interface__rosidl_generator_c.dir/rosidl_generator_c/booster_interface/msg/detail/motor_state__functions.c.o\x1b[0m\n'}
[99.836670] (booster_interface) StdoutLine: {'line': b'[ 47%] \x1b[32mBuilding C object CMakeFiles/booster_interface__rosidl_generator_c.dir/rosidl_generator_c/booster_interface/msg/detail/button_event_msg__functions.c.o\x1b[0m\n'}
[99.842640] (-) TimerEvent: {}
[99.939608] (booster_interface) StdoutLine: {'line': b'[ 47%] \x1b[32mBuilding C object CMakeFiles/booster_interface__rosidl_generator_c.dir/rosidl_generator_c/booster_interface/msg/detail/booster_api_resp_msg__functions.c.o\x1b[0m\n'}
[99.942766] (-) TimerEvent: {}
[100.043285] (-) TimerEvent: {}
[100.065400] (booster_interface) StdoutLine: {'line': b'[ 48%] \x1b[32m\x1b[1mLinking C shared library libbooster_interface__rosidl_generator_c.so\x1b[0m\n'}
[100.141604] (booster_interface) StdoutLine: {'line': b'[ 48%] Built target booster_interface__rosidl_generator_c\n'}
[100.143536] (-) TimerEvent: {}
[100.160115] (booster_interface) StdoutLine: {'line': b'[ 49%] \x1b[34m\x1b[1mGenerating C type support for eProsima Fast-RTPS\x1b[0m\n'}
[100.243807] (-) TimerEvent: {}
[100.344237] (-) TimerEvent: {}
[100.444736] (-) TimerEvent: {}
[100.545288] (-) TimerEvent: {}
[100.645912] (-) TimerEvent: {}
[100.746389] (-) TimerEvent: {}
[100.847658] (-) TimerEvent: {}
[100.948206] (-) TimerEvent: {}
[101.048713] (-) TimerEvent: {}
[101.149281] (-) TimerEvent: {}
[101.249967] (-) TimerEvent: {}
[101.350516] (-) TimerEvent: {}
[101.451284] (-) TimerEvent: {}
[101.553026] (-) TimerEvent: {}
[101.653768] (-) TimerEvent: {}
[101.755425] (-) TimerEvent: {}
[101.856100] (-) TimerEvent: {}
[101.880469] (vision) StdoutLine: {'line': b'-- The CUDA compiler identification is NVIDIA 12.6.68\n'}
[101.896289] (vision) StdoutLine: {'line': b'-- Detecting CUDA compiler ABI info\n'}
[101.956866] (-) TimerEvent: {}
[102.057427] (-) TimerEvent: {}
[102.157893] (-) TimerEvent: {}
[102.259025] (-) TimerEvent: {}
[102.359901] (-) TimerEvent: {}
[102.460700] (-) TimerEvent: {}
[102.561570] (-) TimerEvent: {}
[102.662132] (-) TimerEvent: {}
[102.762621] (-) TimerEvent: {}
[102.864086] (-) TimerEvent: {}
[102.964554] (-) TimerEvent: {}
[103.065054] (-) TimerEvent: {}
[103.165621] (-) TimerEvent: {}
[103.266414] (-) TimerEvent: {}
[103.366839] (-) TimerEvent: {}
[103.467536] (-) TimerEvent: {}
[103.568085] (-) TimerEvent: {}
[103.602617] (booster_interface) StdoutLine: {'line': b'[ 49%] \x1b[32mBuilding CXX object CMakeFiles/booster_interface__rosidl_typesupport_fastrtps_c.dir/rosidl_typesupport_fastrtps_c/booster_interface/msg/detail/booster_api_req_msg__type_support_c.cpp.o\x1b[0m\n'}
[103.668334] (-) TimerEvent: {}
[103.769282] (-) TimerEvent: {}
[103.869743] (-) TimerEvent: {}
[103.970214] (-) TimerEvent: {}
[104.070710] (-) TimerEvent: {}
[104.171221] (-) TimerEvent: {}
[104.253491] (vision) StdoutLine: {'line': b'-- Detecting CUDA compiler ABI info - done\n'}
[104.271378] (-) TimerEvent: {}
[104.299773] (vision) StdoutLine: {'line': b'-- Check for working CUDA compiler: /usr/local/cuda/bin/nvcc - skipped\n'}
[104.300974] (vision) StdoutLine: {'line': b'-- Detecting CUDA compile features\n'}
[104.302344] (vision) StdoutLine: {'line': b'-- Detecting CUDA compile features - done\n'}
[104.317381] (booster_interface) StdoutLine: {'line': b'[ 50%] \x1b[32mBuilding CXX object CMakeFiles/booster_interface__rosidl_typesupport_fastrtps_c.dir/rosidl_typesupport_fastrtps_c/booster_interface/msg/detail/button_event_msg__type_support_c.cpp.o\x1b[0m\n'}
[104.336887] (vision) StdoutLine: {'line': b'-- Builing Calibration\n'}
[104.371842] (-) TimerEvent: {}
[104.397132] (vision) StdoutLine: {'line': b'-- Found CUDAToolkit: /usr/local/cuda/include (found suitable version "12.6.68", minimum required is "12.2.140") \n'}
[104.471973] (-) TimerEvent: {}
[104.572470] (-) TimerEvent: {}
[104.586651] (vision) StdoutLine: {'line': b'-- Found required Ceres dependency: Eigen version 3.4.0 in /usr/share/eigen3/cmake\n'}
[104.598980] (vision) StdoutLine: {'line': b'-- Found required Ceres dependency: glog\n'}
[104.601443] (vision) StdoutLine: {'line': b'-- Found required Ceres dependency: gflags\n'}
[104.602909] (vision) StdoutLine: {'line': b'-- Found Ceres version: 2.2.0 installed in: /home/booster/Workspace/Booster_T1_3v3_Demo/src/vision/thirdparty with components: [EigenSparse, SparseLinearAlgebraLibrary, LAPACK, SchurSpecializations]\n'}
[104.672612] (-) TimerEvent: {}
[104.773201] (-) TimerEvent: {}
[104.851008] (vision) StdoutLine: {'line': b'-- Configuring done\n'}
[104.873334] (-) TimerEvent: {}
[104.901815] (vision) StderrLine: {'line': b'\x1b[33mCMake Warning (dev) at src/calibration/CMakeLists.txt:12 (add_library):\n'}
[104.902262] (vision) StderrLine: {'line': b'  Policy CMP0115 is not set: Source file extensions must be explicit.  Run\n'}
[104.902491] (vision) StderrLine: {'line': b'  "cmake --help-policy CMP0115" for policy details.  Use the cmake_policy\n'}
[104.902674] (vision) StderrLine: {'line': b'  command to set the policy and suppress this warning.\n'}
[104.902826] (vision) StderrLine: {'line': b'\n'}
[104.902987] (vision) StderrLine: {'line': b'  File:\n'}
[104.903127] (vision) StderrLine: {'line': b'\n'}
[104.903337] (vision) StderrLine: {'line': b'    /home/booster/Workspace/Booster_T1_3v3_Demo/src/vision/src/calibration/board_detector.cpp\n'}
[104.903537] (vision) StderrLine: {'line': b'This warning is for project developers.  Use -Wno-dev to suppress it.\n'}
[104.903769] (vision) StderrLine: {'line': b'\x1b[0m\n'}
[104.973449] (-) TimerEvent: {}
[105.045329] (vision) StderrLine: {'line': b'\x1b[33mCMake Warning (dev) in src/model/trt/CMakeLists.txt:\n'}
[105.045709] (vision) StderrLine: {'line': b'  Policy CMP0104 is not set: CMAKE_CUDA_ARCHITECTURES now detected for NVCC,\n'}
[105.045897] (vision) StderrLine: {'line': b'  empty CUDA_ARCHITECTURES not allowed.  Run "cmake --help-policy CMP0104"\n'}
[105.046157] (vision) StderrLine: {'line': b'  for policy details.  Use the cmake_policy command to set the policy and\n'}
[105.046335] (vision) StderrLine: {'line': b'  suppress this warning.\n'}
[105.046520] (vision) StderrLine: {'line': b'\n'}
[105.046719] (vision) StderrLine: {'line': b'  CUDA_ARCHITECTURES is empty for target "yolov8_trt".\n'}
[105.047116] (vision) StderrLine: {'line': b'This warning is for project developers.  Use -Wno-dev to suppress it.\n'}
[105.047411] (vision) StderrLine: {'line': b'\x1b[0m\n'}
[105.051732] (booster_interface) StdoutLine: {'line': b'[ 50%] \x1b[32mBuilding CXX object CMakeFiles/booster_interface__rosidl_typesupport_fastrtps_c.dir/rosidl_typesupport_fastrtps_c/booster_interface/msg/detail/motor_state__type_support_c.cpp.o\x1b[0m\n'}
[105.073603] (-) TimerEvent: {}
[105.168526] (vision) StdoutLine: {'line': b'-- Generating done\n'}
[105.173729] (-) TimerEvent: {}
[105.222534] (vision) StderrLine: {'line': b'\x1b[33mCMake Warning (dev) in src/model/trt/CMakeLists.txt:\n'}
[105.223117] (vision) StderrLine: {'line': b'  Policy CMP0104 is not set: CMAKE_CUDA_ARCHITECTURES now detected for NVCC,\n'}
[105.223496] (vision) StderrLine: {'line': b'  empty CUDA_ARCHITECTURES not allowed.  Run "cmake --help-policy CMP0104"\n'}
[105.223720] (vision) StderrLine: {'line': b'  for policy details.  Use the cmake_policy command to set the policy and\n'}
[105.223899] (vision) StderrLine: {'line': b'  suppress this warning.\n'}
[105.224049] (vision) StderrLine: {'line': b'\n'}
[105.224205] (vision) StderrLine: {'line': b'  CUDA_ARCHITECTURES is empty for target "yolov8_trt".\n'}
[105.224368] (vision) StderrLine: {'line': b'This warning is for project developers.  Use -Wno-dev to suppress it.\n'}
[105.224597] (vision) StderrLine: {'line': b'\x1b[0m\n'}
[105.229719] (vision) StdoutLine: {'line': b'-- Build files have been written to: /home/booster/Workspace/Booster_T1_3v3_Demo/src/build/vision\n'}
[105.274391] (-) TimerEvent: {}
[105.305378] (vision) CommandEnded: {'returncode': 0}
[105.306588] (vision) JobProgress: {'identifier': 'vision', 'progress': 'build'}
[105.306649] (vision) Command: {'cmd': ['/usr/bin/cmake', '--build', '/home/booster/Workspace/Booster_T1_3v3_Demo/src/build/vision', '--', '-j5', '-l5'], 'cwd': '/home/booster/Workspace/Booster_T1_3v3_Demo/src/build/vision', 'env': OrderedDict([('LESSOPEN', '| /usr/bin/lesspipe %s'), ('USER', 'booster'), ('SSH_CLIENT', '10.10.144.134 51037 22'), ('XDG_SESSION_TYPE', 'tty'), ('GIT_ASKPASS', '/home/booster/.cursor-server/bin/25412918da7e74b2686b25d62da1f01cfcd27680/extensions/git/dist/askpass.sh'), ('SHLVL', '1'), ('LD_LIBRARY_PATH', '/home/booster/Workspace/Booster_T1_3v3_Demo/src/install/vision_interface/lib:/opt/ros/humble/opt/rviz_ogre_vendor/lib:/opt/ros/humble/lib/aarch64-linux-gnu:/opt/ros/humble/lib:/usr/local/cuda/lib64'), ('BROWSER', '/home/booster/.cursor-server/bin/25412918da7e74b2686b25d62da1f01cfcd27680/bin/helpers/browser.sh'), ('MOTD_SHOWN', 'pam'), ('HOME', '/home/booster'), ('OLDPWD', '/home/booster/Workspace/Booster_T1_3v3_Demo'), ('TERM_PROGRAM_VERSION', '2.0.64'), ('VSCODE_IPC_HOOK_CLI', '/run/user/1000/vscode-ipc-f7ed2610-5b6c-48c9-89fc-6c8784f58529.sock'), ('JETSON_L4T', '36.4.3'), ('ROS_PYTHON_VERSION', '3'), ('JETSON_MODEL', 'Booster T1 AGX Orin V2.1'), ('VSCODE_GIT_ASKPASS_MAIN', '/home/booster/.cursor-server/bin/25412918da7e74b2686b25d62da1f01cfcd27680/extensions/git/dist/askpass-main.js'), ('VSCODE_GIT_ASKPASS_NODE', '/home/booster/.cursor-server/bin/25412918da7e74b2686b25d62da1f01cfcd27680/node'), ('DBUS_SESSION_BUS_ADDRESS', 'unix:path=/run/user/1000/bus'), ('COLORTERM', 'truecolor'), ('ROS_DISTRO', 'humble'), ('LOGNAME', 'booster'), ('JETSON_MODULE', 'NVIDIA Jetson AGX Orin (32GB ram)'), ('JETSON_SERIAL_NUMBER', '1421225046990'), ('_', '/usr/bin/colcon'), ('ROS_VERSION', '2'), ('XDG_SESSION_CLASS', 'user'), ('TERM', 'xterm-256color'), ('XDG_SESSION_ID', '7'), ('ROS_LOCALHOST_ONLY', '0'), ('PATH', '/opt/ros/humble/bin:/usr/local/cuda/bin:/usr/local/sbin:/usr/local/bin:/usr/sbin:/usr/bin:/sbin:/bin:/snap/bin'), ('FASTRTPS_DEFAULT_PROFILES_FILE', '/opt/booster/BoosterRos2/fastdds_profile.xml'), ('CUDA_ROOT', '/usr/local/cuda'), ('XDG_RUNTIME_DIR', '/run/user/1000'), ('LANG', 'en_US.UTF-8'), ('LS_COLORS', 'rs=0:di=01;34:ln=01;36:mh=00:pi=40;33:so=01;35:do=01;35:bd=40;33;01:cd=40;33;01:or=40;31;01:mi=00:su=37;41:sg=30;43:ca=30;41:tw=30;42:ow=34;42:st=37;44:ex=01;32:*.tar=01;31:*.tgz=01;31:*.arc=01;31:*.arj=01;31:*.taz=01;31:*.lha=01;31:*.lz4=01;31:*.lzh=01;31:*.lzma=01;31:*.tlz=01;31:*.txz=01;31:*.tzo=01;31:*.t7z=01;31:*.zip=01;31:*.z=01;31:*.dz=01;31:*.gz=01;31:*.lrz=01;31:*.lz=01;31:*.lzo=01;31:*.xz=01;31:*.zst=01;31:*.tzst=01;31:*.bz2=01;31:*.bz=01;31:*.tbz=01;31:*.tbz2=01;31:*.tz=01;31:*.deb=01;31:*.rpm=01;31:*.jar=01;31:*.war=01;31:*.ear=01;31:*.sar=01;31:*.rar=01;31:*.alz=01;31:*.ace=01;31:*.zoo=01;31:*.cpio=01;31:*.7z=01;31:*.rz=01;31:*.cab=01;31:*.wim=01;31:*.swm=01;31:*.dwm=01;31:*.esd=01;31:*.jpg=01;35:*.jpeg=01;35:*.mjpg=01;35:*.mjpeg=01;35:*.gif=01;35:*.bmp=01;35:*.pbm=01;35:*.pgm=01;35:*.ppm=01;35:*.tga=01;35:*.xbm=01;35:*.xpm=01;35:*.tif=01;35:*.tiff=01;35:*.png=01;35:*.svg=01;35:*.svgz=01;35:*.mng=01;35:*.pcx=01;35:*.mov=01;35:*.mpg=01;35:*.mpeg=01;35:*.m2v=01;35:*.mkv=01;35:*.webm=01;35:*.webp=01;35:*.ogm=01;35:*.mp4=01;35:*.m4v=01;35:*.mp4v=01;35:*.vob=01;35:*.qt=01;35:*.nuv=01;35:*.wmv=01;35:*.asf=01;35:*.rm=01;35:*.rmvb=01;35:*.flc=01;35:*.avi=01;35:*.fli=01;35:*.flv=01;35:*.gl=01;35:*.dl=01;35:*.xcf=01;35:*.xwd=01;35:*.yuv=01;35:*.cgm=01;35:*.emf=01;35:*.ogv=01;35:*.ogx=01;35:*.aac=00;36:*.au=00;36:*.flac=00;36:*.m4a=00;36:*.mid=00;36:*.midi=00;36:*.mka=00;36:*.mp3=00;36:*.mpc=00;36:*.ogg=00;36:*.ra=00;36:*.wav=00;36:*.oga=00;36:*.opus=00;36:*.spx=00;36:*.xspf=00;36:'), ('JETSON_SOC', 'tegra234'), ('VSCODE_GIT_IPC_HANDLE', '/run/user/1000/vscode-git-d36fc8e34d.sock'), ('TERM_PROGRAM', 'vscode'), ('AMENT_PREFIX_PATH', '/home/booster/Workspace/Booster_T1_3v3_Demo/src/install/vision_interface:/opt/ros/humble'), ('SHELL', '/bin/bash'), ('LESSCLOSE', '/usr/bin/lesspipe %s %s'), ('VSCODE_GIT_ASKPASS_EXTRA_ARGS', ''), ('JETSON_CUDA_ARCH_BIN', '8.7'), ('PWD', '/home/booster/Workspace/Booster_T1_3v3_Demo/src/build/vision'), ('SSH_CONNECTION', '10.10.144.134 51037 10.10.144.147 22'), ('XDG_DATA_DIRS', '/usr/share/gnome:/usr/local/share:/usr/share:/var/lib/snapd/desktop'), ('PYTHONPATH', '/home/booster/Workspace/Booster_T1_3v3_Demo/src/install/vision_interface/local/lib/python3.10/dist-packages:/opt/ros/humble/lib/python3.10/site-packages:/opt/ros/humble/local/lib/python3.10/dist-packages'), ('COLCON', '1'), ('JETSON_JETPACK', '6.2'), ('JETSON_P_NUMBER', 'p3701-0004'), ('CMAKE_PREFIX_PATH', '/home/booster/Workspace/Booster_T1_3v3_Demo/src/install/vision_interface:/opt/ros/humble')]), 'shell': False}
[105.374510] (-) TimerEvent: {}
[105.474929] (-) TimerEvent: {}
[105.517349] (vision) StdoutLine: {'line': b'[  3%] \x1b[32mBuilding CXX object src/model/trt/CMakeFiles/yolov8_trt.dir/block.cpp.o\x1b[0m\n'}
[105.575067] (-) TimerEvent: {}
[105.675942] (-) TimerEvent: {}
[105.710610] (booster_interface) StdoutLine: {'line': b'[ 51%] \x1b[32mBuilding CXX object CMakeFiles/booster_interface__rosidl_typesupport_fastrtps_c.dir/rosidl_typesupport_fastrtps_c/booster_interface/msg/detail/motor_cmd__type_support_c.cpp.o\x1b[0m\n'}
[105.776084] (-) TimerEvent: {}
[105.876571] (-) TimerEvent: {}
[105.977138] (-) TimerEvent: {}
[106.077723] (-) TimerEvent: {}
[106.178243] (-) TimerEvent: {}
[106.278721] (-) TimerEvent: {}
[106.370775] (booster_interface) StdoutLine: {'line': b'[ 51%] \x1b[32mBuilding CXX object CMakeFiles/booster_interface__rosidl_typesupport_fastrtps_c.dir/rosidl_typesupport_fastrtps_c/booster_interface/msg/detail/low_cmd__type_support_c.cpp.o\x1b[0m\n'}
[106.378889] (-) TimerEvent: {}
[106.479537] (-) TimerEvent: {}
[106.580681] (-) TimerEvent: {}
[106.681463] (-) TimerEvent: {}
[106.774294] (vision) StdoutLine: {'line': b'[  6%] \x1b[32mBuilding CXX object src/model/trt/CMakeFiles/yolov8_trt.dir/model.cpp.o\x1b[0m\n'}
[106.782556] (-) TimerEvent: {}
[106.883275] (-) TimerEvent: {}
[106.984381] (-) TimerEvent: {}
[106.987517] (booster_interface) StdoutLine: {'line': b'[ 52%] \x1b[32mBuilding CXX object CMakeFiles/booster_interface__rosidl_typesupport_fastrtps_c.dir/rosidl_typesupport_fastrtps_c/booster_interface/msg/detail/imu_state__type_support_c.cpp.o\x1b[0m\n'}
[107.084597] (-) TimerEvent: {}
[107.185363] (-) TimerEvent: {}
[107.285938] (-) TimerEvent: {}
[107.387406] (-) TimerEvent: {}
[107.487980] (-) TimerEvent: {}
[107.588581] (-) TimerEvent: {}
[107.617935] (booster_interface) StdoutLine: {'line': b'[ 53%] \x1b[32mBuilding CXX object CMakeFiles/booster_interface__rosidl_typesupport_fastrtps_c.dir/rosidl_typesupport_fastrtps_c/booster_interface/msg/detail/low_state__type_support_c.cpp.o\x1b[0m\n'}
[107.688913] (-) TimerEvent: {}
[107.789853] (-) TimerEvent: {}
[107.873716] (vision) StdoutLine: {'line': b'[  9%] \x1b[32mBuilding CXX object src/model/trt/CMakeFiles/yolov8_trt.dir/postprocess.cpp.o\x1b[0m\n'}
[107.890027] (-) TimerEvent: {}
[107.944609] (vision) StdoutLine: {'line': b'[ 12%] \x1b[32mBuilding CUDA object src/model/trt/CMakeFiles/yolov8_trt.dir/postprocess.cu.o\x1b[0m\n'}
[107.990193] (-) TimerEvent: {}
[108.090654] (-) TimerEvent: {}
[108.191411] (-) TimerEvent: {}
[108.233883] (booster_interface) StdoutLine: {'line': b'[ 53%] \x1b[32mBuilding CXX object CMakeFiles/booster_interface__rosidl_typesupport_fastrtps_c.dir/rosidl_typesupport_fastrtps_c/booster_interface/msg/detail/raw_bytes_msg__type_support_c.cpp.o\x1b[0m\n'}
[108.291718] (-) TimerEvent: {}
[108.392227] (-) TimerEvent: {}
[108.492741] (-) TimerEvent: {}
[108.593309] (-) TimerEvent: {}
[108.694298] (-) TimerEvent: {}
[108.795033] (-) TimerEvent: {}
[108.837326] (booster_interface) StdoutLine: {'line': b'[ 54%] \x1b[32mBuilding CXX object CMakeFiles/booster_interface__rosidl_typesupport_fastrtps_c.dir/rosidl_typesupport_fastrtps_c/booster_interface/msg/detail/raw_bytes_stamped__type_support_c.cpp.o\x1b[0m\n'}
[108.895233] (-) TimerEvent: {}
[108.995804] (-) TimerEvent: {}
[109.096339] (-) TimerEvent: {}
[109.196841] (-) TimerEvent: {}
[109.297753] (-) TimerEvent: {}
[109.398234] (-) TimerEvent: {}
[109.498771] (-) TimerEvent: {}
[109.572811] (booster_interface) StdoutLine: {'line': b'[ 54%] \x1b[32mBuilding CXX object CMakeFiles/booster_interface__rosidl_typesupport_fastrtps_c.dir/rosidl_typesupport_fastrtps_c/booster_interface/msg/detail/odometer__type_support_c.cpp.o\x1b[0m\n'}
[109.598954] (-) TimerEvent: {}
[109.699893] (-) TimerEvent: {}
[109.800466] (-) TimerEvent: {}
[109.901245] (-) TimerEvent: {}
[110.001995] (-) TimerEvent: {}
[110.102563] (-) TimerEvent: {}
[110.186497] (booster_interface) StdoutLine: {'line': b'[ 55%] \x1b[32mBuilding CXX object CMakeFiles/booster_interface__rosidl_typesupport_fastrtps_c.dir/rosidl_typesupport_fastrtps_c/booster_interface/msg/detail/fall_down_state__type_support_c.cpp.o\x1b[0m\n'}
[110.203082] (-) TimerEvent: {}
[110.303638] (-) TimerEvent: {}
[110.404319] (-) TimerEvent: {}
[110.504872] (-) TimerEvent: {}
[110.605423] (-) TimerEvent: {}
[110.705967] (-) TimerEvent: {}
[110.806578] (-) TimerEvent: {}
[110.907101] (-) TimerEvent: {}
[111.003240] (booster_interface) StdoutLine: {'line': b'[ 56%] \x1b[32mBuilding CXX object CMakeFiles/booster_interface__rosidl_typesupport_fastrtps_c.dir/rosidl_typesupport_fastrtps_c/booster_interface/msg/detail/remote_controller_state__type_support_c.cpp.o\x1b[0m\n'}
[111.007243] (-) TimerEvent: {}
[111.107898] (-) TimerEvent: {}
[111.208375] (-) TimerEvent: {}
[111.309093] (-) TimerEvent: {}
[111.409670] (-) TimerEvent: {}
[111.510678] (-) TimerEvent: {}
[111.611157] (-) TimerEvent: {}
[111.712874] (-) TimerEvent: {}
[111.747960] (booster_interface) StdoutLine: {'line': b'[ 56%] \x1b[32mBuilding CXX object CMakeFiles/booster_interface__rosidl_typesupport_fastrtps_c.dir/rosidl_typesupport_fastrtps_c/booster_interface/msg/detail/hand_command__type_support_c.cpp.o\x1b[0m\n'}
[111.813278] (-) TimerEvent: {}
[111.913873] (-) TimerEvent: {}
[112.014404] (-) TimerEvent: {}
[112.114934] (-) TimerEvent: {}
[112.215460] (-) TimerEvent: {}
[112.316095] (-) TimerEvent: {}
[112.416721] (-) TimerEvent: {}
[112.517401] (-) TimerEvent: {}
[112.618105] (-) TimerEvent: {}
[112.718543] (-) TimerEvent: {}
[112.819054] (-) TimerEvent: {}
[112.836382] (booster_interface) StdoutLine: {'line': b'[ 57%] \x1b[32mBuilding CXX object CMakeFiles/booster_interface__rosidl_typesupport_fastrtps_c.dir/rosidl_typesupport_fastrtps_c/booster_interface/msg/detail/hand_dds_msg__type_support_c.cpp.o\x1b[0m\n'}
[112.919178] (-) TimerEvent: {}
[113.019741] (-) TimerEvent: {}
[113.120265] (-) TimerEvent: {}
[113.220941] (-) TimerEvent: {}
[113.322556] (-) TimerEvent: {}
[113.423540] (-) TimerEvent: {}
[113.492262] (booster_interface) StdoutLine: {'line': b'[ 57%] \x1b[32mBuilding CXX object CMakeFiles/booster_interface__rosidl_typesupport_fastrtps_c.dir/rosidl_typesupport_fastrtps_c/booster_interface/msg/detail/hand_param__type_support_c.cpp.o\x1b[0m\n'}
[113.523737] (-) TimerEvent: {}
[113.624381] (-) TimerEvent: {}
[113.725545] (-) TimerEvent: {}
[113.826067] (-) TimerEvent: {}
[113.926767] (-) TimerEvent: {}
[114.027536] (-) TimerEvent: {}
[114.128082] (-) TimerEvent: {}
[114.167467] (booster_interface) StdoutLine: {'line': b'[ 58%] \x1b[32mBuilding CXX object CMakeFiles/booster_interface__rosidl_typesupport_fastrtps_c.dir/rosidl_typesupport_fastrtps_c/booster_interface/srv/detail/rpc_service__type_support_c.cpp.o\x1b[0m\n'}
[114.228399] (-) TimerEvent: {}
[114.328984] (-) TimerEvent: {}
[114.429462] (-) TimerEvent: {}
[114.530041] (-) TimerEvent: {}
[114.630586] (-) TimerEvent: {}
[114.732679] (-) TimerEvent: {}
[114.778006] (booster_interface) StdoutLine: {'line': b'[ 59%] \x1b[32mBuilding CXX object CMakeFiles/booster_interface__rosidl_typesupport_fastrtps_c.dir/rosidl_typesupport_fastrtps_c/booster_interface/srv/detail/agent_service__type_support_c.cpp.o\x1b[0m\n'}
[114.832830] (-) TimerEvent: {}
[114.933292] (-) TimerEvent: {}
[115.034064] (-) TimerEvent: {}
[115.134561] (-) TimerEvent: {}
[115.235094] (-) TimerEvent: {}
[115.335595] (-) TimerEvent: {}
[115.436120] (-) TimerEvent: {}
[115.536626] (-) TimerEvent: {}
[115.612066] (booster_interface) StdoutLine: {'line': b'[ 60%] \x1b[32mBuilding CXX object CMakeFiles/booster_interface__rosidl_typesupport_fastrtps_c.dir/rosidl_typesupport_fastrtps_c/booster_interface/msg/detail/booster_api_resp_msg__type_support_c.cpp.o\x1b[0m\n'}
[115.636799] (-) TimerEvent: {}
[115.737475] (-) TimerEvent: {}
[115.838254] (-) TimerEvent: {}
[115.938886] (-) TimerEvent: {}
[116.039382] (-) TimerEvent: {}
[116.139831] (-) TimerEvent: {}
[116.240965] (-) TimerEvent: {}
[116.298091] (booster_interface) StdoutLine: {'line': b'[ 60%] \x1b[32m\x1b[1mLinking CXX shared library libbooster_interface__rosidl_typesupport_fastrtps_c.so\x1b[0m\n'}
[116.341143] (-) TimerEvent: {}
[116.441681] (-) TimerEvent: {}
[116.480862] (booster_interface) StdoutLine: {'line': b'[ 60%] Built target booster_interface__rosidl_typesupport_fastrtps_c\n'}
[116.510812] (booster_interface) StdoutLine: {'line': b'[ 61%] \x1b[34m\x1b[1mGenerating C type support dispatch for ROS interfaces\x1b[0m\n'}
[116.542236] (-) TimerEvent: {}
[116.642717] (-) TimerEvent: {}
[116.743207] (-) TimerEvent: {}
[116.843684] (-) TimerEvent: {}
[116.944142] (-) TimerEvent: {}
[117.044590] (-) TimerEvent: {}
[117.145521] (-) TimerEvent: {}
[117.246030] (-) TimerEvent: {}
[117.346562] (-) TimerEvent: {}
[117.447062] (-) TimerEvent: {}
[117.547593] (-) TimerEvent: {}
[117.648120] (-) TimerEvent: {}
[117.748711] (-) TimerEvent: {}
[117.849366] (-) TimerEvent: {}
[117.950019] (-) TimerEvent: {}
[118.050542] (-) TimerEvent: {}
[118.151012] (-) TimerEvent: {}
[118.251550] (-) TimerEvent: {}
[118.352056] (-) TimerEvent: {}
[118.452734] (-) TimerEvent: {}
[118.554119] (-) TimerEvent: {}
[118.654623] (-) TimerEvent: {}
[118.679840] (booster_interface) StdoutLine: {'line': b'[ 61%] \x1b[32mBuilding CXX object CMakeFiles/booster_interface__rosidl_typesupport_c.dir/rosidl_typesupport_c/booster_interface/msg/booster_api_req_msg__type_support.cpp.o\x1b[0m\n'}
[118.739019] (booster_interface) StdoutLine: {'line': b'[ 62%] \x1b[32mBuilding CXX object CMakeFiles/booster_interface__rosidl_typesupport_c.dir/rosidl_typesupport_c/booster_interface/msg/motor_state__type_support.cpp.o\x1b[0m\n'}
[118.754922] (-) TimerEvent: {}
[118.799055] (booster_interface) StdoutLine: {'line': b'[ 63%] \x1b[32mBuilding CXX object CMakeFiles/booster_interface__rosidl_typesupport_c.dir/rosidl_typesupport_c/booster_interface/msg/motor_cmd__type_support.cpp.o\x1b[0m\n'}
[118.852285] (booster_interface) StdoutLine: {'line': b'[ 63%] \x1b[32mBuilding CXX object CMakeFiles/booster_interface__rosidl_typesupport_c.dir/rosidl_typesupport_c/booster_interface/msg/low_cmd__type_support.cpp.o\x1b[0m\n'}
[118.855115] (-) TimerEvent: {}
[118.951899] (booster_interface) StdoutLine: {'line': b'[ 64%] \x1b[32mBuilding CXX object CMakeFiles/booster_interface__rosidl_typesupport_c.dir/rosidl_typesupport_c/booster_interface/msg/imu_state__type_support.cpp.o\x1b[0m\n'}
[118.955259] (-) TimerEvent: {}
[119.029500] (booster_interface) StdoutLine: {'line': b'[ 64%] \x1b[32mBuilding CXX object CMakeFiles/booster_interface__rosidl_typesupport_c.dir/rosidl_typesupport_c/booster_interface/msg/low_state__type_support.cpp.o\x1b[0m\n'}
[119.055394] (-) TimerEvent: {}
[119.089448] (booster_interface) StdoutLine: {'line': b'[ 65%] \x1b[32mBuilding CXX object CMakeFiles/booster_interface__rosidl_typesupport_c.dir/rosidl_typesupport_c/booster_interface/msg/raw_bytes_msg__type_support.cpp.o\x1b[0m\n'}
[119.155560] (-) TimerEvent: {}
[119.162661] (booster_interface) StdoutLine: {'line': b'[ 66%] \x1b[32mBuilding CXX object CMakeFiles/booster_interface__rosidl_typesupport_c.dir/rosidl_typesupport_c/booster_interface/msg/raw_bytes_stamped__type_support.cpp.o\x1b[0m\n'}
[119.214701] (booster_interface) StdoutLine: {'line': b'[ 66%] \x1b[32mBuilding CXX object CMakeFiles/booster_interface__rosidl_typesupport_c.dir/rosidl_typesupport_c/booster_interface/msg/odometer__type_support.cpp.o\x1b[0m\n'}
[119.255701] (-) TimerEvent: {}
[119.266641] (booster_interface) StdoutLine: {'line': b'[ 67%] \x1b[32mBuilding CXX object CMakeFiles/booster_interface__rosidl_typesupport_c.dir/rosidl_typesupport_c/booster_interface/msg/fall_down_state__type_support.cpp.o\x1b[0m\n'}
[119.321110] (booster_interface) StdoutLine: {'line': b'[ 67%] \x1b[32mBuilding CXX object CMakeFiles/booster_interface__rosidl_typesupport_c.dir/rosidl_typesupport_c/booster_interface/msg/remote_controller_state__type_support.cpp.o\x1b[0m\n'}
[119.355875] (-) TimerEvent: {}
[119.415233] (booster_interface) StdoutLine: {'line': b'[ 68%] \x1b[32mBuilding CXX object CMakeFiles/booster_interface__rosidl_typesupport_c.dir/rosidl_typesupport_c/booster_interface/msg/hand_command__type_support.cpp.o\x1b[0m\n'}
[119.456043] (-) TimerEvent: {}
[119.470006] (booster_interface) StdoutLine: {'line': b'[ 69%] \x1b[32mBuilding CXX object CMakeFiles/booster_interface__rosidl_typesupport_c.dir/rosidl_typesupport_c/booster_interface/msg/hand_dds_msg__type_support.cpp.o\x1b[0m\n'}
[119.550236] (booster_interface) StdoutLine: {'line': b'[ 69%] \x1b[32mBuilding CXX object CMakeFiles/booster_interface__rosidl_typesupport_c.dir/rosidl_typesupport_c/booster_interface/msg/hand_param__type_support.cpp.o\x1b[0m\n'}
[119.556189] (-) TimerEvent: {}
[119.601023] (booster_interface) StdoutLine: {'line': b'[ 70%] \x1b[32mBuilding CXX object CMakeFiles/booster_interface__rosidl_typesupport_c.dir/rosidl_typesupport_c/booster_interface/srv/rpc_service__type_support.cpp.o\x1b[0m\n'}
[119.657399] (-) TimerEvent: {}
[119.662924] (booster_interface) StdoutLine: {'line': b'[ 70%] \x1b[32mBuilding CXX object CMakeFiles/booster_interface__rosidl_typesupport_c.dir/rosidl_typesupport_c/booster_interface/srv/agent_service__type_support.cpp.o\x1b[0m\n'}
[119.724489] (booster_interface) StdoutLine: {'line': b'[ 70%] \x1b[32mBuilding CXX object CMakeFiles/booster_interface__rosidl_typesupport_c.dir/rosidl_typesupport_c/booster_interface/msg/button_event_msg__type_support.cpp.o\x1b[0m\n'}
[119.757630] (-) TimerEvent: {}
[119.780252] (booster_interface) StdoutLine: {'line': b'[ 71%] \x1b[32mBuilding CXX object CMakeFiles/booster_interface__rosidl_typesupport_c.dir/rosidl_typesupport_c/booster_interface/msg/booster_api_resp_msg__type_support.cpp.o\x1b[0m\n'}
[119.836099] (booster_interface) StdoutLine: {'line': b'[ 72%] \x1b[32m\x1b[1mLinking CXX shared library libbooster_interface__rosidl_typesupport_c.so\x1b[0m\n'}
[119.857780] (-) TimerEvent: {}
[119.958271] (-) TimerEvent: {}
[119.966506] (booster_interface) StdoutLine: {'line': b'[ 72%] Built target booster_interface__rosidl_typesupport_c\n'}
[119.997838] (booster_interface) StdoutLine: {'line': b'[ 73%] \x1b[34m\x1b[1mGenerating C introspection for ROS interfaces\x1b[0m\n'}
[120.058415] (-) TimerEvent: {}
[120.158930] (-) TimerEvent: {}
[120.259607] (-) TimerEvent: {}
[120.360240] (-) TimerEvent: {}
[120.460886] (-) TimerEvent: {}
[120.561453] (-) TimerEvent: {}
[120.662029] (-) TimerEvent: {}
[120.762747] (-) TimerEvent: {}
[120.865216] (-) TimerEvent: {}
[120.965940] (-) TimerEvent: {}
[121.068320] (-) TimerEvent: {}
[121.168816] (-) TimerEvent: {}
[121.270929] (-) TimerEvent: {}
[121.372200] (-) TimerEvent: {}
[121.472877] (-) TimerEvent: {}
[121.573684] (-) TimerEvent: {}
[121.674141] (-) TimerEvent: {}
[121.774590] (-) TimerEvent: {}
[121.875057] (-) TimerEvent: {}
[121.975680] (-) TimerEvent: {}
[122.076242] (-) TimerEvent: {}
[122.176927] (-) TimerEvent: {}
[122.277566] (-) TimerEvent: {}
[122.378072] (-) TimerEvent: {}
[122.479475] (-) TimerEvent: {}
[122.580128] (-) TimerEvent: {}
[122.680678] (-) TimerEvent: {}
[122.781340] (-) TimerEvent: {}
[122.881802] (-) TimerEvent: {}
[122.982299] (-) TimerEvent: {}
[123.083699] (-) TimerEvent: {}
[123.184252] (-) TimerEvent: {}
[123.284791] (-) TimerEvent: {}
[123.359240] (booster_interface) StdoutLine: {'line': b'[ 74%] \x1b[32mBuilding C object CMakeFiles/booster_interface__rosidl_typesupport_introspection_c.dir/rosidl_typesupport_introspection_c/booster_interface/msg/detail/booster_api_req_msg__type_support.c.o\x1b[0m\n'}
[123.384922] (-) TimerEvent: {}
[123.486116] (-) TimerEvent: {}
[123.505722] (booster_interface) StdoutLine: {'line': b'[ 75%] \x1b[32mBuilding C object CMakeFiles/booster_interface__rosidl_typesupport_introspection_c.dir/rosidl_typesupport_introspection_c/booster_interface/msg/detail/motor_cmd__type_support.c.o\x1b[0m\n'}
[123.586296] (-) TimerEvent: {}
[123.600301] (booster_interface) StdoutLine: {'line': b'[ 76%] \x1b[32mBuilding C object CMakeFiles/booster_interface__rosidl_typesupport_introspection_c.dir/rosidl_typesupport_introspection_c/booster_interface/msg/detail/low_cmd__type_support.c.o\x1b[0m\n'}
[123.686426] (-) TimerEvent: {}
[123.717002] (booster_interface) StdoutLine: {'line': b'[ 76%] \x1b[32mBuilding C object CMakeFiles/booster_interface__rosidl_typesupport_introspection_c.dir/rosidl_typesupport_introspection_c/booster_interface/msg/detail/imu_state__type_support.c.o\x1b[0m\n'}
[123.787508] (-) TimerEvent: {}
[123.870967] (booster_interface) StdoutLine: {'line': b'[ 77%] \x1b[32mBuilding C object CMakeFiles/booster_interface__rosidl_typesupport_introspection_c.dir/rosidl_typesupport_introspection_c/booster_interface/msg/detail/low_state__type_support.c.o\x1b[0m\n'}
[123.887613] (-) TimerEvent: {}
[123.943479] (booster_interface) StdoutLine: {'line': b'[ 77%] \x1b[32mBuilding C object CMakeFiles/booster_interface__rosidl_typesupport_introspection_c.dir/rosidl_typesupport_introspection_c/booster_interface/msg/detail/raw_bytes_msg__type_support.c.o\x1b[0m\n'}
[123.987830] (-) TimerEvent: {}
[124.005741] (booster_interface) StdoutLine: {'line': b'[ 78%] \x1b[32mBuilding C object CMakeFiles/booster_interface__rosidl_typesupport_introspection_c.dir/rosidl_typesupport_introspection_c/booster_interface/msg/detail/raw_bytes_stamped__type_support.c.o\x1b[0m\n'}
[124.072239] (booster_interface) StdoutLine: {'line': b'[ 79%] \x1b[32mBuilding C object CMakeFiles/booster_interface__rosidl_typesupport_introspection_c.dir/rosidl_typesupport_introspection_c/booster_interface/msg/detail/odometer__type_support.c.o\x1b[0m\n'}
[124.088886] (-) TimerEvent: {}
[124.145815] (booster_interface) StdoutLine: {'line': b'[ 79%] \x1b[32mBuilding C object CMakeFiles/booster_interface__rosidl_typesupport_introspection_c.dir/rosidl_typesupport_introspection_c/booster_interface/msg/detail/fall_down_state__type_support.c.o\x1b[0m\n'}
[124.189050] (-) TimerEvent: {}
[124.213088] (booster_interface) StdoutLine: {'line': b'[ 80%] \x1b[32mBuilding C object CMakeFiles/booster_interface__rosidl_typesupport_introspection_c.dir/rosidl_typesupport_introspection_c/booster_interface/msg/detail/remote_controller_state__type_support.c.o\x1b[0m\n'}
[124.289406] (-) TimerEvent: {}
[124.298878] (booster_interface) StdoutLine: {'line': b'[ 80%] \x1b[32mBuilding C object CMakeFiles/booster_interface__rosidl_typesupport_introspection_c.dir/rosidl_typesupport_introspection_c/booster_interface/msg/detail/hand_command__type_support.c.o\x1b[0m\n'}
[124.369189] (booster_interface) StdoutLine: {'line': b'[ 81%] \x1b[32mBuilding C object CMakeFiles/booster_interface__rosidl_typesupport_introspection_c.dir/rosidl_typesupport_introspection_c/booster_interface/msg/detail/hand_dds_msg__type_support.c.o\x1b[0m\n'}
[124.389550] (-) TimerEvent: {}
[124.473421] (booster_interface) StdoutLine: {'line': b'[ 82%] \x1b[32mBuilding C object CMakeFiles/booster_interface__rosidl_typesupport_introspection_c.dir/rosidl_typesupport_introspection_c/booster_interface/msg/detail/hand_param__type_support.c.o\x1b[0m\n'}
[124.489691] (-) TimerEvent: {}
[124.549742] (booster_interface) StdoutLine: {'line': b'[ 82%] \x1b[32mBuilding C object CMakeFiles/booster_interface__rosidl_typesupport_introspection_c.dir/rosidl_typesupport_introspection_c/booster_interface/srv/detail/rpc_service__type_support.c.o\x1b[0m\n'}
[124.589821] (-) TimerEvent: {}
[124.641440] (booster_interface) StdoutLine: {'line': b'[ 83%] \x1b[32mBuilding C object CMakeFiles/booster_interface__rosidl_typesupport_introspection_c.dir/rosidl_typesupport_introspection_c/booster_interface/srv/detail/agent_service__type_support.c.o\x1b[0m\n'}
[124.689993] (-) TimerEvent: {}
[124.744682] (booster_interface) StdoutLine: {'line': b'[ 83%] \x1b[32mBuilding C object CMakeFiles/booster_interface__rosidl_typesupport_introspection_c.dir/rosidl_typesupport_introspection_c/booster_interface/msg/detail/motor_state__type_support.c.o\x1b[0m\n'}
[124.790140] (-) TimerEvent: {}
[124.838900] (booster_interface) StdoutLine: {'line': b'[ 84%] \x1b[32mBuilding C object CMakeFiles/booster_interface__rosidl_typesupport_introspection_c.dir/rosidl_typesupport_introspection_c/booster_interface/msg/detail/button_event_msg__type_support.c.o\x1b[0m\n'}
[124.890345] (-) TimerEvent: {}
[124.897132] (booster_interface) StdoutLine: {'line': b'[ 84%] \x1b[32mBuilding C object CMakeFiles/booster_interface__rosidl_typesupport_introspection_c.dir/rosidl_typesupport_introspection_c/booster_interface/msg/detail/booster_api_resp_msg__type_support.c.o\x1b[0m\n'}
[124.982130] (booster_interface) StdoutLine: {'line': b'[ 84%] \x1b[32m\x1b[1mLinking C shared library libbooster_interface__rosidl_typesupport_introspection_c.so\x1b[0m\n'}
[124.992249] (-) TimerEvent: {}
[125.072510] (vision) StdoutLine: {'line': b'[ 15%] \x1b[32mBuilding CUDA object src/model/trt/CMakeFiles/yolov8_trt.dir/preprocess.cu.o\x1b[0m\n'}
[125.088562] (booster_interface) StdoutLine: {'line': b'[ 84%] Built target booster_interface__rosidl_typesupport_introspection_c\n'}
[125.092428] (-) TimerEvent: {}
[125.143896] (booster_interface) StdoutLine: {'line': b'[ 84%] Built target booster_interface\n'}
[125.192575] (-) TimerEvent: {}
[125.195340] (booster_interface) StdoutLine: {'line': b'[ 85%] \x1b[34m\x1b[1mGenerating Python code for ROS interfaces\x1b[0m\n'}
[125.292715] (-) TimerEvent: {}
[125.394128] (-) TimerEvent: {}
[125.494625] (-) TimerEvent: {}
[125.595120] (-) TimerEvent: {}
[125.696005] (-) TimerEvent: {}
[125.797064] (-) TimerEvent: {}
[125.897572] (-) TimerEvent: {}
[125.998099] (-) TimerEvent: {}
[126.098769] (-) TimerEvent: {}
[126.199272] (-) TimerEvent: {}
[126.299792] (-) TimerEvent: {}
[126.400416] (-) TimerEvent: {}
[126.500951] (-) TimerEvent: {}
[126.601488] (-) TimerEvent: {}
[126.702981] (-) TimerEvent: {}
[126.806352] (-) TimerEvent: {}
[126.906842] (-) TimerEvent: {}
[127.007560] (-) TimerEvent: {}
[127.108271] (-) TimerEvent: {}
[127.208871] (-) TimerEvent: {}
[127.309413] (-) TimerEvent: {}
[127.409916] (-) TimerEvent: {}
[127.510428] (-) TimerEvent: {}
[127.611098] (-) TimerEvent: {}
[127.712053] (-) TimerEvent: {}
[127.812570] (-) TimerEvent: {}
[127.913222] (-) TimerEvent: {}
[128.013736] (-) TimerEvent: {}
[128.114744] (-) TimerEvent: {}
[128.215309] (-) TimerEvent: {}
[128.315858] (-) TimerEvent: {}
[128.416978] (-) TimerEvent: {}
[128.517673] (-) TimerEvent: {}
[128.618914] (-) TimerEvent: {}
[128.719328] (-) TimerEvent: {}
[128.819871] (-) TimerEvent: {}
[128.920835] (-) TimerEvent: {}
[129.021504] (-) TimerEvent: {}
[129.122051] (-) TimerEvent: {}
[129.222542] (-) TimerEvent: {}
[129.323222] (-) TimerEvent: {}
[129.424149] (-) TimerEvent: {}
[129.524888] (-) TimerEvent: {}
[129.625491] (-) TimerEvent: {}
[129.726114] (-) TimerEvent: {}
[129.826688] (-) TimerEvent: {}
[129.927277] (-) TimerEvent: {}
[130.027973] (-) TimerEvent: {}
[130.129703] (-) TimerEvent: {}
[130.230170] (-) TimerEvent: {}
[130.330681] (-) TimerEvent: {}
[130.431179] (-) TimerEvent: {}
[130.531659] (-) TimerEvent: {}
[130.632134] (-) TimerEvent: {}
[130.732661] (-) TimerEvent: {}
[130.833288] (-) TimerEvent: {}
[130.933719] (-) TimerEvent: {}
[131.034237] (-) TimerEvent: {}
[131.134820] (-) TimerEvent: {}
[131.235501] (-) TimerEvent: {}
[131.336301] (-) TimerEvent: {}
[131.436858] (-) TimerEvent: {}
[131.537364] (-) TimerEvent: {}
[131.561461] (booster_interface) StdoutLine: {'line': b'[ 85%] Built target booster_interface__py\n'}
[131.600399] (booster_interface) StdoutLine: {'line': b'[ 85%] \x1b[32mBuilding C object CMakeFiles/booster_interface__rosidl_generator_py.dir/rosidl_generator_py/booster_interface/msg/_booster_api_req_msg_s.c.o\x1b[0m\n'}
[131.638003] (-) TimerEvent: {}
[131.739159] (-) TimerEvent: {}
[131.831218] (booster_interface) StdoutLine: {'line': b'[ 86%] \x1b[32mBuilding C object CMakeFiles/booster_interface__rosidl_generator_py.dir/rosidl_generator_py/booster_interface/msg/_motor_cmd_s.c.o\x1b[0m\n'}
[131.840409] (-) TimerEvent: {}
[131.940944] (-) TimerEvent: {}
[132.041868] (-) TimerEvent: {}
[132.122683] (booster_interface) StdoutLine: {'line': b'[ 86%] \x1b[32mBuilding C object CMakeFiles/booster_interface__rosidl_generator_py.dir/rosidl_generator_py/booster_interface/msg/_low_cmd_s.c.o\x1b[0m\n'}
[132.142021] (-) TimerEvent: {}
[132.242542] (-) TimerEvent: {}
[132.300842] (booster_interface) StdoutLine: {'line': b'[ 87%] \x1b[32mBuilding C object CMakeFiles/booster_interface__rosidl_generator_py.dir/rosidl_generator_py/booster_interface/msg/_imu_state_s.c.o\x1b[0m\n'}
[132.342665] (-) TimerEvent: {}
[132.443133] (-) TimerEvent: {}
[132.490586] (booster_interface) StdoutLine: {'line': b'[ 87%] \x1b[32mBuilding C object CMakeFiles/booster_interface__rosidl_generator_py.dir/rosidl_generator_py/booster_interface/msg/_low_state_s.c.o\x1b[0m\n'}
[132.543313] (-) TimerEvent: {}
[132.643938] (-) TimerEvent: {}
[132.701280] (booster_interface) StdoutLine: {'line': b'[ 88%] \x1b[32mBuilding C object CMakeFiles/booster_interface__rosidl_generator_py.dir/rosidl_generator_py/booster_interface/msg/_raw_bytes_msg_s.c.o\x1b[0m\n'}
[132.744085] (-) TimerEvent: {}
[132.844643] (-) TimerEvent: {}
[132.945321] (-) TimerEvent: {}
[132.994759] (booster_interface) StdoutLine: {'line': b'[ 89%] \x1b[32mBuilding C object CMakeFiles/booster_interface__rosidl_generator_py.dir/rosidl_generator_py/booster_interface/msg/_raw_bytes_stamped_s.c.o\x1b[0m\n'}
[133.045517] (-) TimerEvent: {}
[133.146547] (-) TimerEvent: {}
[133.205825] (booster_interface) StdoutLine: {'line': b'[ 89%] \x1b[32mBuilding C object CMakeFiles/booster_interface__rosidl_generator_py.dir/rosidl_generator_py/booster_interface/msg/_odometer_s.c.o\x1b[0m\n'}
[133.246698] (-) TimerEvent: {}
[133.347234] (-) TimerEvent: {}
[133.447802] (-) TimerEvent: {}
[133.450457] (booster_interface) StdoutLine: {'line': b'[ 90%] \x1b[32mBuilding C object CMakeFiles/booster_interface__rosidl_generator_py.dir/rosidl_generator_py/booster_interface/msg/_fall_down_state_s.c.o\x1b[0m\n'}
[133.548313] (-) TimerEvent: {}
[133.623756] (booster_interface) StdoutLine: {'line': b'[ 90%] \x1b[32mBuilding C object CMakeFiles/booster_interface__rosidl_generator_py.dir/rosidl_generator_py/booster_interface/msg/_remote_controller_state_s.c.o\x1b[0m\n'}
[133.648466] (-) TimerEvent: {}
[133.749068] (-) TimerEvent: {}
[133.849750] (-) TimerEvent: {}
[133.917556] (booster_interface) StdoutLine: {'line': b'[ 91%] \x1b[32mBuilding C object CMakeFiles/booster_interface__rosidl_generator_py.dir/rosidl_generator_py/booster_interface/msg/_hand_command_s.c.o\x1b[0m\n'}
[133.949966] (-) TimerEvent: {}
[134.050647] (-) TimerEvent: {}
[134.151128] (-) TimerEvent: {}
[134.251627] (-) TimerEvent: {}
[134.257278] (booster_interface) StdoutLine: {'line': b'[ 92%] \x1b[32mBuilding C object CMakeFiles/booster_interface__rosidl_generator_py.dir/rosidl_generator_py/booster_interface/msg/_hand_dds_msg_s.c.o\x1b[0m\n'}
[134.351782] (-) TimerEvent: {}
[134.452642] (-) TimerEvent: {}
[134.461591] (booster_interface) StdoutLine: {'line': b'[ 92%] \x1b[32mBuilding C object CMakeFiles/booster_interface__rosidl_generator_py.dir/rosidl_generator_py/booster_interface/msg/_hand_param_s.c.o\x1b[0m\n'}
[134.552783] (-) TimerEvent: {}
[134.653354] (-) TimerEvent: {}
[134.711465] (booster_interface) StdoutLine: {'line': b'[ 93%] \x1b[32mBuilding C object CMakeFiles/booster_interface__rosidl_generator_py.dir/rosidl_generator_py/booster_interface/srv/_rpc_service_s.c.o\x1b[0m\n'}
[134.753501] (-) TimerEvent: {}
[134.854019] (-) TimerEvent: {}
[134.954828] (-) TimerEvent: {}
[134.965273] (booster_interface) StdoutLine: {'line': b'[ 93%] \x1b[32mBuilding C object CMakeFiles/booster_interface__rosidl_generator_py.dir/rosidl_generator_py/booster_interface/srv/_agent_service_s.c.o\x1b[0m\n'}
[135.054964] (-) TimerEvent: {}
[135.155464] (-) TimerEvent: {}
[135.232272] (booster_interface) StdoutLine: {'line': b'[ 94%] \x1b[32mBuilding C object CMakeFiles/booster_interface__rosidl_generator_py.dir/rosidl_generator_py/booster_interface/msg/_motor_state_s.c.o\x1b[0m\n'}
[135.255652] (-) TimerEvent: {}
[135.356150] (-) TimerEvent: {}
[135.424427] (booster_interface) StdoutLine: {'line': b'[ 94%] \x1b[32mBuilding C object CMakeFiles/booster_interface__rosidl_generator_py.dir/rosidl_generator_py/booster_interface/msg/_button_event_msg_s.c.o\x1b[0m\n'}
[135.456332] (-) TimerEvent: {}
[135.556879] (-) TimerEvent: {}
[135.600835] (booster_interface) StdoutLine: {'line': b'[ 95%] \x1b[32mBuilding C object CMakeFiles/booster_interface__rosidl_generator_py.dir/rosidl_generator_py/booster_interface/msg/_booster_api_resp_msg_s.c.o\x1b[0m\n'}
[135.657025] (-) TimerEvent: {}
[135.757535] (-) TimerEvent: {}
[135.768499] (booster_interface) StdoutLine: {'line': b'[ 96%] \x1b[32m\x1b[1mLinking C shared library rosidl_generator_py/booster_interface/libbooster_interface__rosidl_generator_py.so\x1b[0m\n'}
[135.853201] (booster_interface) StdoutLine: {'line': b'[ 96%] Built target booster_interface__rosidl_generator_py\n'}
[135.857681] (-) TimerEvent: {}
[135.889124] (booster_interface) StdoutLine: {'line': b'[ 97%] \x1b[32mBuilding C object CMakeFiles/booster_interface__rosidl_typesupport_fastrtps_c__pyext.dir/rosidl_generator_py/booster_interface/_booster_interface_s.ep.rosidl_typesupport_fastrtps_c.c.o\x1b[0m\n'}
[135.957831] (-) TimerEvent: {}
[136.058362] (-) TimerEvent: {}
[136.157043] (booster_interface) StdoutLine: {'line': b'[ 97%] \x1b[32m\x1b[1mLinking C shared library rosidl_generator_py/booster_interface/booster_interface_s__rosidl_typesupport_fastrtps_c.cpython-310-aarch64-linux-gnu.so\x1b[0m\n'}
[136.158436] (-) TimerEvent: {}
[136.225061] (booster_interface) StdoutLine: {'line': b'[ 97%] Built target booster_interface__rosidl_typesupport_fastrtps_c__pyext\n'}
[136.258654] (-) TimerEvent: {}
[136.289001] (booster_interface) StdoutLine: {'line': b'[ 98%] \x1b[32mBuilding C object CMakeFiles/booster_interface__rosidl_typesupport_c__pyext.dir/rosidl_generator_py/booster_interface/_booster_interface_s.ep.rosidl_typesupport_c.c.o\x1b[0m\n'}
[136.358832] (-) TimerEvent: {}
[136.459924] (-) TimerEvent: {}
[136.560984] (-) TimerEvent: {}
[136.609197] (booster_interface) StdoutLine: {'line': b'[ 98%] \x1b[32m\x1b[1mLinking C shared library rosidl_generator_py/booster_interface/booster_interface_s__rosidl_typesupport_c.cpython-310-aarch64-linux-gnu.so\x1b[0m\n'}
[136.661110] (-) TimerEvent: {}
[136.701312] (booster_interface) StdoutLine: {'line': b'[ 98%] Built target booster_interface__rosidl_typesupport_c__pyext\n'}
[136.749855] (booster_interface) StdoutLine: {'line': b'[ 99%] \x1b[32mBuilding C object CMakeFiles/booster_interface__rosidl_typesupport_introspection_c__pyext.dir/rosidl_generator_py/booster_interface/_booster_interface_s.ep.rosidl_typesupport_introspection_c.c.o\x1b[0m\n'}
[136.761275] (-) TimerEvent: {}
[136.861771] (-) TimerEvent: {}
[136.962804] (-) TimerEvent: {}
[137.063307] (-) TimerEvent: {}
[137.114340] (booster_interface) StdoutLine: {'line': b'[100%] \x1b[32m\x1b[1mLinking C shared library rosidl_generator_py/booster_interface/booster_interface_s__rosidl_typesupport_introspection_c.cpython-310-aarch64-linux-gnu.so\x1b[0m\n'}
[137.163462] (-) TimerEvent: {}
[137.210665] (booster_interface) StdoutLine: {'line': b'[100%] Built target booster_interface__rosidl_typesupport_introspection_c__pyext\n'}
[137.235958] (booster_interface) CommandEnded: {'returncode': 0}
[137.239472] (booster_interface) JobProgress: {'identifier': 'booster_interface', 'progress': 'install'}
[137.239612] (booster_interface) Command: {'cmd': ['/usr/bin/cmake', '--install', '/home/booster/Workspace/Booster_T1_3v3_Demo/src/build/booster_interface'], 'cwd': '/home/booster/Workspace/Booster_T1_3v3_Demo/src/build/booster_interface', 'env': OrderedDict([('LESSOPEN', '| /usr/bin/lesspipe %s'), ('USER', 'booster'), ('SSH_CLIENT', '10.10.144.134 51037 22'), ('XDG_SESSION_TYPE', 'tty'), ('GIT_ASKPASS', '/home/booster/.cursor-server/bin/25412918da7e74b2686b25d62da1f01cfcd27680/extensions/git/dist/askpass.sh'), ('SHLVL', '1'), ('LD_LIBRARY_PATH', '/opt/ros/humble/opt/rviz_ogre_vendor/lib:/opt/ros/humble/lib/aarch64-linux-gnu:/opt/ros/humble/lib:/usr/local/cuda/lib64:'), ('BROWSER', '/home/booster/.cursor-server/bin/25412918da7e74b2686b25d62da1f01cfcd27680/bin/helpers/browser.sh'), ('MOTD_SHOWN', 'pam'), ('HOME', '/home/booster'), ('OLDPWD', '/home/booster/Workspace/Booster_T1_3v3_Demo'), ('TERM_PROGRAM_VERSION', '2.0.64'), ('VSCODE_IPC_HOOK_CLI', '/run/user/1000/vscode-ipc-f7ed2610-5b6c-48c9-89fc-6c8784f58529.sock'), ('JETSON_L4T', '36.4.3'), ('ROS_PYTHON_VERSION', '3'), ('JETSON_MODEL', 'Booster T1 AGX Orin V2.1'), ('VSCODE_GIT_ASKPASS_MAIN', '/home/booster/.cursor-server/bin/25412918da7e74b2686b25d62da1f01cfcd27680/extensions/git/dist/askpass-main.js'), ('VSCODE_GIT_ASKPASS_NODE', '/home/booster/.cursor-server/bin/25412918da7e74b2686b25d62da1f01cfcd27680/node'), ('DBUS_SESSION_BUS_ADDRESS', 'unix:path=/run/user/1000/bus'), ('COLORTERM', 'truecolor'), ('ROS_DISTRO', 'humble'), ('LOGNAME', 'booster'), ('JETSON_MODULE', 'NVIDIA Jetson AGX Orin (32GB ram)'), ('JETSON_SERIAL_NUMBER', '1421225046990'), ('_', '/usr/bin/colcon'), ('ROS_VERSION', '2'), ('XDG_SESSION_CLASS', 'user'), ('TERM', 'xterm-256color'), ('XDG_SESSION_ID', '7'), ('ROS_LOCALHOST_ONLY', '0'), ('PATH', '/opt/ros/humble/bin:/usr/local/cuda/bin:/usr/local/sbin:/usr/local/bin:/usr/sbin:/usr/bin:/sbin:/bin:/snap/bin'), ('FASTRTPS_DEFAULT_PROFILES_FILE', '/opt/booster/BoosterRos2/fastdds_profile.xml'), ('CUDA_ROOT', '/usr/local/cuda'), ('XDG_RUNTIME_DIR', '/run/user/1000'), ('LANG', 'en_US.UTF-8'), ('LS_COLORS', 'rs=0:di=01;34:ln=01;36:mh=00:pi=40;33:so=01;35:do=01;35:bd=40;33;01:cd=40;33;01:or=40;31;01:mi=00:su=37;41:sg=30;43:ca=30;41:tw=30;42:ow=34;42:st=37;44:ex=01;32:*.tar=01;31:*.tgz=01;31:*.arc=01;31:*.arj=01;31:*.taz=01;31:*.lha=01;31:*.lz4=01;31:*.lzh=01;31:*.lzma=01;31:*.tlz=01;31:*.txz=01;31:*.tzo=01;31:*.t7z=01;31:*.zip=01;31:*.z=01;31:*.dz=01;31:*.gz=01;31:*.lrz=01;31:*.lz=01;31:*.lzo=01;31:*.xz=01;31:*.zst=01;31:*.tzst=01;31:*.bz2=01;31:*.bz=01;31:*.tbz=01;31:*.tbz2=01;31:*.tz=01;31:*.deb=01;31:*.rpm=01;31:*.jar=01;31:*.war=01;31:*.ear=01;31:*.sar=01;31:*.rar=01;31:*.alz=01;31:*.ace=01;31:*.zoo=01;31:*.cpio=01;31:*.7z=01;31:*.rz=01;31:*.cab=01;31:*.wim=01;31:*.swm=01;31:*.dwm=01;31:*.esd=01;31:*.jpg=01;35:*.jpeg=01;35:*.mjpg=01;35:*.mjpeg=01;35:*.gif=01;35:*.bmp=01;35:*.pbm=01;35:*.pgm=01;35:*.ppm=01;35:*.tga=01;35:*.xbm=01;35:*.xpm=01;35:*.tif=01;35:*.tiff=01;35:*.png=01;35:*.svg=01;35:*.svgz=01;35:*.mng=01;35:*.pcx=01;35:*.mov=01;35:*.mpg=01;35:*.mpeg=01;35:*.m2v=01;35:*.mkv=01;35:*.webm=01;35:*.webp=01;35:*.ogm=01;35:*.mp4=01;35:*.m4v=01;35:*.mp4v=01;35:*.vob=01;35:*.qt=01;35:*.nuv=01;35:*.wmv=01;35:*.asf=01;35:*.rm=01;35:*.rmvb=01;35:*.flc=01;35:*.avi=01;35:*.fli=01;35:*.flv=01;35:*.gl=01;35:*.dl=01;35:*.xcf=01;35:*.xwd=01;35:*.yuv=01;35:*.cgm=01;35:*.emf=01;35:*.ogv=01;35:*.ogx=01;35:*.aac=00;36:*.au=00;36:*.flac=00;36:*.m4a=00;36:*.mid=00;36:*.midi=00;36:*.mka=00;36:*.mp3=00;36:*.mpc=00;36:*.ogg=00;36:*.ra=00;36:*.wav=00;36:*.oga=00;36:*.opus=00;36:*.spx=00;36:*.xspf=00;36:'), ('JETSON_SOC', 'tegra234'), ('VSCODE_GIT_IPC_HANDLE', '/run/user/1000/vscode-git-d36fc8e34d.sock'), ('TERM_PROGRAM', 'vscode'), ('AMENT_PREFIX_PATH', '/opt/ros/humble'), ('SHELL', '/bin/bash'), ('LESSCLOSE', '/usr/bin/lesspipe %s %s'), ('VSCODE_GIT_ASKPASS_EXTRA_ARGS', ''), ('JETSON_CUDA_ARCH_BIN', '8.7'), ('PWD', '/home/booster/Workspace/Booster_T1_3v3_Demo/src/build/booster_interface'), ('SSH_CONNECTION', '10.10.144.134 51037 10.10.144.147 22'), ('XDG_DATA_DIRS', '/usr/share/gnome:/usr/local/share:/usr/share:/var/lib/snapd/desktop'), ('PYTHONPATH', '/opt/ros/humble/lib/python3.10/site-packages:/opt/ros/humble/local/lib/python3.10/dist-packages'), ('COLCON', '1'), ('JETSON_JETPACK', '6.2'), ('JETSON_P_NUMBER', 'p3701-0004'), ('CMAKE_PREFIX_PATH', '/opt/ros/humble')]), 'shell': False}
[137.263638] (-) TimerEvent: {}
[137.269399] (booster_interface) StdoutLine: {'line': b'-- Install configuration: ""\n'}
[137.272864] (booster_interface) StdoutLine: {'line': b'-- Installing: /home/booster/Workspace/Booster_T1_3v3_Demo/src/install/booster_interface/share/ament_index/resource_index/rosidl_interfaces/booster_interface\n'}
[137.276453] (booster_interface) StdoutLine: {'line': b'-- Installing: /home/booster/Workspace/Booster_T1_3v3_Demo/src/install/booster_interface/include/booster_interface/booster_interface\n'}
[137.276640] (booster_interface) StdoutLine: {'line': b'-- Installing: /home/booster/Workspace/Booster_T1_3v3_Demo/src/install/booster_interface/include/booster_interface/booster_interface/srv\n'}
[137.276745] (booster_interface) StdoutLine: {'line': b'-- Installing: /home/booster/Workspace/Booster_T1_3v3_Demo/src/install/booster_interface/include/booster_interface/booster_interface/srv/agent_service.h\n'}
[137.276858] (booster_interface) StdoutLine: {'line': b'-- Installing: /home/booster/Workspace/Booster_T1_3v3_Demo/src/install/booster_interface/include/booster_interface/booster_interface/srv/detail\n'}
[137.276978] (booster_interface) StdoutLine: {'line': b'-- Installing: /home/booster/Workspace/Booster_T1_3v3_Demo/src/install/booster_interface/include/booster_interface/booster_interface/srv/detail/agent_service__functions.c\n'}
[137.277079] (booster_interface) StdoutLine: {'line': b'-- Installing: /home/booster/Workspace/Booster_T1_3v3_Demo/src/install/booster_interface/include/booster_interface/booster_interface/srv/detail/rpc_service__type_support.h\n'}
[137.277165] (booster_interface) StdoutLine: {'line': b'-- Installing: /home/booster/Workspace/Booster_T1_3v3_Demo/src/install/booster_interface/include/booster_interface/booster_interface/srv/detail/agent_service__type_support.h\n'}
[137.277248] (booster_interface) StdoutLine: {'line': b'-- Installing: /home/booster/Workspace/Booster_T1_3v3_Demo/src/install/booster_interface/include/booster_interface/booster_interface/srv/detail/rpc_service__functions.h\n'}
[137.277330] (booster_interface) StdoutLine: {'line': b'-- Installing: /home/booster/Workspace/Booster_T1_3v3_Demo/src/install/booster_interface/include/booster_interface/booster_interface/srv/detail/agent_service__functions.h\n'}
[137.282003] (booster_interface) StdoutLine: {'line': b'-- Installing: /home/booster/Workspace/Booster_T1_3v3_Demo/src/install/booster_interface/include/booster_interface/booster_interface/srv/detail/rpc_service__struct.h\n'}
[137.282450] (booster_interface) StdoutLine: {'line': b'-- Installing: /home/booster/Workspace/Booster_T1_3v3_Demo/src/install/booster_interface/include/booster_interface/booster_interface/srv/detail/rpc_service__functions.c\n'}
[137.283832] (booster_interface) StdoutLine: {'line': b'-- Installing: /home/booster/Workspace/Booster_T1_3v3_Demo/src/install/booster_interface/include/booster_interface/booster_interface/srv/detail/agent_service__struct.h\n'}
[137.284917] (booster_interface) StdoutLine: {'line': b'-- Installing: /home/booster/Workspace/Booster_T1_3v3_Demo/src/install/booster_interface/include/booster_interface/booster_interface/srv/rpc_service.h\n'}
[137.285537] (booster_interface) StdoutLine: {'line': b'-- Installing: /home/booster/Workspace/Booster_T1_3v3_Demo/src/install/booster_interface/include/booster_interface/booster_interface/msg\n'}
[137.287203] (booster_interface) StdoutLine: {'line': b'-- Installing: /home/booster/Workspace/Booster_T1_3v3_Demo/src/install/booster_interface/include/booster_interface/booster_interface/msg/raw_bytes_stamped.h\n'}
[137.288527] (booster_interface) StdoutLine: {'line': b'-- Installing: /home/booster/Workspace/Booster_T1_3v3_Demo/src/install/booster_interface/include/booster_interface/booster_interface/msg/odometer.h\n'}
[137.288697] (booster_interface) StdoutLine: {'line': b'-- Installing: /home/booster/Workspace/Booster_T1_3v3_Demo/src/install/booster_interface/include/booster_interface/booster_interface/msg/hand_dds_msg.h\n'}
[137.288819] (booster_interface) StdoutLine: {'line': b'-- Installing: /home/booster/Workspace/Booster_T1_3v3_Demo/src/install/booster_interface/include/booster_interface/booster_interface/msg/button_event_msg.h\n'}
[137.288917] (booster_interface) StdoutLine: {'line': b'-- Installing: /home/booster/Workspace/Booster_T1_3v3_Demo/src/install/booster_interface/include/booster_interface/booster_interface/msg/imu_state.h\n'}
[137.289006] (booster_interface) StdoutLine: {'line': b'-- Installing: /home/booster/Workspace/Booster_T1_3v3_Demo/src/install/booster_interface/include/booster_interface/booster_interface/msg/rosidl_generator_c__visibility_control.h\n'}
[137.289094] (booster_interface) StdoutLine: {'line': b'-- Installing: /home/booster/Workspace/Booster_T1_3v3_Demo/src/install/booster_interface/include/booster_interface/booster_interface/msg/hand_command.h\n'}
[137.289178] (booster_interface) StdoutLine: {'line': b'-- Installing: /home/booster/Workspace/Booster_T1_3v3_Demo/src/install/booster_interface/include/booster_interface/booster_interface/msg/detail\n'}
[137.289327] (booster_interface) StdoutLine: {'line': b'-- Installing: /home/booster/Workspace/Booster_T1_3v3_Demo/src/install/booster_interface/include/booster_interface/booster_interface/msg/detail/button_event_msg__functions.c\n'}
[137.291654] (booster_interface) StdoutLine: {'line': b'-- Installing: /home/booster/Workspace/Booster_T1_3v3_Demo/src/install/booster_interface/include/booster_interface/booster_interface/msg/detail/motor_state__struct.h\n'}
[137.292032] (booster_interface) StdoutLine: {'line': b'-- Installing: /home/booster/Workspace/Booster_T1_3v3_Demo/src/install/booster_interface/include/booster_interface/booster_interface/msg/detail/hand_command__functions.c\n'}
[137.292423] (booster_interface) StdoutLine: {'line': b'-- Installing: /home/booster/Workspace/Booster_T1_3v3_Demo/src/install/booster_interface/include/booster_interface/booster_interface/msg/detail/hand_dds_msg__functions.h\n'}
[137.292594] (booster_interface) StdoutLine: {'line': b'-- Installing: /home/booster/Workspace/Booster_T1_3v3_Demo/src/install/booster_interface/include/booster_interface/booster_interface/msg/detail/hand_param__type_support.h\n'}
[137.292713] (booster_interface) StdoutLine: {'line': b'-- Installing: /home/booster/Workspace/Booster_T1_3v3_Demo/src/install/booster_interface/include/booster_interface/booster_interface/msg/detail/fall_down_state__functions.c\n'}
[137.292835] (booster_interface) StdoutLine: {'line': b'-- Installing: /home/booster/Workspace/Booster_T1_3v3_Demo/src/install/booster_interface/include/booster_interface/booster_interface/msg/detail/motor_state__type_support.h\n'}
[137.294155] (booster_interface) StdoutLine: {'line': b'-- Installing: /home/booster/Workspace/Booster_T1_3v3_Demo/src/install/booster_interface/include/booster_interface/booster_interface/msg/detail/low_state__functions.h\n'}
[137.295101] (booster_interface) StdoutLine: {'line': b'-- Installing: /home/booster/Workspace/Booster_T1_3v3_Demo/src/install/booster_interface/include/booster_interface/booster_interface/msg/detail/odometer__type_support.h\n'}
[137.295283] (booster_interface) StdoutLine: {'line': b'-- Installing: /home/booster/Workspace/Booster_T1_3v3_Demo/src/install/booster_interface/include/booster_interface/booster_interface/msg/detail/hand_dds_msg__struct.h\n'}
[137.296663] (booster_interface) StdoutLine: {'line': b'-- Installing: /home/booster/Workspace/Booster_T1_3v3_Demo/src/install/booster_interface/include/booster_interface/booster_interface/msg/detail/booster_api_resp_msg__struct.h\n'}
[137.297746] (booster_interface) StdoutLine: {'line': b'-- Installing: /home/booster/Workspace/Booster_T1_3v3_Demo/src/install/booster_interface/include/booster_interface/booster_interface/msg/detail/low_cmd__functions.c\n'}
[137.297943] (booster_interface) StdoutLine: {'line': b'-- Installing: /home/booster/Workspace/Booster_T1_3v3_Demo/src/install/booster_interface/include/booster_interface/booster_interface/msg/detail/remote_controller_state__type_support.h\n'}
[137.299756] (booster_interface) StdoutLine: {'line': b'-- Installing: /home/booster/Workspace/Booster_T1_3v3_Demo/src/install/booster_interface/include/booster_interface/booster_interface/msg/detail/booster_api_req_msg__type_support.h\n'}
[137.300061] (booster_interface) StdoutLine: {'line': b'-- Installing: /home/booster/Workspace/Booster_T1_3v3_Demo/src/install/booster_interface/include/booster_interface/booster_interface/msg/detail/booster_api_resp_msg__functions.c\n'}
[137.300229] (booster_interface) StdoutLine: {'line': b'-- Installing: /home/booster/Workspace/Booster_T1_3v3_Demo/src/install/booster_interface/include/booster_interface/booster_interface/msg/detail/hand_param__struct.h\n'}
[137.300354] (booster_interface) StdoutLine: {'line': b'-- Installing: /home/booster/Workspace/Booster_T1_3v3_Demo/src/install/booster_interface/include/booster_interface/booster_interface/msg/detail/low_cmd__functions.h\n'}
[137.300466] (booster_interface) StdoutLine: {'line': b'-- Installing: /home/booster/Workspace/Booster_T1_3v3_Demo/src/install/booster_interface/include/booster_interface/booster_interface/msg/detail/raw_bytes_msg__struct.h\n'}
[137.300566] (booster_interface) StdoutLine: {'line': b'-- Installing: /home/booster/Workspace/Booster_T1_3v3_Demo/src/install/booster_interface/include/booster_interface/booster_interface/msg/detail/low_cmd__type_support.h\n'}
[137.300678] (booster_interface) StdoutLine: {'line': b'-- Installing: /home/booster/Workspace/Booster_T1_3v3_Demo/src/install/booster_interface/include/booster_interface/booster_interface/msg/detail/odometer__functions.h\n'}
[137.300783] (booster_interface) StdoutLine: {'line': b'-- Installing: /home/booster/Workspace/Booster_T1_3v3_Demo/src/install/booster_interface/include/booster_interface/booster_interface/msg/detail/booster_api_resp_msg__type_support.h\n'}
[137.300879] (booster_interface) StdoutLine: {'line': b'-- Installing: /home/booster/Workspace/Booster_T1_3v3_Demo/src/install/booster_interface/include/booster_interface/booster_interface/msg/detail/booster_api_req_msg__struct.h\n'}
[137.300963] (booster_interface) StdoutLine: {'line': b'-- Installing: /home/booster/Workspace/Booster_T1_3v3_Demo/src/install/booster_interface/include/booster_interface/booster_interface/msg/detail/low_cmd__struct.h\n'}
[137.301092] (booster_interface) StdoutLine: {'line': b'-- Installing: /home/booster/Workspace/Booster_T1_3v3_Demo/src/install/booster_interface/include/booster_interface/booster_interface/msg/detail/raw_bytes_msg__type_support.h\n'}
[137.301226] (booster_interface) StdoutLine: {'line': b'-- Installing: /home/booster/Workspace/Booster_T1_3v3_Demo/src/install/booster_interface/include/booster_interface/booster_interface/msg/detail/low_state__type_support.h\n'}
[137.301317] (booster_interface) StdoutLine: {'line': b'-- Installing: /home/booster/Workspace/Booster_T1_3v3_Demo/src/install/booster_interface/include/booster_interface/booster_interface/msg/detail/fall_down_state__functions.h\n'}
[137.301459] (booster_interface) StdoutLine: {'line': b'-- Installing: /home/booster/Workspace/Booster_T1_3v3_Demo/src/install/booster_interface/include/booster_interface/booster_interface/msg/detail/raw_bytes_stamped__struct.h\n'}
[137.301575] (booster_interface) StdoutLine: {'line': b'-- Installing: /home/booster/Workspace/Booster_T1_3v3_Demo/src/install/booster_interface/include/booster_interface/booster_interface/msg/detail/hand_dds_msg__functions.c\n'}
[137.301716] (booster_interface) StdoutLine: {'line': b'-- Installing: /home/booster/Workspace/Booster_T1_3v3_Demo/src/install/booster_interface/include/booster_interface/booster_interface/msg/detail/hand_command__type_support.h\n'}
[137.301802] (booster_interface) StdoutLine: {'line': b'-- Installing: /home/booster/Workspace/Booster_T1_3v3_Demo/src/install/booster_interface/include/booster_interface/booster_interface/msg/detail/button_event_msg__functions.h\n'}
[137.301895] (booster_interface) StdoutLine: {'line': b'-- Installing: /home/booster/Workspace/Booster_T1_3v3_Demo/src/install/booster_interface/include/booster_interface/booster_interface/msg/detail/raw_bytes_stamped__functions.c\n'}
[137.301988] (booster_interface) StdoutLine: {'line': b'-- Installing: /home/booster/Workspace/Booster_T1_3v3_Demo/src/install/booster_interface/include/booster_interface/booster_interface/msg/detail/motor_cmd__struct.h\n'}
[137.302117] (booster_interface) StdoutLine: {'line': b'-- Installing: /home/booster/Workspace/Booster_T1_3v3_Demo/src/install/booster_interface/include/booster_interface/booster_interface/msg/detail/fall_down_state__struct.h\n'}
[137.302232] (booster_interface) StdoutLine: {'line': b'-- Installing: /home/booster/Workspace/Booster_T1_3v3_Demo/src/install/booster_interface/include/booster_interface/booster_interface/msg/detail/imu_state__type_support.h\n'}
[137.302331] (booster_interface) StdoutLine: {'line': b'-- Installing: /home/booster/Workspace/Booster_T1_3v3_Demo/src/install/booster_interface/include/booster_interface/booster_interface/msg/detail/imu_state__functions.c\n'}
[137.302441] (booster_interface) StdoutLine: {'line': b'-- Installing: /home/booster/Workspace/Booster_T1_3v3_Demo/src/install/booster_interface/include/booster_interface/booster_interface/msg/detail/booster_api_req_msg__functions.c\n'}
[137.302559] (booster_interface) StdoutLine: {'line': b'-- Installing: /home/booster/Workspace/Booster_T1_3v3_Demo/src/install/booster_interface/include/booster_interface/booster_interface/msg/detail/remote_controller_state__functions.c\n'}
[137.302642] (booster_interface) StdoutLine: {'line': b'-- Installing: /home/booster/Workspace/Booster_T1_3v3_Demo/src/install/booster_interface/include/booster_interface/booster_interface/msg/detail/button_event_msg__struct.h\n'}
[137.302722] (booster_interface) StdoutLine: {'line': b'-- Installing: /home/booster/Workspace/Booster_T1_3v3_Demo/src/install/booster_interface/include/booster_interface/booster_interface/msg/detail/booster_api_resp_msg__functions.h\n'}
[137.302802] (booster_interface) StdoutLine: {'line': b'-- Installing: /home/booster/Workspace/Booster_T1_3v3_Demo/src/install/booster_interface/include/booster_interface/booster_interface/msg/detail/hand_param__functions.c\n'}
[137.302880] (booster_interface) StdoutLine: {'line': b'-- Installing: /home/booster/Workspace/Booster_T1_3v3_Demo/src/install/booster_interface/include/booster_interface/booster_interface/msg/detail/hand_command__functions.h\n'}
[137.303149] (booster_interface) StdoutLine: {'line': b'-- Installing: /home/booster/Workspace/Booster_T1_3v3_Demo/src/install/booster_interface/include/booster_interface/booster_interface/msg/detail/low_state__struct.h\n'}
[137.303286] (booster_interface) StdoutLine: {'line': b'-- Installing: /home/booster/Workspace/Booster_T1_3v3_Demo/src/install/booster_interface/include/booster_interface/booster_interface/msg/detail/fall_down_state__type_support.h\n'}
[137.303376] (booster_interface) StdoutLine: {'line': b'-- Installing: /home/booster/Workspace/Booster_T1_3v3_Demo/src/install/booster_interface/include/booster_interface/booster_interface/msg/detail/remote_controller_state__struct.h\n'}
[137.303586] (booster_interface) StdoutLine: {'line': b'-- Installing: /home/booster/Workspace/Booster_T1_3v3_Demo/src/install/booster_interface/include/booster_interface/booster_interface/msg/detail/booster_api_req_msg__functions.h\n'}
[137.303744] (booster_interface) StdoutLine: {'line': b'-- Installing: /home/booster/Workspace/Booster_T1_3v3_Demo/src/install/booster_interface/include/booster_interface/booster_interface/msg/detail/motor_cmd__functions.c\n'}
[137.303911] (booster_interface) StdoutLine: {'line': b'-- Installing: /home/booster/Workspace/Booster_T1_3v3_Demo/src/install/booster_interface/include/booster_interface/booster_interface/msg/detail/motor_cmd__functions.h\n'}
[137.304079] (booster_interface) StdoutLine: {'line': b'-- Installing: /home/booster/Workspace/Booster_T1_3v3_Demo/src/install/booster_interface/include/booster_interface/booster_interface/msg/detail/remote_controller_state__functions.h\n'}
[137.304265] (booster_interface) StdoutLine: {'line': b'-- Installing: /home/booster/Workspace/Booster_T1_3v3_Demo/src/install/booster_interface/include/booster_interface/booster_interface/msg/detail/hand_dds_msg__type_support.h\n'}
[137.304403] (booster_interface) StdoutLine: {'line': b'-- Installing: /home/booster/Workspace/Booster_T1_3v3_Demo/src/install/booster_interface/include/booster_interface/booster_interface/msg/detail/imu_state__functions.h\n'}
[137.304510] (booster_interface) StdoutLine: {'line': b'-- Installing: /home/booster/Workspace/Booster_T1_3v3_Demo/src/install/booster_interface/include/booster_interface/booster_interface/msg/detail/raw_bytes_stamped__type_support.h\n'}
[137.304623] (booster_interface) StdoutLine: {'line': b'-- Installing: /home/booster/Workspace/Booster_T1_3v3_Demo/src/install/booster_interface/include/booster_interface/booster_interface/msg/detail/motor_state__functions.h\n'}
[137.304782] (booster_interface) StdoutLine: {'line': b'-- Installing: /home/booster/Workspace/Booster_T1_3v3_Demo/src/install/booster_interface/include/booster_interface/booster_interface/msg/detail/odometer__functions.c\n'}
[137.304876] (booster_interface) StdoutLine: {'line': b'-- Installing: /home/booster/Workspace/Booster_T1_3v3_Demo/src/install/booster_interface/include/booster_interface/booster_interface/msg/detail/motor_cmd__type_support.h\n'}
[137.304983] (booster_interface) StdoutLine: {'line': b'-- Installing: /home/booster/Workspace/Booster_T1_3v3_Demo/src/install/booster_interface/include/booster_interface/booster_interface/msg/detail/raw_bytes_stamped__functions.h\n'}
[137.305086] (booster_interface) StdoutLine: {'line': b'-- Installing: /home/booster/Workspace/Booster_T1_3v3_Demo/src/install/booster_interface/include/booster_interface/booster_interface/msg/detail/odometer__struct.h\n'}
[137.305168] (booster_interface) StdoutLine: {'line': b'-- Installing: /home/booster/Workspace/Booster_T1_3v3_Demo/src/install/booster_interface/include/booster_interface/booster_interface/msg/detail/hand_param__functions.h\n'}
[137.305248] (booster_interface) StdoutLine: {'line': b'-- Installing: /home/booster/Workspace/Booster_T1_3v3_Demo/src/install/booster_interface/include/booster_interface/booster_interface/msg/detail/low_state__functions.c\n'}
[137.305346] (booster_interface) StdoutLine: {'line': b'-- Installing: /home/booster/Workspace/Booster_T1_3v3_Demo/src/install/booster_interface/include/booster_interface/booster_interface/msg/detail/hand_command__struct.h\n'}
[137.305508] (booster_interface) StdoutLine: {'line': b'-- Installing: /home/booster/Workspace/Booster_T1_3v3_Demo/src/install/booster_interface/include/booster_interface/booster_interface/msg/detail/raw_bytes_msg__functions.h\n'}
[137.305636] (booster_interface) StdoutLine: {'line': b'-- Installing: /home/booster/Workspace/Booster_T1_3v3_Demo/src/install/booster_interface/include/booster_interface/booster_interface/msg/detail/motor_state__functions.c\n'}
[137.305770] (booster_interface) StdoutLine: {'line': b'-- Installing: /home/booster/Workspace/Booster_T1_3v3_Demo/src/install/booster_interface/include/booster_interface/booster_interface/msg/detail/raw_bytes_msg__functions.c\n'}
[137.305873] (booster_interface) StdoutLine: {'line': b'-- Installing: /home/booster/Workspace/Booster_T1_3v3_Demo/src/install/booster_interface/include/booster_interface/booster_interface/msg/detail/imu_state__struct.h\n'}
[137.306042] (booster_interface) StdoutLine: {'line': b'-- Installing: /home/booster/Workspace/Booster_T1_3v3_Demo/src/install/booster_interface/include/booster_interface/booster_interface/msg/detail/button_event_msg__type_support.h\n'}
[137.306254] (booster_interface) StdoutLine: {'line': b'-- Installing: /home/booster/Workspace/Booster_T1_3v3_Demo/src/install/booster_interface/include/booster_interface/booster_interface/msg/low_state.h\n'}
[137.306388] (booster_interface) StdoutLine: {'line': b'-- Installing: /home/booster/Workspace/Booster_T1_3v3_Demo/src/install/booster_interface/include/booster_interface/booster_interface/msg/hand_param.h\n'}
[137.309144] (booster_interface) StdoutLine: {'line': b'-- Installing: /home/booster/Workspace/Booster_T1_3v3_Demo/src/install/booster_interface/include/booster_interface/booster_interface/msg/motor_cmd.h\n'}
[137.309284] (booster_interface) StdoutLine: {'line': b'-- Installing: /home/booster/Workspace/Booster_T1_3v3_Demo/src/install/booster_interface/include/booster_interface/booster_interface/msg/remote_controller_state.h\n'}
[137.309855] (booster_interface) StdoutLine: {'line': b'-- Installing: /home/booster/Workspace/Booster_T1_3v3_Demo/src/install/booster_interface/include/booster_interface/booster_interface/msg/fall_down_state.h\n'}
[137.310300] (booster_interface) StdoutLine: {'line': b'-- Installing: /home/booster/Workspace/Booster_T1_3v3_Demo/src/install/booster_interface/include/booster_interface/booster_interface/msg/raw_bytes_msg.h\n'}
[137.310594] (booster_interface) StdoutLine: {'line': b'-- Installing: /home/booster/Workspace/Booster_T1_3v3_Demo/src/install/booster_interface/include/booster_interface/booster_interface/msg/booster_api_req_msg.h\n'}
[137.310702] (booster_interface) StdoutLine: {'line': b'-- Installing: /home/booster/Workspace/Booster_T1_3v3_Demo/src/install/booster_interface/include/booster_interface/booster_interface/msg/booster_api_resp_msg.h\n'}
[137.310824] (booster_interface) StdoutLine: {'line': b'-- Installing: /home/booster/Workspace/Booster_T1_3v3_Demo/src/install/booster_interface/include/booster_interface/booster_interface/msg/low_cmd.h\n'}
[137.310945] (booster_interface) StdoutLine: {'line': b'-- Installing: /home/booster/Workspace/Booster_T1_3v3_Demo/src/install/booster_interface/include/booster_interface/booster_interface/msg/motor_state.h\n'}
[137.311034] (booster_interface) StdoutLine: {'line': b'-- Installing: /home/booster/Workspace/Booster_T1_3v3_Demo/src/install/booster_interface/share/booster_interface/environment/library_path.sh\n'}
[137.311121] (booster_interface) StdoutLine: {'line': b'-- Installing: /home/booster/Workspace/Booster_T1_3v3_Demo/src/install/booster_interface/share/booster_interface/environment/library_path.dsv\n'}
[137.311203] (booster_interface) StdoutLine: {'line': b'-- Installing: /home/booster/Workspace/Booster_T1_3v3_Demo/src/install/booster_interface/lib/libbooster_interface__rosidl_generator_c.so\n'}
[137.311284] (booster_interface) StdoutLine: {'line': b'-- Set runtime path of "/home/booster/Workspace/Booster_T1_3v3_Demo/src/install/booster_interface/lib/libbooster_interface__rosidl_generator_c.so" to ""\n'}
[137.311371] (booster_interface) StdoutLine: {'line': b'-- Up-to-date: /home/booster/Workspace/Booster_T1_3v3_Demo/src/install/booster_interface/include/booster_interface/booster_interface\n'}
[137.311593] (booster_interface) StdoutLine: {'line': b'-- Up-to-date: /home/booster/Workspace/Booster_T1_3v3_Demo/src/install/booster_interface/include/booster_interface/booster_interface/srv\n'}
[137.311741] (booster_interface) StdoutLine: {'line': b'-- Up-to-date: /home/booster/Workspace/Booster_T1_3v3_Demo/src/install/booster_interface/include/booster_interface/booster_interface/srv/detail\n'}
[137.311836] (booster_interface) StdoutLine: {'line': b'-- Installing: /home/booster/Workspace/Booster_T1_3v3_Demo/src/install/booster_interface/include/booster_interface/booster_interface/srv/detail/rpc_service__rosidl_typesupport_fastrtps_c.h\n'}
[137.311970] (booster_interface) StdoutLine: {'line': b'-- Installing: /home/booster/Workspace/Booster_T1_3v3_Demo/src/install/booster_interface/include/booster_interface/booster_interface/srv/detail/agent_service__rosidl_typesupport_fastrtps_c.h\n'}
[137.312314] (booster_interface) StdoutLine: {'line': b'-- Up-to-date: /home/booster/Workspace/Booster_T1_3v3_Demo/src/install/booster_interface/include/booster_interface/booster_interface/msg\n'}
[137.312846] (booster_interface) StdoutLine: {'line': b'-- Up-to-date: /home/booster/Workspace/Booster_T1_3v3_Demo/src/install/booster_interface/include/booster_interface/booster_interface/msg/detail\n'}
[137.312953] (booster_interface) StdoutLine: {'line': b'-- Installing: /home/booster/Workspace/Booster_T1_3v3_Demo/src/install/booster_interface/include/booster_interface/booster_interface/msg/detail/raw_bytes_msg__rosidl_typesupport_fastrtps_c.h\n'}
[137.313042] (booster_interface) StdoutLine: {'line': b'-- Installing: /home/booster/Workspace/Booster_T1_3v3_Demo/src/install/booster_interface/include/booster_interface/booster_interface/msg/detail/fall_down_state__rosidl_typesupport_fastrtps_c.h\n'}
[137.313125] (booster_interface) StdoutLine: {'line': b'-- Installing: /home/booster/Workspace/Booster_T1_3v3_Demo/src/install/booster_interface/include/booster_interface/booster_interface/msg/detail/imu_state__rosidl_typesupport_fastrtps_c.h\n'}
[137.313210] (booster_interface) StdoutLine: {'line': b'-- Installing: /home/booster/Workspace/Booster_T1_3v3_Demo/src/install/booster_interface/include/booster_interface/booster_interface/msg/detail/booster_api_req_msg__rosidl_typesupport_fastrtps_c.h\n'}
[137.313295] (booster_interface) StdoutLine: {'line': b'-- Installing: /home/booster/Workspace/Booster_T1_3v3_Demo/src/install/booster_interface/include/booster_interface/booster_interface/msg/detail/raw_bytes_stamped__rosidl_typesupport_fastrtps_c.h\n'}
[137.313378] (booster_interface) StdoutLine: {'line': b'-- Installing: /home/booster/Workspace/Booster_T1_3v3_Demo/src/install/booster_interface/include/booster_interface/booster_interface/msg/detail/hand_param__rosidl_typesupport_fastrtps_c.h\n'}
[137.314900] (booster_interface) StdoutLine: {'line': b'-- Installing: /home/booster/Workspace/Booster_T1_3v3_Demo/src/install/booster_interface/include/booster_interface/booster_interface/msg/detail/remote_controller_state__rosidl_typesupport_fastrtps_c.h\n'}
[137.315038] (booster_interface) StdoutLine: {'line': b'-- Installing: /home/booster/Workspace/Booster_T1_3v3_Demo/src/install/booster_interface/include/booster_interface/booster_interface/msg/detail/odometer__rosidl_typesupport_fastrtps_c.h\n'}
[137.315131] (booster_interface) StdoutLine: {'line': b'-- Installing: /home/booster/Workspace/Booster_T1_3v3_Demo/src/install/booster_interface/include/booster_interface/booster_interface/msg/detail/motor_cmd__rosidl_typesupport_fastrtps_c.h\n'}
[137.315216] (booster_interface) StdoutLine: {'line': b'-- Installing: /home/booster/Workspace/Booster_T1_3v3_Demo/src/install/booster_interface/include/booster_interface/booster_interface/msg/detail/low_state__rosidl_typesupport_fastrtps_c.h\n'}
[137.315309] (booster_interface) StdoutLine: {'line': b'-- Installing: /home/booster/Workspace/Booster_T1_3v3_Demo/src/install/booster_interface/include/booster_interface/booster_interface/msg/detail/hand_command__rosidl_typesupport_fastrtps_c.h\n'}
[137.315394] (booster_interface) StdoutLine: {'line': b'-- Installing: /home/booster/Workspace/Booster_T1_3v3_Demo/src/install/booster_interface/include/booster_interface/booster_interface/msg/detail/booster_api_resp_msg__rosidl_typesupport_fastrtps_c.h\n'}
[137.315620] (booster_interface) StdoutLine: {'line': b'-- Installing: /home/booster/Workspace/Booster_T1_3v3_Demo/src/install/booster_interface/include/booster_interface/booster_interface/msg/detail/low_cmd__rosidl_typesupport_fastrtps_c.h\n'}
[137.315763] (booster_interface) StdoutLine: {'line': b'-- Installing: /home/booster/Workspace/Booster_T1_3v3_Demo/src/install/booster_interface/include/booster_interface/booster_interface/msg/detail/button_event_msg__rosidl_typesupport_fastrtps_c.h\n'}
[137.315851] (booster_interface) StdoutLine: {'line': b'-- Installing: /home/booster/Workspace/Booster_T1_3v3_Demo/src/install/booster_interface/include/booster_interface/booster_interface/msg/detail/motor_state__rosidl_typesupport_fastrtps_c.h\n'}
[137.315995] (booster_interface) StdoutLine: {'line': b'-- Installing: /home/booster/Workspace/Booster_T1_3v3_Demo/src/install/booster_interface/include/booster_interface/booster_interface/msg/detail/hand_dds_msg__rosidl_typesupport_fastrtps_c.h\n'}
[137.316560] (booster_interface) StdoutLine: {'line': b'-- Installing: /home/booster/Workspace/Booster_T1_3v3_Demo/src/install/booster_interface/include/booster_interface/booster_interface/msg/rosidl_typesupport_fastrtps_c__visibility_control.h\n'}
[137.316695] (booster_interface) StdoutLine: {'line': b'-- Installing: /home/booster/Workspace/Booster_T1_3v3_Demo/src/install/booster_interface/lib/libbooster_interface__rosidl_typesupport_fastrtps_c.so\n'}
[137.317166] (booster_interface) StdoutLine: {'line': b'-- Set runtime path of "/home/booster/Workspace/Booster_T1_3v3_Demo/src/install/booster_interface/lib/libbooster_interface__rosidl_typesupport_fastrtps_c.so" to ""\n'}
[137.317285] (booster_interface) StdoutLine: {'line': b'-- Up-to-date: /home/booster/Workspace/Booster_T1_3v3_Demo/src/install/booster_interface/include/booster_interface/booster_interface\n'}
[137.317457] (booster_interface) StdoutLine: {'line': b'-- Up-to-date: /home/booster/Workspace/Booster_T1_3v3_Demo/src/install/booster_interface/include/booster_interface/booster_interface/srv\n'}
[137.317613] (booster_interface) StdoutLine: {'line': b'-- Up-to-date: /home/booster/Workspace/Booster_T1_3v3_Demo/src/install/booster_interface/include/booster_interface/booster_interface/srv/detail\n'}
[137.317774] (booster_interface) StdoutLine: {'line': b'-- Installing: /home/booster/Workspace/Booster_T1_3v3_Demo/src/install/booster_interface/include/booster_interface/booster_interface/srv/detail/agent_service__traits.hpp\n'}
[137.317899] (booster_interface) StdoutLine: {'line': b'-- Installing: /home/booster/Workspace/Booster_T1_3v3_Demo/src/install/booster_interface/include/booster_interface/booster_interface/srv/detail/rpc_service__traits.hpp\n'}
[137.318168] (booster_interface) StdoutLine: {'line': b'-- Installing: /home/booster/Workspace/Booster_T1_3v3_Demo/src/install/booster_interface/include/booster_interface/booster_interface/srv/detail/agent_service__struct.hpp\n'}
[137.318404] (booster_interface) StdoutLine: {'line': b'-- Installing: /home/booster/Workspace/Booster_T1_3v3_Demo/src/install/booster_interface/include/booster_interface/booster_interface/srv/detail/agent_service__builder.hpp\n'}
[137.318592] (booster_interface) StdoutLine: {'line': b'-- Installing: /home/booster/Workspace/Booster_T1_3v3_Demo/src/install/booster_interface/include/booster_interface/booster_interface/srv/detail/rpc_service__builder.hpp\n'}
[137.318685] (booster_interface) StdoutLine: {'line': b'-- Installing: /home/booster/Workspace/Booster_T1_3v3_Demo/src/install/booster_interface/include/booster_interface/booster_interface/srv/detail/agent_service__type_support.hpp\n'}
[137.318772] (booster_interface) StdoutLine: {'line': b'-- Installing: /home/booster/Workspace/Booster_T1_3v3_Demo/src/install/booster_interface/include/booster_interface/booster_interface/srv/detail/rpc_service__struct.hpp\n'}
[137.318908] (booster_interface) StdoutLine: {'line': b'-- Installing: /home/booster/Workspace/Booster_T1_3v3_Demo/src/install/booster_interface/include/booster_interface/booster_interface/srv/detail/rpc_service__type_support.hpp\n'}
[137.319023] (booster_interface) StdoutLine: {'line': b'-- Installing: /home/booster/Workspace/Booster_T1_3v3_Demo/src/install/booster_interface/include/booster_interface/booster_interface/srv/rpc_service.hpp\n'}
[137.319109] (booster_interface) StdoutLine: {'line': b'-- Installing: /home/booster/Workspace/Booster_T1_3v3_Demo/src/install/booster_interface/include/booster_interface/booster_interface/srv/agent_service.hpp\n'}
[137.319213] (booster_interface) StdoutLine: {'line': b'-- Up-to-date: /home/booster/Workspace/Booster_T1_3v3_Demo/src/install/booster_interface/include/booster_interface/booster_interface/msg\n'}
[137.319297] (booster_interface) StdoutLine: {'line': b'-- Installing: /home/booster/Workspace/Booster_T1_3v3_Demo/src/install/booster_interface/include/booster_interface/booster_interface/msg/motor_state.hpp\n'}
[137.319398] (booster_interface) StdoutLine: {'line': b'-- Installing: /home/booster/Workspace/Booster_T1_3v3_Demo/src/install/booster_interface/include/booster_interface/booster_interface/msg/fall_down_state.hpp\n'}
[137.319552] (booster_interface) StdoutLine: {'line': b'-- Installing: /home/booster/Workspace/Booster_T1_3v3_Demo/src/install/booster_interface/include/booster_interface/booster_interface/msg/raw_bytes_msg.hpp\n'}
[137.319717] (booster_interface) StdoutLine: {'line': b'-- Installing: /home/booster/Workspace/Booster_T1_3v3_Demo/src/install/booster_interface/include/booster_interface/booster_interface/msg/low_cmd.hpp\n'}
[137.319860] (booster_interface) StdoutLine: {'line': b'-- Up-to-date: /home/booster/Workspace/Booster_T1_3v3_Demo/src/install/booster_interface/include/booster_interface/booster_interface/msg/detail\n'}
[137.320033] (booster_interface) StdoutLine: {'line': b'-- Installing: /home/booster/Workspace/Booster_T1_3v3_Demo/src/install/booster_interface/include/booster_interface/booster_interface/msg/detail/hand_command__type_support.hpp\n'}
[137.320328] (booster_interface) StdoutLine: {'line': b'-- Installing: /home/booster/Workspace/Booster_T1_3v3_Demo/src/install/booster_interface/include/booster_interface/booster_interface/msg/detail/hand_param__type_support.hpp\n'}
[137.320559] (booster_interface) StdoutLine: {'line': b'-- Installing: /home/booster/Workspace/Booster_T1_3v3_Demo/src/install/booster_interface/include/booster_interface/booster_interface/msg/detail/motor_cmd__struct.hpp\n'}
[137.320738] (booster_interface) StdoutLine: {'line': b'-- Installing: /home/booster/Workspace/Booster_T1_3v3_Demo/src/install/booster_interface/include/booster_interface/booster_interface/msg/detail/button_event_msg__builder.hpp\n'}
[137.320920] (booster_interface) StdoutLine: {'line': b'-- Installing: /home/booster/Workspace/Booster_T1_3v3_Demo/src/install/booster_interface/include/booster_interface/booster_interface/msg/detail/hand_dds_msg__builder.hpp\n'}
[137.321018] (booster_interface) StdoutLine: {'line': b'-- Installing: /home/booster/Workspace/Booster_T1_3v3_Demo/src/install/booster_interface/include/booster_interface/booster_interface/msg/detail/fall_down_state__struct.hpp\n'}
[137.321173] (booster_interface) StdoutLine: {'line': b'-- Installing: /home/booster/Workspace/Booster_T1_3v3_Demo/src/install/booster_interface/include/booster_interface/booster_interface/msg/detail/remote_controller_state__struct.hpp\n'}
[137.321333] (booster_interface) StdoutLine: {'line': b'-- Installing: /home/booster/Workspace/Booster_T1_3v3_Demo/src/install/booster_interface/include/booster_interface/booster_interface/msg/detail/imu_state__type_support.hpp\n'}
[137.321552] (booster_interface) StdoutLine: {'line': b'-- Installing: /home/booster/Workspace/Booster_T1_3v3_Demo/src/install/booster_interface/include/booster_interface/booster_interface/msg/detail/raw_bytes_stamped__type_support.hpp\n'}
[137.321754] (booster_interface) StdoutLine: {'line': b'-- Installing: /home/booster/Workspace/Booster_T1_3v3_Demo/src/install/booster_interface/include/booster_interface/booster_interface/msg/detail/motor_state__traits.hpp\n'}
[137.321848] (booster_interface) StdoutLine: {'line': b'-- Installing: /home/booster/Workspace/Booster_T1_3v3_Demo/src/install/booster_interface/include/booster_interface/booster_interface/msg/detail/booster_api_req_msg__builder.hpp\n'}
[137.322021] (booster_interface) StdoutLine: {'line': b'-- Installing: /home/booster/Workspace/Booster_T1_3v3_Demo/src/install/booster_interface/include/booster_interface/booster_interface/msg/detail/motor_state__type_support.hpp\n'}
[137.322305] (booster_interface) StdoutLine: {'line': b'-- Installing: /home/booster/Workspace/Booster_T1_3v3_Demo/src/install/booster_interface/include/booster_interface/booster_interface/msg/detail/odometer__struct.hpp\n'}
[137.322538] (booster_interface) StdoutLine: {'line': b'-- Installing: /home/booster/Workspace/Booster_T1_3v3_Demo/src/install/booster_interface/include/booster_interface/booster_interface/msg/detail/hand_param__traits.hpp\n'}
[137.322660] (booster_interface) StdoutLine: {'line': b'-- Installing: /home/booster/Workspace/Booster_T1_3v3_Demo/src/install/booster_interface/include/booster_interface/booster_interface/msg/detail/raw_bytes_stamped__builder.hpp\n'}
[137.322798] (booster_interface) StdoutLine: {'line': b'-- Installing: /home/booster/Workspace/Booster_T1_3v3_Demo/src/install/booster_interface/include/booster_interface/booster_interface/msg/detail/remote_controller_state__builder.hpp\n'}
[137.322884] (booster_interface) StdoutLine: {'line': b'-- Installing: /home/booster/Workspace/Booster_T1_3v3_Demo/src/install/booster_interface/include/booster_interface/booster_interface/msg/detail/low_cmd__struct.hpp\n'}
[137.322966] (booster_interface) StdoutLine: {'line': b'-- Installing: /home/booster/Workspace/Booster_T1_3v3_Demo/src/install/booster_interface/include/booster_interface/booster_interface/msg/detail/hand_command__traits.hpp\n'}
[137.332332] (booster_interface) StdoutLine: {'line': b'-- Installing: /home/booster/Workspace/Booster_T1_3v3_Demo/src/install/booster_interface/include/booster_interface/booster_interface/msg/detail/hand_command__builder.hpp\n'}
[137.332744] (booster_interface) StdoutLine: {'line': b'-- Installing: /home/booster/Workspace/Booster_T1_3v3_Demo/src/install/booster_interface/include/booster_interface/booster_interface/msg/detail/motor_cmd__builder.hpp\n'}
[137.332923] (booster_interface) StdoutLine: {'line': b'-- Installing: /home/booster/Workspace/Booster_T1_3v3_Demo/src/install/booster_interface/include/booster_interface/booster_interface/msg/detail/motor_state__builder.hpp\n'}
[137.333084] (booster_interface) StdoutLine: {'line': b'-- Installing: /home/booster/Workspace/Booster_T1_3v3_Demo/src/install/booster_interface/include/booster_interface/booster_interface/msg/detail/odometer__builder.hpp\n'}
[137.333508] (booster_interface) StdoutLine: {'line': b'-- Installing: /home/booster/Workspace/Booster_T1_3v3_Demo/src/install/booster_interface/include/booster_interface/booster_interface/msg/detail/hand_param__builder.hpp\n'}
[137.333896] (booster_interface) StdoutLine: {'line': b'-- Installing: /home/booster/Workspace/Booster_T1_3v3_Demo/src/install/booster_interface/include/booster_interface/booster_interface/msg/detail/raw_bytes_msg__traits.hpp\n'}
[137.334406] (booster_interface) StdoutLine: {'line': b'-- Installing: /home/booster/Workspace/Booster_T1_3v3_Demo/src/install/booster_interface/include/booster_interface/booster_interface/msg/detail/imu_state__builder.hpp\n'}
[137.334564] (booster_interface) StdoutLine: {'line': b'-- Installing: /home/booster/Workspace/Booster_T1_3v3_Demo/src/install/booster_interface/include/booster_interface/booster_interface/msg/detail/fall_down_state__traits.hpp\n'}
[137.334667] (booster_interface) StdoutLine: {'line': b'-- Installing: /home/booster/Workspace/Booster_T1_3v3_Demo/src/install/booster_interface/include/booster_interface/booster_interface/msg/detail/raw_bytes_msg__struct.hpp\n'}
[137.334755] (booster_interface) StdoutLine: {'line': b'-- Installing: /home/booster/Workspace/Booster_T1_3v3_Demo/src/install/booster_interface/include/booster_interface/booster_interface/msg/detail/raw_bytes_msg__builder.hpp\n'}
[137.334914] (booster_interface) StdoutLine: {'line': b'-- Installing: /home/booster/Workspace/Booster_T1_3v3_Demo/src/install/booster_interface/include/booster_interface/booster_interface/msg/detail/motor_cmd__traits.hpp\n'}
[137.337558] (booster_interface) StdoutLine: {'line': b'-- Installing: /home/booster/Workspace/Booster_T1_3v3_Demo/src/install/booster_interface/include/booster_interface/booster_interface/msg/detail/remote_controller_state__type_support.hpp\n'}
[137.337997] (booster_interface) StdoutLine: {'line': b'-- Installing: /home/booster/Workspace/Booster_T1_3v3_Demo/src/install/booster_interface/include/booster_interface/booster_interface/msg/detail/low_state__struct.hpp\n'}
[137.338161] (booster_interface) StdoutLine: {'line': b'-- Installing: /home/booster/Workspace/Booster_T1_3v3_Demo/src/install/booster_interface/include/booster_interface/booster_interface/msg/detail/button_event_msg__traits.hpp\n'}
[137.338378] (booster_interface) StdoutLine: {'line': b'-- Installing: /home/booster/Workspace/Booster_T1_3v3_Demo/src/install/booster_interface/include/booster_interface/booster_interface/msg/detail/low_state__traits.hpp\n'}
[137.338520] (booster_interface) StdoutLine: {'line': b'-- Installing: /home/booster/Workspace/Booster_T1_3v3_Demo/src/install/booster_interface/include/booster_interface/booster_interface/msg/detail/booster_api_req_msg__struct.hpp\n'}
[137.338702] (booster_interface) StdoutLine: {'line': b'-- Installing: /home/booster/Workspace/Booster_T1_3v3_Demo/src/install/booster_interface/include/booster_interface/booster_interface/msg/detail/raw_bytes_stamped__traits.hpp\n'}
[137.338979] (booster_interface) StdoutLine: {'line': b'-- Installing: /home/booster/Workspace/Booster_T1_3v3_Demo/src/install/booster_interface/include/booster_interface/booster_interface/msg/detail/odometer__type_support.hpp\n'}
[137.339200] (booster_interface) StdoutLine: {'line': b'-- Installing: /home/booster/Workspace/Booster_T1_3v3_Demo/src/install/booster_interface/include/booster_interface/booster_interface/msg/detail/hand_param__struct.hpp\n'}
[137.339408] (booster_interface) StdoutLine: {'line': b'-- Installing: /home/booster/Workspace/Booster_T1_3v3_Demo/src/install/booster_interface/include/booster_interface/booster_interface/msg/detail/booster_api_req_msg__traits.hpp\n'}
[137.339588] (booster_interface) StdoutLine: {'line': b'-- Installing: /home/booster/Workspace/Booster_T1_3v3_Demo/src/install/booster_interface/include/booster_interface/booster_interface/msg/detail/raw_bytes_stamped__struct.hpp\n'}
[137.339792] (booster_interface) StdoutLine: {'line': b'-- Installing: /home/booster/Workspace/Booster_T1_3v3_Demo/src/install/booster_interface/include/booster_interface/booster_interface/msg/detail/remote_controller_state__traits.hpp\n'}
[137.339962] (booster_interface) StdoutLine: {'line': b'-- Installing: /home/booster/Workspace/Booster_T1_3v3_Demo/src/install/booster_interface/include/booster_interface/booster_interface/msg/detail/booster_api_resp_msg__traits.hpp\n'}
[137.340276] (booster_interface) StdoutLine: {'line': b'-- Installing: /home/booster/Workspace/Booster_T1_3v3_Demo/src/install/booster_interface/include/booster_interface/booster_interface/msg/detail/low_state__type_support.hpp\n'}
[137.340460] (booster_interface) StdoutLine: {'line': b'-- Installing: /home/booster/Workspace/Booster_T1_3v3_Demo/src/install/booster_interface/include/booster_interface/booster_interface/msg/detail/low_cmd__traits.hpp\n'}
[137.340625] (booster_interface) StdoutLine: {'line': b'-- Installing: /home/booster/Workspace/Booster_T1_3v3_Demo/src/install/booster_interface/include/booster_interface/booster_interface/msg/detail/imu_state__traits.hpp\n'}
[137.340846] (booster_interface) StdoutLine: {'line': b'-- Installing: /home/booster/Workspace/Booster_T1_3v3_Demo/src/install/booster_interface/include/booster_interface/booster_interface/msg/detail/hand_dds_msg__type_support.hpp\n'}
[137.341021] (booster_interface) StdoutLine: {'line': b'-- Installing: /home/booster/Workspace/Booster_T1_3v3_Demo/src/install/booster_interface/include/booster_interface/booster_interface/msg/detail/hand_dds_msg__struct.hpp\n'}
[137.341304] (booster_interface) StdoutLine: {'line': b'-- Installing: /home/booster/Workspace/Booster_T1_3v3_Demo/src/install/booster_interface/include/booster_interface/booster_interface/msg/detail/motor_state__struct.hpp\n'}
[137.341501] (booster_interface) StdoutLine: {'line': b'-- Installing: /home/booster/Workspace/Booster_T1_3v3_Demo/src/install/booster_interface/include/booster_interface/booster_interface/msg/detail/booster_api_req_msg__type_support.hpp\n'}
[137.341723] (booster_interface) StdoutLine: {'line': b'-- Installing: /home/booster/Workspace/Booster_T1_3v3_Demo/src/install/booster_interface/include/booster_interface/booster_interface/msg/detail/low_state__builder.hpp\n'}
[137.341896] (booster_interface) StdoutLine: {'line': b'-- Installing: /home/booster/Workspace/Booster_T1_3v3_Demo/src/install/booster_interface/include/booster_interface/booster_interface/msg/detail/motor_cmd__type_support.hpp\n'}
[137.342030] (booster_interface) StdoutLine: {'line': b'-- Installing: /home/booster/Workspace/Booster_T1_3v3_Demo/src/install/booster_interface/include/booster_interface/booster_interface/msg/detail/booster_api_resp_msg__type_support.hpp\n'}
[137.342399] (booster_interface) StdoutLine: {'line': b'-- Installing: /home/booster/Workspace/Booster_T1_3v3_Demo/src/install/booster_interface/include/booster_interface/booster_interface/msg/detail/imu_state__struct.hpp\n'}
[137.342560] (booster_interface) StdoutLine: {'line': b'-- Installing: /home/booster/Workspace/Booster_T1_3v3_Demo/src/install/booster_interface/include/booster_interface/booster_interface/msg/detail/raw_bytes_msg__type_support.hpp\n'}
[137.342713] (booster_interface) StdoutLine: {'line': b'-- Installing: /home/booster/Workspace/Booster_T1_3v3_Demo/src/install/booster_interface/include/booster_interface/booster_interface/msg/detail/booster_api_resp_msg__builder.hpp\n'}
[137.342895] (booster_interface) StdoutLine: {'line': b'-- Installing: /home/booster/Workspace/Booster_T1_3v3_Demo/src/install/booster_interface/include/booster_interface/booster_interface/msg/detail/booster_api_resp_msg__struct.hpp\n'}
[137.343127] (booster_interface) StdoutLine: {'line': b'-- Installing: /home/booster/Workspace/Booster_T1_3v3_Demo/src/install/booster_interface/include/booster_interface/booster_interface/msg/detail/hand_command__struct.hpp\n'}
[137.343373] (booster_interface) StdoutLine: {'line': b'-- Installing: /home/booster/Workspace/Booster_T1_3v3_Demo/src/install/booster_interface/include/booster_interface/booster_interface/msg/detail/odometer__traits.hpp\n'}
[137.343555] (booster_interface) StdoutLine: {'line': b'-- Installing: /home/booster/Workspace/Booster_T1_3v3_Demo/src/install/booster_interface/include/booster_interface/booster_interface/msg/detail/hand_dds_msg__traits.hpp\n'}
[137.343747] (booster_interface) StdoutLine: {'line': b'-- Installing: /home/booster/Workspace/Booster_T1_3v3_Demo/src/install/booster_interface/include/booster_interface/booster_interface/msg/detail/fall_down_state__type_support.hpp\n'}
[137.343927] (booster_interface) StdoutLine: {'line': b'-- Installing: /home/booster/Workspace/Booster_T1_3v3_Demo/src/install/booster_interface/include/booster_interface/booster_interface/msg/detail/fall_down_state__builder.hpp\n'}
[137.344101] (booster_interface) StdoutLine: {'line': b'-- Installing: /home/booster/Workspace/Booster_T1_3v3_Demo/src/install/booster_interface/include/booster_interface/booster_interface/msg/detail/low_cmd__builder.hpp\n'}
[137.344276] (booster_interface) StdoutLine: {'line': b'-- Installing: /home/booster/Workspace/Booster_T1_3v3_Demo/src/install/booster_interface/include/booster_interface/booster_interface/msg/detail/button_event_msg__type_support.hpp\n'}
[137.344665] (booster_interface) StdoutLine: {'line': b'-- Installing: /home/booster/Workspace/Booster_T1_3v3_Demo/src/install/booster_interface/include/booster_interface/booster_interface/msg/detail/low_cmd__type_support.hpp\n'}
[137.344963] (booster_interface) StdoutLine: {'line': b'-- Installing: /home/booster/Workspace/Booster_T1_3v3_Demo/src/install/booster_interface/include/booster_interface/booster_interface/msg/detail/button_event_msg__struct.hpp\n'}
[137.345116] (booster_interface) StdoutLine: {'line': b'-- Installing: /home/booster/Workspace/Booster_T1_3v3_Demo/src/install/booster_interface/include/booster_interface/booster_interface/msg/low_state.hpp\n'}
[137.345268] (booster_interface) StdoutLine: {'line': b'-- Installing: /home/booster/Workspace/Booster_T1_3v3_Demo/src/install/booster_interface/include/booster_interface/booster_interface/msg/imu_state.hpp\n'}
[137.345482] (booster_interface) StdoutLine: {'line': b'-- Installing: /home/booster/Workspace/Booster_T1_3v3_Demo/src/install/booster_interface/include/booster_interface/booster_interface/msg/hand_command.hpp\n'}
[137.345744] (booster_interface) StdoutLine: {'line': b'-- Installing: /home/booster/Workspace/Booster_T1_3v3_Demo/src/install/booster_interface/include/booster_interface/booster_interface/msg/button_event_msg.hpp\n'}
[137.345919] (booster_interface) StdoutLine: {'line': b'-- Installing: /home/booster/Workspace/Booster_T1_3v3_Demo/src/install/booster_interface/include/booster_interface/booster_interface/msg/remote_controller_state.hpp\n'}
[137.346061] (booster_interface) StdoutLine: {'line': b'-- Installing: /home/booster/Workspace/Booster_T1_3v3_Demo/src/install/booster_interface/include/booster_interface/booster_interface/msg/hand_param.hpp\n'}
[137.346902] (booster_interface) StdoutLine: {'line': b'-- Installing: /home/booster/Workspace/Booster_T1_3v3_Demo/src/install/booster_interface/include/booster_interface/booster_interface/msg/odometer.hpp\n'}
[137.347210] (booster_interface) StdoutLine: {'line': b'-- Installing: /home/booster/Workspace/Booster_T1_3v3_Demo/src/install/booster_interface/include/booster_interface/booster_interface/msg/rosidl_generator_cpp__visibility_control.hpp\n'}
[137.347360] (booster_interface) StdoutLine: {'line': b'-- Installing: /home/booster/Workspace/Booster_T1_3v3_Demo/src/install/booster_interface/include/booster_interface/booster_interface/msg/booster_api_resp_msg.hpp\n'}
[137.347486] (booster_interface) StdoutLine: {'line': b'-- Installing: /home/booster/Workspace/Booster_T1_3v3_Demo/src/install/booster_interface/include/booster_interface/booster_interface/msg/motor_cmd.hpp\n'}
[137.347576] (booster_interface) StdoutLine: {'line': b'-- Installing: /home/booster/Workspace/Booster_T1_3v3_Demo/src/install/booster_interface/include/booster_interface/booster_interface/msg/booster_api_req_msg.hpp\n'}
[137.347737] (booster_interface) StdoutLine: {'line': b'-- Installing: /home/booster/Workspace/Booster_T1_3v3_Demo/src/install/booster_interface/include/booster_interface/booster_interface/msg/hand_dds_msg.hpp\n'}
[137.347984] (booster_interface) StdoutLine: {'line': b'-- Installing: /home/booster/Workspace/Booster_T1_3v3_Demo/src/install/booster_interface/include/booster_interface/booster_interface/msg/raw_bytes_stamped.hpp\n'}
[137.348210] (booster_interface) StdoutLine: {'line': b'-- Up-to-date: /home/booster/Workspace/Booster_T1_3v3_Demo/src/install/booster_interface/include/booster_interface/booster_interface\n'}
[137.349598] (booster_interface) StdoutLine: {'line': b'-- Up-to-date: /home/booster/Workspace/Booster_T1_3v3_Demo/src/install/booster_interface/include/booster_interface/booster_interface/srv\n'}
[137.349881] (booster_interface) StdoutLine: {'line': b'-- Up-to-date: /home/booster/Workspace/Booster_T1_3v3_Demo/src/install/booster_interface/include/booster_interface/booster_interface/srv/detail\n'}
[137.350057] (booster_interface) StdoutLine: {'line': b'-- Installing: /home/booster/Workspace/Booster_T1_3v3_Demo/src/install/booster_interface/include/booster_interface/booster_interface/srv/detail/agent_service__rosidl_typesupport_fastrtps_cpp.hpp\n'}
[137.350217] (booster_interface) StdoutLine: {'line': b'-- Installing: /home/booster/Workspace/Booster_T1_3v3_Demo/src/install/booster_interface/include/booster_interface/booster_interface/srv/detail/rpc_service__rosidl_typesupport_fastrtps_cpp.hpp\n'}
[137.350376] (booster_interface) StdoutLine: {'line': b'-- Installing: /home/booster/Workspace/Booster_T1_3v3_Demo/src/install/booster_interface/include/booster_interface/booster_interface/srv/detail/dds_fastrtps\n'}
[137.350531] (booster_interface) StdoutLine: {'line': b'-- Up-to-date: /home/booster/Workspace/Booster_T1_3v3_Demo/src/install/booster_interface/include/booster_interface/booster_interface/msg\n'}
[137.350642] (booster_interface) StdoutLine: {'line': b'-- Up-to-date: /home/booster/Workspace/Booster_T1_3v3_Demo/src/install/booster_interface/include/booster_interface/booster_interface/msg/detail\n'}
[137.351081] (booster_interface) StdoutLine: {'line': b'-- Installing: /home/booster/Workspace/Booster_T1_3v3_Demo/src/install/booster_interface/include/booster_interface/booster_interface/msg/detail/raw_bytes_stamped__rosidl_typesupport_fastrtps_cpp.hpp\n'}
[137.351218] (booster_interface) StdoutLine: {'line': b'-- Installing: /home/booster/Workspace/Booster_T1_3v3_Demo/src/install/booster_interface/include/booster_interface/booster_interface/msg/detail/button_event_msg__rosidl_typesupport_fastrtps_cpp.hpp\n'}
[137.351322] (booster_interface) StdoutLine: {'line': b'-- Installing: /home/booster/Workspace/Booster_T1_3v3_Demo/src/install/booster_interface/include/booster_interface/booster_interface/msg/detail/fall_down_state__rosidl_typesupport_fastrtps_cpp.hpp\n'}
[137.351422] (booster_interface) StdoutLine: {'line': b'-- Installing: /home/booster/Workspace/Booster_T1_3v3_Demo/src/install/booster_interface/include/booster_interface/booster_interface/msg/detail/imu_state__rosidl_typesupport_fastrtps_cpp.hpp\n'}
[137.351508] (booster_interface) StdoutLine: {'line': b'-- Installing: /home/booster/Workspace/Booster_T1_3v3_Demo/src/install/booster_interface/include/booster_interface/booster_interface/msg/detail/low_cmd__rosidl_typesupport_fastrtps_cpp.hpp\n'}
[137.351591] (booster_interface) StdoutLine: {'line': b'-- Installing: /home/booster/Workspace/Booster_T1_3v3_Demo/src/install/booster_interface/include/booster_interface/booster_interface/msg/detail/odometer__rosidl_typesupport_fastrtps_cpp.hpp\n'}
[137.351905] (booster_interface) StdoutLine: {'line': b'-- Installing: /home/booster/Workspace/Booster_T1_3v3_Demo/src/install/booster_interface/include/booster_interface/booster_interface/msg/detail/booster_api_resp_msg__rosidl_typesupport_fastrtps_cpp.hpp\n'}
[137.352433] (booster_interface) StdoutLine: {'line': b'-- Installing: /home/booster/Workspace/Booster_T1_3v3_Demo/src/install/booster_interface/include/booster_interface/booster_interface/msg/detail/motor_cmd__rosidl_typesupport_fastrtps_cpp.hpp\n'}
[137.352550] (booster_interface) StdoutLine: {'line': b'-- Installing: /home/booster/Workspace/Booster_T1_3v3_Demo/src/install/booster_interface/include/booster_interface/booster_interface/msg/detail/remote_controller_state__rosidl_typesupport_fastrtps_cpp.hpp\n'}
[137.352677] (booster_interface) StdoutLine: {'line': b'-- Installing: /home/booster/Workspace/Booster_T1_3v3_Demo/src/install/booster_interface/include/booster_interface/booster_interface/msg/detail/hand_dds_msg__rosidl_typesupport_fastrtps_cpp.hpp\n'}
[137.352940] (booster_interface) StdoutLine: {'line': b'-- Installing: /home/booster/Workspace/Booster_T1_3v3_Demo/src/install/booster_interface/include/booster_interface/booster_interface/msg/detail/raw_bytes_msg__rosidl_typesupport_fastrtps_cpp.hpp\n'}
[137.353056] (booster_interface) StdoutLine: {'line': b'-- Installing: /home/booster/Workspace/Booster_T1_3v3_Demo/src/install/booster_interface/include/booster_interface/booster_interface/msg/detail/hand_param__rosidl_typesupport_fastrtps_cpp.hpp\n'}
[137.353183] (booster_interface) StdoutLine: {'line': b'-- Installing: /home/booster/Workspace/Booster_T1_3v3_Demo/src/install/booster_interface/include/booster_interface/booster_interface/msg/detail/dds_fastrtps\n'}
[137.353318] (booster_interface) StdoutLine: {'line': b'-- Installing: /home/booster/Workspace/Booster_T1_3v3_Demo/src/install/booster_interface/include/booster_interface/booster_interface/msg/detail/booster_api_req_msg__rosidl_typesupport_fastrtps_cpp.hpp\n'}
[137.353586] (booster_interface) StdoutLine: {'line': b'-- Installing: /home/booster/Workspace/Booster_T1_3v3_Demo/src/install/booster_interface/include/booster_interface/booster_interface/msg/detail/low_state__rosidl_typesupport_fastrtps_cpp.hpp\n'}
[137.353799] (booster_interface) StdoutLine: {'line': b'-- Installing: /home/booster/Workspace/Booster_T1_3v3_Demo/src/install/booster_interface/include/booster_interface/booster_interface/msg/detail/motor_state__rosidl_typesupport_fastrtps_cpp.hpp\n'}
[137.353970] (booster_interface) StdoutLine: {'line': b'-- Installing: /home/booster/Workspace/Booster_T1_3v3_Demo/src/install/booster_interface/include/booster_interface/booster_interface/msg/detail/hand_command__rosidl_typesupport_fastrtps_cpp.hpp\n'}
[137.354147] (booster_interface) StdoutLine: {'line': b'-- Installing: /home/booster/Workspace/Booster_T1_3v3_Demo/src/install/booster_interface/include/booster_interface/booster_interface/msg/rosidl_typesupport_fastrtps_cpp__visibility_control.h\n'}
[137.354494] (booster_interface) StdoutLine: {'line': b'-- Installing: /home/booster/Workspace/Booster_T1_3v3_Demo/src/install/booster_interface/lib/libbooster_interface__rosidl_typesupport_fastrtps_cpp.so\n'}
[137.355882] (booster_interface) StdoutLine: {'line': b'-- Set runtime path of "/home/booster/Workspace/Booster_T1_3v3_Demo/src/install/booster_interface/lib/libbooster_interface__rosidl_typesupport_fastrtps_cpp.so" to ""\n'}
[137.356118] (booster_interface) StdoutLine: {'line': b'-- Up-to-date: /home/booster/Workspace/Booster_T1_3v3_Demo/src/install/booster_interface/include/booster_interface/booster_interface\n'}
[137.356289] (booster_interface) StdoutLine: {'line': b'-- Up-to-date: /home/booster/Workspace/Booster_T1_3v3_Demo/src/install/booster_interface/include/booster_interface/booster_interface/srv\n'}
[137.356452] (booster_interface) StdoutLine: {'line': b'-- Up-to-date: /home/booster/Workspace/Booster_T1_3v3_Demo/src/install/booster_interface/include/booster_interface/booster_interface/srv/detail\n'}
[137.356572] (booster_interface) StdoutLine: {'line': b'-- Installing: /home/booster/Workspace/Booster_T1_3v3_Demo/src/install/booster_interface/include/booster_interface/booster_interface/srv/detail/rpc_service__type_support.c\n'}
[137.356709] (booster_interface) StdoutLine: {'line': b'-- Installing: /home/booster/Workspace/Booster_T1_3v3_Demo/src/install/booster_interface/include/booster_interface/booster_interface/srv/detail/agent_service__rosidl_typesupport_introspection_c.h\n'}
[137.357272] (booster_interface) StdoutLine: {'line': b'-- Installing: /home/booster/Workspace/Booster_T1_3v3_Demo/src/install/booster_interface/include/booster_interface/booster_interface/srv/detail/agent_service__type_support.c\n'}
[137.357533] (booster_interface) StdoutLine: {'line': b'-- Installing: /home/booster/Workspace/Booster_T1_3v3_Demo/src/install/booster_interface/include/booster_interface/booster_interface/srv/detail/rpc_service__rosidl_typesupport_introspection_c.h\n'}
[137.357686] (booster_interface) StdoutLine: {'line': b'-- Up-to-date: /home/booster/Workspace/Booster_T1_3v3_Demo/src/install/booster_interface/include/booster_interface/booster_interface/msg\n'}
[137.357889] (booster_interface) StdoutLine: {'line': b'-- Up-to-date: /home/booster/Workspace/Booster_T1_3v3_Demo/src/install/booster_interface/include/booster_interface/booster_interface/msg/detail\n'}
[137.357983] (booster_interface) StdoutLine: {'line': b'-- Installing: /home/booster/Workspace/Booster_T1_3v3_Demo/src/install/booster_interface/include/booster_interface/booster_interface/msg/detail/raw_bytes_stamped__type_support.c\n'}
[137.358070] (booster_interface) StdoutLine: {'line': b'-- Installing: /home/booster/Workspace/Booster_T1_3v3_Demo/src/install/booster_interface/include/booster_interface/booster_interface/msg/detail/hand_param__type_support.c\n'}
[137.358215] (booster_interface) StdoutLine: {'line': b'-- Installing: /home/booster/Workspace/Booster_T1_3v3_Demo/src/install/booster_interface/include/booster_interface/booster_interface/msg/detail/remote_controller_state__type_support.c\n'}
[137.358437] (booster_interface) StdoutLine: {'line': b'-- Installing: /home/booster/Workspace/Booster_T1_3v3_Demo/src/install/booster_interface/include/booster_interface/booster_interface/msg/detail/hand_command__rosidl_typesupport_introspection_c.h\n'}
[137.358605] (booster_interface) StdoutLine: {'line': b'-- Installing: /home/booster/Workspace/Booster_T1_3v3_Demo/src/install/booster_interface/include/booster_interface/booster_interface/msg/detail/raw_bytes_stamped__rosidl_typesupport_introspection_c.h\n'}
[137.358822] (booster_interface) StdoutLine: {'line': b'-- Installing: /home/booster/Workspace/Booster_T1_3v3_Demo/src/install/booster_interface/include/booster_interface/booster_interface/msg/detail/imu_state__type_support.c\n'}
[137.358966] (booster_interface) StdoutLine: {'line': b'-- Installing: /home/booster/Workspace/Booster_T1_3v3_Demo/src/install/booster_interface/include/booster_interface/booster_interface/msg/detail/booster_api_req_msg__type_support.c\n'}
[137.359062] (booster_interface) StdoutLine: {'line': b'-- Installing: /home/booster/Workspace/Booster_T1_3v3_Demo/src/install/booster_interface/include/booster_interface/booster_interface/msg/detail/motor_cmd__type_support.c\n'}
[137.359221] (booster_interface) StdoutLine: {'line': b'-- Installing: /home/booster/Workspace/Booster_T1_3v3_Demo/src/install/booster_interface/include/booster_interface/booster_interface/msg/detail/hand_param__rosidl_typesupport_introspection_c.h\n'}
[137.359372] (booster_interface) StdoutLine: {'line': b'-- Installing: /home/booster/Workspace/Booster_T1_3v3_Demo/src/install/booster_interface/include/booster_interface/booster_interface/msg/detail/hand_command__type_support.c\n'}
[137.365319] (booster_interface) StdoutLine: {'line': b'-- Installing: /home/booster/Workspace/Booster_T1_3v3_Demo/src/install/booster_interface/include/booster_interface/booster_interface/msg/detail/low_cmd__rosidl_typesupport_introspection_c.h\n'}
[137.365622] (-) TimerEvent: {}
[137.371514] (booster_interface) StdoutLine: {'line': b'-- Installing: /home/booster/Workspace/Booster_T1_3v3_Demo/src/install/booster_interface/include/booster_interface/booster_interface/msg/detail/fall_down_state__rosidl_typesupport_introspection_c.h\n'}
[137.372218] (booster_interface) StdoutLine: {'line': b'-- Installing: /home/booster/Workspace/Booster_T1_3v3_Demo/src/install/booster_interface/include/booster_interface/booster_interface/msg/detail/motor_cmd__rosidl_typesupport_introspection_c.h\n'}
[137.372476] (booster_interface) StdoutLine: {'line': b'-- Installing: /home/booster/Workspace/Booster_T1_3v3_Demo/src/install/booster_interface/include/booster_interface/booster_interface/msg/detail/odometer__type_support.c\n'}
[137.373684] (booster_interface) StdoutLine: {'line': b'-- Installing: /home/booster/Workspace/Booster_T1_3v3_Demo/src/install/booster_interface/include/booster_interface/booster_interface/msg/detail/low_cmd__type_support.c\n'}
[137.373931] (booster_interface) StdoutLine: {'line': b'-- Installing: /home/booster/Workspace/Booster_T1_3v3_Demo/src/install/booster_interface/include/booster_interface/booster_interface/msg/detail/odometer__rosidl_typesupport_introspection_c.h\n'}
[137.374056] (booster_interface) StdoutLine: {'line': b'-- Installing: /home/booster/Workspace/Booster_T1_3v3_Demo/src/install/booster_interface/include/booster_interface/booster_interface/msg/detail/hand_dds_msg__rosidl_typesupport_introspection_c.h\n'}
[137.375311] (booster_interface) StdoutLine: {'line': b'-- Installing: /home/booster/Workspace/Booster_T1_3v3_Demo/src/install/booster_interface/include/booster_interface/booster_interface/msg/detail/raw_bytes_msg__rosidl_typesupport_introspection_c.h\n'}
[137.375561] (booster_interface) StdoutLine: {'line': b'-- Installing: /home/booster/Workspace/Booster_T1_3v3_Demo/src/install/booster_interface/include/booster_interface/booster_interface/msg/detail/hand_dds_msg__type_support.c\n'}
[137.375732] (booster_interface) StdoutLine: {'line': b'-- Installing: /home/booster/Workspace/Booster_T1_3v3_Demo/src/install/booster_interface/include/booster_interface/booster_interface/msg/detail/remote_controller_state__rosidl_typesupport_introspection_c.h\n'}
[137.375936] (booster_interface) StdoutLine: {'line': b'-- Installing: /home/booster/Workspace/Booster_T1_3v3_Demo/src/install/booster_interface/include/booster_interface/booster_interface/msg/detail/low_state__type_support.c\n'}
[137.376144] (booster_interface) StdoutLine: {'line': b'-- Installing: /home/booster/Workspace/Booster_T1_3v3_Demo/src/install/booster_interface/include/booster_interface/booster_interface/msg/detail/booster_api_resp_msg__rosidl_typesupport_introspection_c.h\n'}
[137.377261] (booster_interface) StdoutLine: {'line': b'-- Installing: /home/booster/Workspace/Booster_T1_3v3_Demo/src/install/booster_interface/include/booster_interface/booster_interface/msg/detail/raw_bytes_msg__type_support.c\n'}
[137.377677] (booster_interface) StdoutLine: {'line': b'-- Installing: /home/booster/Workspace/Booster_T1_3v3_Demo/src/install/booster_interface/include/booster_interface/booster_interface/msg/detail/motor_state__rosidl_typesupport_introspection_c.h\n'}
[137.377889] (booster_interface) StdoutLine: {'line': b'-- Installing: /home/booster/Workspace/Booster_T1_3v3_Demo/src/install/booster_interface/include/booster_interface/booster_interface/msg/detail/booster_api_req_msg__rosidl_typesupport_introspection_c.h\n'}
[137.378055] (booster_interface) StdoutLine: {'line': b'-- Installing: /home/booster/Workspace/Booster_T1_3v3_Demo/src/install/booster_interface/include/booster_interface/booster_interface/msg/detail/fall_down_state__type_support.c\n'}
[137.378150] (booster_interface) StdoutLine: {'line': b'-- Installing: /home/booster/Workspace/Booster_T1_3v3_Demo/src/install/booster_interface/include/booster_interface/booster_interface/msg/detail/booster_api_resp_msg__type_support.c\n'}
[137.378367] (booster_interface) StdoutLine: {'line': b'-- Installing: /home/booster/Workspace/Booster_T1_3v3_Demo/src/install/booster_interface/include/booster_interface/booster_interface/msg/detail/imu_state__rosidl_typesupport_introspection_c.h\n'}
[137.379476] (booster_interface) StdoutLine: {'line': b'-- Installing: /home/booster/Workspace/Booster_T1_3v3_Demo/src/install/booster_interface/include/booster_interface/booster_interface/msg/detail/button_event_msg__type_support.c\n'}
[137.379638] (booster_interface) StdoutLine: {'line': b'-- Installing: /home/booster/Workspace/Booster_T1_3v3_Demo/src/install/booster_interface/include/booster_interface/booster_interface/msg/detail/low_state__rosidl_typesupport_introspection_c.h\n'}
[137.379732] (booster_interface) StdoutLine: {'line': b'-- Installing: /home/booster/Workspace/Booster_T1_3v3_Demo/src/install/booster_interface/include/booster_interface/booster_interface/msg/detail/motor_state__type_support.c\n'}
[137.379956] (booster_interface) StdoutLine: {'line': b'-- Installing: /home/booster/Workspace/Booster_T1_3v3_Demo/src/install/booster_interface/include/booster_interface/booster_interface/msg/detail/button_event_msg__rosidl_typesupport_introspection_c.h\n'}
[137.380089] (booster_interface) StdoutLine: {'line': b'-- Installing: /home/booster/Workspace/Booster_T1_3v3_Demo/src/install/booster_interface/include/booster_interface/booster_interface/msg/rosidl_typesupport_introspection_c__visibility_control.h\n'}
[137.380992] (booster_interface) StdoutLine: {'line': b'-- Installing: /home/booster/Workspace/Booster_T1_3v3_Demo/src/install/booster_interface/lib/libbooster_interface__rosidl_typesupport_introspection_c.so\n'}
[137.381289] (booster_interface) StdoutLine: {'line': b'-- Set runtime path of "/home/booster/Workspace/Booster_T1_3v3_Demo/src/install/booster_interface/lib/libbooster_interface__rosidl_typesupport_introspection_c.so" to ""\n'}
[137.381389] (booster_interface) StdoutLine: {'line': b'-- Installing: /home/booster/Workspace/Booster_T1_3v3_Demo/src/install/booster_interface/lib/libbooster_interface__rosidl_typesupport_c.so\n'}
[137.381531] (booster_interface) StdoutLine: {'line': b'-- Set runtime path of "/home/booster/Workspace/Booster_T1_3v3_Demo/src/install/booster_interface/lib/libbooster_interface__rosidl_typesupport_c.so" to ""\n'}
[137.381649] (booster_interface) StdoutLine: {'line': b'-- Up-to-date: /home/booster/Workspace/Booster_T1_3v3_Demo/src/install/booster_interface/include/booster_interface/booster_interface\n'}
[137.381746] (booster_interface) StdoutLine: {'line': b'-- Up-to-date: /home/booster/Workspace/Booster_T1_3v3_Demo/src/install/booster_interface/include/booster_interface/booster_interface/srv\n'}
[137.382931] (booster_interface) StdoutLine: {'line': b'-- Up-to-date: /home/booster/Workspace/Booster_T1_3v3_Demo/src/install/booster_interface/include/booster_interface/booster_interface/srv/detail\n'}
[137.383163] (booster_interface) StdoutLine: {'line': b'-- Installing: /home/booster/Workspace/Booster_T1_3v3_Demo/src/install/booster_interface/include/booster_interface/booster_interface/srv/detail/agent_service__rosidl_typesupport_introspection_cpp.hpp\n'}
[137.383270] (booster_interface) StdoutLine: {'line': b'-- Installing: /home/booster/Workspace/Booster_T1_3v3_Demo/src/install/booster_interface/include/booster_interface/booster_interface/srv/detail/rpc_service__rosidl_typesupport_introspection_cpp.hpp\n'}
[137.384503] (booster_interface) StdoutLine: {'line': b'-- Installing: /home/booster/Workspace/Booster_T1_3v3_Demo/src/install/booster_interface/include/booster_interface/booster_interface/srv/detail/rpc_service__type_support.cpp\n'}
[137.384662] (booster_interface) StdoutLine: {'line': b'-- Installing: /home/booster/Workspace/Booster_T1_3v3_Demo/src/install/booster_interface/include/booster_interface/booster_interface/srv/detail/agent_service__type_support.cpp\n'}
[137.384849] (booster_interface) StdoutLine: {'line': b'-- Up-to-date: /home/booster/Workspace/Booster_T1_3v3_Demo/src/install/booster_interface/include/booster_interface/booster_interface/msg\n'}
[137.384948] (booster_interface) StdoutLine: {'line': b'-- Up-to-date: /home/booster/Workspace/Booster_T1_3v3_Demo/src/install/booster_interface/include/booster_interface/booster_interface/msg/detail\n'}
[137.385037] (booster_interface) StdoutLine: {'line': b'-- Installing: /home/booster/Workspace/Booster_T1_3v3_Demo/src/install/booster_interface/include/booster_interface/booster_interface/msg/detail/imu_state__type_support.cpp\n'}
[137.385143] (booster_interface) StdoutLine: {'line': b'-- Installing: /home/booster/Workspace/Booster_T1_3v3_Demo/src/install/booster_interface/include/booster_interface/booster_interface/msg/detail/booster_api_req_msg__type_support.cpp\n'}
[137.386313] (booster_interface) StdoutLine: {'line': b'-- Installing: /home/booster/Workspace/Booster_T1_3v3_Demo/src/install/booster_interface/include/booster_interface/booster_interface/msg/detail/motor_cmd__rosidl_typesupport_introspection_cpp.hpp\n'}
[137.386617] (booster_interface) StdoutLine: {'line': b'-- Installing: /home/booster/Workspace/Booster_T1_3v3_Demo/src/install/booster_interface/include/booster_interface/booster_interface/msg/detail/button_event_msg__rosidl_typesupport_introspection_cpp.hpp\n'}
[137.386723] (booster_interface) StdoutLine: {'line': b'-- Installing: /home/booster/Workspace/Booster_T1_3v3_Demo/src/install/booster_interface/include/booster_interface/booster_interface/msg/detail/button_event_msg__type_support.cpp\n'}
[137.386894] (booster_interface) StdoutLine: {'line': b'-- Installing: /home/booster/Workspace/Booster_T1_3v3_Demo/src/install/booster_interface/include/booster_interface/booster_interface/msg/detail/remote_controller_state__rosidl_typesupport_introspection_cpp.hpp\n'}
[137.387001] (booster_interface) StdoutLine: {'line': b'-- Installing: /home/booster/Workspace/Booster_T1_3v3_Demo/src/install/booster_interface/include/booster_interface/booster_interface/msg/detail/hand_param__type_support.cpp\n'}
[137.387571] (booster_interface) StdoutLine: {'line': b'-- Installing: /home/booster/Workspace/Booster_T1_3v3_Demo/src/install/booster_interface/include/booster_interface/booster_interface/msg/detail/hand_dds_msg__type_support.cpp\n'}
[137.387691] (booster_interface) StdoutLine: {'line': b'-- Installing: /home/booster/Workspace/Booster_T1_3v3_Demo/src/install/booster_interface/include/booster_interface/booster_interface/msg/detail/odometer__type_support.cpp\n'}
[137.387780] (booster_interface) StdoutLine: {'line': b'-- Installing: /home/booster/Workspace/Booster_T1_3v3_Demo/src/install/booster_interface/include/booster_interface/booster_interface/msg/detail/raw_bytes_stamped__type_support.cpp\n'}
[137.387944] (booster_interface) StdoutLine: {'line': b'-- Installing: /home/booster/Workspace/Booster_T1_3v3_Demo/src/install/booster_interface/include/booster_interface/booster_interface/msg/detail/hand_param__rosidl_typesupport_introspection_cpp.hpp\n'}
[137.388041] (booster_interface) StdoutLine: {'line': b'-- Installing: /home/booster/Workspace/Booster_T1_3v3_Demo/src/install/booster_interface/include/booster_interface/booster_interface/msg/detail/hand_dds_msg__rosidl_typesupport_introspection_cpp.hpp\n'}
[137.388189] (booster_interface) StdoutLine: {'line': b'-- Installing: /home/booster/Workspace/Booster_T1_3v3_Demo/src/install/booster_interface/include/booster_interface/booster_interface/msg/detail/low_cmd__rosidl_typesupport_introspection_cpp.hpp\n'}
[137.388281] (booster_interface) StdoutLine: {'line': b'-- Installing: /home/booster/Workspace/Booster_T1_3v3_Demo/src/install/booster_interface/include/booster_interface/booster_interface/msg/detail/fall_down_state__rosidl_typesupport_introspection_cpp.hpp\n'}
[137.388491] (booster_interface) StdoutLine: {'line': b'-- Installing: /home/booster/Workspace/Booster_T1_3v3_Demo/src/install/booster_interface/include/booster_interface/booster_interface/msg/detail/odometer__rosidl_typesupport_introspection_cpp.hpp\n'}
[137.388630] (booster_interface) StdoutLine: {'line': b'-- Installing: /home/booster/Workspace/Booster_T1_3v3_Demo/src/install/booster_interface/include/booster_interface/booster_interface/msg/detail/raw_bytes_msg__type_support.cpp\n'}
[137.388724] (booster_interface) StdoutLine: {'line': b'-- Installing: /home/booster/Workspace/Booster_T1_3v3_Demo/src/install/booster_interface/include/booster_interface/booster_interface/msg/detail/motor_state__rosidl_typesupport_introspection_cpp.hpp\n'}
[137.388872] (booster_interface) StdoutLine: {'line': b'-- Installing: /home/booster/Workspace/Booster_T1_3v3_Demo/src/install/booster_interface/include/booster_interface/booster_interface/msg/detail/fall_down_state__type_support.cpp\n'}
[137.388974] (booster_interface) StdoutLine: {'line': b'-- Installing: /home/booster/Workspace/Booster_T1_3v3_Demo/src/install/booster_interface/include/booster_interface/booster_interface/msg/detail/low_state__rosidl_typesupport_introspection_cpp.hpp\n'}
[137.389074] (booster_interface) StdoutLine: {'line': b'-- Installing: /home/booster/Workspace/Booster_T1_3v3_Demo/src/install/booster_interface/include/booster_interface/booster_interface/msg/detail/raw_bytes_stamped__rosidl_typesupport_introspection_cpp.hpp\n'}
[137.389190] (booster_interface) StdoutLine: {'line': b'-- Installing: /home/booster/Workspace/Booster_T1_3v3_Demo/src/install/booster_interface/include/booster_interface/booster_interface/msg/detail/imu_state__rosidl_typesupport_introspection_cpp.hpp\n'}
[137.389290] (booster_interface) StdoutLine: {'line': b'-- Installing: /home/booster/Workspace/Booster_T1_3v3_Demo/src/install/booster_interface/include/booster_interface/booster_interface/msg/detail/hand_command__rosidl_typesupport_introspection_cpp.hpp\n'}
[137.389408] (booster_interface) StdoutLine: {'line': b'-- Installing: /home/booster/Workspace/Booster_T1_3v3_Demo/src/install/booster_interface/include/booster_interface/booster_interface/msg/detail/booster_api_resp_msg__type_support.cpp\n'}
[137.389536] (booster_interface) StdoutLine: {'line': b'-- Installing: /home/booster/Workspace/Booster_T1_3v3_Demo/src/install/booster_interface/include/booster_interface/booster_interface/msg/detail/motor_state__type_support.cpp\n'}
[137.389638] (booster_interface) StdoutLine: {'line': b'-- Installing: /home/booster/Workspace/Booster_T1_3v3_Demo/src/install/booster_interface/include/booster_interface/booster_interface/msg/detail/booster_api_req_msg__rosidl_typesupport_introspection_cpp.hpp\n'}
[137.389752] (booster_interface) StdoutLine: {'line': b'-- Installing: /home/booster/Workspace/Booster_T1_3v3_Demo/src/install/booster_interface/include/booster_interface/booster_interface/msg/detail/remote_controller_state__type_support.cpp\n'}
[137.389955] (booster_interface) StdoutLine: {'line': b'-- Installing: /home/booster/Workspace/Booster_T1_3v3_Demo/src/install/booster_interface/include/booster_interface/booster_interface/msg/detail/hand_command__type_support.cpp\n'}
[137.390191] (booster_interface) StdoutLine: {'line': b'-- Installing: /home/booster/Workspace/Booster_T1_3v3_Demo/src/install/booster_interface/include/booster_interface/booster_interface/msg/detail/raw_bytes_msg__rosidl_typesupport_introspection_cpp.hpp\n'}
[137.390311] (booster_interface) StdoutLine: {'line': b'-- Installing: /home/booster/Workspace/Booster_T1_3v3_Demo/src/install/booster_interface/include/booster_interface/booster_interface/msg/detail/booster_api_resp_msg__rosidl_typesupport_introspection_cpp.hpp\n'}
[137.390435] (booster_interface) StdoutLine: {'line': b'-- Installing: /home/booster/Workspace/Booster_T1_3v3_Demo/src/install/booster_interface/include/booster_interface/booster_interface/msg/detail/low_state__type_support.cpp\n'}
[137.390838] (booster_interface) StdoutLine: {'line': b'-- Installing: /home/booster/Workspace/Booster_T1_3v3_Demo/src/install/booster_interface/include/booster_interface/booster_interface/msg/detail/low_cmd__type_support.cpp\n'}
[137.390946] (booster_interface) StdoutLine: {'line': b'-- Installing: /home/booster/Workspace/Booster_T1_3v3_Demo/src/install/booster_interface/include/booster_interface/booster_interface/msg/detail/motor_cmd__type_support.cpp\n'}
[137.391034] (booster_interface) StdoutLine: {'line': b'-- Installing: /home/booster/Workspace/Booster_T1_3v3_Demo/src/install/booster_interface/lib/libbooster_interface__rosidl_typesupport_introspection_cpp.so\n'}
[137.391706] (booster_interface) StdoutLine: {'line': b'-- Set runtime path of "/home/booster/Workspace/Booster_T1_3v3_Demo/src/install/booster_interface/lib/libbooster_interface__rosidl_typesupport_introspection_cpp.so" to ""\n'}
[137.391871] (booster_interface) StdoutLine: {'line': b'-- Installing: /home/booster/Workspace/Booster_T1_3v3_Demo/src/install/booster_interface/lib/libbooster_interface__rosidl_typesupport_cpp.so\n'}
[137.397362] (booster_interface) StdoutLine: {'line': b'-- Set runtime path of "/home/booster/Workspace/Booster_T1_3v3_Demo/src/install/booster_interface/lib/libbooster_interface__rosidl_typesupport_cpp.so" to ""\n'}
[137.397695] (booster_interface) StdoutLine: {'line': b'-- Installing: /home/booster/Workspace/Booster_T1_3v3_Demo/src/install/booster_interface/share/booster_interface/environment/pythonpath.sh\n'}
[137.397877] (booster_interface) StdoutLine: {'line': b'-- Installing: /home/booster/Workspace/Booster_T1_3v3_Demo/src/install/booster_interface/share/booster_interface/environment/pythonpath.dsv\n'}
[137.398067] (booster_interface) StdoutLine: {'line': b'-- Installing: /home/booster/Workspace/Booster_T1_3v3_Demo/src/install/booster_interface/local/lib/python3.10/dist-packages/booster_interface-0.0.0-py3.10.egg-info\n'}
[137.398417] (booster_interface) StdoutLine: {'line': b'-- Installing: /home/booster/Workspace/Booster_T1_3v3_Demo/src/install/booster_interface/local/lib/python3.10/dist-packages/booster_interface-0.0.0-py3.10.egg-info/dependency_links.txt\n'}
[137.398627] (booster_interface) StdoutLine: {'line': b'-- Installing: /home/booster/Workspace/Booster_T1_3v3_Demo/src/install/booster_interface/local/lib/python3.10/dist-packages/booster_interface-0.0.0-py3.10.egg-info/PKG-INFO\n'}
[137.398769] (booster_interface) StdoutLine: {'line': b'-- Installing: /home/booster/Workspace/Booster_T1_3v3_Demo/src/install/booster_interface/local/lib/python3.10/dist-packages/booster_interface-0.0.0-py3.10.egg-info/top_level.txt\n'}
[137.399057] (booster_interface) StdoutLine: {'line': b'-- Installing: /home/booster/Workspace/Booster_T1_3v3_Demo/src/install/booster_interface/local/lib/python3.10/dist-packages/booster_interface-0.0.0-py3.10.egg-info/SOURCES.txt\n'}
[137.399350] (booster_interface) StdoutLine: {'line': b'-- Installing: /home/booster/Workspace/Booster_T1_3v3_Demo/src/install/booster_interface/local/lib/python3.10/dist-packages/booster_interface\n'}
[137.399527] (booster_interface) StdoutLine: {'line': b'-- Installing: /home/booster/Workspace/Booster_T1_3v3_Demo/src/install/booster_interface/local/lib/python3.10/dist-packages/booster_interface/booster_interface_s__rosidl_typesupport_c.cpython-310-aarch64-linux-gnu.so\n'}
[137.399830] (booster_interface) StdoutLine: {'line': b'-- Installing: /home/booster/Workspace/Booster_T1_3v3_Demo/src/install/booster_interface/local/lib/python3.10/dist-packages/booster_interface/__init__.py\n'}
[137.400074] (booster_interface) StdoutLine: {'line': b'-- Installing: /home/booster/Workspace/Booster_T1_3v3_Demo/src/install/booster_interface/local/lib/python3.10/dist-packages/booster_interface/srv\n'}
[137.400237] (booster_interface) StdoutLine: {'line': b'-- Installing: /home/booster/Workspace/Booster_T1_3v3_Demo/src/install/booster_interface/local/lib/python3.10/dist-packages/booster_interface/srv/_agent_service_s.c\n'}
[137.400414] (booster_interface) StdoutLine: {'line': b'-- Installing: /home/booster/Workspace/Booster_T1_3v3_Demo/src/install/booster_interface/local/lib/python3.10/dist-packages/booster_interface/srv/__init__.py\n'}
[137.400619] (booster_interface) StdoutLine: {'line': b'-- Installing: /home/booster/Workspace/Booster_T1_3v3_Demo/src/install/booster_interface/local/lib/python3.10/dist-packages/booster_interface/srv/_rpc_service.py\n'}
[137.400827] (booster_interface) StdoutLine: {'line': b'-- Installing: /home/booster/Workspace/Booster_T1_3v3_Demo/src/install/booster_interface/local/lib/python3.10/dist-packages/booster_interface/srv/_agent_service.py\n'}
[137.401123] (booster_interface) StdoutLine: {'line': b'-- Installing: /home/booster/Workspace/Booster_T1_3v3_Demo/src/install/booster_interface/local/lib/python3.10/dist-packages/booster_interface/srv/_rpc_service_s.c\n'}
[137.401421] (booster_interface) StdoutLine: {'line': b'-- Installing: /home/booster/Workspace/Booster_T1_3v3_Demo/src/install/booster_interface/local/lib/python3.10/dist-packages/booster_interface/booster_interface_s__rosidl_typesupport_fastrtps_c.cpython-310-aarch64-linux-gnu.so\n'}
[137.401645] (booster_interface) StdoutLine: {'line': b'-- Installing: /home/booster/Workspace/Booster_T1_3v3_Demo/src/install/booster_interface/local/lib/python3.10/dist-packages/booster_interface/booster_interface_s__rosidl_typesupport_introspection_c.cpython-310-aarch64-linux-gnu.so\n'}
[137.401918] (booster_interface) StdoutLine: {'line': b'-- Installing: /home/booster/Workspace/Booster_T1_3v3_Demo/src/install/booster_interface/local/lib/python3.10/dist-packages/booster_interface/_booster_interface_s.ep.rosidl_typesupport_introspection_c.c\n'}
[137.402307] (booster_interface) StdoutLine: {'line': b'-- Installing: /home/booster/Workspace/Booster_T1_3v3_Demo/src/install/booster_interface/local/lib/python3.10/dist-packages/booster_interface/msg\n'}
[137.402522] (booster_interface) StdoutLine: {'line': b'-- Installing: /home/booster/Workspace/Booster_T1_3v3_Demo/src/install/booster_interface/local/lib/python3.10/dist-packages/booster_interface/msg/__init__.py\n'}
[137.402689] (booster_interface) StdoutLine: {'line': b'-- Installing: /home/booster/Workspace/Booster_T1_3v3_Demo/src/install/booster_interface/local/lib/python3.10/dist-packages/booster_interface/msg/_odometer_s.c\n'}
[137.402865] (booster_interface) StdoutLine: {'line': b'-- Installing: /home/booster/Workspace/Booster_T1_3v3_Demo/src/install/booster_interface/local/lib/python3.10/dist-packages/booster_interface/msg/_booster_api_resp_msg.py\n'}
[137.403067] (booster_interface) StdoutLine: {'line': b'-- Installing: /home/booster/Workspace/Booster_T1_3v3_Demo/src/install/booster_interface/local/lib/python3.10/dist-packages/booster_interface/msg/_fall_down_state_s.c\n'}
[137.403319] (booster_interface) StdoutLine: {'line': b'-- Installing: /home/booster/Workspace/Booster_T1_3v3_Demo/src/install/booster_interface/local/lib/python3.10/dist-packages/booster_interface/msg/_hand_command_s.c\n'}
[137.403504] (booster_interface) StdoutLine: {'line': b'-- Installing: /home/booster/Workspace/Booster_T1_3v3_Demo/src/install/booster_interface/local/lib/python3.10/dist-packages/booster_interface/msg/_motor_cmd.py\n'}
[137.403700] (booster_interface) StdoutLine: {'line': b'-- Installing: /home/booster/Workspace/Booster_T1_3v3_Demo/src/install/booster_interface/local/lib/python3.10/dist-packages/booster_interface/msg/_motor_state_s.c\n'}
[137.403904] (booster_interface) StdoutLine: {'line': b'-- Installing: /home/booster/Workspace/Booster_T1_3v3_Demo/src/install/booster_interface/local/lib/python3.10/dist-packages/booster_interface/msg/_remote_controller_state.py\n'}
[137.404088] (booster_interface) StdoutLine: {'line': b'-- Installing: /home/booster/Workspace/Booster_T1_3v3_Demo/src/install/booster_interface/local/lib/python3.10/dist-packages/booster_interface/msg/_imu_state.py\n'}
[137.404424] (booster_interface) StdoutLine: {'line': b'-- Installing: /home/booster/Workspace/Booster_T1_3v3_Demo/src/install/booster_interface/local/lib/python3.10/dist-packages/booster_interface/msg/_raw_bytes_stamped.py\n'}
[137.404642] (booster_interface) StdoutLine: {'line': b'-- Installing: /home/booster/Workspace/Booster_T1_3v3_Demo/src/install/booster_interface/local/lib/python3.10/dist-packages/booster_interface/msg/_low_cmd_s.c\n'}
[137.404811] (booster_interface) StdoutLine: {'line': b'-- Installing: /home/booster/Workspace/Booster_T1_3v3_Demo/src/install/booster_interface/local/lib/python3.10/dist-packages/booster_interface/msg/_raw_bytes_msg.py\n'}
[137.404961] (booster_interface) StdoutLine: {'line': b'-- Installing: /home/booster/Workspace/Booster_T1_3v3_Demo/src/install/booster_interface/local/lib/python3.10/dist-packages/booster_interface/msg/_low_cmd.py\n'}
[137.405150] (booster_interface) StdoutLine: {'line': b'-- Installing: /home/booster/Workspace/Booster_T1_3v3_Demo/src/install/booster_interface/local/lib/python3.10/dist-packages/booster_interface/msg/_imu_state_s.c\n'}
[137.405419] (booster_interface) StdoutLine: {'line': b'-- Installing: /home/booster/Workspace/Booster_T1_3v3_Demo/src/install/booster_interface/local/lib/python3.10/dist-packages/booster_interface/msg/_hand_param_s.c\n'}
[137.405666] (booster_interface) StdoutLine: {'line': b'-- Installing: /home/booster/Workspace/Booster_T1_3v3_Demo/src/install/booster_interface/local/lib/python3.10/dist-packages/booster_interface/msg/_hand_param.py\n'}
[137.405895] (booster_interface) StdoutLine: {'line': b'-- Installing: /home/booster/Workspace/Booster_T1_3v3_Demo/src/install/booster_interface/local/lib/python3.10/dist-packages/booster_interface/msg/_hand_dds_msg_s.c\n'}
[137.406063] (booster_interface) StdoutLine: {'line': b'-- Installing: /home/booster/Workspace/Booster_T1_3v3_Demo/src/install/booster_interface/local/lib/python3.10/dist-packages/booster_interface/msg/_hand_dds_msg.py\n'}
[137.406219] (booster_interface) StdoutLine: {'line': b'-- Installing: /home/booster/Workspace/Booster_T1_3v3_Demo/src/install/booster_interface/local/lib/python3.10/dist-packages/booster_interface/msg/_booster_api_req_msg.py\n'}
[137.406518] (booster_interface) StdoutLine: {'line': b'-- Installing: /home/booster/Workspace/Booster_T1_3v3_Demo/src/install/booster_interface/local/lib/python3.10/dist-packages/booster_interface/msg/_low_state_s.c\n'}
[137.406714] (booster_interface) StdoutLine: {'line': b'-- Installing: /home/booster/Workspace/Booster_T1_3v3_Demo/src/install/booster_interface/local/lib/python3.10/dist-packages/booster_interface/msg/_low_state.py\n'}
[137.406892] (booster_interface) StdoutLine: {'line': b'-- Installing: /home/booster/Workspace/Booster_T1_3v3_Demo/src/install/booster_interface/local/lib/python3.10/dist-packages/booster_interface/msg/_odometer.py\n'}
[137.407068] (booster_interface) StdoutLine: {'line': b'-- Installing: /home/booster/Workspace/Booster_T1_3v3_Demo/src/install/booster_interface/local/lib/python3.10/dist-packages/booster_interface/msg/_booster_api_resp_msg_s.c\n'}
[137.407249] (booster_interface) StdoutLine: {'line': b'-- Installing: /home/booster/Workspace/Booster_T1_3v3_Demo/src/install/booster_interface/local/lib/python3.10/dist-packages/booster_interface/msg/_raw_bytes_stamped_s.c\n'}
[137.407417] (booster_interface) StdoutLine: {'line': b'-- Installing: /home/booster/Workspace/Booster_T1_3v3_Demo/src/install/booster_interface/local/lib/python3.10/dist-packages/booster_interface/msg/_motor_cmd_s.c\n'}
[137.407716] (booster_interface) StdoutLine: {'line': b'-- Installing: /home/booster/Workspace/Booster_T1_3v3_Demo/src/install/booster_interface/local/lib/python3.10/dist-packages/booster_interface/msg/_button_event_msg.py\n'}
[137.407907] (booster_interface) StdoutLine: {'line': b'-- Installing: /home/booster/Workspace/Booster_T1_3v3_Demo/src/install/booster_interface/local/lib/python3.10/dist-packages/booster_interface/msg/_button_event_msg_s.c\n'}
[137.408112] (booster_interface) StdoutLine: {'line': b'-- Installing: /home/booster/Workspace/Booster_T1_3v3_Demo/src/install/booster_interface/local/lib/python3.10/dist-packages/booster_interface/msg/_hand_command.py\n'}
[137.408300] (booster_interface) StdoutLine: {'line': b'-- Installing: /home/booster/Workspace/Booster_T1_3v3_Demo/src/install/booster_interface/local/lib/python3.10/dist-packages/booster_interface/msg/_booster_api_req_msg_s.c\n'}
[137.408490] (booster_interface) StdoutLine: {'line': b'-- Installing: /home/booster/Workspace/Booster_T1_3v3_Demo/src/install/booster_interface/local/lib/python3.10/dist-packages/booster_interface/msg/_motor_state.py\n'}
[137.408841] (booster_interface) StdoutLine: {'line': b'-- Installing: /home/booster/Workspace/Booster_T1_3v3_Demo/src/install/booster_interface/local/lib/python3.10/dist-packages/booster_interface/msg/_fall_down_state.py\n'}
[137.408995] (booster_interface) StdoutLine: {'line': b'-- Installing: /home/booster/Workspace/Booster_T1_3v3_Demo/src/install/booster_interface/local/lib/python3.10/dist-packages/booster_interface/msg/_raw_bytes_msg_s.c\n'}
[137.409138] (booster_interface) StdoutLine: {'line': b'-- Installing: /home/booster/Workspace/Booster_T1_3v3_Demo/src/install/booster_interface/local/lib/python3.10/dist-packages/booster_interface/msg/_remote_controller_state_s.c\n'}
[137.409337] (booster_interface) StdoutLine: {'line': b'-- Installing: /home/booster/Workspace/Booster_T1_3v3_Demo/src/install/booster_interface/local/lib/python3.10/dist-packages/booster_interface/_booster_interface_s.ep.rosidl_typesupport_c.c\n'}
[137.409777] (booster_interface) StdoutLine: {'line': b'-- Installing: /home/booster/Workspace/Booster_T1_3v3_Demo/src/install/booster_interface/local/lib/python3.10/dist-packages/booster_interface/libbooster_interface__rosidl_generator_py.so\n'}
[137.410146] (booster_interface) StdoutLine: {'line': b'-- Installing: /home/booster/Workspace/Booster_T1_3v3_Demo/src/install/booster_interface/local/lib/python3.10/dist-packages/booster_interface/_booster_interface_s.ep.rosidl_typesupport_fastrtps_c.c\n'}
[137.465764] (-) TimerEvent: {}
[137.515175] (booster_interface) StdoutLine: {'line': b"Listing '/home/booster/Workspace/Booster_T1_3v3_Demo/src/install/booster_interface/local/lib/python3.10/dist-packages/booster_interface'...\n"}
[137.515505] (booster_interface) StdoutLine: {'line': b"Compiling '/home/booster/Workspace/Booster_T1_3v3_Demo/src/install/booster_interface/local/lib/python3.10/dist-packages/booster_interface/__init__.py'...\n"}
[137.515625] (booster_interface) StdoutLine: {'line': b"Listing '/home/booster/Workspace/Booster_T1_3v3_Demo/src/install/booster_interface/local/lib/python3.10/dist-packages/booster_interface/msg'...\n"}
[137.515722] (booster_interface) StdoutLine: {'line': b"Compiling '/home/booster/Workspace/Booster_T1_3v3_Demo/src/install/booster_interface/local/lib/python3.10/dist-packages/booster_interface/msg/__init__.py'...\n"}
[137.515814] (booster_interface) StdoutLine: {'line': b"Compiling '/home/booster/Workspace/Booster_T1_3v3_Demo/src/install/booster_interface/local/lib/python3.10/dist-packages/booster_interface/msg/_booster_api_req_msg.py'...\n"}
[137.515901] (booster_interface) StdoutLine: {'line': b"Compiling '/home/booster/Workspace/Booster_T1_3v3_Demo/src/install/booster_interface/local/lib/python3.10/dist-packages/booster_interface/msg/_booster_api_resp_msg.py'...\n"}
[137.515987] (booster_interface) StdoutLine: {'line': b"Compiling '/home/booster/Workspace/Booster_T1_3v3_Demo/src/install/booster_interface/local/lib/python3.10/dist-packages/booster_interface/msg/_button_event_msg.py'...\n"}
[137.516122] (booster_interface) StdoutLine: {'line': b"Compiling '/home/booster/Workspace/Booster_T1_3v3_Demo/src/install/booster_interface/local/lib/python3.10/dist-packages/booster_interface/msg/_fall_down_state.py'...\n"}
[137.516304] (booster_interface) StdoutLine: {'line': b"Compiling '/home/booster/Workspace/Booster_T1_3v3_Demo/src/install/booster_interface/local/lib/python3.10/dist-packages/booster_interface/msg/_hand_command.py'...\n"}
[137.516407] (booster_interface) StdoutLine: {'line': b"Compiling '/home/booster/Workspace/Booster_T1_3v3_Demo/src/install/booster_interface/local/lib/python3.10/dist-packages/booster_interface/msg/_hand_dds_msg.py'...\n"}
[137.516518] (booster_interface) StdoutLine: {'line': b"Compiling '/home/booster/Workspace/Booster_T1_3v3_Demo/src/install/booster_interface/local/lib/python3.10/dist-packages/booster_interface/msg/_hand_param.py'...\n"}
[137.516631] (booster_interface) StdoutLine: {'line': b"Compiling '/home/booster/Workspace/Booster_T1_3v3_Demo/src/install/booster_interface/local/lib/python3.10/dist-packages/booster_interface/msg/_imu_state.py'...\n"}
[137.518027] (booster_interface) StdoutLine: {'line': b"Compiling '/home/booster/Workspace/Booster_T1_3v3_Demo/src/install/booster_interface/local/lib/python3.10/dist-packages/booster_interface/msg/_low_cmd.py'...\n"}
[137.518160] (booster_interface) StdoutLine: {'line': b"Compiling '/home/booster/Workspace/Booster_T1_3v3_Demo/src/install/booster_interface/local/lib/python3.10/dist-packages/booster_interface/msg/_low_state.py'...\n"}
[137.518324] (booster_interface) StdoutLine: {'line': b"Compiling '/home/booster/Workspace/Booster_T1_3v3_Demo/src/install/booster_interface/local/lib/python3.10/dist-packages/booster_interface/msg/_motor_cmd.py'...\n"}
[137.518450] (booster_interface) StdoutLine: {'line': b"Compiling '/home/booster/Workspace/Booster_T1_3v3_Demo/src/install/booster_interface/local/lib/python3.10/dist-packages/booster_interface/msg/_motor_state.py'...\n"}
[137.518535] (booster_interface) StdoutLine: {'line': b"Compiling '/home/booster/Workspace/Booster_T1_3v3_Demo/src/install/booster_interface/local/lib/python3.10/dist-packages/booster_interface/msg/_odometer.py'...\n"}
[137.518619] (booster_interface) StdoutLine: {'line': b"Compiling '/home/booster/Workspace/Booster_T1_3v3_Demo/src/install/booster_interface/local/lib/python3.10/dist-packages/booster_interface/msg/_raw_bytes_msg.py'...\n"}
[137.518701] (booster_interface) StdoutLine: {'line': b"Compiling '/home/booster/Workspace/Booster_T1_3v3_Demo/src/install/booster_interface/local/lib/python3.10/dist-packages/booster_interface/msg/_raw_bytes_stamped.py'...\n"}
[137.518782] (booster_interface) StdoutLine: {'line': b"Compiling '/home/booster/Workspace/Booster_T1_3v3_Demo/src/install/booster_interface/local/lib/python3.10/dist-packages/booster_interface/msg/_remote_controller_state.py'...\n"}
[137.518863] (booster_interface) StdoutLine: {'line': b"Listing '/home/booster/Workspace/Booster_T1_3v3_Demo/src/install/booster_interface/local/lib/python3.10/dist-packages/booster_interface/srv'...\n"}
[137.518943] (booster_interface) StdoutLine: {'line': b"Compiling '/home/booster/Workspace/Booster_T1_3v3_Demo/src/install/booster_interface/local/lib/python3.10/dist-packages/booster_interface/srv/__init__.py'...\n"}
[137.519021] (booster_interface) StdoutLine: {'line': b"Compiling '/home/booster/Workspace/Booster_T1_3v3_Demo/src/install/booster_interface/local/lib/python3.10/dist-packages/booster_interface/srv/_agent_service.py'...\n"}
[137.519100] (booster_interface) StdoutLine: {'line': b"Compiling '/home/booster/Workspace/Booster_T1_3v3_Demo/src/install/booster_interface/local/lib/python3.10/dist-packages/booster_interface/srv/_rpc_service.py'...\n"}
[137.538792] (booster_interface) StdoutLine: {'line': b'-- Installing: /home/booster/Workspace/Booster_T1_3v3_Demo/src/install/booster_interface/local/lib/python3.10/dist-packages/booster_interface/booster_interface_s__rosidl_typesupport_fastrtps_c.cpython-310-aarch64-linux-gnu.so\n'}
[137.540127] (booster_interface) StdoutLine: {'line': b'-- Set runtime path of "/home/booster/Workspace/Booster_T1_3v3_Demo/src/install/booster_interface/local/lib/python3.10/dist-packages/booster_interface/booster_interface_s__rosidl_typesupport_fastrtps_c.cpython-310-aarch64-linux-gnu.so" to ""\n'}
[137.540298] (booster_interface) StdoutLine: {'line': b'-- Installing: /home/booster/Workspace/Booster_T1_3v3_Demo/src/install/booster_interface/local/lib/python3.10/dist-packages/booster_interface/booster_interface_s__rosidl_typesupport_introspection_c.cpython-310-aarch64-linux-gnu.so\n'}
[137.540399] (booster_interface) StdoutLine: {'line': b'-- Set runtime path of "/home/booster/Workspace/Booster_T1_3v3_Demo/src/install/booster_interface/local/lib/python3.10/dist-packages/booster_interface/booster_interface_s__rosidl_typesupport_introspection_c.cpython-310-aarch64-linux-gnu.so" to ""\n'}
[137.540495] (booster_interface) StdoutLine: {'line': b'-- Installing: /home/booster/Workspace/Booster_T1_3v3_Demo/src/install/booster_interface/local/lib/python3.10/dist-packages/booster_interface/booster_interface_s__rosidl_typesupport_c.cpython-310-aarch64-linux-gnu.so\n'}
[137.540621] (booster_interface) StdoutLine: {'line': b'-- Set runtime path of "/home/booster/Workspace/Booster_T1_3v3_Demo/src/install/booster_interface/local/lib/python3.10/dist-packages/booster_interface/booster_interface_s__rosidl_typesupport_c.cpython-310-aarch64-linux-gnu.so" to ""\n'}
[137.540742] (booster_interface) StdoutLine: {'line': b'-- Installing: /home/booster/Workspace/Booster_T1_3v3_Demo/src/install/booster_interface/lib/libbooster_interface__rosidl_generator_py.so\n'}
[137.543212] (booster_interface) StdoutLine: {'line': b'-- Set runtime path of "/home/booster/Workspace/Booster_T1_3v3_Demo/src/install/booster_interface/lib/libbooster_interface__rosidl_generator_py.so" to ""\n'}
[137.543747] (booster_interface) StdoutLine: {'line': b'-- Installing: /home/booster/Workspace/Booster_T1_3v3_Demo/src/install/booster_interface/share/booster_interface/msg/BoosterApiReqMsg.idl\n'}
[137.543862] (booster_interface) StdoutLine: {'line': b'-- Installing: /home/booster/Workspace/Booster_T1_3v3_Demo/src/install/booster_interface/share/booster_interface/msg/BoosterApiRespMsg.idl\n'}
[137.543952] (booster_interface) StdoutLine: {'line': b'-- Installing: /home/booster/Workspace/Booster_T1_3v3_Demo/src/install/booster_interface/share/booster_interface/msg/ButtonEventMsg.idl\n'}
[137.544041] (booster_interface) StdoutLine: {'line': b'-- Installing: /home/booster/Workspace/Booster_T1_3v3_Demo/src/install/booster_interface/share/booster_interface/msg/MotorState.idl\n'}
[137.544130] (booster_interface) StdoutLine: {'line': b'-- Installing: /home/booster/Workspace/Booster_T1_3v3_Demo/src/install/booster_interface/share/booster_interface/msg/MotorCmd.idl\n'}
[137.544213] (booster_interface) StdoutLine: {'line': b'-- Installing: /home/booster/Workspace/Booster_T1_3v3_Demo/src/install/booster_interface/share/booster_interface/msg/LowCmd.idl\n'}
[137.544572] (booster_interface) StdoutLine: {'line': b'-- Installing: /home/booster/Workspace/Booster_T1_3v3_Demo/src/install/booster_interface/share/booster_interface/msg/ImuState.idl\n'}
[137.546235] (booster_interface) StdoutLine: {'line': b'-- Installing: /home/booster/Workspace/Booster_T1_3v3_Demo/src/install/booster_interface/share/booster_interface/msg/LowState.idl\n'}
[137.546628] (booster_interface) StdoutLine: {'line': b'-- Installing: /home/booster/Workspace/Booster_T1_3v3_Demo/src/install/booster_interface/share/booster_interface/msg/RawBytesMsg.idl\n'}
[137.547310] (booster_interface) StdoutLine: {'line': b'-- Installing: /home/booster/Workspace/Booster_T1_3v3_Demo/src/install/booster_interface/share/booster_interface/msg/RawBytesStamped.idl\n'}
[137.547942] (booster_interface) StdoutLine: {'line': b'-- Installing: /home/booster/Workspace/Booster_T1_3v3_Demo/src/install/booster_interface/share/booster_interface/msg/Odometer.idl\n'}
[137.548423] (booster_interface) StdoutLine: {'line': b'-- Installing: /home/booster/Workspace/Booster_T1_3v3_Demo/src/install/booster_interface/share/booster_interface/msg/FallDownState.idl\n'}
[137.548966] (booster_interface) StdoutLine: {'line': b'-- Installing: /home/booster/Workspace/Booster_T1_3v3_Demo/src/install/booster_interface/share/booster_interface/msg/RemoteControllerState.idl\n'}
[137.549648] (booster_interface) StdoutLine: {'line': b'-- Installing: /home/booster/Workspace/Booster_T1_3v3_Demo/src/install/booster_interface/share/booster_interface/msg/HandCommand.idl\n'}
[137.550033] (booster_interface) StdoutLine: {'line': b'-- Installing: /home/booster/Workspace/Booster_T1_3v3_Demo/src/install/booster_interface/share/booster_interface/msg/HandDdsMsg.idl\n'}
[137.550467] (booster_interface) StdoutLine: {'line': b'-- Installing: /home/booster/Workspace/Booster_T1_3v3_Demo/src/install/booster_interface/share/booster_interface/msg/HandParam.idl\n'}
[137.551841] (booster_interface) StdoutLine: {'line': b'-- Installing: /home/booster/Workspace/Booster_T1_3v3_Demo/src/install/booster_interface/share/booster_interface/srv/RpcService.idl\n'}
[137.552014] (booster_interface) StdoutLine: {'line': b'-- Installing: /home/booster/Workspace/Booster_T1_3v3_Demo/src/install/booster_interface/share/booster_interface/srv/AgentService.idl\n'}
[137.552557] (booster_interface) StdoutLine: {'line': b'-- Installing: /home/booster/Workspace/Booster_T1_3v3_Demo/src/install/booster_interface/share/booster_interface/msg/BoosterApiReqMsg.msg\n'}
[137.554417] (booster_interface) StdoutLine: {'line': b'-- Installing: /home/booster/Workspace/Booster_T1_3v3_Demo/src/install/booster_interface/share/booster_interface/msg/BoosterApiRespMsg.msg\n'}
[137.554711] (booster_interface) StdoutLine: {'line': b'-- Installing: /home/booster/Workspace/Booster_T1_3v3_Demo/src/install/booster_interface/share/booster_interface/msg/ButtonEventMsg.msg\n'}
[137.555269] (booster_interface) StdoutLine: {'line': b'-- Installing: /home/booster/Workspace/Booster_T1_3v3_Demo/src/install/booster_interface/share/booster_interface/msg/MotorState.msg\n'}
[137.555554] (booster_interface) StdoutLine: {'line': b'-- Installing: /home/booster/Workspace/Booster_T1_3v3_Demo/src/install/booster_interface/share/booster_interface/msg/MotorCmd.msg\n'}
[137.555779] (booster_interface) StdoutLine: {'line': b'-- Installing: /home/booster/Workspace/Booster_T1_3v3_Demo/src/install/booster_interface/share/booster_interface/msg/LowCmd.msg\n'}
[137.557835] (booster_interface) StdoutLine: {'line': b'-- Installing: /home/booster/Workspace/Booster_T1_3v3_Demo/src/install/booster_interface/share/booster_interface/msg/ImuState.msg\n'}
[137.558463] (booster_interface) StdoutLine: {'line': b'-- Installing: /home/booster/Workspace/Booster_T1_3v3_Demo/src/install/booster_interface/share/booster_interface/msg/LowState.msg\n'}
[137.558857] (booster_interface) StdoutLine: {'line': b'-- Installing: /home/booster/Workspace/Booster_T1_3v3_Demo/src/install/booster_interface/share/booster_interface/msg/RawBytesMsg.msg\n'}
[137.559107] (booster_interface) StdoutLine: {'line': b'-- Installing: /home/booster/Workspace/Booster_T1_3v3_Demo/src/install/booster_interface/share/booster_interface/msg/RawBytesStamped.msg\n'}
[137.560641] (booster_interface) StdoutLine: {'line': b'-- Installing: /home/booster/Workspace/Booster_T1_3v3_Demo/src/install/booster_interface/share/booster_interface/msg/Odometer.msg\n'}
[137.561026] (booster_interface) StdoutLine: {'line': b'-- Installing: /home/booster/Workspace/Booster_T1_3v3_Demo/src/install/booster_interface/share/booster_interface/msg/FallDownState.msg\n'}
[137.561294] (booster_interface) StdoutLine: {'line': b'-- Installing: /home/booster/Workspace/Booster_T1_3v3_Demo/src/install/booster_interface/share/booster_interface/msg/RemoteControllerState.msg\n'}
[137.564164] (booster_interface) StdoutLine: {'line': b'-- Installing: /home/booster/Workspace/Booster_T1_3v3_Demo/src/install/booster_interface/share/booster_interface/msg/HandCommand.msg\n'}
[137.564572] (booster_interface) StdoutLine: {'line': b'-- Installing: /home/booster/Workspace/Booster_T1_3v3_Demo/src/install/booster_interface/share/booster_interface/msg/HandDdsMsg.msg\n'}
[137.564915] (booster_interface) StdoutLine: {'line': b'-- Installing: /home/booster/Workspace/Booster_T1_3v3_Demo/src/install/booster_interface/share/booster_interface/msg/HandParam.msg\n'}
[137.565242] (booster_interface) StdoutLine: {'line': b'-- Installing: /home/booster/Workspace/Booster_T1_3v3_Demo/src/install/booster_interface/share/booster_interface/srv/RpcService.srv\n'}
[137.565453] (booster_interface) StdoutLine: {'line': b'-- Installing: /home/booster/Workspace/Booster_T1_3v3_Demo/src/install/booster_interface/share/booster_interface/srv/RpcService_Request.msg\n'}
[137.565818] (-) TimerEvent: {}
[137.568471] (booster_interface) StdoutLine: {'line': b'-- Installing: /home/booster/Workspace/Booster_T1_3v3_Demo/src/install/booster_interface/share/booster_interface/srv/RpcService_Response.msg\n'}
[137.568878] (booster_interface) StdoutLine: {'line': b'-- Installing: /home/booster/Workspace/Booster_T1_3v3_Demo/src/install/booster_interface/share/booster_interface/srv/AgentService.srv\n'}
[137.569127] (booster_interface) StdoutLine: {'line': b'-- Installing: /home/booster/Workspace/Booster_T1_3v3_Demo/src/install/booster_interface/share/booster_interface/srv/AgentService_Request.msg\n'}
[137.569290] (booster_interface) StdoutLine: {'line': b'-- Installing: /home/booster/Workspace/Booster_T1_3v3_Demo/src/install/booster_interface/share/booster_interface/srv/AgentService_Response.msg\n'}
[137.570645] (booster_interface) StdoutLine: {'line': b'-- Up-to-date: /home/booster/Workspace/Booster_T1_3v3_Demo/src/install/booster_interface/include/\n'}
[137.570930] (booster_interface) StdoutLine: {'line': b'-- Up-to-date: /home/booster/Workspace/Booster_T1_3v3_Demo/src/install/booster_interface/include//booster_interface\n'}
[137.571099] (booster_interface) StdoutLine: {'line': b'-- Up-to-date: /home/booster/Workspace/Booster_T1_3v3_Demo/src/install/booster_interface/include//booster_interface/booster_interface\n'}
[137.571194] (booster_interface) StdoutLine: {'line': b'-- Installing: /home/booster/Workspace/Booster_T1_3v3_Demo/src/install/booster_interface/include//booster_interface/booster_interface/third_party\n'}
[137.571930] (booster_interface) StdoutLine: {'line': b'-- Installing: /home/booster/Workspace/Booster_T1_3v3_Demo/src/install/booster_interface/include//booster_interface/booster_interface/third_party/nlohmann_json\n'}
[137.572100] (booster_interface) StdoutLine: {'line': b'-- Installing: /home/booster/Workspace/Booster_T1_3v3_Demo/src/install/booster_interface/include//booster_interface/booster_interface/third_party/nlohmann_json/json.hpp\n'}
[137.576193] (booster_interface) StdoutLine: {'line': b'-- Installing: /home/booster/Workspace/Booster_T1_3v3_Demo/src/install/booster_interface/include//booster_interface/booster_interface/message_utils.hpp\n'}
[137.580471] (booster_interface) StdoutLine: {'line': b'-- Installing: /home/booster/Workspace/Booster_T1_3v3_Demo/src/install/booster_interface/share/ament_index/resource_index/package_run_dependencies/booster_interface\n'}
[137.581844] (booster_interface) StdoutLine: {'line': b'-- Installing: /home/booster/Workspace/Booster_T1_3v3_Demo/src/install/booster_interface/share/ament_index/resource_index/parent_prefix_path/booster_interface\n'}
[137.581991] (booster_interface) StdoutLine: {'line': b'-- Installing: /home/booster/Workspace/Booster_T1_3v3_Demo/src/install/booster_interface/share/booster_interface/environment/ament_prefix_path.sh\n'}
[137.582160] (booster_interface) StdoutLine: {'line': b'-- Installing: /home/booster/Workspace/Booster_T1_3v3_Demo/src/install/booster_interface/share/booster_interface/environment/ament_prefix_path.dsv\n'}
[137.582292] (booster_interface) StdoutLine: {'line': b'-- Installing: /home/booster/Workspace/Booster_T1_3v3_Demo/src/install/booster_interface/share/booster_interface/environment/path.sh\n'}
[137.582398] (booster_interface) StdoutLine: {'line': b'-- Installing: /home/booster/Workspace/Booster_T1_3v3_Demo/src/install/booster_interface/share/booster_interface/environment/path.dsv\n'}
[137.582797] (booster_interface) StdoutLine: {'line': b'-- Installing: /home/booster/Workspace/Booster_T1_3v3_Demo/src/install/booster_interface/share/booster_interface/local_setup.bash\n'}
[137.582941] (booster_interface) StdoutLine: {'line': b'-- Installing: /home/booster/Workspace/Booster_T1_3v3_Demo/src/install/booster_interface/share/booster_interface/local_setup.sh\n'}
[137.583047] (booster_interface) StdoutLine: {'line': b'-- Installing: /home/booster/Workspace/Booster_T1_3v3_Demo/src/install/booster_interface/share/booster_interface/local_setup.zsh\n'}
[137.583177] (booster_interface) StdoutLine: {'line': b'-- Installing: /home/booster/Workspace/Booster_T1_3v3_Demo/src/install/booster_interface/share/booster_interface/local_setup.dsv\n'}
[137.583265] (booster_interface) StdoutLine: {'line': b'-- Installing: /home/booster/Workspace/Booster_T1_3v3_Demo/src/install/booster_interface/share/booster_interface/package.dsv\n'}
[137.583575] (booster_interface) StdoutLine: {'line': b'-- Installing: /home/booster/Workspace/Booster_T1_3v3_Demo/src/install/booster_interface/share/ament_index/resource_index/packages/booster_interface\n'}
[137.583724] (booster_interface) StdoutLine: {'line': b'-- Installing: /home/booster/Workspace/Booster_T1_3v3_Demo/src/install/booster_interface/share/booster_interface/cmake/export_booster_interface__rosidl_generator_cExport.cmake\n'}
[137.583818] (booster_interface) StdoutLine: {'line': b'-- Installing: /home/booster/Workspace/Booster_T1_3v3_Demo/src/install/booster_interface/share/booster_interface/cmake/export_booster_interface__rosidl_generator_cExport-noconfig.cmake\n'}
[137.583905] (booster_interface) StdoutLine: {'line': b'-- Installing: /home/booster/Workspace/Booster_T1_3v3_Demo/src/install/booster_interface/share/booster_interface/cmake/export_booster_interface__rosidl_typesupport_fastrtps_cExport.cmake\n'}
[137.584034] (booster_interface) StdoutLine: {'line': b'-- Installing: /home/booster/Workspace/Booster_T1_3v3_Demo/src/install/booster_interface/share/booster_interface/cmake/export_booster_interface__rosidl_typesupport_fastrtps_cExport-noconfig.cmake\n'}
[137.584119] (booster_interface) StdoutLine: {'line': b'-- Installing: /home/booster/Workspace/Booster_T1_3v3_Demo/src/install/booster_interface/share/booster_interface/cmake/export_booster_interface__rosidl_generator_cppExport.cmake\n'}
[137.584252] (booster_interface) StdoutLine: {'line': b'-- Installing: /home/booster/Workspace/Booster_T1_3v3_Demo/src/install/booster_interface/share/booster_interface/cmake/export_booster_interface__rosidl_typesupport_fastrtps_cppExport.cmake\n'}
[137.584574] (booster_interface) StdoutLine: {'line': b'-- Installing: /home/booster/Workspace/Booster_T1_3v3_Demo/src/install/booster_interface/share/booster_interface/cmake/export_booster_interface__rosidl_typesupport_fastrtps_cppExport-noconfig.cmake\n'}
[137.584893] (booster_interface) StdoutLine: {'line': b'-- Installing: /home/booster/Workspace/Booster_T1_3v3_Demo/src/install/booster_interface/share/booster_interface/cmake/booster_interface__rosidl_typesupport_introspection_cExport.cmake\n'}
[137.585378] (booster_interface) StdoutLine: {'line': b'-- Installing: /home/booster/Workspace/Booster_T1_3v3_Demo/src/install/booster_interface/share/booster_interface/cmake/booster_interface__rosidl_typesupport_introspection_cExport-noconfig.cmake\n'}
[137.585593] (booster_interface) StdoutLine: {'line': b'-- Installing: /home/booster/Workspace/Booster_T1_3v3_Demo/src/install/booster_interface/share/booster_interface/cmake/booster_interface__rosidl_typesupport_cExport.cmake\n'}
[137.585846] (booster_interface) StdoutLine: {'line': b'-- Installing: /home/booster/Workspace/Booster_T1_3v3_Demo/src/install/booster_interface/share/booster_interface/cmake/booster_interface__rosidl_typesupport_cExport-noconfig.cmake\n'}
[137.586213] (booster_interface) StdoutLine: {'line': b'-- Installing: /home/booster/Workspace/Booster_T1_3v3_Demo/src/install/booster_interface/share/booster_interface/cmake/booster_interface__rosidl_typesupport_introspection_cppExport.cmake\n'}
[137.586546] (booster_interface) StdoutLine: {'line': b'-- Installing: /home/booster/Workspace/Booster_T1_3v3_Demo/src/install/booster_interface/share/booster_interface/cmake/booster_interface__rosidl_typesupport_introspection_cppExport-noconfig.cmake\n'}
[137.586856] (booster_interface) StdoutLine: {'line': b'-- Installing: /home/booster/Workspace/Booster_T1_3v3_Demo/src/install/booster_interface/share/booster_interface/cmake/booster_interface__rosidl_typesupport_cppExport.cmake\n'}
[137.587144] (booster_interface) StdoutLine: {'line': b'-- Installing: /home/booster/Workspace/Booster_T1_3v3_Demo/src/install/booster_interface/share/booster_interface/cmake/booster_interface__rosidl_typesupport_cppExport-noconfig.cmake\n'}
[137.587513] (booster_interface) StdoutLine: {'line': b'-- Installing: /home/booster/Workspace/Booster_T1_3v3_Demo/src/install/booster_interface/share/booster_interface/cmake/export_booster_interface__rosidl_generator_pyExport.cmake\n'}
[137.587757] (booster_interface) StdoutLine: {'line': b'-- Installing: /home/booster/Workspace/Booster_T1_3v3_Demo/src/install/booster_interface/share/booster_interface/cmake/export_booster_interface__rosidl_generator_pyExport-noconfig.cmake\n'}
[137.587972] (booster_interface) StdoutLine: {'line': b'-- Installing: /home/booster/Workspace/Booster_T1_3v3_Demo/src/install/booster_interface/share/booster_interface/cmake/rosidl_cmake-extras.cmake\n'}
[137.588214] (booster_interface) StdoutLine: {'line': b'-- Installing: /home/booster/Workspace/Booster_T1_3v3_Demo/src/install/booster_interface/share/booster_interface/cmake/ament_cmake_export_dependencies-extras.cmake\n'}
[137.588523] (booster_interface) StdoutLine: {'line': b'-- Installing: /home/booster/Workspace/Booster_T1_3v3_Demo/src/install/booster_interface/share/booster_interface/cmake/ament_cmake_export_include_directories-extras.cmake\n'}
[137.588804] (booster_interface) StdoutLine: {'line': b'-- Installing: /home/booster/Workspace/Booster_T1_3v3_Demo/src/install/booster_interface/share/booster_interface/cmake/ament_cmake_export_libraries-extras.cmake\n'}
[137.589109] (booster_interface) StdoutLine: {'line': b'-- Installing: /home/booster/Workspace/Booster_T1_3v3_Demo/src/install/booster_interface/share/booster_interface/cmake/ament_cmake_export_targets-extras.cmake\n'}
[137.589439] (booster_interface) StdoutLine: {'line': b'-- Installing: /home/booster/Workspace/Booster_T1_3v3_Demo/src/install/booster_interface/share/booster_interface/cmake/rosidl_cmake_export_typesupport_targets-extras.cmake\n'}
[137.589610] (booster_interface) StdoutLine: {'line': b'-- Installing: /home/booster/Workspace/Booster_T1_3v3_Demo/src/install/booster_interface/share/booster_interface/cmake/rosidl_cmake_export_typesupport_libraries-extras.cmake\n'}
[137.589924] (booster_interface) StdoutLine: {'line': b'-- Installing: /home/booster/Workspace/Booster_T1_3v3_Demo/src/install/booster_interface/share/booster_interface/cmake/booster_interfaceConfig.cmake\n'}
[137.590144] (booster_interface) StdoutLine: {'line': b'-- Installing: /home/booster/Workspace/Booster_T1_3v3_Demo/src/install/booster_interface/share/booster_interface/cmake/booster_interfaceConfig-version.cmake\n'}
[137.590793] (booster_interface) StdoutLine: {'line': b'-- Installing: /home/booster/Workspace/Booster_T1_3v3_Demo/src/install/booster_interface/share/booster_interface/package.xml\n'}
[137.612444] (booster_interface) CommandEnded: {'returncode': 0}
[137.643763] (booster_interface) JobEnded: {'identifier': 'booster_interface', 'rc': 0}
[137.647304] (brain) JobStarted: {'identifier': 'brain'}
[137.666039] (-) TimerEvent: {}
[137.750242] (brain) JobProgress: {'identifier': 'brain', 'progress': 'cmake'}
[137.751153] (brain) Command: {'cmd': ['/usr/bin/cmake', '/home/booster/Workspace/Booster_T1_3v3_Demo/src/brain', '-DCMAKE_INSTALL_PREFIX=/home/booster/Workspace/Booster_T1_3v3_Demo/src/install/brain'], 'cwd': '/home/booster/Workspace/Booster_T1_3v3_Demo/src/build/brain', 'env': OrderedDict([('LESSOPEN', '| /usr/bin/lesspipe %s'), ('USER', 'booster'), ('SSH_CLIENT', '10.10.144.134 51037 22'), ('XDG_SESSION_TYPE', 'tty'), ('GIT_ASKPASS', '/home/booster/.cursor-server/bin/25412918da7e74b2686b25d62da1f01cfcd27680/extensions/git/dist/askpass.sh'), ('SHLVL', '1'), ('LD_LIBRARY_PATH', '/home/booster/Workspace/Booster_T1_3v3_Demo/src/install/vision_interface/lib:/home/booster/Workspace/Booster_T1_3v3_Demo/src/install/game_controller_interface/lib:/home/booster/Workspace/Booster_T1_3v3_Demo/src/install/booster_msgs/lib:/home/booster/Workspace/Booster_T1_3v3_Demo/src/install/booster_interface/lib:/opt/ros/humble/opt/rviz_ogre_vendor/lib:/opt/ros/humble/lib/aarch64-linux-gnu:/opt/ros/humble/lib:/usr/local/cuda/lib64'), ('BROWSER', '/home/booster/.cursor-server/bin/25412918da7e74b2686b25d62da1f01cfcd27680/bin/helpers/browser.sh'), ('MOTD_SHOWN', 'pam'), ('HOME', '/home/booster'), ('OLDPWD', '/home/booster/Workspace/Booster_T1_3v3_Demo'), ('TERM_PROGRAM_VERSION', '2.0.64'), ('VSCODE_IPC_HOOK_CLI', '/run/user/1000/vscode-ipc-f7ed2610-5b6c-48c9-89fc-6c8784f58529.sock'), ('JETSON_L4T', '36.4.3'), ('ROS_PYTHON_VERSION', '3'), ('JETSON_MODEL', 'Booster T1 AGX Orin V2.1'), ('VSCODE_GIT_ASKPASS_MAIN', '/home/booster/.cursor-server/bin/25412918da7e74b2686b25d62da1f01cfcd27680/extensions/git/dist/askpass-main.js'), ('VSCODE_GIT_ASKPASS_NODE', '/home/booster/.cursor-server/bin/25412918da7e74b2686b25d62da1f01cfcd27680/node'), ('DBUS_SESSION_BUS_ADDRESS', 'unix:path=/run/user/1000/bus'), ('COLORTERM', 'truecolor'), ('ROS_DISTRO', 'humble'), ('LOGNAME', 'booster'), ('JETSON_MODULE', 'NVIDIA Jetson AGX Orin (32GB ram)'), ('JETSON_SERIAL_NUMBER', '1421225046990'), ('_', '/usr/bin/colcon'), ('ROS_VERSION', '2'), ('XDG_SESSION_CLASS', 'user'), ('TERM', 'xterm-256color'), ('XDG_SESSION_ID', '7'), ('ROS_LOCALHOST_ONLY', '0'), ('PATH', '/opt/ros/humble/bin:/usr/local/cuda/bin:/usr/local/sbin:/usr/local/bin:/usr/sbin:/usr/bin:/sbin:/bin:/snap/bin'), ('FASTRTPS_DEFAULT_PROFILES_FILE', '/opt/booster/BoosterRos2/fastdds_profile.xml'), ('CUDA_ROOT', '/usr/local/cuda'), ('XDG_RUNTIME_DIR', '/run/user/1000'), ('LANG', 'en_US.UTF-8'), ('LS_COLORS', 'rs=0:di=01;34:ln=01;36:mh=00:pi=40;33:so=01;35:do=01;35:bd=40;33;01:cd=40;33;01:or=40;31;01:mi=00:su=37;41:sg=30;43:ca=30;41:tw=30;42:ow=34;42:st=37;44:ex=01;32:*.tar=01;31:*.tgz=01;31:*.arc=01;31:*.arj=01;31:*.taz=01;31:*.lha=01;31:*.lz4=01;31:*.lzh=01;31:*.lzma=01;31:*.tlz=01;31:*.txz=01;31:*.tzo=01;31:*.t7z=01;31:*.zip=01;31:*.z=01;31:*.dz=01;31:*.gz=01;31:*.lrz=01;31:*.lz=01;31:*.lzo=01;31:*.xz=01;31:*.zst=01;31:*.tzst=01;31:*.bz2=01;31:*.bz=01;31:*.tbz=01;31:*.tbz2=01;31:*.tz=01;31:*.deb=01;31:*.rpm=01;31:*.jar=01;31:*.war=01;31:*.ear=01;31:*.sar=01;31:*.rar=01;31:*.alz=01;31:*.ace=01;31:*.zoo=01;31:*.cpio=01;31:*.7z=01;31:*.rz=01;31:*.cab=01;31:*.wim=01;31:*.swm=01;31:*.dwm=01;31:*.esd=01;31:*.jpg=01;35:*.jpeg=01;35:*.mjpg=01;35:*.mjpeg=01;35:*.gif=01;35:*.bmp=01;35:*.pbm=01;35:*.pgm=01;35:*.ppm=01;35:*.tga=01;35:*.xbm=01;35:*.xpm=01;35:*.tif=01;35:*.tiff=01;35:*.png=01;35:*.svg=01;35:*.svgz=01;35:*.mng=01;35:*.pcx=01;35:*.mov=01;35:*.mpg=01;35:*.mpeg=01;35:*.m2v=01;35:*.mkv=01;35:*.webm=01;35:*.webp=01;35:*.ogm=01;35:*.mp4=01;35:*.m4v=01;35:*.mp4v=01;35:*.vob=01;35:*.qt=01;35:*.nuv=01;35:*.wmv=01;35:*.asf=01;35:*.rm=01;35:*.rmvb=01;35:*.flc=01;35:*.avi=01;35:*.fli=01;35:*.flv=01;35:*.gl=01;35:*.dl=01;35:*.xcf=01;35:*.xwd=01;35:*.yuv=01;35:*.cgm=01;35:*.emf=01;35:*.ogv=01;35:*.ogx=01;35:*.aac=00;36:*.au=00;36:*.flac=00;36:*.m4a=00;36:*.mid=00;36:*.midi=00;36:*.mka=00;36:*.mp3=00;36:*.mpc=00;36:*.ogg=00;36:*.ra=00;36:*.wav=00;36:*.oga=00;36:*.opus=00;36:*.spx=00;36:*.xspf=00;36:'), ('JETSON_SOC', 'tegra234'), ('VSCODE_GIT_IPC_HANDLE', '/run/user/1000/vscode-git-d36fc8e34d.sock'), ('TERM_PROGRAM', 'vscode'), ('AMENT_PREFIX_PATH', '/home/booster/Workspace/Booster_T1_3v3_Demo/src/install/vision_interface:/home/booster/Workspace/Booster_T1_3v3_Demo/src/install/game_controller_interface:/home/booster/Workspace/Booster_T1_3v3_Demo/src/install/booster_msgs:/home/booster/Workspace/Booster_T1_3v3_Demo/src/install/booster_interface:/opt/ros/humble'), ('SHELL', '/bin/bash'), ('LESSCLOSE', '/usr/bin/lesspipe %s %s'), ('VSCODE_GIT_ASKPASS_EXTRA_ARGS', ''), ('JETSON_CUDA_ARCH_BIN', '8.7'), ('PWD', '/home/booster/Workspace/Booster_T1_3v3_Demo/src/build/brain'), ('SSH_CONNECTION', '10.10.144.134 51037 10.10.144.147 22'), ('XDG_DATA_DIRS', '/usr/share/gnome:/usr/local/share:/usr/share:/var/lib/snapd/desktop'), ('PYTHONPATH', '/home/booster/Workspace/Booster_T1_3v3_Demo/src/install/vision_interface/local/lib/python3.10/dist-packages:/home/booster/Workspace/Booster_T1_3v3_Demo/src/install/game_controller_interface/local/lib/python3.10/dist-packages:/home/booster/Workspace/Booster_T1_3v3_Demo/src/install/booster_msgs/local/lib/python3.10/dist-packages:/home/booster/Workspace/Booster_T1_3v3_Demo/src/install/booster_interface/local/lib/python3.10/dist-packages:/opt/ros/humble/lib/python3.10/site-packages:/opt/ros/humble/local/lib/python3.10/dist-packages'), ('COLCON', '1'), ('JETSON_JETPACK', '6.2'), ('JETSON_P_NUMBER', 'p3701-0004'), ('CMAKE_PREFIX_PATH', '/home/booster/Workspace/Booster_T1_3v3_Demo/src/install/vision_interface:/home/booster/Workspace/Booster_T1_3v3_Demo/src/install/game_controller_interface:/home/booster/Workspace/Booster_T1_3v3_Demo/src/install/booster_msgs:/home/booster/Workspace/Booster_T1_3v3_Demo/src/install/booster_interface:/opt/ros/humble')]), 'shell': False}
[137.766200] (-) TimerEvent: {}
[137.867293] (-) TimerEvent: {}
[137.911311] (brain) StdoutLine: {'line': b'-- The C compiler identification is GNU 11.4.0\n'}
[137.968204] (-) TimerEvent: {}
[138.068876] (-) TimerEvent: {}
[138.152738] (brain) StdoutLine: {'line': b'-- The CXX compiler identification is GNU 11.4.0\n'}
[138.168896] (-) TimerEvent: {}
[138.186244] (brain) StdoutLine: {'line': b'-- Detecting C compiler ABI info\n'}
[138.269068] (-) TimerEvent: {}
[138.369621] (-) TimerEvent: {}
[138.470167] (-) TimerEvent: {}
[138.570657] (-) TimerEvent: {}
[138.631835] (brain) StdoutLine: {'line': b'-- Detecting C compiler ABI info - done\n'}
[138.651104] (brain) StdoutLine: {'line': b'-- Check for working C compiler: /usr/bin/cc - skipped\n'}
[138.665177] (brain) StdoutLine: {'line': b'-- Detecting C compile features\n'}
[138.666366] (brain) StdoutLine: {'line': b'-- Detecting C compile features - done\n'}
[138.670797] (-) TimerEvent: {}
[138.684351] (brain) StdoutLine: {'line': b'-- Detecting CXX compiler ABI info\n'}
[138.770940] (-) TimerEvent: {}
[138.871477] (-) TimerEvent: {}
[138.973105] (-) TimerEvent: {}
[138.989016] (brain) StdoutLine: {'line': b'-- Detecting CXX compiler ABI info - done\n'}
[139.018092] (brain) StdoutLine: {'line': b'-- Check for working CXX compiler: /usr/bin/c++ - skipped\n'}
[139.018807] (brain) StdoutLine: {'line': b'-- Detecting CXX compile features\n'}
[139.019461] (brain) StdoutLine: {'line': b'-- Detecting CXX compile features - done\n'}
[139.024706] (brain) StdoutLine: {'line': b'-- Found ament_cmake: 1.3.11 (/opt/ros/humble/share/ament_cmake/cmake)\n'}
[139.073236] (-) TimerEvent: {}
[139.173719] (-) TimerEvent: {}
[139.274254] (-) TimerEvent: {}
[139.374768] (-) TimerEvent: {}
[139.475484] (-) TimerEvent: {}
[139.539736] (brain) StdoutLine: {'line': b'-- Found Python3: /usr/bin/python3 (found version "3.10.12") found components: Interpreter \n'}
[139.575734] (-) TimerEvent: {}
[139.676271] (-) TimerEvent: {}
[139.776824] (-) TimerEvent: {}
[139.785161] (brain) StdoutLine: {'line': b'-- Found rclcpp: 16.0.12 (/opt/ros/humble/share/rclcpp/cmake)\n'}
[139.868439] (brain) StdoutLine: {'line': b'-- Found rosidl_generator_c: 3.1.6 (/opt/ros/humble/share/rosidl_generator_c/cmake)\n'}
[139.876988] (-) TimerEvent: {}
[139.878559] (brain) StdoutLine: {'line': b'-- Found rosidl_adapter: 3.1.6 (/opt/ros/humble/share/rosidl_adapter/cmake)\n'}
[139.906304] (brain) StdoutLine: {'line': b'-- Found rosidl_generator_cpp: 3.1.6 (/opt/ros/humble/share/rosidl_generator_cpp/cmake)\n'}
[139.928219] (brain) StdoutLine: {'line': b'-- Using all available rosidl_typesupport_c: rosidl_typesupport_fastrtps_c;rosidl_typesupport_introspection_c\n'}
[139.959490] (brain) StdoutLine: {'line': b'-- Using all available rosidl_typesupport_cpp: rosidl_typesupport_fastrtps_cpp;rosidl_typesupport_introspection_cpp\n'}
[139.977185] (-) TimerEvent: {}
[140.054288] (brain) StdoutLine: {'line': b'-- Found rmw_implementation_cmake: 6.1.2 (/opt/ros/humble/share/rmw_implementation_cmake/cmake)\n'}
[140.059485] (brain) StdoutLine: {'line': b'-- Found rmw_fastrtps_cpp: 6.2.7 (/opt/ros/humble/share/rmw_fastrtps_cpp/cmake)\n'}
[140.077400] (-) TimerEvent: {}
[140.178013] (-) TimerEvent: {}
[140.278669] (-) TimerEvent: {}
[140.285172] (brain) StdoutLine: {'line': b'-- Found OpenSSL: /usr/lib/aarch64-linux-gnu/libcrypto.so (found version "3.0.2")  \n'}
[140.343081] (brain) StdoutLine: {'line': b'-- Found FastRTPS: /opt/ros/humble/include  \n'}
[140.378834] (-) TimerEvent: {}
[140.439209] (brain) StdoutLine: {'line': b"-- Using RMW implementation 'rmw_fastrtps_cpp' as default\n"}
[140.461435] (brain) StdoutLine: {'line': b'-- Looking for pthread.h\n'}
[140.478993] (-) TimerEvent: {}
[140.579520] (-) TimerEvent: {}
[140.680336] (-) TimerEvent: {}
[140.695054] (brain) StdoutLine: {'line': b'-- Looking for pthread.h - found\n'}
[140.697717] (brain) StdoutLine: {'line': b'-- Performing Test CMAKE_HAVE_LIBC_PTHREAD\n'}
[140.780824] (-) TimerEvent: {}
[140.834400] (brain) StdoutLine: {'line': b'-- Performing Test CMAKE_HAVE_LIBC_PTHREAD - Success\n'}
[140.836190] (brain) StdoutLine: {'line': b'-- Found Threads: TRUE  \n'}
[140.880959] (-) TimerEvent: {}
[140.915189] (brain) StdoutLine: {'line': b'-- Found sensor_msgs: 4.8.0 (/opt/ros/humble/share/sensor_msgs/cmake)\n'}
[140.960475] (brain) StdoutLine: {'line': b'-- Found behaviortree_cpp: 4.7.1 (/opt/ros/humble/share/behaviortree_cpp/cmake)\n'}
[140.967327] (brain) StdoutLine: {'line': b'-- Rerun is using bundled arrow library.\n'}
[140.978473] (brain) StdoutLine: {'line': b'-- Found booster_interface: 0.0.0 (/home/booster/Workspace/Booster_T1_3v3_Demo/src/install/booster_interface/share/booster_interface/cmake)\n'}
[140.981104] (-) TimerEvent: {}
[140.997610] (brain) StdoutLine: {'line': b'-- Found game_controller_interface: 1.0.0 (/home/booster/Workspace/Booster_T1_3v3_Demo/src/install/game_controller_interface/share/game_controller_interface/cmake)\n'}
[141.018505] (brain) StdoutLine: {'line': b'-- Found vision_interface: 1.0.0 (/home/booster/Workspace/Booster_T1_3v3_Demo/src/install/vision_interface/share/vision_interface/cmake)\n'}
[141.056332] (brain) StdoutLine: {'line': b'-- Found booster_msgs: 0.0.0 (/home/booster/Workspace/Booster_T1_3v3_Demo/src/install/booster_msgs/share/booster_msgs/cmake)\n'}
[141.081240] (-) TimerEvent: {}
[141.084380] (brain) StdoutLine: {'line': b'-- Found rosidl_default_generators: 1.2.0 (/opt/ros/humble/share/rosidl_default_generators/cmake)\n'}
[141.114611] (brain) StdoutLine: {'line': b'-- Found OpenCV: /usr (found version "4.8.0") \n'}
[141.120496] (brain) StdoutLine: {'line': b'-- Found tf2: 0.25.13 (/opt/ros/humble/share/tf2/cmake)\n'}
[141.150196] (brain) StdoutLine: {'line': b'-- Found tf2_ros: 0.25.13 (/opt/ros/humble/share/tf2_ros/cmake)\n'}
[141.181387] (-) TimerEvent: {}
[141.282648] (-) TimerEvent: {}
[141.344049] (brain) StdoutLine: {'line': b'-- Found tf2_geometry_msgs: 0.25.13 (/opt/ros/humble/share/tf2_geometry_msgs/cmake)\n'}
[141.365752] (brain) StdoutLine: {'line': b'-- Found eigen3_cmake_module: 0.1.1 (/opt/ros/humble/share/eigen3_cmake_module/cmake)\n'}
[141.368924] (brain) StdoutLine: {'line': b'-- Found Eigen3: TRUE (found version "3.4.0") \n'}
[141.369431] (brain) StdoutLine: {'line': b'-- Ensuring Eigen3 include directory is part of orocos-kdl CMake target\n'}
[141.382794] (-) TimerEvent: {}
[141.483293] (-) TimerEvent: {}
[141.583850] (-) TimerEvent: {}
[141.683825] (vision) StdoutLine: {'line': b'[ 18%] \x1b[32mBuilding CUDA object src/model/trt/CMakeFiles/yolov8_trt.dir/yololayer.cu.o\x1b[0m\n'}
[141.684169] (-) TimerEvent: {}
[141.784519] (-) TimerEvent: {}
[141.884988] (-) TimerEvent: {}
[141.985480] (-) TimerEvent: {}
[142.086002] (-) TimerEvent: {}
[142.186633] (-) TimerEvent: {}
[142.201677] (brain) StdoutLine: {'line': b'-- Found ament_cmake_ros: 0.10.0 (/opt/ros/humble/share/ament_cmake_ros/cmake)\n'}
[142.286828] (-) TimerEvent: {}
[142.387402] (-) TimerEvent: {}
[142.488048] (-) TimerEvent: {}
[142.588524] (-) TimerEvent: {}
[142.689464] (-) TimerEvent: {}
[142.790506] (-) TimerEvent: {}
[142.891021] (-) TimerEvent: {}
[142.991533] (-) TimerEvent: {}
[143.092116] (-) TimerEvent: {}
[143.192537] (-) TimerEvent: {}
[143.213551] (brain) StdoutLine: {'line': b'-- Using all available rosidl_typesupport_c: rosidl_typesupport_fastrtps_c;rosidl_typesupport_introspection_c\n'}
[143.292665] (-) TimerEvent: {}
[143.393162] (-) TimerEvent: {}
[143.493959] (-) TimerEvent: {}
[143.496327] (brain) StdoutLine: {'line': b'-- Using all available rosidl_typesupport_cpp: rosidl_typesupport_fastrtps_cpp;rosidl_typesupport_introspection_cpp\n'}
[143.548398] (brain) StdoutLine: {'line': b'-- Found PythonInterp: /usr/bin/python3 (found suitable version "3.10.12", minimum required is "3.6") \n'}
[143.551342] (brain) StdoutLine: {'line': b'-- Found python_cmake_module: 0.10.0 (/opt/ros/humble/share/python_cmake_module/cmake)\n'}
[143.594131] (-) TimerEvent: {}
[143.599725] (brain) StdoutLine: {'line': b'-- Found PythonLibs: /usr/lib/aarch64-linux-gnu/libpython3.10.so (found suitable version "3.10.12", minimum required is "3.5") \n'}
[143.601566] (brain) StdoutLine: {'line': b'-- Using PYTHON_EXECUTABLE: /usr/bin/python3\n'}
[143.601780] (brain) StdoutLine: {'line': b'-- Using PYTHON_INCLUDE_DIRS: /usr/include/python3.10\n'}
[143.601879] (brain) StdoutLine: {'line': b'-- Using PYTHON_LIBRARIES: /usr/lib/aarch64-linux-gnu/libpython3.10.so\n'}
[143.672432] (brain) StdoutLine: {'line': b'-- Found PythonExtra: .so  \n'}
[143.694303] (-) TimerEvent: {}
[143.795257] (-) TimerEvent: {}
[143.895784] (-) TimerEvent: {}
[143.996289] (-) TimerEvent: {}
[144.044830] (brain) StdoutLine: {'line': b'-- Using numpy include directory: /home/booster/.local/lib/python3.10/site-packages/numpy/core/include\n'}
[144.072157] (brain) StdoutLine: {'line': b'-- Found ament_lint_auto: 0.12.12 (/opt/ros/humble/share/ament_lint_auto/cmake)\n'}
[144.096443] (-) TimerEvent: {}
[144.118264] (brain) StdoutLine: {'line': b"-- Added test 'cppcheck' to perform static code analysis on C / C++ code\n"}
[144.129229] (brain) StdoutLine: {'line': b'-- Configured cppcheck include dirs: $<BUILD_INTERFACE:/home/booster/Workspace/Booster_T1_3v3_Demo/src/brain/include>\n'}
[144.130149] (brain) StdoutLine: {'line': b'-- Configured cppcheck exclude dirs and/or files: \n'}
[144.131054] (brain) StdoutLine: {'line': b"-- Added test 'flake8' to check Python code syntax and style conventions\n"}
[144.134076] (brain) StdoutLine: {'line': b"-- Added test 'lint_cmake' to check CMake code style\n"}
[144.136226] (brain) StdoutLine: {'line': b"-- Added test 'pep257' to check Python code against some of the docstring style conventions in PEP 257\n"}
[144.140245] (brain) StdoutLine: {'line': b"-- Added test 'uncrustify' to check C / C++ code style\n"}
[144.140573] (brain) StdoutLine: {'line': b'-- Configured uncrustify additional arguments: \n'}
[144.142166] (brain) StdoutLine: {'line': b"-- Added test 'xmllint' to check XML markup files\n"}
[144.148604] (brain) StdoutLine: {'line': b'-- Configuring done\n'}
[144.196606] (-) TimerEvent: {}
[144.262094] (brain) StdoutLine: {'line': b'-- Generating done\n'}
[144.295865] (brain) StdoutLine: {'line': b'-- Build files have been written to: /home/booster/Workspace/Booster_T1_3v3_Demo/src/build/brain\n'}
[144.298697] (-) TimerEvent: {}
[144.336830] (brain) CommandEnded: {'returncode': 0}
[144.337854] (brain) JobProgress: {'identifier': 'brain', 'progress': 'build'}
[144.337920] (brain) Command: {'cmd': ['/usr/bin/cmake', '--build', '/home/booster/Workspace/Booster_T1_3v3_Demo/src/build/brain', '--', '-j5', '-l5'], 'cwd': '/home/booster/Workspace/Booster_T1_3v3_Demo/src/build/brain', 'env': OrderedDict([('LESSOPEN', '| /usr/bin/lesspipe %s'), ('USER', 'booster'), ('SSH_CLIENT', '10.10.144.134 51037 22'), ('XDG_SESSION_TYPE', 'tty'), ('GIT_ASKPASS', '/home/booster/.cursor-server/bin/25412918da7e74b2686b25d62da1f01cfcd27680/extensions/git/dist/askpass.sh'), ('SHLVL', '1'), ('LD_LIBRARY_PATH', '/home/booster/Workspace/Booster_T1_3v3_Demo/src/install/vision_interface/lib:/home/booster/Workspace/Booster_T1_3v3_Demo/src/install/game_controller_interface/lib:/home/booster/Workspace/Booster_T1_3v3_Demo/src/install/booster_msgs/lib:/home/booster/Workspace/Booster_T1_3v3_Demo/src/install/booster_interface/lib:/opt/ros/humble/opt/rviz_ogre_vendor/lib:/opt/ros/humble/lib/aarch64-linux-gnu:/opt/ros/humble/lib:/usr/local/cuda/lib64'), ('BROWSER', '/home/booster/.cursor-server/bin/25412918da7e74b2686b25d62da1f01cfcd27680/bin/helpers/browser.sh'), ('MOTD_SHOWN', 'pam'), ('HOME', '/home/booster'), ('OLDPWD', '/home/booster/Workspace/Booster_T1_3v3_Demo'), ('TERM_PROGRAM_VERSION', '2.0.64'), ('VSCODE_IPC_HOOK_CLI', '/run/user/1000/vscode-ipc-f7ed2610-5b6c-48c9-89fc-6c8784f58529.sock'), ('JETSON_L4T', '36.4.3'), ('ROS_PYTHON_VERSION', '3'), ('JETSON_MODEL', 'Booster T1 AGX Orin V2.1'), ('VSCODE_GIT_ASKPASS_MAIN', '/home/booster/.cursor-server/bin/25412918da7e74b2686b25d62da1f01cfcd27680/extensions/git/dist/askpass-main.js'), ('VSCODE_GIT_ASKPASS_NODE', '/home/booster/.cursor-server/bin/25412918da7e74b2686b25d62da1f01cfcd27680/node'), ('DBUS_SESSION_BUS_ADDRESS', 'unix:path=/run/user/1000/bus'), ('COLORTERM', 'truecolor'), ('ROS_DISTRO', 'humble'), ('LOGNAME', 'booster'), ('JETSON_MODULE', 'NVIDIA Jetson AGX Orin (32GB ram)'), ('JETSON_SERIAL_NUMBER', '1421225046990'), ('_', '/usr/bin/colcon'), ('ROS_VERSION', '2'), ('XDG_SESSION_CLASS', 'user'), ('TERM', 'xterm-256color'), ('XDG_SESSION_ID', '7'), ('ROS_LOCALHOST_ONLY', '0'), ('PATH', '/opt/ros/humble/bin:/usr/local/cuda/bin:/usr/local/sbin:/usr/local/bin:/usr/sbin:/usr/bin:/sbin:/bin:/snap/bin'), ('FASTRTPS_DEFAULT_PROFILES_FILE', '/opt/booster/BoosterRos2/fastdds_profile.xml'), ('CUDA_ROOT', '/usr/local/cuda'), ('XDG_RUNTIME_DIR', '/run/user/1000'), ('LANG', 'en_US.UTF-8'), ('LS_COLORS', 'rs=0:di=01;34:ln=01;36:mh=00:pi=40;33:so=01;35:do=01;35:bd=40;33;01:cd=40;33;01:or=40;31;01:mi=00:su=37;41:sg=30;43:ca=30;41:tw=30;42:ow=34;42:st=37;44:ex=01;32:*.tar=01;31:*.tgz=01;31:*.arc=01;31:*.arj=01;31:*.taz=01;31:*.lha=01;31:*.lz4=01;31:*.lzh=01;31:*.lzma=01;31:*.tlz=01;31:*.txz=01;31:*.tzo=01;31:*.t7z=01;31:*.zip=01;31:*.z=01;31:*.dz=01;31:*.gz=01;31:*.lrz=01;31:*.lz=01;31:*.lzo=01;31:*.xz=01;31:*.zst=01;31:*.tzst=01;31:*.bz2=01;31:*.bz=01;31:*.tbz=01;31:*.tbz2=01;31:*.tz=01;31:*.deb=01;31:*.rpm=01;31:*.jar=01;31:*.war=01;31:*.ear=01;31:*.sar=01;31:*.rar=01;31:*.alz=01;31:*.ace=01;31:*.zoo=01;31:*.cpio=01;31:*.7z=01;31:*.rz=01;31:*.cab=01;31:*.wim=01;31:*.swm=01;31:*.dwm=01;31:*.esd=01;31:*.jpg=01;35:*.jpeg=01;35:*.mjpg=01;35:*.mjpeg=01;35:*.gif=01;35:*.bmp=01;35:*.pbm=01;35:*.pgm=01;35:*.ppm=01;35:*.tga=01;35:*.xbm=01;35:*.xpm=01;35:*.tif=01;35:*.tiff=01;35:*.png=01;35:*.svg=01;35:*.svgz=01;35:*.mng=01;35:*.pcx=01;35:*.mov=01;35:*.mpg=01;35:*.mpeg=01;35:*.m2v=01;35:*.mkv=01;35:*.webm=01;35:*.webp=01;35:*.ogm=01;35:*.mp4=01;35:*.m4v=01;35:*.mp4v=01;35:*.vob=01;35:*.qt=01;35:*.nuv=01;35:*.wmv=01;35:*.asf=01;35:*.rm=01;35:*.rmvb=01;35:*.flc=01;35:*.avi=01;35:*.fli=01;35:*.flv=01;35:*.gl=01;35:*.dl=01;35:*.xcf=01;35:*.xwd=01;35:*.yuv=01;35:*.cgm=01;35:*.emf=01;35:*.ogv=01;35:*.ogx=01;35:*.aac=00;36:*.au=00;36:*.flac=00;36:*.m4a=00;36:*.mid=00;36:*.midi=00;36:*.mka=00;36:*.mp3=00;36:*.mpc=00;36:*.ogg=00;36:*.ra=00;36:*.wav=00;36:*.oga=00;36:*.opus=00;36:*.spx=00;36:*.xspf=00;36:'), ('JETSON_SOC', 'tegra234'), ('VSCODE_GIT_IPC_HANDLE', '/run/user/1000/vscode-git-d36fc8e34d.sock'), ('TERM_PROGRAM', 'vscode'), ('AMENT_PREFIX_PATH', '/home/booster/Workspace/Booster_T1_3v3_Demo/src/install/vision_interface:/home/booster/Workspace/Booster_T1_3v3_Demo/src/install/game_controller_interface:/home/booster/Workspace/Booster_T1_3v3_Demo/src/install/booster_msgs:/home/booster/Workspace/Booster_T1_3v3_Demo/src/install/booster_interface:/opt/ros/humble'), ('SHELL', '/bin/bash'), ('LESSCLOSE', '/usr/bin/lesspipe %s %s'), ('VSCODE_GIT_ASKPASS_EXTRA_ARGS', ''), ('JETSON_CUDA_ARCH_BIN', '8.7'), ('PWD', '/home/booster/Workspace/Booster_T1_3v3_Demo/src/build/brain'), ('SSH_CONNECTION', '10.10.144.134 51037 10.10.144.147 22'), ('XDG_DATA_DIRS', '/usr/share/gnome:/usr/local/share:/usr/share:/var/lib/snapd/desktop'), ('PYTHONPATH', '/home/booster/Workspace/Booster_T1_3v3_Demo/src/install/vision_interface/local/lib/python3.10/dist-packages:/home/booster/Workspace/Booster_T1_3v3_Demo/src/install/game_controller_interface/local/lib/python3.10/dist-packages:/home/booster/Workspace/Booster_T1_3v3_Demo/src/install/booster_msgs/local/lib/python3.10/dist-packages:/home/booster/Workspace/Booster_T1_3v3_Demo/src/install/booster_interface/local/lib/python3.10/dist-packages:/opt/ros/humble/lib/python3.10/site-packages:/opt/ros/humble/local/lib/python3.10/dist-packages'), ('COLCON', '1'), ('JETSON_JETPACK', '6.2'), ('JETSON_P_NUMBER', 'p3701-0004'), ('CMAKE_PREFIX_PATH', '/home/booster/Workspace/Booster_T1_3v3_Demo/src/install/vision_interface:/home/booster/Workspace/Booster_T1_3v3_Demo/src/install/game_controller_interface:/home/booster/Workspace/Booster_T1_3v3_Demo/src/install/booster_msgs:/home/booster/Workspace/Booster_T1_3v3_Demo/src/install/booster_interface:/opt/ros/humble')]), 'shell': False}
[144.398855] (-) TimerEvent: {}
[144.450696] (brain) StdoutLine: {'line': b'[  2%] \x1b[34m\x1b[1mGenerating C++ code for ROS interfaces\x1b[0m\n'}
[144.499047] (-) TimerEvent: {}
[144.599639] (-) TimerEvent: {}
[144.700297] (-) TimerEvent: {}
[144.800818] (-) TimerEvent: {}
[144.901380] (-) TimerEvent: {}
[145.002086] (-) TimerEvent: {}
[145.102623] (-) TimerEvent: {}
[145.203170] (-) TimerEvent: {}
[145.303826] (-) TimerEvent: {}
[145.405310] (-) TimerEvent: {}
[145.469542] (brain) StdoutLine: {'line': b'[  2%] Built target brain__cpp\n'}
[145.505682] (-) TimerEvent: {}
[145.599787] (brain) StdoutLine: {'line': b'[  2%] Built target ament_cmake_python_copy_brain\n'}
[145.605913] (-) TimerEvent: {}
[145.647911] (brain) StdoutLine: {'line': b'[  4%] \x1b[34m\x1b[1mGenerating C++ introspection for ROS interfaces\x1b[0m\n'}
[145.707156] (-) TimerEvent: {}
[145.809135] (-) TimerEvent: {}
[145.909859] (-) TimerEvent: {}
[146.012586] (-) TimerEvent: {}
[146.113628] (-) TimerEvent: {}
[146.214477] (-) TimerEvent: {}
[146.315059] (-) TimerEvent: {}
[146.371704] (vision) StdoutLine: {'line': b'[ 21%] \x1b[32mBuilding CXX object src/model/trt/CMakeFiles/yolov8_trt.dir/impl.cpp.o\x1b[0m\n'}
[146.380285] (brain) StdoutLine: {'line': b'[  7%] \x1b[32mBuilding CXX object CMakeFiles/brain__rosidl_typesupport_introspection_cpp.dir/rosidl_typesupport_introspection_cpp/brain/msg/detail/kick__type_support.cpp.o\x1b[0m\n'}
[146.415211] (-) TimerEvent: {}
[146.515897] (-) TimerEvent: {}
[146.616367] (-) TimerEvent: {}
[146.716815] (-) TimerEvent: {}
[146.817287] (-) TimerEvent: {}
[146.917811] (-) TimerEvent: {}
[147.018722] (-) TimerEvent: {}
[147.119760] (-) TimerEvent: {}
[147.220203] (-) TimerEvent: {}
[147.320719] (-) TimerEvent: {}
[147.376039] (brain) StdoutLine: {'line': b'[  9%] \x1b[32m\x1b[1mLinking CXX shared library libbrain__rosidl_typesupport_introspection_cpp.so\x1b[0m\n'}
[147.420908] (-) TimerEvent: {}
[147.521491] (-) TimerEvent: {}
[147.566175] (brain) StdoutLine: {'line': b'[  9%] Built target brain__rosidl_typesupport_introspection_cpp\n'}
[147.622222] (-) TimerEvent: {}
[147.722751] (-) TimerEvent: {}
[147.824012] (-) TimerEvent: {}
[147.924745] (-) TimerEvent: {}
[148.025347] (-) TimerEvent: {}
[148.126045] (-) TimerEvent: {}
[148.162647] (brain) StdoutLine: {'line': b'running egg_info\n'}
[148.164379] (brain) StdoutLine: {'line': b'creating brain.egg-info\n'}
[148.164668] (brain) StdoutLine: {'line': b'writing brain.egg-info/PKG-INFO\n'}
[148.164994] (brain) StdoutLine: {'line': b'writing dependency_links to brain.egg-info/dependency_links.txt\n'}
[148.165115] (brain) StdoutLine: {'line': b'writing top-level names to brain.egg-info/top_level.txt\n'}
[148.165593] (brain) StdoutLine: {'line': b"writing manifest file 'brain.egg-info/SOURCES.txt'\n"}
[148.169767] (brain) StdoutLine: {'line': b"reading manifest file 'brain.egg-info/SOURCES.txt'\n"}
[148.170934] (brain) StdoutLine: {'line': b"writing manifest file 'brain.egg-info/SOURCES.txt'\n"}
[148.226188] (-) TimerEvent: {}
[148.244029] (brain) StdoutLine: {'line': b'[  9%] Built target ament_cmake_python_build_brain_egg\n'}
[148.287027] (brain) StdoutLine: {'line': b'[ 12%] \x1b[34m\x1b[1mGenerating C++ type support for eProsima Fast-RTPS\x1b[0m\n'}
[148.326380] (-) TimerEvent: {}
[148.426871] (-) TimerEvent: {}
[148.527338] (-) TimerEvent: {}
[148.627916] (-) TimerEvent: {}
[148.728852] (-) TimerEvent: {}
[148.829852] (-) TimerEvent: {}
[148.930343] (-) TimerEvent: {}
[149.030819] (-) TimerEvent: {}
[149.131366] (-) TimerEvent: {}
[149.174525] (brain) StdoutLine: {'line': b'[ 14%] \x1b[32mBuilding CXX object CMakeFiles/brain__rosidl_typesupport_fastrtps_cpp.dir/rosidl_typesupport_fastrtps_cpp/brain/msg/detail/dds_fastrtps/kick__type_support.cpp.o\x1b[0m\n'}
[149.231534] (-) TimerEvent: {}
[149.332795] (-) TimerEvent: {}
[149.433618] (-) TimerEvent: {}
[149.534851] (-) TimerEvent: {}
[149.635562] (-) TimerEvent: {}
[149.736265] (-) TimerEvent: {}
[149.836875] (-) TimerEvent: {}
[149.937437] (-) TimerEvent: {}
[149.997719] (brain) StdoutLine: {'line': b'[ 17%] \x1b[32m\x1b[1mLinking CXX shared library libbrain__rosidl_typesupport_fastrtps_cpp.so\x1b[0m\n'}
[150.037617] (-) TimerEvent: {}
[150.138116] (-) TimerEvent: {}
[150.220606] (brain) StdoutLine: {'line': b'[ 17%] Built target brain__rosidl_typesupport_fastrtps_cpp\n'}
[150.238400] (-) TimerEvent: {}
[150.246777] (brain) StdoutLine: {'line': b'[ 19%] \x1b[34m\x1b[1mGenerating C++ type support dispatch for ROS interfaces\x1b[0m\n'}
[150.338579] (-) TimerEvent: {}
[150.439124] (-) TimerEvent: {}
[150.539759] (-) TimerEvent: {}
[150.640457] (-) TimerEvent: {}
[150.741208] (-) TimerEvent: {}
[150.842982] (-) TimerEvent: {}
[150.926580] (brain) StdoutLine: {'line': b'[ 21%] \x1b[32mBuilding CXX object CMakeFiles/brain__rosidl_typesupport_cpp.dir/rosidl_typesupport_cpp/brain/msg/kick__type_support.cpp.o\x1b[0m\n'}
[150.943138] (-) TimerEvent: {}
[151.043706] (-) TimerEvent: {}
[151.144451] (-) TimerEvent: {}
[151.245034] (-) TimerEvent: {}
[151.345532] (-) TimerEvent: {}
[151.446043] (-) TimerEvent: {}
[151.543518] (brain) StdoutLine: {'line': b'[ 24%] \x1b[32m\x1b[1mLinking CXX shared library libbrain__rosidl_typesupport_cpp.so\x1b[0m\n'}
[151.546169] (-) TimerEvent: {}
[151.646730] (-) TimerEvent: {}
[151.662035] (brain) StdoutLine: {'line': b'[ 24%] Built target brain__rosidl_typesupport_cpp\n'}
[151.694587] (brain) StdoutLine: {'line': b'[ 26%] \x1b[34m\x1b[1mGenerating C code for ROS interfaces\x1b[0m\n'}
[151.746859] (-) TimerEvent: {}
[151.847914] (-) TimerEvent: {}
[151.948462] (-) TimerEvent: {}
[152.049014] (-) TimerEvent: {}
[152.149546] (-) TimerEvent: {}
[152.250119] (-) TimerEvent: {}
[152.350741] (-) TimerEvent: {}
[152.415266] (brain) StdoutLine: {'line': b'[ 29%] \x1b[32mBuilding C object CMakeFiles/brain__rosidl_generator_c.dir/rosidl_generator_c/brain/msg/detail/kick__functions.c.o\x1b[0m\n'}
[152.450938] (-) TimerEvent: {}
[152.528890] (brain) StdoutLine: {'line': b'[ 31%] \x1b[32m\x1b[1mLinking C shared library libbrain__rosidl_generator_c.so\x1b[0m\n'}
[152.551072] (-) TimerEvent: {}
[152.602824] (brain) StdoutLine: {'line': b'[ 31%] Built target brain__rosidl_generator_c\n'}
[152.642582] (brain) StdoutLine: {'line': b'[ 34%] \x1b[32mBuilding CXX object CMakeFiles/brain_node.dir/src/brain.cpp.o\x1b[0m\n'}
[152.651217] (-) TimerEvent: {}
[152.751702] (-) TimerEvent: {}
[152.852600] (-) TimerEvent: {}
[152.953138] (-) TimerEvent: {}
[153.053653] (-) TimerEvent: {}
[153.154155] (-) TimerEvent: {}
[153.254840] (-) TimerEvent: {}
[153.355463] (-) TimerEvent: {}
[153.456016] (-) TimerEvent: {}
[153.556653] (-) TimerEvent: {}
[153.657281] (-) TimerEvent: {}
[153.757775] (-) TimerEvent: {}
[153.858428] (-) TimerEvent: {}
[153.924486] (vision) StdoutLine: {'line': b'[ 24%] \x1b[32mBuilding CXX object src/model/trt/CMakeFiles/yolov8_trt.dir/calibrator.cpp.o\x1b[0m\n'}
[153.958647] (-) TimerEvent: {}
[154.059387] (-) TimerEvent: {}
[154.159875] (-) TimerEvent: {}
[154.260367] (-) TimerEvent: {}
[154.360887] (-) TimerEvent: {}
[154.461638] (-) TimerEvent: {}
[154.562317] (-) TimerEvent: {}
[154.662891] (-) TimerEvent: {}
[154.763673] (-) TimerEvent: {}
[154.865084] (-) TimerEvent: {}
[154.966483] (-) TimerEvent: {}
[155.067163] (-) TimerEvent: {}
[155.169668] (-) TimerEvent: {}
[155.270317] (-) TimerEvent: {}
[155.370784] (-) TimerEvent: {}
[155.471674] (-) TimerEvent: {}
[155.572306] (-) TimerEvent: {}
[155.673483] (-) TimerEvent: {}
[155.774339] (-) TimerEvent: {}
[155.875030] (-) TimerEvent: {}
[155.975741] (-) TimerEvent: {}
[156.076333] (-) TimerEvent: {}
[156.176888] (-) TimerEvent: {}
[156.277367] (-) TimerEvent: {}
[156.325748] (vision) StdoutLine: {'line': b'[ 27%] \x1b[32m\x1b[1mLinking CXX shared library libyolov8_trt.so\x1b[0m\n'}
[156.377532] (-) TimerEvent: {}
[156.478042] (-) TimerEvent: {}
[156.578555] (-) TimerEvent: {}
[156.592820] (vision) StdoutLine: {'line': b'[ 27%] Built target yolov8_trt\n'}
[156.628956] (vision) StdoutLine: {'line': b'[ 30%] \x1b[32mBuilding CXX object src/base/CMakeFiles/booster_vision_base.dir/intrin.cpp.o\x1b[0m\n'}
[156.678700] (-) TimerEvent: {}
[156.779263] (-) TimerEvent: {}
[156.879815] (-) TimerEvent: {}
[156.980397] (-) TimerEvent: {}
[157.080901] (-) TimerEvent: {}
[157.181457] (-) TimerEvent: {}
[157.281934] (-) TimerEvent: {}
[157.382683] (-) TimerEvent: {}
[157.483171] (-) TimerEvent: {}
[157.583685] (-) TimerEvent: {}
[157.684197] (-) TimerEvent: {}
[157.784710] (-) TimerEvent: {}
[157.885237] (-) TimerEvent: {}
[157.985786] (-) TimerEvent: {}
[158.086650] (-) TimerEvent: {}
[158.187287] (-) TimerEvent: {}
[158.288394] (-) TimerEvent: {}
[158.388949] (-) TimerEvent: {}
[158.489608] (-) TimerEvent: {}
[158.590170] (-) TimerEvent: {}
[158.690811] (-) TimerEvent: {}
[158.791327] (-) TimerEvent: {}
[158.891826] (-) TimerEvent: {}
[158.992879] (-) TimerEvent: {}
[159.093355] (-) TimerEvent: {}
[159.193840] (-) TimerEvent: {}
[159.295049] (-) TimerEvent: {}
[159.396023] (-) TimerEvent: {}
[159.496535] (-) TimerEvent: {}
[159.597046] (-) TimerEvent: {}
[159.697544] (-) TimerEvent: {}
[159.798048] (-) TimerEvent: {}
[159.899411] (-) TimerEvent: {}
[160.000335] (-) TimerEvent: {}
[160.100873] (-) TimerEvent: {}
[160.201448] (-) TimerEvent: {}
[160.302223] (-) TimerEvent: {}
[160.402794] (-) TimerEvent: {}
[160.503313] (-) TimerEvent: {}
[160.603960] (-) TimerEvent: {}
[160.704550] (-) TimerEvent: {}
[160.805105] (-) TimerEvent: {}
[160.905598] (-) TimerEvent: {}
[161.006401] (-) TimerEvent: {}
[161.107282] (-) TimerEvent: {}
[161.208074] (-) TimerEvent: {}
[161.309030] (-) TimerEvent: {}
[161.409906] (-) TimerEvent: {}
[161.510473] (-) TimerEvent: {}
[161.610966] (-) TimerEvent: {}
[161.711469] (-) TimerEvent: {}
[161.812592] (-) TimerEvent: {}
[161.914542] (-) TimerEvent: {}
[162.015529] (-) TimerEvent: {}
[162.116701] (-) TimerEvent: {}
[162.217402] (-) TimerEvent: {}
[162.318054] (-) TimerEvent: {}
[162.418682] (-) TimerEvent: {}
[162.519193] (-) TimerEvent: {}
[162.619690] (-) TimerEvent: {}
[162.720225] (-) TimerEvent: {}
[162.821420] (-) TimerEvent: {}
[162.862903] (vision) StdoutLine: {'line': b'[ 33%] \x1b[32mBuilding CXX object src/base/CMakeFiles/booster_vision_base.dir/pose.cpp.o\x1b[0m\n'}
[162.921560] (-) TimerEvent: {}
[163.022094] (-) TimerEvent: {}
[163.122688] (-) TimerEvent: {}
[163.223214] (-) TimerEvent: {}
[163.323841] (-) TimerEvent: {}
[163.424377] (-) TimerEvent: {}
[163.524901] (-) TimerEvent: {}
[163.625381] (-) TimerEvent: {}
[163.725880] (-) TimerEvent: {}
[163.826371] (-) TimerEvent: {}
[163.926902] (-) TimerEvent: {}
[164.027366] (-) TimerEvent: {}
[164.127974] (-) TimerEvent: {}
[164.228513] (-) TimerEvent: {}
[164.329138] (-) TimerEvent: {}
[164.429979] (-) TimerEvent: {}
[164.530533] (-) TimerEvent: {}
[164.631298] (-) TimerEvent: {}
[164.732309] (-) TimerEvent: {}
[164.832914] (-) TimerEvent: {}
[164.933420] (-) TimerEvent: {}
[165.033905] (-) TimerEvent: {}
[165.134405] (-) TimerEvent: {}
[165.234984] (-) TimerEvent: {}
[165.335874] (-) TimerEvent: {}
[165.436508] (-) TimerEvent: {}
[165.537045] (-) TimerEvent: {}
[165.637550] (-) TimerEvent: {}
[165.738016] (-) TimerEvent: {}
[165.838584] (-) TimerEvent: {}
[165.939175] (-) TimerEvent: {}
[166.039696] (-) TimerEvent: {}
[166.140898] (-) TimerEvent: {}
[166.241502] (-) TimerEvent: {}
[166.342676] (-) TimerEvent: {}
[166.443157] (-) TimerEvent: {}
[166.543670] (-) TimerEvent: {}
[166.644173] (-) TimerEvent: {}
[166.744662] (-) TimerEvent: {}
[166.845507] (-) TimerEvent: {}
[166.946002] (-) TimerEvent: {}
[167.046526] (-) TimerEvent: {}
[167.147041] (-) TimerEvent: {}
[167.247567] (-) TimerEvent: {}
[167.348215] (-) TimerEvent: {}
[167.449241] (-) TimerEvent: {}
[167.549781] (-) TimerEvent: {}
[167.650288] (-) TimerEvent: {}
[167.750779] (-) TimerEvent: {}
[167.851342] (-) TimerEvent: {}
[167.952336] (-) TimerEvent: {}
[168.052858] (-) TimerEvent: {}
[168.153388] (-) TimerEvent: {}
[168.254350] (-) TimerEvent: {}
[168.354970] (-) TimerEvent: {}
[168.455467] (-) TimerEvent: {}
[168.556001] (-) TimerEvent: {}
[168.656823] (-) TimerEvent: {}
[168.757576] (-) TimerEvent: {}
[168.858492] (-) TimerEvent: {}
[168.959292] (-) TimerEvent: {}
[169.060017] (-) TimerEvent: {}
[169.160556] (-) TimerEvent: {}
[169.261135] (-) TimerEvent: {}
[169.361617] (-) TimerEvent: {}
[169.462164] (-) TimerEvent: {}
[169.562626] (-) TimerEvent: {}
[169.663101] (-) TimerEvent: {}
[169.763687] (-) TimerEvent: {}
[169.841452] (vision) StdoutLine: {'line': b'[ 36%] \x1b[32mBuilding CXX object src/base/CMakeFiles/booster_vision_base.dir/pointcloud_process.cpp.o\x1b[0m\n'}
[169.863820] (-) TimerEvent: {}
[169.964692] (-) TimerEvent: {}
[170.065181] (-) TimerEvent: {}
[170.165657] (-) TimerEvent: {}
[170.266147] (-) TimerEvent: {}
[170.366728] (-) TimerEvent: {}
[170.467325] (-) TimerEvent: {}
[170.568521] (-) TimerEvent: {}
[170.669093] (-) TimerEvent: {}
[170.769585] (-) TimerEvent: {}
[170.870052] (-) TimerEvent: {}
[170.970559] (-) TimerEvent: {}
[171.071292] (-) TimerEvent: {}
[171.172635] (-) TimerEvent: {}
[171.273262] (-) TimerEvent: {}
[171.373729] (-) TimerEvent: {}
[171.474266] (-) TimerEvent: {}
[171.574875] (-) TimerEvent: {}
[171.676912] (-) TimerEvent: {}
[171.777488] (-) TimerEvent: {}
[171.878529] (-) TimerEvent: {}
[171.979041] (-) TimerEvent: {}
[172.079598] (-) TimerEvent: {}
[172.180193] (-) TimerEvent: {}
[172.281490] (-) TimerEvent: {}
[172.382178] (-) TimerEvent: {}
[172.483093] (-) TimerEvent: {}
[172.584267] (-) TimerEvent: {}
[172.684811] (-) TimerEvent: {}
[172.785385] (-) TimerEvent: {}
[172.886007] (-) TimerEvent: {}
[172.986535] (-) TimerEvent: {}
[173.087095] (-) TimerEvent: {}
[173.187700] (-) TimerEvent: {}
[173.288258] (-) TimerEvent: {}
[173.388863] (-) TimerEvent: {}
[173.489572] (-) TimerEvent: {}
[173.590287] (-) TimerEvent: {}
[173.690864] (-) TimerEvent: {}
[173.791380] (-) TimerEvent: {}
[173.892295] (-) TimerEvent: {}
[173.992825] (-) TimerEvent: {}
[174.093808] (-) TimerEvent: {}
[174.194274] (-) TimerEvent: {}
[174.294821] (-) TimerEvent: {}
[174.395377] (-) TimerEvent: {}
[174.496797] (-) TimerEvent: {}
[174.597297] (-) TimerEvent: {}
[174.697843] (-) TimerEvent: {}
[174.798402] (-) TimerEvent: {}
[174.899048] (-) TimerEvent: {}
[174.999668] (-) TimerEvent: {}
[175.100264] (-) TimerEvent: {}
[175.200743] (-) TimerEvent: {}
[175.302614] (-) TimerEvent: {}
[175.404534] (-) TimerEvent: {}
[175.505410] (-) TimerEvent: {}
[175.606394] (-) TimerEvent: {}
[175.706910] (-) TimerEvent: {}
[175.807677] (-) TimerEvent: {}
[175.908714] (-) TimerEvent: {}
[176.009188] (-) TimerEvent: {}
[176.109714] (-) TimerEvent: {}
[176.210271] (-) TimerEvent: {}
[176.311220] (-) TimerEvent: {}
[176.412005] (-) TimerEvent: {}
[176.512889] (-) TimerEvent: {}
[176.613890] (-) TimerEvent: {}
[176.714571] (-) TimerEvent: {}
[176.815056] (-) TimerEvent: {}
[176.915589] (-) TimerEvent: {}
[177.016097] (-) TimerEvent: {}
[177.116681] (-) TimerEvent: {}
[177.217240] (-) TimerEvent: {}
[177.317971] (-) TimerEvent: {}
[177.418659] (-) TimerEvent: {}
[177.519170] (-) TimerEvent: {}
[177.619715] (-) TimerEvent: {}
[177.720304] (-) TimerEvent: {}
[177.820867] (-) TimerEvent: {}
[177.921502] (-) TimerEvent: {}
[178.022901] (-) TimerEvent: {}
[178.123442] (-) TimerEvent: {}
[178.224134] (-) TimerEvent: {}
[178.324680] (-) TimerEvent: {}
[178.425292] (-) TimerEvent: {}
[178.525811] (-) TimerEvent: {}
[178.626512] (-) TimerEvent: {}
[178.727116] (-) TimerEvent: {}
[178.827939] (-) TimerEvent: {}
[178.928578] (-) TimerEvent: {}
[179.029142] (-) TimerEvent: {}
[179.129671] (-) TimerEvent: {}
[179.230198] (-) TimerEvent: {}
[179.330784] (-) TimerEvent: {}
[179.431316] (-) TimerEvent: {}
[179.531876] (-) TimerEvent: {}
[179.632850] (-) TimerEvent: {}
[179.733348] (-) TimerEvent: {}
[179.833900] (-) TimerEvent: {}
[179.934464] (-) TimerEvent: {}
[180.034988] (-) TimerEvent: {}
[180.135596] (-) TimerEvent: {}
[180.236626] (-) TimerEvent: {}
[180.337251] (-) TimerEvent: {}
[180.437728] (-) TimerEvent: {}
[180.538206] (-) TimerEvent: {}
[180.638742] (-) TimerEvent: {}
[180.739283] (-) TimerEvent: {}
[180.839800] (-) TimerEvent: {}
[180.940376] (-) TimerEvent: {}
[181.040896] (-) TimerEvent: {}
[181.141431] (-) TimerEvent: {}
[181.241940] (-) TimerEvent: {}
[181.342426] (-) TimerEvent: {}
[181.442873] (-) TimerEvent: {}
[181.543723] (-) TimerEvent: {}
[181.644282] (-) TimerEvent: {}
[181.744746] (-) TimerEvent: {}
[181.845484] (-) TimerEvent: {}
[181.947142] (-) TimerEvent: {}
[182.048809] (-) TimerEvent: {}
[182.149538] (-) TimerEvent: {}
[182.250059] (-) TimerEvent: {}
[182.350628] (-) TimerEvent: {}
[182.451191] (-) TimerEvent: {}
[182.551821] (-) TimerEvent: {}
[182.652376] (-) TimerEvent: {}
[182.752927] (-) TimerEvent: {}
[182.853457] (-) TimerEvent: {}
[182.954154] (-) TimerEvent: {}
[183.054762] (-) TimerEvent: {}
[183.155333] (-) TimerEvent: {}
[183.255981] (-) TimerEvent: {}
[183.356599] (-) TimerEvent: {}
[183.457134] (-) TimerEvent: {}
[183.557622] (-) TimerEvent: {}
[183.658063] (-) TimerEvent: {}
[183.758605] (-) TimerEvent: {}
[183.859240] (-) TimerEvent: {}
[183.960295] (-) TimerEvent: {}
[184.060874] (-) TimerEvent: {}
[184.161414] (-) TimerEvent: {}
[184.262306] (-) TimerEvent: {}
[184.363269] (-) TimerEvent: {}
[184.463863] (-) TimerEvent: {}
[184.564373] (-) TimerEvent: {}
[184.664892] (-) TimerEvent: {}
[184.765395] (-) TimerEvent: {}
[184.865874] (-) TimerEvent: {}
[184.966485] (-) TimerEvent: {}
[185.067012] (-) TimerEvent: {}
[185.167585] (-) TimerEvent: {}
[185.268097] (-) TimerEvent: {}
[185.368634] (-) TimerEvent: {}
[185.469197] (-) TimerEvent: {}
[185.569702] (-) TimerEvent: {}
[185.670844] (-) TimerEvent: {}
[185.771334] (-) TimerEvent: {}
[185.871875] (-) TimerEvent: {}
[185.973276] (-) TimerEvent: {}
[186.073827] (-) TimerEvent: {}
[186.174343] (-) TimerEvent: {}
[186.275136] (-) TimerEvent: {}
[186.375636] (-) TimerEvent: {}
[186.476892] (-) TimerEvent: {}
[186.577515] (-) TimerEvent: {}
[186.678151] (-) TimerEvent: {}
[186.778854] (-) TimerEvent: {}
[186.879363] (-) TimerEvent: {}
[186.979907] (-) TimerEvent: {}
[187.080488] (-) TimerEvent: {}
[187.180971] (-) TimerEvent: {}
[187.281518] (-) TimerEvent: {}
[187.382055] (-) TimerEvent: {}
[187.482671] (-) TimerEvent: {}
[187.583261] (-) TimerEvent: {}
[187.683763] (-) TimerEvent: {}
[187.784326] (-) TimerEvent: {}
[187.884958] (-) TimerEvent: {}
[187.985498] (-) TimerEvent: {}
[188.086043] (-) TimerEvent: {}
[188.186527] (-) TimerEvent: {}
[188.287051] (-) TimerEvent: {}
[188.387750] (-) TimerEvent: {}
[188.488359] (-) TimerEvent: {}
[188.588916] (-) TimerEvent: {}
[188.689901] (-) TimerEvent: {}
[188.790744] (-) TimerEvent: {}
[188.891386] (-) TimerEvent: {}
[188.991945] (-) TimerEvent: {}
[189.092484] (-) TimerEvent: {}
[189.193041] (-) TimerEvent: {}
[189.293849] (-) TimerEvent: {}
[189.394393] (-) TimerEvent: {}
[189.494915] (-) TimerEvent: {}
[189.595671] (-) TimerEvent: {}
[189.696978] (-) TimerEvent: {}
[189.797528] (-) TimerEvent: {}
[189.898241] (-) TimerEvent: {}
[189.998799] (-) TimerEvent: {}
[190.100226] (-) TimerEvent: {}
[190.200865] (-) TimerEvent: {}
[190.302324] (-) TimerEvent: {}
[190.402905] (-) TimerEvent: {}
[190.503366] (-) TimerEvent: {}
[190.603879] (-) TimerEvent: {}
[190.704402] (-) TimerEvent: {}
[190.804906] (-) TimerEvent: {}
[190.905658] (-) TimerEvent: {}
[191.006314] (-) TimerEvent: {}
[191.106938] (-) TimerEvent: {}
[191.207504] (-) TimerEvent: {}
[191.308067] (-) TimerEvent: {}
[191.408854] (-) TimerEvent: {}
[191.509535] (-) TimerEvent: {}
[191.610081] (-) TimerEvent: {}
[191.703124] (vision) StdoutLine: {'line': b'[ 39%] \x1b[32mBuilding CXX object src/base/CMakeFiles/booster_vision_base.dir/data_syncer.cpp.o\x1b[0m\n'}
[191.710342] (-) TimerEvent: {}
[191.810838] (-) TimerEvent: {}
[191.911343] (-) TimerEvent: {}
[192.011847] (-) TimerEvent: {}
[192.112441] (-) TimerEvent: {}
[192.212888] (-) TimerEvent: {}
[192.313746] (-) TimerEvent: {}
[192.414336] (-) TimerEvent: {}
[192.515435] (-) TimerEvent: {}
[192.616155] (-) TimerEvent: {}
[192.716788] (-) TimerEvent: {}
[192.817312] (-) TimerEvent: {}
[192.920938] (-) TimerEvent: {}
[193.021753] (-) TimerEvent: {}
[193.123157] (-) TimerEvent: {}
[193.224732] (-) TimerEvent: {}
[193.325311] (-) TimerEvent: {}
[193.426083] (-) TimerEvent: {}
[193.526585] (-) TimerEvent: {}
[193.627231] (-) TimerEvent: {}
[193.727850] (-) TimerEvent: {}
[193.829103] (-) TimerEvent: {}
[193.931237] (-) TimerEvent: {}
[194.031817] (-) TimerEvent: {}
[194.132575] (-) TimerEvent: {}
[194.233136] (-) TimerEvent: {}
[194.333680] (-) TimerEvent: {}
[194.434248] (-) TimerEvent: {}
[194.535928] (-) TimerEvent: {}
[194.636437] (-) TimerEvent: {}
[194.736923] (-) TimerEvent: {}
[194.837449] (-) TimerEvent: {}
[194.938087] (-) TimerEvent: {}
[195.038626] (-) TimerEvent: {}
[195.139620] (-) TimerEvent: {}
[195.240113] (-) TimerEvent: {}
[195.340627] (-) TimerEvent: {}
[195.441142] (-) TimerEvent: {}
[195.541669] (-) TimerEvent: {}
[195.642259] (-) TimerEvent: {}
[195.743101] (-) TimerEvent: {}
[195.843706] (-) TimerEvent: {}
[195.944266] (-) TimerEvent: {}
[196.044891] (-) TimerEvent: {}
[196.146125] (-) TimerEvent: {}
[196.246675] (-) TimerEvent: {}
[196.347173] (-) TimerEvent: {}
[196.447622] (-) TimerEvent: {}
[196.548254] (-) TimerEvent: {}
[196.648724] (-) TimerEvent: {}
[196.749307] (-) TimerEvent: {}
[196.849815] (-) TimerEvent: {}
[196.950466] (-) TimerEvent: {}
[197.050950] (-) TimerEvent: {}
[197.151474] (-) TimerEvent: {}
[197.251991] (-) TimerEvent: {}
[197.352503] (-) TimerEvent: {}
[197.453033] (-) TimerEvent: {}
[197.553673] (-) TimerEvent: {}
[197.655934] (-) TimerEvent: {}
[197.756463] (-) TimerEvent: {}
[197.857155] (-) TimerEvent: {}
[197.957720] (-) TimerEvent: {}
[198.058235] (-) TimerEvent: {}
[198.158853] (-) TimerEvent: {}
[198.259460] (-) TimerEvent: {}
[198.360256] (-) TimerEvent: {}
[198.461026] (-) TimerEvent: {}
[198.561516] (-) TimerEvent: {}
[198.661992] (-) TimerEvent: {}
[198.762514] (-) TimerEvent: {}
[198.863796] (-) TimerEvent: {}
[198.964332] (-) TimerEvent: {}
[199.064852] (-) TimerEvent: {}
[199.165366] (-) TimerEvent: {}
[199.266003] (-) TimerEvent: {}
[199.366905] (-) TimerEvent: {}
[199.467449] (-) TimerEvent: {}
[199.567991] (-) TimerEvent: {}
[199.668528] (-) TimerEvent: {}
[199.769408] (-) TimerEvent: {}
[199.870039] (-) TimerEvent: {}
[199.970722] (-) TimerEvent: {}
[200.071246] (-) TimerEvent: {}
[200.171822] (-) TimerEvent: {}
[200.272389] (-) TimerEvent: {}
[200.372893] (-) TimerEvent: {}
[200.473379] (-) TimerEvent: {}
[200.573915] (-) TimerEvent: {}
[200.674478] (-) TimerEvent: {}
[200.775179] (-) TimerEvent: {}
[200.875712] (-) TimerEvent: {}
[200.976501] (-) TimerEvent: {}
[201.077230] (-) TimerEvent: {}
[201.177838] (-) TimerEvent: {}
[201.278403] (-) TimerEvent: {}
[201.378902] (-) TimerEvent: {}
[201.479473] (-) TimerEvent: {}
[201.580320] (-) TimerEvent: {}
[201.680953] (-) TimerEvent: {}
[201.781503] (-) TimerEvent: {}
[201.882032] (-) TimerEvent: {}
[201.982759] (-) TimerEvent: {}
[202.083434] (-) TimerEvent: {}
[202.183917] (-) TimerEvent: {}
[202.284554] (-) TimerEvent: {}
[202.385643] (-) TimerEvent: {}
[202.486142] (-) TimerEvent: {}
[202.587035] (-) TimerEvent: {}
[202.688795] (-) TimerEvent: {}
[202.789407] (-) TimerEvent: {}
[202.890163] (-) TimerEvent: {}
[202.990722] (-) TimerEvent: {}
[203.052360] (vision) StdoutLine: {'line': b'[ 42%] \x1b[32m\x1b[1mLinking CXX shared library libbooster_vision_base.so\x1b[0m\n'}
[203.090884] (-) TimerEvent: {}
[203.191419] (-) TimerEvent: {}
[203.291930] (-) TimerEvent: {}
[203.392550] (-) TimerEvent: {}
[203.493124] (-) TimerEvent: {}
[203.593696] (-) TimerEvent: {}
[203.694645] (-) TimerEvent: {}
[203.795261] (-) TimerEvent: {}
[203.896154] (-) TimerEvent: {}
[203.996735] (-) TimerEvent: {}
[204.097349] (-) TimerEvent: {}
[204.197918] (-) TimerEvent: {}
[204.298453] (-) TimerEvent: {}
[204.398979] (-) TimerEvent: {}
[204.499765] (-) TimerEvent: {}
[204.600325] (-) TimerEvent: {}
[204.701201] (-) TimerEvent: {}
[204.801745] (-) TimerEvent: {}
[204.902232] (-) TimerEvent: {}
[205.003207] (-) TimerEvent: {}
[205.104157] (-) TimerEvent: {}
[205.204786] (-) TimerEvent: {}
[205.305344] (-) TimerEvent: {}
[205.405891] (-) TimerEvent: {}
[205.506469] (-) TimerEvent: {}
[205.607546] (-) TimerEvent: {}
[205.708056] (-) TimerEvent: {}
[205.808618] (-) TimerEvent: {}
[205.840336] (vision) StdoutLine: {'line': b'[ 42%] Built target booster_vision_base\n'}
[205.903594] (vision) StdoutLine: {'line': b'[ 45%] \x1b[32mBuilding CXX object src/model/trt/CMakeFiles/yolov8_seg.dir/yolov8_seg.cpp.o\x1b[0m\n'}
[205.908805] (-) TimerEvent: {}
[206.009290] (-) TimerEvent: {}
[206.109794] (-) TimerEvent: {}
[206.210267] (-) TimerEvent: {}
[206.310750] (-) TimerEvent: {}
[206.411276] (-) TimerEvent: {}
[206.511830] (-) TimerEvent: {}
[206.612491] (-) TimerEvent: {}
[206.713484] (-) TimerEvent: {}
[206.814054] (-) TimerEvent: {}
[206.914866] (-) TimerEvent: {}
[207.015348] (-) TimerEvent: {}
[207.116529] (-) TimerEvent: {}
[207.217223] (-) TimerEvent: {}
[207.317824] (-) TimerEvent: {}
[207.418444] (-) TimerEvent: {}
[207.518887] (-) TimerEvent: {}
[207.619392] (-) TimerEvent: {}
[207.719884] (-) TimerEvent: {}
[207.820383] (-) TimerEvent: {}
[207.921710] (-) TimerEvent: {}
[208.022245] (-) TimerEvent: {}
[208.122756] (-) TimerEvent: {}
[208.223274] (-) TimerEvent: {}
[208.323787] (-) TimerEvent: {}
[208.424458] (-) TimerEvent: {}
[208.525533] (-) TimerEvent: {}
[208.626038] (-) TimerEvent: {}
[208.726561] (-) TimerEvent: {}
[208.827082] (-) TimerEvent: {}
[208.927691] (-) TimerEvent: {}
[209.028252] (-) TimerEvent: {}
[209.129201] (-) TimerEvent: {}
[209.229748] (-) TimerEvent: {}
[209.330404] (-) TimerEvent: {}
[209.431830] (-) TimerEvent: {}
[209.532402] (-) TimerEvent: {}
[209.633030] (-) TimerEvent: {}
[209.733552] (-) TimerEvent: {}
[209.834059] (-) TimerEvent: {}
[209.934579] (-) TimerEvent: {}
[210.035149] (-) TimerEvent: {}
[210.136893] (-) TimerEvent: {}
[210.237599] (-) TimerEvent: {}
[210.338264] (-) TimerEvent: {}
[210.438778] (-) TimerEvent: {}
[210.539318] (-) TimerEvent: {}
[210.639912] (-) TimerEvent: {}
[210.740562] (-) TimerEvent: {}
[210.841246] (-) TimerEvent: {}
[210.941870] (-) TimerEvent: {}
[211.042556] (-) TimerEvent: {}
[211.143094] (-) TimerEvent: {}
[211.243578] (-) TimerEvent: {}
[211.246588] (vision) StdoutLine: {'line': b'[ 48%] \x1b[32m\x1b[1mLinking CXX executable yolov8_seg\x1b[0m\n'}
[211.343733] (-) TimerEvent: {}
[211.444324] (-) TimerEvent: {}
[211.521225] (vision) StdoutLine: {'line': b'[ 48%] Built target yolov8_seg\n'}
[211.545238] (-) TimerEvent: {}
[211.610742] (vision) StdoutLine: {'line': b'[ 51%] \x1b[32mBuilding CXX object src/calibration/CMakeFiles/booster_vision_calibration.dir/calibration.cpp.o\x1b[0m\n'}
[211.645390] (-) TimerEvent: {}
[211.745876] (-) TimerEvent: {}
[211.846424] (-) TimerEvent: {}
[211.947319] (-) TimerEvent: {}
[212.047771] (-) TimerEvent: {}
[212.148247] (-) TimerEvent: {}
[212.248875] (-) TimerEvent: {}
[212.350054] (-) TimerEvent: {}
[212.451110] (-) TimerEvent: {}
[212.551580] (-) TimerEvent: {}
[212.653550] (-) TimerEvent: {}
[212.754040] (-) TimerEvent: {}
[212.855169] (-) TimerEvent: {}
[212.956465] (-) TimerEvent: {}
[213.057094] (-) TimerEvent: {}
[213.157965] (-) TimerEvent: {}
[213.258825] (-) TimerEvent: {}
[213.359605] (-) TimerEvent: {}
[213.460473] (-) TimerEvent: {}
[213.561006] (-) TimerEvent: {}
[213.661998] (-) TimerEvent: {}
[213.762587] (-) TimerEvent: {}
[213.863195] (-) TimerEvent: {}
[213.963702] (-) TimerEvent: {}
[214.064262] (-) TimerEvent: {}
[214.165418] (-) TimerEvent: {}
[214.265936] (-) TimerEvent: {}
[214.366486] (-) TimerEvent: {}
[214.467044] (-) TimerEvent: {}
[214.567513] (-) TimerEvent: {}
[214.668082] (-) TimerEvent: {}
[214.768734] (-) TimerEvent: {}
[214.869302] (-) TimerEvent: {}
[214.970052] (-) TimerEvent: {}
[215.070631] (-) TimerEvent: {}
[215.171203] (-) TimerEvent: {}
[215.271736] (-) TimerEvent: {}
[215.372725] (-) TimerEvent: {}
[215.473409] (-) TimerEvent: {}
[215.573907] (-) TimerEvent: {}
[215.674495] (-) TimerEvent: {}
[215.775053] (-) TimerEvent: {}
[215.875498] (-) TimerEvent: {}
[215.975987] (-) TimerEvent: {}
[216.076696] (-) TimerEvent: {}
[216.177629] (-) TimerEvent: {}
[216.278224] (-) TimerEvent: {}
[216.378811] (-) TimerEvent: {}
[216.479353] (-) TimerEvent: {}
[216.579870] (-) TimerEvent: {}
[216.680470] (-) TimerEvent: {}
[216.781011] (-) TimerEvent: {}
[216.881497] (-) TimerEvent: {}
[216.982049] (-) TimerEvent: {}
[217.082529] (-) TimerEvent: {}
[217.183095] (-) TimerEvent: {}
[217.283595] (-) TimerEvent: {}
[217.384921] (-) TimerEvent: {}
[217.487325] (-) TimerEvent: {}
[217.588051] (-) TimerEvent: {}
[217.688537] (-) TimerEvent: {}
[217.789142] (-) TimerEvent: {}
[217.889964] (-) TimerEvent: {}
[217.990515] (-) TimerEvent: {}
[218.091494] (-) TimerEvent: {}
[218.192122] (-) TimerEvent: {}
[218.292693] (-) TimerEvent: {}
[218.393840] (-) TimerEvent: {}
[218.494326] (-) TimerEvent: {}
[218.594803] (-) TimerEvent: {}
[218.695387] (-) TimerEvent: {}
[218.795984] (-) TimerEvent: {}
[218.896630] (-) TimerEvent: {}
[218.997335] (-) TimerEvent: {}
[219.098270] (-) TimerEvent: {}
[219.198837] (-) TimerEvent: {}
[219.299343] (-) TimerEvent: {}
[219.399856] (-) TimerEvent: {}
[219.500444] (-) TimerEvent: {}
[219.601042] (-) TimerEvent: {}
[219.702107] (-) TimerEvent: {}
[219.802630] (-) TimerEvent: {}
[219.903163] (-) TimerEvent: {}
[220.005284] (-) TimerEvent: {}
[220.105749] (-) TimerEvent: {}
[220.206232] (-) TimerEvent: {}
[220.307595] (-) TimerEvent: {}
[220.408715] (-) TimerEvent: {}
[220.513865] (-) TimerEvent: {}
[220.614818] (-) TimerEvent: {}
[220.715344] (-) TimerEvent: {}
[220.815877] (-) TimerEvent: {}
[220.916397] (-) TimerEvent: {}
[221.016943] (-) TimerEvent: {}
[221.117456] (-) TimerEvent: {}
[221.217923] (-) TimerEvent: {}
[221.319247] (-) TimerEvent: {}
[221.419723] (-) TimerEvent: {}
[221.520205] (-) TimerEvent: {}
[221.620821] (-) TimerEvent: {}
[221.721346] (-) TimerEvent: {}
[221.822112] (-) TimerEvent: {}
[221.922608] (-) TimerEvent: {}
[222.023108] (-) TimerEvent: {}
[222.123842] (-) TimerEvent: {}
[222.224434] (-) TimerEvent: {}
[222.325297] (-) TimerEvent: {}
[222.425802] (-) TimerEvent: {}
[222.526425] (-) TimerEvent: {}
[222.626970] (-) TimerEvent: {}
[222.727460] (-) TimerEvent: {}
[222.828131] (-) TimerEvent: {}
[222.929159] (-) TimerEvent: {}
[223.029676] (-) TimerEvent: {}
[223.130141] (-) TimerEvent: {}
[223.231085] (-) TimerEvent: {}
[223.332154] (-) TimerEvent: {}
[223.432690] (-) TimerEvent: {}
[223.533234] (-) TimerEvent: {}
[223.633776] (-) TimerEvent: {}
[223.734330] (-) TimerEvent: {}
[223.835225] (-) TimerEvent: {}
[223.935916] (-) TimerEvent: {}
[224.036395] (-) TimerEvent: {}
[224.137041] (-) TimerEvent: {}
[224.237596] (-) TimerEvent: {}
[224.338142] (-) TimerEvent: {}
[224.438902] (-) TimerEvent: {}
[224.539637] (-) TimerEvent: {}
[224.640188] (-) TimerEvent: {}
[224.740664] (-) TimerEvent: {}
[224.841363] (-) TimerEvent: {}
[224.941937] (-) TimerEvent: {}
[225.042442] (-) TimerEvent: {}
[225.143065] (-) TimerEvent: {}
[225.243553] (-) TimerEvent: {}
[225.344138] (-) TimerEvent: {}
[225.444671] (-) TimerEvent: {}
[225.545909] (-) TimerEvent: {}
[225.646513] (-) TimerEvent: {}
[225.747383] (-) TimerEvent: {}
[225.848151] (-) TimerEvent: {}
[225.948747] (-) TimerEvent: {}
[226.049678] (-) TimerEvent: {}
[226.150227] (-) TimerEvent: {}
[226.250718] (-) TimerEvent: {}
[226.351287] (-) TimerEvent: {}
[226.451980] (-) TimerEvent: {}
[226.552997] (-) TimerEvent: {}
[226.653445] (-) TimerEvent: {}
[226.753928] (-) TimerEvent: {}
[226.854486] (-) TimerEvent: {}
[226.954994] (-) TimerEvent: {}
[227.055664] (-) TimerEvent: {}
[227.156335] (-) TimerEvent: {}
[227.256934] (-) TimerEvent: {}
[227.357490] (-) TimerEvent: {}
[227.458063] (-) TimerEvent: {}
[227.558530] (-) TimerEvent: {}
[227.659063] (-) TimerEvent: {}
[227.759669] (-) TimerEvent: {}
[227.860613] (-) TimerEvent: {}
[227.962154] (-) TimerEvent: {}
[228.062628] (-) TimerEvent: {}
[228.163312] (-) TimerEvent: {}
[228.263839] (-) TimerEvent: {}
[228.364353] (-) TimerEvent: {}
[228.389452] (vision) StdoutLine: {'line': b'[ 54%] \x1b[32mBuilding CXX object src/calibration/CMakeFiles/booster_vision_calibration.dir/board_detector.cpp.o\x1b[0m\n'}
[228.464514] (-) TimerEvent: {}
[228.565071] (-) TimerEvent: {}
[228.666316] (-) TimerEvent: {}
[228.767110] (-) TimerEvent: {}
[228.867731] (-) TimerEvent: {}
[228.968233] (-) TimerEvent: {}
[229.068726] (-) TimerEvent: {}
[229.169848] (-) TimerEvent: {}
[229.270502] (-) TimerEvent: {}
[229.371021] (-) TimerEvent: {}
[229.471554] (-) TimerEvent: {}
[229.572077] (-) TimerEvent: {}
[229.672711] (-) TimerEvent: {}
[229.773411] (-) TimerEvent: {}
[229.874056] (-) TimerEvent: {}
[229.974571] (-) TimerEvent: {}
[230.075103] (-) TimerEvent: {}
[230.175692] (-) TimerEvent: {}
[230.276438] (-) TimerEvent: {}
[230.377118] (-) TimerEvent: {}
[230.477658] (-) TimerEvent: {}
[230.578241] (-) TimerEvent: {}
[230.678811] (-) TimerEvent: {}
[230.779941] (-) TimerEvent: {}
[230.880541] (-) TimerEvent: {}
[230.982550] (-) TimerEvent: {}
[231.083657] (-) TimerEvent: {}
[231.184247] (-) TimerEvent: {}
[231.284810] (-) TimerEvent: {}
[231.385342] (-) TimerEvent: {}
[231.486176] (-) TimerEvent: {}
[231.586864] (-) TimerEvent: {}
[231.687358] (-) TimerEvent: {}
[231.788290] (-) TimerEvent: {}
[231.890607] (-) TimerEvent: {}
[231.991180] (-) TimerEvent: {}
[232.092134] (-) TimerEvent: {}
[232.192652] (-) TimerEvent: {}
[232.293176] (-) TimerEvent: {}
[232.393669] (-) TimerEvent: {}
[232.494239] (-) TimerEvent: {}
[232.594940] (-) TimerEvent: {}
[232.695524] (-) TimerEvent: {}
[232.796005] (-) TimerEvent: {}
[232.896664] (-) TimerEvent: {}
[232.998051] (-) TimerEvent: {}
[233.099709] (-) TimerEvent: {}
[233.200261] (-) TimerEvent: {}
[233.300989] (-) TimerEvent: {}
[233.403252] (-) TimerEvent: {}
[233.503805] (-) TimerEvent: {}
[233.604356] (-) TimerEvent: {}
[233.704880] (-) TimerEvent: {}
[233.805450] (-) TimerEvent: {}
[233.906088] (-) TimerEvent: {}
[234.006957] (-) TimerEvent: {}
[234.107635] (-) TimerEvent: {}
[234.208143] (-) TimerEvent: {}
[234.308774] (-) TimerEvent: {}
[234.409565] (-) TimerEvent: {}
[234.510277] (-) TimerEvent: {}
[234.610850] (-) TimerEvent: {}
[234.711408] (-) TimerEvent: {}
[234.812526] (-) TimerEvent: {}
[234.914319] (-) TimerEvent: {}
[235.014966] (-) TimerEvent: {}
[235.117309] (-) TimerEvent: {}
[235.217945] (-) TimerEvent: {}
[235.271926] (vision) StdoutLine: {'line': b'[ 57%] \x1b[32m\x1b[1mLinking CXX shared library libbooster_vision_calibration.so\x1b[0m\n'}
[235.318093] (-) TimerEvent: {}
[235.418626] (-) TimerEvent: {}
[235.519181] (-) TimerEvent: {}
[235.619686] (-) TimerEvent: {}
[235.720233] (-) TimerEvent: {}
[235.820840] (-) TimerEvent: {}
[235.921335] (-) TimerEvent: {}
[236.021945] (-) TimerEvent: {}
[236.122466] (-) TimerEvent: {}
[236.223157] (-) TimerEvent: {}
[236.323757] (-) TimerEvent: {}
[236.424291] (-) TimerEvent: {}
[236.524897] (-) TimerEvent: {}
[236.625461] (-) TimerEvent: {}
[236.725984] (-) TimerEvent: {}
[236.807756] (vision) StdoutLine: {'line': b'[ 57%] Built target booster_vision_calibration\n'}
[236.826113] (-) TimerEvent: {}
[236.858006] (vision) StdoutLine: {'line': b'[ 60%] \x1b[32mBuilding CXX object src/model/trt/CMakeFiles/yolov8_det.dir/yolov8_det.cpp.o\x1b[0m\n'}
[236.926296] (-) TimerEvent: {}
[237.027077] (-) TimerEvent: {}
[237.127594] (-) TimerEvent: {}
[237.228173] (-) TimerEvent: {}
[237.328705] (-) TimerEvent: {}
[237.429324] (-) TimerEvent: {}
[237.529801] (-) TimerEvent: {}
[237.630288] (-) TimerEvent: {}
[237.730745] (-) TimerEvent: {}
[237.831205] (-) TimerEvent: {}
[237.931786] (-) TimerEvent: {}
[238.032708] (-) TimerEvent: {}
[238.133266] (-) TimerEvent: {}
[238.236311] (-) TimerEvent: {}
[238.336927] (-) TimerEvent: {}
[238.437844] (-) TimerEvent: {}
[238.538488] (-) TimerEvent: {}
[238.639002] (-) TimerEvent: {}
[238.739545] (-) TimerEvent: {}
[238.840579] (-) TimerEvent: {}
[238.941060] (-) TimerEvent: {}
[239.041510] (-) TimerEvent: {}
[239.141951] (-) TimerEvent: {}
[239.243708] (-) TimerEvent: {}
[239.344369] (-) TimerEvent: {}
[239.445017] (-) TimerEvent: {}
[239.545557] (-) TimerEvent: {}
[239.646318] (-) TimerEvent: {}
[239.747323] (-) TimerEvent: {}
[239.847880] (-) TimerEvent: {}
[239.948333] (-) TimerEvent: {}
[240.048908] (-) TimerEvent: {}
[240.149622] (-) TimerEvent: {}
[240.250160] (-) TimerEvent: {}
[240.350760] (-) TimerEvent: {}
[240.451324] (-) TimerEvent: {}
[240.552178] (-) TimerEvent: {}
[240.652965] (-) TimerEvent: {}
[240.754104] (-) TimerEvent: {}
[240.855052] (-) TimerEvent: {}
[240.955846] (-) TimerEvent: {}
[241.057694] (-) TimerEvent: {}
[241.158181] (-) TimerEvent: {}
[241.258677] (-) TimerEvent: {}
[241.359717] (-) TimerEvent: {}
[241.460242] (-) TimerEvent: {}
[241.560811] (-) TimerEvent: {}
[241.661281] (-) TimerEvent: {}
[241.762697] (-) TimerEvent: {}
[241.863233] (-) TimerEvent: {}
[241.963808] (-) TimerEvent: {}
[242.064646] (-) TimerEvent: {}
[242.165306] (-) TimerEvent: {}
[242.265910] (-) TimerEvent: {}
[242.366464] (-) TimerEvent: {}
[242.466998] (-) TimerEvent: {}
[242.567890] (-) TimerEvent: {}
[242.642266] (vision) StdoutLine: {'line': b'[ 63%] \x1b[32m\x1b[1mLinking CXX executable yolov8_det\x1b[0m\n'}
[242.668072] (-) TimerEvent: {}
[242.768954] (-) TimerEvent: {}
[242.821462] (vision) StdoutLine: {'line': b'[ 63%] Built target yolov8_det\n'}
[242.854770] (vision) StdoutLine: {'line': b'[ 66%] \x1b[32mBuilding CXX object src/model/CMakeFiles/yolov8_model.dir/detector.cc.o\x1b[0m\n'}
[242.869157] (-) TimerEvent: {}
[242.969632] (-) TimerEvent: {}
[243.070144] (-) TimerEvent: {}
[243.170651] (-) TimerEvent: {}
[243.271192] (-) TimerEvent: {}
[243.371744] (-) TimerEvent: {}
[243.472455] (-) TimerEvent: {}
[243.573055] (-) TimerEvent: {}
[243.673654] (-) TimerEvent: {}
[243.774196] (-) TimerEvent: {}
[243.875340] (-) TimerEvent: {}
[243.976125] (-) TimerEvent: {}
[244.076808] (-) TimerEvent: {}
[244.177329] (-) TimerEvent: {}
[244.277854] (-) TimerEvent: {}
[244.378710] (-) TimerEvent: {}
[244.479403] (-) TimerEvent: {}
[244.580050] (-) TimerEvent: {}
[244.680773] (-) TimerEvent: {}
[244.781352] (-) TimerEvent: {}
[244.801465] (brain) StdoutLine: {'line': b'[ 36%] \x1b[32mBuilding CXX object CMakeFiles/brain_node.dir/src/brain_communication.cpp.o\x1b[0m\n'}
[244.881487] (-) TimerEvent: {}
[244.982977] (-) TimerEvent: {}
[245.083494] (-) TimerEvent: {}
[245.184050] (-) TimerEvent: {}
[245.284566] (-) TimerEvent: {}
[245.385141] (-) TimerEvent: {}
[245.485785] (-) TimerEvent: {}
[245.587607] (-) TimerEvent: {}
[245.688533] (-) TimerEvent: {}
[245.789191] (-) TimerEvent: {}
[245.889679] (-) TimerEvent: {}
[245.990196] (-) TimerEvent: {}
[246.090692] (-) TimerEvent: {}
[246.191172] (-) TimerEvent: {}
[246.292635] (-) TimerEvent: {}
[246.393161] (-) TimerEvent: {}
[246.493742] (-) TimerEvent: {}
[246.595243] (-) TimerEvent: {}
[246.695728] (-) TimerEvent: {}
[246.796219] (-) TimerEvent: {}
[246.896954] (-) TimerEvent: {}
[246.997465] (-) TimerEvent: {}
[247.097974] (-) TimerEvent: {}
[247.198537] (-) TimerEvent: {}
[247.299711] (-) TimerEvent: {}
[247.400193] (-) TimerEvent: {}
[247.500700] (-) TimerEvent: {}
[247.601477] (-) TimerEvent: {}
[247.701961] (-) TimerEvent: {}
[247.802505] (-) TimerEvent: {}
[247.903229] (-) TimerEvent: {}
[248.003754] (-) TimerEvent: {}
[248.104932] (-) TimerEvent: {}
[248.205414] (-) TimerEvent: {}
[248.305900] (-) TimerEvent: {}
[248.406812] (-) TimerEvent: {}
[248.507481] (-) TimerEvent: {}
[248.609192] (-) TimerEvent: {}
[248.709876] (-) TimerEvent: {}
[248.811084] (-) TimerEvent: {}
[248.911839] (-) TimerEvent: {}
[249.012600] (-) TimerEvent: {}
[249.113230] (-) TimerEvent: {}
[249.213754] (-) TimerEvent: {}
[249.314297] (-) TimerEvent: {}
[249.414803] (-) TimerEvent: {}
[249.515275] (-) TimerEvent: {}
[249.615838] (-) TimerEvent: {}
[249.716486] (-) TimerEvent: {}
[249.817131] (-) TimerEvent: {}
[249.917866] (-) TimerEvent: {}
[250.018410] (-) TimerEvent: {}
[250.118888] (-) TimerEvent: {}
[250.219485] (-) TimerEvent: {}
[250.320611] (-) TimerEvent: {}
[250.377285] (vision) StdoutLine: {'line': b'[ 69%] \x1b[32mBuilding CXX object src/model/CMakeFiles/yolov8_model.dir/segmentor.cc.o\x1b[0m\n'}
[250.420962] (-) TimerEvent: {}
[250.521434] (-) TimerEvent: {}
[250.621926] (-) TimerEvent: {}
[250.722426] (-) TimerEvent: {}
[250.823003] (-) TimerEvent: {}
[250.923475] (-) TimerEvent: {}
[251.023988] (-) TimerEvent: {}
[251.124505] (-) TimerEvent: {}
[251.225179] (-) TimerEvent: {}
[251.325704] (-) TimerEvent: {}
[251.426365] (-) TimerEvent: {}
[251.527167] (-) TimerEvent: {}
[251.627974] (-) TimerEvent: {}
[251.728912] (-) TimerEvent: {}
[251.829473] (-) TimerEvent: {}
[251.930014] (-) TimerEvent: {}
[252.030876] (-) TimerEvent: {}
[252.131387] (-) TimerEvent: {}
[252.231875] (-) TimerEvent: {}
[252.332339] (-) TimerEvent: {}
[252.433312] (-) TimerEvent: {}
[252.533827] (-) TimerEvent: {}
[252.634421] (-) TimerEvent: {}
[252.735009] (-) TimerEvent: {}
[252.835505] (-) TimerEvent: {}
[252.936248] (-) TimerEvent: {}
[253.037021] (-) TimerEvent: {}
[253.137609] (-) TimerEvent: {}
[253.238092] (-) TimerEvent: {}
[253.338576] (-) TimerEvent: {}
[253.439068] (-) TimerEvent: {}
[253.539690] (-) TimerEvent: {}
[253.640281] (-) TimerEvent: {}
[253.740799] (-) TimerEvent: {}
[253.841314] (-) TimerEvent: {}
[253.941861] (-) TimerEvent: {}
[254.042355] (-) TimerEvent: {}
[254.143219] (-) TimerEvent: {}
[254.243665] (-) TimerEvent: {}
[254.344450] (-) TimerEvent: {}
[254.445282] (-) TimerEvent: {}
[254.546111] (-) TimerEvent: {}
[254.646626] (-) TimerEvent: {}
[254.747399] (-) TimerEvent: {}
[254.848015] (-) TimerEvent: {}
[254.948550] (-) TimerEvent: {}
[255.049288] (-) TimerEvent: {}
[255.149855] (-) TimerEvent: {}
[255.250554] (-) TimerEvent: {}
[255.351389] (-) TimerEvent: {}
[255.451907] (-) TimerEvent: {}
[255.552508] (-) TimerEvent: {}
[255.653108] (-) TimerEvent: {}
[255.753981] (-) TimerEvent: {}
[255.857677] (-) TimerEvent: {}
[255.960135] (-) TimerEvent: {}
[256.061179] (-) TimerEvent: {}
[256.161724] (-) TimerEvent: {}
[256.262404] (-) TimerEvent: {}
[256.363296] (-) TimerEvent: {}
[256.463947] (-) TimerEvent: {}
[256.564466] (-) TimerEvent: {}
[256.665003] (-) TimerEvent: {}
[256.765568] (-) TimerEvent: {}
[256.866117] (-) TimerEvent: {}
[256.967031] (-) TimerEvent: {}
[257.067600] (-) TimerEvent: {}
[257.168094] (-) TimerEvent: {}
[257.268883] (-) TimerEvent: {}
[257.370087] (-) TimerEvent: {}
[257.375321] (vision) StdoutLine: {'line': b'[ 72%] \x1b[32m\x1b[1mLinking CXX shared library libyolov8_model.so\x1b[0m\n'}
[257.470107] (-) TimerEvent: {}
[257.570688] (-) TimerEvent: {}
[257.615689] (vision) StdoutLine: {'line': b'[ 72%] Built target yolov8_model\n'}
[257.657238] (vision) StdoutLine: {'line': b'[ 75%] \x1b[32mBuilding CXX object src/pose_estimator/CMakeFiles/booster_vision_pose_estimator.dir/pose_estimator.cpp.o\x1b[0m\n'}
[257.670842] (-) TimerEvent: {}
[257.771554] (-) TimerEvent: {}
[257.872021] (-) TimerEvent: {}
[257.972538] (-) TimerEvent: {}
[258.073074] (-) TimerEvent: {}
[258.180983] (-) TimerEvent: {}
[258.281527] (-) TimerEvent: {}
[258.382038] (-) TimerEvent: {}
[258.482626] (-) TimerEvent: {}
[258.583491] (-) TimerEvent: {}
[258.684010] (-) TimerEvent: {}
[258.784888] (-) TimerEvent: {}
[258.885399] (-) TimerEvent: {}
[258.986900] (-) TimerEvent: {}
[259.087432] (-) TimerEvent: {}
[259.187943] (-) TimerEvent: {}
[259.288446] (-) TimerEvent: {}
[259.388991] (-) TimerEvent: {}
[259.490777] (-) TimerEvent: {}
[259.591827] (-) TimerEvent: {}
[259.694000] (-) TimerEvent: {}
[259.794561] (-) TimerEvent: {}
[259.895195] (-) TimerEvent: {}
[259.995713] (-) TimerEvent: {}
[260.096221] (-) TimerEvent: {}
[260.196748] (-) TimerEvent: {}
[260.297452] (-) TimerEvent: {}
[260.398072] (-) TimerEvent: {}
[260.498593] (-) TimerEvent: {}
[260.599128] (-) TimerEvent: {}
[260.699691] (-) TimerEvent: {}
[260.800256] (-) TimerEvent: {}
[260.901302] (-) TimerEvent: {}
[261.001901] (-) TimerEvent: {}
[261.102470] (-) TimerEvent: {}
[261.204093] (-) TimerEvent: {}
[261.305174] (-) TimerEvent: {}
[261.405648] (-) TimerEvent: {}
[261.506141] (-) TimerEvent: {}
[261.606861] (-) TimerEvent: {}
[261.707420] (-) TimerEvent: {}
[261.808134] (-) TimerEvent: {}
[261.908962] (-) TimerEvent: {}
[262.009499] (-) TimerEvent: {}
[262.110093] (-) TimerEvent: {}
[262.211017] (-) TimerEvent: {}
[262.311555] (-) TimerEvent: {}
[262.412191] (-) TimerEvent: {}
[262.512737] (-) TimerEvent: {}
[262.613411] (-) TimerEvent: {}
[262.713983] (-) TimerEvent: {}
[262.814686] (-) TimerEvent: {}
[262.915281] (-) TimerEvent: {}
[263.015881] (-) TimerEvent: {}
[263.116494] (-) TimerEvent: {}
[263.217008] (-) TimerEvent: {}
[263.317525] (-) TimerEvent: {}
[263.418593] (-) TimerEvent: {}
[263.519164] (-) TimerEvent: {}
[263.619672] (-) TimerEvent: {}
[263.720176] (-) TimerEvent: {}
[263.821284] (-) TimerEvent: {}
[263.921815] (-) TimerEvent: {}
[264.022375] (-) TimerEvent: {}
[264.122935] (-) TimerEvent: {}
[264.223449] (-) TimerEvent: {}
[264.324005] (-) TimerEvent: {}
[264.424516] (-) TimerEvent: {}
[264.525697] (-) TimerEvent: {}
[264.626163] (-) TimerEvent: {}
[264.726665] (-) TimerEvent: {}
[264.827273] (-) TimerEvent: {}
[264.928197] (-) TimerEvent: {}
[265.028793] (-) TimerEvent: {}
[265.130407] (-) TimerEvent: {}
[265.232296] (-) TimerEvent: {}
[265.335190] (-) TimerEvent: {}
[265.435681] (-) TimerEvent: {}
[265.536173] (-) TimerEvent: {}
[265.636705] (-) TimerEvent: {}
[265.737268] (-) TimerEvent: {}
[265.838403] (-) TimerEvent: {}
[265.939007] (-) TimerEvent: {}
[266.040338] (-) TimerEvent: {}
[266.141014] (-) TimerEvent: {}
[266.242652] (-) TimerEvent: {}
[266.343310] (-) TimerEvent: {}
[266.443969] (-) TimerEvent: {}
[266.544542] (-) TimerEvent: {}
[266.645086] (-) TimerEvent: {}
[266.745612] (-) TimerEvent: {}
[266.846110] (-) TimerEvent: {}
[266.947005] (-) TimerEvent: {}
[267.047880] (-) TimerEvent: {}
[267.148388] (-) TimerEvent: {}
[267.249043] (-) TimerEvent: {}
[267.349873] (-) TimerEvent: {}
[267.450658] (-) TimerEvent: {}
[267.551477] (-) TimerEvent: {}
[267.652003] (-) TimerEvent: {}
[267.753163] (-) TimerEvent: {}
[267.853756] (-) TimerEvent: {}
[267.954609] (-) TimerEvent: {}
[268.055235] (-) TimerEvent: {}
[268.156047] (-) TimerEvent: {}
[268.256898] (-) TimerEvent: {}
[268.357458] (-) TimerEvent: {}
[268.458000] (-) TimerEvent: {}
[268.559224] (-) TimerEvent: {}
[268.659827] (-) TimerEvent: {}
[268.760323] (-) TimerEvent: {}
[268.860880] (-) TimerEvent: {}
[268.962258] (-) TimerEvent: {}
[269.065367] (-) TimerEvent: {}
[269.165911] (-) TimerEvent: {}
[269.267460] (-) TimerEvent: {}
[269.347543] (brain) StdoutLine: {'line': b'[ 39%] \x1b[32mBuilding CXX object CMakeFiles/brain_node.dir/src/brain_config.cpp.o\x1b[0m\n'}
[269.367660] (-) TimerEvent: {}
[269.468162] (-) TimerEvent: {}
[269.569054] (-) TimerEvent: {}
[269.669696] (-) TimerEvent: {}
[269.770336] (-) TimerEvent: {}
[269.870886] (-) TimerEvent: {}
[269.971421] (-) TimerEvent: {}
[270.071915] (-) TimerEvent: {}
[270.172384] (-) TimerEvent: {}
[270.273090] (-) TimerEvent: {}
[270.373799] (-) TimerEvent: {}
[270.474661] (-) TimerEvent: {}
[270.575170] (-) TimerEvent: {}
[270.675703] (-) TimerEvent: {}
[270.776358] (-) TimerEvent: {}
[270.877208] (-) TimerEvent: {}
[270.977915] (-) TimerEvent: {}
[271.078388] (-) TimerEvent: {}
[271.178912] (-) TimerEvent: {}
[271.279533] (-) TimerEvent: {}
[271.380720] (-) TimerEvent: {}
[271.481458] (-) TimerEvent: {}
[271.581962] (-) TimerEvent: {}
[271.682733] (-) TimerEvent: {}
[271.783377] (-) TimerEvent: {}
[271.884034] (-) TimerEvent: {}
[271.986139] (-) TimerEvent: {}
[272.087057] (-) TimerEvent: {}
[272.187587] (-) TimerEvent: {}
[272.288171] (-) TimerEvent: {}
[272.388746] (-) TimerEvent: {}
[272.489390] (-) TimerEvent: {}
[272.590053] (-) TimerEvent: {}
[272.690555] (-) TimerEvent: {}
[272.771471] (vision) StdoutLine: {'line': b'[ 78%] \x1b[32m\x1b[1mLinking CXX shared library libbooster_vision_pose_estimator.so\x1b[0m\n'}
[272.790696] (-) TimerEvent: {}
[272.891190] (-) TimerEvent: {}
[272.993331] (-) TimerEvent: {}
[273.093812] (-) TimerEvent: {}
[273.194343] (-) TimerEvent: {}
[273.294963] (-) TimerEvent: {}
[273.395658] (-) TimerEvent: {}
[273.496118] (-) TimerEvent: {}
[273.596617] (-) TimerEvent: {}
[273.697109] (-) TimerEvent: {}
[273.797601] (-) TimerEvent: {}
[273.803560] (vision) StdoutLine: {'line': b'[ 78%] Built target booster_vision_pose_estimator\n'}
[273.865098] (vision) StdoutLine: {'line': b'[ 81%] \x1b[32mBuilding CXX object src/CMakeFiles/vision_node.dir/main.cpp.o\x1b[0m\n'}
[273.897853] (-) TimerEvent: {}
[273.998599] (-) TimerEvent: {}
[274.099206] (-) TimerEvent: {}
[274.199786] (-) TimerEvent: {}
[274.300319] (-) TimerEvent: {}
[274.400882] (-) TimerEvent: {}
[274.501379] (-) TimerEvent: {}
[274.601935] (-) TimerEvent: {}
[274.702584] (-) TimerEvent: {}
[274.803114] (-) TimerEvent: {}
[274.903637] (-) TimerEvent: {}
[275.004201] (-) TimerEvent: {}
[275.105036] (-) TimerEvent: {}
[275.205761] (-) TimerEvent: {}
[275.307210] (-) TimerEvent: {}
[275.407993] (-) TimerEvent: {}
[275.508593] (-) TimerEvent: {}
[275.609230] (-) TimerEvent: {}
[275.709778] (-) TimerEvent: {}
[275.810442] (-) TimerEvent: {}
[275.911197] (-) TimerEvent: {}
[276.011763] (-) TimerEvent: {}
[276.112435] (-) TimerEvent: {}
[276.213134] (-) TimerEvent: {}
[276.313615] (-) TimerEvent: {}
[276.414106] (-) TimerEvent: {}
[276.514707] (-) TimerEvent: {}
[276.615329] (-) TimerEvent: {}
[276.716249] (-) TimerEvent: {}
[276.816922] (-) TimerEvent: {}
[276.917418] (-) TimerEvent: {}
[277.017860] (-) TimerEvent: {}
[277.118684] (-) TimerEvent: {}
[277.219430] (-) TimerEvent: {}
[277.319994] (-) TimerEvent: {}
[277.421486] (-) TimerEvent: {}
[277.522604] (-) TimerEvent: {}
[277.623109] (-) TimerEvent: {}
[277.723650] (-) TimerEvent: {}
[277.824289] (-) TimerEvent: {}
[277.926048] (-) TimerEvent: {}
[278.026545] (-) TimerEvent: {}
[278.127148] (-) TimerEvent: {}
[278.227724] (-) TimerEvent: {}
[278.329460] (-) TimerEvent: {}
[278.430013] (-) TimerEvent: {}
[278.530533] (-) TimerEvent: {}
[278.631075] (-) TimerEvent: {}
[278.731623] (-) TimerEvent: {}
[278.832145] (-) TimerEvent: {}
[278.932953] (-) TimerEvent: {}
[279.033441] (-) TimerEvent: {}
[279.134507] (-) TimerEvent: {}
[279.235905] (-) TimerEvent: {}
[279.336854] (-) TimerEvent: {}
[279.437920] (-) TimerEvent: {}
[279.538697] (-) TimerEvent: {}
[279.639436] (-) TimerEvent: {}
[279.739951] (-) TimerEvent: {}
[279.840619] (-) TimerEvent: {}
[279.941986] (-) TimerEvent: {}
[280.042544] (-) TimerEvent: {}
[280.143060] (-) TimerEvent: {}
[280.244942] (-) TimerEvent: {}
[280.345760] (-) TimerEvent: {}
[280.446271] (-) TimerEvent: {}
[280.546991] (-) TimerEvent: {}
[280.647754] (-) TimerEvent: {}
[280.748543] (-) TimerEvent: {}
[280.840847] (brain) StdoutLine: {'line': b'[ 41%] \x1b[32mBuilding CXX object CMakeFiles/brain_node.dir/src/brain_data.cpp.o\x1b[0m\n'}
[280.848726] (-) TimerEvent: {}
[280.949308] (-) TimerEvent: {}
[281.049819] (-) TimerEvent: {}
[281.150399] (-) TimerEvent: {}
[281.250919] (-) TimerEvent: {}
[281.351505] (-) TimerEvent: {}
[281.452069] (-) TimerEvent: {}
[281.552572] (-) TimerEvent: {}
[281.653213] (-) TimerEvent: {}
[281.753694] (-) TimerEvent: {}
[281.854227] (-) TimerEvent: {}
[281.954753] (-) TimerEvent: {}
[282.055276] (-) TimerEvent: {}
[282.156300] (-) TimerEvent: {}
[282.256923] (-) TimerEvent: {}
[282.357471] (-) TimerEvent: {}
[282.458009] (-) TimerEvent: {}
[282.558547] (-) TimerEvent: {}
[282.659138] (-) TimerEvent: {}
[282.759702] (-) TimerEvent: {}
[282.860286] (-) TimerEvent: {}
[282.960738] (-) TimerEvent: {}
[283.061248] (-) TimerEvent: {}
[283.161809] (-) TimerEvent: {}
[283.262323] (-) TimerEvent: {}
[283.362874] (-) TimerEvent: {}
[283.463405] (-) TimerEvent: {}
[283.563959] (-) TimerEvent: {}
[283.664538] (-) TimerEvent: {}
[283.765103] (-) TimerEvent: {}
[283.865606] (-) TimerEvent: {}
[283.966121] (-) TimerEvent: {}
[284.066726] (-) TimerEvent: {}
[284.167247] (-) TimerEvent: {}
[284.267756] (-) TimerEvent: {}
[284.368307] (-) TimerEvent: {}
[284.468872] (-) TimerEvent: {}
[284.569392] (-) TimerEvent: {}
[284.669962] (-) TimerEvent: {}
[284.770723] (-) TimerEvent: {}
[284.871281] (-) TimerEvent: {}
[284.971830] (-) TimerEvent: {}
[285.072411] (-) TimerEvent: {}
[285.173272] (-) TimerEvent: {}
[285.273827] (-) TimerEvent: {}
[285.374324] (-) TimerEvent: {}
[285.474893] (-) TimerEvent: {}
[285.575494] (-) TimerEvent: {}
[285.676022] (-) TimerEvent: {}
[285.776513] (-) TimerEvent: {}
[285.877027] (-) TimerEvent: {}
[285.977645] (-) TimerEvent: {}
[286.078150] (-) TimerEvent: {}
[286.178758] (-) TimerEvent: {}
[286.279277] (-) TimerEvent: {}
[286.380723] (-) TimerEvent: {}
[286.481399] (-) TimerEvent: {}
[286.582002] (-) TimerEvent: {}
[286.682528] (-) TimerEvent: {}
[286.783077] (-) TimerEvent: {}
[286.883710] (-) TimerEvent: {}
[286.984934] (-) TimerEvent: {}
[287.048453] (vision) StdoutLine: {'line': b'[ 84%] \x1b[32mBuilding CXX object src/CMakeFiles/vision_node.dir/vision_node.cpp.o\x1b[0m\n'}
[287.085077] (-) TimerEvent: {}
[287.185635] (-) TimerEvent: {}
[287.286186] (-) TimerEvent: {}
[287.386850] (-) TimerEvent: {}
[287.487708] (-) TimerEvent: {}
[287.588604] (-) TimerEvent: {}
[287.689111] (-) TimerEvent: {}
[287.789610] (-) TimerEvent: {}
[287.890681] (-) TimerEvent: {}
[287.991237] (-) TimerEvent: {}
[288.091905] (-) TimerEvent: {}
[288.192424] (-) TimerEvent: {}
[288.293187] (-) TimerEvent: {}
[288.393676] (-) TimerEvent: {}
[288.494723] (-) TimerEvent: {}
[288.595214] (-) TimerEvent: {}
[288.695740] (-) TimerEvent: {}
[288.796261] (-) TimerEvent: {}
[288.896845] (-) TimerEvent: {}
[288.997346] (-) TimerEvent: {}
[289.097901] (-) TimerEvent: {}
[289.198680] (-) TimerEvent: {}
[289.299244] (-) TimerEvent: {}
[289.399769] (-) TimerEvent: {}
[289.500330] (-) TimerEvent: {}
[289.600885] (-) TimerEvent: {}
[289.702166] (-) TimerEvent: {}
[289.802679] (-) TimerEvent: {}
[289.903195] (-) TimerEvent: {}
[290.003704] (-) TimerEvent: {}
[290.104439] (-) TimerEvent: {}
[290.205397] (-) TimerEvent: {}
[290.305916] (-) TimerEvent: {}
[290.406434] (-) TimerEvent: {}
[290.507334] (-) TimerEvent: {}
[290.608266] (-) TimerEvent: {}
[290.709809] (-) TimerEvent: {}
[290.810765] (-) TimerEvent: {}
[290.911389] (-) TimerEvent: {}
[291.011918] (-) TimerEvent: {}
[291.112474] (-) TimerEvent: {}
[291.213100] (-) TimerEvent: {}
[291.313624] (-) TimerEvent: {}
[291.414158] (-) TimerEvent: {}
[291.514637] (-) TimerEvent: {}
[291.615194] (-) TimerEvent: {}
[291.715876] (-) TimerEvent: {}
[291.816413] (-) TimerEvent: {}
[291.916956] (-) TimerEvent: {}
[292.017567] (-) TimerEvent: {}
[292.118213] (-) TimerEvent: {}
[292.218713] (-) TimerEvent: {}
[292.319204] (-) TimerEvent: {}
[292.419719] (-) TimerEvent: {}
[292.520233] (-) TimerEvent: {}
[292.620700] (-) TimerEvent: {}
[292.721253] (-) TimerEvent: {}
[292.821847] (-) TimerEvent: {}
[292.922377] (-) TimerEvent: {}
[293.023790] (-) TimerEvent: {}
[293.124275] (-) TimerEvent: {}
[293.224876] (-) TimerEvent: {}
[293.325456] (-) TimerEvent: {}
[293.332935] (brain) StdoutLine: {'line': b'[ 43%] \x1b[32mBuilding CXX object CMakeFiles/brain_node.dir/src/brain_log.cpp.o\x1b[0m\n'}
[293.425607] (-) TimerEvent: {}
[293.526122] (-) TimerEvent: {}
[293.626606] (-) TimerEvent: {}
[293.727737] (-) TimerEvent: {}
[293.828243] (-) TimerEvent: {}
[293.928731] (-) TimerEvent: {}
[294.030932] (-) TimerEvent: {}
[294.131830] (-) TimerEvent: {}
[294.232354] (-) TimerEvent: {}
[294.332907] (-) TimerEvent: {}
[294.433489] (-) TimerEvent: {}
[294.533994] (-) TimerEvent: {}
[294.634490] (-) TimerEvent: {}
[294.735057] (-) TimerEvent: {}
[294.835598] (-) TimerEvent: {}
[294.936191] (-) TimerEvent: {}
[295.036716] (-) TimerEvent: {}
[295.137332] (-) TimerEvent: {}
[295.237854] (-) TimerEvent: {}
[295.341208] (-) TimerEvent: {}
[295.441886] (-) TimerEvent: {}
[295.543492] (-) TimerEvent: {}
[295.644627] (-) TimerEvent: {}
[295.745138] (-) TimerEvent: {}
[295.845740] (-) TimerEvent: {}
[295.946276] (-) TimerEvent: {}
[296.046835] (-) TimerEvent: {}
[296.147472] (-) TimerEvent: {}
[296.248601] (-) TimerEvent: {}
[296.349092] (-) TimerEvent: {}
[296.449600] (-) TimerEvent: {}
[296.551658] (-) TimerEvent: {}
[296.652298] (-) TimerEvent: {}
[296.752913] (-) TimerEvent: {}
[296.853445] (-) TimerEvent: {}
[296.954054] (-) TimerEvent: {}
[297.054589] (-) TimerEvent: {}
[297.155101] (-) TimerEvent: {}
[297.255970] (-) TimerEvent: {}
[297.356486] (-) TimerEvent: {}
[297.457294] (-) TimerEvent: {}
[297.557845] (-) TimerEvent: {}
[297.658442] (-) TimerEvent: {}
[297.758934] (-) TimerEvent: {}
[297.859429] (-) TimerEvent: {}
[297.960023] (-) TimerEvent: {}
[298.060531] (-) TimerEvent: {}
[298.161514] (-) TimerEvent: {}
[298.262258] (-) TimerEvent: {}
[298.363295] (-) TimerEvent: {}
[298.463902] (-) TimerEvent: {}
[298.564490] (-) TimerEvent: {}
[298.665078] (-) TimerEvent: {}
[298.765634] (-) TimerEvent: {}
[298.866136] (-) TimerEvent: {}
[298.966676] (-) TimerEvent: {}
[299.067228] (-) TimerEvent: {}
[299.167795] (-) TimerEvent: {}
[299.268375] (-) TimerEvent: {}
[299.369592] (-) TimerEvent: {}
[299.470098] (-) TimerEvent: {}
[299.570557] (-) TimerEvent: {}
[299.672928] (-) TimerEvent: {}
[299.773520] (-) TimerEvent: {}
[299.874000] (-) TimerEvent: {}
[299.974756] (-) TimerEvent: {}
[300.075482] (-) TimerEvent: {}
[300.176106] (-) TimerEvent: {}
[300.277132] (-) TimerEvent: {}
[300.378158] (-) TimerEvent: {}
[300.480151] (-) TimerEvent: {}
[300.580829] (-) TimerEvent: {}
[300.681377] (-) TimerEvent: {}
[300.781906] (-) TimerEvent: {}
[300.882697] (-) TimerEvent: {}
[300.983163] (-) TimerEvent: {}
[301.083651] (-) TimerEvent: {}
[301.184133] (-) TimerEvent: {}
[301.285340] (-) TimerEvent: {}
[301.385898] (-) TimerEvent: {}
[301.486391] (-) TimerEvent: {}
[301.586961] (-) TimerEvent: {}
[301.687519] (-) TimerEvent: {}
[301.788128] (-) TimerEvent: {}
[301.888740] (-) TimerEvent: {}
[301.989478] (-) TimerEvent: {}
[302.089956] (-) TimerEvent: {}
[302.190879] (-) TimerEvent: {}
[302.291999] (-) TimerEvent: {}
[302.392860] (-) TimerEvent: {}
[302.493306] (-) TimerEvent: {}
[302.593901] (-) TimerEvent: {}
[302.694352] (-) TimerEvent: {}
[302.794928] (-) TimerEvent: {}
[302.895449] (-) TimerEvent: {}
[302.995952] (-) TimerEvent: {}
[303.096449] (-) TimerEvent: {}
[303.197222] (-) TimerEvent: {}
[303.297730] (-) TimerEvent: {}
[303.398283] (-) TimerEvent: {}
[303.499254] (-) TimerEvent: {}
[303.599806] (-) TimerEvent: {}
[303.700397] (-) TimerEvent: {}
[303.802058] (-) TimerEvent: {}
[303.902582] (-) TimerEvent: {}
[304.004062] (-) TimerEvent: {}
[304.105087] (-) TimerEvent: {}
[304.206161] (-) TimerEvent: {}
[304.307397] (-) TimerEvent: {}
[304.408013] (-) TimerEvent: {}
[304.508574] (-) TimerEvent: {}
[304.609271] (-) TimerEvent: {}
[304.709856] (-) TimerEvent: {}
[304.810429] (-) TimerEvent: {}
[304.911082] (-) TimerEvent: {}
[305.011646] (-) TimerEvent: {}
[305.112144] (-) TimerEvent: {}
[305.213007] (-) TimerEvent: {}
[305.314019] (-) TimerEvent: {}
[305.414557] (-) TimerEvent: {}
[305.516647] (-) TimerEvent: {}
[305.617416] (-) TimerEvent: {}
[305.718066] (-) TimerEvent: {}
[305.818551] (-) TimerEvent: {}
[305.919089] (-) TimerEvent: {}
[306.019830] (-) TimerEvent: {}
[306.120316] (-) TimerEvent: {}
[306.221695] (-) TimerEvent: {}
[306.322139] (-) TimerEvent: {}
[306.422711] (-) TimerEvent: {}
[306.523700] (-) TimerEvent: {}
[306.624365] (-) TimerEvent: {}
[306.725176] (-) TimerEvent: {}
[306.826261] (-) TimerEvent: {}
[306.926730] (-) TimerEvent: {}
[307.027512] (-) TimerEvent: {}
[307.128994] (-) TimerEvent: {}
[307.229468] (-) TimerEvent: {}
[307.330302] (-) TimerEvent: {}
[307.432563] (-) TimerEvent: {}
[307.534465] (-) TimerEvent: {}
[307.635152] (-) TimerEvent: {}
[307.735918] (-) TimerEvent: {}
[307.836410] (-) TimerEvent: {}
[307.937398] (-) TimerEvent: {}
[308.038281] (-) TimerEvent: {}
[308.138842] (-) TimerEvent: {}
[308.239491] (-) TimerEvent: {}
[308.340122] (-) TimerEvent: {}
[308.440666] (-) TimerEvent: {}
[308.541173] (-) TimerEvent: {}
[308.642001] (-) TimerEvent: {}
[308.742639] (-) TimerEvent: {}
[308.843201] (-) TimerEvent: {}
[308.943749] (-) TimerEvent: {}
[309.044722] (-) TimerEvent: {}
[309.145860] (-) TimerEvent: {}
[309.246436] (-) TimerEvent: {}
[309.347262] (-) TimerEvent: {}
[309.447789] (-) TimerEvent: {}
[309.548405] (-) TimerEvent: {}
[309.648915] (-) TimerEvent: {}
[309.749728] (-) TimerEvent: {}
[309.850259] (-) TimerEvent: {}
[309.950787] (-) TimerEvent: {}
[310.051315] (-) TimerEvent: {}
[310.151913] (-) TimerEvent: {}
[310.252843] (-) TimerEvent: {}
[310.353384] (-) TimerEvent: {}
[310.453935] (-) TimerEvent: {}
[310.554424] (-) TimerEvent: {}
[310.654930] (-) TimerEvent: {}
[310.755477] (-) TimerEvent: {}
[310.856354] (-) TimerEvent: {}
[310.956899] (-) TimerEvent: {}
[311.057437] (-) TimerEvent: {}
[311.157998] (-) TimerEvent: {}
[311.258723] (-) TimerEvent: {}
[311.360113] (-) TimerEvent: {}
[311.460592] (-) TimerEvent: {}
[311.561205] (-) TimerEvent: {}
[311.662244] (-) TimerEvent: {}
[311.762797] (-) TimerEvent: {}
[311.863400] (-) TimerEvent: {}
[311.963955] (-) TimerEvent: {}
[312.064481] (-) TimerEvent: {}
[312.165027] (-) TimerEvent: {}
[312.265576] (-) TimerEvent: {}
[312.366128] (-) TimerEvent: {}
[312.466635] (-) TimerEvent: {}
[312.567130] (-) TimerEvent: {}
[312.667786] (-) TimerEvent: {}
[312.768335] (-) TimerEvent: {}
[312.868925] (-) TimerEvent: {}
[312.969404] (-) TimerEvent: {}
[313.069957] (-) TimerEvent: {}
[313.170605] (-) TimerEvent: {}
[313.271181] (-) TimerEvent: {}
[313.371736] (-) TimerEvent: {}
[313.472265] (-) TimerEvent: {}
[313.572790] (-) TimerEvent: {}
[313.673302] (-) TimerEvent: {}
[313.773761] (-) TimerEvent: {}
[313.874297] (-) TimerEvent: {}
[313.974821] (-) TimerEvent: {}
[314.075372] (-) TimerEvent: {}
[314.177127] (-) TimerEvent: {}
[314.277721] (-) TimerEvent: {}
[314.378320] (-) TimerEvent: {}
[314.478857] (-) TimerEvent: {}
[314.579374] (-) TimerEvent: {}
[314.679982] (-) TimerEvent: {}
[314.780588] (-) TimerEvent: {}
[314.881148] (-) TimerEvent: {}
[314.982723] (-) TimerEvent: {}
[315.083182] (-) TimerEvent: {}
[315.183735] (-) TimerEvent: {}
[315.284352] (-) TimerEvent: {}
[315.385246] (-) TimerEvent: {}
[315.485781] (-) TimerEvent: {}
[315.586710] (-) TimerEvent: {}
[315.687240] (-) TimerEvent: {}
[315.787767] (-) TimerEvent: {}
[315.888440] (-) TimerEvent: {}
[315.989059] (-) TimerEvent: {}
[316.089577] (-) TimerEvent: {}
[316.190076] (-) TimerEvent: {}
[316.290677] (-) TimerEvent: {}
[316.391162] (-) TimerEvent: {}
[316.491651] (-) TimerEvent: {}
[316.592133] (-) TimerEvent: {}
[316.692692] (-) TimerEvent: {}
[316.793197] (-) TimerEvent: {}
[316.893782] (-) TimerEvent: {}
[316.994666] (-) TimerEvent: {}
[317.095116] (-) TimerEvent: {}
[317.195575] (-) TimerEvent: {}
[317.296078] (-) TimerEvent: {}
[317.396574] (-) TimerEvent: {}
[317.497136] (-) TimerEvent: {}
[317.598416] (-) TimerEvent: {}
[317.699050] (-) TimerEvent: {}
[317.799611] (-) TimerEvent: {}
[317.900516] (-) TimerEvent: {}
[318.001139] (-) TimerEvent: {}
[318.102039] (-) TimerEvent: {}
[318.202589] (-) TimerEvent: {}
[318.303585] (-) TimerEvent: {}
[318.404259] (-) TimerEvent: {}
[318.507134] (-) TimerEvent: {}
[318.607641] (-) TimerEvent: {}
[318.708818] (-) TimerEvent: {}
[318.809379] (-) TimerEvent: {}
[318.910809] (-) TimerEvent: {}
[319.011548] (-) TimerEvent: {}
[319.112062] (-) TimerEvent: {}
[319.212633] (-) TimerEvent: {}
[319.313200] (-) TimerEvent: {}
[319.413672] (-) TimerEvent: {}
[319.514431] (-) TimerEvent: {}
[319.615504] (-) TimerEvent: {}
[319.716001] (-) TimerEvent: {}
[319.816602] (-) TimerEvent: {}
[319.917105] (-) TimerEvent: {}
[320.017902] (-) TimerEvent: {}
[320.118462] (-) TimerEvent: {}
[320.219016] (-) TimerEvent: {}
[320.319757] (-) TimerEvent: {}
[320.423462] (-) TimerEvent: {}
[320.523994] (-) TimerEvent: {}
[320.625244] (-) TimerEvent: {}
[320.725694] (-) TimerEvent: {}
[320.826545] (-) TimerEvent: {}
[320.931354] (-) TimerEvent: {}
[320.978723] (brain) StdoutLine: {'line': b'[ 46%] \x1b[32mBuilding CXX object CMakeFiles/brain_node.dir/src/brain_tree.cpp.o\x1b[0m\n'}
[321.031759] (-) TimerEvent: {}
[321.132461] (-) TimerEvent: {}
[321.233010] (-) TimerEvent: {}
[321.333696] (-) TimerEvent: {}
[321.434679] (-) TimerEvent: {}
[321.535629] (-) TimerEvent: {}
[321.636249] (-) TimerEvent: {}
[321.736938] (-) TimerEvent: {}
[321.837517] (-) TimerEvent: {}
[321.938006] (-) TimerEvent: {}
[322.038562] (-) TimerEvent: {}
[322.139101] (-) TimerEvent: {}
[322.240266] (-) TimerEvent: {}
[322.340877] (-) TimerEvent: {}
[322.441430] (-) TimerEvent: {}
[322.542000] (-) TimerEvent: {}
[322.642584] (-) TimerEvent: {}
[322.743321] (-) TimerEvent: {}
[322.844063] (-) TimerEvent: {}
[322.944684] (-) TimerEvent: {}
[323.045504] (-) TimerEvent: {}
[323.146010] (-) TimerEvent: {}
[323.246816] (-) TimerEvent: {}
[323.347640] (-) TimerEvent: {}
[323.448343] (-) TimerEvent: {}
[323.548875] (-) TimerEvent: {}
[323.649412] (-) TimerEvent: {}
[323.749993] (-) TimerEvent: {}
[323.850669] (-) TimerEvent: {}
[323.951459] (-) TimerEvent: {}
[324.052050] (-) TimerEvent: {}
[324.153097] (-) TimerEvent: {}
[324.253691] (-) TimerEvent: {}
[324.357976] (-) TimerEvent: {}
[324.458741] (-) TimerEvent: {}
[324.559413] (-) TimerEvent: {}
[324.660050] (-) TimerEvent: {}
[324.760612] (-) TimerEvent: {}
[324.861589] (-) TimerEvent: {}
[324.962442] (-) TimerEvent: {}
[325.062987] (-) TimerEvent: {}
[325.163573] (-) TimerEvent: {}
[325.264087] (-) TimerEvent: {}
[325.366732] (-) TimerEvent: {}
[325.467428] (-) TimerEvent: {}
[325.567991] (-) TimerEvent: {}
[325.668457] (-) TimerEvent: {}
[325.768985] (-) TimerEvent: {}
[325.869466] (-) TimerEvent: {}
[325.969974] (-) TimerEvent: {}
[326.070570] (-) TimerEvent: {}
[326.172881] (-) TimerEvent: {}
[326.273364] (-) TimerEvent: {}
[326.373916] (-) TimerEvent: {}
[326.474350] (-) TimerEvent: {}
[326.574796] (-) TimerEvent: {}
[326.675289] (-) TimerEvent: {}
[326.775866] (-) TimerEvent: {}
[326.876410] (-) TimerEvent: {}
[326.977073] (-) TimerEvent: {}
[327.078760] (-) TimerEvent: {}
[327.179410] (-) TimerEvent: {}
[327.279952] (-) TimerEvent: {}
[327.380434] (-) TimerEvent: {}
[327.481053] (-) TimerEvent: {}
[327.581565] (-) TimerEvent: {}
[327.682114] (-) TimerEvent: {}
[327.782626] (-) TimerEvent: {}
[327.883243] (-) TimerEvent: {}
[327.983853] (-) TimerEvent: {}
[328.084710] (-) TimerEvent: {}
[328.185298] (-) TimerEvent: {}
[328.285784] (-) TimerEvent: {}
[328.386467] (-) TimerEvent: {}
[328.487195] (-) TimerEvent: {}
[328.587840] (-) TimerEvent: {}
[328.688387] (-) TimerEvent: {}
[328.788861] (-) TimerEvent: {}
[328.892771] (-) TimerEvent: {}
[328.994145] (-) TimerEvent: {}
[329.094820] (-) TimerEvent: {}
[329.195442] (-) TimerEvent: {}
[329.295999] (-) TimerEvent: {}
[329.396528] (-) TimerEvent: {}
[329.497059] (-) TimerEvent: {}
[329.598179] (-) TimerEvent: {}
[329.699454] (-) TimerEvent: {}
[329.800566] (-) TimerEvent: {}
[329.901134] (-) TimerEvent: {}
[330.001621] (-) TimerEvent: {}
[330.102085] (-) TimerEvent: {}
[330.203584] (-) TimerEvent: {}
[330.304290] (-) TimerEvent: {}
[330.404825] (-) TimerEvent: {}
[330.505260] (-) TimerEvent: {}
[330.605791] (-) TimerEvent: {}
[330.706351] (-) TimerEvent: {}
[330.807006] (-) TimerEvent: {}
[330.907553] (-) TimerEvent: {}
[331.008178] (-) TimerEvent: {}
[331.108659] (-) TimerEvent: {}
[331.209249] (-) TimerEvent: {}
[331.310789] (-) TimerEvent: {}
[331.411466] (-) TimerEvent: {}
[331.512255] (-) TimerEvent: {}
[331.612827] (-) TimerEvent: {}
[331.713346] (-) TimerEvent: {}
[331.813837] (-) TimerEvent: {}
[331.914389] (-) TimerEvent: {}
[332.015026] (-) TimerEvent: {}
[332.115812] (-) TimerEvent: {}
[332.216398] (-) TimerEvent: {}
[332.317016] (-) TimerEvent: {}
[332.418187] (-) TimerEvent: {}
[332.518826] (-) TimerEvent: {}
[332.619331] (-) TimerEvent: {}
[332.719823] (-) TimerEvent: {}
[332.820288] (-) TimerEvent: {}
[332.920909] (-) TimerEvent: {}
[333.021618] (-) TimerEvent: {}
[333.122258] (-) TimerEvent: {}
[333.222902] (-) TimerEvent: {}
[333.323405] (-) TimerEvent: {}
[333.423916] (-) TimerEvent: {}
[333.524510] (-) TimerEvent: {}
[333.625644] (-) TimerEvent: {}
[333.726221] (-) TimerEvent: {}
[333.826757] (-) TimerEvent: {}
[333.927413] (-) TimerEvent: {}
[334.028095] (-) TimerEvent: {}
[334.128696] (-) TimerEvent: {}
[334.229425] (-) TimerEvent: {}
[334.330030] (-) TimerEvent: {}
[334.430617] (-) TimerEvent: {}
[334.532059] (-) TimerEvent: {}
[334.632546] (-) TimerEvent: {}
[334.733231] (-) TimerEvent: {}
[334.833727] (-) TimerEvent: {}
[334.934310] (-) TimerEvent: {}
[335.035017] (-) TimerEvent: {}
[335.135606] (-) TimerEvent: {}
[335.236128] (-) TimerEvent: {}
[335.336630] (-) TimerEvent: {}
[335.437181] (-) TimerEvent: {}
[335.537697] (-) TimerEvent: {}
[335.638726] (-) TimerEvent: {}
[335.739334] (-) TimerEvent: {}
[335.839914] (-) TimerEvent: {}
[335.940366] (-) TimerEvent: {}
[336.041251] (-) TimerEvent: {}
[336.141828] (-) TimerEvent: {}
[336.242386] (-) TimerEvent: {}
[336.342938] (-) TimerEvent: {}
[336.443450] (-) TimerEvent: {}
[336.544297] (-) TimerEvent: {}
[336.644869] (-) TimerEvent: {}
[336.745593] (-) TimerEvent: {}
[336.846291] (-) TimerEvent: {}
[336.946811] (-) TimerEvent: {}
[337.048522] (-) TimerEvent: {}
[337.149060] (-) TimerEvent: {}
[337.249655] (-) TimerEvent: {}
[337.350295] (-) TimerEvent: {}
[337.451434] (-) TimerEvent: {}
[337.551983] (-) TimerEvent: {}
[337.652550] (-) TimerEvent: {}
[337.753358] (-) TimerEvent: {}
[337.854083] (-) TimerEvent: {}
[337.954837] (-) TimerEvent: {}
[338.055639] (-) TimerEvent: {}
[338.156302] (-) TimerEvent: {}
[338.257277] (-) TimerEvent: {}
[338.357814] (-) TimerEvent: {}
[338.458365] (-) TimerEvent: {}
[338.558876] (-) TimerEvent: {}
[338.659573] (-) TimerEvent: {}
[338.709062] (vision) StdoutLine: {'line': b'[ 87%] \x1b[32mBuilding CXX object src/CMakeFiles/vision_node.dir/img_bridge.cpp.o\x1b[0m\n'}
[338.759729] (-) TimerEvent: {}
[338.860578] (-) TimerEvent: {}
[338.961116] (-) TimerEvent: {}
[339.062054] (-) TimerEvent: {}
[339.162613] (-) TimerEvent: {}
[339.263731] (-) TimerEvent: {}
[339.364384] (-) TimerEvent: {}
[339.464940] (-) TimerEvent: {}
[339.566290] (-) TimerEvent: {}
[339.666809] (-) TimerEvent: {}
[339.767383] (-) TimerEvent: {}
[339.867847] (-) TimerEvent: {}
[339.968324] (-) TimerEvent: {}
[340.069318] (-) TimerEvent: {}
[340.169828] (-) TimerEvent: {}
[340.270356] (-) TimerEvent: {}
[340.371032] (-) TimerEvent: {}
[340.471803] (-) TimerEvent: {}
[340.502121] (brain) StderrLine: {'line': b'\x1b[01m\x1b[K/home/booster/Workspace/Booster_T1_3v3_Demo/src/brain/src/brain_tree.cpp:\x1b[m\x1b[K In member function \xe2\x80\x98\x1b[01m\x1b[Kvirtual BT::NodeStatus Y_Keeper::tick()\x1b[m\x1b[K\xe2\x80\x99:\n'}
[340.502798] (brain) StderrLine: {'line': b'\x1b[01m\x1b[K/home/booster/Workspace/Booster_T1_3v3_Demo/src/brain/src/brain_tree.cpp:2376:23:\x1b[m\x1b[K \x1b[01;35m\x1b[Kwarning: \x1b[m\x1b[Ksuggest parentheses around assignment used as truth value [\x1b[01;35m\x1b[K\x1b]8;;https://gcc.gnu.org/onlinedocs/gcc/Warning-Options.html#index-Wparentheses\x07-Wparentheses\x1b]8;;\x07\x1b[m\x1b[K]\n'}
[340.503007] (brain) StderrLine: {'line': b' 2376 |              if (\x1b[01;35m\x1b[KtmID = brain->config->playerId\x1b[m\x1b[K)\n'}
[340.503260] (brain) StderrLine: {'line': b'      |                  \x1b[01;35m\x1b[K~~~~~^~~~~~~~~~~~~~~~~~~~~~~~~\x1b[m\x1b[K\n'}
[340.572044] (-) TimerEvent: {}
[340.672992] (-) TimerEvent: {}
[340.773626] (-) TimerEvent: {}
[340.874124] (-) TimerEvent: {}
[340.974829] (-) TimerEvent: {}
[341.075505] (-) TimerEvent: {}
[341.176689] (-) TimerEvent: {}
[341.277254] (-) TimerEvent: {}
[341.377864] (-) TimerEvent: {}
[341.478559] (-) TimerEvent: {}
[341.579304] (-) TimerEvent: {}
[341.679854] (-) TimerEvent: {}
[341.780347] (-) TimerEvent: {}
[341.880898] (-) TimerEvent: {}
[341.981466] (-) TimerEvent: {}
[342.082956] (-) TimerEvent: {}
[342.183501] (-) TimerEvent: {}
[342.240579] (brain) StderrLine: {'line': b'In file included from \x1b[01m\x1b[K/usr/include/c++/11/bits/stl_algobase.h:64\x1b[m\x1b[K,\n'}
[342.241314] (brain) StderrLine: {'line': b'                 from \x1b[01m\x1b[K/usr/include/c++/11/bits/specfun.h:45\x1b[m\x1b[K,\n'}
[342.241543] (brain) StderrLine: {'line': b'                 from \x1b[01m\x1b[K/usr/include/c++/11/cmath:1935\x1b[m\x1b[K,\n'}
[342.241727] (brain) StderrLine: {'line': b'                 from \x1b[01m\x1b[K/home/booster/Workspace/Booster_T1_3v3_Demo/src/brain/src/brain_tree.cpp:1\x1b[m\x1b[K:\n'}
[342.241958] (brain) StderrLine: {'line': b'/usr/include/c++/11/bits/stl_pair.h: In instantiation of \xe2\x80\x98\x1b[01m\x1b[Kconstexpr std::pair<typename std::__strip_reference_wrapper<typename std::decay<_Tp>::type>::__type, typename std::__strip_reference_wrapper<typename std::decay<_Tp2>::type>::__type> std::make_pair(_T1&&, _T2&&) [with _T1 = double; _T2 = const double&; typename std::__strip_reference_wrapper<typename std::decay<_Tp2>::type>::__type = double; typename std::decay<_Tp2>::type = double; typename std::__strip_reference_wrapper<typename std::decay<_Tp>::type>::__type = double; typename std::decay<_Tp>::type = double]\x1b[m\x1b[K\xe2\x80\x99:\n'}
[342.242137] (brain) StderrLine: {'line': b'\x1b[01m\x1b[K/home/booster/Workspace/Booster_T1_3v3_Demo/src/brain/src/brain_tree.cpp:2652:26:\x1b[m\x1b[K   required from here\n'}
[342.242309] (brain) StderrLine: {'line': b'\x1b[01m\x1b[K/usr/include/c++/11/bits/stl_pair.h:567:5:\x1b[m\x1b[K \x1b[01;36m\x1b[Knote: \x1b[m\x1b[Kparameter passing for argument of type \xe2\x80\x98\x1b[01m\x1b[Kstd::pair<double, double>\x1b[m\x1b[K\xe2\x80\x99 when C++17 is enabled changed to match C++14 \x1b]8;;https://gcc.gnu.org/gcc-10/changes.html#empty_base\x07in GCC 10.1\x1b]8;;\x07\n'}
[342.242569] (brain) StderrLine: {'line': b'  567 |     \x1b[01;36m\x1b[Kmake_pair\x1b[m\x1b[K(_T1&& __x, _T2&& __y)\n'}
[342.242756] (brain) StderrLine: {'line': b'      |     \x1b[01;36m\x1b[K^~~~~~~~~\x1b[m\x1b[K\n'}
[342.283628] (-) TimerEvent: {}
[342.384135] (-) TimerEvent: {}
[342.484637] (-) TimerEvent: {}
[342.585125] (-) TimerEvent: {}
[342.685698] (-) TimerEvent: {}
[342.786208] (-) TimerEvent: {}
[342.886723] (-) TimerEvent: {}
[342.988065] (-) TimerEvent: {}
[343.088903] (-) TimerEvent: {}
[343.190044] (-) TimerEvent: {}
[343.290566] (-) TimerEvent: {}
[343.391137] (-) TimerEvent: {}
[343.491776] (-) TimerEvent: {}
[343.592556] (-) TimerEvent: {}
[343.693087] (-) TimerEvent: {}
[343.793554] (-) TimerEvent: {}
[343.894068] (-) TimerEvent: {}
[343.994640] (-) TimerEvent: {}
[344.095276] (-) TimerEvent: {}
[344.195973] (-) TimerEvent: {}
[344.296508] (-) TimerEvent: {}
[344.397111] (-) TimerEvent: {}
[344.499843] (-) TimerEvent: {}
[344.600383] (-) TimerEvent: {}
[344.700893] (-) TimerEvent: {}
[344.801811] (-) TimerEvent: {}
[344.902340] (-) TimerEvent: {}
[345.003411] (-) TimerEvent: {}
[345.103914] (-) TimerEvent: {}
[345.204463] (-) TimerEvent: {}
[345.305445] (-) TimerEvent: {}
[345.405937] (-) TimerEvent: {}
[345.506457] (-) TimerEvent: {}
[345.606954] (-) TimerEvent: {}
[345.709674] (-) TimerEvent: {}
[345.810247] (-) TimerEvent: {}
[345.910819] (-) TimerEvent: {}
[346.011707] (-) TimerEvent: {}
[346.112269] (-) TimerEvent: {}
[346.212784] (-) TimerEvent: {}
[346.313310] (-) TimerEvent: {}
[346.414275] (-) TimerEvent: {}
[346.514849] (-) TimerEvent: {}
[346.615429] (-) TimerEvent: {}
[346.715936] (-) TimerEvent: {}
[346.816525] (-) TimerEvent: {}
[346.917151] (-) TimerEvent: {}
[347.017636] (-) TimerEvent: {}
[347.118188] (-) TimerEvent: {}
[347.218717] (-) TimerEvent: {}
[347.319354] (-) TimerEvent: {}
[347.419925] (-) TimerEvent: {}
[347.520626] (-) TimerEvent: {}
[347.621966] (-) TimerEvent: {}
[347.722564] (-) TimerEvent: {}
[347.823447] (-) TimerEvent: {}
[347.924506] (-) TimerEvent: {}
[348.025107] (-) TimerEvent: {}
[348.125540] (-) TimerEvent: {}
[348.225986] (-) TimerEvent: {}
[348.326587] (-) TimerEvent: {}
[348.427375] (-) TimerEvent: {}
[348.439069] (vision) StdoutLine: {'line': b'[ 90%] \x1b[32m\x1b[1mLinking CXX executable vision_node\x1b[0m\n'}
[348.527541] (-) TimerEvent: {}
[348.628089] (-) TimerEvent: {}
[348.728566] (-) TimerEvent: {}
[348.829041] (-) TimerEvent: {}
[348.929641] (-) TimerEvent: {}
[349.030256] (-) TimerEvent: {}
[349.130880] (-) TimerEvent: {}
[349.231518] (-) TimerEvent: {}
[349.332056] (-) TimerEvent: {}
[349.432592] (-) TimerEvent: {}
[349.533196] (-) TimerEvent: {}
[349.633853] (-) TimerEvent: {}
[349.734413] (-) TimerEvent: {}
[349.834958] (-) TimerEvent: {}
[349.936602] (-) TimerEvent: {}
[350.038276] (-) TimerEvent: {}
[350.138795] (-) TimerEvent: {}
[350.239592] (-) TimerEvent: {}
[350.340107] (-) TimerEvent: {}
[350.440868] (-) TimerEvent: {}
[350.541462] (-) TimerEvent: {}
[350.641989] (-) TimerEvent: {}
[350.742593] (-) TimerEvent: {}
[350.843066] (-) TimerEvent: {}
[350.943651] (-) TimerEvent: {}
[351.044345] (-) TimerEvent: {}
[351.144885] (-) TimerEvent: {}
[351.245461] (-) TimerEvent: {}
[351.345963] (-) TimerEvent: {}
[351.446641] (-) TimerEvent: {}
[351.547278] (-) TimerEvent: {}
[351.647824] (-) TimerEvent: {}
[351.748395] (-) TimerEvent: {}
[351.848985] (-) TimerEvent: {}
[351.949560] (-) TimerEvent: {}
[352.050135] (-) TimerEvent: {}
[352.150720] (-) TimerEvent: {}
[352.251256] (-) TimerEvent: {}
[352.351802] (-) TimerEvent: {}
[352.452308] (-) TimerEvent: {}
[352.552914] (-) TimerEvent: {}
[352.653428] (-) TimerEvent: {}
[352.754081] (-) TimerEvent: {}
[352.854630] (-) TimerEvent: {}
[352.955098] (-) TimerEvent: {}
[353.055616] (-) TimerEvent: {}
[353.156192] (-) TimerEvent: {}
[353.256745] (-) TimerEvent: {}
[353.357276] (-) TimerEvent: {}
[353.458488] (-) TimerEvent: {}
[353.559603] (-) TimerEvent: {}
[353.660380] (-) TimerEvent: {}
[353.761320] (-) TimerEvent: {}
[353.861828] (-) TimerEvent: {}
[353.962340] (-) TimerEvent: {}
[354.062937] (-) TimerEvent: {}
[354.164017] (-) TimerEvent: {}
[354.264528] (-) TimerEvent: {}
[354.365061] (-) TimerEvent: {}
[354.465759] (-) TimerEvent: {}
[354.566459] (-) TimerEvent: {}
[354.667823] (-) TimerEvent: {}
[354.742050] (vision) StdoutLine: {'line': b'[ 90%] Built target vision_node\n'}
[354.767975] (-) TimerEvent: {}
[354.781738] (vision) StdoutLine: {'line': b'[ 93%] \x1b[32mBuilding CXX object src/calibration/CMakeFiles/calibration_node.dir/calibration_node.cpp.o\x1b[0m\n'}
[354.868123] (-) TimerEvent: {}
[354.968907] (-) TimerEvent: {}
[355.069395] (-) TimerEvent: {}
[355.170909] (-) TimerEvent: {}
[355.271444] (-) TimerEvent: {}
[355.371956] (-) TimerEvent: {}
[355.472532] (-) TimerEvent: {}
[355.573579] (-) TimerEvent: {}
[355.674066] (-) TimerEvent: {}
[355.774525] (-) TimerEvent: {}
[355.874985] (-) TimerEvent: {}
[355.975528] (-) TimerEvent: {}
[356.076016] (-) TimerEvent: {}
[356.176658] (-) TimerEvent: {}
[356.277208] (-) TimerEvent: {}
[356.377749] (-) TimerEvent: {}
[356.478207] (-) TimerEvent: {}
[356.578722] (-) TimerEvent: {}
[356.680394] (-) TimerEvent: {}
[356.782900] (-) TimerEvent: {}
[356.883456] (-) TimerEvent: {}
[356.983955] (-) TimerEvent: {}
[357.084918] (-) TimerEvent: {}
[357.185982] (-) TimerEvent: {}
[357.286423] (-) TimerEvent: {}
[357.386896] (-) TimerEvent: {}
[357.487394] (-) TimerEvent: {}
[357.587873] (-) TimerEvent: {}
[357.688394] (-) TimerEvent: {}
[357.789531] (-) TimerEvent: {}
[357.890041] (-) TimerEvent: {}
[357.990552] (-) TimerEvent: {}
[358.091160] (-) TimerEvent: {}
[358.192366] (-) TimerEvent: {}
[358.292909] (-) TimerEvent: {}
[358.393463] (-) TimerEvent: {}
[358.493970] (-) TimerEvent: {}
[358.594508] (-) TimerEvent: {}
[358.653047] (brain) StdoutLine: {'line': b'[ 48%] \x1b[32mBuilding CXX object CMakeFiles/brain_node.dir/src/locator.cpp.o\x1b[0m\n'}
[358.694680] (-) TimerEvent: {}
[358.795175] (-) TimerEvent: {}
[358.895824] (-) TimerEvent: {}
[358.996494] (-) TimerEvent: {}
[359.097013] (-) TimerEvent: {}
[359.197506] (-) TimerEvent: {}
[359.298009] (-) TimerEvent: {}
[359.398540] (-) TimerEvent: {}
[359.499155] (-) TimerEvent: {}
[359.599910] (-) TimerEvent: {}
[359.700433] (-) TimerEvent: {}
[359.801351] (-) TimerEvent: {}
[359.901903] (-) TimerEvent: {}
[360.002497] (-) TimerEvent: {}
[360.103070] (-) TimerEvent: {}
[360.203677] (-) TimerEvent: {}
[360.304324] (-) TimerEvent: {}
[360.405025] (-) TimerEvent: {}
[360.505561] (-) TimerEvent: {}
[360.606182] (-) TimerEvent: {}
[360.706667] (-) TimerEvent: {}
[360.807187] (-) TimerEvent: {}
[360.907819] (-) TimerEvent: {}
[361.008314] (-) TimerEvent: {}
[361.108888] (-) TimerEvent: {}
[361.209341] (-) TimerEvent: {}
[361.309844] (-) TimerEvent: {}
[361.410413] (-) TimerEvent: {}
[361.511012] (-) TimerEvent: {}
[361.611944] (-) TimerEvent: {}
[361.712613] (-) TimerEvent: {}
[361.813272] (-) TimerEvent: {}
[361.913792] (-) TimerEvent: {}
[362.014357] (-) TimerEvent: {}
[362.115040] (-) TimerEvent: {}
[362.215756] (-) TimerEvent: {}
[362.316254] (-) TimerEvent: {}
[362.416746] (-) TimerEvent: {}
[362.517279] (-) TimerEvent: {}
[362.617785] (-) TimerEvent: {}
[362.718251] (-) TimerEvent: {}
[362.819237] (-) TimerEvent: {}
[362.919766] (-) TimerEvent: {}
[363.020278] (-) TimerEvent: {}
[363.120876] (-) TimerEvent: {}
[363.221902] (-) TimerEvent: {}
[363.322727] (-) TimerEvent: {}
[363.423284] (-) TimerEvent: {}
[363.523791] (-) TimerEvent: {}
[363.624688] (-) TimerEvent: {}
[363.725326] (-) TimerEvent: {}
[363.825943] (-) TimerEvent: {}
[363.926431] (-) TimerEvent: {}
[364.026986] (-) TimerEvent: {}
[364.127527] (-) TimerEvent: {}
[364.228125] (-) TimerEvent: {}
[364.328796] (-) TimerEvent: {}
[364.429327] (-) TimerEvent: {}
[364.529909] (-) TimerEvent: {}
[364.630359] (-) TimerEvent: {}
[364.730846] (-) TimerEvent: {}
[364.831448] (-) TimerEvent: {}
[364.931976] (-) TimerEvent: {}
[365.032561] (-) TimerEvent: {}
[365.133149] (-) TimerEvent: {}
[365.233715] (-) TimerEvent: {}
[365.335137] (-) TimerEvent: {}
[365.436879] (-) TimerEvent: {}
[365.537680] (-) TimerEvent: {}
[365.638421] (-) TimerEvent: {}
[365.741315] (-) TimerEvent: {}
[365.842186] (-) TimerEvent: {}
[365.943040] (-) TimerEvent: {}
[366.043568] (-) TimerEvent: {}
[366.144083] (-) TimerEvent: {}
[366.244630] (-) TimerEvent: {}
[366.345139] (-) TimerEvent: {}
[366.445697] (-) TimerEvent: {}
[366.546726] (-) TimerEvent: {}
[366.647179] (-) TimerEvent: {}
[366.747670] (-) TimerEvent: {}
[366.848244] (-) TimerEvent: {}
[366.948718] (-) TimerEvent: {}
[367.049651] (-) TimerEvent: {}
[367.150297] (-) TimerEvent: {}
[367.250775] (-) TimerEvent: {}
[367.351263] (-) TimerEvent: {}
[367.451702] (-) TimerEvent: {}
[367.552250] (-) TimerEvent: {}
[367.652723] (-) TimerEvent: {}
[367.754105] (-) TimerEvent: {}
[367.854581] (-) TimerEvent: {}
[367.955060] (-) TimerEvent: {}
[368.055611] (-) TimerEvent: {}
[368.156505] (-) TimerEvent: {}
[368.257036] (-) TimerEvent: {}
[368.357550] (-) TimerEvent: {}
[368.458011] (-) TimerEvent: {}
[368.558514] (-) TimerEvent: {}
[368.659028] (-) TimerEvent: {}
[368.759504] (-) TimerEvent: {}
[368.860369] (-) TimerEvent: {}
[368.960954] (-) TimerEvent: {}
[369.061553] (-) TimerEvent: {}
[369.162113] (-) TimerEvent: {}
[369.262663] (-) TimerEvent: {}
[369.363229] (-) TimerEvent: {}
[369.464346] (-) TimerEvent: {}
[369.564910] (-) TimerEvent: {}
[369.665536] (-) TimerEvent: {}
[369.766205] (-) TimerEvent: {}
[369.866713] (-) TimerEvent: {}
[369.969001] (-) TimerEvent: {}
[370.069587] (-) TimerEvent: {}
[370.170128] (-) TimerEvent: {}
[370.270725] (-) TimerEvent: {}
[370.371336] (-) TimerEvent: {}
[370.472342] (-) TimerEvent: {}
[370.572859] (-) TimerEvent: {}
[370.673387] (-) TimerEvent: {}
[370.773941] (-) TimerEvent: {}
[370.874447] (-) TimerEvent: {}
[370.975070] (-) TimerEvent: {}
[371.076167] (-) TimerEvent: {}
[371.176797] (-) TimerEvent: {}
[371.278536] (-) TimerEvent: {}
[371.379132] (-) TimerEvent: {}
[371.479639] (-) TimerEvent: {}
[371.580901] (-) TimerEvent: {}
[371.681555] (-) TimerEvent: {}
[371.782052] (-) TimerEvent: {}
[371.882584] (-) TimerEvent: {}
[371.983120] (-) TimerEvent: {}
[372.083633] (-) TimerEvent: {}
[372.184270] (-) TimerEvent: {}
[372.285427] (-) TimerEvent: {}
[372.386010] (-) TimerEvent: {}
[372.486553] (-) TimerEvent: {}
[372.587032] (-) TimerEvent: {}
[372.687520] (-) TimerEvent: {}
[372.788017] (-) TimerEvent: {}
[372.888502] (-) TimerEvent: {}
[372.989159] (-) TimerEvent: {}
[373.089752] (-) TimerEvent: {}
[373.190319] (-) TimerEvent: {}
[373.290791] (-) TimerEvent: {}
[373.391251] (-) TimerEvent: {}
[373.492115] (-) TimerEvent: {}
[373.592706] (-) TimerEvent: {}
[373.693268] (-) TimerEvent: {}
[373.793767] (-) TimerEvent: {}
[373.894263] (-) TimerEvent: {}
[373.994936] (-) TimerEvent: {}
[374.095432] (-) TimerEvent: {}
[374.195967] (-) TimerEvent: {}
[374.296554] (-) TimerEvent: {}
[374.397460] (-) TimerEvent: {}
[374.497974] (-) TimerEvent: {}
[374.598517] (-) TimerEvent: {}
[374.699027] (-) TimerEvent: {}
[374.799653] (-) TimerEvent: {}
[374.900224] (-) TimerEvent: {}
[375.000748] (-) TimerEvent: {}
[375.101290] (-) TimerEvent: {}
[375.202020] (-) TimerEvent: {}
[375.302751] (-) TimerEvent: {}
[375.403405] (-) TimerEvent: {}
[375.503966] (-) TimerEvent: {}
[375.604487] (-) TimerEvent: {}
[375.705714] (-) TimerEvent: {}
[375.806389] (-) TimerEvent: {}
[375.907069] (-) TimerEvent: {}
[376.007705] (-) TimerEvent: {}
[376.108303] (-) TimerEvent: {}
[376.208947] (-) TimerEvent: {}
[376.309665] (-) TimerEvent: {}
[376.412387] (-) TimerEvent: {}
[376.512919] (-) TimerEvent: {}
[376.613795] (-) TimerEvent: {}
[376.714726] (-) TimerEvent: {}
[376.815314] (-) TimerEvent: {}
[376.916180] (-) TimerEvent: {}
[377.016907] (-) TimerEvent: {}
[377.117484] (-) TimerEvent: {}
[377.218223] (-) TimerEvent: {}
[377.319476] (-) TimerEvent: {}
[377.420109] (-) TimerEvent: {}
[377.520765] (-) TimerEvent: {}
[377.621716] (-) TimerEvent: {}
[377.722349] (-) TimerEvent: {}
[377.822899] (-) TimerEvent: {}
[377.923762] (-) TimerEvent: {}
[378.024376] (-) TimerEvent: {}
[378.124974] (-) TimerEvent: {}
[378.225383] (-) TimerEvent: {}
[378.325956] (-) TimerEvent: {}
[378.426512] (-) TimerEvent: {}
[378.527276] (-) TimerEvent: {}
[378.627913] (-) TimerEvent: {}
[378.728488] (-) TimerEvent: {}
[378.829085] (-) TimerEvent: {}
[378.929554] (-) TimerEvent: {}
[379.030315] (-) TimerEvent: {}
[379.131036] (-) TimerEvent: {}
[379.231718] (-) TimerEvent: {}
[379.332300] (-) TimerEvent: {}
[379.432999] (-) TimerEvent: {}
[379.533761] (-) TimerEvent: {}
[379.634859] (-) TimerEvent: {}
[379.735777] (-) TimerEvent: {}
[379.837132] (-) TimerEvent: {}
[379.937703] (-) TimerEvent: {}
[380.039496] (-) TimerEvent: {}
[380.140032] (-) TimerEvent: {}
[380.240556] (-) TimerEvent: {}
[380.341307] (-) TimerEvent: {}
[380.442026] (-) TimerEvent: {}
[380.542741] (-) TimerEvent: {}
[380.643293] (-) TimerEvent: {}
[380.744053] (-) TimerEvent: {}
[380.844637] (-) TimerEvent: {}
[380.946664] (-) TimerEvent: {}
[381.047400] (-) TimerEvent: {}
[381.149296] (-) TimerEvent: {}
[381.250047] (-) TimerEvent: {}
[381.350867] (-) TimerEvent: {}
[381.451464] (-) TimerEvent: {}
[381.552255] (-) TimerEvent: {}
[381.652850] (-) TimerEvent: {}
[381.753569] (-) TimerEvent: {}
[381.854655] (-) TimerEvent: {}
[381.955168] (-) TimerEvent: {}
[382.055696] (-) TimerEvent: {}
[382.156357] (-) TimerEvent: {}
[382.257203] (-) TimerEvent: {}
[382.357807] (-) TimerEvent: {}
[382.458282] (-) TimerEvent: {}
[382.558789] (-) TimerEvent: {}
[382.659292] (-) TimerEvent: {}
[382.759965] (-) TimerEvent: {}
[382.860734] (-) TimerEvent: {}
[382.961269] (-) TimerEvent: {}
[383.061852] (-) TimerEvent: {}
[383.162314] (-) TimerEvent: {}
[383.262789] (-) TimerEvent: {}
[383.363322] (-) TimerEvent: {}
[383.464096] (-) TimerEvent: {}
[383.564709] (-) TimerEvent: {}
[383.665232] (-) TimerEvent: {}
[383.765780] (-) TimerEvent: {}
[383.866273] (-) TimerEvent: {}
[383.968419] (-) TimerEvent: {}
[384.068985] (-) TimerEvent: {}
[384.169678] (-) TimerEvent: {}
[384.270431] (-) TimerEvent: {}
[384.371057] (-) TimerEvent: {}
[384.471552] (-) TimerEvent: {}
[384.572154] (-) TimerEvent: {}
[384.673153] (-) TimerEvent: {}
[384.774485] (-) TimerEvent: {}
[384.875024] (-) TimerEvent: {}
[384.976289] (-) TimerEvent: {}
[385.077060] (-) TimerEvent: {}
[385.177771] (-) TimerEvent: {}
[385.278473] (-) TimerEvent: {}
[385.379210] (-) TimerEvent: {}
[385.479825] (-) TimerEvent: {}
[385.580470] (-) TimerEvent: {}
[385.683089] (-) TimerEvent: {}
[385.784574] (-) TimerEvent: {}
[385.886881] (-) TimerEvent: {}
[385.987365] (-) TimerEvent: {}
[386.087826] (-) TimerEvent: {}
[386.188316] (-) TimerEvent: {}
[386.289636] (-) TimerEvent: {}
[386.390481] (-) TimerEvent: {}
[386.491055] (-) TimerEvent: {}
[386.591588] (-) TimerEvent: {}
[386.692268] (-) TimerEvent: {}
[386.792966] (-) TimerEvent: {}
[386.893772] (-) TimerEvent: {}
[386.994320] (-) TimerEvent: {}
[387.094889] (-) TimerEvent: {}
[387.195770] (-) TimerEvent: {}
[387.296962] (-) TimerEvent: {}
[387.397403] (-) TimerEvent: {}
[387.497940] (-) TimerEvent: {}
[387.598765] (-) TimerEvent: {}
[387.699380] (-) TimerEvent: {}
[387.799935] (-) TimerEvent: {}
[387.900446] (-) TimerEvent: {}
[388.000991] (-) TimerEvent: {}
[388.101516] (-) TimerEvent: {}
[388.203058] (-) TimerEvent: {}
[388.303542] (-) TimerEvent: {}
[388.404443] (-) TimerEvent: {}
[388.505075] (-) TimerEvent: {}
[388.605785] (-) TimerEvent: {}
[388.706317] (-) TimerEvent: {}
[388.806901] (-) TimerEvent: {}
[388.907405] (-) TimerEvent: {}
[389.008293] (-) TimerEvent: {}
[389.108985] (-) TimerEvent: {}
[389.209855] (-) TimerEvent: {}
[389.310424] (-) TimerEvent: {}
[389.410972] (-) TimerEvent: {}
[389.511559] (-) TimerEvent: {}
[389.612426] (-) TimerEvent: {}
[389.713429] (-) TimerEvent: {}
[389.814177] (-) TimerEvent: {}
[389.914709] (-) TimerEvent: {}
[390.015360] (-) TimerEvent: {}
[390.118664] (-) TimerEvent: {}
[390.219276] (-) TimerEvent: {}
[390.320165] (-) TimerEvent: {}
[390.421793] (-) TimerEvent: {}
[390.522512] (-) TimerEvent: {}
[390.623066] (-) TimerEvent: {}
[390.696256] (brain) StdoutLine: {'line': b'[ 51%] \x1b[32mBuilding CXX object CMakeFiles/brain_node.dir/src/main.cpp.o\x1b[0m\n'}
[390.723200] (-) TimerEvent: {}
[390.823710] (-) TimerEvent: {}
[390.924191] (-) TimerEvent: {}
[391.024861] (-) TimerEvent: {}
[391.125470] (-) TimerEvent: {}
[391.226115] (-) TimerEvent: {}
[391.326585] (-) TimerEvent: {}
[391.427067] (-) TimerEvent: {}
[391.527557] (-) TimerEvent: {}
[391.628132] (-) TimerEvent: {}
[391.728880] (-) TimerEvent: {}
[391.829900] (-) TimerEvent: {}
[391.930443] (-) TimerEvent: {}
[392.030996] (-) TimerEvent: {}
[392.131496] (-) TimerEvent: {}
[392.231957] (-) TimerEvent: {}
[392.332456] (-) TimerEvent: {}
[392.433229] (-) TimerEvent: {}
[392.533819] (-) TimerEvent: {}
[392.634683] (-) TimerEvent: {}
[392.735176] (-) TimerEvent: {}
[392.835671] (-) TimerEvent: {}
[392.936318] (-) TimerEvent: {}
[393.037226] (-) TimerEvent: {}
[393.138991] (-) TimerEvent: {}
[393.239536] (-) TimerEvent: {}
[393.341112] (-) TimerEvent: {}
[393.442225] (-) TimerEvent: {}
[393.544038] (-) TimerEvent: {}
[393.644542] (-) TimerEvent: {}
[393.745133] (-) TimerEvent: {}
[393.845653] (-) TimerEvent: {}
[393.947384] (-) TimerEvent: {}
[394.048402] (-) TimerEvent: {}
[394.149306] (-) TimerEvent: {}
[394.249806] (-) TimerEvent: {}
[394.350316] (-) TimerEvent: {}
[394.450758] (-) TimerEvent: {}
[394.551391] (-) TimerEvent: {}
[394.652169] (-) TimerEvent: {}
[394.753388] (-) TimerEvent: {}
[394.854287] (-) TimerEvent: {}
[394.954968] (-) TimerEvent: {}
[395.055510] (-) TimerEvent: {}
[395.156322] (-) TimerEvent: {}
[395.256806] (-) TimerEvent: {}
[395.357349] (-) TimerEvent: {}
[395.459037] (-) TimerEvent: {}
[395.559585] (-) TimerEvent: {}
[395.660297] (-) TimerEvent: {}
[395.760860] (-) TimerEvent: {}
[395.861308] (-) TimerEvent: {}
[395.961754] (-) TimerEvent: {}
[396.062758] (-) TimerEvent: {}
[396.163271] (-) TimerEvent: {}
[396.263768] (-) TimerEvent: {}
[396.364281] (-) TimerEvent: {}
[396.464894] (-) TimerEvent: {}
[396.565397] (-) TimerEvent: {}
[396.665858] (-) TimerEvent: {}
[396.766787] (-) TimerEvent: {}
[396.867280] (-) TimerEvent: {}
[396.967745] (-) TimerEvent: {}
[397.068202] (-) TimerEvent: {}
[397.168808] (-) TimerEvent: {}
[397.237446] (vision) StdoutLine: {'line': b'[ 96%] \x1b[32mBuilding CXX object src/calibration/CMakeFiles/calibration_node.dir/__/img_bridge.cpp.o\x1b[0m\n'}
[397.268863] (-) TimerEvent: {}
[397.369331] (-) TimerEvent: {}
[397.470124] (-) TimerEvent: {}
[397.570653] (-) TimerEvent: {}
[397.671450] (-) TimerEvent: {}
[397.771932] (-) TimerEvent: {}
[397.872434] (-) TimerEvent: {}
[397.973015] (-) TimerEvent: {}
[398.073748] (-) TimerEvent: {}
[398.174381] (-) TimerEvent: {}
[398.274951] (-) TimerEvent: {}
[398.375522] (-) TimerEvent: {}
[398.476053] (-) TimerEvent: {}
[398.576588] (-) TimerEvent: {}
[398.677348] (-) TimerEvent: {}
[398.778068] (-) TimerEvent: {}
[398.878637] (-) TimerEvent: {}
[398.979124] (-) TimerEvent: {}
[399.079608] (-) TimerEvent: {}
[399.180224] (-) TimerEvent: {}
[399.280885] (-) TimerEvent: {}
[399.381965] (-) TimerEvent: {}
[399.482468] (-) TimerEvent: {}
[399.583049] (-) TimerEvent: {}
[399.683708] (-) TimerEvent: {}
[399.784543] (-) TimerEvent: {}
[399.885142] (-) TimerEvent: {}
[399.986102] (-) TimerEvent: {}
[400.086749] (-) TimerEvent: {}
[400.188561] (-) TimerEvent: {}
[400.289281] (-) TimerEvent: {}
[400.390046] (-) TimerEvent: {}
[400.490601] (-) TimerEvent: {}
[400.592034] (-) TimerEvent: {}
[400.692850] (-) TimerEvent: {}
[400.793405] (-) TimerEvent: {}
[400.893953] (-) TimerEvent: {}
[400.994484] (-) TimerEvent: {}
[401.095018] (-) TimerEvent: {}
[401.195652] (-) TimerEvent: {}
[401.296410] (-) TimerEvent: {}
[401.397278] (-) TimerEvent: {}
[401.497845] (-) TimerEvent: {}
[401.599467] (-) TimerEvent: {}
[401.699944] (-) TimerEvent: {}
[401.800654] (-) TimerEvent: {}
[401.901375] (-) TimerEvent: {}
[402.002062] (-) TimerEvent: {}
[402.102643] (-) TimerEvent: {}
[402.203212] (-) TimerEvent: {}
[402.303714] (-) TimerEvent: {}
[402.404177] (-) TimerEvent: {}
[402.504700] (-) TimerEvent: {}
[402.605423] (-) TimerEvent: {}
[402.706140] (-) TimerEvent: {}
[402.806675] (-) TimerEvent: {}
[402.907179] (-) TimerEvent: {}
[403.012553] (-) TimerEvent: {}
[403.113282] (-) TimerEvent: {}
[403.214001] (-) TimerEvent: {}
[403.314509] (-) TimerEvent: {}
[403.415090] (-) TimerEvent: {}
[403.515720] (-) TimerEvent: {}
[403.616796] (-) TimerEvent: {}
[403.717263] (-) TimerEvent: {}
[403.817741] (-) TimerEvent: {}
[403.918277] (-) TimerEvent: {}
[404.020925] (-) TimerEvent: {}
[404.124901] (-) TimerEvent: {}
[404.226067] (-) TimerEvent: {}
[404.326643] (-) TimerEvent: {}
[404.427156] (-) TimerEvent: {}
[404.528054] (-) TimerEvent: {}
[404.628602] (-) TimerEvent: {}
[404.729220] (-) TimerEvent: {}
[404.829924] (-) TimerEvent: {}
[404.930452] (-) TimerEvent: {}
[405.030928] (-) TimerEvent: {}
[405.131470] (-) TimerEvent: {}
[405.232403] (-) TimerEvent: {}
[405.333167] (-) TimerEvent: {}
[405.434022] (-) TimerEvent: {}
[405.534604] (-) TimerEvent: {}
[405.635109] (-) TimerEvent: {}
[405.735642] (-) TimerEvent: {}
[405.836461] (-) TimerEvent: {}
[405.937100] (-) TimerEvent: {}
[406.037610] (-) TimerEvent: {}
[406.138133] (-) TimerEvent: {}
[406.238961] (-) TimerEvent: {}
[406.339852] (-) TimerEvent: {}
[406.353124] (vision) StdoutLine: {'line': b'[100%] \x1b[32m\x1b[1mLinking CXX executable calibration_node\x1b[0m\n'}
[406.440048] (-) TimerEvent: {}
[406.540516] (-) TimerEvent: {}
[406.641071] (-) TimerEvent: {}
[406.741583] (-) TimerEvent: {}
[406.842892] (-) TimerEvent: {}
[406.943418] (-) TimerEvent: {}
[407.043961] (-) TimerEvent: {}
[407.144507] (-) TimerEvent: {}
[407.246086] (-) TimerEvent: {}
[407.346579] (-) TimerEvent: {}
[407.447066] (-) TimerEvent: {}
[407.547717] (-) TimerEvent: {}
[407.648520] (-) TimerEvent: {}
[407.749575] (-) TimerEvent: {}
[407.850200] (-) TimerEvent: {}
[407.950727] (-) TimerEvent: {}
[408.051319] (-) TimerEvent: {}
[408.151970] (-) TimerEvent: {}
[408.252956] (-) TimerEvent: {}
[408.354403] (-) TimerEvent: {}
[408.454980] (-) TimerEvent: {}
[408.555502] (-) TimerEvent: {}
[408.656104] (-) TimerEvent: {}
[408.757316] (-) TimerEvent: {}
[408.857943] (-) TimerEvent: {}
[408.959950] (-) TimerEvent: {}
[409.060544] (-) TimerEvent: {}
[409.161231] (-) TimerEvent: {}
[409.261720] (-) TimerEvent: {}
[409.362257] (-) TimerEvent: {}
[409.462820] (-) TimerEvent: {}
[409.563439] (-) TimerEvent: {}
[409.664126] (-) TimerEvent: {}
[409.764672] (-) TimerEvent: {}
[409.865174] (-) TimerEvent: {}
[409.965670] (-) TimerEvent: {}
[410.066237] (-) TimerEvent: {}
[410.166735] (-) TimerEvent: {}
[410.267581] (-) TimerEvent: {}
[410.368186] (-) TimerEvent: {}
[410.468688] (-) TimerEvent: {}
[410.569900] (-) TimerEvent: {}
[410.670568] (-) TimerEvent: {}
[410.771085] (-) TimerEvent: {}
[410.871549] (-) TimerEvent: {}
[410.972069] (-) TimerEvent: {}
[411.072552] (-) TimerEvent: {}
[411.173093] (-) TimerEvent: {}
[411.273566] (-) TimerEvent: {}
[411.374186] (-) TimerEvent: {}
[411.475297] (-) TimerEvent: {}
[411.496943] (vision) StdoutLine: {'line': b'[100%] Built target calibration_node\n'}
[411.521247] (vision) CommandEnded: {'returncode': 0}
[411.523163] (vision) JobProgress: {'identifier': 'vision', 'progress': 'install'}
[411.524416] (vision) Command: {'cmd': ['/usr/bin/cmake', '--install', '/home/booster/Workspace/Booster_T1_3v3_Demo/src/build/vision'], 'cwd': '/home/booster/Workspace/Booster_T1_3v3_Demo/src/build/vision', 'env': OrderedDict([('LESSOPEN', '| /usr/bin/lesspipe %s'), ('USER', 'booster'), ('SSH_CLIENT', '10.10.144.134 51037 22'), ('XDG_SESSION_TYPE', 'tty'), ('GIT_ASKPASS', '/home/booster/.cursor-server/bin/25412918da7e74b2686b25d62da1f01cfcd27680/extensions/git/dist/askpass.sh'), ('SHLVL', '1'), ('LD_LIBRARY_PATH', '/home/booster/Workspace/Booster_T1_3v3_Demo/src/install/vision_interface/lib:/opt/ros/humble/opt/rviz_ogre_vendor/lib:/opt/ros/humble/lib/aarch64-linux-gnu:/opt/ros/humble/lib:/usr/local/cuda/lib64'), ('BROWSER', '/home/booster/.cursor-server/bin/25412918da7e74b2686b25d62da1f01cfcd27680/bin/helpers/browser.sh'), ('MOTD_SHOWN', 'pam'), ('HOME', '/home/booster'), ('OLDPWD', '/home/booster/Workspace/Booster_T1_3v3_Demo'), ('TERM_PROGRAM_VERSION', '2.0.64'), ('VSCODE_IPC_HOOK_CLI', '/run/user/1000/vscode-ipc-f7ed2610-5b6c-48c9-89fc-6c8784f58529.sock'), ('JETSON_L4T', '36.4.3'), ('ROS_PYTHON_VERSION', '3'), ('JETSON_MODEL', 'Booster T1 AGX Orin V2.1'), ('VSCODE_GIT_ASKPASS_MAIN', '/home/booster/.cursor-server/bin/25412918da7e74b2686b25d62da1f01cfcd27680/extensions/git/dist/askpass-main.js'), ('VSCODE_GIT_ASKPASS_NODE', '/home/booster/.cursor-server/bin/25412918da7e74b2686b25d62da1f01cfcd27680/node'), ('DBUS_SESSION_BUS_ADDRESS', 'unix:path=/run/user/1000/bus'), ('COLORTERM', 'truecolor'), ('ROS_DISTRO', 'humble'), ('LOGNAME', 'booster'), ('JETSON_MODULE', 'NVIDIA Jetson AGX Orin (32GB ram)'), ('JETSON_SERIAL_NUMBER', '1421225046990'), ('_', '/usr/bin/colcon'), ('ROS_VERSION', '2'), ('XDG_SESSION_CLASS', 'user'), ('TERM', 'xterm-256color'), ('XDG_SESSION_ID', '7'), ('ROS_LOCALHOST_ONLY', '0'), ('PATH', '/opt/ros/humble/bin:/usr/local/cuda/bin:/usr/local/sbin:/usr/local/bin:/usr/sbin:/usr/bin:/sbin:/bin:/snap/bin'), ('FASTRTPS_DEFAULT_PROFILES_FILE', '/opt/booster/BoosterRos2/fastdds_profile.xml'), ('CUDA_ROOT', '/usr/local/cuda'), ('XDG_RUNTIME_DIR', '/run/user/1000'), ('LANG', 'en_US.UTF-8'), ('LS_COLORS', 'rs=0:di=01;34:ln=01;36:mh=00:pi=40;33:so=01;35:do=01;35:bd=40;33;01:cd=40;33;01:or=40;31;01:mi=00:su=37;41:sg=30;43:ca=30;41:tw=30;42:ow=34;42:st=37;44:ex=01;32:*.tar=01;31:*.tgz=01;31:*.arc=01;31:*.arj=01;31:*.taz=01;31:*.lha=01;31:*.lz4=01;31:*.lzh=01;31:*.lzma=01;31:*.tlz=01;31:*.txz=01;31:*.tzo=01;31:*.t7z=01;31:*.zip=01;31:*.z=01;31:*.dz=01;31:*.gz=01;31:*.lrz=01;31:*.lz=01;31:*.lzo=01;31:*.xz=01;31:*.zst=01;31:*.tzst=01;31:*.bz2=01;31:*.bz=01;31:*.tbz=01;31:*.tbz2=01;31:*.tz=01;31:*.deb=01;31:*.rpm=01;31:*.jar=01;31:*.war=01;31:*.ear=01;31:*.sar=01;31:*.rar=01;31:*.alz=01;31:*.ace=01;31:*.zoo=01;31:*.cpio=01;31:*.7z=01;31:*.rz=01;31:*.cab=01;31:*.wim=01;31:*.swm=01;31:*.dwm=01;31:*.esd=01;31:*.jpg=01;35:*.jpeg=01;35:*.mjpg=01;35:*.mjpeg=01;35:*.gif=01;35:*.bmp=01;35:*.pbm=01;35:*.pgm=01;35:*.ppm=01;35:*.tga=01;35:*.xbm=01;35:*.xpm=01;35:*.tif=01;35:*.tiff=01;35:*.png=01;35:*.svg=01;35:*.svgz=01;35:*.mng=01;35:*.pcx=01;35:*.mov=01;35:*.mpg=01;35:*.mpeg=01;35:*.m2v=01;35:*.mkv=01;35:*.webm=01;35:*.webp=01;35:*.ogm=01;35:*.mp4=01;35:*.m4v=01;35:*.mp4v=01;35:*.vob=01;35:*.qt=01;35:*.nuv=01;35:*.wmv=01;35:*.asf=01;35:*.rm=01;35:*.rmvb=01;35:*.flc=01;35:*.avi=01;35:*.fli=01;35:*.flv=01;35:*.gl=01;35:*.dl=01;35:*.xcf=01;35:*.xwd=01;35:*.yuv=01;35:*.cgm=01;35:*.emf=01;35:*.ogv=01;35:*.ogx=01;35:*.aac=00;36:*.au=00;36:*.flac=00;36:*.m4a=00;36:*.mid=00;36:*.midi=00;36:*.mka=00;36:*.mp3=00;36:*.mpc=00;36:*.ogg=00;36:*.ra=00;36:*.wav=00;36:*.oga=00;36:*.opus=00;36:*.spx=00;36:*.xspf=00;36:'), ('JETSON_SOC', 'tegra234'), ('VSCODE_GIT_IPC_HANDLE', '/run/user/1000/vscode-git-d36fc8e34d.sock'), ('TERM_PROGRAM', 'vscode'), ('AMENT_PREFIX_PATH', '/home/booster/Workspace/Booster_T1_3v3_Demo/src/install/vision_interface:/opt/ros/humble'), ('SHELL', '/bin/bash'), ('LESSCLOSE', '/usr/bin/lesspipe %s %s'), ('VSCODE_GIT_ASKPASS_EXTRA_ARGS', ''), ('JETSON_CUDA_ARCH_BIN', '8.7'), ('PWD', '/home/booster/Workspace/Booster_T1_3v3_Demo/src/build/vision'), ('SSH_CONNECTION', '10.10.144.134 51037 10.10.144.147 22'), ('XDG_DATA_DIRS', '/usr/share/gnome:/usr/local/share:/usr/share:/var/lib/snapd/desktop'), ('PYTHONPATH', '/home/booster/Workspace/Booster_T1_3v3_Demo/src/install/vision_interface/local/lib/python3.10/dist-packages:/opt/ros/humble/lib/python3.10/site-packages:/opt/ros/humble/local/lib/python3.10/dist-packages'), ('COLCON', '1'), ('JETSON_JETPACK', '6.2'), ('JETSON_P_NUMBER', 'p3701-0004'), ('CMAKE_PREFIX_PATH', '/home/booster/Workspace/Booster_T1_3v3_Demo/src/install/vision_interface:/opt/ros/humble')]), 'shell': False}
[411.548656] (vision) StdoutLine: {'line': b'-- Install configuration: ""\n'}
[411.549013] (vision) StdoutLine: {'line': b'-- Installing: /home/booster/Workspace/Booster_T1_3v3_Demo/src/install/vision/share/vision/launch\n'}
[411.553052] (vision) StdoutLine: {'line': b'-- Installing: /home/booster/Workspace/Booster_T1_3v3_Demo/src/install/vision/share/vision/launch/launch.py\n'}
[411.553365] (vision) StdoutLine: {'line': b'-- Installing: /home/booster/Workspace/Booster_T1_3v3_Demo/src/install/vision/share/vision/config\n'}
[411.553506] (vision) StdoutLine: {'line': b'-- Installing: /home/booster/Workspace/Booster_T1_3v3_Demo/src/install/vision/share/vision/config/vision.yaml\n'}
[411.553604] (vision) StdoutLine: {'line': b'-- Installing: /home/booster/Workspace/Booster_T1_3v3_Demo/src/install/vision/share/vision/config/field.yaml\n'}
[411.553711] (vision) StdoutLine: {'line': b'-- Installing: /home/booster/Workspace/Booster_T1_3v3_Demo/src/install/vision/share/vision/model\n'}
[411.553800] (vision) StdoutLine: {'line': b'-- Installing: /home/booster/Workspace/Booster_T1_3v3_Demo/src/install/vision/share/vision/model/best_orin.engine\n'}
[411.575392] (-) TimerEvent: {}
[411.651908] (vision) StdoutLine: {'line': b'-- Installing: /home/booster/Workspace/Booster_T1_3v3_Demo/src/install/vision/share/vision/model/best_seg_orin_10.3.engine\n'}
[411.675542] (-) TimerEvent: {}
[411.701763] (vision) StdoutLine: {'line': b'-- Installing: /home/booster/Workspace/Booster_T1_3v3_Demo/src/install/vision/share/vision/model/best_orin_10.3.engine\n'}
[411.756231] (vision) StdoutLine: {'line': b'-- Installing: /home/booster/Workspace/Booster_T1_3v3_Demo/src/install/vision/share/vision/model/best_seg_orin.engine\n'}
[411.775683] (-) TimerEvent: {}
[411.854610] (vision) StdoutLine: {'line': b'-- Installing: /home/booster/Workspace/Booster_T1_3v3_Demo/src/install/vision/share/ament_index/resource_index/package_run_dependencies/vision\n'}
[411.862101] (vision) StdoutLine: {'line': b'-- Installing: /home/booster/Workspace/Booster_T1_3v3_Demo/src/install/vision/share/ament_index/resource_index/parent_prefix_path/vision\n'}
[411.866536] (vision) StdoutLine: {'line': b'-- Installing: /home/booster/Workspace/Booster_T1_3v3_Demo/src/install/vision/share/vision/environment/ament_prefix_path.sh\n'}
[411.866928] (vision) StdoutLine: {'line': b'-- Installing: /home/booster/Workspace/Booster_T1_3v3_Demo/src/install/vision/share/vision/environment/ament_prefix_path.dsv\n'}
[411.867161] (vision) StdoutLine: {'line': b'-- Installing: /home/booster/Workspace/Booster_T1_3v3_Demo/src/install/vision/share/vision/environment/path.sh\n'}
[411.867508] (vision) StdoutLine: {'line': b'-- Installing: /home/booster/Workspace/Booster_T1_3v3_Demo/src/install/vision/share/vision/environment/path.dsv\n'}
[411.867866] (vision) StdoutLine: {'line': b'-- Installing: /home/booster/Workspace/Booster_T1_3v3_Demo/src/install/vision/share/vision/local_setup.bash\n'}
[411.868324] (vision) StdoutLine: {'line': b'-- Installing: /home/booster/Workspace/Booster_T1_3v3_Demo/src/install/vision/share/vision/local_setup.sh\n'}
[411.870167] (vision) StdoutLine: {'line': b'-- Installing: /home/booster/Workspace/Booster_T1_3v3_Demo/src/install/vision/share/vision/local_setup.zsh\n'}
[411.870493] (vision) StdoutLine: {'line': b'-- Installing: /home/booster/Workspace/Booster_T1_3v3_Demo/src/install/vision/share/vision/local_setup.dsv\n'}
[411.870837] (vision) StdoutLine: {'line': b'-- Installing: /home/booster/Workspace/Booster_T1_3v3_Demo/src/install/vision/share/vision/package.dsv\n'}
[411.871559] (vision) StdoutLine: {'line': b'-- Installing: /home/booster/Workspace/Booster_T1_3v3_Demo/src/install/vision/share/ament_index/resource_index/packages/vision\n'}
[411.873288] (vision) StdoutLine: {'line': b'-- Installing: /home/booster/Workspace/Booster_T1_3v3_Demo/src/install/vision/share/vision/cmake/ament_cmake_export_include_directories-extras.cmake\n'}
[411.873778] (vision) StdoutLine: {'line': b'-- Installing: /home/booster/Workspace/Booster_T1_3v3_Demo/src/install/vision/share/vision/cmake/visionConfig.cmake\n'}
[411.875507] (vision) StdoutLine: {'line': b'-- Installing: /home/booster/Workspace/Booster_T1_3v3_Demo/src/install/vision/share/vision/cmake/visionConfig-version.cmake\n'}
[411.875767] (-) TimerEvent: {}
[411.879905] (vision) StdoutLine: {'line': b'-- Installing: /home/booster/Workspace/Booster_T1_3v3_Demo/src/install/vision/share/vision/package.xml\n'}
[411.884556] (vision) StdoutLine: {'line': b'-- Installing: /home/booster/Workspace/Booster_T1_3v3_Demo/src/install/vision/lib/vision/vision_node\n'}
[411.948102] (vision) StdoutLine: {'line': b'-- Set runtime path of "/home/booster/Workspace/Booster_T1_3v3_Demo/src/install/vision/lib/vision/vision_node" to ""\n'}
[411.949289] (vision) StdoutLine: {'line': b'-- Installing: /home/booster/Workspace/Booster_T1_3v3_Demo/src/install/vision/lib/libbooster_vision_base.so\n'}
[411.955983] (vision) StdoutLine: {'line': b'-- Set runtime path of "/home/booster/Workspace/Booster_T1_3v3_Demo/src/install/vision/lib/libbooster_vision_base.so" to ""\n'}
[411.957072] (vision) StdoutLine: {'line': b'-- Installing: /home/booster/Workspace/Booster_T1_3v3_Demo/src/install/vision/lib/libyolov8_model.so\n'}
[411.958981] (vision) StdoutLine: {'line': b'-- Set runtime path of "/home/booster/Workspace/Booster_T1_3v3_Demo/src/install/vision/lib/libyolov8_model.so" to ""\n'}
[411.960137] (vision) StdoutLine: {'line': b'-- Installing: /home/booster/Workspace/Booster_T1_3v3_Demo/src/install/vision/lib/libyolov8_trt.so\n'}
[411.969128] (vision) StdoutLine: {'line': b'-- Set runtime path of "/home/booster/Workspace/Booster_T1_3v3_Demo/src/install/vision/lib/libyolov8_trt.so" to ""\n'}
[411.969924] (vision) StdoutLine: {'line': b'-- Installing: /home/booster/Workspace/Booster_T1_3v3_Demo/src/install/vision/lib/vision/yolov8_det\n'}
[411.971273] (vision) StdoutLine: {'line': b'-- Set runtime path of "/home/booster/Workspace/Booster_T1_3v3_Demo/src/install/vision/lib/vision/yolov8_det" to ""\n'}
[411.972077] (vision) StdoutLine: {'line': b'-- Installing: /home/booster/Workspace/Booster_T1_3v3_Demo/src/install/vision/lib/vision/yolov8_seg\n'}
[411.973382] (vision) StdoutLine: {'line': b'-- Set runtime path of "/home/booster/Workspace/Booster_T1_3v3_Demo/src/install/vision/lib/vision/yolov8_seg" to ""\n'}
[411.974581] (vision) StdoutLine: {'line': b'-- Installing: /home/booster/Workspace/Booster_T1_3v3_Demo/src/install/vision/lib/libbooster_vision_pose_estimator.so\n'}
[411.975889] (-) TimerEvent: {}
[411.978808] (vision) StdoutLine: {'line': b'-- Set runtime path of "/home/booster/Workspace/Booster_T1_3v3_Demo/src/install/vision/lib/libbooster_vision_pose_estimator.so" to ""\n'}
[411.979923] (vision) StdoutLine: {'line': b'-- Up-to-date: /home/booster/Workspace/Booster_T1_3v3_Demo/src/install/vision/lib\n'}
[411.980498] (vision) StdoutLine: {'line': b'-- Installing: /home/booster/Workspace/Booster_T1_3v3_Demo/src/install/vision/lib/libceres.so\n'}
[412.017332] (vision) StdoutLine: {'line': b'-- Installing: /home/booster/Workspace/Booster_T1_3v3_Demo/src/install/vision/lib/cmake\n'}
[412.018144] (vision) StdoutLine: {'line': b'-- Installing: /home/booster/Workspace/Booster_T1_3v3_Demo/src/install/vision/lib/cmake/Ceres\n'}
[412.021691] (vision) StdoutLine: {'line': b'-- Installing: /home/booster/Workspace/Booster_T1_3v3_Demo/src/install/vision/lib/libceres.so.4\n'}
[412.041218] (vision) StdoutLine: {'line': b'-- Installing: /home/booster/Workspace/Booster_T1_3v3_Demo/src/install/vision/lib/libceres.so.2.2.0\n'}
[412.076095] (-) TimerEvent: {}
[412.102131] (vision) StdoutLine: {'line': b'-- Installing: /home/booster/Workspace/Booster_T1_3v3_Demo/src/install/vision/lib/vision/calibration_node\n'}
[412.155880] (vision) StdoutLine: {'line': b'-- Set runtime path of "/home/booster/Workspace/Booster_T1_3v3_Demo/src/install/vision/lib/vision/calibration_node" to ""\n'}
[412.157099] (vision) StdoutLine: {'line': b'-- Installing: /home/booster/Workspace/Booster_T1_3v3_Demo/src/install/vision/lib/libbooster_vision_calibration.so\n'}
[412.176206] (-) TimerEvent: {}
[412.180718] (vision) StdoutLine: {'line': b'-- Set runtime path of "/home/booster/Workspace/Booster_T1_3v3_Demo/src/install/vision/lib/libbooster_vision_calibration.so" to ""\n'}
[412.188990] (vision) CommandEnded: {'returncode': 0}
[412.254982] (vision) JobEnded: {'identifier': 'vision', 'rc': 0}
[412.276943] (-) TimerEvent: {}
[412.377438] (-) TimerEvent: {}
[412.478063] (-) TimerEvent: {}
[412.578580] (-) TimerEvent: {}
[412.679096] (-) TimerEvent: {}
[412.779642] (-) TimerEvent: {}
[412.880490] (-) TimerEvent: {}
[412.981175] (-) TimerEvent: {}
[413.082133] (-) TimerEvent: {}
[413.182702] (-) TimerEvent: {}
[413.283193] (-) TimerEvent: {}
[413.383759] (-) TimerEvent: {}
[413.484727] (-) TimerEvent: {}
[413.585327] (-) TimerEvent: {}
[413.686035] (-) TimerEvent: {}
[413.787190] (-) TimerEvent: {}
[413.887772] (-) TimerEvent: {}
[413.988246] (-) TimerEvent: {}
[414.088815] (-) TimerEvent: {}
[414.189415] (-) TimerEvent: {}
[414.290487] (-) TimerEvent: {}
[414.391035] (-) TimerEvent: {}
[414.491647] (-) TimerEvent: {}
[414.592176] (-) TimerEvent: {}
[414.692679] (-) TimerEvent: {}
[414.793190] (-) TimerEvent: {}
[414.893695] (-) TimerEvent: {}
[414.994414] (-) TimerEvent: {}
[415.094959] (-) TimerEvent: {}
[415.196446] (-) TimerEvent: {}
[415.296972] (-) TimerEvent: {}
[415.397491] (-) TimerEvent: {}
[415.499083] (-) TimerEvent: {}
[415.599627] (-) TimerEvent: {}
[415.700187] (-) TimerEvent: {}
[415.800838] (-) TimerEvent: {}
[415.901335] (-) TimerEvent: {}
[416.001824] (-) TimerEvent: {}
[416.102502] (-) TimerEvent: {}
[416.203687] (-) TimerEvent: {}
[416.304283] (-) TimerEvent: {}
[416.404956] (-) TimerEvent: {}
[416.505452] (-) TimerEvent: {}
[416.605992] (-) TimerEvent: {}
[416.706840] (-) TimerEvent: {}
[416.807349] (-) TimerEvent: {}
[416.907832] (-) TimerEvent: {}
[417.008350] (-) TimerEvent: {}
[417.108840] (-) TimerEvent: {}
[417.210135] (-) TimerEvent: {}
[417.310604] (-) TimerEvent: {}
[417.411313] (-) TimerEvent: {}
[417.511815] (-) TimerEvent: {}
[417.612658] (-) TimerEvent: {}
[417.713775] (-) TimerEvent: {}
[417.814331] (-) TimerEvent: {}
[417.916797] (-) TimerEvent: {}
[418.017379] (-) TimerEvent: {}
[418.117996] (-) TimerEvent: {}
[418.218713] (-) TimerEvent: {}
[418.319321] (-) TimerEvent: {}
[418.419817] (-) TimerEvent: {}
[418.520385] (-) TimerEvent: {}
[418.620992] (-) TimerEvent: {}
[418.721675] (-) TimerEvent: {}
[418.822762] (-) TimerEvent: {}
[418.923328] (-) TimerEvent: {}
[419.023846] (-) TimerEvent: {}
[419.125010] (-) TimerEvent: {}
[419.225602] (-) TimerEvent: {}
[419.326065] (-) TimerEvent: {}
[419.426551] (-) TimerEvent: {}
[419.527068] (-) TimerEvent: {}
[419.628023] (-) TimerEvent: {}
[419.728645] (-) TimerEvent: {}
[419.829142] (-) TimerEvent: {}
[419.931157] (-) TimerEvent: {}
[420.031808] (-) TimerEvent: {}
[420.132334] (-) TimerEvent: {}
[420.232840] (-) TimerEvent: {}
[420.333319] (-) TimerEvent: {}
[420.434099] (-) TimerEvent: {}
[420.535027] (-) TimerEvent: {}
[420.635549] (-) TimerEvent: {}
[420.736033] (-) TimerEvent: {}
[420.836508] (-) TimerEvent: {}
[420.937131] (-) TimerEvent: {}
[421.037645] (-) TimerEvent: {}
[421.138226] (-) TimerEvent: {}
[421.238949] (-) TimerEvent: {}
[421.339427] (-) TimerEvent: {}
[421.439920] (-) TimerEvent: {}
[421.540524] (-) TimerEvent: {}
[421.641252] (-) TimerEvent: {}
[421.741785] (-) TimerEvent: {}
[421.842323] (-) TimerEvent: {}
[421.942888] (-) TimerEvent: {}
[422.043450] (-) TimerEvent: {}
[422.144000] (-) TimerEvent: {}
[422.244835] (-) TimerEvent: {}
[422.345485] (-) TimerEvent: {}
[422.446006] (-) TimerEvent: {}
[422.546501] (-) TimerEvent: {}
[422.646943] (-) TimerEvent: {}
[422.747507] (-) TimerEvent: {}
[422.848134] (-) TimerEvent: {}
[422.948714] (-) TimerEvent: {}
[423.049312] (-) TimerEvent: {}
[423.149899] (-) TimerEvent: {}
[423.250426] (-) TimerEvent: {}
[423.351016] (-) TimerEvent: {}
[423.451647] (-) TimerEvent: {}
[423.552362] (-) TimerEvent: {}
[423.652899] (-) TimerEvent: {}
[423.753592] (-) TimerEvent: {}
[423.854057] (-) TimerEvent: {}
[423.954569] (-) TimerEvent: {}
[424.055217] (-) TimerEvent: {}
[424.155944] (-) TimerEvent: {}
[424.256633] (-) TimerEvent: {}
[424.357240] (-) TimerEvent: {}
[424.457717] (-) TimerEvent: {}
[424.558269] (-) TimerEvent: {}
[424.659084] (-) TimerEvent: {}
[424.759639] (-) TimerEvent: {}
[424.860348] (-) TimerEvent: {}
[424.960866] (-) TimerEvent: {}
[425.061368] (-) TimerEvent: {}
[425.161858] (-) TimerEvent: {}
[425.262361] (-) TimerEvent: {}
[425.363443] (-) TimerEvent: {}
[425.463982] (-) TimerEvent: {}
[425.564944] (-) TimerEvent: {}
[425.666018] (-) TimerEvent: {}
[425.766691] (-) TimerEvent: {}
[425.867244] (-) TimerEvent: {}
[425.967721] (-) TimerEvent: {}
[426.068264] (-) TimerEvent: {}
[426.168734] (-) TimerEvent: {}
[426.269318] (-) TimerEvent: {}
[426.369865] (-) TimerEvent: {}
[426.472269] (-) TimerEvent: {}
[426.572840] (-) TimerEvent: {}
[426.673348] (-) TimerEvent: {}
[426.774759] (-) TimerEvent: {}
[426.875958] (-) TimerEvent: {}
[426.976437] (-) TimerEvent: {}
[427.077069] (-) TimerEvent: {}
[427.177797] (-) TimerEvent: {}
[427.278290] (-) TimerEvent: {}
[427.378795] (-) TimerEvent: {}
[427.479293] (-) TimerEvent: {}
[427.579801] (-) TimerEvent: {}
[427.680314] (-) TimerEvent: {}
[427.780833] (-) TimerEvent: {}
[427.881433] (-) TimerEvent: {}
[427.982042] (-) TimerEvent: {}
[428.082546] (-) TimerEvent: {}
[428.183043] (-) TimerEvent: {}
[428.283588] (-) TimerEvent: {}
[428.384100] (-) TimerEvent: {}
[428.484964] (-) TimerEvent: {}
[428.585457] (-) TimerEvent: {}
[428.685950] (-) TimerEvent: {}
[428.786440] (-) TimerEvent: {}
[428.886941] (-) TimerEvent: {}
[428.987480] (-) TimerEvent: {}
[429.087977] (-) TimerEvent: {}
[429.188476] (-) TimerEvent: {}
[429.288973] (-) TimerEvent: {}
[429.390195] (-) TimerEvent: {}
[429.490681] (-) TimerEvent: {}
[429.591178] (-) TimerEvent: {}
[429.692154] (-) TimerEvent: {}
[429.793858] (-) TimerEvent: {}
[429.894371] (-) TimerEvent: {}
[429.994884] (-) TimerEvent: {}
[430.095384] (-) TimerEvent: {}
[430.195866] (-) TimerEvent: {}
[430.296369] (-) TimerEvent: {}
[430.396868] (-) TimerEvent: {}
[430.500213] (-) TimerEvent: {}
[430.600698] (-) TimerEvent: {}
[430.701298] (-) TimerEvent: {}
[430.801799] (-) TimerEvent: {}
[430.902293] (-) TimerEvent: {}
[431.002745] (-) TimerEvent: {}
[431.103195] (-) TimerEvent: {}
[431.203682] (-) TimerEvent: {}
[431.304183] (-) TimerEvent: {}
[431.404672] (-) TimerEvent: {}
[431.505227] (-) TimerEvent: {}
[431.605698] (-) TimerEvent: {}
[431.706162] (-) TimerEvent: {}
[431.806624] (-) TimerEvent: {}
[431.907112] (-) TimerEvent: {}
[432.007598] (-) TimerEvent: {}
[432.108064] (-) TimerEvent: {}
[432.208538] (-) TimerEvent: {}
[432.309339] (-) TimerEvent: {}
[432.409853] (-) TimerEvent: {}
[432.510318] (-) TimerEvent: {}
[432.610796] (-) TimerEvent: {}
[432.712339] (-) TimerEvent: {}
[432.812823] (-) TimerEvent: {}
[432.913364] (-) TimerEvent: {}
[433.013839] (-) TimerEvent: {}
[433.114319] (-) TimerEvent: {}
[433.214805] (-) TimerEvent: {}
[433.315313] (-) TimerEvent: {}
[433.415802] (-) TimerEvent: {}
[433.516334] (-) TimerEvent: {}
[433.616894] (-) TimerEvent: {}
[433.717444] (-) TimerEvent: {}
[433.817944] (-) TimerEvent: {}
[433.918407] (-) TimerEvent: {}
[434.018896] (-) TimerEvent: {}
[434.119452] (-) TimerEvent: {}
[434.220005] (-) TimerEvent: {}
[434.320527] (-) TimerEvent: {}
[434.421063] (-) TimerEvent: {}
[434.521564] (-) TimerEvent: {}
[434.622083] (-) TimerEvent: {}
[434.722613] (-) TimerEvent: {}
[434.823122] (-) TimerEvent: {}
[434.923657] (-) TimerEvent: {}
[435.024180] (-) TimerEvent: {}
[435.124698] (-) TimerEvent: {}
[435.225276] (-) TimerEvent: {}
[435.325854] (-) TimerEvent: {}
[435.426371] (-) TimerEvent: {}
[435.526875] (-) TimerEvent: {}
[435.627495] (-) TimerEvent: {}
[435.728048] (-) TimerEvent: {}
[435.828575] (-) TimerEvent: {}
[435.929106] (-) TimerEvent: {}
[435.934184] (brain) StdoutLine: {'line': b'[ 53%] \x1b[32mBuilding CXX object CMakeFiles/brain_node.dir/src/robot_client.cpp.o\x1b[0m\n'}
[436.029249] (-) TimerEvent: {}
[436.129728] (-) TimerEvent: {}
[436.230214] (-) TimerEvent: {}
[436.330715] (-) TimerEvent: {}
[436.431200] (-) TimerEvent: {}
[436.531703] (-) TimerEvent: {}
[436.632196] (-) TimerEvent: {}
[436.732681] (-) TimerEvent: {}
[436.833199] (-) TimerEvent: {}
[436.933688] (-) TimerEvent: {}
[437.034161] (-) TimerEvent: {}
[437.134641] (-) TimerEvent: {}
[437.235209] (-) TimerEvent: {}
[437.335714] (-) TimerEvent: {}
[437.436219] (-) TimerEvent: {}
[437.536692] (-) TimerEvent: {}
[437.637157] (-) TimerEvent: {}
[437.737624] (-) TimerEvent: {}
[437.838106] (-) TimerEvent: {}
[437.938589] (-) TimerEvent: {}
[438.039075] (-) TimerEvent: {}
[438.139564] (-) TimerEvent: {}
[438.240072] (-) TimerEvent: {}
[438.340564] (-) TimerEvent: {}
[438.441041] (-) TimerEvent: {}
[438.541485] (-) TimerEvent: {}
[438.641959] (-) TimerEvent: {}
[438.742456] (-) TimerEvent: {}
[438.842942] (-) TimerEvent: {}
[438.943428] (-) TimerEvent: {}
[439.044077] (-) TimerEvent: {}
[439.144550] (-) TimerEvent: {}
[439.245042] (-) TimerEvent: {}
[439.345666] (-) TimerEvent: {}
[439.446126] (-) TimerEvent: {}
[439.546607] (-) TimerEvent: {}
[439.647068] (-) TimerEvent: {}
[439.747546] (-) TimerEvent: {}
[439.848050] (-) TimerEvent: {}
[439.948574] (-) TimerEvent: {}
[440.049109] (-) TimerEvent: {}
[440.149552] (-) TimerEvent: {}
[440.250052] (-) TimerEvent: {}
[440.350550] (-) TimerEvent: {}
[440.451046] (-) TimerEvent: {}
[440.551556] (-) TimerEvent: {}
[440.652101] (-) TimerEvent: {}
[440.752655] (-) TimerEvent: {}
[440.853197] (-) TimerEvent: {}
[440.953704] (-) TimerEvent: {}
[441.054218] (-) TimerEvent: {}
[441.154866] (-) TimerEvent: {}
[441.255434] (-) TimerEvent: {}
[441.356066] (-) TimerEvent: {}
[441.456622] (-) TimerEvent: {}
[441.557238] (-) TimerEvent: {}
[441.657743] (-) TimerEvent: {}
[441.758187] (-) TimerEvent: {}
[441.858674] (-) TimerEvent: {}
[441.959207] (-) TimerEvent: {}
[442.059890] (-) TimerEvent: {}
[442.160388] (-) TimerEvent: {}
[442.260887] (-) TimerEvent: {}
[442.361395] (-) TimerEvent: {}
[442.461892] (-) TimerEvent: {}
[442.562428] (-) TimerEvent: {}
[442.663101] (-) TimerEvent: {}
[442.763637] (-) TimerEvent: {}
[442.864168] (-) TimerEvent: {}
[442.964704] (-) TimerEvent: {}
[443.065204] (-) TimerEvent: {}
[443.165684] (-) TimerEvent: {}
[443.266253] (-) TimerEvent: {}
[443.366739] (-) TimerEvent: {}
[443.467265] (-) TimerEvent: {}
[443.567813] (-) TimerEvent: {}
[443.668382] (-) TimerEvent: {}
[443.768889] (-) TimerEvent: {}
[443.869376] (-) TimerEvent: {}
[443.969876] (-) TimerEvent: {}
[444.070374] (-) TimerEvent: {}
[444.170834] (-) TimerEvent: {}
[444.271354] (-) TimerEvent: {}
[444.371797] (-) TimerEvent: {}
[444.472303] (-) TimerEvent: {}
[444.572790] (-) TimerEvent: {}
[444.673248] (-) TimerEvent: {}
[444.773738] (-) TimerEvent: {}
[444.874248] (-) TimerEvent: {}
[444.974899] (-) TimerEvent: {}
[445.075386] (-) TimerEvent: {}
[445.176016] (-) TimerEvent: {}
[445.276570] (-) TimerEvent: {}
[445.377051] (-) TimerEvent: {}
[445.477532] (-) TimerEvent: {}
[445.578007] (-) TimerEvent: {}
[445.678532] (-) TimerEvent: {}
[445.779041] (-) TimerEvent: {}
[445.879595] (-) TimerEvent: {}
[445.980075] (-) TimerEvent: {}
[446.080543] (-) TimerEvent: {}
[446.181029] (-) TimerEvent: {}
[446.281478] (-) TimerEvent: {}
[446.381980] (-) TimerEvent: {}
[446.482447] (-) TimerEvent: {}
[446.582901] (-) TimerEvent: {}
[446.683379] (-) TimerEvent: {}
[446.783943] (-) TimerEvent: {}
[446.884549] (-) TimerEvent: {}
[446.985058] (-) TimerEvent: {}
[447.085549] (-) TimerEvent: {}
[447.186029] (-) TimerEvent: {}
[447.286498] (-) TimerEvent: {}
[447.386946] (-) TimerEvent: {}
[447.487420] (-) TimerEvent: {}
[447.587872] (-) TimerEvent: {}
[447.688376] (-) TimerEvent: {}
[447.788922] (-) TimerEvent: {}
[447.889456] (-) TimerEvent: {}
[447.989966] (-) TimerEvent: {}
[448.090458] (-) TimerEvent: {}
[448.191014] (-) TimerEvent: {}
[448.291484] (-) TimerEvent: {}
[448.392004] (-) TimerEvent: {}
[448.492611] (-) TimerEvent: {}
[448.593224] (-) TimerEvent: {}
[448.693761] (-) TimerEvent: {}
[448.794276] (-) TimerEvent: {}
[448.895445] (-) TimerEvent: {}
[448.995921] (-) TimerEvent: {}
[449.096733] (-) TimerEvent: {}
[449.197285] (-) TimerEvent: {}
[449.297763] (-) TimerEvent: {}
[449.398208] (-) TimerEvent: {}
[449.498696] (-) TimerEvent: {}
[449.599507] (-) TimerEvent: {}
[449.699978] (-) TimerEvent: {}
[449.800490] (-) TimerEvent: {}
[449.901236] (-) TimerEvent: {}
[450.001787] (-) TimerEvent: {}
[450.102889] (-) TimerEvent: {}
[450.203397] (-) TimerEvent: {}
[450.303906] (-) TimerEvent: {}
[450.404374] (-) TimerEvent: {}
[450.504914] (-) TimerEvent: {}
[450.605451] (-) TimerEvent: {}
[450.705970] (-) TimerEvent: {}
[450.806501] (-) TimerEvent: {}
[450.907546] (-) TimerEvent: {}
[451.008076] (-) TimerEvent: {}
[451.108606] (-) TimerEvent: {}
[451.209160] (-) TimerEvent: {}
[451.309640] (-) TimerEvent: {}
[451.410129] (-) TimerEvent: {}
[451.510607] (-) TimerEvent: {}
[451.611123] (-) TimerEvent: {}
[451.711629] (-) TimerEvent: {}
[451.812190] (-) TimerEvent: {}
[451.912702] (-) TimerEvent: {}
[452.013196] (-) TimerEvent: {}
[452.113685] (-) TimerEvent: {}
[452.214150] (-) TimerEvent: {}
[452.315238] (-) TimerEvent: {}
[452.415773] (-) TimerEvent: {}
[452.516248] (-) TimerEvent: {}
[452.616967] (-) TimerEvent: {}
[452.717497] (-) TimerEvent: {}
[452.817979] (-) TimerEvent: {}
[452.919961] (-) TimerEvent: {}
[453.020400] (-) TimerEvent: {}
[453.122826] (-) TimerEvent: {}
[453.223322] (-) TimerEvent: {}
[453.323865] (-) TimerEvent: {}
[453.424376] (-) TimerEvent: {}
[453.524878] (-) TimerEvent: {}
[453.625430] (-) TimerEvent: {}
[453.725922] (-) TimerEvent: {}
[453.826430] (-) TimerEvent: {}
[453.926967] (-) TimerEvent: {}
[454.027526] (-) TimerEvent: {}
[454.128117] (-) TimerEvent: {}
[454.228649] (-) TimerEvent: {}
[454.329139] (-) TimerEvent: {}
[454.429601] (-) TimerEvent: {}
[454.530127] (-) TimerEvent: {}
[454.630916] (-) TimerEvent: {}
[454.731398] (-) TimerEvent: {}
[454.831911] (-) TimerEvent: {}
[454.932419] (-) TimerEvent: {}
[455.032977] (-) TimerEvent: {}
[455.133464] (-) TimerEvent: {}
[455.233893] (-) TimerEvent: {}
[455.334428] (-) TimerEvent: {}
[455.434921] (-) TimerEvent: {}
[455.535416] (-) TimerEvent: {}
[455.635967] (-) TimerEvent: {}
[455.736507] (-) TimerEvent: {}
[455.837061] (-) TimerEvent: {}
[455.937543] (-) TimerEvent: {}
[456.038051] (-) TimerEvent: {}
[456.138551] (-) TimerEvent: {}
[456.239051] (-) TimerEvent: {}
[456.339558] (-) TimerEvent: {}
[456.440099] (-) TimerEvent: {}
[456.540612] (-) TimerEvent: {}
[456.641223] (-) TimerEvent: {}
[456.741775] (-) TimerEvent: {}
[456.842328] (-) TimerEvent: {}
[456.942842] (-) TimerEvent: {}
[457.043804] (-) TimerEvent: {}
[457.144338] (-) TimerEvent: {}
[457.244978] (-) TimerEvent: {}
[457.345530] (-) TimerEvent: {}
[457.446009] (-) TimerEvent: {}
[457.546455] (-) TimerEvent: {}
[457.646908] (-) TimerEvent: {}
[457.747373] (-) TimerEvent: {}
[457.847933] (-) TimerEvent: {}
[457.948449] (-) TimerEvent: {}
[458.048920] (-) TimerEvent: {}
[458.149361] (-) TimerEvent: {}
[458.249765] (-) TimerEvent: {}
[458.350906] (-) TimerEvent: {}
[458.451876] (-) TimerEvent: {}
[458.552331] (-) TimerEvent: {}
[458.652879] (-) TimerEvent: {}
[458.753351] (-) TimerEvent: {}
[458.853843] (-) TimerEvent: {}
[458.954345] (-) TimerEvent: {}
[459.054886] (-) TimerEvent: {}
[459.155544] (-) TimerEvent: {}
[459.255990] (-) TimerEvent: {}
[459.356428] (-) TimerEvent: {}
[459.457400] (-) TimerEvent: {}
[459.557837] (-) TimerEvent: {}
[459.658308] (-) TimerEvent: {}
[459.759017] (-) TimerEvent: {}
[459.859503] (-) TimerEvent: {}
[459.960084] (-) TimerEvent: {}
[460.060577] (-) TimerEvent: {}
[460.161746] (-) TimerEvent: {}
[460.262268] (-) TimerEvent: {}
[460.363876] (-) TimerEvent: {}
[460.464375] (-) TimerEvent: {}
[460.564898] (-) TimerEvent: {}
[460.665398] (-) TimerEvent: {}
[460.765887] (-) TimerEvent: {}
[460.866400] (-) TimerEvent: {}
[460.966847] (-) TimerEvent: {}
[461.067315] (-) TimerEvent: {}
[461.167815] (-) TimerEvent: {}
[461.268400] (-) TimerEvent: {}
[461.369048] (-) TimerEvent: {}
[461.469563] (-) TimerEvent: {}
[461.570086] (-) TimerEvent: {}
[461.670566] (-) TimerEvent: {}
[461.771235] (-) TimerEvent: {}
[461.871682] (-) TimerEvent: {}
[461.972193] (-) TimerEvent: {}
[462.072723] (-) TimerEvent: {}
[462.173494] (-) TimerEvent: {}
[462.274025] (-) TimerEvent: {}
[462.374503] (-) TimerEvent: {}
[462.475005] (-) TimerEvent: {}
[462.575559] (-) TimerEvent: {}
[462.676121] (-) TimerEvent: {}
[462.776637] (-) TimerEvent: {}
[462.877189] (-) TimerEvent: {}
[462.977718] (-) TimerEvent: {}
[463.078250] (-) TimerEvent: {}
[463.178676] (-) TimerEvent: {}
[463.279130] (-) TimerEvent: {}
[463.379626] (-) TimerEvent: {}
[463.480133] (-) TimerEvent: {}
[463.580740] (-) TimerEvent: {}
[463.681323] (-) TimerEvent: {}
[463.781866] (-) TimerEvent: {}
[463.882416] (-) TimerEvent: {}
[463.982944] (-) TimerEvent: {}
[464.083417] (-) TimerEvent: {}
[464.183901] (-) TimerEvent: {}
[464.284397] (-) TimerEvent: {}
[464.384897] (-) TimerEvent: {}
[464.485387] (-) TimerEvent: {}
[464.585886] (-) TimerEvent: {}
[464.686372] (-) TimerEvent: {}
[464.786857] (-) TimerEvent: {}
[464.887473] (-) TimerEvent: {}
[464.987907] (-) TimerEvent: {}
[465.088411] (-) TimerEvent: {}
[465.189133] (-) TimerEvent: {}
[465.289631] (-) TimerEvent: {}
[465.390078] (-) TimerEvent: {}
[465.490561] (-) TimerEvent: {}
[465.592883] (-) TimerEvent: {}
[465.693376] (-) TimerEvent: {}
[465.794665] (-) TimerEvent: {}
[465.895111] (-) TimerEvent: {}
[465.995546] (-) TimerEvent: {}
[466.096004] (-) TimerEvent: {}
[466.196496] (-) TimerEvent: {}
[466.296974] (-) TimerEvent: {}
[466.397430] (-) TimerEvent: {}
[466.497896] (-) TimerEvent: {}
[466.600262] (-) TimerEvent: {}
[466.700857] (-) TimerEvent: {}
[466.801536] (-) TimerEvent: {}
[466.902030] (-) TimerEvent: {}
[467.002586] (-) TimerEvent: {}
[467.103076] (-) TimerEvent: {}
[467.203527] (-) TimerEvent: {}
[467.304030] (-) TimerEvent: {}
[467.404622] (-) TimerEvent: {}
[467.505248] (-) TimerEvent: {}
[467.605780] (-) TimerEvent: {}
[467.706306] (-) TimerEvent: {}
[467.806813] (-) TimerEvent: {}
[467.907273] (-) TimerEvent: {}
[468.007767] (-) TimerEvent: {}
[468.108323] (-) TimerEvent: {}
[468.209064] (-) TimerEvent: {}
[468.310215] (-) TimerEvent: {}
[468.325135] (brain) StdoutLine: {'line': b'[ 56%] \x1b[32m\x1b[1mLinking CXX executable brain_node\x1b[0m\n'}
[468.410347] (-) TimerEvent: {}
[468.511160] (-) TimerEvent: {}
[468.611843] (-) TimerEvent: {}
[468.712485] (-) TimerEvent: {}
[468.812932] (-) TimerEvent: {}
[468.913440] (-) TimerEvent: {}
[469.013976] (-) TimerEvent: {}
[469.114594] (-) TimerEvent: {}
[469.215337] (-) TimerEvent: {}
[469.315833] (-) TimerEvent: {}
[469.416407] (-) TimerEvent: {}
[469.517012] (-) TimerEvent: {}
[469.617626] (-) TimerEvent: {}
[469.718333] (-) TimerEvent: {}
[469.818838] (-) TimerEvent: {}
[469.919344] (-) TimerEvent: {}
[470.019897] (-) TimerEvent: {}
[470.120426] (-) TimerEvent: {}
[470.220935] (-) TimerEvent: {}
[470.321427] (-) TimerEvent: {}
[470.421949] (-) TimerEvent: {}
[470.522539] (-) TimerEvent: {}
[470.624780] (-) TimerEvent: {}
[470.725311] (-) TimerEvent: {}
[470.825836] (-) TimerEvent: {}
[470.926416] (-) TimerEvent: {}
[471.026972] (-) TimerEvent: {}
[471.127505] (-) TimerEvent: {}
[471.227981] (-) TimerEvent: {}
[471.328615] (-) TimerEvent: {}
[471.429295] (-) TimerEvent: {}
[471.530531] (-) TimerEvent: {}
[471.631933] (-) TimerEvent: {}
[471.732495] (-) TimerEvent: {}
[471.833424] (-) TimerEvent: {}
[471.933859] (-) TimerEvent: {}
[472.034491] (-) TimerEvent: {}
[472.136072] (-) TimerEvent: {}
[472.236590] (-) TimerEvent: {}
[472.338225] (-) TimerEvent: {}
[472.438700] (-) TimerEvent: {}
[472.539451] (-) TimerEvent: {}
[472.639988] (-) TimerEvent: {}
[472.741046] (-) TimerEvent: {}
[472.841556] (-) TimerEvent: {}
[472.942048] (-) TimerEvent: {}
[473.042537] (-) TimerEvent: {}
[473.143103] (-) TimerEvent: {}
[473.243654] (-) TimerEvent: {}
[473.344722] (-) TimerEvent: {}
[473.445214] (-) TimerEvent: {}
[473.546790] (-) TimerEvent: {}
[473.647440] (-) TimerEvent: {}
[473.747955] (-) TimerEvent: {}
[473.848465] (-) TimerEvent: {}
[473.949057] (-) TimerEvent: {}
[474.049721] (-) TimerEvent: {}
[474.150275] (-) TimerEvent: {}
[474.250789] (-) TimerEvent: {}
[474.351301] (-) TimerEvent: {}
[474.451783] (-) TimerEvent: {}
[474.552232] (-) TimerEvent: {}
[474.652721] (-) TimerEvent: {}
[474.753273] (-) TimerEvent: {}
[474.853870] (-) TimerEvent: {}
[474.955159] (-) TimerEvent: {}
[475.056401] (-) TimerEvent: {}
[475.156883] (-) TimerEvent: {}
[475.257336] (-) TimerEvent: {}
[475.358019] (-) TimerEvent: {}
[475.458545] (-) TimerEvent: {}
[475.559481] (-) TimerEvent: {}
[475.660125] (-) TimerEvent: {}
[475.761158] (-) TimerEvent: {}
[475.861616] (-) TimerEvent: {}
[475.962101] (-) TimerEvent: {}
[476.062538] (-) TimerEvent: {}
[476.162997] (-) TimerEvent: {}
[476.263464] (-) TimerEvent: {}
[476.363980] (-) TimerEvent: {}
[476.464555] (-) TimerEvent: {}
[476.565278] (-) TimerEvent: {}
[476.665862] (-) TimerEvent: {}
[476.766357] (-) TimerEvent: {}
[476.866847] (-) TimerEvent: {}
[476.967430] (-) TimerEvent: {}
[477.067983] (-) TimerEvent: {}
[477.168898] (-) TimerEvent: {}
[477.269407] (-) TimerEvent: {}
[477.369952] (-) TimerEvent: {}
[477.470522] (-) TimerEvent: {}
[477.571189] (-) TimerEvent: {}
[477.671704] (-) TimerEvent: {}
[477.772235] (-) TimerEvent: {}
[477.872792] (-) TimerEvent: {}
[477.973263] (-) TimerEvent: {}
[478.073710] (-) TimerEvent: {}
[478.174197] (-) TimerEvent: {}
[478.274765] (-) TimerEvent: {}
[478.375298] (-) TimerEvent: {}
[478.476086] (-) TimerEvent: {}
[478.579104] (-) TimerEvent: {}
[478.679576] (-) TimerEvent: {}
[478.780126] (-) TimerEvent: {}
[478.881023] (-) TimerEvent: {}
[478.981620] (-) TimerEvent: {}
[479.082122] (-) TimerEvent: {}
[479.182646] (-) TimerEvent: {}
[479.283411] (-) TimerEvent: {}
[479.385177] (-) TimerEvent: {}
[479.485688] (-) TimerEvent: {}
[479.586400] (-) TimerEvent: {}
[479.687351] (-) TimerEvent: {}
[479.787898] (-) TimerEvent: {}
[479.888681] (-) TimerEvent: {}
[479.992057] (-) TimerEvent: {}
[480.092603] (-) TimerEvent: {}
[480.123336] (brain) StdoutLine: {'line': b'[ 56%] Built target brain_node\n'}
[480.144125] (brain) StdoutLine: {'line': b'[ 58%] \x1b[34m\x1b[1mGenerating C type support dispatch for ROS interfaces\x1b[0m\n'}
[480.192869] (-) TimerEvent: {}
[480.293478] (-) TimerEvent: {}
[480.394067] (-) TimerEvent: {}
[480.494934] (-) TimerEvent: {}
[480.595458] (-) TimerEvent: {}
[480.685199] (brain) StdoutLine: {'line': b'[ 60%] \x1b[32mBuilding CXX object CMakeFiles/brain__rosidl_typesupport_c.dir/rosidl_typesupport_c/brain/msg/kick__type_support.cpp.o\x1b[0m\n'}
[480.695650] (-) TimerEvent: {}
[480.763846] (brain) StdoutLine: {'line': b'[ 63%] \x1b[32m\x1b[1mLinking CXX shared library libbrain__rosidl_typesupport_c.so\x1b[0m\n'}
[480.795796] (-) TimerEvent: {}
[480.877548] (brain) StdoutLine: {'line': b'[ 63%] Built target brain__rosidl_typesupport_c\n'}
[480.896884] (-) TimerEvent: {}
[480.912186] (brain) StdoutLine: {'line': b'[ 65%] \x1b[34m\x1b[1mGenerating C introspection for ROS interfaces\x1b[0m\n'}
[480.997140] (-) TimerEvent: {}
[481.097684] (-) TimerEvent: {}
[481.198132] (-) TimerEvent: {}
[481.298737] (-) TimerEvent: {}
[481.399487] (-) TimerEvent: {}
[481.499954] (-) TimerEvent: {}
[481.600411] (-) TimerEvent: {}
[481.670638] (brain) StdoutLine: {'line': b'[ 68%] \x1b[32mBuilding C object CMakeFiles/brain__rosidl_typesupport_introspection_c.dir/rosidl_typesupport_introspection_c/brain/msg/detail/kick__type_support.c.o\x1b[0m\n'}
[481.700560] (-) TimerEvent: {}
[481.752441] (brain) StdoutLine: {'line': b'[ 70%] \x1b[32m\x1b[1mLinking C shared library libbrain__rosidl_typesupport_introspection_c.so\x1b[0m\n'}
[481.800721] (-) TimerEvent: {}
[481.843547] (brain) StdoutLine: {'line': b'[ 70%] Built target brain__rosidl_typesupport_introspection_c\n'}
[481.867000] (brain) StdoutLine: {'line': b'[ 73%] \x1b[34m\x1b[1mGenerating C type support for eProsima Fast-RTPS\x1b[0m\n'}
[481.900919] (-) TimerEvent: {}
[482.001394] (-) TimerEvent: {}
[482.101975] (-) TimerEvent: {}
[482.202503] (-) TimerEvent: {}
[482.303019] (-) TimerEvent: {}
[482.403500] (-) TimerEvent: {}
[482.427031] (brain) StdoutLine: {'line': b'[ 75%] \x1b[32mBuilding CXX object CMakeFiles/brain__rosidl_typesupport_fastrtps_c.dir/rosidl_typesupport_fastrtps_c/brain/msg/detail/kick__type_support_c.cpp.o\x1b[0m\n'}
[482.503949] (-) TimerEvent: {}
[482.604507] (-) TimerEvent: {}
[482.705055] (-) TimerEvent: {}
[482.805644] (-) TimerEvent: {}
[482.906219] (-) TimerEvent: {}
[483.006857] (-) TimerEvent: {}
[483.107376] (-) TimerEvent: {}
[483.140234] (brain) StdoutLine: {'line': b'[ 78%] \x1b[32m\x1b[1mLinking CXX shared library libbrain__rosidl_typesupport_fastrtps_c.so\x1b[0m\n'}
[483.207523] (-) TimerEvent: {}
[483.307991] (-) TimerEvent: {}
[483.310429] (brain) StdoutLine: {'line': b'[ 78%] Built target brain__rosidl_typesupport_fastrtps_c\n'}
[483.358822] (brain) StdoutLine: {'line': b'[ 78%] Built target brain\n'}
[483.400179] (brain) StdoutLine: {'line': b'[ 80%] \x1b[34m\x1b[1mGenerating Python code for ROS interfaces\x1b[0m\n'}
[483.408145] (-) TimerEvent: {}
[483.508653] (-) TimerEvent: {}
[483.609174] (-) TimerEvent: {}
[483.709737] (-) TimerEvent: {}
[483.810307] (-) TimerEvent: {}
[483.911317] (-) TimerEvent: {}
[484.011825] (-) TimerEvent: {}
[484.112372] (-) TimerEvent: {}
[484.212996] (-) TimerEvent: {}
[484.246339] (brain) StdoutLine: {'line': b'[ 80%] Built target brain__py\n'}
[484.310055] (brain) StdoutLine: {'line': b'[ 82%] \x1b[32mBuilding C object CMakeFiles/brain__rosidl_generator_py.dir/rosidl_generator_py/brain/msg/_kick_s.c.o\x1b[0m\n'}
[484.313171] (-) TimerEvent: {}
[484.413698] (-) TimerEvent: {}
[484.514378] (-) TimerEvent: {}
[484.605075] (brain) StdoutLine: {'line': b'[ 85%] \x1b[32m\x1b[1mLinking C shared library rosidl_generator_py/brain/libbrain__rosidl_generator_py.so\x1b[0m\n'}
[484.614615] (-) TimerEvent: {}
[484.707702] (brain) StdoutLine: {'line': b'[ 85%] Built target brain__rosidl_generator_py\n'}
[484.714766] (-) TimerEvent: {}
[484.769271] (brain) StdoutLine: {'line': b'[ 87%] \x1b[32mBuilding C object CMakeFiles/brain__rosidl_typesupport_fastrtps_c__pyext.dir/rosidl_generator_py/brain/_brain_s.ep.rosidl_typesupport_fastrtps_c.c.o\x1b[0m\n'}
[484.814920] (-) TimerEvent: {}
[484.915430] (-) TimerEvent: {}
[485.009893] (brain) StdoutLine: {'line': b'[ 90%] \x1b[32m\x1b[1mLinking C shared library rosidl_generator_py/brain/brain_s__rosidl_typesupport_fastrtps_c.cpython-310-aarch64-linux-gnu.so\x1b[0m\n'}
[485.015853] (-) TimerEvent: {}
[485.110347] (brain) StdoutLine: {'line': b'[ 90%] Built target brain__rosidl_typesupport_fastrtps_c__pyext\n'}
[485.115997] (-) TimerEvent: {}
[485.159693] (brain) StdoutLine: {'line': b'[ 92%] \x1b[32mBuilding C object CMakeFiles/brain__rosidl_typesupport_c__pyext.dir/rosidl_generator_py/brain/_brain_s.ep.rosidl_typesupport_c.c.o\x1b[0m\n'}
[485.216406] (-) TimerEvent: {}
[485.316938] (-) TimerEvent: {}
[485.372173] (brain) StdoutLine: {'line': b'[ 95%] \x1b[32m\x1b[1mLinking C shared library rosidl_generator_py/brain/brain_s__rosidl_typesupport_c.cpython-310-aarch64-linux-gnu.so\x1b[0m\n'}
[485.417092] (-) TimerEvent: {}
[485.479796] (brain) StdoutLine: {'line': b'[ 95%] Built target brain__rosidl_typesupport_c__pyext\n'}
[485.517279] (-) TimerEvent: {}
[485.548329] (brain) StdoutLine: {'line': b'[ 97%] \x1b[32mBuilding C object CMakeFiles/brain__rosidl_typesupport_introspection_c__pyext.dir/rosidl_generator_py/brain/_brain_s.ep.rosidl_typesupport_introspection_c.c.o\x1b[0m\n'}
[485.617512] (-) TimerEvent: {}
[485.718005] (-) TimerEvent: {}
[485.793150] (brain) StdoutLine: {'line': b'[100%] \x1b[32m\x1b[1mLinking C shared library rosidl_generator_py/brain/brain_s__rosidl_typesupport_introspection_c.cpython-310-aarch64-linux-gnu.so\x1b[0m\n'}
[485.818152] (-) TimerEvent: {}
[485.889325] (brain) StdoutLine: {'line': b'[100%] Built target brain__rosidl_typesupport_introspection_c__pyext\n'}
[485.911215] (brain) CommandEnded: {'returncode': 0}
[485.913861] (brain) JobProgress: {'identifier': 'brain', 'progress': 'install'}
[485.915635] (brain) Command: {'cmd': ['/usr/bin/cmake', '--install', '/home/booster/Workspace/Booster_T1_3v3_Demo/src/build/brain'], 'cwd': '/home/booster/Workspace/Booster_T1_3v3_Demo/src/build/brain', 'env': OrderedDict([('LESSOPEN', '| /usr/bin/lesspipe %s'), ('USER', 'booster'), ('SSH_CLIENT', '10.10.144.134 51037 22'), ('XDG_SESSION_TYPE', 'tty'), ('GIT_ASKPASS', '/home/booster/.cursor-server/bin/25412918da7e74b2686b25d62da1f01cfcd27680/extensions/git/dist/askpass.sh'), ('SHLVL', '1'), ('LD_LIBRARY_PATH', '/home/booster/Workspace/Booster_T1_3v3_Demo/src/install/vision_interface/lib:/home/booster/Workspace/Booster_T1_3v3_Demo/src/install/game_controller_interface/lib:/home/booster/Workspace/Booster_T1_3v3_Demo/src/install/booster_msgs/lib:/home/booster/Workspace/Booster_T1_3v3_Demo/src/install/booster_interface/lib:/opt/ros/humble/opt/rviz_ogre_vendor/lib:/opt/ros/humble/lib/aarch64-linux-gnu:/opt/ros/humble/lib:/usr/local/cuda/lib64'), ('BROWSER', '/home/booster/.cursor-server/bin/25412918da7e74b2686b25d62da1f01cfcd27680/bin/helpers/browser.sh'), ('MOTD_SHOWN', 'pam'), ('HOME', '/home/booster'), ('OLDPWD', '/home/booster/Workspace/Booster_T1_3v3_Demo'), ('TERM_PROGRAM_VERSION', '2.0.64'), ('VSCODE_IPC_HOOK_CLI', '/run/user/1000/vscode-ipc-f7ed2610-5b6c-48c9-89fc-6c8784f58529.sock'), ('JETSON_L4T', '36.4.3'), ('ROS_PYTHON_VERSION', '3'), ('JETSON_MODEL', 'Booster T1 AGX Orin V2.1'), ('VSCODE_GIT_ASKPASS_MAIN', '/home/booster/.cursor-server/bin/25412918da7e74b2686b25d62da1f01cfcd27680/extensions/git/dist/askpass-main.js'), ('VSCODE_GIT_ASKPASS_NODE', '/home/booster/.cursor-server/bin/25412918da7e74b2686b25d62da1f01cfcd27680/node'), ('DBUS_SESSION_BUS_ADDRESS', 'unix:path=/run/user/1000/bus'), ('COLORTERM', 'truecolor'), ('ROS_DISTRO', 'humble'), ('LOGNAME', 'booster'), ('JETSON_MODULE', 'NVIDIA Jetson AGX Orin (32GB ram)'), ('JETSON_SERIAL_NUMBER', '1421225046990'), ('_', '/usr/bin/colcon'), ('ROS_VERSION', '2'), ('XDG_SESSION_CLASS', 'user'), ('TERM', 'xterm-256color'), ('XDG_SESSION_ID', '7'), ('ROS_LOCALHOST_ONLY', '0'), ('PATH', '/opt/ros/humble/bin:/usr/local/cuda/bin:/usr/local/sbin:/usr/local/bin:/usr/sbin:/usr/bin:/sbin:/bin:/snap/bin'), ('FASTRTPS_DEFAULT_PROFILES_FILE', '/opt/booster/BoosterRos2/fastdds_profile.xml'), ('CUDA_ROOT', '/usr/local/cuda'), ('XDG_RUNTIME_DIR', '/run/user/1000'), ('LANG', 'en_US.UTF-8'), ('LS_COLORS', 'rs=0:di=01;34:ln=01;36:mh=00:pi=40;33:so=01;35:do=01;35:bd=40;33;01:cd=40;33;01:or=40;31;01:mi=00:su=37;41:sg=30;43:ca=30;41:tw=30;42:ow=34;42:st=37;44:ex=01;32:*.tar=01;31:*.tgz=01;31:*.arc=01;31:*.arj=01;31:*.taz=01;31:*.lha=01;31:*.lz4=01;31:*.lzh=01;31:*.lzma=01;31:*.tlz=01;31:*.txz=01;31:*.tzo=01;31:*.t7z=01;31:*.zip=01;31:*.z=01;31:*.dz=01;31:*.gz=01;31:*.lrz=01;31:*.lz=01;31:*.lzo=01;31:*.xz=01;31:*.zst=01;31:*.tzst=01;31:*.bz2=01;31:*.bz=01;31:*.tbz=01;31:*.tbz2=01;31:*.tz=01;31:*.deb=01;31:*.rpm=01;31:*.jar=01;31:*.war=01;31:*.ear=01;31:*.sar=01;31:*.rar=01;31:*.alz=01;31:*.ace=01;31:*.zoo=01;31:*.cpio=01;31:*.7z=01;31:*.rz=01;31:*.cab=01;31:*.wim=01;31:*.swm=01;31:*.dwm=01;31:*.esd=01;31:*.jpg=01;35:*.jpeg=01;35:*.mjpg=01;35:*.mjpeg=01;35:*.gif=01;35:*.bmp=01;35:*.pbm=01;35:*.pgm=01;35:*.ppm=01;35:*.tga=01;35:*.xbm=01;35:*.xpm=01;35:*.tif=01;35:*.tiff=01;35:*.png=01;35:*.svg=01;35:*.svgz=01;35:*.mng=01;35:*.pcx=01;35:*.mov=01;35:*.mpg=01;35:*.mpeg=01;35:*.m2v=01;35:*.mkv=01;35:*.webm=01;35:*.webp=01;35:*.ogm=01;35:*.mp4=01;35:*.m4v=01;35:*.mp4v=01;35:*.vob=01;35:*.qt=01;35:*.nuv=01;35:*.wmv=01;35:*.asf=01;35:*.rm=01;35:*.rmvb=01;35:*.flc=01;35:*.avi=01;35:*.fli=01;35:*.flv=01;35:*.gl=01;35:*.dl=01;35:*.xcf=01;35:*.xwd=01;35:*.yuv=01;35:*.cgm=01;35:*.emf=01;35:*.ogv=01;35:*.ogx=01;35:*.aac=00;36:*.au=00;36:*.flac=00;36:*.m4a=00;36:*.mid=00;36:*.midi=00;36:*.mka=00;36:*.mp3=00;36:*.mpc=00;36:*.ogg=00;36:*.ra=00;36:*.wav=00;36:*.oga=00;36:*.opus=00;36:*.spx=00;36:*.xspf=00;36:'), ('JETSON_SOC', 'tegra234'), ('VSCODE_GIT_IPC_HANDLE', '/run/user/1000/vscode-git-d36fc8e34d.sock'), ('TERM_PROGRAM', 'vscode'), ('AMENT_PREFIX_PATH', '/home/booster/Workspace/Booster_T1_3v3_Demo/src/install/vision_interface:/home/booster/Workspace/Booster_T1_3v3_Demo/src/install/game_controller_interface:/home/booster/Workspace/Booster_T1_3v3_Demo/src/install/booster_msgs:/home/booster/Workspace/Booster_T1_3v3_Demo/src/install/booster_interface:/opt/ros/humble'), ('SHELL', '/bin/bash'), ('LESSCLOSE', '/usr/bin/lesspipe %s %s'), ('VSCODE_GIT_ASKPASS_EXTRA_ARGS', ''), ('JETSON_CUDA_ARCH_BIN', '8.7'), ('PWD', '/home/booster/Workspace/Booster_T1_3v3_Demo/src/build/brain'), ('SSH_CONNECTION', '10.10.144.134 51037 10.10.144.147 22'), ('XDG_DATA_DIRS', '/usr/share/gnome:/usr/local/share:/usr/share:/var/lib/snapd/desktop'), ('PYTHONPATH', '/home/booster/Workspace/Booster_T1_3v3_Demo/src/install/vision_interface/local/lib/python3.10/dist-packages:/home/booster/Workspace/Booster_T1_3v3_Demo/src/install/game_controller_interface/local/lib/python3.10/dist-packages:/home/booster/Workspace/Booster_T1_3v3_Demo/src/install/booster_msgs/local/lib/python3.10/dist-packages:/home/booster/Workspace/Booster_T1_3v3_Demo/src/install/booster_interface/local/lib/python3.10/dist-packages:/opt/ros/humble/lib/python3.10/site-packages:/opt/ros/humble/local/lib/python3.10/dist-packages'), ('COLCON', '1'), ('JETSON_JETPACK', '6.2'), ('JETSON_P_NUMBER', 'p3701-0004'), ('CMAKE_PREFIX_PATH', '/home/booster/Workspace/Booster_T1_3v3_Demo/src/install/vision_interface:/home/booster/Workspace/Booster_T1_3v3_Demo/src/install/game_controller_interface:/home/booster/Workspace/Booster_T1_3v3_Demo/src/install/booster_msgs:/home/booster/Workspace/Booster_T1_3v3_Demo/src/install/booster_interface:/opt/ros/humble')]), 'shell': False}
[485.918270] (-) TimerEvent: {}
[485.935435] (brain) StdoutLine: {'line': b'-- Install configuration: ""\n'}
[485.936078] (brain) StdoutLine: {'line': b'-- Installing: /home/booster/Workspace/Booster_T1_3v3_Demo/src/install/brain/share/ament_index/resource_index/rosidl_interfaces/brain\n'}
[485.936704] (brain) StdoutLine: {'line': b'-- Installing: /home/booster/Workspace/Booster_T1_3v3_Demo/src/install/brain/include/brain/brain\n'}
[485.947272] (brain) StdoutLine: {'line': b'-- Installing: /home/booster/Workspace/Booster_T1_3v3_Demo/src/install/brain/include/brain/brain/msg\n'}
[485.949991] (brain) StdoutLine: {'line': b'-- Installing: /home/booster/Workspace/Booster_T1_3v3_Demo/src/install/brain/include/brain/brain/msg/rosidl_generator_c__visibility_control.h\n'}
[485.950619] (brain) StdoutLine: {'line': b'-- Installing: /home/booster/Workspace/Booster_T1_3v3_Demo/src/install/brain/include/brain/brain/msg/detail\n'}
[485.951564] (brain) StdoutLine: {'line': b'-- Installing: /home/booster/Workspace/Booster_T1_3v3_Demo/src/install/brain/include/brain/brain/msg/detail/kick__type_support.h\n'}
[485.952037] (brain) StdoutLine: {'line': b'-- Installing: /home/booster/Workspace/Booster_T1_3v3_Demo/src/install/brain/include/brain/brain/msg/detail/kick__functions.h\n'}
[485.952261] (brain) StdoutLine: {'line': b'-- Installing: /home/booster/Workspace/Booster_T1_3v3_Demo/src/install/brain/include/brain/brain/msg/detail/kick__functions.c\n'}
[485.952564] (brain) StdoutLine: {'line': b'-- Installing: /home/booster/Workspace/Booster_T1_3v3_Demo/src/install/brain/include/brain/brain/msg/detail/kick__struct.h\n'}
[485.952946] (brain) StdoutLine: {'line': b'-- Installing: /home/booster/Workspace/Booster_T1_3v3_Demo/src/install/brain/include/brain/brain/msg/kick.h\n'}
[485.953589] (brain) StdoutLine: {'line': b'-- Installing: /home/booster/Workspace/Booster_T1_3v3_Demo/src/install/brain/share/brain/environment/library_path.sh\n'}
[485.953987] (brain) StdoutLine: {'line': b'-- Installing: /home/booster/Workspace/Booster_T1_3v3_Demo/src/install/brain/share/brain/environment/library_path.dsv\n'}
[485.954409] (brain) StdoutLine: {'line': b'-- Installing: /home/booster/Workspace/Booster_T1_3v3_Demo/src/install/brain/lib/libbrain__rosidl_generator_c.so\n'}
[485.955019] (brain) StdoutLine: {'line': b'-- Set runtime path of "/home/booster/Workspace/Booster_T1_3v3_Demo/src/install/brain/lib/libbrain__rosidl_generator_c.so" to ""\n'}
[485.955440] (brain) StdoutLine: {'line': b'-- Up-to-date: /home/booster/Workspace/Booster_T1_3v3_Demo/src/install/brain/include/brain/brain\n'}
[485.955749] (brain) StdoutLine: {'line': b'-- Up-to-date: /home/booster/Workspace/Booster_T1_3v3_Demo/src/install/brain/include/brain/brain/msg\n'}
[485.956027] (brain) StdoutLine: {'line': b'-- Up-to-date: /home/booster/Workspace/Booster_T1_3v3_Demo/src/install/brain/include/brain/brain/msg/detail\n'}
[485.956331] (brain) StdoutLine: {'line': b'-- Installing: /home/booster/Workspace/Booster_T1_3v3_Demo/src/install/brain/include/brain/brain/msg/detail/kick__rosidl_typesupport_fastrtps_c.h\n'}
[485.956936] (brain) StdoutLine: {'line': b'-- Installing: /home/booster/Workspace/Booster_T1_3v3_Demo/src/install/brain/include/brain/brain/msg/rosidl_typesupport_fastrtps_c__visibility_control.h\n'}
[485.957521] (brain) StdoutLine: {'line': b'-- Installing: /home/booster/Workspace/Booster_T1_3v3_Demo/src/install/brain/lib/libbrain__rosidl_typesupport_fastrtps_c.so\n'}
[485.960942] (brain) StdoutLine: {'line': b'-- Set runtime path of "/home/booster/Workspace/Booster_T1_3v3_Demo/src/install/brain/lib/libbrain__rosidl_typesupport_fastrtps_c.so" to ""\n'}
[485.961299] (brain) StdoutLine: {'line': b'-- Up-to-date: /home/booster/Workspace/Booster_T1_3v3_Demo/src/install/brain/include/brain/brain\n'}
[485.961576] (brain) StdoutLine: {'line': b'-- Up-to-date: /home/booster/Workspace/Booster_T1_3v3_Demo/src/install/brain/include/brain/brain/msg\n'}
[485.961816] (brain) StdoutLine: {'line': b'-- Up-to-date: /home/booster/Workspace/Booster_T1_3v3_Demo/src/install/brain/include/brain/brain/msg/detail\n'}
[485.962106] (brain) StdoutLine: {'line': b'-- Installing: /home/booster/Workspace/Booster_T1_3v3_Demo/src/install/brain/include/brain/brain/msg/detail/kick__builder.hpp\n'}
[485.962536] (brain) StdoutLine: {'line': b'-- Installing: /home/booster/Workspace/Booster_T1_3v3_Demo/src/install/brain/include/brain/brain/msg/detail/kick__type_support.hpp\n'}
[485.962930] (brain) StdoutLine: {'line': b'-- Installing: /home/booster/Workspace/Booster_T1_3v3_Demo/src/install/brain/include/brain/brain/msg/detail/kick__struct.hpp\n'}
[485.963406] (brain) StdoutLine: {'line': b'-- Installing: /home/booster/Workspace/Booster_T1_3v3_Demo/src/install/brain/include/brain/brain/msg/detail/kick__traits.hpp\n'}
[485.963840] (brain) StdoutLine: {'line': b'-- Installing: /home/booster/Workspace/Booster_T1_3v3_Demo/src/install/brain/include/brain/brain/msg/rosidl_generator_cpp__visibility_control.hpp\n'}
[485.964241] (brain) StdoutLine: {'line': b'-- Installing: /home/booster/Workspace/Booster_T1_3v3_Demo/src/install/brain/include/brain/brain/msg/kick.hpp\n'}
[485.964695] (brain) StdoutLine: {'line': b'-- Up-to-date: /home/booster/Workspace/Booster_T1_3v3_Demo/src/install/brain/include/brain/brain\n'}
[485.964990] (brain) StdoutLine: {'line': b'-- Up-to-date: /home/booster/Workspace/Booster_T1_3v3_Demo/src/install/brain/include/brain/brain/msg\n'}
[485.965336] (brain) StdoutLine: {'line': b'-- Up-to-date: /home/booster/Workspace/Booster_T1_3v3_Demo/src/install/brain/include/brain/brain/msg/detail\n'}
[485.965642] (brain) StdoutLine: {'line': b'-- Installing: /home/booster/Workspace/Booster_T1_3v3_Demo/src/install/brain/include/brain/brain/msg/detail/dds_fastrtps\n'}
[485.966136] (brain) StdoutLine: {'line': b'-- Installing: /home/booster/Workspace/Booster_T1_3v3_Demo/src/install/brain/include/brain/brain/msg/detail/kick__rosidl_typesupport_fastrtps_cpp.hpp\n'}
[485.967042] (brain) StdoutLine: {'line': b'-- Installing: /home/booster/Workspace/Booster_T1_3v3_Demo/src/install/brain/include/brain/brain/msg/rosidl_typesupport_fastrtps_cpp__visibility_control.h\n'}
[485.968121] (brain) StdoutLine: {'line': b'-- Installing: /home/booster/Workspace/Booster_T1_3v3_Demo/src/install/brain/lib/libbrain__rosidl_typesupport_fastrtps_cpp.so\n'}
[485.969909] (brain) StdoutLine: {'line': b'-- Set runtime path of "/home/booster/Workspace/Booster_T1_3v3_Demo/src/install/brain/lib/libbrain__rosidl_typesupport_fastrtps_cpp.so" to ""\n'}
[485.970272] (brain) StdoutLine: {'line': b'-- Up-to-date: /home/booster/Workspace/Booster_T1_3v3_Demo/src/install/brain/include/brain/brain\n'}
[485.970581] (brain) StdoutLine: {'line': b'-- Up-to-date: /home/booster/Workspace/Booster_T1_3v3_Demo/src/install/brain/include/brain/brain/msg\n'}
[485.970850] (brain) StdoutLine: {'line': b'-- Up-to-date: /home/booster/Workspace/Booster_T1_3v3_Demo/src/install/brain/include/brain/brain/msg/detail\n'}
[485.971147] (brain) StdoutLine: {'line': b'-- Installing: /home/booster/Workspace/Booster_T1_3v3_Demo/src/install/brain/include/brain/brain/msg/detail/kick__rosidl_typesupport_introspection_c.h\n'}
[485.971666] (brain) StdoutLine: {'line': b'-- Installing: /home/booster/Workspace/Booster_T1_3v3_Demo/src/install/brain/include/brain/brain/msg/detail/kick__type_support.c\n'}
[485.972113] (brain) StdoutLine: {'line': b'-- Installing: /home/booster/Workspace/Booster_T1_3v3_Demo/src/install/brain/include/brain/brain/msg/rosidl_typesupport_introspection_c__visibility_control.h\n'}
[485.972621] (brain) StdoutLine: {'line': b'-- Installing: /home/booster/Workspace/Booster_T1_3v3_Demo/src/install/brain/lib/libbrain__rosidl_typesupport_introspection_c.so\n'}
[485.973480] (brain) StdoutLine: {'line': b'-- Set runtime path of "/home/booster/Workspace/Booster_T1_3v3_Demo/src/install/brain/lib/libbrain__rosidl_typesupport_introspection_c.so" to ""\n'}
[485.973868] (brain) StdoutLine: {'line': b'-- Installing: /home/booster/Workspace/Booster_T1_3v3_Demo/src/install/brain/lib/libbrain__rosidl_typesupport_c.so\n'}
[485.974538] (brain) StdoutLine: {'line': b'-- Set runtime path of "/home/booster/Workspace/Booster_T1_3v3_Demo/src/install/brain/lib/libbrain__rosidl_typesupport_c.so" to ""\n'}
[485.974832] (brain) StdoutLine: {'line': b'-- Up-to-date: /home/booster/Workspace/Booster_T1_3v3_Demo/src/install/brain/include/brain/brain\n'}
[485.975105] (brain) StdoutLine: {'line': b'-- Up-to-date: /home/booster/Workspace/Booster_T1_3v3_Demo/src/install/brain/include/brain/brain/msg\n'}
[485.975465] (brain) StdoutLine: {'line': b'-- Up-to-date: /home/booster/Workspace/Booster_T1_3v3_Demo/src/install/brain/include/brain/brain/msg/detail\n'}
[485.975710] (brain) StdoutLine: {'line': b'-- Installing: /home/booster/Workspace/Booster_T1_3v3_Demo/src/install/brain/include/brain/brain/msg/detail/kick__rosidl_typesupport_introspection_cpp.hpp\n'}
[485.976106] (brain) StdoutLine: {'line': b'-- Installing: /home/booster/Workspace/Booster_T1_3v3_Demo/src/install/brain/include/brain/brain/msg/detail/kick__type_support.cpp\n'}
[485.976570] (brain) StdoutLine: {'line': b'-- Installing: /home/booster/Workspace/Booster_T1_3v3_Demo/src/install/brain/lib/libbrain__rosidl_typesupport_introspection_cpp.so\n'}
[485.978732] (brain) StdoutLine: {'line': b'-- Set runtime path of "/home/booster/Workspace/Booster_T1_3v3_Demo/src/install/brain/lib/libbrain__rosidl_typesupport_introspection_cpp.so" to ""\n'}
[485.978965] (brain) StdoutLine: {'line': b'-- Installing: /home/booster/Workspace/Booster_T1_3v3_Demo/src/install/brain/lib/libbrain__rosidl_typesupport_cpp.so\n'}
[485.979077] (brain) StdoutLine: {'line': b'-- Set runtime path of "/home/booster/Workspace/Booster_T1_3v3_Demo/src/install/brain/lib/libbrain__rosidl_typesupport_cpp.so" to ""\n'}
[485.979172] (brain) StdoutLine: {'line': b'-- Installing: /home/booster/Workspace/Booster_T1_3v3_Demo/src/install/brain/share/brain/environment/pythonpath.sh\n'}
[485.979284] (brain) StdoutLine: {'line': b'-- Installing: /home/booster/Workspace/Booster_T1_3v3_Demo/src/install/brain/share/brain/environment/pythonpath.dsv\n'}
[485.979670] (brain) StdoutLine: {'line': b'-- Installing: /home/booster/Workspace/Booster_T1_3v3_Demo/src/install/brain/local/lib/python3.10/dist-packages/brain-0.0.0-py3.10.egg-info\n'}
[485.980587] (brain) StdoutLine: {'line': b'-- Installing: /home/booster/Workspace/Booster_T1_3v3_Demo/src/install/brain/local/lib/python3.10/dist-packages/brain-0.0.0-py3.10.egg-info/dependency_links.txt\n'}
[485.980833] (brain) StdoutLine: {'line': b'-- Installing: /home/booster/Workspace/Booster_T1_3v3_Demo/src/install/brain/local/lib/python3.10/dist-packages/brain-0.0.0-py3.10.egg-info/PKG-INFO\n'}
[485.980944] (brain) StdoutLine: {'line': b'-- Installing: /home/booster/Workspace/Booster_T1_3v3_Demo/src/install/brain/local/lib/python3.10/dist-packages/brain-0.0.0-py3.10.egg-info/top_level.txt\n'}
[485.981389] (brain) StdoutLine: {'line': b'-- Installing: /home/booster/Workspace/Booster_T1_3v3_Demo/src/install/brain/local/lib/python3.10/dist-packages/brain-0.0.0-py3.10.egg-info/SOURCES.txt\n'}
[485.981948] (brain) StdoutLine: {'line': b'-- Installing: /home/booster/Workspace/Booster_T1_3v3_Demo/src/install/brain/local/lib/python3.10/dist-packages/brain\n'}
[485.982222] (brain) StdoutLine: {'line': b'-- Installing: /home/booster/Workspace/Booster_T1_3v3_Demo/src/install/brain/local/lib/python3.10/dist-packages/brain/__init__.py\n'}
[485.982412] (brain) StdoutLine: {'line': b'-- Installing: /home/booster/Workspace/Booster_T1_3v3_Demo/src/install/brain/local/lib/python3.10/dist-packages/brain/_brain_s.ep.rosidl_typesupport_introspection_c.c\n'}
[485.982589] (brain) StdoutLine: {'line': b'-- Installing: /home/booster/Workspace/Booster_T1_3v3_Demo/src/install/brain/local/lib/python3.10/dist-packages/brain/msg\n'}
[485.982739] (brain) StdoutLine: {'line': b'-- Installing: /home/booster/Workspace/Booster_T1_3v3_Demo/src/install/brain/local/lib/python3.10/dist-packages/brain/msg/__init__.py\n'}
[485.982926] (brain) StdoutLine: {'line': b'-- Installing: /home/booster/Workspace/Booster_T1_3v3_Demo/src/install/brain/local/lib/python3.10/dist-packages/brain/msg/_kick.py\n'}
[485.983101] (brain) StdoutLine: {'line': b'-- Installing: /home/booster/Workspace/Booster_T1_3v3_Demo/src/install/brain/local/lib/python3.10/dist-packages/brain/msg/_kick_s.c\n'}
[485.983282] (brain) StdoutLine: {'line': b'-- Installing: /home/booster/Workspace/Booster_T1_3v3_Demo/src/install/brain/local/lib/python3.10/dist-packages/brain/brain_s__rosidl_typesupport_fastrtps_c.cpython-310-aarch64-linux-gnu.so\n'}
[485.983627] (brain) StdoutLine: {'line': b'-- Installing: /home/booster/Workspace/Booster_T1_3v3_Demo/src/install/brain/local/lib/python3.10/dist-packages/brain/brain_s__rosidl_typesupport_introspection_c.cpython-310-aarch64-linux-gnu.so\n'}
[485.983998] (brain) StdoutLine: {'line': b'-- Installing: /home/booster/Workspace/Booster_T1_3v3_Demo/src/install/brain/local/lib/python3.10/dist-packages/brain/brain_s__rosidl_typesupport_c.cpython-310-aarch64-linux-gnu.so\n'}
[485.984258] (brain) StdoutLine: {'line': b'-- Installing: /home/booster/Workspace/Booster_T1_3v3_Demo/src/install/brain/local/lib/python3.10/dist-packages/brain/_brain_s.ep.rosidl_typesupport_c.c\n'}
[485.984422] (brain) StdoutLine: {'line': b'-- Installing: /home/booster/Workspace/Booster_T1_3v3_Demo/src/install/brain/local/lib/python3.10/dist-packages/brain/_brain_s.ep.rosidl_typesupport_fastrtps_c.c\n'}
[485.984527] (brain) StdoutLine: {'line': b'-- Installing: /home/booster/Workspace/Booster_T1_3v3_Demo/src/install/brain/local/lib/python3.10/dist-packages/brain/libbrain__rosidl_generator_py.so\n'}
[486.018406] (-) TimerEvent: {}
[486.115470] (brain) StdoutLine: {'line': b"Listing '/home/booster/Workspace/Booster_T1_3v3_Demo/src/install/brain/local/lib/python3.10/dist-packages/brain'...\n"}
[486.116018] (brain) StdoutLine: {'line': b"Compiling '/home/booster/Workspace/Booster_T1_3v3_Demo/src/install/brain/local/lib/python3.10/dist-packages/brain/__init__.py'...\n"}
[486.116240] (brain) StdoutLine: {'line': b"Listing '/home/booster/Workspace/Booster_T1_3v3_Demo/src/install/brain/local/lib/python3.10/dist-packages/brain/msg'...\n"}
[486.116429] (brain) StdoutLine: {'line': b"Compiling '/home/booster/Workspace/Booster_T1_3v3_Demo/src/install/brain/local/lib/python3.10/dist-packages/brain/msg/__init__.py'...\n"}
[486.116564] (brain) StdoutLine: {'line': b"Compiling '/home/booster/Workspace/Booster_T1_3v3_Demo/src/install/brain/local/lib/python3.10/dist-packages/brain/msg/_kick.py'...\n"}
[486.118554] (-) TimerEvent: {}
[486.131168] (brain) StdoutLine: {'line': b'-- Installing: /home/booster/Workspace/Booster_T1_3v3_Demo/src/install/brain/local/lib/python3.10/dist-packages/brain/brain_s__rosidl_typesupport_fastrtps_c.cpython-310-aarch64-linux-gnu.so\n'}
[486.131587] (brain) StdoutLine: {'line': b'-- Set runtime path of "/home/booster/Workspace/Booster_T1_3v3_Demo/src/install/brain/local/lib/python3.10/dist-packages/brain/brain_s__rosidl_typesupport_fastrtps_c.cpython-310-aarch64-linux-gnu.so" to ""\n'}
[486.131910] (brain) StdoutLine: {'line': b'-- Installing: /home/booster/Workspace/Booster_T1_3v3_Demo/src/install/brain/local/lib/python3.10/dist-packages/brain/brain_s__rosidl_typesupport_introspection_c.cpython-310-aarch64-linux-gnu.so\n'}
[486.132542] (brain) StdoutLine: {'line': b'-- Set runtime path of "/home/booster/Workspace/Booster_T1_3v3_Demo/src/install/brain/local/lib/python3.10/dist-packages/brain/brain_s__rosidl_typesupport_introspection_c.cpython-310-aarch64-linux-gnu.so" to ""\n'}
[486.132913] (brain) StdoutLine: {'line': b'-- Installing: /home/booster/Workspace/Booster_T1_3v3_Demo/src/install/brain/local/lib/python3.10/dist-packages/brain/brain_s__rosidl_typesupport_c.cpython-310-aarch64-linux-gnu.so\n'}
[486.133302] (brain) StdoutLine: {'line': b'-- Set runtime path of "/home/booster/Workspace/Booster_T1_3v3_Demo/src/install/brain/local/lib/python3.10/dist-packages/brain/brain_s__rosidl_typesupport_c.cpython-310-aarch64-linux-gnu.so" to ""\n'}
[486.133432] (brain) StdoutLine: {'line': b'-- Installing: /home/booster/Workspace/Booster_T1_3v3_Demo/src/install/brain/lib/libbrain__rosidl_generator_py.so\n'}
[486.135315] (brain) StdoutLine: {'line': b'-- Set runtime path of "/home/booster/Workspace/Booster_T1_3v3_Demo/src/install/brain/lib/libbrain__rosidl_generator_py.so" to ""\n'}
[486.135610] (brain) StdoutLine: {'line': b'-- Installing: /home/booster/Workspace/Booster_T1_3v3_Demo/src/install/brain/share/brain/msg/Kick.idl\n'}
[486.135831] (brain) StdoutLine: {'line': b'-- Installing: /home/booster/Workspace/Booster_T1_3v3_Demo/src/install/brain/share/brain/msg/Kick.msg\n'}
[486.136129] (brain) StdoutLine: {'line': b'-- Installing: /home/booster/Workspace/Booster_T1_3v3_Demo/src/install/brain/lib/brain/brain_node\n'}
[486.218700] (-) TimerEvent: {}
[486.268598] (brain) StdoutLine: {'line': b'-- Set runtime path of "/home/booster/Workspace/Booster_T1_3v3_Demo/src/install/brain/lib/brain/brain_node" to ""\n'}
[486.269319] (brain) StdoutLine: {'line': b'-- Installing: /home/booster/Workspace/Booster_T1_3v3_Demo/src/install/brain/share/brain/launch\n'}
[486.269580] (brain) StdoutLine: {'line': b'-- Installing: /home/booster/Workspace/Booster_T1_3v3_Demo/src/install/brain/share/brain/launch/launch.py\n'}
[486.269695] (brain) StdoutLine: {'line': b'-- Installing: /home/booster/Workspace/Booster_T1_3v3_Demo/src/install/brain/share/brain/config\n'}
[486.269863] (brain) StdoutLine: {'line': b'-- Installing: /home/booster/Workspace/Booster_T1_3v3_Demo/src/install/brain/share/brain/config/config.yaml\n'}
[486.269965] (brain) StdoutLine: {'line': b'-- Installing: /home/booster/Workspace/Booster_T1_3v3_Demo/src/install/brain/share/brain/behavior_trees\n'}
[486.270054] (brain) StdoutLine: {'line': b'-- Installing: /home/booster/Workspace/Booster_T1_3v3_Demo/src/install/brain/share/brain/behavior_trees/game.xml\n'}
[486.270220] (brain) StdoutLine: {'line': b'-- Installing: /home/booster/Workspace/Booster_T1_3v3_Demo/src/install/brain/share/brain/behavior_trees/subtrees\n'}
[486.270372] (brain) StdoutLine: {'line': b'-- Installing: /home/booster/Workspace/Booster_T1_3v3_Demo/src/install/brain/share/brain/behavior_trees/subtrees/subtree_locate.xml\n'}
[486.270634] (brain) StdoutLine: {'line': b'-- Installing: /home/booster/Workspace/Booster_T1_3v3_Demo/src/install/brain/share/brain/behavior_trees/subtrees/subtree_striker_play.xml\n'}
[486.270945] (brain) StdoutLine: {'line': b'-- Installing: /home/booster/Workspace/Booster_T1_3v3_Demo/src/install/brain/share/brain/behavior_trees/subtrees/subtree_auto_standup_and_locate.xml\n'}
[486.271080] (brain) StdoutLine: {'line': b'-- Installing: /home/booster/Workspace/Booster_T1_3v3_Demo/src/install/brain/share/brain/behavior_trees/subtrees/subtree_cam_find_and_track_ball.xml\n'}
[486.271181] (brain) StdoutLine: {'line': b'-- Installing: /home/booster/Workspace/Booster_T1_3v3_Demo/src/install/brain/share/brain/behavior_trees/subtrees/subtree_find_ball.xml\n'}
[486.271604] (brain) StdoutLine: {'line': b'-- Installing: /home/booster/Workspace/Booster_T1_3v3_Demo/src/install/brain/share/brain/behavior_trees/subtrees/defender.xml\n'}
[486.271768] (brain) StdoutLine: {'line': b'-- Installing: /home/booster/Workspace/Booster_T1_3v3_Demo/src/install/brain/share/brain/behavior_trees/subtrees/goalie.xml\n'}
[486.271859] (brain) StdoutLine: {'line': b'-- Installing: /home/booster/Workspace/Booster_T1_3v3_Demo/src/install/brain/share/brain/behavior_trees/subtrees/subtree_goal_keeper_freekick.xml\n'}
[486.271944] (brain) StdoutLine: {'line': b'-- Installing: /home/booster/Workspace/Booster_T1_3v3_Demo/src/install/brain/share/brain/behavior_trees/subtrees/subtree_goal_keeper_play.xml\n'}
[486.272046] (brain) StdoutLine: {'line': b'-- Installing: /home/booster/Workspace/Booster_T1_3v3_Demo/src/install/brain/share/brain/behavior_trees/subtrees/subtree_striker_freekick.xml\n'}
[486.272189] (brain) StdoutLine: {'line': b'-- Installing: /home/booster/Workspace/Booster_T1_3v3_Demo/src/install/brain/share/brain/behavior_trees/chase.xml\n'}
[486.272285] (brain) StdoutLine: {'line': b'-- Installing: /home/booster/Workspace/Booster_T1_3v3_Demo/src/install/brain/share/brain/behavior_trees/assist.xml\n'}
[486.272441] (brain) StdoutLine: {'line': b'-- Installing: /home/booster/Workspace/Booster_T1_3v3_Demo/src/install/brain/share/brain/behavior_trees/test_adjust.xml\n'}
[486.272644] (brain) StdoutLine: {'line': b'-- Installing: /home/booster/Workspace/Booster_T1_3v3_Demo/src/install/brain/share/ament_index/resource_index/package_run_dependencies/brain\n'}
[486.273107] (brain) StdoutLine: {'line': b'-- Installing: /home/booster/Workspace/Booster_T1_3v3_Demo/src/install/brain/share/ament_index/resource_index/parent_prefix_path/brain\n'}
[486.273353] (brain) StdoutLine: {'line': b'-- Installing: /home/booster/Workspace/Booster_T1_3v3_Demo/src/install/brain/share/brain/environment/ament_prefix_path.sh\n'}
[486.273506] (brain) StdoutLine: {'line': b'-- Installing: /home/booster/Workspace/Booster_T1_3v3_Demo/src/install/brain/share/brain/environment/ament_prefix_path.dsv\n'}
[486.273680] (brain) StdoutLine: {'line': b'-- Installing: /home/booster/Workspace/Booster_T1_3v3_Demo/src/install/brain/share/brain/environment/path.sh\n'}
[486.273822] (brain) StdoutLine: {'line': b'-- Installing: /home/booster/Workspace/Booster_T1_3v3_Demo/src/install/brain/share/brain/environment/path.dsv\n'}
[486.273985] (brain) StdoutLine: {'line': b'-- Installing: /home/booster/Workspace/Booster_T1_3v3_Demo/src/install/brain/share/brain/local_setup.bash\n'}
[486.274200] (brain) StdoutLine: {'line': b'-- Installing: /home/booster/Workspace/Booster_T1_3v3_Demo/src/install/brain/share/brain/local_setup.sh\n'}
[486.274432] (brain) StdoutLine: {'line': b'-- Installing: /home/booster/Workspace/Booster_T1_3v3_Demo/src/install/brain/share/brain/local_setup.zsh\n'}
[486.274717] (brain) StdoutLine: {'line': b'-- Installing: /home/booster/Workspace/Booster_T1_3v3_Demo/src/install/brain/share/brain/local_setup.dsv\n'}
[486.275066] (brain) StdoutLine: {'line': b'-- Installing: /home/booster/Workspace/Booster_T1_3v3_Demo/src/install/brain/share/brain/package.dsv\n'}
[486.275232] (brain) StdoutLine: {'line': b'-- Installing: /home/booster/Workspace/Booster_T1_3v3_Demo/src/install/brain/share/ament_index/resource_index/packages/brain\n'}
[486.275462] (brain) StdoutLine: {'line': b'-- Installing: /home/booster/Workspace/Booster_T1_3v3_Demo/src/install/brain/share/brain/cmake/export_brain__rosidl_generator_cExport.cmake\n'}
[486.275676] (brain) StdoutLine: {'line': b'-- Installing: /home/booster/Workspace/Booster_T1_3v3_Demo/src/install/brain/share/brain/cmake/export_brain__rosidl_generator_cExport-noconfig.cmake\n'}
[486.275921] (brain) StdoutLine: {'line': b'-- Installing: /home/booster/Workspace/Booster_T1_3v3_Demo/src/install/brain/share/brain/cmake/export_brain__rosidl_typesupport_fastrtps_cExport.cmake\n'}
[486.276175] (brain) StdoutLine: {'line': b'-- Installing: /home/booster/Workspace/Booster_T1_3v3_Demo/src/install/brain/share/brain/cmake/export_brain__rosidl_typesupport_fastrtps_cExport-noconfig.cmake\n'}
[486.276488] (brain) StdoutLine: {'line': b'-- Installing: /home/booster/Workspace/Booster_T1_3v3_Demo/src/install/brain/share/brain/cmake/export_brain__rosidl_generator_cppExport.cmake\n'}
[486.276729] (brain) StdoutLine: {'line': b'-- Installing: /home/booster/Workspace/Booster_T1_3v3_Demo/src/install/brain/share/brain/cmake/export_brain__rosidl_typesupport_fastrtps_cppExport.cmake\n'}
[486.277004] (brain) StdoutLine: {'line': b'-- Installing: /home/booster/Workspace/Booster_T1_3v3_Demo/src/install/brain/share/brain/cmake/export_brain__rosidl_typesupport_fastrtps_cppExport-noconfig.cmake\n'}
[486.277378] (brain) StdoutLine: {'line': b'-- Installing: /home/booster/Workspace/Booster_T1_3v3_Demo/src/install/brain/share/brain/cmake/brain__rosidl_typesupport_introspection_cExport.cmake\n'}
[486.277570] (brain) StdoutLine: {'line': b'-- Installing: /home/booster/Workspace/Booster_T1_3v3_Demo/src/install/brain/share/brain/cmake/brain__rosidl_typesupport_introspection_cExport-noconfig.cmake\n'}
[486.277781] (brain) StdoutLine: {'line': b'-- Installing: /home/booster/Workspace/Booster_T1_3v3_Demo/src/install/brain/share/brain/cmake/brain__rosidl_typesupport_cExport.cmake\n'}
[486.278026] (brain) StdoutLine: {'line': b'-- Installing: /home/booster/Workspace/Booster_T1_3v3_Demo/src/install/brain/share/brain/cmake/brain__rosidl_typesupport_cExport-noconfig.cmake\n'}
[486.278264] (brain) StdoutLine: {'line': b'-- Installing: /home/booster/Workspace/Booster_T1_3v3_Demo/src/install/brain/share/brain/cmake/brain__rosidl_typesupport_introspection_cppExport.cmake\n'}
[486.278533] (brain) StdoutLine: {'line': b'-- Installing: /home/booster/Workspace/Booster_T1_3v3_Demo/src/install/brain/share/brain/cmake/brain__rosidl_typesupport_introspection_cppExport-noconfig.cmake\n'}
[486.278833] (brain) StdoutLine: {'line': b'-- Installing: /home/booster/Workspace/Booster_T1_3v3_Demo/src/install/brain/share/brain/cmake/brain__rosidl_typesupport_cppExport.cmake\n'}
[486.279047] (brain) StdoutLine: {'line': b'-- Installing: /home/booster/Workspace/Booster_T1_3v3_Demo/src/install/brain/share/brain/cmake/brain__rosidl_typesupport_cppExport-noconfig.cmake\n'}
[486.279609] (brain) StdoutLine: {'line': b'-- Installing: /home/booster/Workspace/Booster_T1_3v3_Demo/src/install/brain/share/brain/cmake/export_brain__rosidl_generator_pyExport.cmake\n'}
[486.279732] (brain) StdoutLine: {'line': b'-- Installing: /home/booster/Workspace/Booster_T1_3v3_Demo/src/install/brain/share/brain/cmake/export_brain__rosidl_generator_pyExport-noconfig.cmake\n'}
[486.279859] (brain) StdoutLine: {'line': b'-- Installing: /home/booster/Workspace/Booster_T1_3v3_Demo/src/install/brain/share/brain/cmake/rosidl_cmake-extras.cmake\n'}
[486.279985] (brain) StdoutLine: {'line': b'-- Installing: /home/booster/Workspace/Booster_T1_3v3_Demo/src/install/brain/share/brain/cmake/ament_cmake_export_dependencies-extras.cmake\n'}
[486.280240] (brain) StdoutLine: {'line': b'-- Installing: /home/booster/Workspace/Booster_T1_3v3_Demo/src/install/brain/share/brain/cmake/ament_cmake_export_include_directories-extras.cmake\n'}
[486.280441] (brain) StdoutLine: {'line': b'-- Installing: /home/booster/Workspace/Booster_T1_3v3_Demo/src/install/brain/share/brain/cmake/ament_cmake_export_libraries-extras.cmake\n'}
[486.280686] (brain) StdoutLine: {'line': b'-- Installing: /home/booster/Workspace/Booster_T1_3v3_Demo/src/install/brain/share/brain/cmake/ament_cmake_export_targets-extras.cmake\n'}
[486.280941] (brain) StdoutLine: {'line': b'-- Installing: /home/booster/Workspace/Booster_T1_3v3_Demo/src/install/brain/share/brain/cmake/rosidl_cmake_export_typesupport_targets-extras.cmake\n'}
[486.281257] (brain) StdoutLine: {'line': b'-- Installing: /home/booster/Workspace/Booster_T1_3v3_Demo/src/install/brain/share/brain/cmake/rosidl_cmake_export_typesupport_libraries-extras.cmake\n'}
[486.281470] (brain) StdoutLine: {'line': b'-- Installing: /home/booster/Workspace/Booster_T1_3v3_Demo/src/install/brain/share/brain/cmake/brainConfig.cmake\n'}
[486.281599] (brain) StdoutLine: {'line': b'-- Installing: /home/booster/Workspace/Booster_T1_3v3_Demo/src/install/brain/share/brain/cmake/brainConfig-version.cmake\n'}
[486.281729] (brain) StdoutLine: {'line': b'-- Installing: /home/booster/Workspace/Booster_T1_3v3_Demo/src/install/brain/share/brain/package.xml\n'}
[486.294584] (brain) CommandEnded: {'returncode': 0}
[486.319094] (-) TimerEvent: {}
[486.334419] (brain) JobEnded: {'identifier': 'brain', 'rc': 0}
[486.335862] (-) EventReactorShutdown: {}
