[0.218s] [34mcolcon[0m [1;30mDEBUG[0m [32mCommand line arguments: ['/usr/bin/colcon', 'build', '--symlink-install', '--parallel-workers', '5'][0m
[0.219s] [34mcolcon[0m [1;30mDEBUG[0m [32mParsed command line arguments: Namespace(log_base=None, log_level=None, verb_name='build', build_base='build', install_base='install', merge_install=False, symlink_install=True, test_result_base=None, continue_on_error=False, executor='parallel', parallel_workers=5, event_handlers=None, ignore_user_meta=False, metas=['./colcon.meta'], base_paths=['.'], packages_ignore=None, packages_ignore_regex=None, paths=None, packages_up_to=None, packages_up_to_regex=None, packages_above=None, packages_above_and_dependencies=None, packages_above_depth=None, packages_select_by_dep=None, packages_skip_by_dep=None, packages_skip_up_to=None, packages_select_build_failed=False, packages_skip_build_finished=False, packages_select_test_failures=False, packages_skip_test_passed=False, packages_select=None, packages_skip=None, packages_select_regex=None, packages_skip_regex=None, packages_start=None, packages_end=None, allow_overriding=[], cmake_args=None, cmake_target=None, cmake_target_skip_unavailable=False, cmake_clean_cache=False, cmake_clean_first=False, cmake_force_configure=False, ament_cmake_args=None, catkin_cmake_args=None, catkin_skip_building_tests=False, verb_parser=<colcon_defaults.argument_parser.defaults.DefaultArgumentsDecorator object at 0xffffae0a4d30>, verb_extension=<colcon_core.verb.build.BuildVerb object at 0xffffae02e5f0>, main=<bound method BuildVerb.main of <colcon_core.verb.build.BuildVerb object at 0xffffae02e5f0>>)[0m
[0.465s] [34mcolcon.colcon_core.package_discovery[0m [1;30mLevel 1[0m discover_packages(colcon_meta) check parameters
[0.466s] [34mcolcon.colcon_core.package_discovery[0m [1;30mLevel 1[0m discover_packages(recursive) check parameters
[0.466s] [34mcolcon.colcon_core.package_discovery[0m [1;30mLevel 1[0m discover_packages(ignore) check parameters
[0.466s] [34mcolcon.colcon_core.package_discovery[0m [1;30mLevel 1[0m discover_packages(path) check parameters
[0.466s] [34mcolcon.colcon_core.package_discovery[0m [1;30mLevel 1[0m discover_packages(colcon_meta) discover
[0.466s] [34mcolcon.colcon_core.package_discovery[0m [1;30mLevel 1[0m discover_packages(recursive) discover
[0.467s] [34mcolcon.colcon_core.package_discovery[0m [1;30mINFO[0m Crawling recursively for packages in '/home/booster/Workspace/Booster_T1_3v3_Demo'
[0.467s] [34mcolcon.colcon_core.package_identification[0m [1;30mLevel 1[0m _identify(.) by extensions ['ignore', 'ignore_ament_install']
[0.467s] [34mcolcon.colcon_core.package_identification[0m [1;30mLevel 1[0m _identify(.) by extension 'ignore'
[0.468s] [34mcolcon.colcon_core.package_identification[0m [1;30mLevel 1[0m _identify(.) by extension 'ignore_ament_install'
[0.468s] [34mcolcon.colcon_core.package_identification[0m [1;30mLevel 1[0m _identify(.) by extensions ['colcon_pkg']
[0.468s] [34mcolcon.colcon_core.package_identification[0m [1;30mLevel 1[0m _identify(.) by extension 'colcon_pkg'
[0.469s] [34mcolcon.colcon_core.package_identification[0m [1;30mLevel 1[0m _identify(.) by extensions ['colcon_meta']
[0.469s] [34mcolcon.colcon_core.package_identification[0m [1;30mLevel 1[0m _identify(.) by extension 'colcon_meta'
[0.469s] [34mcolcon.colcon_core.package_identification[0m [1;30mLevel 1[0m _identify(.) by extensions ['ros']
[0.469s] [34mcolcon.colcon_core.package_identification[0m [1;30mLevel 1[0m _identify(.) by extension 'ros'
[0.493s] [34mcolcon.colcon_core.package_identification[0m [1;30mLevel 1[0m _identify(.) by extensions ['cmake', 'python']
[0.494s] [34mcolcon.colcon_core.package_identification[0m [1;30mLevel 1[0m _identify(.) by extension 'cmake'
[0.494s] [34mcolcon.colcon_core.package_identification[0m [1;30mLevel 1[0m _identify(.) by extension 'python'
[0.495s] [34mcolcon.colcon_core.package_identification[0m [1;30mLevel 1[0m _identify(.) by extensions ['python_setup_py']
[0.495s] [34mcolcon.colcon_core.package_identification[0m [1;30mLevel 1[0m _identify(.) by extension 'python_setup_py'
[0.495s] [34mcolcon.colcon_core.package_identification[0m [1;30mLevel 1[0m _identify(build) by extensions ['ignore', 'ignore_ament_install']
[0.496s] [34mcolcon.colcon_core.package_identification[0m [1;30mLevel 1[0m _identify(build) by extension 'ignore'
[0.496s] [34mcolcon.colcon_core.package_identification[0m [1;30mLevel 1[0m _identify(build) ignored
[0.496s] [34mcolcon.colcon_core.package_identification[0m [1;30mLevel 1[0m _identify(configs) by extensions ['ignore', 'ignore_ament_install']
[0.497s] [34mcolcon.colcon_core.package_identification[0m [1;30mLevel 1[0m _identify(configs) by extension 'ignore'
[0.497s] [34mcolcon.colcon_core.package_identification[0m [1;30mLevel 1[0m _identify(configs) by extension 'ignore_ament_install'
[0.497s] [34mcolcon.colcon_core.package_identification[0m [1;30mLevel 1[0m _identify(configs) by extensions ['colcon_pkg']
[0.497s] [34mcolcon.colcon_core.package_identification[0m [1;30mLevel 1[0m _identify(configs) by extension 'colcon_pkg'
[0.497s] [34mcolcon.colcon_core.package_identification[0m [1;30mLevel 1[0m _identify(configs) by extensions ['colcon_meta']
[0.498s] [34mcolcon.colcon_core.package_identification[0m [1;30mLevel 1[0m _identify(configs) by extension 'colcon_meta'
[0.498s] [34mcolcon.colcon_core.package_identification[0m [1;30mLevel 1[0m _identify(configs) by extensions ['ros']
[0.498s] [34mcolcon.colcon_core.package_identification[0m [1;30mLevel 1[0m _identify(configs) by extension 'ros'
[0.498s] [34mcolcon.colcon_core.package_identification[0m [1;30mLevel 1[0m _identify(configs) by extensions ['cmake', 'python']
[0.499s] [34mcolcon.colcon_core.package_identification[0m [1;30mLevel 1[0m _identify(configs) by extension 'cmake'
[0.499s] [34mcolcon.colcon_core.package_identification[0m [1;30mLevel 1[0m _identify(configs) by extension 'python'
[0.499s] [34mcolcon.colcon_core.package_identification[0m [1;30mLevel 1[0m _identify(configs) by extensions ['python_setup_py']
[0.499s] [34mcolcon.colcon_core.package_identification[0m [1;30mLevel 1[0m _identify(configs) by extension 'python_setup_py'
[0.500s] [34mcolcon.colcon_core.package_identification[0m [1;30mLevel 1[0m _identify(distribution) by extensions ['ignore', 'ignore_ament_install']
[0.500s] [34mcolcon.colcon_core.package_identification[0m [1;30mLevel 1[0m _identify(distribution) by extension 'ignore'
[0.500s] [34mcolcon.colcon_core.package_identification[0m [1;30mLevel 1[0m _identify(distribution) by extension 'ignore_ament_install'
[0.500s] [34mcolcon.colcon_core.package_identification[0m [1;30mLevel 1[0m _identify(distribution) by extensions ['colcon_pkg']
[0.501s] [34mcolcon.colcon_core.package_identification[0m [1;30mLevel 1[0m _identify(distribution) by extension 'colcon_pkg'
[0.501s] [34mcolcon.colcon_core.package_identification[0m [1;30mLevel 1[0m _identify(distribution) by extensions ['colcon_meta']
[0.501s] [34mcolcon.colcon_core.package_identification[0m [1;30mLevel 1[0m _identify(distribution) by extension 'colcon_meta'
[0.501s] [34mcolcon.colcon_core.package_identification[0m [1;30mLevel 1[0m _identify(distribution) by extensions ['ros']
[0.501s] [34mcolcon.colcon_core.package_identification[0m [1;30mLevel 1[0m _identify(distribution) by extension 'ros'
[0.502s] [34mcolcon.colcon_core.package_identification[0m [1;30mLevel 1[0m _identify(distribution) by extensions ['cmake', 'python']
[0.502s] [34mcolcon.colcon_core.package_identification[0m [1;30mLevel 1[0m _identify(distribution) by extension 'cmake'
[0.502s] [34mcolcon.colcon_core.package_identification[0m [1;30mLevel 1[0m _identify(distribution) by extension 'python'
[0.502s] [34mcolcon.colcon_core.package_identification[0m [1;30mLevel 1[0m _identify(distribution) by extensions ['python_setup_py']
[0.503s] [34mcolcon.colcon_core.package_identification[0m [1;30mLevel 1[0m _identify(distribution) by extension 'python_setup_py'
[0.503s] [34mcolcon.colcon_core.package_identification[0m [1;30mLevel 1[0m _identify(install) by extensions ['ignore', 'ignore_ament_install']
[0.503s] [34mcolcon.colcon_core.package_identification[0m [1;30mLevel 1[0m _identify(install) by extension 'ignore'
[0.504s] [34mcolcon.colcon_core.package_identification[0m [1;30mLevel 1[0m _identify(install) ignored
[0.504s] [34mcolcon.colcon_core.package_identification[0m [1;30mLevel 1[0m _identify(log) by extensions ['ignore', 'ignore_ament_install']
[0.505s] [34mcolcon.colcon_core.package_identification[0m [1;30mLevel 1[0m _identify(log) by extension 'ignore'
[0.505s] [34mcolcon.colcon_core.package_identification[0m [1;30mLevel 1[0m _identify(log) ignored
[0.506s] [34mcolcon.colcon_core.package_identification[0m [1;30mLevel 1[0m _identify(scripts) by extensions ['ignore', 'ignore_ament_install']
[0.507s] [34mcolcon.colcon_core.package_identification[0m [1;30mLevel 1[0m _identify(scripts) by extension 'ignore'
[0.507s] [34mcolcon.colcon_core.package_identification[0m [1;30mLevel 1[0m _identify(scripts) by extension 'ignore_ament_install'
[0.508s] [34mcolcon.colcon_core.package_identification[0m [1;30mLevel 1[0m _identify(scripts) by extensions ['colcon_pkg']
[0.508s] [34mcolcon.colcon_core.package_identification[0m [1;30mLevel 1[0m _identify(scripts) by extension 'colcon_pkg'
[0.509s] [34mcolcon.colcon_core.package_identification[0m [1;30mLevel 1[0m _identify(scripts) by extensions ['colcon_meta']
[0.509s] [34mcolcon.colcon_core.package_identification[0m [1;30mLevel 1[0m _identify(scripts) by extension 'colcon_meta'
[0.509s] [34mcolcon.colcon_core.package_identification[0m [1;30mLevel 1[0m _identify(scripts) by extensions ['ros']
[0.510s] [34mcolcon.colcon_core.package_identification[0m [1;30mLevel 1[0m _identify(scripts) by extension 'ros'
[0.510s] [34mcolcon.colcon_core.package_identification[0m [1;30mLevel 1[0m _identify(scripts) by extensions ['cmake', 'python']
[0.510s] [34mcolcon.colcon_core.package_identification[0m [1;30mLevel 1[0m _identify(scripts) by extension 'cmake'
[0.511s] [34mcolcon.colcon_core.package_identification[0m [1;30mLevel 1[0m _identify(scripts) by extension 'python'
[0.511s] [34mcolcon.colcon_core.package_identification[0m [1;30mLevel 1[0m _identify(scripts) by extensions ['python_setup_py']
[0.512s] [34mcolcon.colcon_core.package_identification[0m [1;30mLevel 1[0m _identify(scripts) by extension 'python_setup_py'
[0.512s] [34mcolcon.colcon_core.package_identification[0m [1;30mLevel 1[0m _identify(scripts/build) by extensions ['ignore', 'ignore_ament_install']
[0.513s] [34mcolcon.colcon_core.package_identification[0m [1;30mLevel 1[0m _identify(scripts/build) by extension 'ignore'
[0.513s] [34mcolcon.colcon_core.package_identification[0m [1;30mLevel 1[0m _identify(scripts/build) ignored
[0.514s] [34mcolcon.colcon_core.package_identification[0m [1;30mLevel 1[0m _identify(scripts/install) by extensions ['ignore', 'ignore_ament_install']
[0.514s] [34mcolcon.colcon_core.package_identification[0m [1;30mLevel 1[0m _identify(scripts/install) by extension 'ignore'
[0.514s] [34mcolcon.colcon_core.package_identification[0m [1;30mLevel 1[0m _identify(scripts/install) ignored
[0.515s] [34mcolcon.colcon_core.package_identification[0m [1;30mLevel 1[0m _identify(scripts/log) by extensions ['ignore', 'ignore_ament_install']
[0.515s] [34mcolcon.colcon_core.package_identification[0m [1;30mLevel 1[0m _identify(scripts/log) by extension 'ignore'
[0.515s] [34mcolcon.colcon_core.package_identification[0m [1;30mLevel 1[0m _identify(scripts/log) ignored
[0.516s] [34mcolcon.colcon_core.package_identification[0m [1;30mLevel 1[0m _identify(src) by extensions ['ignore', 'ignore_ament_install']
[0.516s] [34mcolcon.colcon_core.package_identification[0m [1;30mLevel 1[0m _identify(src) by extension 'ignore'
[0.516s] [34mcolcon.colcon_core.package_identification[0m [1;30mLevel 1[0m _identify(src) by extension 'ignore_ament_install'
[0.517s] [34mcolcon.colcon_core.package_identification[0m [1;30mLevel 1[0m _identify(src) by extensions ['colcon_pkg']
[0.517s] [34mcolcon.colcon_core.package_identification[0m [1;30mLevel 1[0m _identify(src) by extension 'colcon_pkg'
[0.517s] [34mcolcon.colcon_core.package_identification[0m [1;30mLevel 1[0m _identify(src) by extensions ['colcon_meta']
[0.517s] [34mcolcon.colcon_core.package_identification[0m [1;30mLevel 1[0m _identify(src) by extension 'colcon_meta'
[0.518s] [34mcolcon.colcon_core.package_identification[0m [1;30mLevel 1[0m _identify(src) by extensions ['ros']
[0.518s] [34mcolcon.colcon_core.package_identification[0m [1;30mLevel 1[0m _identify(src) by extension 'ros'
[0.519s] [34mcolcon.colcon_core.package_identification[0m [1;30mLevel 1[0m _identify(src) by extensions ['cmake', 'python']
[0.519s] [34mcolcon.colcon_core.package_identification[0m [1;30mLevel 1[0m _identify(src) by extension 'cmake'
[0.519s] [34mcolcon.colcon_core.package_identification[0m [1;30mLevel 1[0m _identify(src) by extension 'python'
[0.519s] [34mcolcon.colcon_core.package_identification[0m [1;30mLevel 1[0m _identify(src) by extensions ['python_setup_py']
[0.520s] [34mcolcon.colcon_core.package_identification[0m [1;30mLevel 1[0m _identify(src) by extension 'python_setup_py'
[0.520s] [34mcolcon.colcon_core.package_identification[0m [1;30mLevel 1[0m _identify(src/booster_msgs) by extensions ['ignore', 'ignore_ament_install']
[0.521s] [34mcolcon.colcon_core.package_identification[0m [1;30mLevel 1[0m _identify(src/booster_msgs) by extension 'ignore'
[0.521s] [34mcolcon.colcon_core.package_identification[0m [1;30mLevel 1[0m _identify(src/booster_msgs) by extension 'ignore_ament_install'
[0.521s] [34mcolcon.colcon_core.package_identification[0m [1;30mLevel 1[0m _identify(src/booster_msgs) by extensions ['colcon_pkg']
[0.522s] [34mcolcon.colcon_core.package_identification[0m [1;30mLevel 1[0m _identify(src/booster_msgs) by extension 'colcon_pkg'
[0.522s] [34mcolcon.colcon_core.package_identification[0m [1;30mLevel 1[0m _identify(src/booster_msgs) by extensions ['colcon_meta']
[0.522s] [34mcolcon.colcon_core.package_identification[0m [1;30mLevel 1[0m _identify(src/booster_msgs) by extension 'colcon_meta'
[0.522s] [34mcolcon.colcon_core.package_identification[0m [1;30mLevel 1[0m _identify(src/booster_msgs) by extensions ['ros']
[0.523s] [34mcolcon.colcon_core.package_identification[0m [1;30mLevel 1[0m _identify(src/booster_msgs) by extension 'ros'
[0.528s] [34mcolcon.colcon_core.package_identification[0m [1;30mDEBUG[0m [32mPackage 'src/booster_msgs' with type 'ros.ament_cmake' and name 'booster_msgs'[0m
[0.529s] [34mcolcon.colcon_core.package_identification[0m [1;30mLevel 1[0m _identify(src/booster_ros2_interface) by extensions ['ignore', 'ignore_ament_install']
[0.530s] [34mcolcon.colcon_core.package_identification[0m [1;30mLevel 1[0m _identify(src/booster_ros2_interface) by extension 'ignore'
[0.530s] [34mcolcon.colcon_core.package_identification[0m [1;30mLevel 1[0m _identify(src/booster_ros2_interface) by extension 'ignore_ament_install'
[0.530s] [34mcolcon.colcon_core.package_identification[0m [1;30mLevel 1[0m _identify(src/booster_ros2_interface) by extensions ['colcon_pkg']
[0.530s] [34mcolcon.colcon_core.package_identification[0m [1;30mLevel 1[0m _identify(src/booster_ros2_interface) by extension 'colcon_pkg'
[0.531s] [34mcolcon.colcon_core.package_identification[0m [1;30mLevel 1[0m _identify(src/booster_ros2_interface) by extensions ['colcon_meta']
[0.531s] [34mcolcon.colcon_core.package_identification[0m [1;30mLevel 1[0m _identify(src/booster_ros2_interface) by extension 'colcon_meta'
[0.531s] [34mcolcon.colcon_core.package_identification[0m [1;30mLevel 1[0m _identify(src/booster_ros2_interface) by extensions ['ros']
[0.531s] [34mcolcon.colcon_core.package_identification[0m [1;30mLevel 1[0m _identify(src/booster_ros2_interface) by extension 'ros'
[0.533s] [34mcolcon.colcon_core.package_identification[0m [1;30mDEBUG[0m [32mPackage 'src/booster_ros2_interface' with type 'ros.ament_cmake' and name 'booster_interface'[0m
[0.534s] [34mcolcon.colcon_core.package_identification[0m [1;30mLevel 1[0m _identify(src/brain) by extensions ['ignore', 'ignore_ament_install']
[0.534s] [34mcolcon.colcon_core.package_identification[0m [1;30mLevel 1[0m _identify(src/brain) by extension 'ignore'
[0.535s] [34mcolcon.colcon_core.package_identification[0m [1;30mLevel 1[0m _identify(src/brain) by extension 'ignore_ament_install'
[0.535s] [34mcolcon.colcon_core.package_identification[0m [1;30mLevel 1[0m _identify(src/brain) by extensions ['colcon_pkg']
[0.536s] [34mcolcon.colcon_core.package_identification[0m [1;30mLevel 1[0m _identify(src/brain) by extension 'colcon_pkg'
[0.536s] [34mcolcon.colcon_core.package_identification[0m [1;30mLevel 1[0m _identify(src/brain) by extensions ['colcon_meta']
[0.537s] [34mcolcon.colcon_core.package_identification[0m [1;30mLevel 1[0m _identify(src/brain) by extension 'colcon_meta'
[0.537s] [34mcolcon.colcon_core.package_identification[0m [1;30mLevel 1[0m _identify(src/brain) by extensions ['ros']
[0.537s] [34mcolcon.colcon_core.package_identification[0m [1;30mLevel 1[0m _identify(src/brain) by extension 'ros'
[0.540s] [34mcolcon.colcon_core.package_identification[0m [1;30mDEBUG[0m [32mPackage 'src/brain' with type 'ros.ament_cmake' and name 'brain'[0m
[0.541s] [34mcolcon.colcon_core.package_identification[0m [1;30mLevel 1[0m _identify(src/build) by extensions ['ignore', 'ignore_ament_install']
[0.542s] [34mcolcon.colcon_core.package_identification[0m [1;30mLevel 1[0m _identify(src/build) by extension 'ignore'
[0.542s] [34mcolcon.colcon_core.package_identification[0m [1;30mLevel 1[0m _identify(src/build) ignored
[0.543s] [34mcolcon.colcon_core.package_identification[0m [1;30mLevel 1[0m _identify(src/game_controller) by extensions ['ignore', 'ignore_ament_install']
[0.547s] [34mcolcon.colcon_core.package_identification[0m [1;30mLevel 1[0m _identify(src/game_controller) by extension 'ignore'
[0.548s] [34mcolcon.colcon_core.package_identification[0m [1;30mLevel 1[0m _identify(src/game_controller) by extension 'ignore_ament_install'
[0.549s] [34mcolcon.colcon_core.package_identification[0m [1;30mLevel 1[0m _identify(src/game_controller) by extensions ['colcon_pkg']
[0.549s] [34mcolcon.colcon_core.package_identification[0m [1;30mLevel 1[0m _identify(src/game_controller) by extension 'colcon_pkg'
[0.550s] [34mcolcon.colcon_core.package_identification[0m [1;30mLevel 1[0m _identify(src/game_controller) by extensions ['colcon_meta']
[0.550s] [34mcolcon.colcon_core.package_identification[0m [1;30mLevel 1[0m _identify(src/game_controller) by extension 'colcon_meta'
[0.551s] [34mcolcon.colcon_core.package_identification[0m [1;30mLevel 1[0m _identify(src/game_controller) by extensions ['ros']
[0.551s] [34mcolcon.colcon_core.package_identification[0m [1;30mLevel 1[0m _identify(src/game_controller) by extension 'ros'
[0.553s] [34mcolcon.colcon_core.package_identification[0m [1;30mDEBUG[0m [32mPackage 'src/game_controller' with type 'ros.ament_cmake' and name 'game_controller'[0m
[0.554s] [34mcolcon.colcon_core.package_identification[0m [1;30mLevel 1[0m _identify(src/install) by extensions ['ignore', 'ignore_ament_install']
[0.555s] [34mcolcon.colcon_core.package_identification[0m [1;30mLevel 1[0m _identify(src/install) by extension 'ignore'
[0.555s] [34mcolcon.colcon_core.package_identification[0m [1;30mLevel 1[0m _identify(src/install) ignored
[0.556s] [34mcolcon.colcon_core.package_identification[0m [1;30mLevel 1[0m _identify(src/log) by extensions ['ignore', 'ignore_ament_install']
[0.557s] [34mcolcon.colcon_core.package_identification[0m [1;30mLevel 1[0m _identify(src/log) by extension 'ignore'
[0.557s] [34mcolcon.colcon_core.package_identification[0m [1;30mLevel 1[0m _identify(src/log) ignored
[0.558s] [34mcolcon.colcon_core.package_identification[0m [1;30mLevel 1[0m _identify(src/robocup_ros2_interface) by extensions ['ignore', 'ignore_ament_install']
[0.559s] [34mcolcon.colcon_core.package_identification[0m [1;30mLevel 1[0m _identify(src/robocup_ros2_interface) by extension 'ignore'
[0.560s] [34mcolcon.colcon_core.package_identification[0m [1;30mLevel 1[0m _identify(src/robocup_ros2_interface) by extension 'ignore_ament_install'
[0.560s] [34mcolcon.colcon_core.package_identification[0m [1;30mLevel 1[0m _identify(src/robocup_ros2_interface) by extensions ['colcon_pkg']
[0.561s] [34mcolcon.colcon_core.package_identification[0m [1;30mLevel 1[0m _identify(src/robocup_ros2_interface) by extension 'colcon_pkg'
[0.561s] [34mcolcon.colcon_core.package_identification[0m [1;30mLevel 1[0m _identify(src/robocup_ros2_interface) by extensions ['colcon_meta']
[0.561s] [34mcolcon.colcon_core.package_identification[0m [1;30mLevel 1[0m _identify(src/robocup_ros2_interface) by extension 'colcon_meta'
[0.562s] [34mcolcon.colcon_core.package_identification[0m [1;30mLevel 1[0m _identify(src/robocup_ros2_interface) by extensions ['ros']
[0.562s] [34mcolcon.colcon_core.package_identification[0m [1;30mLevel 1[0m _identify(src/robocup_ros2_interface) by extension 'ros'
[0.562s] [34mcolcon.colcon_core.package_identification[0m [1;30mLevel 1[0m _identify(src/robocup_ros2_interface) by extensions ['cmake', 'python']
[0.563s] [34mcolcon.colcon_core.package_identification[0m [1;30mLevel 1[0m _identify(src/robocup_ros2_interface) by extension 'cmake'
[0.563s] [34mcolcon.colcon_core.package_identification[0m [1;30mLevel 1[0m _identify(src/robocup_ros2_interface) by extension 'python'
[0.563s] [34mcolcon.colcon_core.package_identification[0m [1;30mLevel 1[0m _identify(src/robocup_ros2_interface) by extensions ['python_setup_py']
[0.564s] [34mcolcon.colcon_core.package_identification[0m [1;30mLevel 1[0m _identify(src/robocup_ros2_interface) by extension 'python_setup_py'
[0.565s] [34mcolcon.colcon_core.package_identification[0m [1;30mLevel 1[0m _identify(src/robocup_ros2_interface/src) by extensions ['ignore', 'ignore_ament_install']
[0.565s] [34mcolcon.colcon_core.package_identification[0m [1;30mLevel 1[0m _identify(src/robocup_ros2_interface/src) by extension 'ignore'
[0.566s] [34mcolcon.colcon_core.package_identification[0m [1;30mLevel 1[0m _identify(src/robocup_ros2_interface/src) by extension 'ignore_ament_install'
[0.567s] [34mcolcon.colcon_core.package_identification[0m [1;30mLevel 1[0m _identify(src/robocup_ros2_interface/src) by extensions ['colcon_pkg']
[0.567s] [34mcolcon.colcon_core.package_identification[0m [1;30mLevel 1[0m _identify(src/robocup_ros2_interface/src) by extension 'colcon_pkg'
[0.568s] [34mcolcon.colcon_core.package_identification[0m [1;30mLevel 1[0m _identify(src/robocup_ros2_interface/src) by extensions ['colcon_meta']
[0.568s] [34mcolcon.colcon_core.package_identification[0m [1;30mLevel 1[0m _identify(src/robocup_ros2_interface/src) by extension 'colcon_meta'
[0.568s] [34mcolcon.colcon_core.package_identification[0m [1;30mLevel 1[0m _identify(src/robocup_ros2_interface/src) by extensions ['ros']
[0.569s] [34mcolcon.colcon_core.package_identification[0m [1;30mLevel 1[0m _identify(src/robocup_ros2_interface/src) by extension 'ros'
[0.569s] [34mcolcon.colcon_core.package_identification[0m [1;30mLevel 1[0m _identify(src/robocup_ros2_interface/src) by extensions ['cmake', 'python']
[0.570s] [34mcolcon.colcon_core.package_identification[0m [1;30mLevel 1[0m _identify(src/robocup_ros2_interface/src) by extension 'cmake'
[0.570s] [34mcolcon.colcon_core.package_identification[0m [1;30mLevel 1[0m _identify(src/robocup_ros2_interface/src) by extension 'python'
[0.571s] [34mcolcon.colcon_core.package_identification[0m [1;30mLevel 1[0m _identify(src/robocup_ros2_interface/src) by extensions ['python_setup_py']
[0.571s] [34mcolcon.colcon_core.package_identification[0m [1;30mLevel 1[0m _identify(src/robocup_ros2_interface/src) by extension 'python_setup_py'
[0.572s] [34mcolcon.colcon_core.package_identification[0m [1;30mLevel 1[0m _identify(src/robocup_ros2_interface/src/game_controller_interface) by extensions ['ignore', 'ignore_ament_install']
[0.573s] [34mcolcon.colcon_core.package_identification[0m [1;30mLevel 1[0m _identify(src/robocup_ros2_interface/src/game_controller_interface) by extension 'ignore'
[0.575s] [34mcolcon.colcon_core.package_identification[0m [1;30mLevel 1[0m _identify(src/robocup_ros2_interface/src/game_controller_interface) by extension 'ignore_ament_install'
[0.575s] [34mcolcon.colcon_core.package_identification[0m [1;30mLevel 1[0m _identify(src/robocup_ros2_interface/src/game_controller_interface) by extensions ['colcon_pkg']
[0.576s] [34mcolcon.colcon_core.package_identification[0m [1;30mLevel 1[0m _identify(src/robocup_ros2_interface/src/game_controller_interface) by extension 'colcon_pkg'
[0.576s] [34mcolcon.colcon_core.package_identification[0m [1;30mLevel 1[0m _identify(src/robocup_ros2_interface/src/game_controller_interface) by extensions ['colcon_meta']
[0.577s] [34mcolcon.colcon_core.package_identification[0m [1;30mLevel 1[0m _identify(src/robocup_ros2_interface/src/game_controller_interface) by extension 'colcon_meta'
[0.577s] [34mcolcon.colcon_core.package_identification[0m [1;30mLevel 1[0m _identify(src/robocup_ros2_interface/src/game_controller_interface) by extensions ['ros']
[0.579s] [34mcolcon.colcon_core.package_identification[0m [1;30mLevel 1[0m _identify(src/robocup_ros2_interface/src/game_controller_interface) by extension 'ros'
[0.581s] [34mcolcon.colcon_core.package_identification[0m [1;30mDEBUG[0m [32mPackage 'src/robocup_ros2_interface/src/game_controller_interface' with type 'ros.ament_cmake' and name 'game_controller_interface'[0m
[0.582s] [34mcolcon.colcon_core.package_identification[0m [1;30mLevel 1[0m _identify(src/robocup_ros2_interface/src/vision_interface) by extensions ['ignore', 'ignore_ament_install']
[0.583s] [34mcolcon.colcon_core.package_identification[0m [1;30mLevel 1[0m _identify(src/robocup_ros2_interface/src/vision_interface) by extension 'ignore'
[0.583s] [34mcolcon.colcon_core.package_identification[0m [1;30mLevel 1[0m _identify(src/robocup_ros2_interface/src/vision_interface) by extension 'ignore_ament_install'
[0.584s] [34mcolcon.colcon_core.package_identification[0m [1;30mLevel 1[0m _identify(src/robocup_ros2_interface/src/vision_interface) by extensions ['colcon_pkg']
[0.584s] [34mcolcon.colcon_core.package_identification[0m [1;30mLevel 1[0m _identify(src/robocup_ros2_interface/src/vision_interface) by extension 'colcon_pkg'
[0.585s] [34mcolcon.colcon_core.package_identification[0m [1;30mLevel 1[0m _identify(src/robocup_ros2_interface/src/vision_interface) by extensions ['colcon_meta']
[0.585s] [34mcolcon.colcon_core.package_identification[0m [1;30mLevel 1[0m _identify(src/robocup_ros2_interface/src/vision_interface) by extension 'colcon_meta'
[0.587s] [34mcolcon.colcon_core.package_identification[0m [1;30mLevel 1[0m _identify(src/robocup_ros2_interface/src/vision_interface) by extensions ['ros']
[0.587s] [34mcolcon.colcon_core.package_identification[0m [1;30mLevel 1[0m _identify(src/robocup_ros2_interface/src/vision_interface) by extension 'ros'
[0.590s] [34mcolcon.colcon_core.package_identification[0m [1;30mDEBUG[0m [32mPackage 'src/robocup_ros2_interface/src/vision_interface' with type 'ros.ament_cmake' and name 'vision_interface'[0m
[0.591s] [34mcolcon.colcon_core.package_identification[0m [1;30mLevel 1[0m _identify(src/sound_play) by extensions ['ignore', 'ignore_ament_install']
[0.592s] [34mcolcon.colcon_core.package_identification[0m [1;30mLevel 1[0m _identify(src/sound_play) by extension 'ignore'
[0.594s] [34mcolcon.colcon_core.package_identification[0m [1;30mLevel 1[0m _identify(src/sound_play) by extension 'ignore_ament_install'
[0.594s] [34mcolcon.colcon_core.package_identification[0m [1;30mLevel 1[0m _identify(src/sound_play) by extensions ['colcon_pkg']
[0.595s] [34mcolcon.colcon_core.package_identification[0m [1;30mLevel 1[0m _identify(src/sound_play) by extension 'colcon_pkg'
[0.595s] [34mcolcon.colcon_core.package_identification[0m [1;30mLevel 1[0m _identify(src/sound_play) by extensions ['colcon_meta']
[0.596s] [34mcolcon.colcon_core.package_identification[0m [1;30mLevel 1[0m _identify(src/sound_play) by extension 'colcon_meta'
[0.596s] [34mcolcon.colcon_core.package_identification[0m [1;30mLevel 1[0m _identify(src/sound_play) by extensions ['ros']
[0.597s] [34mcolcon.colcon_core.package_identification[0m [1;30mLevel 1[0m _identify(src/sound_play) by extension 'ros'
[0.599s] [34mcolcon.colcon_core.package_identification[0m [1;30mDEBUG[0m [32mPackage 'src/sound_play' with type 'ros.ament_python' and name 'sound_play'[0m
[0.600s] [34mcolcon.colcon_core.package_identification[0m [1;30mLevel 1[0m _identify(src/vision) by extensions ['ignore', 'ignore_ament_install']
[0.600s] [34mcolcon.colcon_core.package_identification[0m [1;30mLevel 1[0m _identify(src/vision) by extension 'ignore'
[0.600s] [34mcolcon.colcon_core.package_identification[0m [1;30mLevel 1[0m _identify(src/vision) by extension 'ignore_ament_install'
[0.601s] [34mcolcon.colcon_core.package_identification[0m [1;30mLevel 1[0m _identify(src/vision) by extensions ['colcon_pkg']
[0.601s] [34mcolcon.colcon_core.package_identification[0m [1;30mLevel 1[0m _identify(src/vision) by extension 'colcon_pkg'
[0.602s] [34mcolcon.colcon_core.package_identification[0m [1;30mLevel 1[0m _identify(src/vision) by extensions ['colcon_meta']
[0.602s] [34mcolcon.colcon_core.package_identification[0m [1;30mLevel 1[0m _identify(src/vision) by extension 'colcon_meta'
[0.603s] [34mcolcon.colcon_core.package_identification[0m [1;30mLevel 1[0m _identify(src/vision) by extensions ['ros']
[0.603s] [34mcolcon.colcon_core.package_identification[0m [1;30mLevel 1[0m _identify(src/vision) by extension 'ros'
[0.605s] [34mcolcon.colcon_core.package_identification[0m [1;30mDEBUG[0m [32mPackage 'src/vision' with type 'ros.ament_cmake' and name 'vision'[0m
[0.606s] [34mcolcon.colcon_core.package_identification[0m [1;30mLevel 1[0m _identify(utils) by extensions ['ignore', 'ignore_ament_install']
[0.607s] [34mcolcon.colcon_core.package_identification[0m [1;30mLevel 1[0m _identify(utils) by extension 'ignore'
[0.607s] [34mcolcon.colcon_core.package_identification[0m [1;30mLevel 1[0m _identify(utils) by extension 'ignore_ament_install'
[0.608s] [34mcolcon.colcon_core.package_identification[0m [1;30mLevel 1[0m _identify(utils) by extensions ['colcon_pkg']
[0.608s] [34mcolcon.colcon_core.package_identification[0m [1;30mLevel 1[0m _identify(utils) by extension 'colcon_pkg'
[0.609s] [34mcolcon.colcon_core.package_identification[0m [1;30mLevel 1[0m _identify(utils) by extensions ['colcon_meta']
[0.610s] [34mcolcon.colcon_core.package_identification[0m [1;30mLevel 1[0m _identify(utils) by extension 'colcon_meta'
[0.610s] [34mcolcon.colcon_core.package_identification[0m [1;30mLevel 1[0m _identify(utils) by extensions ['ros']
[0.610s] [34mcolcon.colcon_core.package_identification[0m [1;30mLevel 1[0m _identify(utils) by extension 'ros'
[0.611s] [34mcolcon.colcon_core.package_identification[0m [1;30mLevel 1[0m _identify(utils) by extensions ['cmake', 'python']
[0.611s] [34mcolcon.colcon_core.package_identification[0m [1;30mLevel 1[0m _identify(utils) by extension 'cmake'
[0.612s] [34mcolcon.colcon_core.package_identification[0m [1;30mLevel 1[0m _identify(utils) by extension 'python'
[0.612s] [34mcolcon.colcon_core.package_identification[0m [1;30mLevel 1[0m _identify(utils) by extensions ['python_setup_py']
[0.613s] [34mcolcon.colcon_core.package_identification[0m [1;30mLevel 1[0m _identify(utils) by extension 'python_setup_py'
[0.613s] [34mcolcon.colcon_core.package_identification[0m [1;30mLevel 1[0m _identify(utils/service) by extensions ['ignore', 'ignore_ament_install']
[0.614s] [34mcolcon.colcon_core.package_identification[0m [1;30mLevel 1[0m _identify(utils/service) by extension 'ignore'
[0.614s] [34mcolcon.colcon_core.package_identification[0m [1;30mLevel 1[0m _identify(utils/service) by extension 'ignore_ament_install'
[0.614s] [34mcolcon.colcon_core.package_identification[0m [1;30mLevel 1[0m _identify(utils/service) by extensions ['colcon_pkg']
[0.615s] [34mcolcon.colcon_core.package_identification[0m [1;30mLevel 1[0m _identify(utils/service) by extension 'colcon_pkg'
[0.615s] [34mcolcon.colcon_core.package_identification[0m [1;30mLevel 1[0m _identify(utils/service) by extensions ['colcon_meta']
[0.616s] [34mcolcon.colcon_core.package_identification[0m [1;30mLevel 1[0m _identify(utils/service) by extension 'colcon_meta'
[0.616s] [34mcolcon.colcon_core.package_identification[0m [1;30mLevel 1[0m _identify(utils/service) by extensions ['ros']
[0.617s] [34mcolcon.colcon_core.package_identification[0m [1;30mLevel 1[0m _identify(utils/service) by extension 'ros'
[0.617s] [34mcolcon.colcon_core.package_identification[0m [1;30mLevel 1[0m _identify(utils/service) by extensions ['cmake', 'python']
[0.618s] [34mcolcon.colcon_core.package_identification[0m [1;30mLevel 1[0m _identify(utils/service) by extension 'cmake'
[0.618s] [34mcolcon.colcon_core.package_identification[0m [1;30mLevel 1[0m _identify(utils/service) by extension 'python'
[0.618s] [34mcolcon.colcon_core.package_identification[0m [1;30mLevel 1[0m _identify(utils/service) by extensions ['python_setup_py']
[0.619s] [34mcolcon.colcon_core.package_identification[0m [1;30mLevel 1[0m _identify(utils/service) by extension 'python_setup_py'
[0.619s] [34mcolcon.colcon_core.package_discovery[0m [1;30mLevel 1[0m discover_packages(recursive) using defaults
[0.620s] [34mcolcon.colcon_core.package_discovery[0m [1;30mLevel 1[0m discover_packages(ignore) discover
[0.620s] [34mcolcon.colcon_core.package_discovery[0m [1;30mLevel 1[0m discover_packages(ignore) using defaults
[0.621s] [34mcolcon.colcon_core.package_discovery[0m [1;30mLevel 1[0m discover_packages(path) discover
[0.621s] [34mcolcon.colcon_core.package_discovery[0m [1;30mLevel 1[0m discover_packages(path) using defaults
[0.667s] [34mcolcon.colcon_core.package_discovery[0m [1;30mLevel 1[0m discover_packages(prefix_path) check parameters
[0.667s] [34mcolcon.colcon_core.package_discovery[0m [1;30mLevel 1[0m discover_packages(prefix_path) discover
[0.669s] [34mcolcon.colcon_core.package_discovery[0m [1;30mLevel 1[0m discover_packages(prefix_path) using defaults
[0.671s] [34mcolcon.colcon_core.verb[0m [1;30mLevel 5[0m set package 'booster_interface' build argument 'cmake_args' from command line to 'None'
[0.672s] [34mcolcon.colcon_core.verb[0m [1;30mLevel 5[0m set package 'booster_interface' build argument 'cmake_target' from command line to 'None'
[0.672s] [34mcolcon.colcon_core.verb[0m [1;30mLevel 5[0m set package 'booster_interface' build argument 'cmake_target_skip_unavailable' from command line to 'False'
[0.672s] [34mcolcon.colcon_core.verb[0m [1;30mLevel 5[0m set package 'booster_interface' build argument 'cmake_clean_cache' from command line to 'False'
[0.672s] [34mcolcon.colcon_core.verb[0m [1;30mLevel 5[0m set package 'booster_interface' build argument 'cmake_clean_first' from command line to 'False'
[0.672s] [34mcolcon.colcon_core.verb[0m [1;30mLevel 5[0m set package 'booster_interface' build argument 'cmake_force_configure' from command line to 'False'
[0.673s] [34mcolcon.colcon_core.verb[0m [1;30mLevel 5[0m set package 'booster_interface' build argument 'ament_cmake_args' from command line to 'None'
[0.673s] [34mcolcon.colcon_core.verb[0m [1;30mLevel 5[0m set package 'booster_interface' build argument 'catkin_cmake_args' from command line to 'None'
[0.673s] [34mcolcon.colcon_core.verb[0m [1;30mLevel 5[0m set package 'booster_interface' build argument 'catkin_skip_building_tests' from command line to 'False'
[0.673s] [34mcolcon.colcon_core.verb[0m [1;30mDEBUG[0m [32mBuilding package 'booster_interface' with the following arguments: {'ament_cmake_args': None, 'build_base': '/home/booster/Workspace/Booster_T1_3v3_Demo/build/booster_interface', 'catkin_cmake_args': None, 'catkin_skip_building_tests': False, 'cmake_args': None, 'cmake_clean_cache': False, 'cmake_clean_first': False, 'cmake_force_configure': False, 'cmake_target': None, 'cmake_target_skip_unavailable': False, 'install_base': '/home/booster/Workspace/Booster_T1_3v3_Demo/install/booster_interface', 'merge_install': False, 'path': '/home/booster/Workspace/Booster_T1_3v3_Demo/src/booster_ros2_interface', 'symlink_install': True, 'test_result_base': None}[0m
[0.675s] [34mcolcon.colcon_core.verb[0m [1;30mLevel 5[0m set package 'booster_msgs' build argument 'cmake_args' from command line to 'None'
[0.675s] [34mcolcon.colcon_core.verb[0m [1;30mLevel 5[0m set package 'booster_msgs' build argument 'cmake_target' from command line to 'None'
[0.675s] [34mcolcon.colcon_core.verb[0m [1;30mLevel 5[0m set package 'booster_msgs' build argument 'cmake_target_skip_unavailable' from command line to 'False'
[0.676s] [34mcolcon.colcon_core.verb[0m [1;30mLevel 5[0m set package 'booster_msgs' build argument 'cmake_clean_cache' from command line to 'False'
[0.676s] [34mcolcon.colcon_core.verb[0m [1;30mLevel 5[0m set package 'booster_msgs' build argument 'cmake_clean_first' from command line to 'False'
[0.676s] [34mcolcon.colcon_core.verb[0m [1;30mLevel 5[0m set package 'booster_msgs' build argument 'cmake_force_configure' from command line to 'False'
[0.676s] [34mcolcon.colcon_core.verb[0m [1;30mLevel 5[0m set package 'booster_msgs' build argument 'ament_cmake_args' from command line to 'None'
[0.676s] [34mcolcon.colcon_core.verb[0m [1;30mLevel 5[0m set package 'booster_msgs' build argument 'catkin_cmake_args' from command line to 'None'
[0.676s] [34mcolcon.colcon_core.verb[0m [1;30mLevel 5[0m set package 'booster_msgs' build argument 'catkin_skip_building_tests' from command line to 'False'
[0.677s] [34mcolcon.colcon_core.verb[0m [1;30mDEBUG[0m [32mBuilding package 'booster_msgs' with the following arguments: {'ament_cmake_args': None, 'build_base': '/home/booster/Workspace/Booster_T1_3v3_Demo/build/booster_msgs', 'catkin_cmake_args': None, 'catkin_skip_building_tests': False, 'cmake_args': None, 'cmake_clean_cache': False, 'cmake_clean_first': False, 'cmake_force_configure': False, 'cmake_target': None, 'cmake_target_skip_unavailable': False, 'install_base': '/home/booster/Workspace/Booster_T1_3v3_Demo/install/booster_msgs', 'merge_install': False, 'path': '/home/booster/Workspace/Booster_T1_3v3_Demo/src/booster_msgs', 'symlink_install': True, 'test_result_base': None}[0m
[0.678s] [34mcolcon.colcon_core.verb[0m [1;30mLevel 5[0m set package 'game_controller_interface' build argument 'cmake_args' from command line to 'None'
[0.678s] [34mcolcon.colcon_core.verb[0m [1;30mLevel 5[0m set package 'game_controller_interface' build argument 'cmake_target' from command line to 'None'
[0.678s] [34mcolcon.colcon_core.verb[0m [1;30mLevel 5[0m set package 'game_controller_interface' build argument 'cmake_target_skip_unavailable' from command line to 'False'
[0.679s] [34mcolcon.colcon_core.verb[0m [1;30mLevel 5[0m set package 'game_controller_interface' build argument 'cmake_clean_cache' from command line to 'False'
[0.679s] [34mcolcon.colcon_core.verb[0m [1;30mLevel 5[0m set package 'game_controller_interface' build argument 'cmake_clean_first' from command line to 'False'
[0.679s] [34mcolcon.colcon_core.verb[0m [1;30mLevel 5[0m set package 'game_controller_interface' build argument 'cmake_force_configure' from command line to 'False'
[0.679s] [34mcolcon.colcon_core.verb[0m [1;30mLevel 5[0m set package 'game_controller_interface' build argument 'ament_cmake_args' from command line to 'None'
[0.680s] [34mcolcon.colcon_core.verb[0m [1;30mLevel 5[0m set package 'game_controller_interface' build argument 'catkin_cmake_args' from command line to 'None'
[0.680s] [34mcolcon.colcon_core.verb[0m [1;30mLevel 5[0m set package 'game_controller_interface' build argument 'catkin_skip_building_tests' from command line to 'False'
[0.680s] [34mcolcon.colcon_core.verb[0m [1;30mDEBUG[0m [32mBuilding package 'game_controller_interface' with the following arguments: {'ament_cmake_args': None, 'build_base': '/home/booster/Workspace/Booster_T1_3v3_Demo/build/game_controller_interface', 'catkin_cmake_args': None, 'catkin_skip_building_tests': False, 'cmake_args': None, 'cmake_clean_cache': False, 'cmake_clean_first': False, 'cmake_force_configure': False, 'cmake_target': None, 'cmake_target_skip_unavailable': False, 'install_base': '/home/booster/Workspace/Booster_T1_3v3_Demo/install/game_controller_interface', 'merge_install': False, 'path': '/home/booster/Workspace/Booster_T1_3v3_Demo/src/robocup_ros2_interface/src/game_controller_interface', 'symlink_install': True, 'test_result_base': None}[0m
[0.681s] [34mcolcon.colcon_core.verb[0m [1;30mLevel 5[0m set package 'sound_play' build argument 'cmake_args' from command line to 'None'
[0.682s] [34mcolcon.colcon_core.verb[0m [1;30mLevel 5[0m set package 'sound_play' build argument 'cmake_target' from command line to 'None'
[0.682s] [34mcolcon.colcon_core.verb[0m [1;30mLevel 5[0m set package 'sound_play' build argument 'cmake_target_skip_unavailable' from command line to 'False'
[0.682s] [34mcolcon.colcon_core.verb[0m [1;30mLevel 5[0m set package 'sound_play' build argument 'cmake_clean_cache' from command line to 'False'
[0.682s] [34mcolcon.colcon_core.verb[0m [1;30mLevel 5[0m set package 'sound_play' build argument 'cmake_clean_first' from command line to 'False'
[0.682s] [34mcolcon.colcon_core.verb[0m [1;30mLevel 5[0m set package 'sound_play' build argument 'cmake_force_configure' from command line to 'False'
[0.683s] [34mcolcon.colcon_core.verb[0m [1;30mLevel 5[0m set package 'sound_play' build argument 'ament_cmake_args' from command line to 'None'
[0.683s] [34mcolcon.colcon_core.verb[0m [1;30mLevel 5[0m set package 'sound_play' build argument 'catkin_cmake_args' from command line to 'None'
[0.683s] [34mcolcon.colcon_core.verb[0m [1;30mLevel 5[0m set package 'sound_play' build argument 'catkin_skip_building_tests' from command line to 'False'
[0.683s] [34mcolcon.colcon_core.verb[0m [1;30mDEBUG[0m [32mBuilding package 'sound_play' with the following arguments: {'ament_cmake_args': None, 'build_base': '/home/booster/Workspace/Booster_T1_3v3_Demo/build/sound_play', 'catkin_cmake_args': None, 'catkin_skip_building_tests': False, 'cmake_args': None, 'cmake_clean_cache': False, 'cmake_clean_first': False, 'cmake_force_configure': False, 'cmake_target': None, 'cmake_target_skip_unavailable': False, 'install_base': '/home/booster/Workspace/Booster_T1_3v3_Demo/install/sound_play', 'merge_install': False, 'path': '/home/booster/Workspace/Booster_T1_3v3_Demo/src/sound_play', 'symlink_install': True, 'test_result_base': None}[0m
[0.685s] [34mcolcon.colcon_core.verb[0m [1;30mLevel 5[0m set package 'vision_interface' build argument 'cmake_args' from command line to 'None'
[0.685s] [34mcolcon.colcon_core.verb[0m [1;30mLevel 5[0m set package 'vision_interface' build argument 'cmake_target' from command line to 'None'
[0.685s] [34mcolcon.colcon_core.verb[0m [1;30mLevel 5[0m set package 'vision_interface' build argument 'cmake_target_skip_unavailable' from command line to 'False'
[0.686s] [34mcolcon.colcon_core.verb[0m [1;30mLevel 5[0m set package 'vision_interface' build argument 'cmake_clean_cache' from command line to 'False'
[0.686s] [34mcolcon.colcon_core.verb[0m [1;30mLevel 5[0m set package 'vision_interface' build argument 'cmake_clean_first' from command line to 'False'
[0.686s] [34mcolcon.colcon_core.verb[0m [1;30mLevel 5[0m set package 'vision_interface' build argument 'cmake_force_configure' from command line to 'False'
[0.686s] [34mcolcon.colcon_core.verb[0m [1;30mLevel 5[0m set package 'vision_interface' build argument 'ament_cmake_args' from command line to 'None'
[0.687s] [34mcolcon.colcon_core.verb[0m [1;30mLevel 5[0m set package 'vision_interface' build argument 'catkin_cmake_args' from command line to 'None'
[0.687s] [34mcolcon.colcon_core.verb[0m [1;30mLevel 5[0m set package 'vision_interface' build argument 'catkin_skip_building_tests' from command line to 'False'
[0.688s] [34mcolcon.colcon_core.verb[0m [1;30mDEBUG[0m [32mBuilding package 'vision_interface' with the following arguments: {'ament_cmake_args': None, 'build_base': '/home/booster/Workspace/Booster_T1_3v3_Demo/build/vision_interface', 'catkin_cmake_args': None, 'catkin_skip_building_tests': False, 'cmake_args': None, 'cmake_clean_cache': False, 'cmake_clean_first': False, 'cmake_force_configure': False, 'cmake_target': None, 'cmake_target_skip_unavailable': False, 'install_base': '/home/booster/Workspace/Booster_T1_3v3_Demo/install/vision_interface', 'merge_install': False, 'path': '/home/booster/Workspace/Booster_T1_3v3_Demo/src/robocup_ros2_interface/src/vision_interface', 'symlink_install': True, 'test_result_base': None}[0m
[0.689s] [34mcolcon.colcon_core.verb[0m [1;30mLevel 5[0m set package 'brain' build argument 'cmake_args' from command line to 'None'
[0.689s] [34mcolcon.colcon_core.verb[0m [1;30mLevel 5[0m set package 'brain' build argument 'cmake_target' from command line to 'None'
[0.690s] [34mcolcon.colcon_core.verb[0m [1;30mLevel 5[0m set package 'brain' build argument 'cmake_target_skip_unavailable' from command line to 'False'
[0.690s] [34mcolcon.colcon_core.verb[0m [1;30mLevel 5[0m set package 'brain' build argument 'cmake_clean_cache' from command line to 'False'
[0.690s] [34mcolcon.colcon_core.verb[0m [1;30mLevel 5[0m set package 'brain' build argument 'cmake_clean_first' from command line to 'False'
[0.694s] [34mcolcon.colcon_core.verb[0m [1;30mLevel 5[0m set package 'brain' build argument 'cmake_force_configure' from command line to 'False'
[0.694s] [34mcolcon.colcon_core.verb[0m [1;30mLevel 5[0m set package 'brain' build argument 'ament_cmake_args' from command line to 'None'
[0.695s] [34mcolcon.colcon_core.verb[0m [1;30mLevel 5[0m set package 'brain' build argument 'catkin_cmake_args' from command line to 'None'
[0.695s] [34mcolcon.colcon_core.verb[0m [1;30mLevel 5[0m set package 'brain' build argument 'catkin_skip_building_tests' from command line to 'False'
[0.695s] [34mcolcon.colcon_core.verb[0m [1;30mDEBUG[0m [32mBuilding package 'brain' with the following arguments: {'ament_cmake_args': None, 'build_base': '/home/booster/Workspace/Booster_T1_3v3_Demo/build/brain', 'catkin_cmake_args': None, 'catkin_skip_building_tests': False, 'cmake_args': None, 'cmake_clean_cache': False, 'cmake_clean_first': False, 'cmake_force_configure': False, 'cmake_target': None, 'cmake_target_skip_unavailable': False, 'install_base': '/home/booster/Workspace/Booster_T1_3v3_Demo/install/brain', 'merge_install': False, 'path': '/home/booster/Workspace/Booster_T1_3v3_Demo/src/brain', 'symlink_install': True, 'test_result_base': None}[0m
[0.697s] [34mcolcon.colcon_core.verb[0m [1;30mLevel 5[0m set package 'game_controller' build argument 'cmake_args' from command line to 'None'
[0.697s] [34mcolcon.colcon_core.verb[0m [1;30mLevel 5[0m set package 'game_controller' build argument 'cmake_target' from command line to 'None'
[0.697s] [34mcolcon.colcon_core.verb[0m [1;30mLevel 5[0m set package 'game_controller' build argument 'cmake_target_skip_unavailable' from command line to 'False'
[0.698s] [34mcolcon.colcon_core.verb[0m [1;30mLevel 5[0m set package 'game_controller' build argument 'cmake_clean_cache' from command line to 'False'
[0.698s] [34mcolcon.colcon_core.verb[0m [1;30mLevel 5[0m set package 'game_controller' build argument 'cmake_clean_first' from command line to 'False'
[0.698s] [34mcolcon.colcon_core.verb[0m [1;30mLevel 5[0m set package 'game_controller' build argument 'cmake_force_configure' from command line to 'False'
[0.699s] [34mcolcon.colcon_core.verb[0m [1;30mLevel 5[0m set package 'game_controller' build argument 'ament_cmake_args' from command line to 'None'
[0.699s] [34mcolcon.colcon_core.verb[0m [1;30mLevel 5[0m set package 'game_controller' build argument 'catkin_cmake_args' from command line to 'None'
[0.699s] [34mcolcon.colcon_core.verb[0m [1;30mLevel 5[0m set package 'game_controller' build argument 'catkin_skip_building_tests' from command line to 'False'
[0.700s] [34mcolcon.colcon_core.verb[0m [1;30mDEBUG[0m [32mBuilding package 'game_controller' with the following arguments: {'ament_cmake_args': None, 'build_base': '/home/booster/Workspace/Booster_T1_3v3_Demo/build/game_controller', 'catkin_cmake_args': None, 'catkin_skip_building_tests': False, 'cmake_args': None, 'cmake_clean_cache': False, 'cmake_clean_first': False, 'cmake_force_configure': False, 'cmake_target': None, 'cmake_target_skip_unavailable': False, 'install_base': '/home/booster/Workspace/Booster_T1_3v3_Demo/install/game_controller', 'merge_install': False, 'path': '/home/booster/Workspace/Booster_T1_3v3_Demo/src/game_controller', 'symlink_install': True, 'test_result_base': None}[0m
[0.701s] [34mcolcon.colcon_core.verb[0m [1;30mLevel 5[0m set package 'vision' build argument 'cmake_args' from command line to 'None'
[0.701s] [34mcolcon.colcon_core.verb[0m [1;30mLevel 5[0m set package 'vision' build argument 'cmake_target' from command line to 'None'
[0.701s] [34mcolcon.colcon_core.verb[0m [1;30mLevel 5[0m set package 'vision' build argument 'cmake_target_skip_unavailable' from command line to 'False'
[0.702s] [34mcolcon.colcon_core.verb[0m [1;30mLevel 5[0m set package 'vision' build argument 'cmake_clean_cache' from command line to 'False'
[0.702s] [34mcolcon.colcon_core.verb[0m [1;30mLevel 5[0m set package 'vision' build argument 'cmake_clean_first' from command line to 'False'
[0.702s] [34mcolcon.colcon_core.verb[0m [1;30mLevel 5[0m set package 'vision' build argument 'cmake_force_configure' from command line to 'False'
[0.703s] [34mcolcon.colcon_core.verb[0m [1;30mLevel 5[0m set package 'vision' build argument 'ament_cmake_args' from command line to 'None'
[0.703s] [34mcolcon.colcon_core.verb[0m [1;30mLevel 5[0m set package 'vision' build argument 'catkin_cmake_args' from command line to 'None'
[0.703s] [34mcolcon.colcon_core.verb[0m [1;30mLevel 5[0m set package 'vision' build argument 'catkin_skip_building_tests' from command line to 'False'
[0.704s] [34mcolcon.colcon_core.verb[0m [1;30mDEBUG[0m [32mBuilding package 'vision' with the following arguments: {'ament_cmake_args': None, 'build_base': '/home/booster/Workspace/Booster_T1_3v3_Demo/build/vision', 'catkin_cmake_args': None, 'catkin_skip_building_tests': False, 'cmake_args': None, 'cmake_clean_cache': False, 'cmake_clean_first': False, 'cmake_force_configure': False, 'cmake_target': None, 'cmake_target_skip_unavailable': False, 'install_base': '/home/booster/Workspace/Booster_T1_3v3_Demo/install/vision', 'merge_install': False, 'path': '/home/booster/Workspace/Booster_T1_3v3_Demo/src/vision', 'symlink_install': True, 'test_result_base': None}[0m
[0.704s] [34mcolcon.colcon_core.executor[0m [1;30mINFO[0m Executing jobs using 'parallel' executor
[0.709s] [34mcolcon.colcon_parallel_executor.executor.parallel[0m [1;30mDEBUG[0m [32mrun_until_complete[0m
[0.710s] [34mcolcon.colcon_ros.task.ament_cmake.build[0m [1;30mINFO[0m Building ROS package in '/home/booster/Workspace/Booster_T1_3v3_Demo/src/robocup_ros2_interface/src/game_controller_interface' with build type 'ament_cmake'
[0.712s] [34mcolcon.colcon_cmake.task.cmake.build[0m [1;30mINFO[0m Building CMake package in '/home/booster/Workspace/Booster_T1_3v3_Demo/src/robocup_ros2_interface/src/game_controller_interface'
[0.716s] [34mcolcon.colcon_core.plugin_system[0m [1;30mINFO[0m Skipping extension 'colcon_core.shell.bat': Not used on non-Windows systems
[0.717s] [34mcolcon.colcon_core.shell[0m [1;30mINFO[0m Skip shell extension 'powershell' for command environment: Not usable outside of PowerShell
[0.718s] [34mcolcon.colcon_core.shell[0m [1;30mDEBUG[0m [32mSkip shell extension 'dsv' for command environment[0m
[0.738s] [34mcolcon.colcon_ros.task.ament_cmake.build[0m [1;30mINFO[0m Building ROS package in '/home/booster/Workspace/Booster_T1_3v3_Demo/src/robocup_ros2_interface/src/vision_interface' with build type 'ament_cmake'
[0.739s] [34mcolcon.colcon_cmake.task.cmake.build[0m [1;30mINFO[0m Building CMake package in '/home/booster/Workspace/Booster_T1_3v3_Demo/src/robocup_ros2_interface/src/vision_interface'
[0.740s] [34mcolcon.colcon_core.shell[0m [1;30mINFO[0m Skip shell extension 'powershell' for command environment: Not usable outside of PowerShell
[0.741s] [34mcolcon.colcon_core.shell[0m [1;30mDEBUG[0m [32mSkip shell extension 'dsv' for command environment[0m
[0.749s] [34mcolcon.colcon_ros.task.ament_cmake.build[0m [1;30mINFO[0m Building ROS package in '/home/booster/Workspace/Booster_T1_3v3_Demo/src/booster_ros2_interface' with build type 'ament_cmake'
[0.750s] [34mcolcon.colcon_cmake.task.cmake.build[0m [1;30mINFO[0m Building CMake package in '/home/booster/Workspace/Booster_T1_3v3_Demo/src/booster_ros2_interface'
[0.752s] [34mcolcon.colcon_core.shell[0m [1;30mINFO[0m Skip shell extension 'powershell' for command environment: Not usable outside of PowerShell
[0.752s] [34mcolcon.colcon_core.shell[0m [1;30mDEBUG[0m [32mSkip shell extension 'dsv' for command environment[0m
[0.759s] [34mcolcon.colcon_ros.task.ament_cmake.build[0m [1;30mINFO[0m Building ROS package in '/home/booster/Workspace/Booster_T1_3v3_Demo/src/booster_msgs' with build type 'ament_cmake'
[0.760s] [34mcolcon.colcon_cmake.task.cmake.build[0m [1;30mINFO[0m Building CMake package in '/home/booster/Workspace/Booster_T1_3v3_Demo/src/booster_msgs'
[0.760s] [34mcolcon.colcon_core.shell[0m [1;30mINFO[0m Skip shell extension 'powershell' for command environment: Not usable outside of PowerShell
[0.760s] [34mcolcon.colcon_core.shell[0m [1;30mDEBUG[0m [32mSkip shell extension 'dsv' for command environment[0m
[0.773s] [34mcolcon.colcon_ros.task.ament_python.build[0m [1;30mINFO[0m Building ROS package in '/home/booster/Workspace/Booster_T1_3v3_Demo/src/sound_play' with build type 'ament_python'
[0.775s] [34mcolcon.colcon_core.shell[0m [1;30mLevel 1[0m create_environment_hook('sound_play', 'ament_prefix_path')
[0.776s] [34mcolcon.colcon_core.shell[0m [1;30mINFO[0m Creating environment hook '/home/booster/Workspace/Booster_T1_3v3_Demo/install/sound_play/share/sound_play/hook/ament_prefix_path.ps1'
[0.780s] [34mcolcon.colcon_core.shell[0m [1;30mINFO[0m Creating environment descriptor '/home/booster/Workspace/Booster_T1_3v3_Demo/install/sound_play/share/sound_play/hook/ament_prefix_path.dsv'
[0.783s] [34mcolcon.colcon_core.shell[0m [1;30mINFO[0m Creating environment hook '/home/booster/Workspace/Booster_T1_3v3_Demo/install/sound_play/share/sound_play/hook/ament_prefix_path.sh'
[0.786s] [34mcolcon.colcon_core.shell[0m [1;30mINFO[0m Skip shell extension 'powershell' for command environment: Not usable outside of PowerShell
[0.787s] [34mcolcon.colcon_core.shell[0m [1;30mDEBUG[0m [32mSkip shell extension 'dsv' for command environment[0m
[0.824s] [34mcolcon.colcon_core.event_handler.log_command[0m [1;30mDEBUG[0m [32mInvoking command in '/home/booster/Workspace/Booster_T1_3v3_Demo/build/game_controller_interface': /usr/bin/cmake --build /home/booster/Workspace/Booster_T1_3v3_Demo/build/game_controller_interface -- -j5 -l5[0m
[0.861s] [34mcolcon.colcon_core.event_handler.log_command[0m [1;30mDEBUG[0m [32mInvoking command in '/home/booster/Workspace/Booster_T1_3v3_Demo/build/vision_interface': /usr/bin/cmake --build /home/booster/Workspace/Booster_T1_3v3_Demo/build/vision_interface -- -j5 -l5[0m
[0.872s] [34mcolcon.colcon_core.event_handler.log_command[0m [1;30mDEBUG[0m [32mInvoking command in '/home/booster/Workspace/Booster_T1_3v3_Demo/build/booster_interface': /usr/bin/cmake --build /home/booster/Workspace/Booster_T1_3v3_Demo/build/booster_interface -- -j5 -l5[0m
[0.887s] [34mcolcon.colcon_core.event_handler.log_command[0m [1;30mDEBUG[0m [32mInvoking command in '/home/booster/Workspace/Booster_T1_3v3_Demo/build/booster_msgs': /usr/bin/cmake --build /home/booster/Workspace/Booster_T1_3v3_Demo/build/booster_msgs -- -j5 -l5[0m
[1.490s] [34mcolcon.colcon_core.task.python.build[0m [1;30mINFO[0m Building Python package in '/home/booster/Workspace/Booster_T1_3v3_Demo/src/sound_play'
[1.491s] [34mcolcon.colcon_core.shell[0m [1;30mINFO[0m Skip shell extension 'powershell' for command environment: Not usable outside of PowerShell
[1.492s] [34mcolcon.colcon_core.shell[0m [1;30mDEBUG[0m [32mSkip shell extension 'dsv' for command environment[0m
[2.857s] [34mcolcon.colcon_core.event_handler.log_command[0m [1;30mDEBUG[0m [32mInvoking command in '/home/booster/Workspace/Booster_T1_3v3_Demo/build/sound_play': PYTHONPATH=/home/booster/Workspace/Booster_T1_3v3_Demo/build/sound_play/prefix_override:/usr/lib/python3/dist-packages/colcon_core/task/python/colcon_distutils_commands:/home/booster/Workspace/Booster_T1_3v3_Demo/install/sound_play/lib/python3.10/site-packages: /usr/bin/python3 -W ignore:setup.py install is deprecated -W ignore:easy_install command is deprecated setup.py develop --editable --build-directory /home/booster/Workspace/Booster_T1_3v3_Demo/build/sound_play/build --no-deps symlink_data[0m
[3.630s] [34mcolcon.colcon_core.event_handler.log_command[0m [1;30mDEBUG[0m [32mInvoked command in '/home/booster/Workspace/Booster_T1_3v3_Demo/build/game_controller_interface' returned '0': /usr/bin/cmake --build /home/booster/Workspace/Booster_T1_3v3_Demo/build/game_controller_interface -- -j5 -l5[0m
[3.667s] [34mcolcon.colcon_core.event_handler.log_command[0m [1;30mDEBUG[0m [32mInvoking command in '/home/booster/Workspace/Booster_T1_3v3_Demo/build/game_controller_interface': /usr/bin/cmake --install /home/booster/Workspace/Booster_T1_3v3_Demo/build/game_controller_interface[0m
[4.006s] [34mcolcon.colcon_core.shell[0m [1;30mLevel 1[0m create_environment_hook('sound_play', 'pythonpath_develop')
[4.007s] [34mcolcon.colcon_core.event_handler.log_command[0m [1;30mDEBUG[0m [32mInvoked command in '/home/booster/Workspace/Booster_T1_3v3_Demo/build/sound_play' returned '0': PYTHONPATH=/home/booster/Workspace/Booster_T1_3v3_Demo/build/sound_play/prefix_override:/usr/lib/python3/dist-packages/colcon_core/task/python/colcon_distutils_commands:/home/booster/Workspace/Booster_T1_3v3_Demo/install/sound_play/lib/python3.10/site-packages: /usr/bin/python3 -W ignore:setup.py install is deprecated -W ignore:easy_install command is deprecated setup.py develop --editable --build-directory /home/booster/Workspace/Booster_T1_3v3_Demo/build/sound_play/build --no-deps symlink_data[0m
[4.008s] [34mcolcon.colcon_core.shell[0m [1;30mINFO[0m Creating environment hook '/home/booster/Workspace/Booster_T1_3v3_Demo/build/sound_play/share/sound_play/hook/pythonpath_develop.ps1'
[4.012s] [34mcolcon.colcon_core.shell[0m [1;30mINFO[0m Creating environment descriptor '/home/booster/Workspace/Booster_T1_3v3_Demo/build/sound_play/share/sound_play/hook/pythonpath_develop.dsv'
[4.014s] [34mcolcon.colcon_core.shell[0m [1;30mINFO[0m Creating environment hook '/home/booster/Workspace/Booster_T1_3v3_Demo/build/sound_play/share/sound_play/hook/pythonpath_develop.sh'
[4.104s] [34mcolcon.colcon_core.environment[0m [1;30mLevel 1[0m checking '/home/booster/Workspace/Booster_T1_3v3_Demo/install/sound_play' for CMake module files
[4.109s] [34mcolcon.colcon_core.environment[0m [1;30mLevel 1[0m checking '/home/booster/Workspace/Booster_T1_3v3_Demo/install/sound_play' for CMake config files
[4.122s] [34mcolcon.colcon_core.environment[0m [1;30mLevel 1[0m checking '/home/booster/Workspace/Booster_T1_3v3_Demo/install/sound_play/lib'
[4.125s] [34mcolcon.colcon_core.environment[0m [1;30mLevel 1[0m checking '/home/booster/Workspace/Booster_T1_3v3_Demo/install/sound_play/bin'
[4.128s] [34mcolcon.colcon_core.environment[0m [1;30mLevel 1[0m checking '/home/booster/Workspace/Booster_T1_3v3_Demo/install/sound_play/lib/pkgconfig/sound_play.pc'
[4.131s] [34mcolcon.colcon_core.environment[0m [1;30mLevel 1[0m checking '/home/booster/Workspace/Booster_T1_3v3_Demo/install/sound_play/lib/python3.10/site-packages'
[4.131s] [34mcolcon.colcon_core.shell[0m [1;30mLevel 1[0m create_environment_hook('sound_play', 'pythonpath')
[4.133s] [34mcolcon.colcon_core.shell[0m [1;30mINFO[0m Creating environment hook '/home/booster/Workspace/Booster_T1_3v3_Demo/install/sound_play/share/sound_play/hook/pythonpath.ps1'
[4.143s] [34mcolcon.colcon_core.shell[0m [1;30mINFO[0m Creating environment descriptor '/home/booster/Workspace/Booster_T1_3v3_Demo/install/sound_play/share/sound_play/hook/pythonpath.dsv'
[4.164s] [34mcolcon.colcon_core.shell[0m [1;30mINFO[0m Creating environment hook '/home/booster/Workspace/Booster_T1_3v3_Demo/install/sound_play/share/sound_play/hook/pythonpath.sh'
[4.176s] [34mcolcon.colcon_core.environment[0m [1;30mLevel 1[0m checking '/home/booster/Workspace/Booster_T1_3v3_Demo/install/sound_play/bin'
[4.177s] [34mcolcon.colcon_core.environment[0m [1;30mLevel 1[0m create_environment_scripts_only(sound_play)
[4.182s] [34mcolcon.colcon_core.shell[0m [1;30mINFO[0m Creating package script '/home/booster/Workspace/Booster_T1_3v3_Demo/install/sound_play/share/sound_play/package.ps1'
[4.188s] [34mcolcon.colcon_core.shell[0m [1;30mINFO[0m Creating package descriptor '/home/booster/Workspace/Booster_T1_3v3_Demo/install/sound_play/share/sound_play/package.dsv'
[4.195s] [34mcolcon.colcon_core.shell[0m [1;30mINFO[0m Creating package script '/home/booster/Workspace/Booster_T1_3v3_Demo/install/sound_play/share/sound_play/package.sh'
[4.200s] [34mcolcon.colcon_core.shell[0m [1;30mINFO[0m Creating package script '/home/booster/Workspace/Booster_T1_3v3_Demo/install/sound_play/share/sound_play/package.bash'
[4.203s] [34mcolcon.colcon_core.shell[0m [1;30mINFO[0m Creating package script '/home/booster/Workspace/Booster_T1_3v3_Demo/install/sound_play/share/sound_play/package.zsh'
[4.205s] [34mcolcon.colcon_core.environment[0m [1;30mLevel 1[0m create_file_with_runtime_dependencies(/home/booster/Workspace/Booster_T1_3v3_Demo/install/sound_play/share/colcon-core/packages/sound_play)
[4.211s] [34mcolcon.colcon_core.event_handler.log_command[0m [1;30mDEBUG[0m [32mInvoked command in '/home/booster/Workspace/Booster_T1_3v3_Demo/build/vision_interface' returned '0': /usr/bin/cmake --build /home/booster/Workspace/Booster_T1_3v3_Demo/build/vision_interface -- -j5 -l5[0m
[4.214s] [34mcolcon.colcon_core.event_handler.log_command[0m [1;30mDEBUG[0m [32mInvoking command in '/home/booster/Workspace/Booster_T1_3v3_Demo/build/vision_interface': /usr/bin/cmake --install /home/booster/Workspace/Booster_T1_3v3_Demo/build/vision_interface[0m
[4.266s] [34mcolcon.colcon_core.environment[0m [1;30mLevel 1[0m create_environment_scripts_only(game_controller_interface)
[4.267s] [34mcolcon.colcon_core.environment[0m [1;30mLevel 1[0m checking '/home/booster/Workspace/Booster_T1_3v3_Demo/install/game_controller_interface' for CMake module files
[4.268s] [34mcolcon.colcon_core.environment[0m [1;30mLevel 1[0m checking '/home/booster/Workspace/Booster_T1_3v3_Demo/install/game_controller_interface' for CMake config files
[4.270s] [34mcolcon.colcon_core.event_handler.log_command[0m [1;30mDEBUG[0m [32mInvoked command in '/home/booster/Workspace/Booster_T1_3v3_Demo/build/game_controller_interface' returned '0': /usr/bin/cmake --install /home/booster/Workspace/Booster_T1_3v3_Demo/build/game_controller_interface[0m
[4.271s] [34mcolcon.colcon_core.shell[0m [1;30mLevel 1[0m create_environment_hook('game_controller_interface', 'cmake_prefix_path')
[4.272s] [34mcolcon.colcon_core.shell[0m [1;30mINFO[0m Creating environment hook '/home/booster/Workspace/Booster_T1_3v3_Demo/install/game_controller_interface/share/game_controller_interface/hook/cmake_prefix_path.ps1'
[4.273s] [34mcolcon.colcon_core.shell[0m [1;30mINFO[0m Creating environment descriptor '/home/booster/Workspace/Booster_T1_3v3_Demo/install/game_controller_interface/share/game_controller_interface/hook/cmake_prefix_path.dsv'
[4.275s] [34mcolcon.colcon_core.shell[0m [1;30mINFO[0m Creating environment hook '/home/booster/Workspace/Booster_T1_3v3_Demo/install/game_controller_interface/share/game_controller_interface/hook/cmake_prefix_path.sh'
[4.278s] [34mcolcon.colcon_core.environment[0m [1;30mLevel 1[0m checking '/home/booster/Workspace/Booster_T1_3v3_Demo/install/game_controller_interface/lib'
[4.278s] [34mcolcon.colcon_core.shell[0m [1;30mLevel 1[0m create_environment_hook('game_controller_interface', 'ld_library_path_lib')
[4.278s] [34mcolcon.colcon_core.shell[0m [1;30mINFO[0m Creating environment hook '/home/booster/Workspace/Booster_T1_3v3_Demo/install/game_controller_interface/share/game_controller_interface/hook/ld_library_path_lib.ps1'
[4.280s] [34mcolcon.colcon_core.shell[0m [1;30mINFO[0m Creating environment descriptor '/home/booster/Workspace/Booster_T1_3v3_Demo/install/game_controller_interface/share/game_controller_interface/hook/ld_library_path_lib.dsv'
[4.281s] [34mcolcon.colcon_core.shell[0m [1;30mINFO[0m Creating environment hook '/home/booster/Workspace/Booster_T1_3v3_Demo/install/game_controller_interface/share/game_controller_interface/hook/ld_library_path_lib.sh'
[4.282s] [34mcolcon.colcon_core.environment[0m [1;30mLevel 1[0m checking '/home/booster/Workspace/Booster_T1_3v3_Demo/install/game_controller_interface/bin'
[4.283s] [34mcolcon.colcon_core.environment[0m [1;30mLevel 1[0m checking '/home/booster/Workspace/Booster_T1_3v3_Demo/install/game_controller_interface/lib/pkgconfig/game_controller_interface.pc'
[4.283s] [34mcolcon.colcon_core.environment[0m [1;30mLevel 1[0m checking '/home/booster/Workspace/Booster_T1_3v3_Demo/install/game_controller_interface/lib/python3.10/site-packages'
[4.284s] [34mcolcon.colcon_core.environment[0m [1;30mLevel 1[0m checking '/home/booster/Workspace/Booster_T1_3v3_Demo/install/game_controller_interface/bin'
[4.285s] [34mcolcon.colcon_core.shell[0m [1;30mINFO[0m Creating package script '/home/booster/Workspace/Booster_T1_3v3_Demo/install/game_controller_interface/share/game_controller_interface/package.ps1'
[4.287s] [34mcolcon.colcon_core.shell[0m [1;30mINFO[0m Creating package descriptor '/home/booster/Workspace/Booster_T1_3v3_Demo/install/game_controller_interface/share/game_controller_interface/package.dsv'
[4.288s] [34mcolcon.colcon_core.shell[0m [1;30mINFO[0m Creating package script '/home/booster/Workspace/Booster_T1_3v3_Demo/install/game_controller_interface/share/game_controller_interface/package.sh'
[4.290s] [34mcolcon.colcon_core.shell[0m [1;30mINFO[0m Creating package script '/home/booster/Workspace/Booster_T1_3v3_Demo/install/game_controller_interface/share/game_controller_interface/package.bash'
[4.291s] [34mcolcon.colcon_core.shell[0m [1;30mINFO[0m Creating package script '/home/booster/Workspace/Booster_T1_3v3_Demo/install/game_controller_interface/share/game_controller_interface/package.zsh'
[4.293s] [34mcolcon.colcon_core.environment[0m [1;30mLevel 1[0m create_file_with_runtime_dependencies(/home/booster/Workspace/Booster_T1_3v3_Demo/install/game_controller_interface/share/colcon-core/packages/game_controller_interface)
[4.319s] [34mcolcon.colcon_core.environment[0m [1;30mLevel 1[0m create_environment_scripts_only(game_controller_interface)
[4.320s] [34mcolcon.colcon_core.environment[0m [1;30mLevel 1[0m checking '/home/booster/Workspace/Booster_T1_3v3_Demo/install/game_controller_interface' for CMake module files
[4.350s] [34mcolcon.colcon_core.environment[0m [1;30mLevel 1[0m checking '/home/booster/Workspace/Booster_T1_3v3_Demo/install/game_controller_interface' for CMake config files
[4.355s] [34mcolcon.colcon_core.shell[0m [1;30mLevel 1[0m create_environment_hook('game_controller_interface', 'cmake_prefix_path')
[4.357s] [34mcolcon.colcon_core.shell[0m [1;30mINFO[0m Creating environment hook '/home/booster/Workspace/Booster_T1_3v3_Demo/install/game_controller_interface/share/game_controller_interface/hook/cmake_prefix_path.ps1'
[4.363s] [34mcolcon.colcon_core.shell[0m [1;30mINFO[0m Creating environment descriptor '/home/booster/Workspace/Booster_T1_3v3_Demo/install/game_controller_interface/share/game_controller_interface/hook/cmake_prefix_path.dsv'
[4.364s] [34mcolcon.colcon_core.shell[0m [1;30mINFO[0m Creating environment hook '/home/booster/Workspace/Booster_T1_3v3_Demo/install/game_controller_interface/share/game_controller_interface/hook/cmake_prefix_path.sh'
[4.366s] [34mcolcon.colcon_core.environment[0m [1;30mLevel 1[0m checking '/home/booster/Workspace/Booster_T1_3v3_Demo/install/game_controller_interface/lib'
[4.366s] [34mcolcon.colcon_core.shell[0m [1;30mLevel 1[0m create_environment_hook('game_controller_interface', 'ld_library_path_lib')
[4.366s] [34mcolcon.colcon_core.shell[0m [1;30mINFO[0m Creating environment hook '/home/booster/Workspace/Booster_T1_3v3_Demo/install/game_controller_interface/share/game_controller_interface/hook/ld_library_path_lib.ps1'
[4.367s] [34mcolcon.colcon_core.shell[0m [1;30mINFO[0m Creating environment descriptor '/home/booster/Workspace/Booster_T1_3v3_Demo/install/game_controller_interface/share/game_controller_interface/hook/ld_library_path_lib.dsv'
[4.378s] [34mcolcon.colcon_core.shell[0m [1;30mINFO[0m Creating environment hook '/home/booster/Workspace/Booster_T1_3v3_Demo/install/game_controller_interface/share/game_controller_interface/hook/ld_library_path_lib.sh'
[4.379s] [34mcolcon.colcon_core.environment[0m [1;30mLevel 1[0m checking '/home/booster/Workspace/Booster_T1_3v3_Demo/install/game_controller_interface/bin'
[4.386s] [34mcolcon.colcon_core.environment[0m [1;30mLevel 1[0m checking '/home/booster/Workspace/Booster_T1_3v3_Demo/install/game_controller_interface/lib/pkgconfig/game_controller_interface.pc'
[4.388s] [34mcolcon.colcon_core.environment[0m [1;30mLevel 1[0m checking '/home/booster/Workspace/Booster_T1_3v3_Demo/install/game_controller_interface/lib/python3.10/site-packages'
[4.388s] [34mcolcon.colcon_core.environment[0m [1;30mLevel 1[0m checking '/home/booster/Workspace/Booster_T1_3v3_Demo/install/game_controller_interface/bin'
[4.390s] [34mcolcon.colcon_core.shell[0m [1;30mINFO[0m Creating package script '/home/booster/Workspace/Booster_T1_3v3_Demo/install/game_controller_interface/share/game_controller_interface/package.ps1'
[4.400s] [34mcolcon.colcon_core.shell[0m [1;30mINFO[0m Creating package descriptor '/home/booster/Workspace/Booster_T1_3v3_Demo/install/game_controller_interface/share/game_controller_interface/package.dsv'
[4.411s] [34mcolcon.colcon_core.shell[0m [1;30mINFO[0m Creating package script '/home/booster/Workspace/Booster_T1_3v3_Demo/install/game_controller_interface/share/game_controller_interface/package.sh'
[4.442s] [34mcolcon.colcon_core.shell[0m [1;30mINFO[0m Creating package script '/home/booster/Workspace/Booster_T1_3v3_Demo/install/game_controller_interface/share/game_controller_interface/package.bash'
[4.459s] [34mcolcon.colcon_core.shell[0m [1;30mINFO[0m Creating package script '/home/booster/Workspace/Booster_T1_3v3_Demo/install/game_controller_interface/share/game_controller_interface/package.zsh'
[4.461s] [34mcolcon.colcon_core.environment[0m [1;30mLevel 1[0m create_file_with_runtime_dependencies(/home/booster/Workspace/Booster_T1_3v3_Demo/install/game_controller_interface/share/colcon-core/packages/game_controller_interface)
[4.495s] [34mcolcon.colcon_core.event_handler.log_command[0m [1;30mDEBUG[0m [32mInvoked command in '/home/booster/Workspace/Booster_T1_3v3_Demo/build/booster_msgs' returned '0': /usr/bin/cmake --build /home/booster/Workspace/Booster_T1_3v3_Demo/build/booster_msgs -- -j5 -l5[0m
[4.496s] [34mcolcon.colcon_core.event_handler.log_command[0m [1;30mDEBUG[0m [32mInvoking command in '/home/booster/Workspace/Booster_T1_3v3_Demo/build/booster_msgs': /usr/bin/cmake --install /home/booster/Workspace/Booster_T1_3v3_Demo/build/booster_msgs[0m
[4.499s] [34mcolcon.colcon_ros.task.ament_cmake.build[0m [1;30mINFO[0m Building ROS package in '/home/booster/Workspace/Booster_T1_3v3_Demo/src/game_controller' with build type 'ament_cmake'
[4.499s] [34mcolcon.colcon_cmake.task.cmake.build[0m [1;30mINFO[0m Building CMake package in '/home/booster/Workspace/Booster_T1_3v3_Demo/src/game_controller'
[4.500s] [34mcolcon.colcon_core.shell[0m [1;30mINFO[0m Skip shell extension 'powershell' for command environment: Not usable outside of PowerShell
[4.500s] [34mcolcon.colcon_core.shell[0m [1;30mDEBUG[0m [32mSkip shell extension 'dsv' for command environment[0m
[4.702s] [34mcolcon.colcon_core.event_handler.log_command[0m [1;30mDEBUG[0m [32mInvoked command in '/home/booster/Workspace/Booster_T1_3v3_Demo/build/booster_interface' returned '0': /usr/bin/cmake --build /home/booster/Workspace/Booster_T1_3v3_Demo/build/booster_interface -- -j5 -l5[0m
[4.708s] [34mcolcon.colcon_core.event_handler.log_command[0m [1;30mDEBUG[0m [32mInvoking command in '/home/booster/Workspace/Booster_T1_3v3_Demo/build/booster_interface': /usr/bin/cmake --install /home/booster/Workspace/Booster_T1_3v3_Demo/build/booster_interface[0m
[4.723s] [34mcolcon.colcon_core.event_handler.log_command[0m [1;30mDEBUG[0m [32mInvoking command in '/home/booster/Workspace/Booster_T1_3v3_Demo/build/game_controller': AMENT_PREFIX_PATH=/home/booster/Workspace/Booster_T1_3v3_Demo/install/game_controller_interface CMAKE_PREFIX_PATH=/home/booster/Workspace/Booster_T1_3v3_Demo/install/game_controller_interface LD_LIBRARY_PATH=/home/booster/Workspace/Booster_T1_3v3_Demo/install/game_controller_interface/lib PYTHONPATH=/home/booster/Workspace/Booster_T1_3v3_Demo/install/game_controller_interface/local/lib/python3.10/dist-packages /usr/bin/cmake --build /home/booster/Workspace/Booster_T1_3v3_Demo/build/game_controller -- -j5 -l5[0m
[4.747s] [34mcolcon.colcon_core.environment[0m [1;30mLevel 1[0m create_environment_scripts_only(vision_interface)
[4.748s] [34mcolcon.colcon_core.environment[0m [1;30mLevel 1[0m checking '/home/booster/Workspace/Booster_T1_3v3_Demo/install/vision_interface' for CMake module files
[4.750s] [34mcolcon.colcon_core.environment[0m [1;30mLevel 1[0m checking '/home/booster/Workspace/Booster_T1_3v3_Demo/install/vision_interface' for CMake config files
[4.754s] [34mcolcon.colcon_core.shell[0m [1;30mLevel 1[0m create_environment_hook('vision_interface', 'cmake_prefix_path')
[4.755s] [34mcolcon.colcon_core.shell[0m [1;30mINFO[0m Creating environment hook '/home/booster/Workspace/Booster_T1_3v3_Demo/install/vision_interface/share/vision_interface/hook/cmake_prefix_path.ps1'
[4.758s] [34mcolcon.colcon_core.shell[0m [1;30mINFO[0m Creating environment descriptor '/home/booster/Workspace/Booster_T1_3v3_Demo/install/vision_interface/share/vision_interface/hook/cmake_prefix_path.dsv'
[4.767s] [34mcolcon.colcon_core.shell[0m [1;30mINFO[0m Creating environment hook '/home/booster/Workspace/Booster_T1_3v3_Demo/install/vision_interface/share/vision_interface/hook/cmake_prefix_path.sh'
[4.771s] [34mcolcon.colcon_core.environment[0m [1;30mLevel 1[0m checking '/home/booster/Workspace/Booster_T1_3v3_Demo/install/vision_interface/lib'
[4.774s] [34mcolcon.colcon_core.shell[0m [1;30mLevel 1[0m create_environment_hook('vision_interface', 'ld_library_path_lib')
[4.776s] [34mcolcon.colcon_core.shell[0m [1;30mINFO[0m Creating environment hook '/home/booster/Workspace/Booster_T1_3v3_Demo/install/vision_interface/share/vision_interface/hook/ld_library_path_lib.ps1'
[4.778s] [34mcolcon.colcon_core.shell[0m [1;30mINFO[0m Creating environment descriptor '/home/booster/Workspace/Booster_T1_3v3_Demo/install/vision_interface/share/vision_interface/hook/ld_library_path_lib.dsv'
[4.780s] [34mcolcon.colcon_core.shell[0m [1;30mINFO[0m Creating environment hook '/home/booster/Workspace/Booster_T1_3v3_Demo/install/vision_interface/share/vision_interface/hook/ld_library_path_lib.sh'
[4.790s] [34mcolcon.colcon_core.environment[0m [1;30mLevel 1[0m checking '/home/booster/Workspace/Booster_T1_3v3_Demo/install/vision_interface/bin'
[4.790s] [34mcolcon.colcon_core.environment[0m [1;30mLevel 1[0m checking '/home/booster/Workspace/Booster_T1_3v3_Demo/install/vision_interface/lib/pkgconfig/vision_interface.pc'
[4.791s] [34mcolcon.colcon_core.environment[0m [1;30mLevel 1[0m checking '/home/booster/Workspace/Booster_T1_3v3_Demo/install/vision_interface/lib/python3.10/site-packages'
[4.791s] [34mcolcon.colcon_core.environment[0m [1;30mLevel 1[0m checking '/home/booster/Workspace/Booster_T1_3v3_Demo/install/vision_interface/bin'
[4.792s] [34mcolcon.colcon_core.shell[0m [1;30mINFO[0m Creating package script '/home/booster/Workspace/Booster_T1_3v3_Demo/install/vision_interface/share/vision_interface/package.ps1'
[4.799s] [34mcolcon.colcon_core.shell[0m [1;30mINFO[0m Creating package descriptor '/home/booster/Workspace/Booster_T1_3v3_Demo/install/vision_interface/share/vision_interface/package.dsv'
[4.801s] [34mcolcon.colcon_core.shell[0m [1;30mINFO[0m Creating package script '/home/booster/Workspace/Booster_T1_3v3_Demo/install/vision_interface/share/vision_interface/package.sh'
[4.803s] [34mcolcon.colcon_core.shell[0m [1;30mINFO[0m Creating package script '/home/booster/Workspace/Booster_T1_3v3_Demo/install/vision_interface/share/vision_interface/package.bash'
[4.807s] [34mcolcon.colcon_core.shell[0m [1;30mINFO[0m Creating package script '/home/booster/Workspace/Booster_T1_3v3_Demo/install/vision_interface/share/vision_interface/package.zsh'
[4.816s] [34mcolcon.colcon_core.environment[0m [1;30mLevel 1[0m create_file_with_runtime_dependencies(/home/booster/Workspace/Booster_T1_3v3_Demo/install/vision_interface/share/colcon-core/packages/vision_interface)
[4.827s] [34mcolcon.colcon_core.environment[0m [1;30mLevel 1[0m create_environment_scripts_only(vision_interface)
[4.828s] [34mcolcon.colcon_core.environment[0m [1;30mLevel 1[0m checking '/home/booster/Workspace/Booster_T1_3v3_Demo/install/vision_interface' for CMake module files
[4.835s] [34mcolcon.colcon_core.environment[0m [1;30mLevel 1[0m checking '/home/booster/Workspace/Booster_T1_3v3_Demo/install/vision_interface' for CMake config files
[4.855s] [34mcolcon.colcon_core.shell[0m [1;30mLevel 1[0m create_environment_hook('vision_interface', 'cmake_prefix_path')
[4.858s] [34mcolcon.colcon_core.shell[0m [1;30mINFO[0m Creating environment hook '/home/booster/Workspace/Booster_T1_3v3_Demo/install/vision_interface/share/vision_interface/hook/cmake_prefix_path.ps1'
[4.862s] [34mcolcon.colcon_core.shell[0m [1;30mINFO[0m Creating environment descriptor '/home/booster/Workspace/Booster_T1_3v3_Demo/install/vision_interface/share/vision_interface/hook/cmake_prefix_path.dsv'
[4.866s] [34mcolcon.colcon_core.shell[0m [1;30mINFO[0m Creating environment hook '/home/booster/Workspace/Booster_T1_3v3_Demo/install/vision_interface/share/vision_interface/hook/cmake_prefix_path.sh'
[4.868s] [34mcolcon.colcon_core.environment[0m [1;30mLevel 1[0m checking '/home/booster/Workspace/Booster_T1_3v3_Demo/install/vision_interface/lib'
[4.868s] [34mcolcon.colcon_core.shell[0m [1;30mLevel 1[0m create_environment_hook('vision_interface', 'ld_library_path_lib')
[4.869s] [34mcolcon.colcon_core.shell[0m [1;30mINFO[0m Creating environment hook '/home/booster/Workspace/Booster_T1_3v3_Demo/install/vision_interface/share/vision_interface/hook/ld_library_path_lib.ps1'
[4.870s] [34mcolcon.colcon_core.shell[0m [1;30mINFO[0m Creating environment descriptor '/home/booster/Workspace/Booster_T1_3v3_Demo/install/vision_interface/share/vision_interface/hook/ld_library_path_lib.dsv'
[4.872s] [34mcolcon.colcon_core.shell[0m [1;30mINFO[0m Creating environment hook '/home/booster/Workspace/Booster_T1_3v3_Demo/install/vision_interface/share/vision_interface/hook/ld_library_path_lib.sh'
[4.874s] [34mcolcon.colcon_core.environment[0m [1;30mLevel 1[0m checking '/home/booster/Workspace/Booster_T1_3v3_Demo/install/vision_interface/bin'
[4.874s] [34mcolcon.colcon_core.environment[0m [1;30mLevel 1[0m checking '/home/booster/Workspace/Booster_T1_3v3_Demo/install/vision_interface/lib/pkgconfig/vision_interface.pc'
[4.878s] [34mcolcon.colcon_core.environment[0m [1;30mLevel 1[0m checking '/home/booster/Workspace/Booster_T1_3v3_Demo/install/vision_interface/lib/python3.10/site-packages'
[4.901s] [34mcolcon.colcon_core.event_handler.log_command[0m [1;30mDEBUG[0m [32mInvoked command in '/home/booster/Workspace/Booster_T1_3v3_Demo/build/vision_interface' returned '0': /usr/bin/cmake --install /home/booster/Workspace/Booster_T1_3v3_Demo/build/vision_interface[0m
[4.908s] [34mcolcon.colcon_core.environment[0m [1;30mLevel 1[0m checking '/home/booster/Workspace/Booster_T1_3v3_Demo/install/vision_interface/bin'
[4.911s] [34mcolcon.colcon_core.shell[0m [1;30mINFO[0m Creating package script '/home/booster/Workspace/Booster_T1_3v3_Demo/install/vision_interface/share/vision_interface/package.ps1'
[4.916s] [34mcolcon.colcon_core.shell[0m [1;30mINFO[0m Creating package descriptor '/home/booster/Workspace/Booster_T1_3v3_Demo/install/vision_interface/share/vision_interface/package.dsv'
[4.927s] [34mcolcon.colcon_core.shell[0m [1;30mINFO[0m Creating package script '/home/booster/Workspace/Booster_T1_3v3_Demo/install/vision_interface/share/vision_interface/package.sh'
[4.933s] [34mcolcon.colcon_core.shell[0m [1;30mINFO[0m Creating package script '/home/booster/Workspace/Booster_T1_3v3_Demo/install/vision_interface/share/vision_interface/package.bash'
[4.936s] [34mcolcon.colcon_core.shell[0m [1;30mINFO[0m Creating package script '/home/booster/Workspace/Booster_T1_3v3_Demo/install/vision_interface/share/vision_interface/package.zsh'
[4.943s] [34mcolcon.colcon_core.environment[0m [1;30mLevel 1[0m create_file_with_runtime_dependencies(/home/booster/Workspace/Booster_T1_3v3_Demo/install/vision_interface/share/colcon-core/packages/vision_interface)
[4.944s] [34mcolcon.colcon_ros.task.ament_cmake.build[0m [1;30mINFO[0m Building ROS package in '/home/booster/Workspace/Booster_T1_3v3_Demo/src/vision' with build type 'ament_cmake'
[4.945s] [34mcolcon.colcon_cmake.task.cmake.build[0m [1;30mINFO[0m Building CMake package in '/home/booster/Workspace/Booster_T1_3v3_Demo/src/vision'
[4.945s] [34mcolcon.colcon_core.shell[0m [1;30mINFO[0m Skip shell extension 'powershell' for command environment: Not usable outside of PowerShell
[4.945s] [34mcolcon.colcon_core.shell[0m [1;30mDEBUG[0m [32mSkip shell extension 'dsv' for command environment[0m
[4.979s] [34mcolcon.colcon_core.environment[0m [1;30mLevel 1[0m create_environment_scripts_only(booster_msgs)
[4.980s] [34mcolcon.colcon_core.environment[0m [1;30mLevel 1[0m checking '/home/booster/Workspace/Booster_T1_3v3_Demo/install/booster_msgs' for CMake module files
[4.981s] [34mcolcon.colcon_core.environment[0m [1;30mLevel 1[0m checking '/home/booster/Workspace/Booster_T1_3v3_Demo/install/booster_msgs' for CMake config files
[4.984s] [34mcolcon.colcon_core.shell[0m [1;30mLevel 1[0m create_environment_hook('booster_msgs', 'cmake_prefix_path')
[4.985s] [34mcolcon.colcon_core.event_handler.log_command[0m [1;30mDEBUG[0m [32mInvoked command in '/home/booster/Workspace/Booster_T1_3v3_Demo/build/booster_msgs' returned '0': /usr/bin/cmake --install /home/booster/Workspace/Booster_T1_3v3_Demo/build/booster_msgs[0m
[4.986s] [34mcolcon.colcon_core.shell[0m [1;30mINFO[0m Creating environment hook '/home/booster/Workspace/Booster_T1_3v3_Demo/install/booster_msgs/share/booster_msgs/hook/cmake_prefix_path.ps1'
[4.989s] [34mcolcon.colcon_core.shell[0m [1;30mINFO[0m Creating environment descriptor '/home/booster/Workspace/Booster_T1_3v3_Demo/install/booster_msgs/share/booster_msgs/hook/cmake_prefix_path.dsv'
[4.991s] [34mcolcon.colcon_core.shell[0m [1;30mINFO[0m Creating environment hook '/home/booster/Workspace/Booster_T1_3v3_Demo/install/booster_msgs/share/booster_msgs/hook/cmake_prefix_path.sh'
[4.993s] [34mcolcon.colcon_core.environment[0m [1;30mLevel 1[0m checking '/home/booster/Workspace/Booster_T1_3v3_Demo/install/booster_msgs/lib'
[4.993s] [34mcolcon.colcon_core.shell[0m [1;30mLevel 1[0m create_environment_hook('booster_msgs', 'ld_library_path_lib')
[4.994s] [34mcolcon.colcon_core.shell[0m [1;30mINFO[0m Creating environment hook '/home/booster/Workspace/Booster_T1_3v3_Demo/install/booster_msgs/share/booster_msgs/hook/ld_library_path_lib.ps1'
[4.996s] [34mcolcon.colcon_core.shell[0m [1;30mINFO[0m Creating environment descriptor '/home/booster/Workspace/Booster_T1_3v3_Demo/install/booster_msgs/share/booster_msgs/hook/ld_library_path_lib.dsv'
[4.998s] [34mcolcon.colcon_core.shell[0m [1;30mINFO[0m Creating environment hook '/home/booster/Workspace/Booster_T1_3v3_Demo/install/booster_msgs/share/booster_msgs/hook/ld_library_path_lib.sh'
[4.999s] [34mcolcon.colcon_core.environment[0m [1;30mLevel 1[0m checking '/home/booster/Workspace/Booster_T1_3v3_Demo/install/booster_msgs/bin'
[5.009s] [34mcolcon.colcon_core.environment[0m [1;30mLevel 1[0m checking '/home/booster/Workspace/Booster_T1_3v3_Demo/install/booster_msgs/lib/pkgconfig/booster_msgs.pc'
[5.010s] [34mcolcon.colcon_core.environment[0m [1;30mLevel 1[0m checking '/home/booster/Workspace/Booster_T1_3v3_Demo/install/booster_msgs/lib/python3.10/site-packages'
[5.011s] [34mcolcon.colcon_core.environment[0m [1;30mLevel 1[0m checking '/home/booster/Workspace/Booster_T1_3v3_Demo/install/booster_msgs/bin'
[5.031s] [34mcolcon.colcon_core.shell[0m [1;30mINFO[0m Creating package script '/home/booster/Workspace/Booster_T1_3v3_Demo/install/booster_msgs/share/booster_msgs/package.ps1'
[5.038s] [34mcolcon.colcon_core.shell[0m [1;30mINFO[0m Creating package descriptor '/home/booster/Workspace/Booster_T1_3v3_Demo/install/booster_msgs/share/booster_msgs/package.dsv'
[5.045s] [34mcolcon.colcon_core.shell[0m [1;30mINFO[0m Creating package script '/home/booster/Workspace/Booster_T1_3v3_Demo/install/booster_msgs/share/booster_msgs/package.sh'
[5.051s] [34mcolcon.colcon_core.shell[0m [1;30mINFO[0m Creating package script '/home/booster/Workspace/Booster_T1_3v3_Demo/install/booster_msgs/share/booster_msgs/package.bash'
[5.057s] [34mcolcon.colcon_core.shell[0m [1;30mINFO[0m Creating package script '/home/booster/Workspace/Booster_T1_3v3_Demo/install/booster_msgs/share/booster_msgs/package.zsh'
[5.062s] [34mcolcon.colcon_core.environment[0m [1;30mLevel 1[0m create_file_with_runtime_dependencies(/home/booster/Workspace/Booster_T1_3v3_Demo/install/booster_msgs/share/colcon-core/packages/booster_msgs)
[5.067s] [34mcolcon.colcon_core.environment[0m [1;30mLevel 1[0m create_environment_scripts_only(booster_msgs)
[5.067s] [34mcolcon.colcon_core.environment[0m [1;30mLevel 1[0m checking '/home/booster/Workspace/Booster_T1_3v3_Demo/install/booster_msgs' for CMake module files
[5.069s] [34mcolcon.colcon_core.environment[0m [1;30mLevel 1[0m checking '/home/booster/Workspace/Booster_T1_3v3_Demo/install/booster_msgs' for CMake config files
[5.070s] [34mcolcon.colcon_core.shell[0m [1;30mLevel 1[0m create_environment_hook('booster_msgs', 'cmake_prefix_path')
[5.071s] [34mcolcon.colcon_core.shell[0m [1;30mINFO[0m Creating environment hook '/home/booster/Workspace/Booster_T1_3v3_Demo/install/booster_msgs/share/booster_msgs/hook/cmake_prefix_path.ps1'
[5.072s] [34mcolcon.colcon_core.shell[0m [1;30mINFO[0m Creating environment descriptor '/home/booster/Workspace/Booster_T1_3v3_Demo/install/booster_msgs/share/booster_msgs/hook/cmake_prefix_path.dsv'
[5.073s] [34mcolcon.colcon_core.shell[0m [1;30mINFO[0m Creating environment hook '/home/booster/Workspace/Booster_T1_3v3_Demo/install/booster_msgs/share/booster_msgs/hook/cmake_prefix_path.sh'
[5.095s] [34mcolcon.colcon_core.environment[0m [1;30mLevel 1[0m checking '/home/booster/Workspace/Booster_T1_3v3_Demo/install/booster_msgs/lib'
[5.097s] [34mcolcon.colcon_core.shell[0m [1;30mLevel 1[0m create_environment_hook('booster_msgs', 'ld_library_path_lib')
[5.098s] [34mcolcon.colcon_core.shell[0m [1;30mINFO[0m Creating environment hook '/home/booster/Workspace/Booster_T1_3v3_Demo/install/booster_msgs/share/booster_msgs/hook/ld_library_path_lib.ps1'
[5.100s] [34mcolcon.colcon_core.shell[0m [1;30mINFO[0m Creating environment descriptor '/home/booster/Workspace/Booster_T1_3v3_Demo/install/booster_msgs/share/booster_msgs/hook/ld_library_path_lib.dsv'
[5.104s] [34mcolcon.colcon_core.shell[0m [1;30mINFO[0m Creating environment hook '/home/booster/Workspace/Booster_T1_3v3_Demo/install/booster_msgs/share/booster_msgs/hook/ld_library_path_lib.sh'
[5.105s] [34mcolcon.colcon_core.environment[0m [1;30mLevel 1[0m checking '/home/booster/Workspace/Booster_T1_3v3_Demo/install/booster_msgs/bin'
[5.105s] [34mcolcon.colcon_core.environment[0m [1;30mLevel 1[0m checking '/home/booster/Workspace/Booster_T1_3v3_Demo/install/booster_msgs/lib/pkgconfig/booster_msgs.pc'
[5.106s] [34mcolcon.colcon_core.environment[0m [1;30mLevel 1[0m checking '/home/booster/Workspace/Booster_T1_3v3_Demo/install/booster_msgs/lib/python3.10/site-packages'
[5.106s] [34mcolcon.colcon_core.environment[0m [1;30mLevel 1[0m checking '/home/booster/Workspace/Booster_T1_3v3_Demo/install/booster_msgs/bin'
[5.107s] [34mcolcon.colcon_core.shell[0m [1;30mINFO[0m Creating package script '/home/booster/Workspace/Booster_T1_3v3_Demo/install/booster_msgs/share/booster_msgs/package.ps1'
[5.108s] [34mcolcon.colcon_core.shell[0m [1;30mINFO[0m Creating package descriptor '/home/booster/Workspace/Booster_T1_3v3_Demo/install/booster_msgs/share/booster_msgs/package.dsv'
[5.110s] [34mcolcon.colcon_core.shell[0m [1;30mINFO[0m Creating package script '/home/booster/Workspace/Booster_T1_3v3_Demo/install/booster_msgs/share/booster_msgs/package.sh'
[5.112s] [34mcolcon.colcon_core.shell[0m [1;30mINFO[0m Creating package script '/home/booster/Workspace/Booster_T1_3v3_Demo/install/booster_msgs/share/booster_msgs/package.bash'
[5.113s] [34mcolcon.colcon_core.shell[0m [1;30mINFO[0m Creating package script '/home/booster/Workspace/Booster_T1_3v3_Demo/install/booster_msgs/share/booster_msgs/package.zsh'
[5.116s] [34mcolcon.colcon_core.environment[0m [1;30mLevel 1[0m create_file_with_runtime_dependencies(/home/booster/Workspace/Booster_T1_3v3_Demo/install/booster_msgs/share/colcon-core/packages/booster_msgs)
[5.163s] [34mcolcon.colcon_core.environment[0m [1;30mLevel 1[0m create_environment_scripts_only(booster_interface)
[5.164s] [34mcolcon.colcon_core.event_handler.log_command[0m [1;30mDEBUG[0m [32mInvoked command in '/home/booster/Workspace/Booster_T1_3v3_Demo/build/booster_interface' returned '0': /usr/bin/cmake --install /home/booster/Workspace/Booster_T1_3v3_Demo/build/booster_interface[0m
[5.164s] [34mcolcon.colcon_core.environment[0m [1;30mLevel 1[0m checking '/home/booster/Workspace/Booster_T1_3v3_Demo/install/booster_interface' for CMake module files
[5.168s] [34mcolcon.colcon_core.environment[0m [1;30mLevel 1[0m checking '/home/booster/Workspace/Booster_T1_3v3_Demo/install/booster_interface' for CMake config files
[5.179s] [34mcolcon.colcon_core.shell[0m [1;30mLevel 1[0m create_environment_hook('booster_interface', 'cmake_prefix_path')
[5.181s] [34mcolcon.colcon_core.shell[0m [1;30mINFO[0m Creating environment hook '/home/booster/Workspace/Booster_T1_3v3_Demo/install/booster_interface/share/booster_interface/hook/cmake_prefix_path.ps1'
[5.185s] [34mcolcon.colcon_core.shell[0m [1;30mINFO[0m Creating environment descriptor '/home/booster/Workspace/Booster_T1_3v3_Demo/install/booster_interface/share/booster_interface/hook/cmake_prefix_path.dsv'
[5.189s] [34mcolcon.colcon_core.shell[0m [1;30mINFO[0m Creating environment hook '/home/booster/Workspace/Booster_T1_3v3_Demo/install/booster_interface/share/booster_interface/hook/cmake_prefix_path.sh'
[5.193s] [34mcolcon.colcon_core.environment[0m [1;30mLevel 1[0m checking '/home/booster/Workspace/Booster_T1_3v3_Demo/install/booster_interface/lib'
[5.195s] [34mcolcon.colcon_core.shell[0m [1;30mLevel 1[0m create_environment_hook('booster_interface', 'ld_library_path_lib')
[5.197s] [34mcolcon.colcon_core.shell[0m [1;30mINFO[0m Creating environment hook '/home/booster/Workspace/Booster_T1_3v3_Demo/install/booster_interface/share/booster_interface/hook/ld_library_path_lib.ps1'
[5.200s] [34mcolcon.colcon_core.shell[0m [1;30mINFO[0m Creating environment descriptor '/home/booster/Workspace/Booster_T1_3v3_Demo/install/booster_interface/share/booster_interface/hook/ld_library_path_lib.dsv'
[5.202s] [34mcolcon.colcon_core.shell[0m [1;30mINFO[0m Creating environment hook '/home/booster/Workspace/Booster_T1_3v3_Demo/install/booster_interface/share/booster_interface/hook/ld_library_path_lib.sh'
[5.204s] [34mcolcon.colcon_core.environment[0m [1;30mLevel 1[0m checking '/home/booster/Workspace/Booster_T1_3v3_Demo/install/booster_interface/bin'
[5.204s] [34mcolcon.colcon_core.environment[0m [1;30mLevel 1[0m checking '/home/booster/Workspace/Booster_T1_3v3_Demo/install/booster_interface/lib/pkgconfig/booster_interface.pc'
[5.205s] [34mcolcon.colcon_core.environment[0m [1;30mLevel 1[0m checking '/home/booster/Workspace/Booster_T1_3v3_Demo/install/booster_interface/lib/python3.10/site-packages'
[5.206s] [34mcolcon.colcon_core.environment[0m [1;30mLevel 1[0m checking '/home/booster/Workspace/Booster_T1_3v3_Demo/install/booster_interface/bin'
[5.207s] [34mcolcon.colcon_core.shell[0m [1;30mINFO[0m Creating package script '/home/booster/Workspace/Booster_T1_3v3_Demo/install/booster_interface/share/booster_interface/package.ps1'
[5.209s] [34mcolcon.colcon_core.shell[0m [1;30mINFO[0m Creating package descriptor '/home/booster/Workspace/Booster_T1_3v3_Demo/install/booster_interface/share/booster_interface/package.dsv'
[5.212s] [34mcolcon.colcon_core.shell[0m [1;30mINFO[0m Creating package script '/home/booster/Workspace/Booster_T1_3v3_Demo/install/booster_interface/share/booster_interface/package.sh'
[5.214s] [34mcolcon.colcon_core.shell[0m [1;30mINFO[0m Creating package script '/home/booster/Workspace/Booster_T1_3v3_Demo/install/booster_interface/share/booster_interface/package.bash'
[5.218s] [34mcolcon.colcon_core.shell[0m [1;30mINFO[0m Creating package script '/home/booster/Workspace/Booster_T1_3v3_Demo/install/booster_interface/share/booster_interface/package.zsh'
[5.221s] [34mcolcon.colcon_core.environment[0m [1;30mLevel 1[0m create_file_with_runtime_dependencies(/home/booster/Workspace/Booster_T1_3v3_Demo/install/booster_interface/share/colcon-core/packages/booster_interface)
[5.223s] [34mcolcon.colcon_core.environment[0m [1;30mLevel 1[0m create_environment_scripts_only(booster_interface)
[5.224s] [34mcolcon.colcon_core.environment[0m [1;30mLevel 1[0m checking '/home/booster/Workspace/Booster_T1_3v3_Demo/install/booster_interface' for CMake module files
[5.226s] [34mcolcon.colcon_core.environment[0m [1;30mLevel 1[0m checking '/home/booster/Workspace/Booster_T1_3v3_Demo/install/booster_interface' for CMake config files
[5.232s] [34mcolcon.colcon_core.shell[0m [1;30mLevel 1[0m create_environment_hook('booster_interface', 'cmake_prefix_path')
[5.233s] [34mcolcon.colcon_core.shell[0m [1;30mINFO[0m Creating environment hook '/home/booster/Workspace/Booster_T1_3v3_Demo/install/booster_interface/share/booster_interface/hook/cmake_prefix_path.ps1'
[5.237s] [34mcolcon.colcon_core.shell[0m [1;30mINFO[0m Creating environment descriptor '/home/booster/Workspace/Booster_T1_3v3_Demo/install/booster_interface/share/booster_interface/hook/cmake_prefix_path.dsv'
[5.239s] [34mcolcon.colcon_core.shell[0m [1;30mINFO[0m Creating environment hook '/home/booster/Workspace/Booster_T1_3v3_Demo/install/booster_interface/share/booster_interface/hook/cmake_prefix_path.sh'
[5.241s] [34mcolcon.colcon_core.environment[0m [1;30mLevel 1[0m checking '/home/booster/Workspace/Booster_T1_3v3_Demo/install/booster_interface/lib'
[5.242s] [34mcolcon.colcon_core.shell[0m [1;30mLevel 1[0m create_environment_hook('booster_interface', 'ld_library_path_lib')
[5.243s] [34mcolcon.colcon_core.shell[0m [1;30mINFO[0m Creating environment hook '/home/booster/Workspace/Booster_T1_3v3_Demo/install/booster_interface/share/booster_interface/hook/ld_library_path_lib.ps1'
[5.245s] [34mcolcon.colcon_core.shell[0m [1;30mINFO[0m Creating environment descriptor '/home/booster/Workspace/Booster_T1_3v3_Demo/install/booster_interface/share/booster_interface/hook/ld_library_path_lib.dsv'
[5.248s] [34mcolcon.colcon_core.shell[0m [1;30mINFO[0m Creating environment hook '/home/booster/Workspace/Booster_T1_3v3_Demo/install/booster_interface/share/booster_interface/hook/ld_library_path_lib.sh'
[5.252s] [34mcolcon.colcon_core.environment[0m [1;30mLevel 1[0m checking '/home/booster/Workspace/Booster_T1_3v3_Demo/install/booster_interface/bin'
[5.253s] [34mcolcon.colcon_core.environment[0m [1;30mLevel 1[0m checking '/home/booster/Workspace/Booster_T1_3v3_Demo/install/booster_interface/lib/pkgconfig/booster_interface.pc'
[5.255s] [34mcolcon.colcon_core.environment[0m [1;30mLevel 1[0m checking '/home/booster/Workspace/Booster_T1_3v3_Demo/install/booster_interface/lib/python3.10/site-packages'
[5.256s] [34mcolcon.colcon_core.environment[0m [1;30mLevel 1[0m checking '/home/booster/Workspace/Booster_T1_3v3_Demo/install/booster_interface/bin'
[5.257s] [34mcolcon.colcon_core.shell[0m [1;30mINFO[0m Creating package script '/home/booster/Workspace/Booster_T1_3v3_Demo/install/booster_interface/share/booster_interface/package.ps1'
[5.261s] [34mcolcon.colcon_core.shell[0m [1;30mINFO[0m Creating package descriptor '/home/booster/Workspace/Booster_T1_3v3_Demo/install/booster_interface/share/booster_interface/package.dsv'
[5.265s] [34mcolcon.colcon_core.shell[0m [1;30mINFO[0m Creating package script '/home/booster/Workspace/Booster_T1_3v3_Demo/install/booster_interface/share/booster_interface/package.sh'
[5.268s] [34mcolcon.colcon_core.shell[0m [1;30mINFO[0m Creating package script '/home/booster/Workspace/Booster_T1_3v3_Demo/install/booster_interface/share/booster_interface/package.bash'
[5.271s] [34mcolcon.colcon_core.shell[0m [1;30mINFO[0m Creating package script '/home/booster/Workspace/Booster_T1_3v3_Demo/install/booster_interface/share/booster_interface/package.zsh'
[5.273s] [34mcolcon.colcon_core.environment[0m [1;30mLevel 1[0m create_file_with_runtime_dependencies(/home/booster/Workspace/Booster_T1_3v3_Demo/install/booster_interface/share/colcon-core/packages/booster_interface)
[5.277s] [34mcolcon.colcon_core.event_handler.log_command[0m [1;30mDEBUG[0m [32mInvoked command in '/home/booster/Workspace/Booster_T1_3v3_Demo/build/game_controller' returned '0': AMENT_PREFIX_PATH=/home/booster/Workspace/Booster_T1_3v3_Demo/install/game_controller_interface CMAKE_PREFIX_PATH=/home/booster/Workspace/Booster_T1_3v3_Demo/install/game_controller_interface LD_LIBRARY_PATH=/home/booster/Workspace/Booster_T1_3v3_Demo/install/game_controller_interface/lib PYTHONPATH=/home/booster/Workspace/Booster_T1_3v3_Demo/install/game_controller_interface/local/lib/python3.10/dist-packages /usr/bin/cmake --build /home/booster/Workspace/Booster_T1_3v3_Demo/build/game_controller -- -j5 -l5[0m
[5.281s] [34mcolcon.colcon_core.event_handler.log_command[0m [1;30mDEBUG[0m [32mInvoking command in '/home/booster/Workspace/Booster_T1_3v3_Demo/build/game_controller': AMENT_PREFIX_PATH=/home/booster/Workspace/Booster_T1_3v3_Demo/install/game_controller_interface CMAKE_PREFIX_PATH=/home/booster/Workspace/Booster_T1_3v3_Demo/install/game_controller_interface LD_LIBRARY_PATH=/home/booster/Workspace/Booster_T1_3v3_Demo/install/game_controller_interface/lib PYTHONPATH=/home/booster/Workspace/Booster_T1_3v3_Demo/install/game_controller_interface/local/lib/python3.10/dist-packages /usr/bin/cmake --install /home/booster/Workspace/Booster_T1_3v3_Demo/build/game_controller[0m
[5.317s] [34mcolcon.colcon_core.event_handler.log_command[0m [1;30mDEBUG[0m [32mInvoking command in '/home/booster/Workspace/Booster_T1_3v3_Demo/build/vision': AMENT_PREFIX_PATH=/home/booster/Workspace/Booster_T1_3v3_Demo/install/vision_interface CMAKE_PREFIX_PATH=/home/booster/Workspace/Booster_T1_3v3_Demo/install/vision_interface LD_LIBRARY_PATH=/home/booster/Workspace/Booster_T1_3v3_Demo/install/vision_interface/lib PYTHONPATH=/home/booster/Workspace/Booster_T1_3v3_Demo/install/vision_interface/local/lib/python3.10/dist-packages /usr/bin/cmake --build /home/booster/Workspace/Booster_T1_3v3_Demo/build/vision -- -j5 -l5[0m
[5.337s] [34mcolcon.colcon_ros.task.ament_cmake.build[0m [1;30mINFO[0m Building ROS package in '/home/booster/Workspace/Booster_T1_3v3_Demo/src/brain' with build type 'ament_cmake'
[5.340s] [34mcolcon.colcon_cmake.task.cmake.build[0m [1;30mINFO[0m Building CMake package in '/home/booster/Workspace/Booster_T1_3v3_Demo/src/brain'
[5.341s] [34mcolcon.colcon_core.shell[0m [1;30mINFO[0m Skip shell extension 'powershell' for command environment: Not usable outside of PowerShell
[5.341s] [34mcolcon.colcon_core.shell[0m [1;30mDEBUG[0m [32mSkip shell extension 'dsv' for command environment[0m
[5.397s] [34mcolcon.colcon_core.environment[0m [1;30mLevel 1[0m create_environment_scripts_only(game_controller)
[5.398s] [34mcolcon.colcon_core.environment[0m [1;30mLevel 1[0m checking '/home/booster/Workspace/Booster_T1_3v3_Demo/install/game_controller' for CMake module files
[5.400s] [34mcolcon.colcon_core.event_handler.log_command[0m [1;30mDEBUG[0m [32mInvoked command in '/home/booster/Workspace/Booster_T1_3v3_Demo/build/game_controller' returned '0': AMENT_PREFIX_PATH=/home/booster/Workspace/Booster_T1_3v3_Demo/install/game_controller_interface CMAKE_PREFIX_PATH=/home/booster/Workspace/Booster_T1_3v3_Demo/install/game_controller_interface LD_LIBRARY_PATH=/home/booster/Workspace/Booster_T1_3v3_Demo/install/game_controller_interface/lib PYTHONPATH=/home/booster/Workspace/Booster_T1_3v3_Demo/install/game_controller_interface/local/lib/python3.10/dist-packages /usr/bin/cmake --install /home/booster/Workspace/Booster_T1_3v3_Demo/build/game_controller[0m
[5.402s] [34mcolcon.colcon_core.environment[0m [1;30mLevel 1[0m checking '/home/booster/Workspace/Booster_T1_3v3_Demo/install/game_controller' for CMake config files
[5.403s] [34mcolcon.colcon_core.shell[0m [1;30mLevel 1[0m create_environment_hook('game_controller', 'cmake_prefix_path')
[5.404s] [34mcolcon.colcon_core.shell[0m [1;30mINFO[0m Creating environment hook '/home/booster/Workspace/Booster_T1_3v3_Demo/install/game_controller/share/game_controller/hook/cmake_prefix_path.ps1'
[5.406s] [34mcolcon.colcon_core.shell[0m [1;30mINFO[0m Creating environment descriptor '/home/booster/Workspace/Booster_T1_3v3_Demo/install/game_controller/share/game_controller/hook/cmake_prefix_path.dsv'
[5.407s] [34mcolcon.colcon_core.shell[0m [1;30mINFO[0m Creating environment hook '/home/booster/Workspace/Booster_T1_3v3_Demo/install/game_controller/share/game_controller/hook/cmake_prefix_path.sh'
[5.410s] [34mcolcon.colcon_core.environment[0m [1;30mLevel 1[0m checking '/home/booster/Workspace/Booster_T1_3v3_Demo/install/game_controller/lib'
[5.410s] [34mcolcon.colcon_core.environment[0m [1;30mLevel 1[0m checking '/home/booster/Workspace/Booster_T1_3v3_Demo/install/game_controller/bin'
[5.410s] [34mcolcon.colcon_core.environment[0m [1;30mLevel 1[0m checking '/home/booster/Workspace/Booster_T1_3v3_Demo/install/game_controller/lib/pkgconfig/game_controller.pc'
[5.413s] [34mcolcon.colcon_core.environment[0m [1;30mLevel 1[0m checking '/home/booster/Workspace/Booster_T1_3v3_Demo/install/game_controller/lib/python3.10/site-packages'
[5.414s] [34mcolcon.colcon_core.environment[0m [1;30mLevel 1[0m checking '/home/booster/Workspace/Booster_T1_3v3_Demo/install/game_controller/bin'
[5.416s] [34mcolcon.colcon_core.shell[0m [1;30mINFO[0m Creating package script '/home/booster/Workspace/Booster_T1_3v3_Demo/install/game_controller/share/game_controller/package.ps1'
[5.428s] [34mcolcon.colcon_core.shell[0m [1;30mINFO[0m Creating package descriptor '/home/booster/Workspace/Booster_T1_3v3_Demo/install/game_controller/share/game_controller/package.dsv'
[5.432s] [34mcolcon.colcon_core.shell[0m [1;30mINFO[0m Creating package script '/home/booster/Workspace/Booster_T1_3v3_Demo/install/game_controller/share/game_controller/package.sh'
[5.434s] [34mcolcon.colcon_core.shell[0m [1;30mINFO[0m Creating package script '/home/booster/Workspace/Booster_T1_3v3_Demo/install/game_controller/share/game_controller/package.bash'
[5.437s] [34mcolcon.colcon_core.shell[0m [1;30mINFO[0m Creating package script '/home/booster/Workspace/Booster_T1_3v3_Demo/install/game_controller/share/game_controller/package.zsh'
[5.438s] [34mcolcon.colcon_core.environment[0m [1;30mLevel 1[0m create_file_with_runtime_dependencies(/home/booster/Workspace/Booster_T1_3v3_Demo/install/game_controller/share/colcon-core/packages/game_controller)
[5.441s] [34mcolcon.colcon_core.environment[0m [1;30mLevel 1[0m create_environment_scripts_only(game_controller)
[5.444s] [34mcolcon.colcon_core.environment[0m [1;30mLevel 1[0m checking '/home/booster/Workspace/Booster_T1_3v3_Demo/install/game_controller' for CMake module files
[5.447s] [34mcolcon.colcon_core.environment[0m [1;30mLevel 1[0m checking '/home/booster/Workspace/Booster_T1_3v3_Demo/install/game_controller' for CMake config files
[5.450s] [34mcolcon.colcon_core.shell[0m [1;30mLevel 1[0m create_environment_hook('game_controller', 'cmake_prefix_path')
[5.451s] [34mcolcon.colcon_core.shell[0m [1;30mINFO[0m Creating environment hook '/home/booster/Workspace/Booster_T1_3v3_Demo/install/game_controller/share/game_controller/hook/cmake_prefix_path.ps1'
[5.455s] [34mcolcon.colcon_core.shell[0m [1;30mINFO[0m Creating environment descriptor '/home/booster/Workspace/Booster_T1_3v3_Demo/install/game_controller/share/game_controller/hook/cmake_prefix_path.dsv'
[5.490s] [34mcolcon.colcon_core.shell[0m [1;30mINFO[0m Creating environment hook '/home/booster/Workspace/Booster_T1_3v3_Demo/install/game_controller/share/game_controller/hook/cmake_prefix_path.sh'
[5.492s] [34mcolcon.colcon_core.environment[0m [1;30mLevel 1[0m checking '/home/booster/Workspace/Booster_T1_3v3_Demo/install/game_controller/lib'
[5.493s] [34mcolcon.colcon_core.environment[0m [1;30mLevel 1[0m checking '/home/booster/Workspace/Booster_T1_3v3_Demo/install/game_controller/bin'
[5.493s] [34mcolcon.colcon_core.environment[0m [1;30mLevel 1[0m checking '/home/booster/Workspace/Booster_T1_3v3_Demo/install/game_controller/lib/pkgconfig/game_controller.pc'
[5.493s] [34mcolcon.colcon_core.environment[0m [1;30mLevel 1[0m checking '/home/booster/Workspace/Booster_T1_3v3_Demo/install/game_controller/lib/python3.10/site-packages'
[5.493s] [34mcolcon.colcon_core.environment[0m [1;30mLevel 1[0m checking '/home/booster/Workspace/Booster_T1_3v3_Demo/install/game_controller/bin'
[5.503s] [34mcolcon.colcon_core.shell[0m [1;30mINFO[0m Creating package script '/home/booster/Workspace/Booster_T1_3v3_Demo/install/game_controller/share/game_controller/package.ps1'
[5.507s] [34mcolcon.colcon_core.shell[0m [1;30mINFO[0m Creating package descriptor '/home/booster/Workspace/Booster_T1_3v3_Demo/install/game_controller/share/game_controller/package.dsv'
[5.509s] [34mcolcon.colcon_core.shell[0m [1;30mINFO[0m Creating package script '/home/booster/Workspace/Booster_T1_3v3_Demo/install/game_controller/share/game_controller/package.sh'
[5.517s] [34mcolcon.colcon_core.shell[0m [1;30mINFO[0m Creating package script '/home/booster/Workspace/Booster_T1_3v3_Demo/install/game_controller/share/game_controller/package.bash'
[5.518s] [34mcolcon.colcon_core.shell[0m [1;30mINFO[0m Creating package script '/home/booster/Workspace/Booster_T1_3v3_Demo/install/game_controller/share/game_controller/package.zsh'
[5.519s] [34mcolcon.colcon_core.environment[0m [1;30mLevel 1[0m create_file_with_runtime_dependencies(/home/booster/Workspace/Booster_T1_3v3_Demo/install/game_controller/share/colcon-core/packages/game_controller)
[5.539s] [34mcolcon.colcon_core.event_handler.log_command[0m [1;30mDEBUG[0m [32mInvoking command in '/home/booster/Workspace/Booster_T1_3v3_Demo/build/brain': AMENT_PREFIX_PATH=/home/booster/Workspace/Booster_T1_3v3_Demo/install/vision_interface:/home/booster/Workspace/Booster_T1_3v3_Demo/install/game_controller_interface:/home/booster/Workspace/Booster_T1_3v3_Demo/install/booster_msgs:/home/booster/Workspace/Booster_T1_3v3_Demo/install/booster_interface CMAKE_PREFIX_PATH=/home/booster/Workspace/Booster_T1_3v3_Demo/install/vision_interface:/home/booster/Workspace/Booster_T1_3v3_Demo/install/game_controller_interface:/home/booster/Workspace/Booster_T1_3v3_Demo/install/booster_msgs:/home/booster/Workspace/Booster_T1_3v3_Demo/install/booster_interface LD_LIBRARY_PATH=/home/booster/Workspace/Booster_T1_3v3_Demo/install/vision_interface/lib:/home/booster/Workspace/Booster_T1_3v3_Demo/install/game_controller_interface/lib:/home/booster/Workspace/Booster_T1_3v3_Demo/install/booster_msgs/lib:/home/booster/Workspace/Booster_T1_3v3_Demo/install/booster_interface/lib PYTHONPATH=/home/booster/Workspace/Booster_T1_3v3_Demo/install/vision_interface/local/lib/python3.10/dist-packages:/home/booster/Workspace/Booster_T1_3v3_Demo/install/game_controller_interface/local/lib/python3.10/dist-packages:/home/booster/Workspace/Booster_T1_3v3_Demo/install/booster_msgs/local/lib/python3.10/dist-packages:/home/booster/Workspace/Booster_T1_3v3_Demo/install/booster_interface/local/lib/python3.10/dist-packages /usr/bin/cmake --build /home/booster/Workspace/Booster_T1_3v3_Demo/build/brain -- -j5 -l5[0m
[6.637s] [34mcolcon.colcon_core.event_handler.log_command[0m [1;30mDEBUG[0m [32mInvoked command in '/home/booster/Workspace/Booster_T1_3v3_Demo/build/vision' returned '0': AMENT_PREFIX_PATH=/home/booster/Workspace/Booster_T1_3v3_Demo/install/vision_interface CMAKE_PREFIX_PATH=/home/booster/Workspace/Booster_T1_3v3_Demo/install/vision_interface LD_LIBRARY_PATH=/home/booster/Workspace/Booster_T1_3v3_Demo/install/vision_interface/lib PYTHONPATH=/home/booster/Workspace/Booster_T1_3v3_Demo/install/vision_interface/local/lib/python3.10/dist-packages /usr/bin/cmake --build /home/booster/Workspace/Booster_T1_3v3_Demo/build/vision -- -j5 -l5[0m
[6.655s] [34mcolcon.colcon_core.event_handler.log_command[0m [1;30mDEBUG[0m [32mInvoking command in '/home/booster/Workspace/Booster_T1_3v3_Demo/build/vision': AMENT_PREFIX_PATH=/home/booster/Workspace/Booster_T1_3v3_Demo/install/vision_interface CMAKE_PREFIX_PATH=/home/booster/Workspace/Booster_T1_3v3_Demo/install/vision_interface LD_LIBRARY_PATH=/home/booster/Workspace/Booster_T1_3v3_Demo/install/vision_interface/lib PYTHONPATH=/home/booster/Workspace/Booster_T1_3v3_Demo/install/vision_interface/local/lib/python3.10/dist-packages /usr/bin/cmake --install /home/booster/Workspace/Booster_T1_3v3_Demo/build/vision[0m
[6.746s] [34mcolcon.colcon_core.environment[0m [1;30mLevel 1[0m create_environment_scripts_only(vision)
[6.747s] [34mcolcon.colcon_core.environment[0m [1;30mLevel 1[0m checking '/home/booster/Workspace/Booster_T1_3v3_Demo/install/vision' for CMake module files
[6.748s] [34mcolcon.colcon_core.event_handler.log_command[0m [1;30mDEBUG[0m [32mInvoked command in '/home/booster/Workspace/Booster_T1_3v3_Demo/build/vision' returned '0': AMENT_PREFIX_PATH=/home/booster/Workspace/Booster_T1_3v3_Demo/install/vision_interface CMAKE_PREFIX_PATH=/home/booster/Workspace/Booster_T1_3v3_Demo/install/vision_interface LD_LIBRARY_PATH=/home/booster/Workspace/Booster_T1_3v3_Demo/install/vision_interface/lib PYTHONPATH=/home/booster/Workspace/Booster_T1_3v3_Demo/install/vision_interface/local/lib/python3.10/dist-packages /usr/bin/cmake --install /home/booster/Workspace/Booster_T1_3v3_Demo/build/vision[0m
[6.749s] [34mcolcon.colcon_core.environment[0m [1;30mLevel 1[0m checking '/home/booster/Workspace/Booster_T1_3v3_Demo/install/vision' for CMake config files
[6.752s] [34mcolcon.colcon_core.shell[0m [1;30mLevel 1[0m create_environment_hook('vision', 'cmake_prefix_path')
[6.752s] [34mcolcon.colcon_core.shell[0m [1;30mINFO[0m Creating environment hook '/home/booster/Workspace/Booster_T1_3v3_Demo/install/vision/share/vision/hook/cmake_prefix_path.ps1'
[6.753s] [34mcolcon.colcon_core.shell[0m [1;30mINFO[0m Creating environment descriptor '/home/booster/Workspace/Booster_T1_3v3_Demo/install/vision/share/vision/hook/cmake_prefix_path.dsv'
[6.755s] [34mcolcon.colcon_core.shell[0m [1;30mINFO[0m Creating environment hook '/home/booster/Workspace/Booster_T1_3v3_Demo/install/vision/share/vision/hook/cmake_prefix_path.sh'
[6.756s] [34mcolcon.colcon_core.environment[0m [1;30mLevel 1[0m checking '/home/booster/Workspace/Booster_T1_3v3_Demo/install/vision/lib'
[6.756s] [34mcolcon.colcon_core.shell[0m [1;30mLevel 1[0m create_environment_hook('vision', 'ld_library_path_lib')
[6.757s] [34mcolcon.colcon_core.shell[0m [1;30mINFO[0m Creating environment hook '/home/booster/Workspace/Booster_T1_3v3_Demo/install/vision/share/vision/hook/ld_library_path_lib.ps1'
[6.760s] [34mcolcon.colcon_core.shell[0m [1;30mINFO[0m Creating environment descriptor '/home/booster/Workspace/Booster_T1_3v3_Demo/install/vision/share/vision/hook/ld_library_path_lib.dsv'
[6.762s] [34mcolcon.colcon_core.shell[0m [1;30mINFO[0m Creating environment hook '/home/booster/Workspace/Booster_T1_3v3_Demo/install/vision/share/vision/hook/ld_library_path_lib.sh'
[6.764s] [34mcolcon.colcon_core.environment[0m [1;30mLevel 1[0m checking '/home/booster/Workspace/Booster_T1_3v3_Demo/install/vision/bin'
[6.764s] [34mcolcon.colcon_core.environment[0m [1;30mLevel 1[0m checking '/home/booster/Workspace/Booster_T1_3v3_Demo/install/vision/lib/pkgconfig/vision.pc'
[6.765s] [34mcolcon.colcon_core.environment[0m [1;30mLevel 1[0m checking '/home/booster/Workspace/Booster_T1_3v3_Demo/install/vision/lib/python3.10/site-packages'
[6.765s] [34mcolcon.colcon_core.environment[0m [1;30mLevel 1[0m checking '/home/booster/Workspace/Booster_T1_3v3_Demo/install/vision/bin'
[6.766s] [34mcolcon.colcon_core.shell[0m [1;30mINFO[0m Creating package script '/home/booster/Workspace/Booster_T1_3v3_Demo/install/vision/share/vision/package.ps1'
[6.767s] [34mcolcon.colcon_core.shell[0m [1;30mINFO[0m Creating package descriptor '/home/booster/Workspace/Booster_T1_3v3_Demo/install/vision/share/vision/package.dsv'
[6.771s] [34mcolcon.colcon_core.shell[0m [1;30mINFO[0m Creating package script '/home/booster/Workspace/Booster_T1_3v3_Demo/install/vision/share/vision/package.sh'
[6.772s] [34mcolcon.colcon_core.shell[0m [1;30mINFO[0m Creating package script '/home/booster/Workspace/Booster_T1_3v3_Demo/install/vision/share/vision/package.bash'
[6.774s] [34mcolcon.colcon_core.shell[0m [1;30mINFO[0m Creating package script '/home/booster/Workspace/Booster_T1_3v3_Demo/install/vision/share/vision/package.zsh'
[6.775s] [34mcolcon.colcon_core.environment[0m [1;30mLevel 1[0m create_file_with_runtime_dependencies(/home/booster/Workspace/Booster_T1_3v3_Demo/install/vision/share/colcon-core/packages/vision)
[6.777s] [34mcolcon.colcon_core.environment[0m [1;30mLevel 1[0m create_environment_scripts_only(vision)
[6.777s] [34mcolcon.colcon_core.environment[0m [1;30mLevel 1[0m checking '/home/booster/Workspace/Booster_T1_3v3_Demo/install/vision' for CMake module files
[6.780s] [34mcolcon.colcon_core.environment[0m [1;30mLevel 1[0m checking '/home/booster/Workspace/Booster_T1_3v3_Demo/install/vision' for CMake config files
[6.781s] [34mcolcon.colcon_core.shell[0m [1;30mLevel 1[0m create_environment_hook('vision', 'cmake_prefix_path')
[6.782s] [34mcolcon.colcon_core.shell[0m [1;30mINFO[0m Creating environment hook '/home/booster/Workspace/Booster_T1_3v3_Demo/install/vision/share/vision/hook/cmake_prefix_path.ps1'
[6.784s] [34mcolcon.colcon_core.shell[0m [1;30mINFO[0m Creating environment descriptor '/home/booster/Workspace/Booster_T1_3v3_Demo/install/vision/share/vision/hook/cmake_prefix_path.dsv'
[6.785s] [34mcolcon.colcon_core.shell[0m [1;30mINFO[0m Creating environment hook '/home/booster/Workspace/Booster_T1_3v3_Demo/install/vision/share/vision/hook/cmake_prefix_path.sh'
[6.787s] [34mcolcon.colcon_core.environment[0m [1;30mLevel 1[0m checking '/home/booster/Workspace/Booster_T1_3v3_Demo/install/vision/lib'
[6.787s] [34mcolcon.colcon_core.shell[0m [1;30mLevel 1[0m create_environment_hook('vision', 'ld_library_path_lib')
[6.788s] [34mcolcon.colcon_core.shell[0m [1;30mINFO[0m Creating environment hook '/home/booster/Workspace/Booster_T1_3v3_Demo/install/vision/share/vision/hook/ld_library_path_lib.ps1'
[6.791s] [34mcolcon.colcon_core.shell[0m [1;30mINFO[0m Creating environment descriptor '/home/booster/Workspace/Booster_T1_3v3_Demo/install/vision/share/vision/hook/ld_library_path_lib.dsv'
[6.792s] [34mcolcon.colcon_core.shell[0m [1;30mINFO[0m Creating environment hook '/home/booster/Workspace/Booster_T1_3v3_Demo/install/vision/share/vision/hook/ld_library_path_lib.sh'
[6.794s] [34mcolcon.colcon_core.environment[0m [1;30mLevel 1[0m checking '/home/booster/Workspace/Booster_T1_3v3_Demo/install/vision/bin'
[6.794s] [34mcolcon.colcon_core.environment[0m [1;30mLevel 1[0m checking '/home/booster/Workspace/Booster_T1_3v3_Demo/install/vision/lib/pkgconfig/vision.pc'
[6.795s] [34mcolcon.colcon_core.environment[0m [1;30mLevel 1[0m checking '/home/booster/Workspace/Booster_T1_3v3_Demo/install/vision/lib/python3.10/site-packages'
[6.795s] [34mcolcon.colcon_core.environment[0m [1;30mLevel 1[0m checking '/home/booster/Workspace/Booster_T1_3v3_Demo/install/vision/bin'
[6.796s] [34mcolcon.colcon_core.shell[0m [1;30mINFO[0m Creating package script '/home/booster/Workspace/Booster_T1_3v3_Demo/install/vision/share/vision/package.ps1'
[6.797s] [34mcolcon.colcon_core.shell[0m [1;30mINFO[0m Creating package descriptor '/home/booster/Workspace/Booster_T1_3v3_Demo/install/vision/share/vision/package.dsv'
[6.800s] [34mcolcon.colcon_core.shell[0m [1;30mINFO[0m Creating package script '/home/booster/Workspace/Booster_T1_3v3_Demo/install/vision/share/vision/package.sh'
[6.802s] [34mcolcon.colcon_core.shell[0m [1;30mINFO[0m Creating package script '/home/booster/Workspace/Booster_T1_3v3_Demo/install/vision/share/vision/package.bash'
[6.803s] [34mcolcon.colcon_core.shell[0m [1;30mINFO[0m Creating package script '/home/booster/Workspace/Booster_T1_3v3_Demo/install/vision/share/vision/package.zsh'
[6.804s] [34mcolcon.colcon_core.environment[0m [1;30mLevel 1[0m create_file_with_runtime_dependencies(/home/booster/Workspace/Booster_T1_3v3_Demo/install/vision/share/colcon-core/packages/vision)
[8.041s] [34mcolcon.colcon_core.event_handler.log_command[0m [1;30mDEBUG[0m [32mInvoked command in '/home/booster/Workspace/Booster_T1_3v3_Demo/build/brain' returned '0': AMENT_PREFIX_PATH=/home/booster/Workspace/Booster_T1_3v3_Demo/install/vision_interface:/home/booster/Workspace/Booster_T1_3v3_Demo/install/game_controller_interface:/home/booster/Workspace/Booster_T1_3v3_Demo/install/booster_msgs:/home/booster/Workspace/Booster_T1_3v3_Demo/install/booster_interface CMAKE_PREFIX_PATH=/home/booster/Workspace/Booster_T1_3v3_Demo/install/vision_interface:/home/booster/Workspace/Booster_T1_3v3_Demo/install/game_controller_interface:/home/booster/Workspace/Booster_T1_3v3_Demo/install/booster_msgs:/home/booster/Workspace/Booster_T1_3v3_Demo/install/booster_interface LD_LIBRARY_PATH=/home/booster/Workspace/Booster_T1_3v3_Demo/install/vision_interface/lib:/home/booster/Workspace/Booster_T1_3v3_Demo/install/game_controller_interface/lib:/home/booster/Workspace/Booster_T1_3v3_Demo/install/booster_msgs/lib:/home/booster/Workspace/Booster_T1_3v3_Demo/install/booster_interface/lib PYTHONPATH=/home/booster/Workspace/Booster_T1_3v3_Demo/install/vision_interface/local/lib/python3.10/dist-packages:/home/booster/Workspace/Booster_T1_3v3_Demo/install/game_controller_interface/local/lib/python3.10/dist-packages:/home/booster/Workspace/Booster_T1_3v3_Demo/install/booster_msgs/local/lib/python3.10/dist-packages:/home/booster/Workspace/Booster_T1_3v3_Demo/install/booster_interface/local/lib/python3.10/dist-packages /usr/bin/cmake --build /home/booster/Workspace/Booster_T1_3v3_Demo/build/brain -- -j5 -l5[0m
[8.047s] [34mcolcon.colcon_core.event_handler.log_command[0m [1;30mDEBUG[0m [32mInvoking command in '/home/booster/Workspace/Booster_T1_3v3_Demo/build/brain': AMENT_PREFIX_PATH=/home/booster/Workspace/Booster_T1_3v3_Demo/install/vision_interface:/home/booster/Workspace/Booster_T1_3v3_Demo/install/game_controller_interface:/home/booster/Workspace/Booster_T1_3v3_Demo/install/booster_msgs:/home/booster/Workspace/Booster_T1_3v3_Demo/install/booster_interface CMAKE_PREFIX_PATH=/home/booster/Workspace/Booster_T1_3v3_Demo/install/vision_interface:/home/booster/Workspace/Booster_T1_3v3_Demo/install/game_controller_interface:/home/booster/Workspace/Booster_T1_3v3_Demo/install/booster_msgs:/home/booster/Workspace/Booster_T1_3v3_Demo/install/booster_interface LD_LIBRARY_PATH=/home/booster/Workspace/Booster_T1_3v3_Demo/install/vision_interface/lib:/home/booster/Workspace/Booster_T1_3v3_Demo/install/game_controller_interface/lib:/home/booster/Workspace/Booster_T1_3v3_Demo/install/booster_msgs/lib:/home/booster/Workspace/Booster_T1_3v3_Demo/install/booster_interface/lib PYTHONPATH=/home/booster/Workspace/Booster_T1_3v3_Demo/install/vision_interface/local/lib/python3.10/dist-packages:/home/booster/Workspace/Booster_T1_3v3_Demo/install/game_controller_interface/local/lib/python3.10/dist-packages:/home/booster/Workspace/Booster_T1_3v3_Demo/install/booster_msgs/local/lib/python3.10/dist-packages:/home/booster/Workspace/Booster_T1_3v3_Demo/install/booster_interface/local/lib/python3.10/dist-packages /usr/bin/cmake --install /home/booster/Workspace/Booster_T1_3v3_Demo/build/brain[0m
[8.207s] [34mcolcon.colcon_core.environment[0m [1;30mLevel 1[0m create_environment_scripts_only(brain)
[8.208s] [34mcolcon.colcon_core.environment[0m [1;30mLevel 1[0m checking '/home/booster/Workspace/Booster_T1_3v3_Demo/install/brain' for CMake module files
[8.210s] [34mcolcon.colcon_core.environment[0m [1;30mLevel 1[0m checking '/home/booster/Workspace/Booster_T1_3v3_Demo/install/brain' for CMake config files
[8.212s] [34mcolcon.colcon_core.shell[0m [1;30mLevel 1[0m create_environment_hook('brain', 'cmake_prefix_path')
[8.208s] [34mcolcon.colcon_core.event_handler.log_command[0m [1;30mDEBUG[0m [32mInvoked command in '/home/booster/Workspace/Booster_T1_3v3_Demo/build/brain' returned '0': AMENT_PREFIX_PATH=/home/booster/Workspace/Booster_T1_3v3_Demo/install/vision_interface:/home/booster/Workspace/Booster_T1_3v3_Demo/install/game_controller_interface:/home/booster/Workspace/Booster_T1_3v3_Demo/install/booster_msgs:/home/booster/Workspace/Booster_T1_3v3_Demo/install/booster_interface CMAKE_PREFIX_PATH=/home/booster/Workspace/Booster_T1_3v3_Demo/install/vision_interface:/home/booster/Workspace/Booster_T1_3v3_Demo/install/game_controller_interface:/home/booster/Workspace/Booster_T1_3v3_Demo/install/booster_msgs:/home/booster/Workspace/Booster_T1_3v3_Demo/install/booster_interface LD_LIBRARY_PATH=/home/booster/Workspace/Booster_T1_3v3_Demo/install/vision_interface/lib:/home/booster/Workspace/Booster_T1_3v3_Demo/install/game_controller_interface/lib:/home/booster/Workspace/Booster_T1_3v3_Demo/install/booster_msgs/lib:/home/booster/Workspace/Booster_T1_3v3_Demo/install/booster_interface/lib PYTHONPATH=/home/booster/Workspace/Booster_T1_3v3_Demo/install/vision_interface/local/lib/python3.10/dist-packages:/home/booster/Workspace/Booster_T1_3v3_Demo/install/game_controller_interface/local/lib/python3.10/dist-packages:/home/booster/Workspace/Booster_T1_3v3_Demo/install/booster_msgs/local/lib/python3.10/dist-packages:/home/booster/Workspace/Booster_T1_3v3_Demo/install/booster_interface/local/lib/python3.10/dist-packages /usr/bin/cmake --install /home/booster/Workspace/Booster_T1_3v3_Demo/build/brain[0m
[8.217s] [34mcolcon.colcon_core.shell[0m [1;30mINFO[0m Creating environment hook '/home/booster/Workspace/Booster_T1_3v3_Demo/install/brain/share/brain/hook/cmake_prefix_path.ps1'
[8.230s] [34mcolcon.colcon_core.shell[0m [1;30mINFO[0m Creating environment descriptor '/home/booster/Workspace/Booster_T1_3v3_Demo/install/brain/share/brain/hook/cmake_prefix_path.dsv'
[8.240s] [34mcolcon.colcon_core.shell[0m [1;30mINFO[0m Creating environment hook '/home/booster/Workspace/Booster_T1_3v3_Demo/install/brain/share/brain/hook/cmake_prefix_path.sh'
[8.247s] [34mcolcon.colcon_core.environment[0m [1;30mLevel 1[0m checking '/home/booster/Workspace/Booster_T1_3v3_Demo/install/brain/lib'
[8.249s] [34mcolcon.colcon_core.shell[0m [1;30mLevel 1[0m create_environment_hook('brain', 'ld_library_path_lib')
[8.250s] [34mcolcon.colcon_core.shell[0m [1;30mINFO[0m Creating environment hook '/home/booster/Workspace/Booster_T1_3v3_Demo/install/brain/share/brain/hook/ld_library_path_lib.ps1'
[8.255s] [34mcolcon.colcon_core.shell[0m [1;30mINFO[0m Creating environment descriptor '/home/booster/Workspace/Booster_T1_3v3_Demo/install/brain/share/brain/hook/ld_library_path_lib.dsv'
[8.259s] [34mcolcon.colcon_core.shell[0m [1;30mINFO[0m Creating environment hook '/home/booster/Workspace/Booster_T1_3v3_Demo/install/brain/share/brain/hook/ld_library_path_lib.sh'
[8.261s] [34mcolcon.colcon_core.environment[0m [1;30mLevel 1[0m checking '/home/booster/Workspace/Booster_T1_3v3_Demo/install/brain/bin'
[8.261s] [34mcolcon.colcon_core.environment[0m [1;30mLevel 1[0m checking '/home/booster/Workspace/Booster_T1_3v3_Demo/install/brain/lib/pkgconfig/brain.pc'
[8.262s] [34mcolcon.colcon_core.environment[0m [1;30mLevel 1[0m checking '/home/booster/Workspace/Booster_T1_3v3_Demo/install/brain/lib/python3.10/site-packages'
[8.263s] [34mcolcon.colcon_core.environment[0m [1;30mLevel 1[0m checking '/home/booster/Workspace/Booster_T1_3v3_Demo/install/brain/bin'
[8.264s] [34mcolcon.colcon_core.shell[0m [1;30mINFO[0m Creating package script '/home/booster/Workspace/Booster_T1_3v3_Demo/install/brain/share/brain/package.ps1'
[8.266s] [34mcolcon.colcon_core.shell[0m [1;30mINFO[0m Creating package descriptor '/home/booster/Workspace/Booster_T1_3v3_Demo/install/brain/share/brain/package.dsv'
[8.268s] [34mcolcon.colcon_core.shell[0m [1;30mINFO[0m Creating package script '/home/booster/Workspace/Booster_T1_3v3_Demo/install/brain/share/brain/package.sh'
[8.270s] [34mcolcon.colcon_core.shell[0m [1;30mINFO[0m Creating package script '/home/booster/Workspace/Booster_T1_3v3_Demo/install/brain/share/brain/package.bash'
[8.271s] [34mcolcon.colcon_core.shell[0m [1;30mINFO[0m Creating package script '/home/booster/Workspace/Booster_T1_3v3_Demo/install/brain/share/brain/package.zsh'
[8.272s] [34mcolcon.colcon_core.environment[0m [1;30mLevel 1[0m create_file_with_runtime_dependencies(/home/booster/Workspace/Booster_T1_3v3_Demo/install/brain/share/colcon-core/packages/brain)
[8.274s] [34mcolcon.colcon_core.environment[0m [1;30mLevel 1[0m create_environment_scripts_only(brain)
[8.275s] [34mcolcon.colcon_core.environment[0m [1;30mLevel 1[0m checking '/home/booster/Workspace/Booster_T1_3v3_Demo/install/brain' for CMake module files
[8.277s] [34mcolcon.colcon_core.environment[0m [1;30mLevel 1[0m checking '/home/booster/Workspace/Booster_T1_3v3_Demo/install/brain' for CMake config files
[8.279s] [34mcolcon.colcon_core.shell[0m [1;30mLevel 1[0m create_environment_hook('brain', 'cmake_prefix_path')
[8.280s] [34mcolcon.colcon_core.shell[0m [1;30mINFO[0m Creating environment hook '/home/booster/Workspace/Booster_T1_3v3_Demo/install/brain/share/brain/hook/cmake_prefix_path.ps1'
[8.282s] [34mcolcon.colcon_core.shell[0m [1;30mINFO[0m Creating environment descriptor '/home/booster/Workspace/Booster_T1_3v3_Demo/install/brain/share/brain/hook/cmake_prefix_path.dsv'
[8.284s] [34mcolcon.colcon_core.shell[0m [1;30mINFO[0m Creating environment hook '/home/booster/Workspace/Booster_T1_3v3_Demo/install/brain/share/brain/hook/cmake_prefix_path.sh'
[8.286s] [34mcolcon.colcon_core.environment[0m [1;30mLevel 1[0m checking '/home/booster/Workspace/Booster_T1_3v3_Demo/install/brain/lib'
[8.286s] [34mcolcon.colcon_core.shell[0m [1;30mLevel 1[0m create_environment_hook('brain', 'ld_library_path_lib')
[8.287s] [34mcolcon.colcon_core.shell[0m [1;30mINFO[0m Creating environment hook '/home/booster/Workspace/Booster_T1_3v3_Demo/install/brain/share/brain/hook/ld_library_path_lib.ps1'
[8.289s] [34mcolcon.colcon_core.shell[0m [1;30mINFO[0m Creating environment descriptor '/home/booster/Workspace/Booster_T1_3v3_Demo/install/brain/share/brain/hook/ld_library_path_lib.dsv'
[8.290s] [34mcolcon.colcon_core.shell[0m [1;30mINFO[0m Creating environment hook '/home/booster/Workspace/Booster_T1_3v3_Demo/install/brain/share/brain/hook/ld_library_path_lib.sh'
[8.292s] [34mcolcon.colcon_core.environment[0m [1;30mLevel 1[0m checking '/home/booster/Workspace/Booster_T1_3v3_Demo/install/brain/bin'
[8.292s] [34mcolcon.colcon_core.environment[0m [1;30mLevel 1[0m checking '/home/booster/Workspace/Booster_T1_3v3_Demo/install/brain/lib/pkgconfig/brain.pc'
[8.292s] [34mcolcon.colcon_core.environment[0m [1;30mLevel 1[0m checking '/home/booster/Workspace/Booster_T1_3v3_Demo/install/brain/lib/python3.10/site-packages'
[8.293s] [34mcolcon.colcon_core.environment[0m [1;30mLevel 1[0m checking '/home/booster/Workspace/Booster_T1_3v3_Demo/install/brain/bin'
[8.294s] [34mcolcon.colcon_core.shell[0m [1;30mINFO[0m Creating package script '/home/booster/Workspace/Booster_T1_3v3_Demo/install/brain/share/brain/package.ps1'
[8.297s] [34mcolcon.colcon_core.shell[0m [1;30mINFO[0m Creating package descriptor '/home/booster/Workspace/Booster_T1_3v3_Demo/install/brain/share/brain/package.dsv'
[8.300s] [34mcolcon.colcon_core.shell[0m [1;30mINFO[0m Creating package script '/home/booster/Workspace/Booster_T1_3v3_Demo/install/brain/share/brain/package.sh'
[8.301s] [34mcolcon.colcon_core.shell[0m [1;30mINFO[0m Creating package script '/home/booster/Workspace/Booster_T1_3v3_Demo/install/brain/share/brain/package.bash'
[8.303s] [34mcolcon.colcon_core.shell[0m [1;30mINFO[0m Creating package script '/home/booster/Workspace/Booster_T1_3v3_Demo/install/brain/share/brain/package.zsh'
[8.304s] [34mcolcon.colcon_core.environment[0m [1;30mLevel 1[0m create_file_with_runtime_dependencies(/home/booster/Workspace/Booster_T1_3v3_Demo/install/brain/share/colcon-core/packages/brain)
[8.305s] [34mcolcon.colcon_parallel_executor.executor.parallel[0m [1;30mDEBUG[0m [32mclosing loop[0m
[8.306s] [34mcolcon.colcon_parallel_executor.executor.parallel[0m [1;30mDEBUG[0m [32mloop closed[0m
[8.307s] [34mcolcon.colcon_parallel_executor.executor.parallel[0m [1;30mDEBUG[0m [32mrun_until_complete finished with '0'[0m
[8.307s] [34mcolcon.colcon_core.event_reactor[0m [1;30mDEBUG[0m [32mjoining thread[0m
[8.328s] [34mcolcon.colcon_core.plugin_system[0m [1;30mINFO[0m Skipping extension 'colcon_notification.desktop_notification.terminal_notifier': Not used on non-Darwin systems
[8.330s] [34mcolcon.colcon_core.plugin_system[0m [1;30mINFO[0m Skipping extension 'colcon_notification.desktop_notification.win32': Not used on non-Windows systems
[8.330s] [34mcolcon.colcon_notification.desktop_notification[0m [1;30mINFO[0m Sending desktop notification using 'notify2'
[8.331s] [34mcolcon.colcon_notification.desktop_notification.notify2[0m [1;30mDEBUG[0m [32mFailed to initialize notify2: org.freedesktop.DBus.Error.NotSupported: Unable to autolaunch a dbus-daemon without a $DISPLAY for X11[0m
[8.331s] [34mcolcon.colcon_core.event_reactor[0m [1;30mDEBUG[0m [32mjoined thread[0m
[8.333s] [34mcolcon.colcon_core.shell[0m [1;30mINFO[0m Creating prefix script '/home/booster/Workspace/Booster_T1_3v3_Demo/install/local_setup.ps1'
[8.336s] [34mcolcon.colcon_core.shell[0m [1;30mINFO[0m Creating prefix util module '/home/booster/Workspace/Booster_T1_3v3_Demo/install/_local_setup_util_ps1.py'
[8.339s] [34mcolcon.colcon_core.shell[0m [1;30mINFO[0m Creating prefix chain script '/home/booster/Workspace/Booster_T1_3v3_Demo/install/setup.ps1'
[8.341s] [34mcolcon.colcon_core.shell[0m [1;30mINFO[0m Creating prefix script '/home/booster/Workspace/Booster_T1_3v3_Demo/install/local_setup.sh'
[8.343s] [34mcolcon.colcon_core.shell[0m [1;30mINFO[0m Creating prefix util module '/home/booster/Workspace/Booster_T1_3v3_Demo/install/_local_setup_util_sh.py'
[8.345s] [34mcolcon.colcon_core.shell[0m [1;30mINFO[0m Creating prefix chain script '/home/booster/Workspace/Booster_T1_3v3_Demo/install/setup.sh'
[8.347s] [34mcolcon.colcon_core.shell[0m [1;30mINFO[0m Creating prefix script '/home/booster/Workspace/Booster_T1_3v3_Demo/install/local_setup.bash'
[8.349s] [34mcolcon.colcon_core.shell[0m [1;30mINFO[0m Creating prefix chain script '/home/booster/Workspace/Booster_T1_3v3_Demo/install/setup.bash'
[8.352s] [34mcolcon.colcon_core.shell[0m [1;30mINFO[0m Creating prefix script '/home/booster/Workspace/Booster_T1_3v3_Demo/install/local_setup.zsh'
[8.353s] [34mcolcon.colcon_core.shell[0m [1;30mINFO[0m Creating prefix chain script '/home/booster/Workspace/Booster_T1_3v3_Demo/install/setup.zsh'
