[0.000000] (-) TimerEvent: {}
[0.000309] (booster_interface) JobQueued: {'identifier': 'booster_interface', 'dependencies': OrderedDict()}
[0.000374] (booster_msgs) JobQueued: {'identifier': 'booster_msgs', 'dependencies': OrderedDict()}
[0.000411] (game_controller_interface) JobQueued: {'identifier': 'game_controller_interface', 'dependencies': OrderedDict()}
[0.000443] (sound_play) JobQueued: {'identifier': 'sound_play', 'dependencies': OrderedDict()}
[0.000473] (vision_interface) JobQueued: {'identifier': 'vision_interface', 'dependencies': OrderedDict()}
[0.000503] (brain) JobQueued: {'identifier': 'brain', 'dependencies': OrderedDict([('booster_interface', '/home/booster/Workspace/Booster_T1_3v3_Demo/install/booster_interface'), ('booster_msgs', '/home/booster/Workspace/Booster_T1_3v3_Demo/install/booster_msgs'), ('game_controller_interface', '/home/booster/Workspace/Booster_T1_3v3_Demo/install/game_controller_interface'), ('vision_interface', '/home/booster/Workspace/Booster_T1_3v3_Demo/install/vision_interface')])}
[0.000548] (game_controller) JobQueued: {'identifier': 'game_controller', 'dependencies': OrderedDict([('game_controller_interface', '/home/booster/Workspace/Booster_T1_3v3_Demo/install/game_controller_interface')])}
[0.000582] (vision) JobQueued: {'identifier': 'vision', 'dependencies': OrderedDict([('vision_interface', '/home/booster/Workspace/Booster_T1_3v3_Demo/install/vision_interface')])}
[0.000617] (game_controller_interface) JobStarted: {'identifier': 'game_controller_interface'}
[0.005658] (vision_interface) JobStarted: {'identifier': 'vision_interface'}
[0.011815] (booster_interface) JobStarted: {'identifier': 'booster_interface'}
[0.020796] (booster_msgs) JobStarted: {'identifier': 'booster_msgs'}
[0.041309] (sound_play) JobStarted: {'identifier': 'sound_play'}
[0.062670] (game_controller_interface) JobProgress: {'identifier': 'game_controller_interface', 'progress': 'cmake'}
[0.064291] (game_controller_interface) JobProgress: {'identifier': 'game_controller_interface', 'progress': 'build'}
[0.065991] (game_controller_interface) Command: {'cmd': ['/usr/bin/cmake', '--build', '/home/booster/Workspace/Booster_T1_3v3_Demo/build/game_controller_interface', '--', '-j5', '-l5'], 'cwd': '/home/booster/Workspace/Booster_T1_3v3_Demo/build/game_controller_interface', 'env': OrderedDict([('SUDO_GID', '0'), ('LESSOPEN', '| /usr/bin/lesspipe %s'), ('PYTHONWARNINGS', 'ignore::DeprecationWarning,ignore::UserWarning,ignore::FutureWarning'), ('MAIL', '/var/mail/root'), ('USER', 'root'), ('SHLVL', '2'), ('LD_LIBRARY_PATH', '/opt/ros/humble/opt/rviz_ogre_vendor/lib:/opt/ros/humble/lib/aarch64-linux-gnu:/opt/ros/humble/lib'), ('HOME', '/root'), ('OLDPWD', '/home/booster/Workspace/Booster_T1_3v3_Demo/scripts'), ('ROS_PYTHON_VERSION', '3'), ('COLORTERM', 'truecolor'), ('SUDO_UID', '0'), ('ROS_DISTRO', 'humble'), ('LOGNAME', 'root'), ('_', '/usr/bin/colcon'), ('ROS_VERSION', '2'), ('TERM', 'xterm-256color'), ('ROS_LOCALHOST_ONLY', '0'), ('PATH', '/opt/ros/humble/bin:/usr/local/sbin:/usr/local/bin:/usr/sbin:/usr/bin:/sbin:/bin:/usr/games:/usr/local/games:/snap/bin'), ('FASTRTPS_DEFAULT_PROFILES_FILE', '/opt/booster/BoosterRos2/fastdds_profile.xml'), ('LANG', 'en_US.UTF-8'), ('LS_COLORS', 'rs=0:di=01;34:ln=01;36:mh=00:pi=40;33:so=01;35:do=01;35:bd=40;33;01:cd=40;33;01:or=40;31;01:mi=00:su=37;41:sg=30;43:ca=30;41:tw=30;42:ow=34;42:st=37;44:ex=01;32:*.tar=01;31:*.tgz=01;31:*.arc=01;31:*.arj=01;31:*.taz=01;31:*.lha=01;31:*.lz4=01;31:*.lzh=01;31:*.lzma=01;31:*.tlz=01;31:*.txz=01;31:*.tzo=01;31:*.t7z=01;31:*.zip=01;31:*.z=01;31:*.dz=01;31:*.gz=01;31:*.lrz=01;31:*.lz=01;31:*.lzo=01;31:*.xz=01;31:*.zst=01;31:*.tzst=01;31:*.bz2=01;31:*.bz=01;31:*.tbz=01;31:*.tbz2=01;31:*.tz=01;31:*.deb=01;31:*.rpm=01;31:*.jar=01;31:*.war=01;31:*.ear=01;31:*.sar=01;31:*.rar=01;31:*.alz=01;31:*.ace=01;31:*.zoo=01;31:*.cpio=01;31:*.7z=01;31:*.rz=01;31:*.cab=01;31:*.wim=01;31:*.swm=01;31:*.dwm=01;31:*.esd=01;31:*.jpg=01;35:*.jpeg=01;35:*.mjpg=01;35:*.mjpeg=01;35:*.gif=01;35:*.bmp=01;35:*.pbm=01;35:*.pgm=01;35:*.ppm=01;35:*.tga=01;35:*.xbm=01;35:*.xpm=01;35:*.tif=01;35:*.tiff=01;35:*.png=01;35:*.svg=01;35:*.svgz=01;35:*.mng=01;35:*.pcx=01;35:*.mov=01;35:*.mpg=01;35:*.mpeg=01;35:*.m2v=01;35:*.mkv=01;35:*.webm=01;35:*.webp=01;35:*.ogm=01;35:*.mp4=01;35:*.m4v=01;35:*.mp4v=01;35:*.vob=01;35:*.qt=01;35:*.nuv=01;35:*.wmv=01;35:*.asf=01;35:*.rm=01;35:*.rmvb=01;35:*.flc=01;35:*.avi=01;35:*.fli=01;35:*.flv=01;35:*.gl=01;35:*.dl=01;35:*.xcf=01;35:*.xwd=01;35:*.yuv=01;35:*.cgm=01;35:*.emf=01;35:*.ogv=01;35:*.ogx=01;35:*.aac=00;36:*.au=00;36:*.flac=00;36:*.m4a=00;36:*.mid=00;36:*.midi=00;36:*.mka=00;36:*.mp3=00;36:*.mpc=00;36:*.ogg=00;36:*.ra=00;36:*.wav=00;36:*.oga=00;36:*.opus=00;36:*.spx=00;36:*.xspf=00;36:'), ('SUDO_COMMAND', '/usr/bin/su'), ('AMENT_PREFIX_PATH', '/opt/ros/humble'), ('SHELL', '/bin/bash'), ('SUDO_USER', 'root'), ('LESSCLOSE', '/usr/bin/lesspipe %s %s'), ('PWD', '/home/booster/Workspace/Booster_T1_3v3_Demo/build/game_controller_interface'), ('PYTHONPATH', '/opt/ros/humble/lib/python3.10/site-packages:/opt/ros/humble/local/lib/python3.10/dist-packages'), ('COLCON', '1'), ('CMAKE_PREFIX_PATH', '/opt/ros/humble')]), 'shell': False}
[0.070643] (vision_interface) JobProgress: {'identifier': 'vision_interface', 'progress': 'cmake'}
[0.072467] (vision_interface) JobProgress: {'identifier': 'vision_interface', 'progress': 'build'}
[0.073222] (vision_interface) Command: {'cmd': ['/usr/bin/cmake', '--build', '/home/booster/Workspace/Booster_T1_3v3_Demo/build/vision_interface', '--', '-j5', '-l5'], 'cwd': '/home/booster/Workspace/Booster_T1_3v3_Demo/build/vision_interface', 'env': OrderedDict([('SUDO_GID', '0'), ('LESSOPEN', '| /usr/bin/lesspipe %s'), ('PYTHONWARNINGS', 'ignore::DeprecationWarning,ignore::UserWarning,ignore::FutureWarning'), ('MAIL', '/var/mail/root'), ('USER', 'root'), ('SHLVL', '2'), ('LD_LIBRARY_PATH', '/opt/ros/humble/opt/rviz_ogre_vendor/lib:/opt/ros/humble/lib/aarch64-linux-gnu:/opt/ros/humble/lib'), ('HOME', '/root'), ('OLDPWD', '/home/booster/Workspace/Booster_T1_3v3_Demo/scripts'), ('ROS_PYTHON_VERSION', '3'), ('COLORTERM', 'truecolor'), ('SUDO_UID', '0'), ('ROS_DISTRO', 'humble'), ('LOGNAME', 'root'), ('_', '/usr/bin/colcon'), ('ROS_VERSION', '2'), ('TERM', 'xterm-256color'), ('ROS_LOCALHOST_ONLY', '0'), ('PATH', '/opt/ros/humble/bin:/usr/local/sbin:/usr/local/bin:/usr/sbin:/usr/bin:/sbin:/bin:/usr/games:/usr/local/games:/snap/bin'), ('FASTRTPS_DEFAULT_PROFILES_FILE', '/opt/booster/BoosterRos2/fastdds_profile.xml'), ('LANG', 'en_US.UTF-8'), ('LS_COLORS', 'rs=0:di=01;34:ln=01;36:mh=00:pi=40;33:so=01;35:do=01;35:bd=40;33;01:cd=40;33;01:or=40;31;01:mi=00:su=37;41:sg=30;43:ca=30;41:tw=30;42:ow=34;42:st=37;44:ex=01;32:*.tar=01;31:*.tgz=01;31:*.arc=01;31:*.arj=01;31:*.taz=01;31:*.lha=01;31:*.lz4=01;31:*.lzh=01;31:*.lzma=01;31:*.tlz=01;31:*.txz=01;31:*.tzo=01;31:*.t7z=01;31:*.zip=01;31:*.z=01;31:*.dz=01;31:*.gz=01;31:*.lrz=01;31:*.lz=01;31:*.lzo=01;31:*.xz=01;31:*.zst=01;31:*.tzst=01;31:*.bz2=01;31:*.bz=01;31:*.tbz=01;31:*.tbz2=01;31:*.tz=01;31:*.deb=01;31:*.rpm=01;31:*.jar=01;31:*.war=01;31:*.ear=01;31:*.sar=01;31:*.rar=01;31:*.alz=01;31:*.ace=01;31:*.zoo=01;31:*.cpio=01;31:*.7z=01;31:*.rz=01;31:*.cab=01;31:*.wim=01;31:*.swm=01;31:*.dwm=01;31:*.esd=01;31:*.jpg=01;35:*.jpeg=01;35:*.mjpg=01;35:*.mjpeg=01;35:*.gif=01;35:*.bmp=01;35:*.pbm=01;35:*.pgm=01;35:*.ppm=01;35:*.tga=01;35:*.xbm=01;35:*.xpm=01;35:*.tif=01;35:*.tiff=01;35:*.png=01;35:*.svg=01;35:*.svgz=01;35:*.mng=01;35:*.pcx=01;35:*.mov=01;35:*.mpg=01;35:*.mpeg=01;35:*.m2v=01;35:*.mkv=01;35:*.webm=01;35:*.webp=01;35:*.ogm=01;35:*.mp4=01;35:*.m4v=01;35:*.mp4v=01;35:*.vob=01;35:*.qt=01;35:*.nuv=01;35:*.wmv=01;35:*.asf=01;35:*.rm=01;35:*.rmvb=01;35:*.flc=01;35:*.avi=01;35:*.fli=01;35:*.flv=01;35:*.gl=01;35:*.dl=01;35:*.xcf=01;35:*.xwd=01;35:*.yuv=01;35:*.cgm=01;35:*.emf=01;35:*.ogv=01;35:*.ogx=01;35:*.aac=00;36:*.au=00;36:*.flac=00;36:*.m4a=00;36:*.mid=00;36:*.midi=00;36:*.mka=00;36:*.mp3=00;36:*.mpc=00;36:*.ogg=00;36:*.ra=00;36:*.wav=00;36:*.oga=00;36:*.opus=00;36:*.spx=00;36:*.xspf=00;36:'), ('SUDO_COMMAND', '/usr/bin/su'), ('AMENT_PREFIX_PATH', '/opt/ros/humble'), ('SHELL', '/bin/bash'), ('SUDO_USER', 'root'), ('LESSCLOSE', '/usr/bin/lesspipe %s %s'), ('PWD', '/home/booster/Workspace/Booster_T1_3v3_Demo/build/vision_interface'), ('PYTHONPATH', '/opt/ros/humble/lib/python3.10/site-packages:/opt/ros/humble/local/lib/python3.10/dist-packages'), ('COLCON', '1'), ('CMAKE_PREFIX_PATH', '/opt/ros/humble')]), 'shell': False}
[0.086202] (-) TimerEvent: {}
[0.107792] (booster_interface) JobProgress: {'identifier': 'booster_interface', 'progress': 'cmake'}
[0.109240] (booster_interface) JobProgress: {'identifier': 'booster_interface', 'progress': 'build'}
[0.109947] (booster_interface) Command: {'cmd': ['/usr/bin/cmake', '--build', '/home/booster/Workspace/Booster_T1_3v3_Demo/build/booster_interface', '--', '-j5', '-l5'], 'cwd': '/home/booster/Workspace/Booster_T1_3v3_Demo/build/booster_interface', 'env': OrderedDict([('SUDO_GID', '0'), ('LESSOPEN', '| /usr/bin/lesspipe %s'), ('PYTHONWARNINGS', 'ignore::DeprecationWarning,ignore::UserWarning,ignore::FutureWarning'), ('MAIL', '/var/mail/root'), ('USER', 'root'), ('SHLVL', '2'), ('LD_LIBRARY_PATH', '/opt/ros/humble/opt/rviz_ogre_vendor/lib:/opt/ros/humble/lib/aarch64-linux-gnu:/opt/ros/humble/lib'), ('HOME', '/root'), ('OLDPWD', '/home/booster/Workspace/Booster_T1_3v3_Demo/scripts'), ('ROS_PYTHON_VERSION', '3'), ('COLORTERM', 'truecolor'), ('SUDO_UID', '0'), ('ROS_DISTRO', 'humble'), ('LOGNAME', 'root'), ('_', '/usr/bin/colcon'), ('ROS_VERSION', '2'), ('TERM', 'xterm-256color'), ('ROS_LOCALHOST_ONLY', '0'), ('PATH', '/opt/ros/humble/bin:/usr/local/sbin:/usr/local/bin:/usr/sbin:/usr/bin:/sbin:/bin:/usr/games:/usr/local/games:/snap/bin'), ('FASTRTPS_DEFAULT_PROFILES_FILE', '/opt/booster/BoosterRos2/fastdds_profile.xml'), ('LANG', 'en_US.UTF-8'), ('LS_COLORS', 'rs=0:di=01;34:ln=01;36:mh=00:pi=40;33:so=01;35:do=01;35:bd=40;33;01:cd=40;33;01:or=40;31;01:mi=00:su=37;41:sg=30;43:ca=30;41:tw=30;42:ow=34;42:st=37;44:ex=01;32:*.tar=01;31:*.tgz=01;31:*.arc=01;31:*.arj=01;31:*.taz=01;31:*.lha=01;31:*.lz4=01;31:*.lzh=01;31:*.lzma=01;31:*.tlz=01;31:*.txz=01;31:*.tzo=01;31:*.t7z=01;31:*.zip=01;31:*.z=01;31:*.dz=01;31:*.gz=01;31:*.lrz=01;31:*.lz=01;31:*.lzo=01;31:*.xz=01;31:*.zst=01;31:*.tzst=01;31:*.bz2=01;31:*.bz=01;31:*.tbz=01;31:*.tbz2=01;31:*.tz=01;31:*.deb=01;31:*.rpm=01;31:*.jar=01;31:*.war=01;31:*.ear=01;31:*.sar=01;31:*.rar=01;31:*.alz=01;31:*.ace=01;31:*.zoo=01;31:*.cpio=01;31:*.7z=01;31:*.rz=01;31:*.cab=01;31:*.wim=01;31:*.swm=01;31:*.dwm=01;31:*.esd=01;31:*.jpg=01;35:*.jpeg=01;35:*.mjpg=01;35:*.mjpeg=01;35:*.gif=01;35:*.bmp=01;35:*.pbm=01;35:*.pgm=01;35:*.ppm=01;35:*.tga=01;35:*.xbm=01;35:*.xpm=01;35:*.tif=01;35:*.tiff=01;35:*.png=01;35:*.svg=01;35:*.svgz=01;35:*.mng=01;35:*.pcx=01;35:*.mov=01;35:*.mpg=01;35:*.mpeg=01;35:*.m2v=01;35:*.mkv=01;35:*.webm=01;35:*.webp=01;35:*.ogm=01;35:*.mp4=01;35:*.m4v=01;35:*.mp4v=01;35:*.vob=01;35:*.qt=01;35:*.nuv=01;35:*.wmv=01;35:*.asf=01;35:*.rm=01;35:*.rmvb=01;35:*.flc=01;35:*.avi=01;35:*.fli=01;35:*.flv=01;35:*.gl=01;35:*.dl=01;35:*.xcf=01;35:*.xwd=01;35:*.yuv=01;35:*.cgm=01;35:*.emf=01;35:*.ogv=01;35:*.ogx=01;35:*.aac=00;36:*.au=00;36:*.flac=00;36:*.m4a=00;36:*.mid=00;36:*.midi=00;36:*.mka=00;36:*.mp3=00;36:*.mpc=00;36:*.ogg=00;36:*.ra=00;36:*.wav=00;36:*.oga=00;36:*.opus=00;36:*.spx=00;36:*.xspf=00;36:'), ('SUDO_COMMAND', '/usr/bin/su'), ('AMENT_PREFIX_PATH', '/opt/ros/humble'), ('SHELL', '/bin/bash'), ('SUDO_USER', 'root'), ('LESSCLOSE', '/usr/bin/lesspipe %s %s'), ('PWD', '/home/booster/Workspace/Booster_T1_3v3_Demo/build/booster_interface'), ('PYTHONPATH', '/opt/ros/humble/lib/python3.10/site-packages:/opt/ros/humble/local/lib/python3.10/dist-packages'), ('COLCON', '1'), ('CMAKE_PREFIX_PATH', '/opt/ros/humble')]), 'shell': False}
[0.126420] (booster_msgs) JobProgress: {'identifier': 'booster_msgs', 'progress': 'cmake'}
[0.127901] (booster_msgs) JobProgress: {'identifier': 'booster_msgs', 'progress': 'build'}
[0.128467] (booster_msgs) Command: {'cmd': ['/usr/bin/cmake', '--build', '/home/booster/Workspace/Booster_T1_3v3_Demo/build/booster_msgs', '--', '-j5', '-l5'], 'cwd': '/home/booster/Workspace/Booster_T1_3v3_Demo/build/booster_msgs', 'env': OrderedDict([('SUDO_GID', '0'), ('LESSOPEN', '| /usr/bin/lesspipe %s'), ('PYTHONWARNINGS', 'ignore::DeprecationWarning,ignore::UserWarning,ignore::FutureWarning'), ('MAIL', '/var/mail/root'), ('USER', 'root'), ('SHLVL', '2'), ('LD_LIBRARY_PATH', '/opt/ros/humble/opt/rviz_ogre_vendor/lib:/opt/ros/humble/lib/aarch64-linux-gnu:/opt/ros/humble/lib'), ('HOME', '/root'), ('OLDPWD', '/home/booster/Workspace/Booster_T1_3v3_Demo/scripts'), ('ROS_PYTHON_VERSION', '3'), ('COLORTERM', 'truecolor'), ('SUDO_UID', '0'), ('ROS_DISTRO', 'humble'), ('LOGNAME', 'root'), ('_', '/usr/bin/colcon'), ('ROS_VERSION', '2'), ('TERM', 'xterm-256color'), ('ROS_LOCALHOST_ONLY', '0'), ('PATH', '/opt/ros/humble/bin:/usr/local/sbin:/usr/local/bin:/usr/sbin:/usr/bin:/sbin:/bin:/usr/games:/usr/local/games:/snap/bin'), ('FASTRTPS_DEFAULT_PROFILES_FILE', '/opt/booster/BoosterRos2/fastdds_profile.xml'), ('LANG', 'en_US.UTF-8'), ('LS_COLORS', 'rs=0:di=01;34:ln=01;36:mh=00:pi=40;33:so=01;35:do=01;35:bd=40;33;01:cd=40;33;01:or=40;31;01:mi=00:su=37;41:sg=30;43:ca=30;41:tw=30;42:ow=34;42:st=37;44:ex=01;32:*.tar=01;31:*.tgz=01;31:*.arc=01;31:*.arj=01;31:*.taz=01;31:*.lha=01;31:*.lz4=01;31:*.lzh=01;31:*.lzma=01;31:*.tlz=01;31:*.txz=01;31:*.tzo=01;31:*.t7z=01;31:*.zip=01;31:*.z=01;31:*.dz=01;31:*.gz=01;31:*.lrz=01;31:*.lz=01;31:*.lzo=01;31:*.xz=01;31:*.zst=01;31:*.tzst=01;31:*.bz2=01;31:*.bz=01;31:*.tbz=01;31:*.tbz2=01;31:*.tz=01;31:*.deb=01;31:*.rpm=01;31:*.jar=01;31:*.war=01;31:*.ear=01;31:*.sar=01;31:*.rar=01;31:*.alz=01;31:*.ace=01;31:*.zoo=01;31:*.cpio=01;31:*.7z=01;31:*.rz=01;31:*.cab=01;31:*.wim=01;31:*.swm=01;31:*.dwm=01;31:*.esd=01;31:*.jpg=01;35:*.jpeg=01;35:*.mjpg=01;35:*.mjpeg=01;35:*.gif=01;35:*.bmp=01;35:*.pbm=01;35:*.pgm=01;35:*.ppm=01;35:*.tga=01;35:*.xbm=01;35:*.xpm=01;35:*.tif=01;35:*.tiff=01;35:*.png=01;35:*.svg=01;35:*.svgz=01;35:*.mng=01;35:*.pcx=01;35:*.mov=01;35:*.mpg=01;35:*.mpeg=01;35:*.m2v=01;35:*.mkv=01;35:*.webm=01;35:*.webp=01;35:*.ogm=01;35:*.mp4=01;35:*.m4v=01;35:*.mp4v=01;35:*.vob=01;35:*.qt=01;35:*.nuv=01;35:*.wmv=01;35:*.asf=01;35:*.rm=01;35:*.rmvb=01;35:*.flc=01;35:*.avi=01;35:*.fli=01;35:*.flv=01;35:*.gl=01;35:*.dl=01;35:*.xcf=01;35:*.xwd=01;35:*.yuv=01;35:*.cgm=01;35:*.emf=01;35:*.ogv=01;35:*.ogx=01;35:*.aac=00;36:*.au=00;36:*.flac=00;36:*.m4a=00;36:*.mid=00;36:*.midi=00;36:*.mka=00;36:*.mp3=00;36:*.mpc=00;36:*.ogg=00;36:*.ra=00;36:*.wav=00;36:*.oga=00;36:*.opus=00;36:*.spx=00;36:*.xspf=00;36:'), ('SUDO_COMMAND', '/usr/bin/su'), ('AMENT_PREFIX_PATH', '/opt/ros/humble'), ('SHELL', '/bin/bash'), ('SUDO_USER', 'root'), ('LESSCLOSE', '/usr/bin/lesspipe %s %s'), ('PWD', '/home/booster/Workspace/Booster_T1_3v3_Demo/build/booster_msgs'), ('PYTHONPATH', '/opt/ros/humble/lib/python3.10/site-packages:/opt/ros/humble/local/lib/python3.10/dist-packages'), ('COLCON', '1'), ('CMAKE_PREFIX_PATH', '/opt/ros/humble')]), 'shell': False}
[0.186328] (-) TimerEvent: {}
[0.286894] (-) TimerEvent: {}
[0.387436] (-) TimerEvent: {}
[0.488054] (-) TimerEvent: {}
[0.588983] (-) TimerEvent: {}
[0.689508] (-) TimerEvent: {}
[0.790086] (-) TimerEvent: {}
[0.890986] (-) TimerEvent: {}
[0.992602] (-) TimerEvent: {}
[1.093161] (-) TimerEvent: {}
[1.193717] (-) TimerEvent: {}
[1.294249] (-) TimerEvent: {}
[1.394818] (-) TimerEvent: {}
[1.495688] (-) TimerEvent: {}
[1.596411] (-) TimerEvent: {}
[1.696991] (-) TimerEvent: {}
[1.703172] (game_controller_interface) StdoutLine: {'line': b'[  2%] Built target game_controller_interface__cpp\n'}
[1.703593] (game_controller_interface) StdoutLine: {'line': b'[  2%] Built target ament_cmake_python_symlink_game_controller_interface\n'}
[1.703746] (game_controller_interface) StdoutLine: {'line': b'[ 12%] Built target game_controller_interface__rosidl_typesupport_introspection_cpp\n'}
[1.708539] (game_controller_interface) StdoutLine: {'line': b'running egg_info\n'}
[1.708744] (game_controller_interface) StdoutLine: {'line': b'writing game_controller_interface.egg-info/PKG-INFO\n'}
[1.708871] (game_controller_interface) StdoutLine: {'line': b'writing dependency_links to game_controller_interface.egg-info/dependency_links.txt\n'}
[1.709015] (game_controller_interface) StdoutLine: {'line': b'writing top-level names to game_controller_interface.egg-info/top_level.txt\n'}
[1.709125] (game_controller_interface) StdoutLine: {'line': b"reading manifest file 'game_controller_interface.egg-info/SOURCES.txt'\n"}
[1.709238] (game_controller_interface) StdoutLine: {'line': b"writing manifest file 'game_controller_interface.egg-info/SOURCES.txt'\n"}
[1.736837] (vision_interface) StdoutLine: {'line': b'[  0%] Built target vision_interface__cpp\n'}
[1.738974] (vision_interface) StdoutLine: {'line': b'[  0%] Built target ament_cmake_python_symlink_vision_interface\n'}
[1.739258] (vision_interface) StdoutLine: {'line': b'[ 12%] Built target vision_interface__rosidl_typesupport_introspection_cpp\n'}
[1.740562] (vision_interface) StdoutLine: {'line': b'running egg_info\n'}
[1.740735] (vision_interface) StdoutLine: {'line': b'writing vision_interface.egg-info/PKG-INFO\n'}
[1.740861] (vision_interface) StdoutLine: {'line': b'writing dependency_links to vision_interface.egg-info/dependency_links.txt\n'}
[1.740975] (vision_interface) StdoutLine: {'line': b'writing top-level names to vision_interface.egg-info/top_level.txt\n'}
[1.741080] (vision_interface) StdoutLine: {'line': b"reading manifest file 'vision_interface.egg-info/SOURCES.txt'\n"}
[1.741187] (vision_interface) StdoutLine: {'line': b"writing manifest file 'vision_interface.egg-info/SOURCES.txt'\n"}
[1.741291] (vision_interface) StdoutLine: {'line': b'[ 12%] Built target ament_cmake_python_build_vision_interface_egg\n'}
[1.741397] (vision_interface) StdoutLine: {'line': b'[ 23%] Built target vision_interface__rosidl_typesupport_fastrtps_cpp\n'}
[1.741500] (vision_interface) StdoutLine: {'line': b'[ 35%] Built target vision_interface__rosidl_typesupport_cpp\n'}
[1.747603] (vision_interface) StdoutLine: {'line': b'[ 47%] Built target vision_interface__rosidl_generator_c\n'}
[1.750085] (booster_interface) StdoutLine: {'line': b'[  0%] Built target booster_interface__cpp\n'}
[1.750549] (booster_interface) StdoutLine: {'line': b'[  0%] Built target ament_cmake_python_symlink_booster_interface\n'}
[1.750712] (booster_interface) StdoutLine: {'line': b'[ 12%] Built target booster_interface__rosidl_typesupport_introspection_cpp\n'}
[1.750841] (booster_interface) StdoutLine: {'line': b'running egg_info\n'}
[1.750959] (booster_interface) StdoutLine: {'line': b'writing booster_interface.egg-info/PKG-INFO\n'}
[1.751068] (booster_interface) StdoutLine: {'line': b'writing dependency_links to booster_interface.egg-info/dependency_links.txt\n'}
[1.751173] (booster_interface) StdoutLine: {'line': b'writing top-level names to booster_interface.egg-info/top_level.txt\n'}
[1.751273] (booster_interface) StdoutLine: {'line': b"reading manifest file 'booster_interface.egg-info/SOURCES.txt'\n"}
[1.751387] (booster_interface) StdoutLine: {'line': b"writing manifest file 'booster_interface.egg-info/SOURCES.txt'\n"}
[1.751490] (booster_interface) StdoutLine: {'line': b'[ 12%] Built target ament_cmake_python_build_booster_interface_egg\n'}
[1.758093] (vision_interface) StdoutLine: {'line': b'[ 59%] Built target vision_interface__rosidl_typesupport_fastrtps_c\n'}
[1.771167] (booster_msgs) StdoutLine: {'line': b'[  2%] Built target booster_msgs__cpp\n'}
[1.771669] (booster_msgs) StdoutLine: {'line': b'[  2%] Built target ament_cmake_python_symlink_booster_msgs\n'}
[1.771849] (booster_msgs) StdoutLine: {'line': b'[ 12%] Built target booster_msgs__rosidl_typesupport_cpp\n'}
[1.774310] (booster_interface) StdoutLine: {'line': b'[ 24%] Built target booster_interface__rosidl_typesupport_fastrtps_cpp\n'}
[1.797575] (-) TimerEvent: {}
[1.863192] (game_controller_interface) StdoutLine: {'line': b'[ 12%] Built target ament_cmake_python_build_game_controller_interface_egg\n'}
[1.886523] (booster_msgs) StdoutLine: {'line': b'running egg_info\n'}
[1.888351] (vision_interface) StdoutLine: {'line': b'[ 70%] Built target vision_interface__rosidl_typesupport_c\n'}
[1.888705] (booster_msgs) StdoutLine: {'line': b'writing booster_msgs.egg-info/PKG-INFO\n'}
[1.889404] (booster_msgs) StdoutLine: {'line': b'writing dependency_links to booster_msgs.egg-info/dependency_links.txt\n'}
[1.889899] (booster_msgs) StdoutLine: {'line': b'writing top-level names to booster_msgs.egg-info/top_level.txt\n'}
[1.897845] (-) TimerEvent: {}
[1.901598] (booster_msgs) StdoutLine: {'line': b"reading manifest file 'booster_msgs.egg-info/SOURCES.txt'\n"}
[1.905024] (booster_interface) StdoutLine: {'line': b'[ 36%] Built target booster_interface__rosidl_typesupport_cpp\n'}
[1.905386] (booster_msgs) StdoutLine: {'line': b"writing manifest file 'booster_msgs.egg-info/SOURCES.txt'\n"}
[1.969112] (game_controller_interface) StdoutLine: {'line': b'[ 23%] Built target game_controller_interface__rosidl_typesupport_fastrtps_cpp\n'}
[1.982805] (booster_interface) StdoutLine: {'line': b'[ 48%] Built target booster_interface__rosidl_generator_c\n'}
[1.998091] (-) TimerEvent: {}
[2.007523] (vision_interface) StdoutLine: {'line': b'[ 82%] Built target vision_interface__rosidl_typesupport_introspection_c\n'}
[2.022331] (booster_msgs) StdoutLine: {'line': b'[ 12%] Built target ament_cmake_python_build_booster_msgs_egg\n'}
[2.031990] (game_controller_interface) StdoutLine: {'line': b'[ 34%] Built target game_controller_interface__rosidl_typesupport_cpp\n'}
[2.088258] (vision_interface) StdoutLine: {'line': b'[ 82%] Built target vision_interface\n'}
[2.098243] (-) TimerEvent: {}
[2.114534] (game_controller_interface) StdoutLine: {'line': b'[ 44%] Built target game_controller_interface__rosidl_generator_c\n'}
[2.144264] (vision_interface) StdoutLine: {'line': b'[ 83%] Built target vision_interface__py\n'}
[2.157817] (booster_msgs) StdoutLine: {'line': b'[ 23%] Built target booster_msgs__rosidl_typesupport_introspection_cpp\n'}
[2.167580] (booster_interface) StdoutLine: {'line': b'[ 60%] Built target booster_interface__rosidl_typesupport_fastrtps_c\n'}
[2.199419] (-) TimerEvent: {}
[2.213783] (game_controller_interface) StdoutLine: {'line': b'[ 55%] Built target game_controller_interface__rosidl_typesupport_fastrtps_c\n'}
[2.230863] (vision_interface) StdoutLine: {'line': b'[ 94%] Built target vision_interface__rosidl_generator_py\n'}
[2.253307] (booster_msgs) StdoutLine: {'line': b'[ 34%] Built target booster_msgs__rosidl_typesupport_fastrtps_cpp\n'}
[2.266767] (booster_interface) StdoutLine: {'line': b'[ 72%] Built target booster_interface__rosidl_typesupport_c\n'}
[2.299567] (-) TimerEvent: {}
[2.302158] (vision_interface) StdoutLine: {'line': b'[ 96%] Built target vision_interface__rosidl_typesupport_fastrtps_c__pyext\n'}
[2.321213] (game_controller_interface) StdoutLine: {'line': b'[ 65%] Built target game_controller_interface__rosidl_typesupport_c\n'}
[2.347485] (booster_msgs) StdoutLine: {'line': b'[ 44%] Built target booster_msgs__rosidl_generator_c\n'}
[2.358680] (booster_interface) StdoutLine: {'line': b'[ 84%] Built target booster_interface__rosidl_typesupport_introspection_c\n'}
[2.371447] (vision_interface) StdoutLine: {'line': b'[ 98%] Built target vision_interface__rosidl_typesupport_c__pyext\n'}
[2.399701] (-) TimerEvent: {}
[2.445449] (game_controller_interface) StdoutLine: {'line': b'[ 76%] Built target game_controller_interface__rosidl_typesupport_introspection_c\n'}
[2.452001] (booster_msgs) StdoutLine: {'line': b'[ 55%] Built target booster_msgs__rosidl_typesupport_fastrtps_c\n'}
[2.465946] (booster_interface) StdoutLine: {'line': b'[ 84%] Built target booster_interface\n'}
[2.477703] (vision_interface) StdoutLine: {'line': b'[100%] Built target vision_interface__rosidl_typesupport_introspection_c__pyext\n'}
[2.499843] (-) TimerEvent: {}
[2.545637] (vision_interface) CommandEnded: {'returncode': 0}
[2.547531] (vision_interface) JobProgress: {'identifier': 'vision_interface', 'progress': 'install'}
[2.548172] (game_controller_interface) StdoutLine: {'line': b'[ 76%] Built target game_controller_interface\n'}
[2.571398] (booster_msgs) StdoutLine: {'line': b'[ 65%] Built target booster_msgs__rosidl_typesupport_c\n'}
[2.600785] (vision_interface) Command: {'cmd': ['/usr/bin/cmake', '--install', '/home/booster/Workspace/Booster_T1_3v3_Demo/build/vision_interface'], 'cwd': '/home/booster/Workspace/Booster_T1_3v3_Demo/build/vision_interface', 'env': OrderedDict([('SUDO_GID', '0'), ('LESSOPEN', '| /usr/bin/lesspipe %s'), ('PYTHONWARNINGS', 'ignore::DeprecationWarning,ignore::UserWarning,ignore::FutureWarning'), ('MAIL', '/var/mail/root'), ('USER', 'root'), ('SHLVL', '2'), ('LD_LIBRARY_PATH', '/opt/ros/humble/opt/rviz_ogre_vendor/lib:/opt/ros/humble/lib/aarch64-linux-gnu:/opt/ros/humble/lib'), ('HOME', '/root'), ('OLDPWD', '/home/booster/Workspace/Booster_T1_3v3_Demo/scripts'), ('ROS_PYTHON_VERSION', '3'), ('COLORTERM', 'truecolor'), ('SUDO_UID', '0'), ('ROS_DISTRO', 'humble'), ('LOGNAME', 'root'), ('_', '/usr/bin/colcon'), ('ROS_VERSION', '2'), ('TERM', 'xterm-256color'), ('ROS_LOCALHOST_ONLY', '0'), ('PATH', '/opt/ros/humble/bin:/usr/local/sbin:/usr/local/bin:/usr/sbin:/usr/bin:/sbin:/bin:/usr/games:/usr/local/games:/snap/bin'), ('FASTRTPS_DEFAULT_PROFILES_FILE', '/opt/booster/BoosterRos2/fastdds_profile.xml'), ('LANG', 'en_US.UTF-8'), ('LS_COLORS', 'rs=0:di=01;34:ln=01;36:mh=00:pi=40;33:so=01;35:do=01;35:bd=40;33;01:cd=40;33;01:or=40;31;01:mi=00:su=37;41:sg=30;43:ca=30;41:tw=30;42:ow=34;42:st=37;44:ex=01;32:*.tar=01;31:*.tgz=01;31:*.arc=01;31:*.arj=01;31:*.taz=01;31:*.lha=01;31:*.lz4=01;31:*.lzh=01;31:*.lzma=01;31:*.tlz=01;31:*.txz=01;31:*.tzo=01;31:*.t7z=01;31:*.zip=01;31:*.z=01;31:*.dz=01;31:*.gz=01;31:*.lrz=01;31:*.lz=01;31:*.lzo=01;31:*.xz=01;31:*.zst=01;31:*.tzst=01;31:*.bz2=01;31:*.bz=01;31:*.tbz=01;31:*.tbz2=01;31:*.tz=01;31:*.deb=01;31:*.rpm=01;31:*.jar=01;31:*.war=01;31:*.ear=01;31:*.sar=01;31:*.rar=01;31:*.alz=01;31:*.ace=01;31:*.zoo=01;31:*.cpio=01;31:*.7z=01;31:*.rz=01;31:*.cab=01;31:*.wim=01;31:*.swm=01;31:*.dwm=01;31:*.esd=01;31:*.jpg=01;35:*.jpeg=01;35:*.mjpg=01;35:*.mjpeg=01;35:*.gif=01;35:*.bmp=01;35:*.pbm=01;35:*.pgm=01;35:*.ppm=01;35:*.tga=01;35:*.xbm=01;35:*.xpm=01;35:*.tif=01;35:*.tiff=01;35:*.png=01;35:*.svg=01;35:*.svgz=01;35:*.mng=01;35:*.pcx=01;35:*.mov=01;35:*.mpg=01;35:*.mpeg=01;35:*.m2v=01;35:*.mkv=01;35:*.webm=01;35:*.webp=01;35:*.ogm=01;35:*.mp4=01;35:*.m4v=01;35:*.mp4v=01;35:*.vob=01;35:*.qt=01;35:*.nuv=01;35:*.wmv=01;35:*.asf=01;35:*.rm=01;35:*.rmvb=01;35:*.flc=01;35:*.avi=01;35:*.fli=01;35:*.flv=01;35:*.gl=01;35:*.dl=01;35:*.xcf=01;35:*.xwd=01;35:*.yuv=01;35:*.cgm=01;35:*.emf=01;35:*.ogv=01;35:*.ogx=01;35:*.aac=00;36:*.au=00;36:*.flac=00;36:*.m4a=00;36:*.mid=00;36:*.midi=00;36:*.mka=00;36:*.mp3=00;36:*.mpc=00;36:*.ogg=00;36:*.ra=00;36:*.wav=00;36:*.oga=00;36:*.opus=00;36:*.spx=00;36:*.xspf=00;36:'), ('SUDO_COMMAND', '/usr/bin/su'), ('AMENT_PREFIX_PATH', '/opt/ros/humble'), ('SHELL', '/bin/bash'), ('SUDO_USER', 'root'), ('LESSCLOSE', '/usr/bin/lesspipe %s %s'), ('PWD', '/home/booster/Workspace/Booster_T1_3v3_Demo/build/vision_interface'), ('PYTHONPATH', '/opt/ros/humble/lib/python3.10/site-packages:/opt/ros/humble/local/lib/python3.10/dist-packages'), ('COLCON', '1'), ('CMAKE_PREFIX_PATH', '/opt/ros/humble')]), 'shell': False}
[2.601843] (-) TimerEvent: {}
[2.608089] (booster_interface) StdoutLine: {'line': b'[ 85%] Built target booster_interface__py\n'}
[2.645336] (game_controller_interface) StdoutLine: {'line': b'[ 78%] Built target game_controller_interface__py\n'}
[2.668748] (vision_interface) StdoutLine: {'line': b'-- Install configuration: ""\n'}
[2.684994] (vision_interface) StdoutLine: {'line': b'-- Execute custom install script\n'}
[2.691834] (vision_interface) StdoutLine: {'line': b'-- Up-to-date symlink: /home/booster/Workspace/Booster_T1_3v3_Demo/install/vision_interface/share/ament_index/resource_index/rosidl_interfaces/vision_interface\n'}
[2.702181] (booster_msgs) StdoutLine: {'line': b'[ 76%] Built target booster_msgs__rosidl_typesupport_introspection_c\n'}
[2.702607] (-) TimerEvent: {}
[2.717367] (booster_interface) StdoutLine: {'line': b'[ 96%] Built target booster_interface__rosidl_generator_py\n'}
[2.731215] (vision_interface) StdoutLine: {'line': b'-- Up-to-date symlink: /home/booster/Workspace/Booster_T1_3v3_Demo/install/vision_interface/include/vision_interface/vision_interface/msg/ball.h\n'}
[2.731740] (vision_interface) StdoutLine: {'line': b'-- Up-to-date symlink: /home/booster/Workspace/Booster_T1_3v3_Demo/install/vision_interface/include/vision_interface/vision_interface/msg/cal_param.h\n'}
[2.731891] (vision_interface) StdoutLine: {'line': b'-- Up-to-date symlink: /home/booster/Workspace/Booster_T1_3v3_Demo/install/vision_interface/include/vision_interface/vision_interface/msg/detail/ball__functions.h\n'}
[2.732013] (vision_interface) StdoutLine: {'line': b'-- Up-to-date symlink: /home/booster/Workspace/Booster_T1_3v3_Demo/install/vision_interface/include/vision_interface/vision_interface/msg/detail/ball__struct.h\n'}
[2.732129] (vision_interface) StdoutLine: {'line': b'-- Up-to-date symlink: /home/booster/Workspace/Booster_T1_3v3_Demo/install/vision_interface/include/vision_interface/vision_interface/msg/detail/ball__type_support.h\n'}
[2.735318] (vision_interface) StdoutLine: {'line': b'-- Up-to-date symlink: /home/booster/Workspace/Booster_T1_3v3_Demo/install/vision_interface/include/vision_interface/vision_interface/msg/detail/cal_param__functions.h\n'}
[2.735741] (vision_interface) StdoutLine: {'line': b'-- Up-to-date symlink: /home/booster/Workspace/Booster_T1_3v3_Demo/install/vision_interface/include/vision_interface/vision_interface/msg/detail/cal_param__struct.h\n'}
[2.735874] (vision_interface) StdoutLine: {'line': b'-- Up-to-date symlink: /home/booster/Workspace/Booster_T1_3v3_Demo/install/vision_interface/include/vision_interface/vision_interface/msg/detail/cal_param__type_support.h\n'}
[2.735991] (vision_interface) StdoutLine: {'line': b'-- Up-to-date symlink: /home/booster/Workspace/Booster_T1_3v3_Demo/install/vision_interface/include/vision_interface/vision_interface/msg/detail/detected_object__functions.h\n'}
[2.736105] (vision_interface) StdoutLine: {'line': b'-- Up-to-date symlink: /home/booster/Workspace/Booster_T1_3v3_Demo/install/vision_interface/include/vision_interface/vision_interface/msg/detail/detected_object__struct.h\n'}
[2.736232] (vision_interface) StdoutLine: {'line': b'-- Up-to-date symlink: /home/booster/Workspace/Booster_T1_3v3_Demo/install/vision_interface/include/vision_interface/vision_interface/msg/detail/detected_object__type_support.h\n'}
[2.736340] (vision_interface) StdoutLine: {'line': b'-- Up-to-date symlink: /home/booster/Workspace/Booster_T1_3v3_Demo/install/vision_interface/include/vision_interface/vision_interface/msg/detail/detections__functions.h\n'}
[2.736444] (vision_interface) StdoutLine: {'line': b'-- Up-to-date symlink: /home/booster/Workspace/Booster_T1_3v3_Demo/install/vision_interface/include/vision_interface/vision_interface/msg/detail/detections__struct.h\n'}
[2.736544] (vision_interface) StdoutLine: {'line': b'-- Up-to-date symlink: /home/booster/Workspace/Booster_T1_3v3_Demo/install/vision_interface/include/vision_interface/vision_interface/msg/detail/detections__type_support.h\n'}
[2.736643] (vision_interface) StdoutLine: {'line': b'-- Up-to-date symlink: /home/booster/Workspace/Booster_T1_3v3_Demo/install/vision_interface/include/vision_interface/vision_interface/msg/detail/detections_track__functions.h\n'}
[2.736740] (vision_interface) StdoutLine: {'line': b'-- Up-to-date symlink: /home/booster/Workspace/Booster_T1_3v3_Demo/install/vision_interface/include/vision_interface/vision_interface/msg/detail/detections_track__struct.h\n'}
[2.737842] (vision_interface) StdoutLine: {'line': b'-- Up-to-date symlink: /home/booster/Workspace/Booster_T1_3v3_Demo/install/vision_interface/include/vision_interface/vision_interface/msg/detail/detections_track__type_support.h\n'}
[2.737962] (vision_interface) StdoutLine: {'line': b'-- Up-to-date symlink: /home/booster/Workspace/Booster_T1_3v3_Demo/install/vision_interface/include/vision_interface/vision_interface/msg/detail/image_head_position__functions.h\n'}
[2.738069] (vision_interface) StdoutLine: {'line': b'-- Up-to-date symlink: /home/booster/Workspace/Booster_T1_3v3_Demo/install/vision_interface/include/vision_interface/vision_interface/msg/detail/image_head_position__struct.h\n'}
[2.738186] (vision_interface) StdoutLine: {'line': b'-- Up-to-date symlink: /home/booster/Workspace/Booster_T1_3v3_Demo/install/vision_interface/include/vision_interface/vision_interface/msg/detail/image_head_position__type_support.h\n'}
[2.738287] (vision_interface) StdoutLine: {'line': b'-- Up-to-date symlink: /home/booster/Workspace/Booster_T1_3v3_Demo/install/vision_interface/include/vision_interface/vision_interface/msg/detail/line_segments__functions.h\n'}
[2.738388] (vision_interface) StdoutLine: {'line': b'-- Up-to-date symlink: /home/booster/Workspace/Booster_T1_3v3_Demo/install/vision_interface/include/vision_interface/vision_interface/msg/detail/line_segments__struct.h\n'}
[2.738486] (vision_interface) StdoutLine: {'line': b'-- Up-to-date symlink: /home/booster/Workspace/Booster_T1_3v3_Demo/install/vision_interface/include/vision_interface/vision_interface/msg/detail/line_segments__type_support.h\n'}
[2.738583] (vision_interface) StdoutLine: {'line': b'-- Up-to-date symlink: /home/booster/Workspace/Booster_T1_3v3_Demo/install/vision_interface/include/vision_interface/vision_interface/msg/detail/segmentation_line__functions.h\n'}
[2.738681] (vision_interface) StdoutLine: {'line': b'-- Up-to-date symlink: /home/booster/Workspace/Booster_T1_3v3_Demo/install/vision_interface/include/vision_interface/vision_interface/msg/detail/segmentation_line__struct.h\n'}
[2.738777] (vision_interface) StdoutLine: {'line': b'-- Up-to-date symlink: /home/booster/Workspace/Booster_T1_3v3_Demo/install/vision_interface/include/vision_interface/vision_interface/msg/detail/segmentation_line__type_support.h\n'}
[2.738874] (vision_interface) StdoutLine: {'line': b'-- Up-to-date symlink: /home/booster/Workspace/Booster_T1_3v3_Demo/install/vision_interface/include/vision_interface/vision_interface/msg/detail/segmentation_point__functions.h\n'}
[2.743052] (vision_interface) StdoutLine: {'line': b'-- Up-to-date symlink: /home/booster/Workspace/Booster_T1_3v3_Demo/install/vision_interface/include/vision_interface/vision_interface/msg/detail/segmentation_point__struct.h\n'}
[2.752776] (vision_interface) StdoutLine: {'line': b'-- Up-to-date symlink: /home/booster/Workspace/Booster_T1_3v3_Demo/install/vision_interface/include/vision_interface/vision_interface/msg/detail/segmentation_point__type_support.h\n'}
[2.752981] (vision_interface) StdoutLine: {'line': b'-- Up-to-date symlink: /home/booster/Workspace/Booster_T1_3v3_Demo/install/vision_interface/include/vision_interface/vision_interface/msg/detail/segmentation_result__functions.h\n'}
[2.753115] (vision_interface) StdoutLine: {'line': b'-- Up-to-date symlink: /home/booster/Workspace/Booster_T1_3v3_Demo/install/vision_interface/include/vision_interface/vision_interface/msg/detail/segmentation_result__struct.h\n'}
[2.753230] (vision_interface) StdoutLine: {'line': b'-- Up-to-date symlink: /home/booster/Workspace/Booster_T1_3v3_Demo/install/vision_interface/include/vision_interface/vision_interface/msg/detail/segmentation_result__type_support.h\n'}
[2.753367] (vision_interface) StdoutLine: {'line': b'-- Up-to-date symlink: /home/booster/Workspace/Booster_T1_3v3_Demo/install/vision_interface/include/vision_interface/vision_interface/msg/detected_object.h\n'}
[2.753528] (vision_interface) StdoutLine: {'line': b'-- Up-to-date symlink: /home/booster/Workspace/Booster_T1_3v3_Demo/install/vision_interface/include/vision_interface/vision_interface/msg/detections.h\n'}
[2.753648] (vision_interface) StdoutLine: {'line': b'-- Up-to-date symlink: /home/booster/Workspace/Booster_T1_3v3_Demo/install/vision_interface/include/vision_interface/vision_interface/msg/detections_track.h\n'}
[2.753786] (vision_interface) StdoutLine: {'line': b'-- Up-to-date symlink: /home/booster/Workspace/Booster_T1_3v3_Demo/install/vision_interface/include/vision_interface/vision_interface/msg/image_head_position.h\n'}
[2.753916] (vision_interface) StdoutLine: {'line': b'-- Up-to-date symlink: /home/booster/Workspace/Booster_T1_3v3_Demo/install/vision_interface/include/vision_interface/vision_interface/msg/line_segments.h\n'}
[2.754050] (vision_interface) StdoutLine: {'line': b'-- Up-to-date symlink: /home/booster/Workspace/Booster_T1_3v3_Demo/install/vision_interface/include/vision_interface/vision_interface/msg/rosidl_generator_c__visibility_control.h\n'}
[2.754172] (vision_interface) StdoutLine: {'line': b'-- Up-to-date symlink: /home/booster/Workspace/Booster_T1_3v3_Demo/install/vision_interface/include/vision_interface/vision_interface/msg/segmentation_line.h\n'}
[2.754290] (vision_interface) StdoutLine: {'line': b'-- Up-to-date symlink: /home/booster/Workspace/Booster_T1_3v3_Demo/install/vision_interface/include/vision_interface/vision_interface/msg/segmentation_point.h\n'}
[2.754425] (vision_interface) StdoutLine: {'line': b'-- Up-to-date symlink: /home/booster/Workspace/Booster_T1_3v3_Demo/install/vision_interface/include/vision_interface/vision_interface/msg/segmentation_result.h\n'}
[2.754527] (vision_interface) StdoutLine: {'line': b'-- Up-to-date symlink: /home/booster/Workspace/Booster_T1_3v3_Demo/install/vision_interface/share/vision_interface/environment/library_path.sh\n'}
[2.754628] (vision_interface) StdoutLine: {'line': b'-- Up-to-date symlink: /home/booster/Workspace/Booster_T1_3v3_Demo/install/vision_interface/share/vision_interface/environment/library_path.dsv\n'}
[2.754725] (vision_interface) StdoutLine: {'line': b'-- Up-to-date symlink: /home/booster/Workspace/Booster_T1_3v3_Demo/install/vision_interface/include/vision_interface/vision_interface/msg/detail/ball__rosidl_typesupport_fastrtps_c.h\n'}
[2.754829] (vision_interface) StdoutLine: {'line': b'-- Up-to-date symlink: /home/booster/Workspace/Booster_T1_3v3_Demo/install/vision_interface/include/vision_interface/vision_interface/msg/detail/cal_param__rosidl_typesupport_fastrtps_c.h\n'}
[2.754933] (vision_interface) StdoutLine: {'line': b'-- Up-to-date symlink: /home/booster/Workspace/Booster_T1_3v3_Demo/install/vision_interface/include/vision_interface/vision_interface/msg/detail/detected_object__rosidl_typesupport_fastrtps_c.h\n'}
[2.755031] (vision_interface) StdoutLine: {'line': b'-- Up-to-date symlink: /home/booster/Workspace/Booster_T1_3v3_Demo/install/vision_interface/include/vision_interface/vision_interface/msg/detail/detections__rosidl_typesupport_fastrtps_c.h\n'}
[2.755128] (vision_interface) StdoutLine: {'line': b'-- Up-to-date symlink: /home/booster/Workspace/Booster_T1_3v3_Demo/install/vision_interface/include/vision_interface/vision_interface/msg/detail/detections_track__rosidl_typesupport_fastrtps_c.h\n'}
[2.755230] (vision_interface) StdoutLine: {'line': b'-- Up-to-date symlink: /home/booster/Workspace/Booster_T1_3v3_Demo/install/vision_interface/include/vision_interface/vision_interface/msg/detail/image_head_position__rosidl_typesupport_fastrtps_c.h\n'}
[2.755486] (vision_interface) StdoutLine: {'line': b'-- Up-to-date symlink: /home/booster/Workspace/Booster_T1_3v3_Demo/install/vision_interface/include/vision_interface/vision_interface/msg/detail/line_segments__rosidl_typesupport_fastrtps_c.h\n'}
[2.755599] (vision_interface) StdoutLine: {'line': b'-- Up-to-date symlink: /home/booster/Workspace/Booster_T1_3v3_Demo/install/vision_interface/include/vision_interface/vision_interface/msg/detail/segmentation_line__rosidl_typesupport_fastrtps_c.h\n'}
[2.755701] (vision_interface) StdoutLine: {'line': b'-- Up-to-date symlink: /home/booster/Workspace/Booster_T1_3v3_Demo/install/vision_interface/include/vision_interface/vision_interface/msg/detail/segmentation_point__rosidl_typesupport_fastrtps_c.h\n'}
[2.755802] (vision_interface) StdoutLine: {'line': b'-- Up-to-date symlink: /home/booster/Workspace/Booster_T1_3v3_Demo/install/vision_interface/include/vision_interface/vision_interface/msg/detail/segmentation_result__rosidl_typesupport_fastrtps_c.h\n'}
[2.755906] (sound_play) Command: {'cmd': ['/usr/bin/python3', '-W', 'ignore:setup.py install is deprecated', '-W', 'ignore:easy_install command is deprecated', 'setup.py', 'develop', '--editable', '--build-directory', '/home/booster/Workspace/Booster_T1_3v3_Demo/build/sound_play/build', '--no-deps', 'symlink_data'], 'cwd': '/home/booster/Workspace/Booster_T1_3v3_Demo/build/sound_play', 'env': {'SUDO_GID': '0', 'LESSOPEN': '| /usr/bin/lesspipe %s', 'PYTHONWARNINGS': 'ignore::DeprecationWarning,ignore::UserWarning,ignore::FutureWarning', 'MAIL': '/var/mail/root', 'USER': 'root', 'SHLVL': '2', 'LD_LIBRARY_PATH': '/opt/ros/humble/opt/rviz_ogre_vendor/lib:/opt/ros/humble/lib/aarch64-linux-gnu:/opt/ros/humble/lib', 'HOME': '/root', 'OLDPWD': '/home/booster/Workspace/Booster_T1_3v3_Demo/scripts', 'ROS_PYTHON_VERSION': '3', 'COLORTERM': 'truecolor', 'SUDO_UID': '0', 'ROS_DISTRO': 'humble', 'LOGNAME': 'root', '_': '/usr/bin/colcon', 'ROS_VERSION': '2', 'TERM': 'xterm-256color', 'ROS_LOCALHOST_ONLY': '0', 'PATH': '/opt/ros/humble/bin:/usr/local/sbin:/usr/local/bin:/usr/sbin:/usr/bin:/sbin:/bin:/usr/games:/usr/local/games:/snap/bin', 'FASTRTPS_DEFAULT_PROFILES_FILE': '/opt/booster/BoosterRos2/fastdds_profile.xml', 'LANG': 'en_US.UTF-8', 'LS_COLORS': 'rs=0:di=01;34:ln=01;36:mh=00:pi=40;33:so=01;35:do=01;35:bd=40;33;01:cd=40;33;01:or=40;31;01:mi=00:su=37;41:sg=30;43:ca=30;41:tw=30;42:ow=34;42:st=37;44:ex=01;32:*.tar=01;31:*.tgz=01;31:*.arc=01;31:*.arj=01;31:*.taz=01;31:*.lha=01;31:*.lz4=01;31:*.lzh=01;31:*.lzma=01;31:*.tlz=01;31:*.txz=01;31:*.tzo=01;31:*.t7z=01;31:*.zip=01;31:*.z=01;31:*.dz=01;31:*.gz=01;31:*.lrz=01;31:*.lz=01;31:*.lzo=01;31:*.xz=01;31:*.zst=01;31:*.tzst=01;31:*.bz2=01;31:*.bz=01;31:*.tbz=01;31:*.tbz2=01;31:*.tz=01;31:*.deb=01;31:*.rpm=01;31:*.jar=01;31:*.war=01;31:*.ear=01;31:*.sar=01;31:*.rar=01;31:*.alz=01;31:*.ace=01;31:*.zoo=01;31:*.cpio=01;31:*.7z=01;31:*.rz=01;31:*.cab=01;31:*.wim=01;31:*.swm=01;31:*.dwm=01;31:*.esd=01;31:*.jpg=01;35:*.jpeg=01;35:*.mjpg=01;35:*.mjpeg=01;35:*.gif=01;35:*.bmp=01;35:*.pbm=01;35:*.pgm=01;35:*.ppm=01;35:*.tga=01;35:*.xbm=01;35:*.xpm=01;35:*.tif=01;35:*.tiff=01;35:*.png=01;35:*.svg=01;35:*.svgz=01;35:*.mng=01;35:*.pcx=01;35:*.mov=01;35:*.mpg=01;35:*.mpeg=01;35:*.m2v=01;35:*.mkv=01;35:*.webm=01;35:*.webp=01;35:*.ogm=01;35:*.mp4=01;35:*.m4v=01;35:*.mp4v=01;35:*.vob=01;35:*.qt=01;35:*.nuv=01;35:*.wmv=01;35:*.asf=01;35:*.rm=01;35:*.rmvb=01;35:*.flc=01;35:*.avi=01;35:*.fli=01;35:*.flv=01;35:*.gl=01;35:*.dl=01;35:*.xcf=01;35:*.xwd=01;35:*.yuv=01;35:*.cgm=01;35:*.emf=01;35:*.ogv=01;35:*.ogx=01;35:*.aac=00;36:*.au=00;36:*.flac=00;36:*.m4a=00;36:*.mid=00;36:*.midi=00;36:*.mka=00;36:*.mp3=00;36:*.mpc=00;36:*.ogg=00;36:*.ra=00;36:*.wav=00;36:*.oga=00;36:*.opus=00;36:*.spx=00;36:*.xspf=00;36:', 'SUDO_COMMAND': '/usr/bin/su', 'AMENT_PREFIX_PATH': '/opt/ros/humble', 'SHELL': '/bin/bash', 'SUDO_USER': 'root', 'LESSCLOSE': '/usr/bin/lesspipe %s %s', 'PWD': '/home/booster/Workspace/Booster_T1_3v3_Demo/build/sound_play', 'PYTHONPATH': '/home/booster/Workspace/Booster_T1_3v3_Demo/build/sound_play/prefix_override:/usr/lib/python3/dist-packages/colcon_core/task/python/colcon_distutils_commands:/home/booster/Workspace/Booster_T1_3v3_Demo/install/sound_play/lib/python3.10/site-packages:/opt/ros/humble/lib/python3.10/site-packages:/opt/ros/humble/local/lib/python3.10/dist-packages', 'COLCON': '1'}, 'shell': False}
[2.758516] (game_controller_interface) StdoutLine: {'line': b'[ 87%] Built target game_controller_interface__rosidl_generator_py\n'}
[2.758886] (vision_interface) StdoutLine: {'line': b'-- Up-to-date symlink: /home/booster/Workspace/Booster_T1_3v3_Demo/install/vision_interface/include/vision_interface/vision_interface/msg/rosidl_typesupport_fastrtps_c__visibility_control.h\n'}
[2.759045] (vision_interface) StdoutLine: {'line': b'-- Up-to-date symlink: /home/booster/Workspace/Booster_T1_3v3_Demo/install/vision_interface/include/vision_interface/vision_interface/msg/ball.hpp\n'}
[2.759189] (vision_interface) StdoutLine: {'line': b'-- Up-to-date symlink: /home/booster/Workspace/Booster_T1_3v3_Demo/install/vision_interface/include/vision_interface/vision_interface/msg/cal_param.hpp\n'}
[2.759327] (vision_interface) StdoutLine: {'line': b'-- Up-to-date symlink: /home/booster/Workspace/Booster_T1_3v3_Demo/install/vision_interface/include/vision_interface/vision_interface/msg/detail/ball__builder.hpp\n'}
[2.760366] (vision_interface) StdoutLine: {'line': b'-- Up-to-date symlink: /home/booster/Workspace/Booster_T1_3v3_Demo/install/vision_interface/include/vision_interface/vision_interface/msg/detail/ball__struct.hpp\n'}
[2.760537] (vision_interface) StdoutLine: {'line': b'-- Up-to-date symlink: /home/booster/Workspace/Booster_T1_3v3_Demo/install/vision_interface/include/vision_interface/vision_interface/msg/detail/ball__traits.hpp\n'}
[2.760657] (vision_interface) StdoutLine: {'line': b'-- Up-to-date symlink: /home/booster/Workspace/Booster_T1_3v3_Demo/install/vision_interface/include/vision_interface/vision_interface/msg/detail/ball__type_support.hpp\n'}
[2.760775] (vision_interface) StdoutLine: {'line': b'-- Up-to-date symlink: /home/booster/Workspace/Booster_T1_3v3_Demo/install/vision_interface/include/vision_interface/vision_interface/msg/detail/cal_param__builder.hpp\n'}
[2.760878] (vision_interface) StdoutLine: {'line': b'-- Up-to-date symlink: /home/booster/Workspace/Booster_T1_3v3_Demo/install/vision_interface/include/vision_interface/vision_interface/msg/detail/cal_param__struct.hpp\n'}
[2.760986] (vision_interface) StdoutLine: {'line': b'-- Up-to-date symlink: /home/booster/Workspace/Booster_T1_3v3_Demo/install/vision_interface/include/vision_interface/vision_interface/msg/detail/cal_param__traits.hpp\n'}
[2.761317] (vision_interface) StdoutLine: {'line': b'-- Up-to-date symlink: /home/booster/Workspace/Booster_T1_3v3_Demo/install/vision_interface/include/vision_interface/vision_interface/msg/detail/cal_param__type_support.hpp\n'}
[2.761444] (vision_interface) StdoutLine: {'line': b'-- Up-to-date symlink: /home/booster/Workspace/Booster_T1_3v3_Demo/install/vision_interface/include/vision_interface/vision_interface/msg/detail/detected_object__builder.hpp\n'}
[2.762464] (vision_interface) StdoutLine: {'line': b'-- Up-to-date symlink: /home/booster/Workspace/Booster_T1_3v3_Demo/install/vision_interface/include/vision_interface/vision_interface/msg/detail/detected_object__struct.hpp\n'}
[2.762670] (vision_interface) StdoutLine: {'line': b'-- Up-to-date symlink: /home/booster/Workspace/Booster_T1_3v3_Demo/install/vision_interface/include/vision_interface/vision_interface/msg/detail/detected_object__traits.hpp\n'}
[2.762826] (vision_interface) StdoutLine: {'line': b'-- Up-to-date symlink: /home/booster/Workspace/Booster_T1_3v3_Demo/install/vision_interface/include/vision_interface/vision_interface/msg/detail/detected_object__type_support.hpp\n'}
[2.762944] (vision_interface) StdoutLine: {'line': b'-- Up-to-date symlink: /home/booster/Workspace/Booster_T1_3v3_Demo/install/vision_interface/include/vision_interface/vision_interface/msg/detail/detections__builder.hpp\n'}
[2.763083] (vision_interface) StdoutLine: {'line': b'-- Up-to-date symlink: /home/booster/Workspace/Booster_T1_3v3_Demo/install/vision_interface/include/vision_interface/vision_interface/msg/detail/detections__struct.hpp\n'}
[2.763225] (vision_interface) StdoutLine: {'line': b'-- Up-to-date symlink: /home/booster/Workspace/Booster_T1_3v3_Demo/install/vision_interface/include/vision_interface/vision_interface/msg/detail/detections__traits.hpp\n'}
[2.763791] (vision_interface) StdoutLine: {'line': b'-- Up-to-date symlink: /home/booster/Workspace/Booster_T1_3v3_Demo/install/vision_interface/include/vision_interface/vision_interface/msg/detail/detections__type_support.hpp\n'}
[2.765948] (vision_interface) StdoutLine: {'line': b'-- Up-to-date symlink: /home/booster/Workspace/Booster_T1_3v3_Demo/install/vision_interface/include/vision_interface/vision_interface/msg/detail/detections_track__builder.hpp\n'}
[2.767924] (vision_interface) StdoutLine: {'line': b'-- Up-to-date symlink: /home/booster/Workspace/Booster_T1_3v3_Demo/install/vision_interface/include/vision_interface/vision_interface/msg/detail/detections_track__struct.hpp\n'}
[2.768092] (vision_interface) StdoutLine: {'line': b'-- Up-to-date symlink: /home/booster/Workspace/Booster_T1_3v3_Demo/install/vision_interface/include/vision_interface/vision_interface/msg/detail/detections_track__traits.hpp\n'}
[2.768250] (vision_interface) StdoutLine: {'line': b'-- Up-to-date symlink: /home/booster/Workspace/Booster_T1_3v3_Demo/install/vision_interface/include/vision_interface/vision_interface/msg/detail/detections_track__type_support.hpp\n'}
[2.771375] (vision_interface) StdoutLine: {'line': b'-- Up-to-date symlink: /home/booster/Workspace/Booster_T1_3v3_Demo/install/vision_interface/include/vision_interface/vision_interface/msg/detail/image_head_position__builder.hpp\n'}
[2.771822] (vision_interface) StdoutLine: {'line': b'-- Up-to-date symlink: /home/booster/Workspace/Booster_T1_3v3_Demo/install/vision_interface/include/vision_interface/vision_interface/msg/detail/image_head_position__struct.hpp\n'}
[2.774469] (vision_interface) StdoutLine: {'line': b'-- Up-to-date symlink: /home/booster/Workspace/Booster_T1_3v3_Demo/install/vision_interface/include/vision_interface/vision_interface/msg/detail/image_head_position__traits.hpp\n'}
[2.774632] (vision_interface) StdoutLine: {'line': b'-- Up-to-date symlink: /home/booster/Workspace/Booster_T1_3v3_Demo/install/vision_interface/include/vision_interface/vision_interface/msg/detail/image_head_position__type_support.hpp\n'}
[2.775235] (vision_interface) StdoutLine: {'line': b'-- Up-to-date symlink: /home/booster/Workspace/Booster_T1_3v3_Demo/install/vision_interface/include/vision_interface/vision_interface/msg/detail/line_segments__builder.hpp\n'}
[2.775440] (vision_interface) StdoutLine: {'line': b'-- Up-to-date symlink: /home/booster/Workspace/Booster_T1_3v3_Demo/install/vision_interface/include/vision_interface/vision_interface/msg/detail/line_segments__struct.hpp\n'}
[2.775646] (vision_interface) StdoutLine: {'line': b'-- Up-to-date symlink: /home/booster/Workspace/Booster_T1_3v3_Demo/install/vision_interface/include/vision_interface/vision_interface/msg/detail/line_segments__traits.hpp\n'}
[2.775823] (vision_interface) StdoutLine: {'line': b'-- Up-to-date symlink: /home/booster/Workspace/Booster_T1_3v3_Demo/install/vision_interface/include/vision_interface/vision_interface/msg/detail/line_segments__type_support.hpp\n'}
[2.775939] (vision_interface) StdoutLine: {'line': b'-- Up-to-date symlink: /home/booster/Workspace/Booster_T1_3v3_Demo/install/vision_interface/include/vision_interface/vision_interface/msg/detail/segmentation_line__builder.hpp\n'}
[2.776915] (vision_interface) StdoutLine: {'line': b'-- Up-to-date symlink: /home/booster/Workspace/Booster_T1_3v3_Demo/install/vision_interface/include/vision_interface/vision_interface/msg/detail/segmentation_line__struct.hpp\n'}
[2.777052] (vision_interface) StdoutLine: {'line': b'-- Up-to-date symlink: /home/booster/Workspace/Booster_T1_3v3_Demo/install/vision_interface/include/vision_interface/vision_interface/msg/detail/segmentation_line__traits.hpp\n'}
[2.777194] (vision_interface) StdoutLine: {'line': b'-- Up-to-date symlink: /home/booster/Workspace/Booster_T1_3v3_Demo/install/vision_interface/include/vision_interface/vision_interface/msg/detail/segmentation_line__type_support.hpp\n'}
[2.777302] (vision_interface) StdoutLine: {'line': b'-- Up-to-date symlink: /home/booster/Workspace/Booster_T1_3v3_Demo/install/vision_interface/include/vision_interface/vision_interface/msg/detail/segmentation_point__builder.hpp\n'}
[2.777406] (vision_interface) StdoutLine: {'line': b'-- Up-to-date symlink: /home/booster/Workspace/Booster_T1_3v3_Demo/install/vision_interface/include/vision_interface/vision_interface/msg/detail/segmentation_point__struct.hpp\n'}
[2.779537] (vision_interface) StdoutLine: {'line': b'-- Up-to-date symlink: /home/booster/Workspace/Booster_T1_3v3_Demo/install/vision_interface/include/vision_interface/vision_interface/msg/detail/segmentation_point__traits.hpp\n'}
[2.779965] (vision_interface) StdoutLine: {'line': b'-- Up-to-date symlink: /home/booster/Workspace/Booster_T1_3v3_Demo/install/vision_interface/include/vision_interface/vision_interface/msg/detail/segmentation_point__type_support.hpp\n'}
[2.780153] (vision_interface) StdoutLine: {'line': b'-- Up-to-date symlink: /home/booster/Workspace/Booster_T1_3v3_Demo/install/vision_interface/include/vision_interface/vision_interface/msg/detail/segmentation_result__builder.hpp\n'}
[2.780315] (vision_interface) StdoutLine: {'line': b'-- Up-to-date symlink: /home/booster/Workspace/Booster_T1_3v3_Demo/install/vision_interface/include/vision_interface/vision_interface/msg/detail/segmentation_result__struct.hpp\n'}
[2.783421] (vision_interface) StdoutLine: {'line': b'-- Up-to-date symlink: /home/booster/Workspace/Booster_T1_3v3_Demo/install/vision_interface/include/vision_interface/vision_interface/msg/detail/segmentation_result__traits.hpp\n'}
[2.783809] (vision_interface) StdoutLine: {'line': b'-- Up-to-date symlink: /home/booster/Workspace/Booster_T1_3v3_Demo/install/vision_interface/include/vision_interface/vision_interface/msg/detail/segmentation_result__type_support.hpp\n'}
[2.785152] (vision_interface) StdoutLine: {'line': b'-- Up-to-date symlink: /home/booster/Workspace/Booster_T1_3v3_Demo/install/vision_interface/include/vision_interface/vision_interface/msg/detected_object.hpp\n'}
[2.785817] (vision_interface) StdoutLine: {'line': b'-- Up-to-date symlink: /home/booster/Workspace/Booster_T1_3v3_Demo/install/vision_interface/include/vision_interface/vision_interface/msg/detections.hpp\n'}
[2.786850] (vision_interface) StdoutLine: {'line': b'-- Up-to-date symlink: /home/booster/Workspace/Booster_T1_3v3_Demo/install/vision_interface/include/vision_interface/vision_interface/msg/detections_track.hpp\n'}
[2.787014] (vision_interface) StdoutLine: {'line': b'-- Up-to-date symlink: /home/booster/Workspace/Booster_T1_3v3_Demo/install/vision_interface/include/vision_interface/vision_interface/msg/image_head_position.hpp\n'}
[2.787152] (vision_interface) StdoutLine: {'line': b'-- Up-to-date symlink: /home/booster/Workspace/Booster_T1_3v3_Demo/install/vision_interface/include/vision_interface/vision_interface/msg/line_segments.hpp\n'}
[2.787264] (vision_interface) StdoutLine: {'line': b'-- Up-to-date symlink: /home/booster/Workspace/Booster_T1_3v3_Demo/install/vision_interface/include/vision_interface/vision_interface/msg/rosidl_generator_cpp__visibility_control.hpp\n'}
[2.789910] (vision_interface) StdoutLine: {'line': b'-- Up-to-date symlink: /home/booster/Workspace/Booster_T1_3v3_Demo/install/vision_interface/include/vision_interface/vision_interface/msg/segmentation_line.hpp\n'}
[2.790624] (vision_interface) StdoutLine: {'line': b'-- Up-to-date symlink: /home/booster/Workspace/Booster_T1_3v3_Demo/install/vision_interface/include/vision_interface/vision_interface/msg/segmentation_point.hpp\n'}
[2.790773] (vision_interface) StdoutLine: {'line': b'-- Up-to-date symlink: /home/booster/Workspace/Booster_T1_3v3_Demo/install/vision_interface/include/vision_interface/vision_interface/msg/segmentation_result.hpp\n'}
[2.790890] (vision_interface) StdoutLine: {'line': b'-- Up-to-date symlink: /home/booster/Workspace/Booster_T1_3v3_Demo/install/vision_interface/include/vision_interface/vision_interface/msg/detail/ball__rosidl_typesupport_fastrtps_cpp.hpp\n'}
[2.791000] (vision_interface) StdoutLine: {'line': b'-- Up-to-date symlink: /home/booster/Workspace/Booster_T1_3v3_Demo/install/vision_interface/include/vision_interface/vision_interface/msg/detail/cal_param__rosidl_typesupport_fastrtps_cpp.hpp\n'}
[2.791494] (vision_interface) StdoutLine: {'line': b'-- Up-to-date symlink: /home/booster/Workspace/Booster_T1_3v3_Demo/install/vision_interface/include/vision_interface/vision_interface/msg/detail/detected_object__rosidl_typesupport_fastrtps_cpp.hpp\n'}
[2.793869] (vision_interface) StdoutLine: {'line': b'-- Up-to-date symlink: /home/booster/Workspace/Booster_T1_3v3_Demo/install/vision_interface/include/vision_interface/vision_interface/msg/detail/detections__rosidl_typesupport_fastrtps_cpp.hpp\n'}
[2.794643] (vision_interface) StdoutLine: {'line': b'-- Up-to-date symlink: /home/booster/Workspace/Booster_T1_3v3_Demo/install/vision_interface/include/vision_interface/vision_interface/msg/detail/detections_track__rosidl_typesupport_fastrtps_cpp.hpp\n'}
[2.794858] (vision_interface) StdoutLine: {'line': b'-- Up-to-date symlink: /home/booster/Workspace/Booster_T1_3v3_Demo/install/vision_interface/include/vision_interface/vision_interface/msg/detail/image_head_position__rosidl_typesupport_fastrtps_cpp.hpp\n'}
[2.794994] (vision_interface) StdoutLine: {'line': b'-- Up-to-date symlink: /home/booster/Workspace/Booster_T1_3v3_Demo/install/vision_interface/include/vision_interface/vision_interface/msg/detail/line_segments__rosidl_typesupport_fastrtps_cpp.hpp\n'}
[2.795099] (vision_interface) StdoutLine: {'line': b'-- Up-to-date symlink: /home/booster/Workspace/Booster_T1_3v3_Demo/install/vision_interface/include/vision_interface/vision_interface/msg/detail/segmentation_line__rosidl_typesupport_fastrtps_cpp.hpp\n'}
[2.795517] (vision_interface) StdoutLine: {'line': b'-- Up-to-date symlink: /home/booster/Workspace/Booster_T1_3v3_Demo/install/vision_interface/include/vision_interface/vision_interface/msg/detail/segmentation_point__rosidl_typesupport_fastrtps_cpp.hpp\n'}
[2.797950] (vision_interface) StdoutLine: {'line': b'-- Up-to-date symlink: /home/booster/Workspace/Booster_T1_3v3_Demo/install/vision_interface/include/vision_interface/vision_interface/msg/detail/segmentation_result__rosidl_typesupport_fastrtps_cpp.hpp\n'}
[2.805961] (-) TimerEvent: {}
[2.808416] (vision_interface) StdoutLine: {'line': b'-- Up-to-date symlink: /home/booster/Workspace/Booster_T1_3v3_Demo/install/vision_interface/include/vision_interface/vision_interface/msg/rosidl_typesupport_fastrtps_cpp__visibility_control.h\n'}
[2.846895] (vision_interface) StdoutLine: {'line': b'-- Up-to-date symlink: /home/booster/Workspace/Booster_T1_3v3_Demo/install/vision_interface/include/vision_interface/vision_interface/msg/detail/ball__rosidl_typesupport_introspection_c.h\n'}
[2.847268] (vision_interface) StdoutLine: {'line': b'-- Up-to-date symlink: /home/booster/Workspace/Booster_T1_3v3_Demo/install/vision_interface/include/vision_interface/vision_interface/msg/detail/cal_param__rosidl_typesupport_introspection_c.h\n'}
[2.851461] (vision_interface) StdoutLine: {'line': b'-- Up-to-date symlink: /home/booster/Workspace/Booster_T1_3v3_Demo/install/vision_interface/include/vision_interface/vision_interface/msg/detail/detected_object__rosidl_typesupport_introspection_c.h\n'}
[2.854768] (vision_interface) StdoutLine: {'line': b'-- Up-to-date symlink: /home/booster/Workspace/Booster_T1_3v3_Demo/install/vision_interface/include/vision_interface/vision_interface/msg/detail/detections__rosidl_typesupport_introspection_c.h\n'}
[2.854954] (vision_interface) StdoutLine: {'line': b'-- Up-to-date symlink: /home/booster/Workspace/Booster_T1_3v3_Demo/install/vision_interface/include/vision_interface/vision_interface/msg/detail/detections_track__rosidl_typesupport_introspection_c.h\n'}
[2.855100] (vision_interface) StdoutLine: {'line': b'-- Up-to-date symlink: /home/booster/Workspace/Booster_T1_3v3_Demo/install/vision_interface/include/vision_interface/vision_interface/msg/detail/image_head_position__rosidl_typesupport_introspection_c.h\n'}
[2.855215] (vision_interface) StdoutLine: {'line': b'-- Up-to-date symlink: /home/booster/Workspace/Booster_T1_3v3_Demo/install/vision_interface/include/vision_interface/vision_interface/msg/detail/line_segments__rosidl_typesupport_introspection_c.h\n'}
[2.859532] (vision_interface) StdoutLine: {'line': b'-- Up-to-date symlink: /home/booster/Workspace/Booster_T1_3v3_Demo/install/vision_interface/include/vision_interface/vision_interface/msg/detail/segmentation_line__rosidl_typesupport_introspection_c.h\n'}
[2.863171] (vision_interface) StdoutLine: {'line': b'-- Up-to-date symlink: /home/booster/Workspace/Booster_T1_3v3_Demo/install/vision_interface/include/vision_interface/vision_interface/msg/detail/segmentation_point__rosidl_typesupport_introspection_c.h\n'}
[2.863640] (vision_interface) StdoutLine: {'line': b'-- Up-to-date symlink: /home/booster/Workspace/Booster_T1_3v3_Demo/install/vision_interface/include/vision_interface/vision_interface/msg/detail/segmentation_result__rosidl_typesupport_introspection_c.h\n'}
[2.875651] (vision_interface) StdoutLine: {'line': b'-- Up-to-date symlink: /home/booster/Workspace/Booster_T1_3v3_Demo/install/vision_interface/include/vision_interface/vision_interface/msg/rosidl_typesupport_introspection_c__visibility_control.h\n'}
[2.879553] (vision_interface) StdoutLine: {'line': b'-- Up-to-date symlink: /home/booster/Workspace/Booster_T1_3v3_Demo/install/vision_interface/include/vision_interface/vision_interface/msg/detail/ball__rosidl_typesupport_introspection_cpp.hpp\n'}
[2.879820] (vision_interface) StdoutLine: {'line': b'-- Up-to-date symlink: /home/booster/Workspace/Booster_T1_3v3_Demo/install/vision_interface/include/vision_interface/vision_interface/msg/detail/cal_param__rosidl_typesupport_introspection_cpp.hpp\n'}
[2.879980] (vision_interface) StdoutLine: {'line': b'-- Up-to-date symlink: /home/booster/Workspace/Booster_T1_3v3_Demo/install/vision_interface/include/vision_interface/vision_interface/msg/detail/detected_object__rosidl_typesupport_introspection_cpp.hpp\n'}
[2.880112] (vision_interface) StdoutLine: {'line': b'-- Up-to-date symlink: /home/booster/Workspace/Booster_T1_3v3_Demo/install/vision_interface/include/vision_interface/vision_interface/msg/detail/detections__rosidl_typesupport_introspection_cpp.hpp\n'}
[2.880278] (vision_interface) StdoutLine: {'line': b'-- Up-to-date symlink: /home/booster/Workspace/Booster_T1_3v3_Demo/install/vision_interface/include/vision_interface/vision_interface/msg/detail/detections_track__rosidl_typesupport_introspection_cpp.hpp\n'}
[2.880407] (vision_interface) StdoutLine: {'line': b'-- Up-to-date symlink: /home/booster/Workspace/Booster_T1_3v3_Demo/install/vision_interface/include/vision_interface/vision_interface/msg/detail/image_head_position__rosidl_typesupport_introspection_cpp.hpp\n'}
[2.881290] (vision_interface) StdoutLine: {'line': b'-- Up-to-date symlink: /home/booster/Workspace/Booster_T1_3v3_Demo/install/vision_interface/include/vision_interface/vision_interface/msg/detail/line_segments__rosidl_typesupport_introspection_cpp.hpp\n'}
[2.885446] (vision_interface) StdoutLine: {'line': b'-- Up-to-date symlink: /home/booster/Workspace/Booster_T1_3v3_Demo/install/vision_interface/include/vision_interface/vision_interface/msg/detail/segmentation_line__rosidl_typesupport_introspection_cpp.hpp\n'}
[2.885648] (vision_interface) StdoutLine: {'line': b'-- Up-to-date symlink: /home/booster/Workspace/Booster_T1_3v3_Demo/install/vision_interface/include/vision_interface/vision_interface/msg/detail/segmentation_point__rosidl_typesupport_introspection_cpp.hpp\n'}
[2.885763] (vision_interface) StdoutLine: {'line': b'-- Up-to-date symlink: /home/booster/Workspace/Booster_T1_3v3_Demo/install/vision_interface/include/vision_interface/vision_interface/msg/detail/segmentation_result__rosidl_typesupport_introspection_cpp.hpp\n'}
[2.885870] (vision_interface) StdoutLine: {'line': b'-- Up-to-date symlink: /home/booster/Workspace/Booster_T1_3v3_Demo/install/vision_interface/share/vision_interface/environment/pythonpath.sh\n'}
[2.885973] (vision_interface) StdoutLine: {'line': b'-- Up-to-date symlink: /home/booster/Workspace/Booster_T1_3v3_Demo/install/vision_interface/share/vision_interface/environment/pythonpath.dsv\n'}
[2.886076] (vision_interface) StdoutLine: {'line': b'-- Up-to-date symlink: /home/booster/Workspace/Booster_T1_3v3_Demo/install/vision_interface/local/lib/python3.10/dist-packages/vision_interface-1.0.0-py3.10.egg-info/PKG-INFO\n'}
[2.886178] (vision_interface) StdoutLine: {'line': b'-- Up-to-date symlink: /home/booster/Workspace/Booster_T1_3v3_Demo/install/vision_interface/local/lib/python3.10/dist-packages/vision_interface-1.0.0-py3.10.egg-info/SOURCES.txt\n'}
[2.887016] (vision_interface) StdoutLine: {'line': b'-- Up-to-date symlink: /home/booster/Workspace/Booster_T1_3v3_Demo/install/vision_interface/local/lib/python3.10/dist-packages/vision_interface-1.0.0-py3.10.egg-info/dependency_links.txt\n'}
[2.887186] (vision_interface) StdoutLine: {'line': b'-- Up-to-date symlink: /home/booster/Workspace/Booster_T1_3v3_Demo/install/vision_interface/local/lib/python3.10/dist-packages/vision_interface-1.0.0-py3.10.egg-info/top_level.txt\n'}
[2.887376] (vision_interface) StdoutLine: {'line': b'-- Up-to-date symlink: /home/booster/Workspace/Booster_T1_3v3_Demo/install/vision_interface/local/lib/python3.10/dist-packages/vision_interface/__init__.py\n'}
[2.887686] (vision_interface) StdoutLine: {'line': b'-- Up-to-date symlink: /home/booster/Workspace/Booster_T1_3v3_Demo/install/vision_interface/local/lib/python3.10/dist-packages/vision_interface/_vision_interface_s.ep.rosidl_typesupport_c.c\n'}
[2.888011] (vision_interface) StdoutLine: {'line': b'-- Up-to-date symlink: /home/booster/Workspace/Booster_T1_3v3_Demo/install/vision_interface/local/lib/python3.10/dist-packages/vision_interface/_vision_interface_s.ep.rosidl_typesupport_fastrtps_c.c\n'}
[2.890573] (vision_interface) StdoutLine: {'line': b'-- Up-to-date symlink: /home/booster/Workspace/Booster_T1_3v3_Demo/install/vision_interface/local/lib/python3.10/dist-packages/vision_interface/_vision_interface_s.ep.rosidl_typesupport_introspection_c.c\n'}
[2.890782] (vision_interface) StdoutLine: {'line': b'-- Up-to-date symlink: /home/booster/Workspace/Booster_T1_3v3_Demo/install/vision_interface/local/lib/python3.10/dist-packages/vision_interface/libvision_interface__rosidl_generator_py.so\n'}
[2.890902] (vision_interface) StdoutLine: {'line': b'-- Up-to-date symlink: /home/booster/Workspace/Booster_T1_3v3_Demo/install/vision_interface/local/lib/python3.10/dist-packages/vision_interface/msg/__init__.py\n'}
[2.891010] (vision_interface) StdoutLine: {'line': b'-- Up-to-date symlink: /home/booster/Workspace/Booster_T1_3v3_Demo/install/vision_interface/local/lib/python3.10/dist-packages/vision_interface/msg/_ball.py\n'}
[2.891115] (vision_interface) StdoutLine: {'line': b'-- Up-to-date symlink: /home/booster/Workspace/Booster_T1_3v3_Demo/install/vision_interface/local/lib/python3.10/dist-packages/vision_interface/msg/_ball_s.c\n'}
[2.891217] (vision_interface) StdoutLine: {'line': b'-- Up-to-date symlink: /home/booster/Workspace/Booster_T1_3v3_Demo/install/vision_interface/local/lib/python3.10/dist-packages/vision_interface/msg/_cal_param.py\n'}
[2.891331] (vision_interface) StdoutLine: {'line': b'-- Up-to-date symlink: /home/booster/Workspace/Booster_T1_3v3_Demo/install/vision_interface/local/lib/python3.10/dist-packages/vision_interface/msg/_cal_param_s.c\n'}
[2.891812] (vision_interface) StdoutLine: {'line': b'-- Up-to-date symlink: /home/booster/Workspace/Booster_T1_3v3_Demo/install/vision_interface/local/lib/python3.10/dist-packages/vision_interface/msg/_detected_object.py\n'}
[2.892101] (vision_interface) StdoutLine: {'line': b'-- Up-to-date symlink: /home/booster/Workspace/Booster_T1_3v3_Demo/install/vision_interface/local/lib/python3.10/dist-packages/vision_interface/msg/_detected_object_s.c\n'}
[2.892625] (vision_interface) StdoutLine: {'line': b'-- Up-to-date symlink: /home/booster/Workspace/Booster_T1_3v3_Demo/install/vision_interface/local/lib/python3.10/dist-packages/vision_interface/msg/_detections.py\n'}
[2.892817] (vision_interface) StdoutLine: {'line': b'-- Up-to-date symlink: /home/booster/Workspace/Booster_T1_3v3_Demo/install/vision_interface/local/lib/python3.10/dist-packages/vision_interface/msg/_detections_s.c\n'}
[2.892942] (booster_msgs) StdoutLine: {'line': b'[ 76%] Built target booster_msgs\n'}
[2.893110] (vision_interface) StdoutLine: {'line': b'-- Up-to-date symlink: /home/booster/Workspace/Booster_T1_3v3_Demo/install/vision_interface/local/lib/python3.10/dist-packages/vision_interface/msg/_detections_track.py\n'}
[2.893244] (vision_interface) StdoutLine: {'line': b'-- Up-to-date symlink: /home/booster/Workspace/Booster_T1_3v3_Demo/install/vision_interface/local/lib/python3.10/dist-packages/vision_interface/msg/_detections_track_s.c\n'}
[2.893951] (vision_interface) StdoutLine: {'line': b'-- Up-to-date symlink: /home/booster/Workspace/Booster_T1_3v3_Demo/install/vision_interface/local/lib/python3.10/dist-packages/vision_interface/msg/_image_head_position.py\n'}
[2.902652] (vision_interface) StdoutLine: {'line': b'-- Up-to-date symlink: /home/booster/Workspace/Booster_T1_3v3_Demo/install/vision_interface/local/lib/python3.10/dist-packages/vision_interface/msg/_image_head_position_s.c\n'}
[2.903093] (vision_interface) StdoutLine: {'line': b'-- Up-to-date symlink: /home/booster/Workspace/Booster_T1_3v3_Demo/install/vision_interface/local/lib/python3.10/dist-packages/vision_interface/msg/_line_segments.py\n'}
[2.903242] (vision_interface) StdoutLine: {'line': b'-- Up-to-date symlink: /home/booster/Workspace/Booster_T1_3v3_Demo/install/vision_interface/local/lib/python3.10/dist-packages/vision_interface/msg/_line_segments_s.c\n'}
[2.903413] (vision_interface) StdoutLine: {'line': b'-- Up-to-date symlink: /home/booster/Workspace/Booster_T1_3v3_Demo/install/vision_interface/local/lib/python3.10/dist-packages/vision_interface/msg/_segmentation_line.py\n'}
[2.903626] (vision_interface) StdoutLine: {'line': b'-- Up-to-date symlink: /home/booster/Workspace/Booster_T1_3v3_Demo/install/vision_interface/local/lib/python3.10/dist-packages/vision_interface/msg/_segmentation_line_s.c\n'}
[2.903745] (vision_interface) StdoutLine: {'line': b'-- Up-to-date symlink: /home/booster/Workspace/Booster_T1_3v3_Demo/install/vision_interface/local/lib/python3.10/dist-packages/vision_interface/msg/_segmentation_point.py\n'}
[2.903914] (vision_interface) StdoutLine: {'line': b'-- Up-to-date symlink: /home/booster/Workspace/Booster_T1_3v3_Demo/install/vision_interface/local/lib/python3.10/dist-packages/vision_interface/msg/_segmentation_point_s.c\n'}
[2.905889] (vision_interface) StdoutLine: {'line': b'-- Up-to-date symlink: /home/booster/Workspace/Booster_T1_3v3_Demo/install/vision_interface/local/lib/python3.10/dist-packages/vision_interface/msg/_segmentation_result.py\n'}
[2.909054] (-) TimerEvent: {}
[2.910532] (vision_interface) StdoutLine: {'line': b'-- Up-to-date symlink: /home/booster/Workspace/Booster_T1_3v3_Demo/install/vision_interface/local/lib/python3.10/dist-packages/vision_interface/msg/_segmentation_result_s.c\n'}
[2.910878] (vision_interface) StdoutLine: {'line': b'-- Up-to-date symlink: /home/booster/Workspace/Booster_T1_3v3_Demo/install/vision_interface/local/lib/python3.10/dist-packages/vision_interface/vision_interface_s__rosidl_typesupport_c.cpython-310-aarch64-linux-gnu.so\n'}
[2.911017] (vision_interface) StdoutLine: {'line': b'-- Up-to-date symlink: /home/booster/Workspace/Booster_T1_3v3_Demo/install/vision_interface/local/lib/python3.10/dist-packages/vision_interface/vision_interface_s__rosidl_typesupport_fastrtps_c.cpython-310-aarch64-linux-gnu.so\n'}
[2.911149] (vision_interface) StdoutLine: {'line': b'-- Up-to-date symlink: /home/booster/Workspace/Booster_T1_3v3_Demo/install/vision_interface/local/lib/python3.10/dist-packages/vision_interface/vision_interface_s__rosidl_typesupport_introspection_c.cpython-310-aarch64-linux-gnu.so\n'}
[2.911258] (vision_interface) StdoutLine: {'line': b'-- Up-to-date symlink: /home/booster/Workspace/Booster_T1_3v3_Demo/install/vision_interface/local/lib/python3.10/dist-packages/vision_interface/vision_interface_s__rosidl_typesupport_fastrtps_c.cpython-310-aarch64-linux-gnu.so\n'}
[2.911378] (vision_interface) StdoutLine: {'line': b'-- Up-to-date symlink: /home/booster/Workspace/Booster_T1_3v3_Demo/install/vision_interface/local/lib/python3.10/dist-packages/vision_interface/vision_interface_s__rosidl_typesupport_introspection_c.cpython-310-aarch64-linux-gnu.so\n'}
[2.911480] (vision_interface) StdoutLine: {'line': b'-- Up-to-date symlink: /home/booster/Workspace/Booster_T1_3v3_Demo/install/vision_interface/local/lib/python3.10/dist-packages/vision_interface/vision_interface_s__rosidl_typesupport_c.cpython-310-aarch64-linux-gnu.so\n'}
[2.913252] (vision_interface) StdoutLine: {'line': b'-- Up-to-date symlink: /home/booster/Workspace/Booster_T1_3v3_Demo/install/vision_interface/share/vision_interface/msg/DetectedObject.idl\n'}
[2.913492] (vision_interface) StdoutLine: {'line': b'-- Up-to-date symlink: /home/booster/Workspace/Booster_T1_3v3_Demo/install/vision_interface/share/vision_interface/msg/Detections.idl\n'}
[2.941368] (vision_interface) StdoutLine: {'line': b'-- Up-to-date symlink: /home/booster/Workspace/Booster_T1_3v3_Demo/install/vision_interface/share/vision_interface/msg/LineSegments.idl\n'}
[2.941586] (vision_interface) StdoutLine: {'line': b'-- Up-to-date symlink: /home/booster/Workspace/Booster_T1_3v3_Demo/install/vision_interface/share/vision_interface/msg/CalParam.idl\n'}
[2.941715] (vision_interface) StdoutLine: {'line': b'-- Up-to-date symlink: /home/booster/Workspace/Booster_T1_3v3_Demo/install/vision_interface/share/vision_interface/msg/DetectionsTrack.idl\n'}
[2.941829] (vision_interface) StdoutLine: {'line': b'-- Up-to-date symlink: /home/booster/Workspace/Booster_T1_3v3_Demo/install/vision_interface/share/vision_interface/msg/SegmentationPoint.idl\n'}
[2.949077] (vision_interface) StdoutLine: {'line': b'-- Up-to-date symlink: /home/booster/Workspace/Booster_T1_3v3_Demo/install/vision_interface/share/vision_interface/msg/SegmentationLine.idl\n'}
[2.949535] (vision_interface) StdoutLine: {'line': b'-- Up-to-date symlink: /home/booster/Workspace/Booster_T1_3v3_Demo/install/vision_interface/share/vision_interface/msg/SegmentationResult.idl\n'}
[2.949676] (vision_interface) StdoutLine: {'line': b'-- Up-to-date symlink: /home/booster/Workspace/Booster_T1_3v3_Demo/install/vision_interface/share/vision_interface/msg/ImageHeadPosition.idl\n'}
[2.949793] (vision_interface) StdoutLine: {'line': b'-- Up-to-date symlink: /home/booster/Workspace/Booster_T1_3v3_Demo/install/vision_interface/share/vision_interface/msg/Ball.idl\n'}
[2.949903] (vision_interface) StdoutLine: {'line': b'-- Up-to-date symlink: /home/booster/Workspace/Booster_T1_3v3_Demo/install/vision_interface/share/vision_interface/msg/DetectedObject.msg\n'}
[2.955384] (vision_interface) StdoutLine: {'line': b'-- Up-to-date symlink: /home/booster/Workspace/Booster_T1_3v3_Demo/install/vision_interface/share/vision_interface/msg/Detections.msg\n'}
[2.955604] (vision_interface) StdoutLine: {'line': b'-- Up-to-date symlink: /home/booster/Workspace/Booster_T1_3v3_Demo/install/vision_interface/share/vision_interface/msg/LineSegments.msg\n'}
[2.958477] (vision_interface) StdoutLine: {'line': b'-- Up-to-date symlink: /home/booster/Workspace/Booster_T1_3v3_Demo/install/vision_interface/share/vision_interface/msg/CalParam.msg\n'}
[2.959048] (vision_interface) StdoutLine: {'line': b'-- Up-to-date symlink: /home/booster/Workspace/Booster_T1_3v3_Demo/install/vision_interface/share/vision_interface/msg/DetectionsTrack.msg\n'}
[2.959192] (vision_interface) StdoutLine: {'line': b'-- Up-to-date symlink: /home/booster/Workspace/Booster_T1_3v3_Demo/install/vision_interface/share/vision_interface/msg/SegmentationPoint.msg\n'}
[2.959338] (vision_interface) StdoutLine: {'line': b'-- Up-to-date symlink: /home/booster/Workspace/Booster_T1_3v3_Demo/install/vision_interface/share/vision_interface/msg/SegmentationLine.msg\n'}
[2.959458] (vision_interface) StdoutLine: {'line': b'-- Up-to-date symlink: /home/booster/Workspace/Booster_T1_3v3_Demo/install/vision_interface/share/vision_interface/msg/SegmentationResult.msg\n'}
[2.959570] (vision_interface) StdoutLine: {'line': b'-- Up-to-date symlink: /home/booster/Workspace/Booster_T1_3v3_Demo/install/vision_interface/share/vision_interface/msg/ImageHeadPosition.msg\n'}
[2.959675] (vision_interface) StdoutLine: {'line': b'-- Up-to-date symlink: /home/booster/Workspace/Booster_T1_3v3_Demo/install/vision_interface/share/vision_interface/msg/Ball.msg\n'}
[2.959782] (vision_interface) StdoutLine: {'line': b'-- Up-to-date symlink: /home/booster/Workspace/Booster_T1_3v3_Demo/install/vision_interface/share/ament_index/resource_index/package_run_dependencies/vision_interface\n'}
[2.959895] (vision_interface) StdoutLine: {'line': b'-- Up-to-date symlink: /home/booster/Workspace/Booster_T1_3v3_Demo/install/vision_interface/share/ament_index/resource_index/parent_prefix_path/vision_interface\n'}
[2.961223] (vision_interface) StdoutLine: {'line': b'-- Up-to-date symlink: /home/booster/Workspace/Booster_T1_3v3_Demo/install/vision_interface/share/vision_interface/environment/ament_prefix_path.sh\n'}
[2.961550] (vision_interface) StdoutLine: {'line': b'-- Up-to-date symlink: /home/booster/Workspace/Booster_T1_3v3_Demo/install/vision_interface/share/vision_interface/environment/ament_prefix_path.dsv\n'}
[2.961815] (vision_interface) StdoutLine: {'line': b'-- Up-to-date symlink: /home/booster/Workspace/Booster_T1_3v3_Demo/install/vision_interface/share/vision_interface/environment/path.sh\n'}
[2.962156] (vision_interface) StdoutLine: {'line': b'-- Up-to-date symlink: /home/booster/Workspace/Booster_T1_3v3_Demo/install/vision_interface/share/vision_interface/environment/path.dsv\n'}
[2.962420] (vision_interface) StdoutLine: {'line': b'-- Up-to-date symlink: /home/booster/Workspace/Booster_T1_3v3_Demo/install/vision_interface/share/vision_interface/local_setup.bash\n'}
[2.962996] (vision_interface) StdoutLine: {'line': b'-- Up-to-date symlink: /home/booster/Workspace/Booster_T1_3v3_Demo/install/vision_interface/share/vision_interface/local_setup.sh\n'}
[2.963158] (vision_interface) StdoutLine: {'line': b'-- Up-to-date symlink: /home/booster/Workspace/Booster_T1_3v3_Demo/install/vision_interface/share/vision_interface/local_setup.zsh\n'}
[2.963279] (vision_interface) StdoutLine: {'line': b'-- Up-to-date symlink: /home/booster/Workspace/Booster_T1_3v3_Demo/install/vision_interface/share/vision_interface/local_setup.dsv\n'}
[2.963479] (vision_interface) StdoutLine: {'line': b'-- Symlinking: /home/booster/Workspace/Booster_T1_3v3_Demo/install/vision_interface/share/vision_interface/package.dsv\n'}
[2.963600] (game_controller_interface) StdoutLine: {'line': b'[ 91%] Built target game_controller_interface__rosidl_typesupport_fastrtps_c__pyext\n'}
[2.963748] (booster_interface) StdoutLine: {'line': b'[ 97%] Built target booster_interface__rosidl_typesupport_fastrtps_c__pyext\n'}
[2.963891] (vision_interface) StdoutLine: {'line': b'-- Up-to-date symlink: /home/booster/Workspace/Booster_T1_3v3_Demo/install/vision_interface/share/ament_index/resource_index/packages/vision_interface\n'}
[2.964036] (vision_interface) StdoutLine: {'line': b'-- Up-to-date symlink: /home/booster/Workspace/Booster_T1_3v3_Demo/install/vision_interface/share/vision_interface/cmake/rosidl_cmake-extras.cmake\n'}
[2.964254] (vision_interface) StdoutLine: {'line': b'-- Up-to-date symlink: /home/booster/Workspace/Booster_T1_3v3_Demo/install/vision_interface/share/vision_interface/cmake/ament_cmake_export_dependencies-extras.cmake\n'}
[2.964502] (vision_interface) StdoutLine: {'line': b'-- Up-to-date symlink: /home/booster/Workspace/Booster_T1_3v3_Demo/install/vision_interface/share/vision_interface/cmake/ament_cmake_export_include_directories-extras.cmake\n'}
[2.965079] (vision_interface) StdoutLine: {'line': b'-- Up-to-date symlink: /home/booster/Workspace/Booster_T1_3v3_Demo/install/vision_interface/share/vision_interface/cmake/ament_cmake_export_libraries-extras.cmake\n'}
[2.965266] (vision_interface) StdoutLine: {'line': b'-- Up-to-date symlink: /home/booster/Workspace/Booster_T1_3v3_Demo/install/vision_interface/share/vision_interface/cmake/ament_cmake_export_targets-extras.cmake\n'}
[2.965414] (vision_interface) StdoutLine: {'line': b'-- Up-to-date symlink: /home/booster/Workspace/Booster_T1_3v3_Demo/install/vision_interface/share/vision_interface/cmake/rosidl_cmake_export_typesupport_targets-extras.cmake\n'}
[2.965567] (vision_interface) StdoutLine: {'line': b'-- Up-to-date symlink: /home/booster/Workspace/Booster_T1_3v3_Demo/install/vision_interface/share/vision_interface/cmake/rosidl_cmake_export_typesupport_libraries-extras.cmake\n'}
[2.965675] (vision_interface) StdoutLine: {'line': b'-- Up-to-date symlink: /home/booster/Workspace/Booster_T1_3v3_Demo/install/vision_interface/share/vision_interface/cmake/vision_interfaceConfig.cmake\n'}
[2.965781] (vision_interface) StdoutLine: {'line': b'-- Up-to-date symlink: /home/booster/Workspace/Booster_T1_3v3_Demo/install/vision_interface/share/vision_interface/cmake/vision_interfaceConfig-version.cmake\n'}
[2.965884] (vision_interface) StdoutLine: {'line': b'-- Up-to-date symlink: /home/booster/Workspace/Booster_T1_3v3_Demo/install/vision_interface/share/vision_interface/package.xml\n'}
[2.966044] (vision_interface) StdoutLine: {'line': b'-- Up-to-date: /home/booster/Workspace/Booster_T1_3v3_Demo/install/vision_interface/lib/libvision_interface__rosidl_generator_c.so\n'}
[2.966252] (vision_interface) StdoutLine: {'line': b'-- Up-to-date: /home/booster/Workspace/Booster_T1_3v3_Demo/install/vision_interface/lib/libvision_interface__rosidl_typesupport_fastrtps_c.so\n'}
[2.966418] (vision_interface) StdoutLine: {'line': b'-- Up-to-date: /home/booster/Workspace/Booster_T1_3v3_Demo/install/vision_interface/lib/libvision_interface__rosidl_typesupport_fastrtps_cpp.so\n'}
[2.967592] (vision_interface) StdoutLine: {'line': b'-- Up-to-date: /home/booster/Workspace/Booster_T1_3v3_Demo/install/vision_interface/lib/libvision_interface__rosidl_typesupport_introspection_c.so\n'}
[2.967866] (vision_interface) StdoutLine: {'line': b'-- Up-to-date: /home/booster/Workspace/Booster_T1_3v3_Demo/install/vision_interface/lib/libvision_interface__rosidl_typesupport_c.so\n'}
[2.967990] (vision_interface) StdoutLine: {'line': b'-- Up-to-date: /home/booster/Workspace/Booster_T1_3v3_Demo/install/vision_interface/lib/libvision_interface__rosidl_typesupport_introspection_cpp.so\n'}
[2.968201] (vision_interface) StdoutLine: {'line': b'-- Up-to-date: /home/booster/Workspace/Booster_T1_3v3_Demo/install/vision_interface/lib/libvision_interface__rosidl_typesupport_cpp.so\n'}
[2.968390] (booster_msgs) StdoutLine: {'line': b'[ 78%] Built target booster_msgs__py\n'}
[3.001249] (game_controller_interface) StdoutLine: {'line': b'[ 95%] Built target game_controller_interface__rosidl_typesupport_c__pyext\n'}
[3.009184] (-) TimerEvent: {}
[3.021805] (booster_interface) StdoutLine: {'line': b'[ 98%] Built target booster_interface__rosidl_typesupport_c__pyext\n'}
[3.048707] (vision_interface) StdoutLine: {'line': b"Listing '/home/booster/Workspace/Booster_T1_3v3_Demo/install/vision_interface/local/lib/python3.10/dist-packages/vision_interface'...\n"}
[3.049131] (vision_interface) StdoutLine: {'line': b"Listing '/home/booster/Workspace/Booster_T1_3v3_Demo/install/vision_interface/local/lib/python3.10/dist-packages/vision_interface/msg'...\n"}
[3.061879] (booster_msgs) StdoutLine: {'line': b'[ 87%] Built target booster_msgs__rosidl_generator_py\n'}
[3.071627] (vision_interface) StdoutLine: {'line': b'-- Up-to-date: /home/booster/Workspace/Booster_T1_3v3_Demo/install/vision_interface/lib/libvision_interface__rosidl_generator_py.so\n'}
[3.078217] (vision_interface) StdoutLine: {'line': b'-- Up-to-date: /home/booster/Workspace/Booster_T1_3v3_Demo/install/vision_interface/share/vision_interface/cmake/export_vision_interface__rosidl_generator_cExport.cmake\n'}
[3.079112] (vision_interface) StdoutLine: {'line': b'-- Up-to-date: /home/booster/Workspace/Booster_T1_3v3_Demo/install/vision_interface/share/vision_interface/cmake/export_vision_interface__rosidl_generator_cExport-noconfig.cmake\n'}
[3.079281] (vision_interface) StdoutLine: {'line': b'-- Up-to-date: /home/booster/Workspace/Booster_T1_3v3_Demo/install/vision_interface/share/vision_interface/cmake/export_vision_interface__rosidl_typesupport_fastrtps_cExport.cmake\n'}
[3.079425] (vision_interface) StdoutLine: {'line': b'-- Up-to-date: /home/booster/Workspace/Booster_T1_3v3_Demo/install/vision_interface/share/vision_interface/cmake/export_vision_interface__rosidl_typesupport_fastrtps_cExport-noconfig.cmake\n'}
[3.079537] (vision_interface) StdoutLine: {'line': b'-- Up-to-date: /home/booster/Workspace/Booster_T1_3v3_Demo/install/vision_interface/share/vision_interface/cmake/export_vision_interface__rosidl_generator_cppExport.cmake\n'}
[3.079685] (vision_interface) StdoutLine: {'line': b'-- Up-to-date: /home/booster/Workspace/Booster_T1_3v3_Demo/install/vision_interface/share/vision_interface/cmake/export_vision_interface__rosidl_typesupport_fastrtps_cppExport.cmake\n'}
[3.079793] (vision_interface) StdoutLine: {'line': b'-- Up-to-date: /home/booster/Workspace/Booster_T1_3v3_Demo/install/vision_interface/share/vision_interface/cmake/export_vision_interface__rosidl_typesupport_fastrtps_cppExport-noconfig.cmake\n'}
[3.079913] (vision_interface) StdoutLine: {'line': b'-- Up-to-date: /home/booster/Workspace/Booster_T1_3v3_Demo/install/vision_interface/share/vision_interface/cmake/vision_interface__rosidl_typesupport_introspection_cExport.cmake\n'}
[3.080011] (vision_interface) StdoutLine: {'line': b'-- Up-to-date: /home/booster/Workspace/Booster_T1_3v3_Demo/install/vision_interface/share/vision_interface/cmake/vision_interface__rosidl_typesupport_introspection_cExport-noconfig.cmake\n'}
[3.080113] (vision_interface) StdoutLine: {'line': b'-- Up-to-date: /home/booster/Workspace/Booster_T1_3v3_Demo/install/vision_interface/share/vision_interface/cmake/vision_interface__rosidl_typesupport_cExport.cmake\n'}
[3.080219] (vision_interface) StdoutLine: {'line': b'-- Up-to-date: /home/booster/Workspace/Booster_T1_3v3_Demo/install/vision_interface/share/vision_interface/cmake/vision_interface__rosidl_typesupport_cExport-noconfig.cmake\n'}
[3.085427] (vision_interface) StdoutLine: {'line': b'-- Up-to-date: /home/booster/Workspace/Booster_T1_3v3_Demo/install/vision_interface/share/vision_interface/cmake/vision_interface__rosidl_typesupport_introspection_cppExport.cmake\n'}
[3.085828] (vision_interface) StdoutLine: {'line': b'-- Up-to-date: /home/booster/Workspace/Booster_T1_3v3_Demo/install/vision_interface/share/vision_interface/cmake/vision_interface__rosidl_typesupport_introspection_cppExport-noconfig.cmake\n'}
[3.086015] (vision_interface) StdoutLine: {'line': b'-- Up-to-date: /home/booster/Workspace/Booster_T1_3v3_Demo/install/vision_interface/share/vision_interface/cmake/vision_interface__rosidl_typesupport_cppExport.cmake\n'}
[3.086150] (vision_interface) StdoutLine: {'line': b'-- Up-to-date: /home/booster/Workspace/Booster_T1_3v3_Demo/install/vision_interface/share/vision_interface/cmake/vision_interface__rosidl_typesupport_cppExport-noconfig.cmake\n'}
[3.086747] (vision_interface) StdoutLine: {'line': b'-- Up-to-date: /home/booster/Workspace/Booster_T1_3v3_Demo/install/vision_interface/share/vision_interface/cmake/export_vision_interface__rosidl_generator_pyExport.cmake\n'}
[3.087746] (vision_interface) StdoutLine: {'line': b'-- Up-to-date: /home/booster/Workspace/Booster_T1_3v3_Demo/install/vision_interface/share/vision_interface/cmake/export_vision_interface__rosidl_generator_pyExport-noconfig.cmake\n'}
[3.105876] (vision_interface) CommandEnded: {'returncode': 0}
[3.109290] (-) TimerEvent: {}
[3.137924] (booster_msgs) StdoutLine: {'line': b'[ 91%] Built target booster_msgs__rosidl_typesupport_fastrtps_c__pyext\n'}
[3.138897] (game_controller_interface) StdoutLine: {'line': b'[100%] Built target game_controller_interface__rosidl_typesupport_introspection_c__pyext\n'}
[3.149255] (booster_interface) StdoutLine: {'line': b'[100%] Built target booster_interface__rosidl_typesupport_introspection_c__pyext\n'}
[3.209576] (-) TimerEvent: {}
[3.247891] (booster_msgs) StdoutLine: {'line': b'[ 95%] Built target booster_msgs__rosidl_typesupport_c__pyext\n'}
[3.266954] (vision_interface) JobEnded: {'identifier': 'vision_interface', 'rc': 0}
[3.269087] (vision) JobStarted: {'identifier': 'vision'}
[3.294083] (game_controller_interface) CommandEnded: {'returncode': 0}
[3.299006] (game_controller_interface) JobProgress: {'identifier': 'game_controller_interface', 'progress': 'install'}
[3.300906] (game_controller_interface) Command: {'cmd': ['/usr/bin/cmake', '--install', '/home/booster/Workspace/Booster_T1_3v3_Demo/build/game_controller_interface'], 'cwd': '/home/booster/Workspace/Booster_T1_3v3_Demo/build/game_controller_interface', 'env': OrderedDict([('SUDO_GID', '0'), ('LESSOPEN', '| /usr/bin/lesspipe %s'), ('PYTHONWARNINGS', 'ignore::DeprecationWarning,ignore::UserWarning,ignore::FutureWarning'), ('MAIL', '/var/mail/root'), ('USER', 'root'), ('SHLVL', '2'), ('LD_LIBRARY_PATH', '/opt/ros/humble/opt/rviz_ogre_vendor/lib:/opt/ros/humble/lib/aarch64-linux-gnu:/opt/ros/humble/lib'), ('HOME', '/root'), ('OLDPWD', '/home/booster/Workspace/Booster_T1_3v3_Demo/scripts'), ('ROS_PYTHON_VERSION', '3'), ('COLORTERM', 'truecolor'), ('SUDO_UID', '0'), ('ROS_DISTRO', 'humble'), ('LOGNAME', 'root'), ('_', '/usr/bin/colcon'), ('ROS_VERSION', '2'), ('TERM', 'xterm-256color'), ('ROS_LOCALHOST_ONLY', '0'), ('PATH', '/opt/ros/humble/bin:/usr/local/sbin:/usr/local/bin:/usr/sbin:/usr/bin:/sbin:/bin:/usr/games:/usr/local/games:/snap/bin'), ('FASTRTPS_DEFAULT_PROFILES_FILE', '/opt/booster/BoosterRos2/fastdds_profile.xml'), ('LANG', 'en_US.UTF-8'), ('LS_COLORS', 'rs=0:di=01;34:ln=01;36:mh=00:pi=40;33:so=01;35:do=01;35:bd=40;33;01:cd=40;33;01:or=40;31;01:mi=00:su=37;41:sg=30;43:ca=30;41:tw=30;42:ow=34;42:st=37;44:ex=01;32:*.tar=01;31:*.tgz=01;31:*.arc=01;31:*.arj=01;31:*.taz=01;31:*.lha=01;31:*.lz4=01;31:*.lzh=01;31:*.lzma=01;31:*.tlz=01;31:*.txz=01;31:*.tzo=01;31:*.t7z=01;31:*.zip=01;31:*.z=01;31:*.dz=01;31:*.gz=01;31:*.lrz=01;31:*.lz=01;31:*.lzo=01;31:*.xz=01;31:*.zst=01;31:*.tzst=01;31:*.bz2=01;31:*.bz=01;31:*.tbz=01;31:*.tbz2=01;31:*.tz=01;31:*.deb=01;31:*.rpm=01;31:*.jar=01;31:*.war=01;31:*.ear=01;31:*.sar=01;31:*.rar=01;31:*.alz=01;31:*.ace=01;31:*.zoo=01;31:*.cpio=01;31:*.7z=01;31:*.rz=01;31:*.cab=01;31:*.wim=01;31:*.swm=01;31:*.dwm=01;31:*.esd=01;31:*.jpg=01;35:*.jpeg=01;35:*.mjpg=01;35:*.mjpeg=01;35:*.gif=01;35:*.bmp=01;35:*.pbm=01;35:*.pgm=01;35:*.ppm=01;35:*.tga=01;35:*.xbm=01;35:*.xpm=01;35:*.tif=01;35:*.tiff=01;35:*.png=01;35:*.svg=01;35:*.svgz=01;35:*.mng=01;35:*.pcx=01;35:*.mov=01;35:*.mpg=01;35:*.mpeg=01;35:*.m2v=01;35:*.mkv=01;35:*.webm=01;35:*.webp=01;35:*.ogm=01;35:*.mp4=01;35:*.m4v=01;35:*.mp4v=01;35:*.vob=01;35:*.qt=01;35:*.nuv=01;35:*.wmv=01;35:*.asf=01;35:*.rm=01;35:*.rmvb=01;35:*.flc=01;35:*.avi=01;35:*.fli=01;35:*.flv=01;35:*.gl=01;35:*.dl=01;35:*.xcf=01;35:*.xwd=01;35:*.yuv=01;35:*.cgm=01;35:*.emf=01;35:*.ogv=01;35:*.ogx=01;35:*.aac=00;36:*.au=00;36:*.flac=00;36:*.m4a=00;36:*.mid=00;36:*.midi=00;36:*.mka=00;36:*.mp3=00;36:*.mpc=00;36:*.ogg=00;36:*.ra=00;36:*.wav=00;36:*.oga=00;36:*.opus=00;36:*.spx=00;36:*.xspf=00;36:'), ('SUDO_COMMAND', '/usr/bin/su'), ('AMENT_PREFIX_PATH', '/opt/ros/humble'), ('SHELL', '/bin/bash'), ('SUDO_USER', 'root'), ('LESSCLOSE', '/usr/bin/lesspipe %s %s'), ('PWD', '/home/booster/Workspace/Booster_T1_3v3_Demo/build/game_controller_interface'), ('PYTHONPATH', '/opt/ros/humble/lib/python3.10/site-packages:/opt/ros/humble/local/lib/python3.10/dist-packages'), ('COLCON', '1'), ('CMAKE_PREFIX_PATH', '/opt/ros/humble')]), 'shell': False}
[3.309758] (-) TimerEvent: {}
[3.323911] (booster_interface) CommandEnded: {'returncode': 0}
[3.325650] (booster_interface) JobProgress: {'identifier': 'booster_interface', 'progress': 'install'}
[3.325755] (booster_interface) Command: {'cmd': ['/usr/bin/cmake', '--install', '/home/booster/Workspace/Booster_T1_3v3_Demo/build/booster_interface'], 'cwd': '/home/booster/Workspace/Booster_T1_3v3_Demo/build/booster_interface', 'env': OrderedDict([('SUDO_GID', '0'), ('LESSOPEN', '| /usr/bin/lesspipe %s'), ('PYTHONWARNINGS', 'ignore::DeprecationWarning,ignore::UserWarning,ignore::FutureWarning'), ('MAIL', '/var/mail/root'), ('USER', 'root'), ('SHLVL', '2'), ('LD_LIBRARY_PATH', '/opt/ros/humble/opt/rviz_ogre_vendor/lib:/opt/ros/humble/lib/aarch64-linux-gnu:/opt/ros/humble/lib'), ('HOME', '/root'), ('OLDPWD', '/home/booster/Workspace/Booster_T1_3v3_Demo/scripts'), ('ROS_PYTHON_VERSION', '3'), ('COLORTERM', 'truecolor'), ('SUDO_UID', '0'), ('ROS_DISTRO', 'humble'), ('LOGNAME', 'root'), ('_', '/usr/bin/colcon'), ('ROS_VERSION', '2'), ('TERM', 'xterm-256color'), ('ROS_LOCALHOST_ONLY', '0'), ('PATH', '/opt/ros/humble/bin:/usr/local/sbin:/usr/local/bin:/usr/sbin:/usr/bin:/sbin:/bin:/usr/games:/usr/local/games:/snap/bin'), ('FASTRTPS_DEFAULT_PROFILES_FILE', '/opt/booster/BoosterRos2/fastdds_profile.xml'), ('LANG', 'en_US.UTF-8'), ('LS_COLORS', 'rs=0:di=01;34:ln=01;36:mh=00:pi=40;33:so=01;35:do=01;35:bd=40;33;01:cd=40;33;01:or=40;31;01:mi=00:su=37;41:sg=30;43:ca=30;41:tw=30;42:ow=34;42:st=37;44:ex=01;32:*.tar=01;31:*.tgz=01;31:*.arc=01;31:*.arj=01;31:*.taz=01;31:*.lha=01;31:*.lz4=01;31:*.lzh=01;31:*.lzma=01;31:*.tlz=01;31:*.txz=01;31:*.tzo=01;31:*.t7z=01;31:*.zip=01;31:*.z=01;31:*.dz=01;31:*.gz=01;31:*.lrz=01;31:*.lz=01;31:*.lzo=01;31:*.xz=01;31:*.zst=01;31:*.tzst=01;31:*.bz2=01;31:*.bz=01;31:*.tbz=01;31:*.tbz2=01;31:*.tz=01;31:*.deb=01;31:*.rpm=01;31:*.jar=01;31:*.war=01;31:*.ear=01;31:*.sar=01;31:*.rar=01;31:*.alz=01;31:*.ace=01;31:*.zoo=01;31:*.cpio=01;31:*.7z=01;31:*.rz=01;31:*.cab=01;31:*.wim=01;31:*.swm=01;31:*.dwm=01;31:*.esd=01;31:*.jpg=01;35:*.jpeg=01;35:*.mjpg=01;35:*.mjpeg=01;35:*.gif=01;35:*.bmp=01;35:*.pbm=01;35:*.pgm=01;35:*.ppm=01;35:*.tga=01;35:*.xbm=01;35:*.xpm=01;35:*.tif=01;35:*.tiff=01;35:*.png=01;35:*.svg=01;35:*.svgz=01;35:*.mng=01;35:*.pcx=01;35:*.mov=01;35:*.mpg=01;35:*.mpeg=01;35:*.m2v=01;35:*.mkv=01;35:*.webm=01;35:*.webp=01;35:*.ogm=01;35:*.mp4=01;35:*.m4v=01;35:*.mp4v=01;35:*.vob=01;35:*.qt=01;35:*.nuv=01;35:*.wmv=01;35:*.asf=01;35:*.rm=01;35:*.rmvb=01;35:*.flc=01;35:*.avi=01;35:*.fli=01;35:*.flv=01;35:*.gl=01;35:*.dl=01;35:*.xcf=01;35:*.xwd=01;35:*.yuv=01;35:*.cgm=01;35:*.emf=01;35:*.ogv=01;35:*.ogx=01;35:*.aac=00;36:*.au=00;36:*.flac=00;36:*.m4a=00;36:*.mid=00;36:*.midi=00;36:*.mka=00;36:*.mp3=00;36:*.mpc=00;36:*.ogg=00;36:*.ra=00;36:*.wav=00;36:*.oga=00;36:*.opus=00;36:*.spx=00;36:*.xspf=00;36:'), ('SUDO_COMMAND', '/usr/bin/su'), ('AMENT_PREFIX_PATH', '/opt/ros/humble'), ('SHELL', '/bin/bash'), ('SUDO_USER', 'root'), ('LESSCLOSE', '/usr/bin/lesspipe %s %s'), ('PWD', '/home/booster/Workspace/Booster_T1_3v3_Demo/build/booster_interface'), ('PYTHONPATH', '/opt/ros/humble/lib/python3.10/site-packages:/opt/ros/humble/local/lib/python3.10/dist-packages'), ('COLCON', '1'), ('CMAKE_PREFIX_PATH', '/opt/ros/humble')]), 'shell': False}
[3.342495] (vision) JobProgress: {'identifier': 'vision', 'progress': 'cmake'}
[3.344792] (vision) JobProgress: {'identifier': 'vision', 'progress': 'build'}
[3.345950] (vision) Command: {'cmd': ['/usr/bin/cmake', '--build', '/home/booster/Workspace/Booster_T1_3v3_Demo/build/vision', '--', '-j5', '-l5'], 'cwd': '/home/booster/Workspace/Booster_T1_3v3_Demo/build/vision', 'env': OrderedDict([('SUDO_GID', '0'), ('LESSOPEN', '| /usr/bin/lesspipe %s'), ('PYTHONWARNINGS', 'ignore::DeprecationWarning,ignore::UserWarning,ignore::FutureWarning'), ('MAIL', '/var/mail/root'), ('USER', 'root'), ('SHLVL', '2'), ('LD_LIBRARY_PATH', '/home/booster/Workspace/Booster_T1_3v3_Demo/install/vision_interface/lib:/opt/ros/humble/opt/rviz_ogre_vendor/lib:/opt/ros/humble/lib/aarch64-linux-gnu:/opt/ros/humble/lib'), ('HOME', '/root'), ('OLDPWD', '/home/booster/Workspace/Booster_T1_3v3_Demo/scripts'), ('ROS_PYTHON_VERSION', '3'), ('COLORTERM', 'truecolor'), ('SUDO_UID', '0'), ('ROS_DISTRO', 'humble'), ('LOGNAME', 'root'), ('_', '/usr/bin/colcon'), ('ROS_VERSION', '2'), ('TERM', 'xterm-256color'), ('ROS_LOCALHOST_ONLY', '0'), ('PATH', '/opt/ros/humble/bin:/usr/local/sbin:/usr/local/bin:/usr/sbin:/usr/bin:/sbin:/bin:/usr/games:/usr/local/games:/snap/bin'), ('FASTRTPS_DEFAULT_PROFILES_FILE', '/opt/booster/BoosterRos2/fastdds_profile.xml'), ('LANG', 'en_US.UTF-8'), ('LS_COLORS', 'rs=0:di=01;34:ln=01;36:mh=00:pi=40;33:so=01;35:do=01;35:bd=40;33;01:cd=40;33;01:or=40;31;01:mi=00:su=37;41:sg=30;43:ca=30;41:tw=30;42:ow=34;42:st=37;44:ex=01;32:*.tar=01;31:*.tgz=01;31:*.arc=01;31:*.arj=01;31:*.taz=01;31:*.lha=01;31:*.lz4=01;31:*.lzh=01;31:*.lzma=01;31:*.tlz=01;31:*.txz=01;31:*.tzo=01;31:*.t7z=01;31:*.zip=01;31:*.z=01;31:*.dz=01;31:*.gz=01;31:*.lrz=01;31:*.lz=01;31:*.lzo=01;31:*.xz=01;31:*.zst=01;31:*.tzst=01;31:*.bz2=01;31:*.bz=01;31:*.tbz=01;31:*.tbz2=01;31:*.tz=01;31:*.deb=01;31:*.rpm=01;31:*.jar=01;31:*.war=01;31:*.ear=01;31:*.sar=01;31:*.rar=01;31:*.alz=01;31:*.ace=01;31:*.zoo=01;31:*.cpio=01;31:*.7z=01;31:*.rz=01;31:*.cab=01;31:*.wim=01;31:*.swm=01;31:*.dwm=01;31:*.esd=01;31:*.jpg=01;35:*.jpeg=01;35:*.mjpg=01;35:*.mjpeg=01;35:*.gif=01;35:*.bmp=01;35:*.pbm=01;35:*.pgm=01;35:*.ppm=01;35:*.tga=01;35:*.xbm=01;35:*.xpm=01;35:*.tif=01;35:*.tiff=01;35:*.png=01;35:*.svg=01;35:*.svgz=01;35:*.mng=01;35:*.pcx=01;35:*.mov=01;35:*.mpg=01;35:*.mpeg=01;35:*.m2v=01;35:*.mkv=01;35:*.webm=01;35:*.webp=01;35:*.ogm=01;35:*.mp4=01;35:*.m4v=01;35:*.mp4v=01;35:*.vob=01;35:*.qt=01;35:*.nuv=01;35:*.wmv=01;35:*.asf=01;35:*.rm=01;35:*.rmvb=01;35:*.flc=01;35:*.avi=01;35:*.fli=01;35:*.flv=01;35:*.gl=01;35:*.dl=01;35:*.xcf=01;35:*.xwd=01;35:*.yuv=01;35:*.cgm=01;35:*.emf=01;35:*.ogv=01;35:*.ogx=01;35:*.aac=00;36:*.au=00;36:*.flac=00;36:*.m4a=00;36:*.mid=00;36:*.midi=00;36:*.mka=00;36:*.mp3=00;36:*.mpc=00;36:*.ogg=00;36:*.ra=00;36:*.wav=00;36:*.oga=00;36:*.opus=00;36:*.spx=00;36:*.xspf=00;36:'), ('SUDO_COMMAND', '/usr/bin/su'), ('AMENT_PREFIX_PATH', '/home/booster/Workspace/Booster_T1_3v3_Demo/install/vision_interface:/opt/ros/humble'), ('SHELL', '/bin/bash'), ('SUDO_USER', 'root'), ('LESSCLOSE', '/usr/bin/lesspipe %s %s'), ('PWD', '/home/booster/Workspace/Booster_T1_3v3_Demo/build/vision'), ('PYTHONPATH', '/home/booster/Workspace/Booster_T1_3v3_Demo/install/vision_interface/local/lib/python3.10/dist-packages:/opt/ros/humble/lib/python3.10/site-packages:/opt/ros/humble/local/lib/python3.10/dist-packages'), ('COLCON', '1'), ('CMAKE_PREFIX_PATH', '/home/booster/Workspace/Booster_T1_3v3_Demo/install/vision_interface:/opt/ros/humble')]), 'shell': False}
[3.369753] (booster_interface) StdoutLine: {'line': b'-- Install configuration: ""\n'}
[3.370876] (booster_interface) StdoutLine: {'line': b'-- Execute custom install script\n'}
[3.371269] (booster_interface) StdoutLine: {'line': b'-- Up-to-date symlink: /home/booster/Workspace/Booster_T1_3v3_Demo/install/booster_interface/share/ament_index/resource_index/rosidl_interfaces/booster_interface\n'}
[3.371448] (booster_interface) StdoutLine: {'line': b'-- Up-to-date symlink: /home/booster/Workspace/Booster_T1_3v3_Demo/install/booster_interface/include/booster_interface/booster_interface/msg/booster_api_req_msg.h\n'}
[3.372571] (booster_interface) StdoutLine: {'line': b'-- Up-to-date symlink: /home/booster/Workspace/Booster_T1_3v3_Demo/install/booster_interface/include/booster_interface/booster_interface/msg/booster_api_resp_msg.h\n'}
[3.372735] (booster_interface) StdoutLine: {'line': b'-- Up-to-date symlink: /home/booster/Workspace/Booster_T1_3v3_Demo/install/booster_interface/include/booster_interface/booster_interface/msg/button_event_msg.h\n'}
[3.372855] (booster_interface) StdoutLine: {'line': b'-- Up-to-date symlink: /home/booster/Workspace/Booster_T1_3v3_Demo/install/booster_interface/include/booster_interface/booster_interface/msg/detail/booster_api_req_msg__functions.h\n'}
[3.372965] (booster_interface) StdoutLine: {'line': b'-- Up-to-date symlink: /home/booster/Workspace/Booster_T1_3v3_Demo/install/booster_interface/include/booster_interface/booster_interface/msg/detail/booster_api_req_msg__struct.h\n'}
[3.373121] (booster_interface) StdoutLine: {'line': b'-- Up-to-date symlink: /home/booster/Workspace/Booster_T1_3v3_Demo/install/booster_interface/include/booster_interface/booster_interface/msg/detail/booster_api_req_msg__type_support.h\n'}
[3.373257] (booster_interface) StdoutLine: {'line': b'-- Up-to-date symlink: /home/booster/Workspace/Booster_T1_3v3_Demo/install/booster_interface/include/booster_interface/booster_interface/msg/detail/booster_api_resp_msg__functions.h\n'}
[3.373369] (booster_interface) StdoutLine: {'line': b'-- Up-to-date symlink: /home/booster/Workspace/Booster_T1_3v3_Demo/install/booster_interface/include/booster_interface/booster_interface/msg/detail/booster_api_resp_msg__struct.h\n'}
[3.373491] (booster_interface) StdoutLine: {'line': b'-- Up-to-date symlink: /home/booster/Workspace/Booster_T1_3v3_Demo/install/booster_interface/include/booster_interface/booster_interface/msg/detail/booster_api_resp_msg__type_support.h\n'}
[3.373686] (booster_interface) StdoutLine: {'line': b'-- Up-to-date symlink: /home/booster/Workspace/Booster_T1_3v3_Demo/install/booster_interface/include/booster_interface/booster_interface/msg/detail/button_event_msg__functions.h\n'}
[3.373811] (booster_interface) StdoutLine: {'line': b'-- Up-to-date symlink: /home/booster/Workspace/Booster_T1_3v3_Demo/install/booster_interface/include/booster_interface/booster_interface/msg/detail/button_event_msg__struct.h\n'}
[3.374232] (booster_interface) StdoutLine: {'line': b'-- Up-to-date symlink: /home/booster/Workspace/Booster_T1_3v3_Demo/install/booster_interface/include/booster_interface/booster_interface/msg/detail/button_event_msg__type_support.h\n'}
[3.374468] (booster_interface) StdoutLine: {'line': b'-- Up-to-date symlink: /home/booster/Workspace/Booster_T1_3v3_Demo/install/booster_interface/include/booster_interface/booster_interface/msg/detail/fall_down_state__functions.h\n'}
[3.374582] (booster_interface) StdoutLine: {'line': b'-- Up-to-date symlink: /home/booster/Workspace/Booster_T1_3v3_Demo/install/booster_interface/include/booster_interface/booster_interface/msg/detail/fall_down_state__struct.h\n'}
[3.374684] (booster_interface) StdoutLine: {'line': b'-- Up-to-date symlink: /home/booster/Workspace/Booster_T1_3v3_Demo/install/booster_interface/include/booster_interface/booster_interface/msg/detail/fall_down_state__type_support.h\n'}
[3.374813] (booster_interface) StdoutLine: {'line': b'-- Up-to-date symlink: /home/booster/Workspace/Booster_T1_3v3_Demo/install/booster_interface/include/booster_interface/booster_interface/msg/detail/hand_command__functions.h\n'}
[3.374913] (booster_interface) StdoutLine: {'line': b'-- Up-to-date symlink: /home/booster/Workspace/Booster_T1_3v3_Demo/install/booster_interface/include/booster_interface/booster_interface/msg/detail/hand_command__struct.h\n'}
[3.375026] (booster_interface) StdoutLine: {'line': b'-- Up-to-date symlink: /home/booster/Workspace/Booster_T1_3v3_Demo/install/booster_interface/include/booster_interface/booster_interface/msg/detail/hand_command__type_support.h\n'}
[3.375169] (booster_interface) StdoutLine: {'line': b'-- Up-to-date symlink: /home/booster/Workspace/Booster_T1_3v3_Demo/install/booster_interface/include/booster_interface/booster_interface/msg/detail/hand_dds_msg__functions.h\n'}
[3.375271] (booster_interface) StdoutLine: {'line': b'-- Up-to-date symlink: /home/booster/Workspace/Booster_T1_3v3_Demo/install/booster_interface/include/booster_interface/booster_interface/msg/detail/hand_dds_msg__struct.h\n'}
[3.375469] (booster_interface) StdoutLine: {'line': b'-- Up-to-date symlink: /home/booster/Workspace/Booster_T1_3v3_Demo/install/booster_interface/include/booster_interface/booster_interface/msg/detail/hand_dds_msg__type_support.h\n'}
[3.375647] (booster_interface) StdoutLine: {'line': b'-- Up-to-date symlink: /home/booster/Workspace/Booster_T1_3v3_Demo/install/booster_interface/include/booster_interface/booster_interface/msg/detail/hand_param__functions.h\n'}
[3.375789] (booster_interface) StdoutLine: {'line': b'-- Up-to-date symlink: /home/booster/Workspace/Booster_T1_3v3_Demo/install/booster_interface/include/booster_interface/booster_interface/msg/detail/hand_param__struct.h\n'}
[3.376203] (game_controller_interface) StdoutLine: {'line': b'-- Install configuration: ""\n'}
[3.376359] (game_controller_interface) StdoutLine: {'line': b'-- Execute custom install script\n'}
[3.376483] (game_controller_interface) StdoutLine: {'line': b'-- Up-to-date symlink: /home/booster/Workspace/Booster_T1_3v3_Demo/install/game_controller_interface/share/ament_index/resource_index/rosidl_interfaces/game_controller_interface\n'}
[3.376588] (game_controller_interface) StdoutLine: {'line': b'-- Up-to-date symlink: /home/booster/Workspace/Booster_T1_3v3_Demo/install/game_controller_interface/include/game_controller_interface/game_controller_interface/msg/detail/game_control_data__functions.h\n'}
[3.376693] (game_controller_interface) StdoutLine: {'line': b'-- Up-to-date symlink: /home/booster/Workspace/Booster_T1_3v3_Demo/install/game_controller_interface/include/game_controller_interface/game_controller_interface/msg/detail/game_control_data__struct.h\n'}
[3.376795] (game_controller_interface) StdoutLine: {'line': b'-- Up-to-date symlink: /home/booster/Workspace/Booster_T1_3v3_Demo/install/game_controller_interface/include/game_controller_interface/game_controller_interface/msg/detail/game_control_data__type_support.h\n'}
[3.376898] (game_controller_interface) StdoutLine: {'line': b'-- Up-to-date symlink: /home/booster/Workspace/Booster_T1_3v3_Demo/install/game_controller_interface/include/game_controller_interface/game_controller_interface/msg/detail/robot_info__functions.h\n'}
[3.377030] (game_controller_interface) StdoutLine: {'line': b'-- Up-to-date symlink: /home/booster/Workspace/Booster_T1_3v3_Demo/install/game_controller_interface/include/game_controller_interface/game_controller_interface/msg/detail/robot_info__struct.h\n'}
[3.377186] (game_controller_interface) StdoutLine: {'line': b'-- Up-to-date symlink: /home/booster/Workspace/Booster_T1_3v3_Demo/install/game_controller_interface/include/game_controller_interface/game_controller_interface/msg/detail/robot_info__type_support.h\n'}
[3.377294] (booster_interface) StdoutLine: {'line': b'-- Up-to-date symlink: /home/booster/Workspace/Booster_T1_3v3_Demo/install/booster_interface/include/booster_interface/booster_interface/msg/detail/hand_param__type_support.h\n'}
[3.377412] (booster_interface) StdoutLine: {'line': b'-- Up-to-date symlink: /home/booster/Workspace/Booster_T1_3v3_Demo/install/booster_interface/include/booster_interface/booster_interface/msg/detail/imu_state__functions.h\n'}
[3.377550] (booster_interface) StdoutLine: {'line': b'-- Up-to-date symlink: /home/booster/Workspace/Booster_T1_3v3_Demo/install/booster_interface/include/booster_interface/booster_interface/msg/detail/imu_state__struct.h\n'}
[3.377705] (booster_interface) StdoutLine: {'line': b'-- Up-to-date symlink: /home/booster/Workspace/Booster_T1_3v3_Demo/install/booster_interface/include/booster_interface/booster_interface/msg/detail/imu_state__type_support.h\n'}
[3.377837] (booster_interface) StdoutLine: {'line': b'-- Up-to-date symlink: /home/booster/Workspace/Booster_T1_3v3_Demo/install/booster_interface/include/booster_interface/booster_interface/msg/detail/low_cmd__functions.h\n'}
[3.378225] (booster_interface) StdoutLine: {'line': b'-- Up-to-date symlink: /home/booster/Workspace/Booster_T1_3v3_Demo/install/booster_interface/include/booster_interface/booster_interface/msg/detail/low_cmd__struct.h\n'}
[3.378518] (game_controller_interface) StdoutLine: {'line': b'-- Up-to-date symlink: /home/booster/Workspace/Booster_T1_3v3_Demo/install/game_controller_interface/include/game_controller_interface/game_controller_interface/msg/detail/team_info__functions.h\n'}
[3.379174] (booster_interface) StdoutLine: {'line': b'-- Up-to-date symlink: /home/booster/Workspace/Booster_T1_3v3_Demo/install/booster_interface/include/booster_interface/booster_interface/msg/detail/low_cmd__type_support.h\n'}
[3.379448] (booster_interface) StdoutLine: {'line': b'-- Up-to-date symlink: /home/booster/Workspace/Booster_T1_3v3_Demo/install/booster_interface/include/booster_interface/booster_interface/msg/detail/low_state__functions.h\n'}
[3.381399] (booster_interface) StdoutLine: {'line': b'-- Up-to-date symlink: /home/booster/Workspace/Booster_T1_3v3_Demo/install/booster_interface/include/booster_interface/booster_interface/msg/detail/low_state__struct.h\n'}
[3.381767] (booster_interface) StdoutLine: {'line': b'-- Up-to-date symlink: /home/booster/Workspace/Booster_T1_3v3_Demo/install/booster_interface/include/booster_interface/booster_interface/msg/detail/low_state__type_support.h\n'}
[3.382287] (booster_interface) StdoutLine: {'line': b'-- Up-to-date symlink: /home/booster/Workspace/Booster_T1_3v3_Demo/install/booster_interface/include/booster_interface/booster_interface/msg/detail/motor_cmd__functions.h\n'}
[3.382480] (booster_interface) StdoutLine: {'line': b'-- Up-to-date symlink: /home/booster/Workspace/Booster_T1_3v3_Demo/install/booster_interface/include/booster_interface/booster_interface/msg/detail/motor_cmd__struct.h\n'}
[3.382625] (booster_interface) StdoutLine: {'line': b'-- Up-to-date symlink: /home/booster/Workspace/Booster_T1_3v3_Demo/install/booster_interface/include/booster_interface/booster_interface/msg/detail/motor_cmd__type_support.h\n'}
[3.382767] (booster_interface) StdoutLine: {'line': b'-- Up-to-date symlink: /home/booster/Workspace/Booster_T1_3v3_Demo/install/booster_interface/include/booster_interface/booster_interface/msg/detail/motor_state__functions.h\n'}
[3.382922] (booster_interface) StdoutLine: {'line': b'-- Up-to-date symlink: /home/booster/Workspace/Booster_T1_3v3_Demo/install/booster_interface/include/booster_interface/booster_interface/msg/detail/motor_state__struct.h\n'}
[3.383060] (booster_interface) StdoutLine: {'line': b'-- Up-to-date symlink: /home/booster/Workspace/Booster_T1_3v3_Demo/install/booster_interface/include/booster_interface/booster_interface/msg/detail/motor_state__type_support.h\n'}
[3.383341] (booster_interface) StdoutLine: {'line': b'-- Up-to-date symlink: /home/booster/Workspace/Booster_T1_3v3_Demo/install/booster_interface/include/booster_interface/booster_interface/msg/detail/odometer__functions.h\n'}
[3.383525] (booster_interface) StdoutLine: {'line': b'-- Up-to-date symlink: /home/booster/Workspace/Booster_T1_3v3_Demo/install/booster_interface/include/booster_interface/booster_interface/msg/detail/odometer__struct.h\n'}
[3.383784] (booster_interface) StdoutLine: {'line': b'-- Up-to-date symlink: /home/booster/Workspace/Booster_T1_3v3_Demo/install/booster_interface/include/booster_interface/booster_interface/msg/detail/odometer__type_support.h\n'}
[3.384513] (booster_interface) StdoutLine: {'line': b'-- Up-to-date symlink: /home/booster/Workspace/Booster_T1_3v3_Demo/install/booster_interface/include/booster_interface/booster_interface/msg/detail/raw_bytes_msg__functions.h\n'}
[3.384733] (booster_interface) StdoutLine: {'line': b'-- Up-to-date symlink: /home/booster/Workspace/Booster_T1_3v3_Demo/install/booster_interface/include/booster_interface/booster_interface/msg/detail/raw_bytes_msg__struct.h\n'}
[3.384900] (booster_interface) StdoutLine: {'line': b'-- Up-to-date symlink: /home/booster/Workspace/Booster_T1_3v3_Demo/install/booster_interface/include/booster_interface/booster_interface/msg/detail/raw_bytes_msg__type_support.h\n'}
[3.385083] (booster_interface) StdoutLine: {'line': b'-- Up-to-date symlink: /home/booster/Workspace/Booster_T1_3v3_Demo/install/booster_interface/include/booster_interface/booster_interface/msg/detail/raw_bytes_stamped__functions.h\n'}
[3.385330] (booster_interface) StdoutLine: {'line': b'-- Up-to-date symlink: /home/booster/Workspace/Booster_T1_3v3_Demo/install/booster_interface/include/booster_interface/booster_interface/msg/detail/raw_bytes_stamped__struct.h\n'}
[3.385573] (booster_interface) StdoutLine: {'line': b'-- Up-to-date symlink: /home/booster/Workspace/Booster_T1_3v3_Demo/install/booster_interface/include/booster_interface/booster_interface/msg/detail/raw_bytes_stamped__type_support.h\n'}
[3.386238] (booster_interface) StdoutLine: {'line': b'-- Up-to-date symlink: /home/booster/Workspace/Booster_T1_3v3_Demo/install/booster_interface/include/booster_interface/booster_interface/msg/detail/remote_controller_state__functions.h\n'}
[3.386485] (booster_interface) StdoutLine: {'line': b'-- Up-to-date symlink: /home/booster/Workspace/Booster_T1_3v3_Demo/install/booster_interface/include/booster_interface/booster_interface/msg/detail/remote_controller_state__struct.h\n'}
[3.386647] (booster_interface) StdoutLine: {'line': b'-- Up-to-date symlink: /home/booster/Workspace/Booster_T1_3v3_Demo/install/booster_interface/include/booster_interface/booster_interface/msg/detail/remote_controller_state__type_support.h\n'}
[3.386835] (booster_interface) StdoutLine: {'line': b'-- Up-to-date symlink: /home/booster/Workspace/Booster_T1_3v3_Demo/install/booster_interface/include/booster_interface/booster_interface/msg/fall_down_state.h\n'}
[3.386947] (booster_interface) StdoutLine: {'line': b'-- Up-to-date symlink: /home/booster/Workspace/Booster_T1_3v3_Demo/install/booster_interface/include/booster_interface/booster_interface/msg/hand_command.h\n'}
[3.387073] (booster_interface) StdoutLine: {'line': b'-- Up-to-date symlink: /home/booster/Workspace/Booster_T1_3v3_Demo/install/booster_interface/include/booster_interface/booster_interface/msg/hand_dds_msg.h\n'}
[3.387258] (booster_interface) StdoutLine: {'line': b'-- Up-to-date symlink: /home/booster/Workspace/Booster_T1_3v3_Demo/install/booster_interface/include/booster_interface/booster_interface/msg/hand_param.h\n'}
[3.387445] (booster_interface) StdoutLine: {'line': b'-- Up-to-date symlink: /home/booster/Workspace/Booster_T1_3v3_Demo/install/booster_interface/include/booster_interface/booster_interface/msg/imu_state.h\n'}
[3.387596] (booster_interface) StdoutLine: {'line': b'-- Up-to-date symlink: /home/booster/Workspace/Booster_T1_3v3_Demo/install/booster_interface/include/booster_interface/booster_interface/msg/low_cmd.h\n'}
[3.387747] (booster_interface) StdoutLine: {'line': b'-- Up-to-date symlink: /home/booster/Workspace/Booster_T1_3v3_Demo/install/booster_interface/include/booster_interface/booster_interface/msg/low_state.h\n'}
[3.387869] (booster_interface) StdoutLine: {'line': b'-- Up-to-date symlink: /home/booster/Workspace/Booster_T1_3v3_Demo/install/booster_interface/include/booster_interface/booster_interface/msg/motor_cmd.h\n'}
[3.388491] (booster_interface) StdoutLine: {'line': b'-- Up-to-date symlink: /home/booster/Workspace/Booster_T1_3v3_Demo/install/booster_interface/include/booster_interface/booster_interface/msg/motor_state.h\n'}
[3.388629] (booster_interface) StdoutLine: {'line': b'-- Up-to-date symlink: /home/booster/Workspace/Booster_T1_3v3_Demo/install/booster_interface/include/booster_interface/booster_interface/msg/odometer.h\n'}
[3.388735] (booster_interface) StdoutLine: {'line': b'-- Up-to-date symlink: /home/booster/Workspace/Booster_T1_3v3_Demo/install/booster_interface/include/booster_interface/booster_interface/msg/raw_bytes_msg.h\n'}
[3.388845] (booster_interface) StdoutLine: {'line': b'-- Up-to-date symlink: /home/booster/Workspace/Booster_T1_3v3_Demo/install/booster_interface/include/booster_interface/booster_interface/msg/raw_bytes_stamped.h\n'}
[3.390254] (booster_interface) StdoutLine: {'line': b'-- Up-to-date symlink: /home/booster/Workspace/Booster_T1_3v3_Demo/install/booster_interface/include/booster_interface/booster_interface/msg/remote_controller_state.h\n'}
[3.390418] (booster_interface) StdoutLine: {'line': b'-- Up-to-date symlink: /home/booster/Workspace/Booster_T1_3v3_Demo/install/booster_interface/include/booster_interface/booster_interface/msg/rosidl_generator_c__visibility_control.h\n'}
[3.390536] (booster_interface) StdoutLine: {'line': b'-- Up-to-date symlink: /home/booster/Workspace/Booster_T1_3v3_Demo/install/booster_interface/include/booster_interface/booster_interface/srv/agent_service.h\n'}
[3.402935] (booster_interface) StdoutLine: {'line': b'-- Up-to-date symlink: /home/booster/Workspace/Booster_T1_3v3_Demo/install/booster_interface/include/booster_interface/booster_interface/srv/detail/agent_service__functions.h\n'}
[3.403273] (booster_interface) StdoutLine: {'line': b'-- Up-to-date symlink: /home/booster/Workspace/Booster_T1_3v3_Demo/install/booster_interface/include/booster_interface/booster_interface/srv/detail/agent_service__struct.h\n'}
[3.404667] (booster_interface) StdoutLine: {'line': b'-- Up-to-date symlink: /home/booster/Workspace/Booster_T1_3v3_Demo/install/booster_interface/include/booster_interface/booster_interface/srv/detail/agent_service__type_support.h\n'}
[3.404816] (booster_interface) StdoutLine: {'line': b'-- Up-to-date symlink: /home/booster/Workspace/Booster_T1_3v3_Demo/install/booster_interface/include/booster_interface/booster_interface/srv/detail/rpc_service__functions.h\n'}
[3.404933] (booster_interface) StdoutLine: {'line': b'-- Up-to-date symlink: /home/booster/Workspace/Booster_T1_3v3_Demo/install/booster_interface/include/booster_interface/booster_interface/srv/detail/rpc_service__struct.h\n'}
[3.405041] (booster_interface) StdoutLine: {'line': b'-- Up-to-date symlink: /home/booster/Workspace/Booster_T1_3v3_Demo/install/booster_interface/include/booster_interface/booster_interface/srv/detail/rpc_service__type_support.h\n'}
[3.405183] (booster_interface) StdoutLine: {'line': b'-- Up-to-date symlink: /home/booster/Workspace/Booster_T1_3v3_Demo/install/booster_interface/include/booster_interface/booster_interface/srv/rpc_service.h\n'}
[3.405367] (booster_msgs) StdoutLine: {'line': b'[100%] Built target booster_msgs__rosidl_typesupport_introspection_c__pyext\n'}
[3.405558] (game_controller_interface) StdoutLine: {'line': b'-- Up-to-date symlink: /home/booster/Workspace/Booster_T1_3v3_Demo/install/game_controller_interface/include/game_controller_interface/game_controller_interface/msg/detail/team_info__struct.h\n'}
[3.405804] (game_controller_interface) StdoutLine: {'line': b'-- Up-to-date symlink: /home/booster/Workspace/Booster_T1_3v3_Demo/install/game_controller_interface/include/game_controller_interface/game_controller_interface/msg/detail/team_info__type_support.h\n'}
[3.410594] (-) TimerEvent: {}
[3.411247] (game_controller_interface) StdoutLine: {'line': b'-- Up-to-date symlink: /home/booster/Workspace/Booster_T1_3v3_Demo/install/game_controller_interface/include/game_controller_interface/game_controller_interface/msg/game_control_data.h\n'}
[3.415264] (booster_interface) StdoutLine: {'line': b'-- Up-to-date symlink: /home/booster/Workspace/Booster_T1_3v3_Demo/install/booster_interface/share/booster_interface/environment/library_path.sh\n'}
[3.416491] (booster_interface) StdoutLine: {'line': b'-- Up-to-date symlink: /home/booster/Workspace/Booster_T1_3v3_Demo/install/booster_interface/share/booster_interface/environment/library_path.dsv\n'}
[3.416709] (booster_interface) StdoutLine: {'line': b'-- Up-to-date symlink: /home/booster/Workspace/Booster_T1_3v3_Demo/install/booster_interface/include/booster_interface/booster_interface/msg/detail/booster_api_req_msg__rosidl_typesupport_fastrtps_c.h\n'}
[3.416835] (booster_interface) StdoutLine: {'line': b'-- Up-to-date symlink: /home/booster/Workspace/Booster_T1_3v3_Demo/install/booster_interface/include/booster_interface/booster_interface/msg/detail/booster_api_resp_msg__rosidl_typesupport_fastrtps_c.h\n'}
[3.416951] (booster_interface) StdoutLine: {'line': b'-- Up-to-date symlink: /home/booster/Workspace/Booster_T1_3v3_Demo/install/booster_interface/include/booster_interface/booster_interface/msg/detail/button_event_msg__rosidl_typesupport_fastrtps_c.h\n'}
[3.417081] (booster_interface) StdoutLine: {'line': b'-- Up-to-date symlink: /home/booster/Workspace/Booster_T1_3v3_Demo/install/booster_interface/include/booster_interface/booster_interface/msg/detail/fall_down_state__rosidl_typesupport_fastrtps_c.h\n'}
[3.417227] (booster_interface) StdoutLine: {'line': b'-- Up-to-date symlink: /home/booster/Workspace/Booster_T1_3v3_Demo/install/booster_interface/include/booster_interface/booster_interface/msg/detail/hand_command__rosidl_typesupport_fastrtps_c.h\n'}
[3.422529] (booster_interface) StdoutLine: {'line': b'-- Up-to-date symlink: /home/booster/Workspace/Booster_T1_3v3_Demo/install/booster_interface/include/booster_interface/booster_interface/msg/detail/hand_dds_msg__rosidl_typesupport_fastrtps_c.h\n'}
[3.422744] (booster_interface) StdoutLine: {'line': b'-- Up-to-date symlink: /home/booster/Workspace/Booster_T1_3v3_Demo/install/booster_interface/include/booster_interface/booster_interface/msg/detail/hand_param__rosidl_typesupport_fastrtps_c.h\n'}
[3.422869] (booster_interface) StdoutLine: {'line': b'-- Up-to-date symlink: /home/booster/Workspace/Booster_T1_3v3_Demo/install/booster_interface/include/booster_interface/booster_interface/msg/detail/imu_state__rosidl_typesupport_fastrtps_c.h\n'}
[3.422984] (booster_interface) StdoutLine: {'line': b'-- Up-to-date symlink: /home/booster/Workspace/Booster_T1_3v3_Demo/install/booster_interface/include/booster_interface/booster_interface/msg/detail/low_cmd__rosidl_typesupport_fastrtps_c.h\n'}
[3.423090] (booster_interface) StdoutLine: {'line': b'-- Up-to-date symlink: /home/booster/Workspace/Booster_T1_3v3_Demo/install/booster_interface/include/booster_interface/booster_interface/msg/detail/low_state__rosidl_typesupport_fastrtps_c.h\n'}
[3.423229] (booster_interface) StdoutLine: {'line': b'-- Up-to-date symlink: /home/booster/Workspace/Booster_T1_3v3_Demo/install/booster_interface/include/booster_interface/booster_interface/msg/detail/motor_cmd__rosidl_typesupport_fastrtps_c.h\n'}
[3.423462] (booster_interface) StdoutLine: {'line': b'-- Up-to-date symlink: /home/booster/Workspace/Booster_T1_3v3_Demo/install/booster_interface/include/booster_interface/booster_interface/msg/detail/motor_state__rosidl_typesupport_fastrtps_c.h\n'}
[3.430401] (booster_interface) StdoutLine: {'line': b'-- Up-to-date symlink: /home/booster/Workspace/Booster_T1_3v3_Demo/install/booster_interface/include/booster_interface/booster_interface/msg/detail/odometer__rosidl_typesupport_fastrtps_c.h\n'}
[3.430806] (booster_interface) StdoutLine: {'line': b'-- Up-to-date symlink: /home/booster/Workspace/Booster_T1_3v3_Demo/install/booster_interface/include/booster_interface/booster_interface/msg/detail/raw_bytes_msg__rosidl_typesupport_fastrtps_c.h\n'}
[3.431007] (booster_interface) StdoutLine: {'line': b'-- Up-to-date symlink: /home/booster/Workspace/Booster_T1_3v3_Demo/install/booster_interface/include/booster_interface/booster_interface/msg/detail/raw_bytes_stamped__rosidl_typesupport_fastrtps_c.h\n'}
[3.431167] (game_controller_interface) StdoutLine: {'line': b'-- Up-to-date symlink: /home/booster/Workspace/Booster_T1_3v3_Demo/install/game_controller_interface/include/game_controller_interface/game_controller_interface/msg/robot_info.h\n'}
[3.431427] (game_controller_interface) StdoutLine: {'line': b'-- Up-to-date symlink: /home/booster/Workspace/Booster_T1_3v3_Demo/install/game_controller_interface/include/game_controller_interface/game_controller_interface/msg/rosidl_generator_c__visibility_control.h\n'}
[3.435156] (game_controller_interface) StdoutLine: {'line': b'-- Up-to-date symlink: /home/booster/Workspace/Booster_T1_3v3_Demo/install/game_controller_interface/include/game_controller_interface/game_controller_interface/msg/team_info.h\n'}
[3.435615] (game_controller_interface) StdoutLine: {'line': b'-- Up-to-date symlink: /home/booster/Workspace/Booster_T1_3v3_Demo/install/game_controller_interface/share/game_controller_interface/environment/library_path.sh\n'}
[3.435892] (game_controller_interface) StdoutLine: {'line': b'-- Up-to-date symlink: /home/booster/Workspace/Booster_T1_3v3_Demo/install/game_controller_interface/share/game_controller_interface/environment/library_path.dsv\n'}
[3.438536] (game_controller_interface) StdoutLine: {'line': b'-- Up-to-date symlink: /home/booster/Workspace/Booster_T1_3v3_Demo/install/game_controller_interface/include/game_controller_interface/game_controller_interface/msg/detail/game_control_data__rosidl_typesupport_fastrtps_c.h\n'}
[3.438798] (game_controller_interface) StdoutLine: {'line': b'-- Up-to-date symlink: /home/booster/Workspace/Booster_T1_3v3_Demo/install/game_controller_interface/include/game_controller_interface/game_controller_interface/msg/detail/robot_info__rosidl_typesupport_fastrtps_c.h\n'}
[3.438924] (booster_interface) StdoutLine: {'line': b'-- Up-to-date symlink: /home/booster/Workspace/Booster_T1_3v3_Demo/install/booster_interface/include/booster_interface/booster_interface/msg/detail/remote_controller_state__rosidl_typesupport_fastrtps_c.h\n'}
[3.439055] (booster_interface) StdoutLine: {'line': b'-- Up-to-date symlink: /home/booster/Workspace/Booster_T1_3v3_Demo/install/booster_interface/include/booster_interface/booster_interface/msg/rosidl_typesupport_fastrtps_c__visibility_control.h\n'}
[3.439164] (booster_interface) StdoutLine: {'line': b'-- Up-to-date symlink: /home/booster/Workspace/Booster_T1_3v3_Demo/install/booster_interface/include/booster_interface/booster_interface/srv/detail/agent_service__rosidl_typesupport_fastrtps_c.h\n'}
[3.440582] (booster_interface) StdoutLine: {'line': b'-- Up-to-date symlink: /home/booster/Workspace/Booster_T1_3v3_Demo/install/booster_interface/include/booster_interface/booster_interface/srv/detail/rpc_service__rosidl_typesupport_fastrtps_c.h\n'}
[3.441578] (booster_interface) StdoutLine: {'line': b'-- Up-to-date symlink: /home/booster/Workspace/Booster_T1_3v3_Demo/install/booster_interface/include/booster_interface/booster_interface/msg/booster_api_req_msg.hpp\n'}
[3.441943] (booster_interface) StdoutLine: {'line': b'-- Up-to-date symlink: /home/booster/Workspace/Booster_T1_3v3_Demo/install/booster_interface/include/booster_interface/booster_interface/msg/booster_api_resp_msg.hpp\n'}
[3.442691] (booster_interface) StdoutLine: {'line': b'-- Up-to-date symlink: /home/booster/Workspace/Booster_T1_3v3_Demo/install/booster_interface/include/booster_interface/booster_interface/msg/button_event_msg.hpp\n'}
[3.443651] (booster_interface) StdoutLine: {'line': b'-- Up-to-date symlink: /home/booster/Workspace/Booster_T1_3v3_Demo/install/booster_interface/include/booster_interface/booster_interface/msg/detail/booster_api_req_msg__builder.hpp\n'}
[3.443918] (booster_interface) StdoutLine: {'line': b'-- Up-to-date symlink: /home/booster/Workspace/Booster_T1_3v3_Demo/install/booster_interface/include/booster_interface/booster_interface/msg/detail/booster_api_req_msg__struct.hpp\n'}
[3.451358] (booster_interface) StdoutLine: {'line': b'-- Up-to-date symlink: /home/booster/Workspace/Booster_T1_3v3_Demo/install/booster_interface/include/booster_interface/booster_interface/msg/detail/booster_api_req_msg__traits.hpp\n'}
[3.452731] (booster_interface) StdoutLine: {'line': b'-- Up-to-date symlink: /home/booster/Workspace/Booster_T1_3v3_Demo/install/booster_interface/include/booster_interface/booster_interface/msg/detail/booster_api_req_msg__type_support.hpp\n'}
[3.456537] (booster_interface) StdoutLine: {'line': b'-- Up-to-date symlink: /home/booster/Workspace/Booster_T1_3v3_Demo/install/booster_interface/include/booster_interface/booster_interface/msg/detail/booster_api_resp_msg__builder.hpp\n'}
[3.456773] (booster_interface) StdoutLine: {'line': b'-- Up-to-date symlink: /home/booster/Workspace/Booster_T1_3v3_Demo/install/booster_interface/include/booster_interface/booster_interface/msg/detail/booster_api_resp_msg__struct.hpp\n'}
[3.456901] (game_controller_interface) StdoutLine: {'line': b'-- Up-to-date symlink: /home/booster/Workspace/Booster_T1_3v3_Demo/install/game_controller_interface/include/game_controller_interface/game_controller_interface/msg/detail/team_info__rosidl_typesupport_fastrtps_c.h\n'}
[3.457043] (booster_interface) StdoutLine: {'line': b'-- Up-to-date symlink: /home/booster/Workspace/Booster_T1_3v3_Demo/install/booster_interface/include/booster_interface/booster_interface/msg/detail/booster_api_resp_msg__traits.hpp\n'}
[3.457150] (booster_interface) StdoutLine: {'line': b'-- Up-to-date symlink: /home/booster/Workspace/Booster_T1_3v3_Demo/install/booster_interface/include/booster_interface/booster_interface/msg/detail/booster_api_resp_msg__type_support.hpp\n'}
[3.457255] (booster_interface) StdoutLine: {'line': b'-- Up-to-date symlink: /home/booster/Workspace/Booster_T1_3v3_Demo/install/booster_interface/include/booster_interface/booster_interface/msg/detail/button_event_msg__builder.hpp\n'}
[3.457408] (booster_interface) StdoutLine: {'line': b'-- Up-to-date symlink: /home/booster/Workspace/Booster_T1_3v3_Demo/install/booster_interface/include/booster_interface/booster_interface/msg/detail/button_event_msg__struct.hpp\n'}
[3.457539] (booster_interface) StdoutLine: {'line': b'-- Up-to-date symlink: /home/booster/Workspace/Booster_T1_3v3_Demo/install/booster_interface/include/booster_interface/booster_interface/msg/detail/button_event_msg__traits.hpp\n'}
[3.457714] (booster_interface) StdoutLine: {'line': b'-- Up-to-date symlink: /home/booster/Workspace/Booster_T1_3v3_Demo/install/booster_interface/include/booster_interface/booster_interface/msg/detail/button_event_msg__type_support.hpp\n'}
[3.457865] (booster_interface) StdoutLine: {'line': b'-- Up-to-date symlink: /home/booster/Workspace/Booster_T1_3v3_Demo/install/booster_interface/include/booster_interface/booster_interface/msg/detail/fall_down_state__builder.hpp\n'}
[3.458083] (game_controller_interface) StdoutLine: {'line': b'-- Up-to-date symlink: /home/booster/Workspace/Booster_T1_3v3_Demo/install/game_controller_interface/include/game_controller_interface/game_controller_interface/msg/rosidl_typesupport_fastrtps_c__visibility_control.h\n'}
[3.458496] (booster_interface) StdoutLine: {'line': b'-- Up-to-date symlink: /home/booster/Workspace/Booster_T1_3v3_Demo/install/booster_interface/include/booster_interface/booster_interface/msg/detail/fall_down_state__struct.hpp\n'}
[3.458652] (booster_interface) StdoutLine: {'line': b'-- Up-to-date symlink: /home/booster/Workspace/Booster_T1_3v3_Demo/install/booster_interface/include/booster_interface/booster_interface/msg/detail/fall_down_state__traits.hpp\n'}
[3.458760] (booster_interface) StdoutLine: {'line': b'-- Up-to-date symlink: /home/booster/Workspace/Booster_T1_3v3_Demo/install/booster_interface/include/booster_interface/booster_interface/msg/detail/fall_down_state__type_support.hpp\n'}
[3.463721] (booster_interface) StdoutLine: {'line': b'-- Up-to-date symlink: /home/booster/Workspace/Booster_T1_3v3_Demo/install/booster_interface/include/booster_interface/booster_interface/msg/detail/hand_command__builder.hpp\n'}
[3.464639] (booster_interface) StdoutLine: {'line': b'-- Up-to-date symlink: /home/booster/Workspace/Booster_T1_3v3_Demo/install/booster_interface/include/booster_interface/booster_interface/msg/detail/hand_command__struct.hpp\n'}
[3.464789] (booster_interface) StdoutLine: {'line': b'-- Up-to-date symlink: /home/booster/Workspace/Booster_T1_3v3_Demo/install/booster_interface/include/booster_interface/booster_interface/msg/detail/hand_command__traits.hpp\n'}
[3.464905] (booster_interface) StdoutLine: {'line': b'-- Up-to-date symlink: /home/booster/Workspace/Booster_T1_3v3_Demo/install/booster_interface/include/booster_interface/booster_interface/msg/detail/hand_command__type_support.hpp\n'}
[3.465014] (game_controller_interface) StdoutLine: {'line': b'-- Up-to-date symlink: /home/booster/Workspace/Booster_T1_3v3_Demo/install/game_controller_interface/include/game_controller_interface/game_controller_interface/msg/detail/game_control_data__builder.hpp\n'}
[3.465143] (booster_interface) StdoutLine: {'line': b'-- Up-to-date symlink: /home/booster/Workspace/Booster_T1_3v3_Demo/install/booster_interface/include/booster_interface/booster_interface/msg/detail/hand_dds_msg__builder.hpp\n'}
[3.465246] (game_controller_interface) StdoutLine: {'line': b'-- Up-to-date symlink: /home/booster/Workspace/Booster_T1_3v3_Demo/install/game_controller_interface/include/game_controller_interface/game_controller_interface/msg/detail/game_control_data__struct.hpp\n'}
[3.465382] (game_controller_interface) StdoutLine: {'line': b'-- Up-to-date symlink: /home/booster/Workspace/Booster_T1_3v3_Demo/install/game_controller_interface/include/game_controller_interface/game_controller_interface/msg/detail/game_control_data__traits.hpp\n'}
[3.465535] (game_controller_interface) StdoutLine: {'line': b'-- Up-to-date symlink: /home/booster/Workspace/Booster_T1_3v3_Demo/install/game_controller_interface/include/game_controller_interface/game_controller_interface/msg/detail/game_control_data__type_support.hpp\n'}
[3.465648] (game_controller_interface) StdoutLine: {'line': b'-- Up-to-date symlink: /home/booster/Workspace/Booster_T1_3v3_Demo/install/game_controller_interface/include/game_controller_interface/game_controller_interface/msg/detail/robot_info__builder.hpp\n'}
[3.465762] (booster_interface) StdoutLine: {'line': b'-- Up-to-date symlink: /home/booster/Workspace/Booster_T1_3v3_Demo/install/booster_interface/include/booster_interface/booster_interface/msg/detail/hand_dds_msg__struct.hpp\n'}
[3.465914] (booster_interface) StdoutLine: {'line': b'-- Up-to-date symlink: /home/booster/Workspace/Booster_T1_3v3_Demo/install/booster_interface/include/booster_interface/booster_interface/msg/detail/hand_dds_msg__traits.hpp\n'}
[3.470573] (game_controller_interface) StdoutLine: {'line': b'-- Up-to-date symlink: /home/booster/Workspace/Booster_T1_3v3_Demo/install/game_controller_interface/include/game_controller_interface/game_controller_interface/msg/detail/robot_info__struct.hpp\n'}
[3.472717] (booster_interface) StdoutLine: {'line': b'-- Up-to-date symlink: /home/booster/Workspace/Booster_T1_3v3_Demo/install/booster_interface/include/booster_interface/booster_interface/msg/detail/hand_dds_msg__type_support.hpp\n'}
[3.473483] (booster_interface) StdoutLine: {'line': b'-- Up-to-date symlink: /home/booster/Workspace/Booster_T1_3v3_Demo/install/booster_interface/include/booster_interface/booster_interface/msg/detail/hand_param__builder.hpp\n'}
[3.473689] (booster_interface) StdoutLine: {'line': b'-- Up-to-date symlink: /home/booster/Workspace/Booster_T1_3v3_Demo/install/booster_interface/include/booster_interface/booster_interface/msg/detail/hand_param__struct.hpp\n'}
[3.473899] (booster_interface) StdoutLine: {'line': b'-- Up-to-date symlink: /home/booster/Workspace/Booster_T1_3v3_Demo/install/booster_interface/include/booster_interface/booster_interface/msg/detail/hand_param__traits.hpp\n'}
[3.474247] (booster_interface) StdoutLine: {'line': b'-- Up-to-date symlink: /home/booster/Workspace/Booster_T1_3v3_Demo/install/booster_interface/include/booster_interface/booster_interface/msg/detail/hand_param__type_support.hpp\n'}
[3.474780] (game_controller_interface) StdoutLine: {'line': b'-- Up-to-date symlink: /home/booster/Workspace/Booster_T1_3v3_Demo/install/game_controller_interface/include/game_controller_interface/game_controller_interface/msg/detail/robot_info__traits.hpp\n'}
[3.474918] (booster_interface) StdoutLine: {'line': b'-- Up-to-date symlink: /home/booster/Workspace/Booster_T1_3v3_Demo/install/booster_interface/include/booster_interface/booster_interface/msg/detail/imu_state__builder.hpp\n'}
[3.475028] (game_controller_interface) StdoutLine: {'line': b'-- Up-to-date symlink: /home/booster/Workspace/Booster_T1_3v3_Demo/install/game_controller_interface/include/game_controller_interface/game_controller_interface/msg/detail/robot_info__type_support.hpp\n'}
[3.475162] (booster_interface) StdoutLine: {'line': b'-- Up-to-date symlink: /home/booster/Workspace/Booster_T1_3v3_Demo/install/booster_interface/include/booster_interface/booster_interface/msg/detail/imu_state__struct.hpp\n'}
[3.475264] (booster_interface) StdoutLine: {'line': b'-- Up-to-date symlink: /home/booster/Workspace/Booster_T1_3v3_Demo/install/booster_interface/include/booster_interface/booster_interface/msg/detail/imu_state__traits.hpp\n'}
[3.475423] (game_controller_interface) StdoutLine: {'line': b'-- Up-to-date symlink: /home/booster/Workspace/Booster_T1_3v3_Demo/install/game_controller_interface/include/game_controller_interface/game_controller_interface/msg/detail/team_info__builder.hpp\n'}
[3.475611] (booster_interface) StdoutLine: {'line': b'-- Up-to-date symlink: /home/booster/Workspace/Booster_T1_3v3_Demo/install/booster_interface/include/booster_interface/booster_interface/msg/detail/imu_state__type_support.hpp\n'}
[3.475741] (game_controller_interface) StdoutLine: {'line': b'-- Up-to-date symlink: /home/booster/Workspace/Booster_T1_3v3_Demo/install/game_controller_interface/include/game_controller_interface/game_controller_interface/msg/detail/team_info__struct.hpp\n'}
[3.475886] (booster_interface) StdoutLine: {'line': b'-- Up-to-date symlink: /home/booster/Workspace/Booster_T1_3v3_Demo/install/booster_interface/include/booster_interface/booster_interface/msg/detail/low_cmd__builder.hpp\n'}
[3.478593] (booster_interface) StdoutLine: {'line': b'-- Up-to-date symlink: /home/booster/Workspace/Booster_T1_3v3_Demo/install/booster_interface/include/booster_interface/booster_interface/msg/detail/low_cmd__struct.hpp\n'}
[3.478829] (game_controller_interface) StdoutLine: {'line': b'-- Up-to-date symlink: /home/booster/Workspace/Booster_T1_3v3_Demo/install/game_controller_interface/include/game_controller_interface/game_controller_interface/msg/detail/team_info__traits.hpp\n'}
[3.478974] (booster_interface) StdoutLine: {'line': b'-- Up-to-date symlink: /home/booster/Workspace/Booster_T1_3v3_Demo/install/booster_interface/include/booster_interface/booster_interface/msg/detail/low_cmd__traits.hpp\n'}
[3.479130] (booster_interface) StdoutLine: {'line': b'-- Up-to-date symlink: /home/booster/Workspace/Booster_T1_3v3_Demo/install/booster_interface/include/booster_interface/booster_interface/msg/detail/low_cmd__type_support.hpp\n'}
[3.479256] (booster_interface) StdoutLine: {'line': b'-- Up-to-date symlink: /home/booster/Workspace/Booster_T1_3v3_Demo/install/booster_interface/include/booster_interface/booster_interface/msg/detail/low_state__builder.hpp\n'}
[3.482625] (booster_interface) StdoutLine: {'line': b'-- Up-to-date symlink: /home/booster/Workspace/Booster_T1_3v3_Demo/install/booster_interface/include/booster_interface/booster_interface/msg/detail/low_state__struct.hpp\n'}
[3.482814] (booster_interface) StdoutLine: {'line': b'-- Up-to-date symlink: /home/booster/Workspace/Booster_T1_3v3_Demo/install/booster_interface/include/booster_interface/booster_interface/msg/detail/low_state__traits.hpp\n'}
[3.482940] (booster_interface) StdoutLine: {'line': b'-- Up-to-date symlink: /home/booster/Workspace/Booster_T1_3v3_Demo/install/booster_interface/include/booster_interface/booster_interface/msg/detail/low_state__type_support.hpp\n'}
[3.483054] (booster_interface) StdoutLine: {'line': b'-- Up-to-date symlink: /home/booster/Workspace/Booster_T1_3v3_Demo/install/booster_interface/include/booster_interface/booster_interface/msg/detail/motor_cmd__builder.hpp\n'}
[3.483162] (booster_interface) StdoutLine: {'line': b'-- Up-to-date symlink: /home/booster/Workspace/Booster_T1_3v3_Demo/install/booster_interface/include/booster_interface/booster_interface/msg/detail/motor_cmd__struct.hpp\n'}
[3.483266] (game_controller_interface) StdoutLine: {'line': b'-- Up-to-date symlink: /home/booster/Workspace/Booster_T1_3v3_Demo/install/game_controller_interface/include/game_controller_interface/game_controller_interface/msg/detail/team_info__type_support.hpp\n'}
[3.484632] (booster_interface) StdoutLine: {'line': b'-- Up-to-date symlink: /home/booster/Workspace/Booster_T1_3v3_Demo/install/booster_interface/include/booster_interface/booster_interface/msg/detail/motor_cmd__traits.hpp\n'}
[3.486566] (booster_interface) StdoutLine: {'line': b'-- Up-to-date symlink: /home/booster/Workspace/Booster_T1_3v3_Demo/install/booster_interface/include/booster_interface/booster_interface/msg/detail/motor_cmd__type_support.hpp\n'}
[3.488617] (booster_interface) StdoutLine: {'line': b'-- Up-to-date symlink: /home/booster/Workspace/Booster_T1_3v3_Demo/install/booster_interface/include/booster_interface/booster_interface/msg/detail/motor_state__builder.hpp\n'}
[3.488871] (booster_interface) StdoutLine: {'line': b'-- Up-to-date symlink: /home/booster/Workspace/Booster_T1_3v3_Demo/install/booster_interface/include/booster_interface/booster_interface/msg/detail/motor_state__struct.hpp\n'}
[3.489028] (booster_interface) StdoutLine: {'line': b'-- Up-to-date symlink: /home/booster/Workspace/Booster_T1_3v3_Demo/install/booster_interface/include/booster_interface/booster_interface/msg/detail/motor_state__traits.hpp\n'}
[3.489146] (game_controller_interface) StdoutLine: {'line': b'-- Up-to-date symlink: /home/booster/Workspace/Booster_T1_3v3_Demo/install/game_controller_interface/include/game_controller_interface/game_controller_interface/msg/game_control_data.hpp\n'}
[3.489277] (booster_interface) StdoutLine: {'line': b'-- Up-to-date symlink: /home/booster/Workspace/Booster_T1_3v3_Demo/install/booster_interface/include/booster_interface/booster_interface/msg/detail/motor_state__type_support.hpp\n'}
[3.489382] (booster_interface) StdoutLine: {'line': b'-- Up-to-date symlink: /home/booster/Workspace/Booster_T1_3v3_Demo/install/booster_interface/include/booster_interface/booster_interface/msg/detail/odometer__builder.hpp\n'}
[3.490896] (game_controller_interface) StdoutLine: {'line': b'-- Up-to-date symlink: /home/booster/Workspace/Booster_T1_3v3_Demo/install/game_controller_interface/include/game_controller_interface/game_controller_interface/msg/robot_info.hpp\n'}
[3.491113] (game_controller_interface) StdoutLine: {'line': b'-- Up-to-date symlink: /home/booster/Workspace/Booster_T1_3v3_Demo/install/game_controller_interface/include/game_controller_interface/game_controller_interface/msg/rosidl_generator_cpp__visibility_control.hpp\n'}
[3.491240] (game_controller_interface) StdoutLine: {'line': b'-- Up-to-date symlink: /home/booster/Workspace/Booster_T1_3v3_Demo/install/game_controller_interface/include/game_controller_interface/game_controller_interface/msg/team_info.hpp\n'}
[3.492800] (booster_interface) StdoutLine: {'line': b'-- Up-to-date symlink: /home/booster/Workspace/Booster_T1_3v3_Demo/install/booster_interface/include/booster_interface/booster_interface/msg/detail/odometer__struct.hpp\n'}
[3.507611] (booster_interface) StdoutLine: {'line': b'-- Up-to-date symlink: /home/booster/Workspace/Booster_T1_3v3_Demo/install/booster_interface/include/booster_interface/booster_interface/msg/detail/odometer__traits.hpp\n'}
[3.508058] (booster_interface) StdoutLine: {'line': b'-- Up-to-date symlink: /home/booster/Workspace/Booster_T1_3v3_Demo/install/booster_interface/include/booster_interface/booster_interface/msg/detail/odometer__type_support.hpp\n'}
[3.509423] (booster_interface) StdoutLine: {'line': b'-- Up-to-date symlink: /home/booster/Workspace/Booster_T1_3v3_Demo/install/booster_interface/include/booster_interface/booster_interface/msg/detail/raw_bytes_msg__builder.hpp\n'}
[3.509751] (booster_interface) StdoutLine: {'line': b'-- Up-to-date symlink: /home/booster/Workspace/Booster_T1_3v3_Demo/install/booster_interface/include/booster_interface/booster_interface/msg/detail/raw_bytes_msg__struct.hpp\n'}
[3.510351] (booster_interface) StdoutLine: {'line': b'-- Up-to-date symlink: /home/booster/Workspace/Booster_T1_3v3_Demo/install/booster_interface/include/booster_interface/booster_interface/msg/detail/raw_bytes_msg__traits.hpp\n'}
[3.510771] (-) TimerEvent: {}
[3.511233] (game_controller_interface) StdoutLine: {'line': b'-- Up-to-date symlink: /home/booster/Workspace/Booster_T1_3v3_Demo/install/game_controller_interface/include/game_controller_interface/game_controller_interface/msg/detail/game_control_data__rosidl_typesupport_fastrtps_cpp.hpp\n'}
[3.511538] (booster_interface) StdoutLine: {'line': b'-- Up-to-date symlink: /home/booster/Workspace/Booster_T1_3v3_Demo/install/booster_interface/include/booster_interface/booster_interface/msg/detail/raw_bytes_msg__type_support.hpp\n'}
[3.511780] (booster_interface) StdoutLine: {'line': b'-- Up-to-date symlink: /home/booster/Workspace/Booster_T1_3v3_Demo/install/booster_interface/include/booster_interface/booster_interface/msg/detail/raw_bytes_stamped__builder.hpp\n'}
[3.511919] (game_controller_interface) StdoutLine: {'line': b'-- Up-to-date symlink: /home/booster/Workspace/Booster_T1_3v3_Demo/install/game_controller_interface/include/game_controller_interface/game_controller_interface/msg/detail/robot_info__rosidl_typesupport_fastrtps_cpp.hpp\n'}
[3.512298] (booster_interface) StdoutLine: {'line': b'-- Up-to-date symlink: /home/booster/Workspace/Booster_T1_3v3_Demo/install/booster_interface/include/booster_interface/booster_interface/msg/detail/raw_bytes_stamped__struct.hpp\n'}
[3.512795] (booster_interface) StdoutLine: {'line': b'-- Up-to-date symlink: /home/booster/Workspace/Booster_T1_3v3_Demo/install/booster_interface/include/booster_interface/booster_interface/msg/detail/raw_bytes_stamped__traits.hpp\n'}
[3.515355] (booster_interface) StdoutLine: {'line': b'-- Up-to-date symlink: /home/booster/Workspace/Booster_T1_3v3_Demo/install/booster_interface/include/booster_interface/booster_interface/msg/detail/raw_bytes_stamped__type_support.hpp\n'}
[3.515694] (booster_interface) StdoutLine: {'line': b'-- Up-to-date symlink: /home/booster/Workspace/Booster_T1_3v3_Demo/install/booster_interface/include/booster_interface/booster_interface/msg/detail/remote_controller_state__builder.hpp\n'}
[3.515833] (booster_interface) StdoutLine: {'line': b'-- Up-to-date symlink: /home/booster/Workspace/Booster_T1_3v3_Demo/install/booster_interface/include/booster_interface/booster_interface/msg/detail/remote_controller_state__struct.hpp\n'}
[3.516051] (booster_interface) StdoutLine: {'line': b'-- Up-to-date symlink: /home/booster/Workspace/Booster_T1_3v3_Demo/install/booster_interface/include/booster_interface/booster_interface/msg/detail/remote_controller_state__traits.hpp\n'}
[3.516245] (booster_interface) StdoutLine: {'line': b'-- Up-to-date symlink: /home/booster/Workspace/Booster_T1_3v3_Demo/install/booster_interface/include/booster_interface/booster_interface/msg/detail/remote_controller_state__type_support.hpp\n'}
[3.516390] (booster_interface) StdoutLine: {'line': b'-- Up-to-date symlink: /home/booster/Workspace/Booster_T1_3v3_Demo/install/booster_interface/include/booster_interface/booster_interface/msg/fall_down_state.hpp\n'}
[3.516795] (booster_interface) StdoutLine: {'line': b'-- Up-to-date symlink: /home/booster/Workspace/Booster_T1_3v3_Demo/install/booster_interface/include/booster_interface/booster_interface/msg/hand_command.hpp\n'}
[3.516926] (booster_interface) StdoutLine: {'line': b'-- Up-to-date symlink: /home/booster/Workspace/Booster_T1_3v3_Demo/install/booster_interface/include/booster_interface/booster_interface/msg/hand_dds_msg.hpp\n'}
[3.517034] (game_controller_interface) StdoutLine: {'line': b'-- Up-to-date symlink: /home/booster/Workspace/Booster_T1_3v3_Demo/install/game_controller_interface/include/game_controller_interface/game_controller_interface/msg/detail/team_info__rosidl_typesupport_fastrtps_cpp.hpp\n'}
[3.517162] (game_controller_interface) StdoutLine: {'line': b'-- Up-to-date symlink: /home/booster/Workspace/Booster_T1_3v3_Demo/install/game_controller_interface/include/game_controller_interface/game_controller_interface/msg/rosidl_typesupport_fastrtps_cpp__visibility_control.h\n'}
[3.517265] (booster_interface) StdoutLine: {'line': b'-- Up-to-date symlink: /home/booster/Workspace/Booster_T1_3v3_Demo/install/booster_interface/include/booster_interface/booster_interface/msg/hand_param.hpp\n'}
[3.517388] (booster_interface) StdoutLine: {'line': b'-- Up-to-date symlink: /home/booster/Workspace/Booster_T1_3v3_Demo/install/booster_interface/include/booster_interface/booster_interface/msg/imu_state.hpp\n'}
[3.517568] (booster_interface) StdoutLine: {'line': b'-- Up-to-date symlink: /home/booster/Workspace/Booster_T1_3v3_Demo/install/booster_interface/include/booster_interface/booster_interface/msg/low_cmd.hpp\n'}
[3.517758] (booster_interface) StdoutLine: {'line': b'-- Up-to-date symlink: /home/booster/Workspace/Booster_T1_3v3_Demo/install/booster_interface/include/booster_interface/booster_interface/msg/low_state.hpp\n'}
[3.518261] (booster_interface) StdoutLine: {'line': b'-- Up-to-date symlink: /home/booster/Workspace/Booster_T1_3v3_Demo/install/booster_interface/include/booster_interface/booster_interface/msg/motor_cmd.hpp\n'}
[3.520330] (booster_interface) StdoutLine: {'line': b'-- Up-to-date symlink: /home/booster/Workspace/Booster_T1_3v3_Demo/install/booster_interface/include/booster_interface/booster_interface/msg/motor_state.hpp\n'}
[3.521023] (booster_interface) StdoutLine: {'line': b'-- Up-to-date symlink: /home/booster/Workspace/Booster_T1_3v3_Demo/install/booster_interface/include/booster_interface/booster_interface/msg/odometer.hpp\n'}
[3.521165] (game_controller_interface) StdoutLine: {'line': b'-- Up-to-date symlink: /home/booster/Workspace/Booster_T1_3v3_Demo/install/game_controller_interface/include/game_controller_interface/game_controller_interface/msg/detail/game_control_data__rosidl_typesupport_introspection_c.h\n'}
[3.521298] (game_controller_interface) StdoutLine: {'line': b'-- Up-to-date symlink: /home/booster/Workspace/Booster_T1_3v3_Demo/install/game_controller_interface/include/game_controller_interface/game_controller_interface/msg/detail/robot_info__rosidl_typesupport_introspection_c.h\n'}
[3.522671] (game_controller_interface) StdoutLine: {'line': b'-- Up-to-date symlink: /home/booster/Workspace/Booster_T1_3v3_Demo/install/game_controller_interface/include/game_controller_interface/game_controller_interface/msg/detail/team_info__rosidl_typesupport_introspection_c.h\n'}
[3.523011] (booster_interface) StdoutLine: {'line': b'-- Up-to-date symlink: /home/booster/Workspace/Booster_T1_3v3_Demo/install/booster_interface/include/booster_interface/booster_interface/msg/raw_bytes_msg.hpp\n'}
[3.523227] (booster_interface) StdoutLine: {'line': b'-- Up-to-date symlink: /home/booster/Workspace/Booster_T1_3v3_Demo/install/booster_interface/include/booster_interface/booster_interface/msg/raw_bytes_stamped.hpp\n'}
[3.523938] (game_controller_interface) StdoutLine: {'line': b'-- Up-to-date symlink: /home/booster/Workspace/Booster_T1_3v3_Demo/install/game_controller_interface/include/game_controller_interface/game_controller_interface/msg/rosidl_typesupport_introspection_c__visibility_control.h\n'}
[3.524275] (game_controller_interface) StdoutLine: {'line': b'-- Up-to-date symlink: /home/booster/Workspace/Booster_T1_3v3_Demo/install/game_controller_interface/include/game_controller_interface/game_controller_interface/msg/detail/game_control_data__rosidl_typesupport_introspection_cpp.hpp\n'}
[3.524432] (game_controller_interface) StdoutLine: {'line': b'-- Up-to-date symlink: /home/booster/Workspace/Booster_T1_3v3_Demo/install/game_controller_interface/include/game_controller_interface/game_controller_interface/msg/detail/robot_info__rosidl_typesupport_introspection_cpp.hpp\n'}
[3.524829] (game_controller_interface) StdoutLine: {'line': b'-- Up-to-date symlink: /home/booster/Workspace/Booster_T1_3v3_Demo/install/game_controller_interface/include/game_controller_interface/game_controller_interface/msg/detail/team_info__rosidl_typesupport_introspection_cpp.hpp\n'}
[3.524982] (booster_interface) StdoutLine: {'line': b'-- Up-to-date symlink: /home/booster/Workspace/Booster_T1_3v3_Demo/install/booster_interface/include/booster_interface/booster_interface/msg/remote_controller_state.hpp\n'}
[3.525099] (booster_interface) StdoutLine: {'line': b'-- Up-to-date symlink: /home/booster/Workspace/Booster_T1_3v3_Demo/install/booster_interface/include/booster_interface/booster_interface/msg/rosidl_generator_cpp__visibility_control.hpp\n'}
[3.525205] (booster_interface) StdoutLine: {'line': b'-- Up-to-date symlink: /home/booster/Workspace/Booster_T1_3v3_Demo/install/booster_interface/include/booster_interface/booster_interface/srv/agent_service.hpp\n'}
[3.525308] (booster_interface) StdoutLine: {'line': b'-- Up-to-date symlink: /home/booster/Workspace/Booster_T1_3v3_Demo/install/booster_interface/include/booster_interface/booster_interface/srv/detail/agent_service__builder.hpp\n'}
[3.525407] (booster_interface) StdoutLine: {'line': b'-- Up-to-date symlink: /home/booster/Workspace/Booster_T1_3v3_Demo/install/booster_interface/include/booster_interface/booster_interface/srv/detail/agent_service__struct.hpp\n'}
[3.525626] (booster_interface) StdoutLine: {'line': b'-- Up-to-date symlink: /home/booster/Workspace/Booster_T1_3v3_Demo/install/booster_interface/include/booster_interface/booster_interface/srv/detail/agent_service__traits.hpp\n'}
[3.525787] (booster_interface) StdoutLine: {'line': b'-- Up-to-date symlink: /home/booster/Workspace/Booster_T1_3v3_Demo/install/booster_interface/include/booster_interface/booster_interface/srv/detail/agent_service__type_support.hpp\n'}
[3.525947] (booster_interface) StdoutLine: {'line': b'-- Up-to-date symlink: /home/booster/Workspace/Booster_T1_3v3_Demo/install/booster_interface/include/booster_interface/booster_interface/srv/detail/rpc_service__builder.hpp\n'}
[3.526186] (booster_interface) StdoutLine: {'line': b'-- Up-to-date symlink: /home/booster/Workspace/Booster_T1_3v3_Demo/install/booster_interface/include/booster_interface/booster_interface/srv/detail/rpc_service__struct.hpp\n'}
[3.531127] (booster_interface) StdoutLine: {'line': b'-- Up-to-date symlink: /home/booster/Workspace/Booster_T1_3v3_Demo/install/booster_interface/include/booster_interface/booster_interface/srv/detail/rpc_service__traits.hpp\n'}
[3.531595] (booster_interface) StdoutLine: {'line': b'-- Up-to-date symlink: /home/booster/Workspace/Booster_T1_3v3_Demo/install/booster_interface/include/booster_interface/booster_interface/srv/detail/rpc_service__type_support.hpp\n'}
[3.531825] (booster_interface) StdoutLine: {'line': b'-- Up-to-date symlink: /home/booster/Workspace/Booster_T1_3v3_Demo/install/booster_interface/include/booster_interface/booster_interface/srv/rpc_service.hpp\n'}
[3.532105] (game_controller_interface) StdoutLine: {'line': b'-- Up-to-date symlink: /home/booster/Workspace/Booster_T1_3v3_Demo/install/game_controller_interface/share/game_controller_interface/environment/pythonpath.sh\n'}
[3.532635] (game_controller_interface) StdoutLine: {'line': b'-- Up-to-date symlink: /home/booster/Workspace/Booster_T1_3v3_Demo/install/game_controller_interface/share/game_controller_interface/environment/pythonpath.dsv\n'}
[3.532822] (game_controller_interface) StdoutLine: {'line': b'-- Up-to-date symlink: /home/booster/Workspace/Booster_T1_3v3_Demo/install/game_controller_interface/local/lib/python3.10/dist-packages/game_controller_interface-1.0.0-py3.10.egg-info/PKG-INFO\n'}
[3.532950] (booster_interface) StdoutLine: {'line': b'-- Up-to-date symlink: /home/booster/Workspace/Booster_T1_3v3_Demo/install/booster_interface/include/booster_interface/booster_interface/msg/detail/booster_api_req_msg__rosidl_typesupport_fastrtps_cpp.hpp\n'}
[3.533074] (booster_interface) StdoutLine: {'line': b'-- Up-to-date symlink: /home/booster/Workspace/Booster_T1_3v3_Demo/install/booster_interface/include/booster_interface/booster_interface/msg/detail/booster_api_resp_msg__rosidl_typesupport_fastrtps_cpp.hpp\n'}
[3.533180] (booster_interface) StdoutLine: {'line': b'-- Up-to-date symlink: /home/booster/Workspace/Booster_T1_3v3_Demo/install/booster_interface/include/booster_interface/booster_interface/msg/detail/button_event_msg__rosidl_typesupport_fastrtps_cpp.hpp\n'}
[3.533302] (booster_interface) StdoutLine: {'line': b'-- Up-to-date symlink: /home/booster/Workspace/Booster_T1_3v3_Demo/install/booster_interface/include/booster_interface/booster_interface/msg/detail/fall_down_state__rosidl_typesupport_fastrtps_cpp.hpp\n'}
[3.534841] (booster_interface) StdoutLine: {'line': b'-- Up-to-date symlink: /home/booster/Workspace/Booster_T1_3v3_Demo/install/booster_interface/include/booster_interface/booster_interface/msg/detail/hand_command__rosidl_typesupport_fastrtps_cpp.hpp\n'}
[3.534988] (booster_interface) StdoutLine: {'line': b'-- Up-to-date symlink: /home/booster/Workspace/Booster_T1_3v3_Demo/install/booster_interface/include/booster_interface/booster_interface/msg/detail/hand_dds_msg__rosidl_typesupport_fastrtps_cpp.hpp\n'}
[3.535095] (booster_interface) StdoutLine: {'line': b'-- Up-to-date symlink: /home/booster/Workspace/Booster_T1_3v3_Demo/install/booster_interface/include/booster_interface/booster_interface/msg/detail/hand_param__rosidl_typesupport_fastrtps_cpp.hpp\n'}
[3.535198] (booster_interface) StdoutLine: {'line': b'-- Up-to-date symlink: /home/booster/Workspace/Booster_T1_3v3_Demo/install/booster_interface/include/booster_interface/booster_interface/msg/detail/imu_state__rosidl_typesupport_fastrtps_cpp.hpp\n'}
[3.535310] (booster_interface) StdoutLine: {'line': b'-- Up-to-date symlink: /home/booster/Workspace/Booster_T1_3v3_Demo/install/booster_interface/include/booster_interface/booster_interface/msg/detail/low_cmd__rosidl_typesupport_fastrtps_cpp.hpp\n'}
[3.535434] (game_controller_interface) StdoutLine: {'line': b'-- Up-to-date symlink: /home/booster/Workspace/Booster_T1_3v3_Demo/install/game_controller_interface/local/lib/python3.10/dist-packages/game_controller_interface-1.0.0-py3.10.egg-info/SOURCES.txt\n'}
[3.535622] (game_controller_interface) StdoutLine: {'line': b'-- Up-to-date symlink: /home/booster/Workspace/Booster_T1_3v3_Demo/install/game_controller_interface/local/lib/python3.10/dist-packages/game_controller_interface-1.0.0-py3.10.egg-info/dependency_links.txt\n'}
[3.535791] (game_controller_interface) StdoutLine: {'line': b'-- Up-to-date symlink: /home/booster/Workspace/Booster_T1_3v3_Demo/install/game_controller_interface/local/lib/python3.10/dist-packages/game_controller_interface-1.0.0-py3.10.egg-info/top_level.txt\n'}
[3.535911] (booster_interface) StdoutLine: {'line': b'-- Up-to-date symlink: /home/booster/Workspace/Booster_T1_3v3_Demo/install/booster_interface/include/booster_interface/booster_interface/msg/detail/low_state__rosidl_typesupport_fastrtps_cpp.hpp\n'}
[3.536169] (booster_interface) StdoutLine: {'line': b'-- Up-to-date symlink: /home/booster/Workspace/Booster_T1_3v3_Demo/install/booster_interface/include/booster_interface/booster_interface/msg/detail/motor_cmd__rosidl_typesupport_fastrtps_cpp.hpp\n'}
[3.536314] (booster_interface) StdoutLine: {'line': b'-- Up-to-date symlink: /home/booster/Workspace/Booster_T1_3v3_Demo/install/booster_interface/include/booster_interface/booster_interface/msg/detail/motor_state__rosidl_typesupport_fastrtps_cpp.hpp\n'}
[3.536457] (booster_interface) StdoutLine: {'line': b'-- Up-to-date symlink: /home/booster/Workspace/Booster_T1_3v3_Demo/install/booster_interface/include/booster_interface/booster_interface/msg/detail/odometer__rosidl_typesupport_fastrtps_cpp.hpp\n'}
[3.536832] (booster_interface) StdoutLine: {'line': b'-- Up-to-date symlink: /home/booster/Workspace/Booster_T1_3v3_Demo/install/booster_interface/include/booster_interface/booster_interface/msg/detail/raw_bytes_msg__rosidl_typesupport_fastrtps_cpp.hpp\n'}
[3.536959] (booster_interface) StdoutLine: {'line': b'-- Up-to-date symlink: /home/booster/Workspace/Booster_T1_3v3_Demo/install/booster_interface/include/booster_interface/booster_interface/msg/detail/raw_bytes_stamped__rosidl_typesupport_fastrtps_cpp.hpp\n'}
[3.537070] (booster_interface) StdoutLine: {'line': b'-- Up-to-date symlink: /home/booster/Workspace/Booster_T1_3v3_Demo/install/booster_interface/include/booster_interface/booster_interface/msg/detail/remote_controller_state__rosidl_typesupport_fastrtps_cpp.hpp\n'}
[3.537220] (booster_interface) StdoutLine: {'line': b'-- Up-to-date symlink: /home/booster/Workspace/Booster_T1_3v3_Demo/install/booster_interface/include/booster_interface/booster_interface/msg/rosidl_typesupport_fastrtps_cpp__visibility_control.h\n'}
[3.537367] (booster_interface) StdoutLine: {'line': b'-- Up-to-date symlink: /home/booster/Workspace/Booster_T1_3v3_Demo/install/booster_interface/include/booster_interface/booster_interface/srv/detail/agent_service__rosidl_typesupport_fastrtps_cpp.hpp\n'}
[3.537771] (booster_interface) StdoutLine: {'line': b'-- Up-to-date symlink: /home/booster/Workspace/Booster_T1_3v3_Demo/install/booster_interface/include/booster_interface/booster_interface/srv/detail/rpc_service__rosidl_typesupport_fastrtps_cpp.hpp\n'}
[3.538043] (game_controller_interface) StdoutLine: {'line': b'-- Up-to-date symlink: /home/booster/Workspace/Booster_T1_3v3_Demo/install/game_controller_interface/local/lib/python3.10/dist-packages/game_controller_interface/__init__.py\n'}
[3.539958] (game_controller_interface) StdoutLine: {'line': b'-- Up-to-date symlink: /home/booster/Workspace/Booster_T1_3v3_Demo/install/game_controller_interface/local/lib/python3.10/dist-packages/game_controller_interface/_game_controller_interface_s.ep.rosidl_typesupport_c.c\n'}
[3.540443] (game_controller_interface) StdoutLine: {'line': b'-- Up-to-date symlink: /home/booster/Workspace/Booster_T1_3v3_Demo/install/game_controller_interface/local/lib/python3.10/dist-packages/game_controller_interface/_game_controller_interface_s.ep.rosidl_typesupport_fastrtps_c.c\n'}
[3.543235] (game_controller_interface) StdoutLine: {'line': b'-- Up-to-date symlink: /home/booster/Workspace/Booster_T1_3v3_Demo/install/game_controller_interface/local/lib/python3.10/dist-packages/game_controller_interface/_game_controller_interface_s.ep.rosidl_typesupport_introspection_c.c\n'}
[3.543431] (game_controller_interface) StdoutLine: {'line': b'-- Up-to-date symlink: /home/booster/Workspace/Booster_T1_3v3_Demo/install/game_controller_interface/local/lib/python3.10/dist-packages/game_controller_interface/game_controller_interface_s__rosidl_typesupport_c.cpython-310-aarch64-linux-gnu.so\n'}
[3.543596] (game_controller_interface) StdoutLine: {'line': b'-- Up-to-date symlink: /home/booster/Workspace/Booster_T1_3v3_Demo/install/game_controller_interface/local/lib/python3.10/dist-packages/game_controller_interface/game_controller_interface_s__rosidl_typesupport_fastrtps_c.cpython-310-aarch64-linux-gnu.so\n'}
[3.543928] (game_controller_interface) StdoutLine: {'line': b'-- Up-to-date symlink: /home/booster/Workspace/Booster_T1_3v3_Demo/install/game_controller_interface/local/lib/python3.10/dist-packages/game_controller_interface/game_controller_interface_s__rosidl_typesupport_introspection_c.cpython-310-aarch64-linux-gnu.so\n'}
[3.544323] (game_controller_interface) StdoutLine: {'line': b'-- Up-to-date symlink: /home/booster/Workspace/Booster_T1_3v3_Demo/install/game_controller_interface/local/lib/python3.10/dist-packages/game_controller_interface/libgame_controller_interface__rosidl_generator_py.so\n'}
[3.545485] (game_controller_interface) StdoutLine: {'line': b'-- Up-to-date symlink: /home/booster/Workspace/Booster_T1_3v3_Demo/install/game_controller_interface/local/lib/python3.10/dist-packages/game_controller_interface/msg/__init__.py\n'}
[3.545885] (game_controller_interface) StdoutLine: {'line': b'-- Up-to-date symlink: /home/booster/Workspace/Booster_T1_3v3_Demo/install/game_controller_interface/local/lib/python3.10/dist-packages/game_controller_interface/msg/_game_control_data.py\n'}
[3.549848] (game_controller_interface) StdoutLine: {'line': b'-- Up-to-date symlink: /home/booster/Workspace/Booster_T1_3v3_Demo/install/game_controller_interface/local/lib/python3.10/dist-packages/game_controller_interface/msg/_game_control_data_s.c\n'}
[3.551343] (game_controller_interface) StdoutLine: {'line': b'-- Up-to-date symlink: /home/booster/Workspace/Booster_T1_3v3_Demo/install/game_controller_interface/local/lib/python3.10/dist-packages/game_controller_interface/msg/_robot_info.py\n'}
[3.551829] (booster_interface) StdoutLine: {'line': b'-- Up-to-date symlink: /home/booster/Workspace/Booster_T1_3v3_Demo/install/booster_interface/include/booster_interface/booster_interface/msg/detail/booster_api_req_msg__rosidl_typesupport_introspection_c.h\n'}
[3.553257] (booster_interface) StdoutLine: {'line': b'-- Up-to-date symlink: /home/booster/Workspace/Booster_T1_3v3_Demo/install/booster_interface/include/booster_interface/booster_interface/msg/detail/booster_api_resp_msg__rosidl_typesupport_introspection_c.h\n'}
[3.553945] (booster_interface) StdoutLine: {'line': b'-- Up-to-date symlink: /home/booster/Workspace/Booster_T1_3v3_Demo/install/booster_interface/include/booster_interface/booster_interface/msg/detail/button_event_msg__rosidl_typesupport_introspection_c.h\n'}
[3.555047] (game_controller_interface) StdoutLine: {'line': b'-- Up-to-date symlink: /home/booster/Workspace/Booster_T1_3v3_Demo/install/game_controller_interface/local/lib/python3.10/dist-packages/game_controller_interface/msg/_robot_info_s.c\n'}
[3.555230] (booster_interface) StdoutLine: {'line': b'-- Up-to-date symlink: /home/booster/Workspace/Booster_T1_3v3_Demo/install/booster_interface/include/booster_interface/booster_interface/msg/detail/fall_down_state__rosidl_typesupport_introspection_c.h\n'}
[3.555774] (game_controller_interface) StdoutLine: {'line': b'-- Up-to-date symlink: /home/booster/Workspace/Booster_T1_3v3_Demo/install/game_controller_interface/local/lib/python3.10/dist-packages/game_controller_interface/msg/_team_info.py\n'}
[3.555955] (booster_interface) StdoutLine: {'line': b'-- Up-to-date symlink: /home/booster/Workspace/Booster_T1_3v3_Demo/install/booster_interface/include/booster_interface/booster_interface/msg/detail/hand_command__rosidl_typesupport_introspection_c.h\n'}
[3.557547] (game_controller_interface) StdoutLine: {'line': b'-- Up-to-date symlink: /home/booster/Workspace/Booster_T1_3v3_Demo/install/game_controller_interface/local/lib/python3.10/dist-packages/game_controller_interface/msg/_team_info_s.c\n'}
[3.557881] (booster_interface) StdoutLine: {'line': b'-- Up-to-date symlink: /home/booster/Workspace/Booster_T1_3v3_Demo/install/booster_interface/include/booster_interface/booster_interface/msg/detail/hand_dds_msg__rosidl_typesupport_introspection_c.h\n'}
[3.558844] (booster_interface) StdoutLine: {'line': b'-- Up-to-date symlink: /home/booster/Workspace/Booster_T1_3v3_Demo/install/booster_interface/include/booster_interface/booster_interface/msg/detail/hand_param__rosidl_typesupport_introspection_c.h\n'}
[3.562193] (booster_interface) StdoutLine: {'line': b'-- Up-to-date symlink: /home/booster/Workspace/Booster_T1_3v3_Demo/install/booster_interface/include/booster_interface/booster_interface/msg/detail/imu_state__rosidl_typesupport_introspection_c.h\n'}
[3.562988] (game_controller_interface) StdoutLine: {'line': b'-- Up-to-date symlink: /home/booster/Workspace/Booster_T1_3v3_Demo/install/game_controller_interface/local/lib/python3.10/dist-packages/game_controller_interface/game_controller_interface_s__rosidl_typesupport_fastrtps_c.cpython-310-aarch64-linux-gnu.so\n'}
[3.563529] (booster_interface) StdoutLine: {'line': b'-- Up-to-date symlink: /home/booster/Workspace/Booster_T1_3v3_Demo/install/booster_interface/include/booster_interface/booster_interface/msg/detail/low_cmd__rosidl_typesupport_introspection_c.h\n'}
[3.565656] (booster_interface) StdoutLine: {'line': b'-- Up-to-date symlink: /home/booster/Workspace/Booster_T1_3v3_Demo/install/booster_interface/include/booster_interface/booster_interface/msg/detail/low_state__rosidl_typesupport_introspection_c.h\n'}
[3.566984] (booster_interface) StdoutLine: {'line': b'-- Up-to-date symlink: /home/booster/Workspace/Booster_T1_3v3_Demo/install/booster_interface/include/booster_interface/booster_interface/msg/detail/motor_cmd__rosidl_typesupport_introspection_c.h\n'}
[3.567169] (booster_interface) StdoutLine: {'line': b'-- Up-to-date symlink: /home/booster/Workspace/Booster_T1_3v3_Demo/install/booster_interface/include/booster_interface/booster_interface/msg/detail/motor_state__rosidl_typesupport_introspection_c.h\n'}
[3.567818] (booster_interface) StdoutLine: {'line': b'-- Up-to-date symlink: /home/booster/Workspace/Booster_T1_3v3_Demo/install/booster_interface/include/booster_interface/booster_interface/msg/detail/odometer__rosidl_typesupport_introspection_c.h\n'}
[3.568114] (booster_interface) StdoutLine: {'line': b'-- Up-to-date symlink: /home/booster/Workspace/Booster_T1_3v3_Demo/install/booster_interface/include/booster_interface/booster_interface/msg/detail/raw_bytes_msg__rosidl_typesupport_introspection_c.h\n'}
[3.569027] (booster_interface) StdoutLine: {'line': b'-- Up-to-date symlink: /home/booster/Workspace/Booster_T1_3v3_Demo/install/booster_interface/include/booster_interface/booster_interface/msg/detail/raw_bytes_stamped__rosidl_typesupport_introspection_c.h\n'}
[3.569174] (game_controller_interface) StdoutLine: {'line': b'-- Up-to-date symlink: /home/booster/Workspace/Booster_T1_3v3_Demo/install/game_controller_interface/local/lib/python3.10/dist-packages/game_controller_interface/game_controller_interface_s__rosidl_typesupport_introspection_c.cpython-310-aarch64-linux-gnu.so\n'}
[3.569304] (booster_interface) StdoutLine: {'line': b'-- Up-to-date symlink: /home/booster/Workspace/Booster_T1_3v3_Demo/install/booster_interface/include/booster_interface/booster_interface/msg/detail/remote_controller_state__rosidl_typesupport_introspection_c.h\n'}
[3.572283] (booster_interface) StdoutLine: {'line': b'-- Up-to-date symlink: /home/booster/Workspace/Booster_T1_3v3_Demo/install/booster_interface/include/booster_interface/booster_interface/msg/rosidl_typesupport_introspection_c__visibility_control.h\n'}
[3.572492] (game_controller_interface) StdoutLine: {'line': b'-- Up-to-date symlink: /home/booster/Workspace/Booster_T1_3v3_Demo/install/game_controller_interface/local/lib/python3.10/dist-packages/game_controller_interface/game_controller_interface_s__rosidl_typesupport_c.cpython-310-aarch64-linux-gnu.so\n'}
[3.572877] (game_controller_interface) StdoutLine: {'line': b'-- Up-to-date symlink: /home/booster/Workspace/Booster_T1_3v3_Demo/install/game_controller_interface/share/game_controller_interface/msg/GameControlData.idl\n'}
[3.573003] (booster_interface) StdoutLine: {'line': b'-- Up-to-date symlink: /home/booster/Workspace/Booster_T1_3v3_Demo/install/booster_interface/include/booster_interface/booster_interface/srv/detail/agent_service__rosidl_typesupport_introspection_c.h\n'}
[3.574344] (booster_interface) StdoutLine: {'line': b'-- Up-to-date symlink: /home/booster/Workspace/Booster_T1_3v3_Demo/install/booster_interface/include/booster_interface/booster_interface/srv/detail/rpc_service__rosidl_typesupport_introspection_c.h\n'}
[3.574570] (booster_interface) StdoutLine: {'line': b'-- Up-to-date symlink: /home/booster/Workspace/Booster_T1_3v3_Demo/install/booster_interface/include/booster_interface/booster_interface/msg/detail/booster_api_req_msg__rosidl_typesupport_introspection_cpp.hpp\n'}
[3.575003] (booster_interface) StdoutLine: {'line': b'-- Up-to-date symlink: /home/booster/Workspace/Booster_T1_3v3_Demo/install/booster_interface/include/booster_interface/booster_interface/msg/detail/booster_api_resp_msg__rosidl_typesupport_introspection_cpp.hpp\n'}
[3.575140] (booster_interface) StdoutLine: {'line': b'-- Up-to-date symlink: /home/booster/Workspace/Booster_T1_3v3_Demo/install/booster_interface/include/booster_interface/booster_interface/msg/detail/button_event_msg__rosidl_typesupport_introspection_cpp.hpp\n'}
[3.575262] (booster_interface) StdoutLine: {'line': b'-- Up-to-date symlink: /home/booster/Workspace/Booster_T1_3v3_Demo/install/booster_interface/include/booster_interface/booster_interface/msg/detail/fall_down_state__rosidl_typesupport_introspection_cpp.hpp\n'}
[3.576240] (game_controller_interface) StdoutLine: {'line': b'-- Up-to-date symlink: /home/booster/Workspace/Booster_T1_3v3_Demo/install/game_controller_interface/share/game_controller_interface/msg/RobotInfo.idl\n'}
[3.576458] (booster_msgs) CommandEnded: {'returncode': 0}
[3.578136] (booster_interface) StdoutLine: {'line': b'-- Up-to-date symlink: /home/booster/Workspace/Booster_T1_3v3_Demo/install/booster_interface/include/booster_interface/booster_interface/msg/detail/hand_command__rosidl_typesupport_introspection_cpp.hpp\n'}
[3.579000] (booster_interface) StdoutLine: {'line': b'-- Up-to-date symlink: /home/booster/Workspace/Booster_T1_3v3_Demo/install/booster_interface/include/booster_interface/booster_interface/msg/detail/hand_dds_msg__rosidl_typesupport_introspection_cpp.hpp\n'}
[3.579517] (booster_interface) StdoutLine: {'line': b'-- Up-to-date symlink: /home/booster/Workspace/Booster_T1_3v3_Demo/install/booster_interface/include/booster_interface/booster_interface/msg/detail/hand_param__rosidl_typesupport_introspection_cpp.hpp\n'}
[3.581268] (booster_interface) StdoutLine: {'line': b'-- Up-to-date symlink: /home/booster/Workspace/Booster_T1_3v3_Demo/install/booster_interface/include/booster_interface/booster_interface/msg/detail/imu_state__rosidl_typesupport_introspection_cpp.hpp\n'}
[3.582405] (booster_interface) StdoutLine: {'line': b'-- Up-to-date symlink: /home/booster/Workspace/Booster_T1_3v3_Demo/install/booster_interface/include/booster_interface/booster_interface/msg/detail/low_cmd__rosidl_typesupport_introspection_cpp.hpp\n'}
[3.582866] (booster_interface) StdoutLine: {'line': b'-- Up-to-date symlink: /home/booster/Workspace/Booster_T1_3v3_Demo/install/booster_interface/include/booster_interface/booster_interface/msg/detail/low_state__rosidl_typesupport_introspection_cpp.hpp\n'}
[3.583051] (game_controller_interface) StdoutLine: {'line': b'-- Up-to-date symlink: /home/booster/Workspace/Booster_T1_3v3_Demo/install/game_controller_interface/share/game_controller_interface/msg/TeamInfo.idl\n'}
[3.583344] (game_controller_interface) StdoutLine: {'line': b'-- Up-to-date symlink: /home/booster/Workspace/Booster_T1_3v3_Demo/install/game_controller_interface/share/game_controller_interface/msg/GameControlData.msg\n'}
[3.583485] (game_controller_interface) StdoutLine: {'line': b'-- Up-to-date symlink: /home/booster/Workspace/Booster_T1_3v3_Demo/install/game_controller_interface/share/game_controller_interface/msg/RobotInfo.msg\n'}
[3.584287] (game_controller_interface) StdoutLine: {'line': b'-- Up-to-date symlink: /home/booster/Workspace/Booster_T1_3v3_Demo/install/game_controller_interface/share/game_controller_interface/msg/TeamInfo.msg\n'}
[3.584530] (booster_msgs) JobProgress: {'identifier': 'booster_msgs', 'progress': 'install'}
[3.584830] (booster_msgs) Command: {'cmd': ['/usr/bin/cmake', '--install', '/home/booster/Workspace/Booster_T1_3v3_Demo/build/booster_msgs'], 'cwd': '/home/booster/Workspace/Booster_T1_3v3_Demo/build/booster_msgs', 'env': OrderedDict([('SUDO_GID', '0'), ('LESSOPEN', '| /usr/bin/lesspipe %s'), ('PYTHONWARNINGS', 'ignore::DeprecationWarning,ignore::UserWarning,ignore::FutureWarning'), ('MAIL', '/var/mail/root'), ('USER', 'root'), ('SHLVL', '2'), ('LD_LIBRARY_PATH', '/opt/ros/humble/opt/rviz_ogre_vendor/lib:/opt/ros/humble/lib/aarch64-linux-gnu:/opt/ros/humble/lib'), ('HOME', '/root'), ('OLDPWD', '/home/booster/Workspace/Booster_T1_3v3_Demo/scripts'), ('ROS_PYTHON_VERSION', '3'), ('COLORTERM', 'truecolor'), ('SUDO_UID', '0'), ('ROS_DISTRO', 'humble'), ('LOGNAME', 'root'), ('_', '/usr/bin/colcon'), ('ROS_VERSION', '2'), ('TERM', 'xterm-256color'), ('ROS_LOCALHOST_ONLY', '0'), ('PATH', '/opt/ros/humble/bin:/usr/local/sbin:/usr/local/bin:/usr/sbin:/usr/bin:/sbin:/bin:/usr/games:/usr/local/games:/snap/bin'), ('FASTRTPS_DEFAULT_PROFILES_FILE', '/opt/booster/BoosterRos2/fastdds_profile.xml'), ('LANG', 'en_US.UTF-8'), ('LS_COLORS', 'rs=0:di=01;34:ln=01;36:mh=00:pi=40;33:so=01;35:do=01;35:bd=40;33;01:cd=40;33;01:or=40;31;01:mi=00:su=37;41:sg=30;43:ca=30;41:tw=30;42:ow=34;42:st=37;44:ex=01;32:*.tar=01;31:*.tgz=01;31:*.arc=01;31:*.arj=01;31:*.taz=01;31:*.lha=01;31:*.lz4=01;31:*.lzh=01;31:*.lzma=01;31:*.tlz=01;31:*.txz=01;31:*.tzo=01;31:*.t7z=01;31:*.zip=01;31:*.z=01;31:*.dz=01;31:*.gz=01;31:*.lrz=01;31:*.lz=01;31:*.lzo=01;31:*.xz=01;31:*.zst=01;31:*.tzst=01;31:*.bz2=01;31:*.bz=01;31:*.tbz=01;31:*.tbz2=01;31:*.tz=01;31:*.deb=01;31:*.rpm=01;31:*.jar=01;31:*.war=01;31:*.ear=01;31:*.sar=01;31:*.rar=01;31:*.alz=01;31:*.ace=01;31:*.zoo=01;31:*.cpio=01;31:*.7z=01;31:*.rz=01;31:*.cab=01;31:*.wim=01;31:*.swm=01;31:*.dwm=01;31:*.esd=01;31:*.jpg=01;35:*.jpeg=01;35:*.mjpg=01;35:*.mjpeg=01;35:*.gif=01;35:*.bmp=01;35:*.pbm=01;35:*.pgm=01;35:*.ppm=01;35:*.tga=01;35:*.xbm=01;35:*.xpm=01;35:*.tif=01;35:*.tiff=01;35:*.png=01;35:*.svg=01;35:*.svgz=01;35:*.mng=01;35:*.pcx=01;35:*.mov=01;35:*.mpg=01;35:*.mpeg=01;35:*.m2v=01;35:*.mkv=01;35:*.webm=01;35:*.webp=01;35:*.ogm=01;35:*.mp4=01;35:*.m4v=01;35:*.mp4v=01;35:*.vob=01;35:*.qt=01;35:*.nuv=01;35:*.wmv=01;35:*.asf=01;35:*.rm=01;35:*.rmvb=01;35:*.flc=01;35:*.avi=01;35:*.fli=01;35:*.flv=01;35:*.gl=01;35:*.dl=01;35:*.xcf=01;35:*.xwd=01;35:*.yuv=01;35:*.cgm=01;35:*.emf=01;35:*.ogv=01;35:*.ogx=01;35:*.aac=00;36:*.au=00;36:*.flac=00;36:*.m4a=00;36:*.mid=00;36:*.midi=00;36:*.mka=00;36:*.mp3=00;36:*.mpc=00;36:*.ogg=00;36:*.ra=00;36:*.wav=00;36:*.oga=00;36:*.opus=00;36:*.spx=00;36:*.xspf=00;36:'), ('SUDO_COMMAND', '/usr/bin/su'), ('AMENT_PREFIX_PATH', '/opt/ros/humble'), ('SHELL', '/bin/bash'), ('SUDO_USER', 'root'), ('LESSCLOSE', '/usr/bin/lesspipe %s %s'), ('PWD', '/home/booster/Workspace/Booster_T1_3v3_Demo/build/booster_msgs'), ('PYTHONPATH', '/opt/ros/humble/lib/python3.10/site-packages:/opt/ros/humble/local/lib/python3.10/dist-packages'), ('COLCON', '1'), ('CMAKE_PREFIX_PATH', '/opt/ros/humble')]), 'shell': False}
[3.586995] (game_controller_interface) StdoutLine: {'line': b'-- Up-to-date symlink: /home/booster/Workspace/Booster_T1_3v3_Demo/install/game_controller_interface/share/ament_index/resource_index/package_run_dependencies/game_controller_interface\n'}
[3.587428] (game_controller_interface) StdoutLine: {'line': b'-- Up-to-date symlink: /home/booster/Workspace/Booster_T1_3v3_Demo/install/game_controller_interface/share/ament_index/resource_index/parent_prefix_path/game_controller_interface\n'}
[3.588311] (game_controller_interface) StdoutLine: {'line': b'-- Up-to-date symlink: /home/booster/Workspace/Booster_T1_3v3_Demo/install/game_controller_interface/share/game_controller_interface/environment/ament_prefix_path.sh\n'}
[3.588510] (game_controller_interface) StdoutLine: {'line': b'-- Up-to-date symlink: /home/booster/Workspace/Booster_T1_3v3_Demo/install/game_controller_interface/share/game_controller_interface/environment/ament_prefix_path.dsv\n'}
[3.589120] (game_controller_interface) StdoutLine: {'line': b'-- Up-to-date symlink: /home/booster/Workspace/Booster_T1_3v3_Demo/install/game_controller_interface/share/game_controller_interface/environment/path.sh\n'}
[3.589273] (game_controller_interface) StdoutLine: {'line': b'-- Up-to-date symlink: /home/booster/Workspace/Booster_T1_3v3_Demo/install/game_controller_interface/share/game_controller_interface/environment/path.dsv\n'}
[3.589387] (game_controller_interface) StdoutLine: {'line': b'-- Up-to-date symlink: /home/booster/Workspace/Booster_T1_3v3_Demo/install/game_controller_interface/share/game_controller_interface/local_setup.bash\n'}
[3.590885] (game_controller_interface) StdoutLine: {'line': b'-- Up-to-date symlink: /home/booster/Workspace/Booster_T1_3v3_Demo/install/game_controller_interface/share/game_controller_interface/local_setup.sh\n'}
[3.591408] (game_controller_interface) StdoutLine: {'line': b'-- Up-to-date symlink: /home/booster/Workspace/Booster_T1_3v3_Demo/install/game_controller_interface/share/game_controller_interface/local_setup.zsh\n'}
[3.591587] (game_controller_interface) StdoutLine: {'line': b'-- Up-to-date symlink: /home/booster/Workspace/Booster_T1_3v3_Demo/install/game_controller_interface/share/game_controller_interface/local_setup.dsv\n'}
[3.591708] (booster_interface) StdoutLine: {'line': b'-- Up-to-date symlink: /home/booster/Workspace/Booster_T1_3v3_Demo/install/booster_interface/include/booster_interface/booster_interface/msg/detail/motor_cmd__rosidl_typesupport_introspection_cpp.hpp\n'}
[3.598356] (booster_interface) StdoutLine: {'line': b'-- Up-to-date symlink: /home/booster/Workspace/Booster_T1_3v3_Demo/install/booster_interface/include/booster_interface/booster_interface/msg/detail/motor_state__rosidl_typesupport_introspection_cpp.hpp\n'}
[3.600163] (booster_interface) StdoutLine: {'line': b'-- Up-to-date symlink: /home/booster/Workspace/Booster_T1_3v3_Demo/install/booster_interface/include/booster_interface/booster_interface/msg/detail/odometer__rosidl_typesupport_introspection_cpp.hpp\n'}
[3.600523] (booster_interface) StdoutLine: {'line': b'-- Up-to-date symlink: /home/booster/Workspace/Booster_T1_3v3_Demo/install/booster_interface/include/booster_interface/booster_interface/msg/detail/raw_bytes_msg__rosidl_typesupport_introspection_cpp.hpp\n'}
[3.600693] (booster_interface) StdoutLine: {'line': b'-- Up-to-date symlink: /home/booster/Workspace/Booster_T1_3v3_Demo/install/booster_interface/include/booster_interface/booster_interface/msg/detail/raw_bytes_stamped__rosidl_typesupport_introspection_cpp.hpp\n'}
[3.603067] (booster_interface) StdoutLine: {'line': b'-- Up-to-date symlink: /home/booster/Workspace/Booster_T1_3v3_Demo/install/booster_interface/include/booster_interface/booster_interface/msg/detail/remote_controller_state__rosidl_typesupport_introspection_cpp.hpp\n'}
[3.603265] (booster_interface) StdoutLine: {'line': b'-- Up-to-date symlink: /home/booster/Workspace/Booster_T1_3v3_Demo/install/booster_interface/include/booster_interface/booster_interface/srv/detail/agent_service__rosidl_typesupport_introspection_cpp.hpp\n'}
[3.603436] (booster_interface) StdoutLine: {'line': b'-- Up-to-date symlink: /home/booster/Workspace/Booster_T1_3v3_Demo/install/booster_interface/include/booster_interface/booster_interface/srv/detail/rpc_service__rosidl_typesupport_introspection_cpp.hpp\n'}
[3.603562] (booster_interface) StdoutLine: {'line': b'-- Up-to-date symlink: /home/booster/Workspace/Booster_T1_3v3_Demo/install/booster_interface/share/booster_interface/environment/pythonpath.sh\n'}
[3.603725] (booster_interface) StdoutLine: {'line': b'-- Up-to-date symlink: /home/booster/Workspace/Booster_T1_3v3_Demo/install/booster_interface/share/booster_interface/environment/pythonpath.dsv\n'}
[3.603930] (booster_interface) StdoutLine: {'line': b'-- Up-to-date symlink: /home/booster/Workspace/Booster_T1_3v3_Demo/install/booster_interface/local/lib/python3.10/dist-packages/booster_interface-0.0.0-py3.10.egg-info/PKG-INFO\n'}
[3.605276] (booster_interface) StdoutLine: {'line': b'-- Up-to-date symlink: /home/booster/Workspace/Booster_T1_3v3_Demo/install/booster_interface/local/lib/python3.10/dist-packages/booster_interface-0.0.0-py3.10.egg-info/SOURCES.txt\n'}
[3.605438] (booster_interface) StdoutLine: {'line': b'-- Up-to-date symlink: /home/booster/Workspace/Booster_T1_3v3_Demo/install/booster_interface/local/lib/python3.10/dist-packages/booster_interface-0.0.0-py3.10.egg-info/dependency_links.txt\n'}
[3.605555] (booster_interface) StdoutLine: {'line': b'-- Up-to-date symlink: /home/booster/Workspace/Booster_T1_3v3_Demo/install/booster_interface/local/lib/python3.10/dist-packages/booster_interface-0.0.0-py3.10.egg-info/top_level.txt\n'}
[3.605660] (game_controller_interface) StdoutLine: {'line': b'-- Symlinking: /home/booster/Workspace/Booster_T1_3v3_Demo/install/game_controller_interface/share/game_controller_interface/package.dsv\n'}
[3.605798] (booster_interface) StdoutLine: {'line': b'-- Up-to-date symlink: /home/booster/Workspace/Booster_T1_3v3_Demo/install/booster_interface/local/lib/python3.10/dist-packages/booster_interface/__init__.py\n'}
[3.619641] (-) TimerEvent: {}
[3.620434] (booster_interface) StdoutLine: {'line': b'-- Up-to-date symlink: /home/booster/Workspace/Booster_T1_3v3_Demo/install/booster_interface/local/lib/python3.10/dist-packages/booster_interface/_booster_interface_s.ep.rosidl_typesupport_c.c\n'}
[3.625358] (booster_interface) StdoutLine: {'line': b'-- Up-to-date symlink: /home/booster/Workspace/Booster_T1_3v3_Demo/install/booster_interface/local/lib/python3.10/dist-packages/booster_interface/_booster_interface_s.ep.rosidl_typesupport_fastrtps_c.c\n'}
[3.625546] (booster_interface) StdoutLine: {'line': b'-- Up-to-date symlink: /home/booster/Workspace/Booster_T1_3v3_Demo/install/booster_interface/local/lib/python3.10/dist-packages/booster_interface/_booster_interface_s.ep.rosidl_typesupport_introspection_c.c\n'}
[3.625671] (booster_interface) StdoutLine: {'line': b'-- Up-to-date symlink: /home/booster/Workspace/Booster_T1_3v3_Demo/install/booster_interface/local/lib/python3.10/dist-packages/booster_interface/booster_interface_s__rosidl_typesupport_c.cpython-310-aarch64-linux-gnu.so\n'}
[3.625788] (booster_interface) StdoutLine: {'line': b'-- Up-to-date symlink: /home/booster/Workspace/Booster_T1_3v3_Demo/install/booster_interface/local/lib/python3.10/dist-packages/booster_interface/booster_interface_s__rosidl_typesupport_fastrtps_c.cpython-310-aarch64-linux-gnu.so\n'}
[3.625954] (booster_interface) StdoutLine: {'line': b'-- Up-to-date symlink: /home/booster/Workspace/Booster_T1_3v3_Demo/install/booster_interface/local/lib/python3.10/dist-packages/booster_interface/booster_interface_s__rosidl_typesupport_introspection_c.cpython-310-aarch64-linux-gnu.so\n'}
[3.630728] (booster_interface) StdoutLine: {'line': b'-- Up-to-date symlink: /home/booster/Workspace/Booster_T1_3v3_Demo/install/booster_interface/local/lib/python3.10/dist-packages/booster_interface/libbooster_interface__rosidl_generator_py.so\n'}
[3.631148] (booster_interface) StdoutLine: {'line': b'-- Up-to-date symlink: /home/booster/Workspace/Booster_T1_3v3_Demo/install/booster_interface/local/lib/python3.10/dist-packages/booster_interface/msg/__init__.py\n'}
[3.631303] (booster_interface) StdoutLine: {'line': b'-- Up-to-date symlink: /home/booster/Workspace/Booster_T1_3v3_Demo/install/booster_interface/local/lib/python3.10/dist-packages/booster_interface/msg/_booster_api_req_msg.py\n'}
[3.631433] (booster_interface) StdoutLine: {'line': b'-- Up-to-date symlink: /home/booster/Workspace/Booster_T1_3v3_Demo/install/booster_interface/local/lib/python3.10/dist-packages/booster_interface/msg/_booster_api_req_msg_s.c\n'}
[3.631546] (booster_interface) StdoutLine: {'line': b'-- Up-to-date symlink: /home/booster/Workspace/Booster_T1_3v3_Demo/install/booster_interface/local/lib/python3.10/dist-packages/booster_interface/msg/_booster_api_resp_msg.py\n'}
[3.631666] (booster_interface) StdoutLine: {'line': b'-- Up-to-date symlink: /home/booster/Workspace/Booster_T1_3v3_Demo/install/booster_interface/local/lib/python3.10/dist-packages/booster_interface/msg/_booster_api_resp_msg_s.c\n'}
[3.632173] (booster_interface) StdoutLine: {'line': b'-- Up-to-date symlink: /home/booster/Workspace/Booster_T1_3v3_Demo/install/booster_interface/local/lib/python3.10/dist-packages/booster_interface/msg/_button_event_msg.py\n'}
[3.632343] (booster_interface) StdoutLine: {'line': b'-- Up-to-date symlink: /home/booster/Workspace/Booster_T1_3v3_Demo/install/booster_interface/local/lib/python3.10/dist-packages/booster_interface/msg/_button_event_msg_s.c\n'}
[3.632508] (booster_interface) StdoutLine: {'line': b'-- Up-to-date symlink: /home/booster/Workspace/Booster_T1_3v3_Demo/install/booster_interface/local/lib/python3.10/dist-packages/booster_interface/msg/_fall_down_state.py\n'}
[3.632657] (booster_interface) StdoutLine: {'line': b'-- Up-to-date symlink: /home/booster/Workspace/Booster_T1_3v3_Demo/install/booster_interface/local/lib/python3.10/dist-packages/booster_interface/msg/_fall_down_state_s.c\n'}
[3.633024] (booster_interface) StdoutLine: {'line': b'-- Up-to-date symlink: /home/booster/Workspace/Booster_T1_3v3_Demo/install/booster_interface/local/lib/python3.10/dist-packages/booster_interface/msg/_hand_command.py\n'}
[3.633533] (booster_interface) StdoutLine: {'line': b'-- Up-to-date symlink: /home/booster/Workspace/Booster_T1_3v3_Demo/install/booster_interface/local/lib/python3.10/dist-packages/booster_interface/msg/_hand_command_s.c\n'}
[3.633652] (booster_interface) StdoutLine: {'line': b'-- Up-to-date symlink: /home/booster/Workspace/Booster_T1_3v3_Demo/install/booster_interface/local/lib/python3.10/dist-packages/booster_interface/msg/_hand_dds_msg.py\n'}
[3.634338] (booster_interface) StdoutLine: {'line': b'-- Up-to-date symlink: /home/booster/Workspace/Booster_T1_3v3_Demo/install/booster_interface/local/lib/python3.10/dist-packages/booster_interface/msg/_hand_dds_msg_s.c\n'}
[3.634572] (booster_interface) StdoutLine: {'line': b'-- Up-to-date symlink: /home/booster/Workspace/Booster_T1_3v3_Demo/install/booster_interface/local/lib/python3.10/dist-packages/booster_interface/msg/_hand_param.py\n'}
[3.634744] (booster_interface) StdoutLine: {'line': b'-- Up-to-date symlink: /home/booster/Workspace/Booster_T1_3v3_Demo/install/booster_interface/local/lib/python3.10/dist-packages/booster_interface/msg/_hand_param_s.c\n'}
[3.650580] (booster_interface) StdoutLine: {'line': b'-- Up-to-date symlink: /home/booster/Workspace/Booster_T1_3v3_Demo/install/booster_interface/local/lib/python3.10/dist-packages/booster_interface/msg/_imu_state.py\n'}
[3.652346] (booster_interface) StdoutLine: {'line': b'-- Up-to-date symlink: /home/booster/Workspace/Booster_T1_3v3_Demo/install/booster_interface/local/lib/python3.10/dist-packages/booster_interface/msg/_imu_state_s.c\n'}
[3.653579] (booster_interface) StdoutLine: {'line': b'-- Up-to-date symlink: /home/booster/Workspace/Booster_T1_3v3_Demo/install/booster_interface/local/lib/python3.10/dist-packages/booster_interface/msg/_low_cmd.py\n'}
[3.655181] (booster_interface) StdoutLine: {'line': b'-- Up-to-date symlink: /home/booster/Workspace/Booster_T1_3v3_Demo/install/booster_interface/local/lib/python3.10/dist-packages/booster_interface/msg/_low_cmd_s.c\n'}
[3.655629] (booster_interface) StdoutLine: {'line': b'-- Up-to-date symlink: /home/booster/Workspace/Booster_T1_3v3_Demo/install/booster_interface/local/lib/python3.10/dist-packages/booster_interface/msg/_low_state.py\n'}
[3.655763] (booster_interface) StdoutLine: {'line': b'-- Up-to-date symlink: /home/booster/Workspace/Booster_T1_3v3_Demo/install/booster_interface/local/lib/python3.10/dist-packages/booster_interface/msg/_low_state_s.c\n'}
[3.655881] (booster_interface) StdoutLine: {'line': b'-- Up-to-date symlink: /home/booster/Workspace/Booster_T1_3v3_Demo/install/booster_interface/local/lib/python3.10/dist-packages/booster_interface/msg/_motor_cmd.py\n'}
[3.657217] (booster_interface) StdoutLine: {'line': b'-- Up-to-date symlink: /home/booster/Workspace/Booster_T1_3v3_Demo/install/booster_interface/local/lib/python3.10/dist-packages/booster_interface/msg/_motor_cmd_s.c\n'}
[3.657369] (booster_interface) StdoutLine: {'line': b'-- Up-to-date symlink: /home/booster/Workspace/Booster_T1_3v3_Demo/install/booster_interface/local/lib/python3.10/dist-packages/booster_interface/msg/_motor_state.py\n'}
[3.658363] (booster_interface) StdoutLine: {'line': b'-- Up-to-date symlink: /home/booster/Workspace/Booster_T1_3v3_Demo/install/booster_interface/local/lib/python3.10/dist-packages/booster_interface/msg/_motor_state_s.c\n'}
[3.658804] (booster_interface) StdoutLine: {'line': b'-- Up-to-date symlink: /home/booster/Workspace/Booster_T1_3v3_Demo/install/booster_interface/local/lib/python3.10/dist-packages/booster_interface/msg/_odometer.py\n'}
[3.659272] (booster_interface) StdoutLine: {'line': b'-- Up-to-date symlink: /home/booster/Workspace/Booster_T1_3v3_Demo/install/booster_interface/local/lib/python3.10/dist-packages/booster_interface/msg/_odometer_s.c\n'}
[3.659580] (booster_interface) StdoutLine: {'line': b'-- Up-to-date symlink: /home/booster/Workspace/Booster_T1_3v3_Demo/install/booster_interface/local/lib/python3.10/dist-packages/booster_interface/msg/_raw_bytes_msg.py\n'}
[3.663856] (booster_interface) StdoutLine: {'line': b'-- Up-to-date symlink: /home/booster/Workspace/Booster_T1_3v3_Demo/install/booster_interface/local/lib/python3.10/dist-packages/booster_interface/msg/_raw_bytes_msg_s.c\n'}
[3.664190] (booster_interface) StdoutLine: {'line': b'-- Up-to-date symlink: /home/booster/Workspace/Booster_T1_3v3_Demo/install/booster_interface/local/lib/python3.10/dist-packages/booster_interface/msg/_raw_bytes_stamped.py\n'}
[3.664354] (booster_interface) StdoutLine: {'line': b'-- Up-to-date symlink: /home/booster/Workspace/Booster_T1_3v3_Demo/install/booster_interface/local/lib/python3.10/dist-packages/booster_interface/msg/_raw_bytes_stamped_s.c\n'}
[3.664659] (booster_interface) StdoutLine: {'line': b'-- Up-to-date symlink: /home/booster/Workspace/Booster_T1_3v3_Demo/install/booster_interface/local/lib/python3.10/dist-packages/booster_interface/msg/_remote_controller_state.py\n'}
[3.665131] (booster_interface) StdoutLine: {'line': b'-- Up-to-date symlink: /home/booster/Workspace/Booster_T1_3v3_Demo/install/booster_interface/local/lib/python3.10/dist-packages/booster_interface/msg/_remote_controller_state_s.c\n'}
[3.665263] (booster_interface) StdoutLine: {'line': b'-- Up-to-date symlink: /home/booster/Workspace/Booster_T1_3v3_Demo/install/booster_interface/local/lib/python3.10/dist-packages/booster_interface/srv/__init__.py\n'}
[3.665415] (booster_interface) StdoutLine: {'line': b'-- Up-to-date symlink: /home/booster/Workspace/Booster_T1_3v3_Demo/install/booster_interface/local/lib/python3.10/dist-packages/booster_interface/srv/_agent_service.py\n'}
[3.665524] (booster_interface) StdoutLine: {'line': b'-- Up-to-date symlink: /home/booster/Workspace/Booster_T1_3v3_Demo/install/booster_interface/local/lib/python3.10/dist-packages/booster_interface/srv/_agent_service_s.c\n'}
[3.665631] (booster_interface) StdoutLine: {'line': b'-- Up-to-date symlink: /home/booster/Workspace/Booster_T1_3v3_Demo/install/booster_interface/local/lib/python3.10/dist-packages/booster_interface/srv/_rpc_service.py\n'}
[3.665747] (booster_interface) StdoutLine: {'line': b'-- Up-to-date symlink: /home/booster/Workspace/Booster_T1_3v3_Demo/install/booster_interface/local/lib/python3.10/dist-packages/booster_interface/srv/_rpc_service_s.c\n'}
[3.665851] (booster_msgs) StdoutLine: {'line': b'-- Install configuration: ""\n'}
[3.666064] (booster_interface) StdoutLine: {'line': b'-- Up-to-date symlink: /home/booster/Workspace/Booster_T1_3v3_Demo/install/booster_interface/local/lib/python3.10/dist-packages/booster_interface/booster_interface_s__rosidl_typesupport_fastrtps_c.cpython-310-aarch64-linux-gnu.so\n'}
[3.666550] (booster_msgs) StdoutLine: {'line': b'-- Execute custom install script\n'}
[3.667134] (booster_msgs) StdoutLine: {'line': b'-- Up-to-date symlink: /home/booster/Workspace/Booster_T1_3v3_Demo/install/booster_msgs/share/ament_index/resource_index/rosidl_interfaces/booster_msgs\n'}
[3.667349] (booster_msgs) StdoutLine: {'line': b'-- Up-to-date symlink: /home/booster/Workspace/Booster_T1_3v3_Demo/install/booster_msgs/include/booster_msgs/booster_msgs/msg/binary_data.h\n'}
[3.667513] (booster_msgs) StdoutLine: {'line': b'-- Up-to-date symlink: /home/booster/Workspace/Booster_T1_3v3_Demo/install/booster_msgs/include/booster_msgs/booster_msgs/msg/detail/binary_data__functions.h\n'}
[3.667627] (booster_msgs) StdoutLine: {'line': b'-- Up-to-date symlink: /home/booster/Workspace/Booster_T1_3v3_Demo/install/booster_msgs/include/booster_msgs/booster_msgs/msg/detail/binary_data__struct.h\n'}
[3.667733] (booster_msgs) StdoutLine: {'line': b'-- Up-to-date symlink: /home/booster/Workspace/Booster_T1_3v3_Demo/install/booster_msgs/include/booster_msgs/booster_msgs/msg/detail/binary_data__type_support.h\n'}
[3.667842] (booster_msgs) StdoutLine: {'line': b'-- Up-to-date symlink: /home/booster/Workspace/Booster_T1_3v3_Demo/install/booster_msgs/include/booster_msgs/booster_msgs/msg/detail/rpc_req_msg__functions.h\n'}
[3.667947] (booster_interface) StdoutLine: {'line': b'-- Up-to-date symlink: /home/booster/Workspace/Booster_T1_3v3_Demo/install/booster_interface/local/lib/python3.10/dist-packages/booster_interface/booster_interface_s__rosidl_typesupport_introspection_c.cpython-310-aarch64-linux-gnu.so\n'}
[3.668214] (booster_msgs) StdoutLine: {'line': b'-- Up-to-date symlink: /home/booster/Workspace/Booster_T1_3v3_Demo/install/booster_msgs/include/booster_msgs/booster_msgs/msg/detail/rpc_req_msg__struct.h\n'}
[3.668786] (booster_msgs) StdoutLine: {'line': b'-- Up-to-date symlink: /home/booster/Workspace/Booster_T1_3v3_Demo/install/booster_msgs/include/booster_msgs/booster_msgs/msg/detail/rpc_req_msg__type_support.h\n'}
[3.669519] (booster_msgs) StdoutLine: {'line': b'-- Up-to-date symlink: /home/booster/Workspace/Booster_T1_3v3_Demo/install/booster_msgs/include/booster_msgs/booster_msgs/msg/detail/rpc_resp_msg__functions.h\n'}
[3.669668] (booster_interface) StdoutLine: {'line': b'-- Up-to-date symlink: /home/booster/Workspace/Booster_T1_3v3_Demo/install/booster_interface/local/lib/python3.10/dist-packages/booster_interface/booster_interface_s__rosidl_typesupport_c.cpython-310-aarch64-linux-gnu.so\n'}
[3.669790] (booster_msgs) StdoutLine: {'line': b'-- Up-to-date symlink: /home/booster/Workspace/Booster_T1_3v3_Demo/install/booster_msgs/include/booster_msgs/booster_msgs/msg/detail/rpc_resp_msg__struct.h\n'}
[3.669906] (booster_interface) StdoutLine: {'line': b'-- Up-to-date symlink: /home/booster/Workspace/Booster_T1_3v3_Demo/install/booster_interface/share/booster_interface/msg/BoosterApiReqMsg.idl\n'}
[3.670194] (booster_msgs) StdoutLine: {'line': b'-- Up-to-date symlink: /home/booster/Workspace/Booster_T1_3v3_Demo/install/booster_msgs/include/booster_msgs/booster_msgs/msg/detail/rpc_resp_msg__type_support.h\n'}
[3.670366] (booster_interface) StdoutLine: {'line': b'-- Up-to-date symlink: /home/booster/Workspace/Booster_T1_3v3_Demo/install/booster_interface/share/booster_interface/msg/BoosterApiRespMsg.idl\n'}
[3.670567] (booster_msgs) StdoutLine: {'line': b'-- Up-to-date symlink: /home/booster/Workspace/Booster_T1_3v3_Demo/install/booster_msgs/include/booster_msgs/booster_msgs/msg/rosidl_generator_c__visibility_control.h\n'}
[3.670802] (booster_msgs) StdoutLine: {'line': b'-- Up-to-date symlink: /home/booster/Workspace/Booster_T1_3v3_Demo/install/booster_msgs/include/booster_msgs/booster_msgs/msg/rpc_req_msg.h\n'}
[3.670946] (booster_interface) StdoutLine: {'line': b'-- Up-to-date symlink: /home/booster/Workspace/Booster_T1_3v3_Demo/install/booster_interface/share/booster_interface/msg/ButtonEventMsg.idl\n'}
[3.671428] (booster_interface) StdoutLine: {'line': b'-- Up-to-date symlink: /home/booster/Workspace/Booster_T1_3v3_Demo/install/booster_interface/share/booster_interface/msg/MotorState.idl\n'}
[3.671557] (booster_interface) StdoutLine: {'line': b'-- Up-to-date symlink: /home/booster/Workspace/Booster_T1_3v3_Demo/install/booster_interface/share/booster_interface/msg/MotorCmd.idl\n'}
[3.671960] (booster_interface) StdoutLine: {'line': b'-- Up-to-date symlink: /home/booster/Workspace/Booster_T1_3v3_Demo/install/booster_interface/share/booster_interface/msg/LowCmd.idl\n'}
[3.672265] (booster_interface) StdoutLine: {'line': b'-- Up-to-date symlink: /home/booster/Workspace/Booster_T1_3v3_Demo/install/booster_interface/share/booster_interface/msg/ImuState.idl\n'}
[3.672403] (booster_interface) StdoutLine: {'line': b'-- Up-to-date symlink: /home/booster/Workspace/Booster_T1_3v3_Demo/install/booster_interface/share/booster_interface/msg/LowState.idl\n'}
[3.672646] (booster_interface) StdoutLine: {'line': b'-- Up-to-date symlink: /home/booster/Workspace/Booster_T1_3v3_Demo/install/booster_interface/share/booster_interface/msg/RawBytesMsg.idl\n'}
[3.672845] (booster_interface) StdoutLine: {'line': b'-- Up-to-date symlink: /home/booster/Workspace/Booster_T1_3v3_Demo/install/booster_interface/share/booster_interface/msg/RawBytesStamped.idl\n'}
[3.673200] (booster_interface) StdoutLine: {'line': b'-- Up-to-date symlink: /home/booster/Workspace/Booster_T1_3v3_Demo/install/booster_interface/share/booster_interface/msg/Odometer.idl\n'}
[3.673354] (booster_interface) StdoutLine: {'line': b'-- Up-to-date symlink: /home/booster/Workspace/Booster_T1_3v3_Demo/install/booster_interface/share/booster_interface/msg/FallDownState.idl\n'}
[3.673462] (booster_interface) StdoutLine: {'line': b'-- Up-to-date symlink: /home/booster/Workspace/Booster_T1_3v3_Demo/install/booster_interface/share/booster_interface/msg/RemoteControllerState.idl\n'}
[3.673571] (booster_msgs) StdoutLine: {'line': b'-- Up-to-date symlink: /home/booster/Workspace/Booster_T1_3v3_Demo/install/booster_msgs/include/booster_msgs/booster_msgs/msg/rpc_resp_msg.h\n'}
[3.673691] (booster_msgs) StdoutLine: {'line': b'-- Up-to-date symlink: /home/booster/Workspace/Booster_T1_3v3_Demo/install/booster_msgs/share/booster_msgs/environment/library_path.sh\n'}
[3.673801] (booster_msgs) StdoutLine: {'line': b'-- Up-to-date symlink: /home/booster/Workspace/Booster_T1_3v3_Demo/install/booster_msgs/share/booster_msgs/environment/library_path.dsv\n'}
[3.673907] (booster_msgs) StdoutLine: {'line': b'-- Up-to-date symlink: /home/booster/Workspace/Booster_T1_3v3_Demo/install/booster_msgs/include/booster_msgs/booster_msgs/msg/detail/binary_data__rosidl_typesupport_fastrtps_c.h\n'}
[3.674162] (booster_msgs) StdoutLine: {'line': b'-- Up-to-date symlink: /home/booster/Workspace/Booster_T1_3v3_Demo/install/booster_msgs/include/booster_msgs/booster_msgs/msg/detail/rpc_req_msg__rosidl_typesupport_fastrtps_c.h\n'}
[3.674281] (booster_msgs) StdoutLine: {'line': b'-- Up-to-date symlink: /home/booster/Workspace/Booster_T1_3v3_Demo/install/booster_msgs/include/booster_msgs/booster_msgs/msg/detail/rpc_resp_msg__rosidl_typesupport_fastrtps_c.h\n'}
[3.674462] (booster_msgs) StdoutLine: {'line': b'-- Up-to-date symlink: /home/booster/Workspace/Booster_T1_3v3_Demo/install/booster_msgs/include/booster_msgs/booster_msgs/msg/rosidl_typesupport_fastrtps_c__visibility_control.h\n'}
[3.674749] (booster_msgs) StdoutLine: {'line': b'-- Up-to-date symlink: /home/booster/Workspace/Booster_T1_3v3_Demo/install/booster_msgs/include/booster_msgs/booster_msgs/msg/detail/binary_data__rosidl_typesupport_introspection_c.h\n'}
[3.674970] (booster_interface) StdoutLine: {'line': b'-- Up-to-date symlink: /home/booster/Workspace/Booster_T1_3v3_Demo/install/booster_interface/share/booster_interface/msg/HandCommand.idl\n'}
[3.675360] (booster_msgs) StdoutLine: {'line': b'-- Up-to-date symlink: /home/booster/Workspace/Booster_T1_3v3_Demo/install/booster_msgs/include/booster_msgs/booster_msgs/msg/detail/rpc_req_msg__rosidl_typesupport_introspection_c.h\n'}
[3.675504] (booster_interface) StdoutLine: {'line': b'-- Up-to-date symlink: /home/booster/Workspace/Booster_T1_3v3_Demo/install/booster_interface/share/booster_interface/msg/HandDdsMsg.idl\n'}
[3.675624] (booster_interface) StdoutLine: {'line': b'-- Up-to-date symlink: /home/booster/Workspace/Booster_T1_3v3_Demo/install/booster_interface/share/booster_interface/msg/HandParam.idl\n'}
[3.675745] (booster_interface) StdoutLine: {'line': b'-- Up-to-date symlink: /home/booster/Workspace/Booster_T1_3v3_Demo/install/booster_interface/share/booster_interface/srv/RpcService.idl\n'}
[3.675888] (booster_interface) StdoutLine: {'line': b'-- Up-to-date symlink: /home/booster/Workspace/Booster_T1_3v3_Demo/install/booster_interface/share/booster_interface/srv/AgentService.idl\n'}
[3.676175] (booster_interface) StdoutLine: {'line': b'-- Up-to-date symlink: /home/booster/Workspace/Booster_T1_3v3_Demo/install/booster_interface/share/booster_interface/msg/BoosterApiReqMsg.msg\n'}
[3.676308] (booster_interface) StdoutLine: {'line': b'-- Up-to-date symlink: /home/booster/Workspace/Booster_T1_3v3_Demo/install/booster_interface/share/booster_interface/msg/BoosterApiRespMsg.msg\n'}
[3.676603] (booster_interface) StdoutLine: {'line': b'-- Up-to-date symlink: /home/booster/Workspace/Booster_T1_3v3_Demo/install/booster_interface/share/booster_interface/msg/ButtonEventMsg.msg\n'}
[3.676863] (booster_interface) StdoutLine: {'line': b'-- Up-to-date symlink: /home/booster/Workspace/Booster_T1_3v3_Demo/install/booster_interface/share/booster_interface/msg/MotorState.msg\n'}
[3.677335] (booster_msgs) StdoutLine: {'line': b'-- Up-to-date symlink: /home/booster/Workspace/Booster_T1_3v3_Demo/install/booster_msgs/include/booster_msgs/booster_msgs/msg/detail/rpc_resp_msg__rosidl_typesupport_introspection_c.h\n'}
[3.677513] (booster_msgs) StdoutLine: {'line': b'-- Up-to-date symlink: /home/booster/Workspace/Booster_T1_3v3_Demo/install/booster_msgs/include/booster_msgs/booster_msgs/msg/rosidl_typesupport_introspection_c__visibility_control.h\n'}
[3.677632] (booster_msgs) StdoutLine: {'line': b'-- Up-to-date symlink: /home/booster/Workspace/Booster_T1_3v3_Demo/install/booster_msgs/include/booster_msgs/booster_msgs/msg/binary_data.hpp\n'}
[3.677741] (booster_msgs) StdoutLine: {'line': b'-- Up-to-date symlink: /home/booster/Workspace/Booster_T1_3v3_Demo/install/booster_msgs/include/booster_msgs/booster_msgs/msg/detail/binary_data__builder.hpp\n'}
[3.677842] (booster_interface) StdoutLine: {'line': b'-- Up-to-date symlink: /home/booster/Workspace/Booster_T1_3v3_Demo/install/booster_interface/share/booster_interface/msg/MotorCmd.msg\n'}
[3.677947] (booster_interface) StdoutLine: {'line': b'-- Up-to-date symlink: /home/booster/Workspace/Booster_T1_3v3_Demo/install/booster_interface/share/booster_interface/msg/LowCmd.msg\n'}
[3.678219] (booster_interface) StdoutLine: {'line': b'-- Up-to-date symlink: /home/booster/Workspace/Booster_T1_3v3_Demo/install/booster_interface/share/booster_interface/msg/ImuState.msg\n'}
[3.678331] (booster_msgs) StdoutLine: {'line': b'-- Up-to-date symlink: /home/booster/Workspace/Booster_T1_3v3_Demo/install/booster_msgs/include/booster_msgs/booster_msgs/msg/detail/binary_data__struct.hpp\n'}
[3.678459] (booster_msgs) StdoutLine: {'line': b'-- Up-to-date symlink: /home/booster/Workspace/Booster_T1_3v3_Demo/install/booster_msgs/include/booster_msgs/booster_msgs/msg/detail/binary_data__traits.hpp\n'}
[3.678727] (booster_interface) StdoutLine: {'line': b'-- Up-to-date symlink: /home/booster/Workspace/Booster_T1_3v3_Demo/install/booster_interface/share/booster_interface/msg/LowState.msg\n'}
[3.678880] (booster_msgs) StdoutLine: {'line': b'-- Up-to-date symlink: /home/booster/Workspace/Booster_T1_3v3_Demo/install/booster_msgs/include/booster_msgs/booster_msgs/msg/detail/binary_data__type_support.hpp\n'}
[3.679011] (booster_interface) StdoutLine: {'line': b'-- Up-to-date symlink: /home/booster/Workspace/Booster_T1_3v3_Demo/install/booster_interface/share/booster_interface/msg/RawBytesMsg.msg\n'}
[3.681482] (booster_interface) StdoutLine: {'line': b'-- Up-to-date symlink: /home/booster/Workspace/Booster_T1_3v3_Demo/install/booster_interface/share/booster_interface/msg/RawBytesStamped.msg\n'}
[3.681687] (booster_interface) StdoutLine: {'line': b'-- Up-to-date symlink: /home/booster/Workspace/Booster_T1_3v3_Demo/install/booster_interface/share/booster_interface/msg/Odometer.msg\n'}
[3.681818] (booster_msgs) StdoutLine: {'line': b'-- Up-to-date symlink: /home/booster/Workspace/Booster_T1_3v3_Demo/install/booster_msgs/include/booster_msgs/booster_msgs/msg/detail/rpc_req_msg__builder.hpp\n'}
[3.682158] (booster_interface) StdoutLine: {'line': b'-- Up-to-date symlink: /home/booster/Workspace/Booster_T1_3v3_Demo/install/booster_interface/share/booster_interface/msg/FallDownState.msg\n'}
[3.682298] (booster_interface) StdoutLine: {'line': b'-- Up-to-date symlink: /home/booster/Workspace/Booster_T1_3v3_Demo/install/booster_interface/share/booster_interface/msg/RemoteControllerState.msg\n'}
[3.682415] (booster_msgs) StdoutLine: {'line': b'-- Up-to-date symlink: /home/booster/Workspace/Booster_T1_3v3_Demo/install/booster_msgs/include/booster_msgs/booster_msgs/msg/detail/rpc_req_msg__struct.hpp\n'}
[3.682635] (booster_interface) StdoutLine: {'line': b'-- Up-to-date symlink: /home/booster/Workspace/Booster_T1_3v3_Demo/install/booster_interface/share/booster_interface/msg/HandCommand.msg\n'}
[3.682817] (booster_interface) StdoutLine: {'line': b'-- Up-to-date symlink: /home/booster/Workspace/Booster_T1_3v3_Demo/install/booster_interface/share/booster_interface/msg/HandDdsMsg.msg\n'}
[3.682950] (booster_msgs) StdoutLine: {'line': b'-- Up-to-date symlink: /home/booster/Workspace/Booster_T1_3v3_Demo/install/booster_msgs/include/booster_msgs/booster_msgs/msg/detail/rpc_req_msg__traits.hpp\n'}
[3.683280] (booster_interface) StdoutLine: {'line': b'-- Up-to-date symlink: /home/booster/Workspace/Booster_T1_3v3_Demo/install/booster_interface/share/booster_interface/msg/HandParam.msg\n'}
[3.683526] (booster_interface) StdoutLine: {'line': b'-- Up-to-date symlink: /home/booster/Workspace/Booster_T1_3v3_Demo/install/booster_interface/share/booster_interface/srv/RpcService.srv\n'}
[3.683655] (booster_interface) StdoutLine: {'line': b'-- Up-to-date symlink: /home/booster/Workspace/Booster_T1_3v3_Demo/install/booster_interface/share/booster_interface/srv/RpcService_Request.msg\n'}
[3.683758] (booster_interface) StdoutLine: {'line': b'-- Up-to-date symlink: /home/booster/Workspace/Booster_T1_3v3_Demo/install/booster_interface/share/booster_interface/srv/RpcService_Response.msg\n'}
[3.683857] (booster_msgs) StdoutLine: {'line': b'-- Up-to-date symlink: /home/booster/Workspace/Booster_T1_3v3_Demo/install/booster_msgs/include/booster_msgs/booster_msgs/msg/detail/rpc_req_msg__type_support.hpp\n'}
[3.684036] (booster_interface) StdoutLine: {'line': b'-- Up-to-date symlink: /home/booster/Workspace/Booster_T1_3v3_Demo/install/booster_interface/share/booster_interface/srv/AgentService.srv\n'}
[3.684210] (booster_msgs) StdoutLine: {'line': b'-- Up-to-date symlink: /home/booster/Workspace/Booster_T1_3v3_Demo/install/booster_msgs/include/booster_msgs/booster_msgs/msg/detail/rpc_resp_msg__builder.hpp\n'}
[3.684317] (booster_msgs) StdoutLine: {'line': b'-- Up-to-date symlink: /home/booster/Workspace/Booster_T1_3v3_Demo/install/booster_msgs/include/booster_msgs/booster_msgs/msg/detail/rpc_resp_msg__struct.hpp\n'}
[3.684433] (booster_msgs) StdoutLine: {'line': b'-- Up-to-date symlink: /home/booster/Workspace/Booster_T1_3v3_Demo/install/booster_msgs/include/booster_msgs/booster_msgs/msg/detail/rpc_resp_msg__traits.hpp\n'}
[3.684748] (booster_msgs) StdoutLine: {'line': b'-- Up-to-date symlink: /home/booster/Workspace/Booster_T1_3v3_Demo/install/booster_msgs/include/booster_msgs/booster_msgs/msg/detail/rpc_resp_msg__type_support.hpp\n'}
[3.684947] (booster_interface) StdoutLine: {'line': b'-- Up-to-date symlink: /home/booster/Workspace/Booster_T1_3v3_Demo/install/booster_interface/share/booster_interface/srv/AgentService_Request.msg\n'}
[3.685408] (booster_interface) StdoutLine: {'line': b'-- Up-to-date symlink: /home/booster/Workspace/Booster_T1_3v3_Demo/install/booster_interface/share/booster_interface/srv/AgentService_Response.msg\n'}
[3.685578] (booster_interface) StdoutLine: {'line': b'-- Up-to-date symlink: /home/booster/Workspace/Booster_T1_3v3_Demo/install/booster_interface/include//booster_interface/booster_interface/message_utils.hpp\n'}
[3.685724] (booster_interface) StdoutLine: {'line': b'-- Up-to-date symlink: /home/booster/Workspace/Booster_T1_3v3_Demo/install/booster_interface/include//booster_interface/booster_interface/third_party/nlohmann_json/json.hpp\n'}
[3.685876] (booster_interface) StdoutLine: {'line': b'-- Up-to-date symlink: /home/booster/Workspace/Booster_T1_3v3_Demo/install/booster_interface/share/ament_index/resource_index/package_run_dependencies/booster_interface\n'}
[3.686074] (booster_interface) StdoutLine: {'line': b'-- Up-to-date symlink: /home/booster/Workspace/Booster_T1_3v3_Demo/install/booster_interface/share/ament_index/resource_index/parent_prefix_path/booster_interface\n'}
[3.686273] (booster_interface) StdoutLine: {'line': b'-- Up-to-date symlink: /home/booster/Workspace/Booster_T1_3v3_Demo/install/booster_interface/share/booster_interface/environment/ament_prefix_path.sh\n'}
[3.686401] (booster_interface) StdoutLine: {'line': b'-- Up-to-date symlink: /home/booster/Workspace/Booster_T1_3v3_Demo/install/booster_interface/share/booster_interface/environment/ament_prefix_path.dsv\n'}
[3.686533] (booster_interface) StdoutLine: {'line': b'-- Up-to-date symlink: /home/booster/Workspace/Booster_T1_3v3_Demo/install/booster_interface/share/booster_interface/environment/path.sh\n'}
[3.686777] (booster_interface) StdoutLine: {'line': b'-- Up-to-date symlink: /home/booster/Workspace/Booster_T1_3v3_Demo/install/booster_interface/share/booster_interface/environment/path.dsv\n'}
[3.686946] (booster_msgs) StdoutLine: {'line': b'-- Up-to-date symlink: /home/booster/Workspace/Booster_T1_3v3_Demo/install/booster_msgs/include/booster_msgs/booster_msgs/msg/rosidl_generator_cpp__visibility_control.hpp\n'}
[3.687321] (booster_interface) StdoutLine: {'line': b'-- Up-to-date symlink: /home/booster/Workspace/Booster_T1_3v3_Demo/install/booster_interface/share/booster_interface/local_setup.bash\n'}
[3.687499] (booster_interface) StdoutLine: {'line': b'-- Up-to-date symlink: /home/booster/Workspace/Booster_T1_3v3_Demo/install/booster_interface/share/booster_interface/local_setup.sh\n'}
[3.687609] (booster_interface) StdoutLine: {'line': b'-- Up-to-date symlink: /home/booster/Workspace/Booster_T1_3v3_Demo/install/booster_interface/share/booster_interface/local_setup.zsh\n'}
[3.687710] (booster_interface) StdoutLine: {'line': b'-- Up-to-date symlink: /home/booster/Workspace/Booster_T1_3v3_Demo/install/booster_interface/share/booster_interface/local_setup.dsv\n'}
[3.687812] (booster_interface) StdoutLine: {'line': b'-- Symlinking: /home/booster/Workspace/Booster_T1_3v3_Demo/install/booster_interface/share/booster_interface/package.dsv\n'}
[3.687911] (booster_msgs) StdoutLine: {'line': b'-- Up-to-date symlink: /home/booster/Workspace/Booster_T1_3v3_Demo/install/booster_msgs/include/booster_msgs/booster_msgs/msg/rpc_req_msg.hpp\n'}
[3.688109] (booster_msgs) StdoutLine: {'line': b'-- Up-to-date symlink: /home/booster/Workspace/Booster_T1_3v3_Demo/install/booster_msgs/include/booster_msgs/booster_msgs/msg/rpc_resp_msg.hpp\n'}
[3.688251] (booster_msgs) StdoutLine: {'line': b'-- Up-to-date symlink: /home/booster/Workspace/Booster_T1_3v3_Demo/install/booster_msgs/include/booster_msgs/booster_msgs/msg/detail/binary_data__rosidl_typesupport_fastrtps_cpp.hpp\n'}
[3.688357] (booster_msgs) StdoutLine: {'line': b'-- Up-to-date symlink: /home/booster/Workspace/Booster_T1_3v3_Demo/install/booster_msgs/include/booster_msgs/booster_msgs/msg/detail/rpc_req_msg__rosidl_typesupport_fastrtps_cpp.hpp\n'}
[3.688479] (booster_msgs) StdoutLine: {'line': b'-- Up-to-date symlink: /home/booster/Workspace/Booster_T1_3v3_Demo/install/booster_msgs/include/booster_msgs/booster_msgs/msg/detail/rpc_resp_msg__rosidl_typesupport_fastrtps_cpp.hpp\n'}
[3.688767] (booster_msgs) StdoutLine: {'line': b'-- Up-to-date symlink: /home/booster/Workspace/Booster_T1_3v3_Demo/install/booster_msgs/include/booster_msgs/booster_msgs/msg/rosidl_typesupport_fastrtps_cpp__visibility_control.h\n'}
[3.688904] (booster_msgs) StdoutLine: {'line': b'-- Up-to-date symlink: /home/booster/Workspace/Booster_T1_3v3_Demo/install/booster_msgs/include/booster_msgs/booster_msgs/msg/detail/binary_data__rosidl_typesupport_introspection_cpp.hpp\n'}
[3.689885] (booster_msgs) StdoutLine: {'line': b'-- Up-to-date symlink: /home/booster/Workspace/Booster_T1_3v3_Demo/install/booster_msgs/include/booster_msgs/booster_msgs/msg/detail/rpc_req_msg__rosidl_typesupport_introspection_cpp.hpp\n'}
[3.721052] (-) TimerEvent: {}
[3.722082] (booster_msgs) StdoutLine: {'line': b'-- Up-to-date symlink: /home/booster/Workspace/Booster_T1_3v3_Demo/install/booster_msgs/include/booster_msgs/booster_msgs/msg/detail/rpc_resp_msg__rosidl_typesupport_introspection_cpp.hpp\n'}
[3.722527] (booster_msgs) StdoutLine: {'line': b'-- Up-to-date symlink: /home/booster/Workspace/Booster_T1_3v3_Demo/install/booster_msgs/share/booster_msgs/environment/pythonpath.sh\n'}
[3.722889] (booster_msgs) StdoutLine: {'line': b'-- Up-to-date symlink: /home/booster/Workspace/Booster_T1_3v3_Demo/install/booster_msgs/share/booster_msgs/environment/pythonpath.dsv\n'}
[3.723076] (sound_play) StdoutLine: {'line': b'running develop\n'}
[3.723667] (booster_msgs) StdoutLine: {'line': b'-- Up-to-date symlink: /home/booster/Workspace/Booster_T1_3v3_Demo/install/booster_msgs/local/lib/python3.10/dist-packages/booster_msgs-0.0.0-py3.10.egg-info/PKG-INFO\n'}
[3.723877] (booster_msgs) StdoutLine: {'line': b'-- Up-to-date symlink: /home/booster/Workspace/Booster_T1_3v3_Demo/install/booster_msgs/local/lib/python3.10/dist-packages/booster_msgs-0.0.0-py3.10.egg-info/SOURCES.txt\n'}
[3.724095] (booster_msgs) StdoutLine: {'line': b'-- Up-to-date symlink: /home/booster/Workspace/Booster_T1_3v3_Demo/install/booster_msgs/local/lib/python3.10/dist-packages/booster_msgs-0.0.0-py3.10.egg-info/dependency_links.txt\n'}
[3.724252] (booster_msgs) StdoutLine: {'line': b'-- Up-to-date symlink: /home/booster/Workspace/Booster_T1_3v3_Demo/install/booster_msgs/local/lib/python3.10/dist-packages/booster_msgs-0.0.0-py3.10.egg-info/top_level.txt\n'}
[3.724412] (booster_msgs) StdoutLine: {'line': b'-- Up-to-date symlink: /home/booster/Workspace/Booster_T1_3v3_Demo/install/booster_msgs/local/lib/python3.10/dist-packages/booster_msgs/__init__.py\n'}
[3.724535] (booster_msgs) StdoutLine: {'line': b'-- Up-to-date symlink: /home/booster/Workspace/Booster_T1_3v3_Demo/install/booster_msgs/local/lib/python3.10/dist-packages/booster_msgs/_booster_msgs_s.ep.rosidl_typesupport_c.c\n'}
[3.724664] (booster_msgs) StdoutLine: {'line': b'-- Up-to-date symlink: /home/booster/Workspace/Booster_T1_3v3_Demo/install/booster_msgs/local/lib/python3.10/dist-packages/booster_msgs/_booster_msgs_s.ep.rosidl_typesupport_fastrtps_c.c\n'}
[3.731933] (booster_msgs) StdoutLine: {'line': b'-- Up-to-date symlink: /home/booster/Workspace/Booster_T1_3v3_Demo/install/booster_msgs/local/lib/python3.10/dist-packages/booster_msgs/_booster_msgs_s.ep.rosidl_typesupport_introspection_c.c\n'}
[3.732459] (booster_msgs) StdoutLine: {'line': b'-- Up-to-date symlink: /home/booster/Workspace/Booster_T1_3v3_Demo/install/booster_msgs/local/lib/python3.10/dist-packages/booster_msgs/booster_msgs_s__rosidl_typesupport_c.cpython-310-aarch64-linux-gnu.so\n'}
[3.732638] (booster_msgs) StdoutLine: {'line': b'-- Up-to-date symlink: /home/booster/Workspace/Booster_T1_3v3_Demo/install/booster_msgs/local/lib/python3.10/dist-packages/booster_msgs/booster_msgs_s__rosidl_typesupport_fastrtps_c.cpython-310-aarch64-linux-gnu.so\n'}
[3.734307] (booster_msgs) StdoutLine: {'line': b'-- Up-to-date symlink: /home/booster/Workspace/Booster_T1_3v3_Demo/install/booster_msgs/local/lib/python3.10/dist-packages/booster_msgs/booster_msgs_s__rosidl_typesupport_introspection_c.cpython-310-aarch64-linux-gnu.so\n'}
[3.734510] (booster_msgs) StdoutLine: {'line': b'-- Up-to-date symlink: /home/booster/Workspace/Booster_T1_3v3_Demo/install/booster_msgs/local/lib/python3.10/dist-packages/booster_msgs/libbooster_msgs__rosidl_generator_py.so\n'}
[3.734661] (booster_msgs) StdoutLine: {'line': b'-- Up-to-date symlink: /home/booster/Workspace/Booster_T1_3v3_Demo/install/booster_msgs/local/lib/python3.10/dist-packages/booster_msgs/msg/__init__.py\n'}
[3.735569] (booster_msgs) StdoutLine: {'line': b'-- Up-to-date symlink: /home/booster/Workspace/Booster_T1_3v3_Demo/install/booster_msgs/local/lib/python3.10/dist-packages/booster_msgs/msg/_binary_data.py\n'}
[3.735741] (booster_msgs) StdoutLine: {'line': b'-- Up-to-date symlink: /home/booster/Workspace/Booster_T1_3v3_Demo/install/booster_msgs/local/lib/python3.10/dist-packages/booster_msgs/msg/_binary_data_s.c\n'}
[3.735853] (booster_msgs) StdoutLine: {'line': b'-- Up-to-date symlink: /home/booster/Workspace/Booster_T1_3v3_Demo/install/booster_msgs/local/lib/python3.10/dist-packages/booster_msgs/msg/_rpc_req_msg.py\n'}
[3.736638] (booster_msgs) StdoutLine: {'line': b'-- Up-to-date symlink: /home/booster/Workspace/Booster_T1_3v3_Demo/install/booster_msgs/local/lib/python3.10/dist-packages/booster_msgs/msg/_rpc_req_msg_s.c\n'}
[3.737148] (booster_msgs) StdoutLine: {'line': b'-- Up-to-date symlink: /home/booster/Workspace/Booster_T1_3v3_Demo/install/booster_msgs/local/lib/python3.10/dist-packages/booster_msgs/msg/_rpc_resp_msg.py\n'}
[3.738426] (booster_msgs) StdoutLine: {'line': b'-- Up-to-date symlink: /home/booster/Workspace/Booster_T1_3v3_Demo/install/booster_msgs/local/lib/python3.10/dist-packages/booster_msgs/msg/_rpc_resp_msg_s.c\n'}
[3.738585] (booster_msgs) StdoutLine: {'line': b'-- Up-to-date symlink: /home/booster/Workspace/Booster_T1_3v3_Demo/install/booster_msgs/local/lib/python3.10/dist-packages/booster_msgs/booster_msgs_s__rosidl_typesupport_fastrtps_c.cpython-310-aarch64-linux-gnu.so\n'}
[3.739858] (booster_msgs) StdoutLine: {'line': b'-- Up-to-date symlink: /home/booster/Workspace/Booster_T1_3v3_Demo/install/booster_msgs/local/lib/python3.10/dist-packages/booster_msgs/booster_msgs_s__rosidl_typesupport_introspection_c.cpython-310-aarch64-linux-gnu.so\n'}
[3.740269] (booster_msgs) StdoutLine: {'line': b'-- Up-to-date symlink: /home/booster/Workspace/Booster_T1_3v3_Demo/install/booster_msgs/local/lib/python3.10/dist-packages/booster_msgs/booster_msgs_s__rosidl_typesupport_c.cpython-310-aarch64-linux-gnu.so\n'}
[3.740500] (booster_msgs) StdoutLine: {'line': b'-- Up-to-date symlink: /home/booster/Workspace/Booster_T1_3v3_Demo/install/booster_msgs/share/booster_msgs/msg/BinaryData.idl\n'}
[3.740669] (booster_msgs) StdoutLine: {'line': b'-- Up-to-date symlink: /home/booster/Workspace/Booster_T1_3v3_Demo/install/booster_msgs/share/booster_msgs/msg/RpcReqMsg.idl\n'}
[3.742263] (booster_msgs) StdoutLine: {'line': b'-- Up-to-date symlink: /home/booster/Workspace/Booster_T1_3v3_Demo/install/booster_msgs/share/booster_msgs/msg/RpcRespMsg.idl\n'}
[3.742478] (booster_msgs) StdoutLine: {'line': b'-- Up-to-date symlink: /home/booster/Workspace/Booster_T1_3v3_Demo/install/booster_msgs/share/booster_msgs/msg/BinaryData.msg\n'}
[3.742598] (booster_msgs) StdoutLine: {'line': b'-- Up-to-date symlink: /home/booster/Workspace/Booster_T1_3v3_Demo/install/booster_msgs/share/booster_msgs/msg/RpcReqMsg.msg\n'}
[3.744030] (booster_msgs) StdoutLine: {'line': b'-- Up-to-date symlink: /home/booster/Workspace/Booster_T1_3v3_Demo/install/booster_msgs/share/booster_msgs/msg/RpcRespMsg.msg\n'}
[3.744311] (booster_msgs) StdoutLine: {'line': b'-- Up-to-date symlink: /home/booster/Workspace/Booster_T1_3v3_Demo/install/booster_msgs/share/ament_index/resource_index/package_run_dependencies/booster_msgs\n'}
[3.744484] (booster_msgs) StdoutLine: {'line': b'-- Up-to-date symlink: /home/booster/Workspace/Booster_T1_3v3_Demo/install/booster_msgs/share/ament_index/resource_index/parent_prefix_path/booster_msgs\n'}
[3.744606] (booster_msgs) StdoutLine: {'line': b'-- Up-to-date symlink: /home/booster/Workspace/Booster_T1_3v3_Demo/install/booster_msgs/share/booster_msgs/environment/ament_prefix_path.sh\n'}
[3.744733] (booster_msgs) StdoutLine: {'line': b'-- Up-to-date symlink: /home/booster/Workspace/Booster_T1_3v3_Demo/install/booster_msgs/share/booster_msgs/environment/ament_prefix_path.dsv\n'}
[3.745580] (booster_msgs) StdoutLine: {'line': b'-- Up-to-date symlink: /home/booster/Workspace/Booster_T1_3v3_Demo/install/booster_msgs/share/booster_msgs/environment/path.sh\n'}
[3.745704] (booster_msgs) StdoutLine: {'line': b'-- Up-to-date symlink: /home/booster/Workspace/Booster_T1_3v3_Demo/install/booster_msgs/share/booster_msgs/environment/path.dsv\n'}
[3.745838] (booster_msgs) StdoutLine: {'line': b'-- Up-to-date symlink: /home/booster/Workspace/Booster_T1_3v3_Demo/install/booster_msgs/share/booster_msgs/local_setup.bash\n'}
[3.745945] (booster_msgs) StdoutLine: {'line': b'-- Up-to-date symlink: /home/booster/Workspace/Booster_T1_3v3_Demo/install/booster_msgs/share/booster_msgs/local_setup.sh\n'}
[3.749805] (booster_msgs) StdoutLine: {'line': b'-- Up-to-date symlink: /home/booster/Workspace/Booster_T1_3v3_Demo/install/booster_msgs/share/booster_msgs/local_setup.zsh\n'}
[3.750954] (booster_msgs) StdoutLine: {'line': b'-- Up-to-date symlink: /home/booster/Workspace/Booster_T1_3v3_Demo/install/booster_msgs/share/booster_msgs/local_setup.dsv\n'}
[3.751463] (booster_msgs) StdoutLine: {'line': b'-- Symlinking: /home/booster/Workspace/Booster_T1_3v3_Demo/install/booster_msgs/share/booster_msgs/package.dsv\n'}
[3.751701] (game_controller_interface) StdoutLine: {'line': b'-- Up-to-date symlink: /home/booster/Workspace/Booster_T1_3v3_Demo/install/game_controller_interface/share/ament_index/resource_index/packages/game_controller_interface\n'}
[3.751887] (game_controller_interface) StdoutLine: {'line': b'-- Up-to-date symlink: /home/booster/Workspace/Booster_T1_3v3_Demo/install/game_controller_interface/share/game_controller_interface/cmake/rosidl_cmake-extras.cmake\n'}
[3.753030] (game_controller_interface) StdoutLine: {'line': b'-- Up-to-date symlink: /home/booster/Workspace/Booster_T1_3v3_Demo/install/game_controller_interface/share/game_controller_interface/cmake/ament_cmake_export_include_directories-extras.cmake\n'}
[3.753453] (game_controller_interface) StdoutLine: {'line': b'-- Up-to-date symlink: /home/booster/Workspace/Booster_T1_3v3_Demo/install/game_controller_interface/share/game_controller_interface/cmake/ament_cmake_export_libraries-extras.cmake\n'}
[3.753714] (game_controller_interface) StdoutLine: {'line': b'-- Up-to-date symlink: /home/booster/Workspace/Booster_T1_3v3_Demo/install/game_controller_interface/share/game_controller_interface/cmake/ament_cmake_export_targets-extras.cmake\n'}
[3.753866] (game_controller_interface) StdoutLine: {'line': b'-- Up-to-date symlink: /home/booster/Workspace/Booster_T1_3v3_Demo/install/game_controller_interface/share/game_controller_interface/cmake/rosidl_cmake_export_typesupport_targets-extras.cmake\n'}
[3.754958] (game_controller_interface) StdoutLine: {'line': b'-- Up-to-date symlink: /home/booster/Workspace/Booster_T1_3v3_Demo/install/game_controller_interface/share/game_controller_interface/cmake/ament_cmake_export_dependencies-extras.cmake\n'}
[3.755190] (game_controller_interface) StdoutLine: {'line': b'-- Up-to-date symlink: /home/booster/Workspace/Booster_T1_3v3_Demo/install/game_controller_interface/share/game_controller_interface/cmake/rosidl_cmake_export_typesupport_libraries-extras.cmake\n'}
[3.756109] (game_controller_interface) StdoutLine: {'line': b'-- Up-to-date symlink: /home/booster/Workspace/Booster_T1_3v3_Demo/install/game_controller_interface/share/game_controller_interface/cmake/game_controller_interfaceConfig.cmake\n'}
[3.756261] (game_controller_interface) StdoutLine: {'line': b'-- Up-to-date symlink: /home/booster/Workspace/Booster_T1_3v3_Demo/install/game_controller_interface/share/game_controller_interface/cmake/game_controller_interfaceConfig-version.cmake\n'}
[3.756487] (game_controller_interface) StdoutLine: {'line': b'-- Up-to-date symlink: /home/booster/Workspace/Booster_T1_3v3_Demo/install/game_controller_interface/share/game_controller_interface/package.xml\n'}
[3.756595] (game_controller_interface) StdoutLine: {'line': b'-- Up-to-date: /home/booster/Workspace/Booster_T1_3v3_Demo/install/game_controller_interface/lib/libgame_controller_interface__rosidl_generator_c.so\n'}
[3.756712] (game_controller_interface) StdoutLine: {'line': b'-- Up-to-date: /home/booster/Workspace/Booster_T1_3v3_Demo/install/game_controller_interface/lib/libgame_controller_interface__rosidl_typesupport_fastrtps_c.so\n'}
[3.757625] (game_controller_interface) StdoutLine: {'line': b'-- Up-to-date: /home/booster/Workspace/Booster_T1_3v3_Demo/install/game_controller_interface/lib/libgame_controller_interface__rosidl_typesupport_fastrtps_cpp.so\n'}
[3.757753] (game_controller_interface) StdoutLine: {'line': b'-- Up-to-date: /home/booster/Workspace/Booster_T1_3v3_Demo/install/game_controller_interface/lib/libgame_controller_interface__rosidl_typesupport_introspection_c.so\n'}
[3.757859] (game_controller_interface) StdoutLine: {'line': b'-- Up-to-date: /home/booster/Workspace/Booster_T1_3v3_Demo/install/game_controller_interface/lib/libgame_controller_interface__rosidl_typesupport_c.so\n'}
[3.758836] (game_controller_interface) StdoutLine: {'line': b'-- Up-to-date: /home/booster/Workspace/Booster_T1_3v3_Demo/install/game_controller_interface/lib/libgame_controller_interface__rosidl_typesupport_introspection_cpp.so\n'}
[3.759111] (game_controller_interface) StdoutLine: {'line': b'-- Up-to-date: /home/booster/Workspace/Booster_T1_3v3_Demo/install/game_controller_interface/lib/libgame_controller_interface__rosidl_typesupport_cpp.so\n'}
[3.762322] (booster_msgs) StdoutLine: {'line': b'-- Up-to-date symlink: /home/booster/Workspace/Booster_T1_3v3_Demo/install/booster_msgs/share/ament_index/resource_index/packages/booster_msgs\n'}
[3.762586] (booster_msgs) StdoutLine: {'line': b'-- Up-to-date symlink: /home/booster/Workspace/Booster_T1_3v3_Demo/install/booster_msgs/share/booster_msgs/cmake/rosidl_cmake-extras.cmake\n'}
[3.765466] (booster_msgs) StdoutLine: {'line': b'-- Up-to-date symlink: /home/booster/Workspace/Booster_T1_3v3_Demo/install/booster_msgs/share/booster_msgs/cmake/ament_cmake_export_include_directories-extras.cmake\n'}
[3.765831] (booster_msgs) StdoutLine: {'line': b'-- Up-to-date symlink: /home/booster/Workspace/Booster_T1_3v3_Demo/install/booster_msgs/share/booster_msgs/cmake/ament_cmake_export_libraries-extras.cmake\n'}
[3.766892] (booster_msgs) StdoutLine: {'line': b'-- Up-to-date symlink: /home/booster/Workspace/Booster_T1_3v3_Demo/install/booster_msgs/share/booster_msgs/cmake/ament_cmake_export_targets-extras.cmake\n'}
[3.767447] (booster_interface) StdoutLine: {'line': b'-- Up-to-date symlink: /home/booster/Workspace/Booster_T1_3v3_Demo/install/booster_interface/share/ament_index/resource_index/packages/booster_interface\n'}
[3.767676] (booster_interface) StdoutLine: {'line': b'-- Up-to-date symlink: /home/booster/Workspace/Booster_T1_3v3_Demo/install/booster_interface/share/booster_interface/cmake/rosidl_cmake-extras.cmake\n'}
[3.767801] (booster_interface) StdoutLine: {'line': b'-- Up-to-date symlink: /home/booster/Workspace/Booster_T1_3v3_Demo/install/booster_interface/share/booster_interface/cmake/ament_cmake_export_dependencies-extras.cmake\n'}
[3.767911] (booster_interface) StdoutLine: {'line': b'-- Up-to-date symlink: /home/booster/Workspace/Booster_T1_3v3_Demo/install/booster_interface/share/booster_interface/cmake/ament_cmake_export_include_directories-extras.cmake\n'}
[3.769127] (booster_interface) StdoutLine: {'line': b'-- Up-to-date symlink: /home/booster/Workspace/Booster_T1_3v3_Demo/install/booster_interface/share/booster_interface/cmake/ament_cmake_export_libraries-extras.cmake\n'}
[3.770046] (booster_interface) StdoutLine: {'line': b'-- Up-to-date symlink: /home/booster/Workspace/Booster_T1_3v3_Demo/install/booster_interface/share/booster_interface/cmake/ament_cmake_export_targets-extras.cmake\n'}
[3.770284] (booster_interface) StdoutLine: {'line': b'-- Up-to-date symlink: /home/booster/Workspace/Booster_T1_3v3_Demo/install/booster_interface/share/booster_interface/cmake/rosidl_cmake_export_typesupport_targets-extras.cmake\n'}
[3.770498] (booster_interface) StdoutLine: {'line': b'-- Up-to-date symlink: /home/booster/Workspace/Booster_T1_3v3_Demo/install/booster_interface/share/booster_interface/cmake/rosidl_cmake_export_typesupport_libraries-extras.cmake\n'}
[3.770625] (booster_interface) StdoutLine: {'line': b'-- Up-to-date symlink: /home/booster/Workspace/Booster_T1_3v3_Demo/install/booster_interface/share/booster_interface/cmake/booster_interfaceConfig.cmake\n'}
[3.770782] (booster_interface) StdoutLine: {'line': b'-- Up-to-date symlink: /home/booster/Workspace/Booster_T1_3v3_Demo/install/booster_interface/share/booster_interface/cmake/booster_interfaceConfig-version.cmake\n'}
[3.771727] (booster_interface) StdoutLine: {'line': b'-- Up-to-date symlink: /home/booster/Workspace/Booster_T1_3v3_Demo/install/booster_interface/share/booster_interface/package.xml\n'}
[3.771870] (booster_interface) StdoutLine: {'line': b'-- Up-to-date: /home/booster/Workspace/Booster_T1_3v3_Demo/install/booster_interface/lib/libbooster_interface__rosidl_generator_c.so\n'}
[3.772524] (booster_interface) StdoutLine: {'line': b'-- Up-to-date: /home/booster/Workspace/Booster_T1_3v3_Demo/install/booster_interface/lib/libbooster_interface__rosidl_typesupport_fastrtps_c.so\n'}
[3.772698] (booster_interface) StdoutLine: {'line': b'-- Up-to-date: /home/booster/Workspace/Booster_T1_3v3_Demo/install/booster_interface/lib/libbooster_interface__rosidl_typesupport_fastrtps_cpp.so\n'}
[3.774048] (booster_interface) StdoutLine: {'line': b'-- Up-to-date: /home/booster/Workspace/Booster_T1_3v3_Demo/install/booster_interface/lib/libbooster_interface__rosidl_typesupport_introspection_c.so\n'}
[3.774243] (booster_interface) StdoutLine: {'line': b'-- Up-to-date: /home/booster/Workspace/Booster_T1_3v3_Demo/install/booster_interface/lib/libbooster_interface__rosidl_typesupport_c.so\n'}
[3.774454] (booster_interface) StdoutLine: {'line': b'-- Up-to-date: /home/booster/Workspace/Booster_T1_3v3_Demo/install/booster_interface/lib/libbooster_interface__rosidl_typesupport_introspection_cpp.so\n'}
[3.774609] (booster_interface) StdoutLine: {'line': b'-- Up-to-date: /home/booster/Workspace/Booster_T1_3v3_Demo/install/booster_interface/lib/libbooster_interface__rosidl_typesupport_cpp.so\n'}
[3.774732] (booster_msgs) StdoutLine: {'line': b'-- Up-to-date symlink: /home/booster/Workspace/Booster_T1_3v3_Demo/install/booster_msgs/share/booster_msgs/cmake/rosidl_cmake_export_typesupport_targets-extras.cmake\n'}
[3.775531] (booster_msgs) StdoutLine: {'line': b'-- Up-to-date symlink: /home/booster/Workspace/Booster_T1_3v3_Demo/install/booster_msgs/share/booster_msgs/cmake/ament_cmake_export_dependencies-extras.cmake\n'}
[3.775756] (booster_msgs) StdoutLine: {'line': b'-- Up-to-date symlink: /home/booster/Workspace/Booster_T1_3v3_Demo/install/booster_msgs/share/booster_msgs/cmake/rosidl_cmake_export_typesupport_libraries-extras.cmake\n'}
[3.775870] (booster_msgs) StdoutLine: {'line': b'-- Up-to-date symlink: /home/booster/Workspace/Booster_T1_3v3_Demo/install/booster_msgs/share/booster_msgs/cmake/booster_msgsConfig.cmake\n'}
[3.776740] (booster_msgs) StdoutLine: {'line': b'-- Up-to-date symlink: /home/booster/Workspace/Booster_T1_3v3_Demo/install/booster_msgs/share/booster_msgs/cmake/booster_msgsConfig-version.cmake\n'}
[3.778108] (booster_msgs) StdoutLine: {'line': b'-- Up-to-date symlink: /home/booster/Workspace/Booster_T1_3v3_Demo/install/booster_msgs/share/booster_msgs/package.xml\n'}
[3.778291] (booster_msgs) StdoutLine: {'line': b'-- Up-to-date: /home/booster/Workspace/Booster_T1_3v3_Demo/install/booster_msgs/lib/libbooster_msgs__rosidl_generator_c.so\n'}
[3.778537] (booster_msgs) StdoutLine: {'line': b'-- Up-to-date: /home/booster/Workspace/Booster_T1_3v3_Demo/install/booster_msgs/lib/libbooster_msgs__rosidl_typesupport_fastrtps_c.so\n'}
[3.778664] (booster_msgs) StdoutLine: {'line': b'-- Up-to-date: /home/booster/Workspace/Booster_T1_3v3_Demo/install/booster_msgs/lib/libbooster_msgs__rosidl_typesupport_introspection_c.so\n'}
[3.792129] (booster_msgs) StdoutLine: {'line': b'-- Up-to-date: /home/booster/Workspace/Booster_T1_3v3_Demo/install/booster_msgs/lib/libbooster_msgs__rosidl_typesupport_c.so\n'}
[3.792338] (booster_msgs) StdoutLine: {'line': b'-- Up-to-date: /home/booster/Workspace/Booster_T1_3v3_Demo/install/booster_msgs/lib/libbooster_msgs__rosidl_typesupport_fastrtps_cpp.so\n'}
[3.798413] (booster_msgs) StdoutLine: {'line': b'-- Up-to-date: /home/booster/Workspace/Booster_T1_3v3_Demo/install/booster_msgs/lib/libbooster_msgs__rosidl_typesupport_introspection_cpp.so\n'}
[3.800193] (booster_msgs) StdoutLine: {'line': b'-- Up-to-date: /home/booster/Workspace/Booster_T1_3v3_Demo/install/booster_msgs/lib/libbooster_msgs__rosidl_typesupport_cpp.so\n'}
[3.800393] (vision) StdoutLine: {'line': b'[ 27%] Built target yolov8_trt\n'}
[3.815699] (booster_interface) StdoutLine: {'line': b"Listing '/home/booster/Workspace/Booster_T1_3v3_Demo/install/booster_interface/local/lib/python3.10/dist-packages/booster_interface'...\n"}
[3.816141] (booster_interface) StdoutLine: {'line': b"Listing '/home/booster/Workspace/Booster_T1_3v3_Demo/install/booster_interface/local/lib/python3.10/dist-packages/booster_interface/msg'...\n"}
[3.816284] (booster_interface) StdoutLine: {'line': b"Listing '/home/booster/Workspace/Booster_T1_3v3_Demo/install/booster_interface/local/lib/python3.10/dist-packages/booster_interface/srv'...\n"}
[3.821332] (-) TimerEvent: {}
[3.848029] (booster_interface) StdoutLine: {'line': b'-- Up-to-date: /home/booster/Workspace/Booster_T1_3v3_Demo/install/booster_interface/lib/libbooster_interface__rosidl_generator_py.so\n'}
[3.848537] (booster_interface) StdoutLine: {'line': b'-- Up-to-date: /home/booster/Workspace/Booster_T1_3v3_Demo/install/booster_interface/share/booster_interface/cmake/export_booster_interface__rosidl_generator_cExport.cmake\n'}
[3.848973] (booster_interface) StdoutLine: {'line': b'-- Up-to-date: /home/booster/Workspace/Booster_T1_3v3_Demo/install/booster_interface/share/booster_interface/cmake/export_booster_interface__rosidl_generator_cExport-noconfig.cmake\n'}
[3.849401] (booster_interface) StdoutLine: {'line': b'-- Up-to-date: /home/booster/Workspace/Booster_T1_3v3_Demo/install/booster_interface/share/booster_interface/cmake/export_booster_interface__rosidl_typesupport_fastrtps_cExport.cmake\n'}
[3.849663] (booster_interface) StdoutLine: {'line': b'-- Up-to-date: /home/booster/Workspace/Booster_T1_3v3_Demo/install/booster_interface/share/booster_interface/cmake/export_booster_interface__rosidl_typesupport_fastrtps_cExport-noconfig.cmake\n'}
[3.850102] (booster_interface) StdoutLine: {'line': b'-- Up-to-date: /home/booster/Workspace/Booster_T1_3v3_Demo/install/booster_interface/share/booster_interface/cmake/export_booster_interface__rosidl_generator_cppExport.cmake\n'}
[3.850240] (booster_interface) StdoutLine: {'line': b'-- Up-to-date: /home/booster/Workspace/Booster_T1_3v3_Demo/install/booster_interface/share/booster_interface/cmake/export_booster_interface__rosidl_typesupport_fastrtps_cppExport.cmake\n'}
[3.850358] (booster_interface) StdoutLine: {'line': b'-- Up-to-date: /home/booster/Workspace/Booster_T1_3v3_Demo/install/booster_interface/share/booster_interface/cmake/export_booster_interface__rosidl_typesupport_fastrtps_cppExport-noconfig.cmake\n'}
[3.850487] (booster_interface) StdoutLine: {'line': b'-- Up-to-date: /home/booster/Workspace/Booster_T1_3v3_Demo/install/booster_interface/share/booster_interface/cmake/booster_interface__rosidl_typesupport_introspection_cExport.cmake\n'}
[3.850594] (booster_interface) StdoutLine: {'line': b'-- Up-to-date: /home/booster/Workspace/Booster_T1_3v3_Demo/install/booster_interface/share/booster_interface/cmake/booster_interface__rosidl_typesupport_introspection_cExport-noconfig.cmake\n'}
[3.852316] (booster_interface) StdoutLine: {'line': b'-- Up-to-date: /home/booster/Workspace/Booster_T1_3v3_Demo/install/booster_interface/share/booster_interface/cmake/booster_interface__rosidl_typesupport_cExport.cmake\n'}
[3.852935] (booster_interface) StdoutLine: {'line': b'-- Up-to-date: /home/booster/Workspace/Booster_T1_3v3_Demo/install/booster_interface/share/booster_interface/cmake/booster_interface__rosidl_typesupport_cExport-noconfig.cmake\n'}
[3.853788] (booster_interface) StdoutLine: {'line': b'-- Up-to-date: /home/booster/Workspace/Booster_T1_3v3_Demo/install/booster_interface/share/booster_interface/cmake/booster_interface__rosidl_typesupport_introspection_cppExport.cmake\n'}
[3.853924] (booster_interface) StdoutLine: {'line': b'-- Up-to-date: /home/booster/Workspace/Booster_T1_3v3_Demo/install/booster_interface/share/booster_interface/cmake/booster_interface__rosidl_typesupport_introspection_cppExport-noconfig.cmake\n'}
[3.855447] (booster_interface) StdoutLine: {'line': b'-- Up-to-date: /home/booster/Workspace/Booster_T1_3v3_Demo/install/booster_interface/share/booster_interface/cmake/booster_interface__rosidl_typesupport_cppExport.cmake\n'}
[3.856424] (booster_interface) StdoutLine: {'line': b'-- Up-to-date: /home/booster/Workspace/Booster_T1_3v3_Demo/install/booster_interface/share/booster_interface/cmake/booster_interface__rosidl_typesupport_cppExport-noconfig.cmake\n'}
[3.857117] (booster_interface) StdoutLine: {'line': b'-- Up-to-date: /home/booster/Workspace/Booster_T1_3v3_Demo/install/booster_interface/share/booster_interface/cmake/export_booster_interface__rosidl_generator_pyExport.cmake\n'}
[3.857448] (booster_interface) StdoutLine: {'line': b'-- Up-to-date: /home/booster/Workspace/Booster_T1_3v3_Demo/install/booster_interface/share/booster_interface/cmake/export_booster_interface__rosidl_generator_pyExport-noconfig.cmake\n'}
[3.858355] (booster_msgs) StdoutLine: {'line': b"Listing '/home/booster/Workspace/Booster_T1_3v3_Demo/install/booster_msgs/local/lib/python3.10/dist-packages/booster_msgs'...\n"}
[3.858587] (booster_msgs) StdoutLine: {'line': b"Listing '/home/booster/Workspace/Booster_T1_3v3_Demo/install/booster_msgs/local/lib/python3.10/dist-packages/booster_msgs/msg'...\n"}
[3.865057] (booster_interface) CommandEnded: {'returncode': 0}
[3.874185] (game_controller_interface) StdoutLine: {'line': b"Listing '/home/booster/Workspace/Booster_T1_3v3_Demo/install/game_controller_interface/local/lib/python3.10/dist-packages/game_controller_interface'...\n"}
[3.875177] (game_controller_interface) StdoutLine: {'line': b"Listing '/home/booster/Workspace/Booster_T1_3v3_Demo/install/game_controller_interface/local/lib/python3.10/dist-packages/game_controller_interface/msg'...\n"}
[3.880902] (booster_msgs) StdoutLine: {'line': b'-- Up-to-date: /home/booster/Workspace/Booster_T1_3v3_Demo/install/booster_msgs/lib/libbooster_msgs__rosidl_generator_py.so\n'}
[3.881348] (booster_msgs) StdoutLine: {'line': b'-- Up-to-date: /home/booster/Workspace/Booster_T1_3v3_Demo/install/booster_msgs/share/booster_msgs/cmake/export_booster_msgs__rosidl_generator_cExport.cmake\n'}
[3.881556] (booster_msgs) StdoutLine: {'line': b'-- Up-to-date: /home/booster/Workspace/Booster_T1_3v3_Demo/install/booster_msgs/share/booster_msgs/cmake/export_booster_msgs__rosidl_generator_cExport-noconfig.cmake\n'}
[3.882453] (booster_msgs) StdoutLine: {'line': b'-- Up-to-date: /home/booster/Workspace/Booster_T1_3v3_Demo/install/booster_msgs/share/booster_msgs/cmake/export_booster_msgs__rosidl_typesupport_fastrtps_cExport.cmake\n'}
[3.882606] (booster_msgs) StdoutLine: {'line': b'-- Up-to-date: /home/booster/Workspace/Booster_T1_3v3_Demo/install/booster_msgs/share/booster_msgs/cmake/export_booster_msgs__rosidl_typesupport_fastrtps_cExport-noconfig.cmake\n'}
[3.882984] (booster_msgs) StdoutLine: {'line': b'-- Up-to-date: /home/booster/Workspace/Booster_T1_3v3_Demo/install/booster_msgs/share/booster_msgs/cmake/booster_msgs__rosidl_typesupport_introspection_cExport.cmake\n'}
[3.883166] (booster_msgs) StdoutLine: {'line': b'-- Up-to-date: /home/booster/Workspace/Booster_T1_3v3_Demo/install/booster_msgs/share/booster_msgs/cmake/booster_msgs__rosidl_typesupport_introspection_cExport-noconfig.cmake\n'}
[3.884372] (booster_msgs) StdoutLine: {'line': b'-- Up-to-date: /home/booster/Workspace/Booster_T1_3v3_Demo/install/booster_msgs/share/booster_msgs/cmake/booster_msgs__rosidl_typesupport_cExport.cmake\n'}
[3.884613] (booster_msgs) StdoutLine: {'line': b'-- Up-to-date: /home/booster/Workspace/Booster_T1_3v3_Demo/install/booster_msgs/share/booster_msgs/cmake/booster_msgs__rosidl_typesupport_cExport-noconfig.cmake\n'}
[3.884761] (booster_msgs) StdoutLine: {'line': b'-- Up-to-date: /home/booster/Workspace/Booster_T1_3v3_Demo/install/booster_msgs/share/booster_msgs/cmake/export_booster_msgs__rosidl_generator_cppExport.cmake\n'}
[3.884944] (booster_msgs) StdoutLine: {'line': b'-- Up-to-date: /home/booster/Workspace/Booster_T1_3v3_Demo/install/booster_msgs/share/booster_msgs/cmake/export_booster_msgs__rosidl_typesupport_fastrtps_cppExport.cmake\n'}
[3.885538] (booster_msgs) StdoutLine: {'line': b'-- Up-to-date: /home/booster/Workspace/Booster_T1_3v3_Demo/install/booster_msgs/share/booster_msgs/cmake/export_booster_msgs__rosidl_typesupport_fastrtps_cppExport-noconfig.cmake\n'}
[3.886231] (booster_msgs) StdoutLine: {'line': b'-- Up-to-date: /home/booster/Workspace/Booster_T1_3v3_Demo/install/booster_msgs/share/booster_msgs/cmake/booster_msgs__rosidl_typesupport_introspection_cppExport.cmake\n'}
[3.886351] (booster_msgs) StdoutLine: {'line': b'-- Up-to-date: /home/booster/Workspace/Booster_T1_3v3_Demo/install/booster_msgs/share/booster_msgs/cmake/booster_msgs__rosidl_typesupport_introspection_cppExport-noconfig.cmake\n'}
[3.886647] (booster_msgs) StdoutLine: {'line': b'-- Up-to-date: /home/booster/Workspace/Booster_T1_3v3_Demo/install/booster_msgs/share/booster_msgs/cmake/booster_msgs__rosidl_typesupport_cppExport.cmake\n'}
[3.889400] (booster_msgs) StdoutLine: {'line': b'-- Up-to-date: /home/booster/Workspace/Booster_T1_3v3_Demo/install/booster_msgs/share/booster_msgs/cmake/booster_msgs__rosidl_typesupport_cppExport-noconfig.cmake\n'}
[3.890692] (booster_msgs) StdoutLine: {'line': b'-- Up-to-date: /home/booster/Workspace/Booster_T1_3v3_Demo/install/booster_msgs/share/booster_msgs/cmake/export_booster_msgs__rosidl_generator_pyExport.cmake\n'}
[3.891067] (booster_msgs) StdoutLine: {'line': b'-- Up-to-date: /home/booster/Workspace/Booster_T1_3v3_Demo/install/booster_msgs/share/booster_msgs/cmake/export_booster_msgs__rosidl_generator_pyExport-noconfig.cmake\n'}
[3.891207] (game_controller_interface) StdoutLine: {'line': b'-- Up-to-date: /home/booster/Workspace/Booster_T1_3v3_Demo/install/game_controller_interface/lib/libgame_controller_interface__rosidl_generator_py.so\n'}
[3.891469] (game_controller_interface) StdoutLine: {'line': b'-- Up-to-date: /home/booster/Workspace/Booster_T1_3v3_Demo/install/game_controller_interface/share/game_controller_interface/cmake/export_game_controller_interface__rosidl_generator_cExport.cmake\n'}
[3.894207] (game_controller_interface) StdoutLine: {'line': b'-- Up-to-date: /home/booster/Workspace/Booster_T1_3v3_Demo/install/game_controller_interface/share/game_controller_interface/cmake/export_game_controller_interface__rosidl_generator_cExport-noconfig.cmake\n'}
[3.894658] (game_controller_interface) StdoutLine: {'line': b'-- Up-to-date: /home/booster/Workspace/Booster_T1_3v3_Demo/install/game_controller_interface/share/game_controller_interface/cmake/export_game_controller_interface__rosidl_typesupport_fastrtps_cExport.cmake\n'}
[3.895087] (game_controller_interface) StdoutLine: {'line': b'-- Up-to-date: /home/booster/Workspace/Booster_T1_3v3_Demo/install/game_controller_interface/share/game_controller_interface/cmake/export_game_controller_interface__rosidl_typesupport_fastrtps_cExport-noconfig.cmake\n'}
[3.895443] (game_controller_interface) StdoutLine: {'line': b'-- Up-to-date: /home/booster/Workspace/Booster_T1_3v3_Demo/install/game_controller_interface/share/game_controller_interface/cmake/export_game_controller_interface__rosidl_generator_cppExport.cmake\n'}
[3.896956] (game_controller_interface) StdoutLine: {'line': b'-- Up-to-date: /home/booster/Workspace/Booster_T1_3v3_Demo/install/game_controller_interface/share/game_controller_interface/cmake/export_game_controller_interface__rosidl_typesupport_fastrtps_cppExport.cmake\n'}
[3.897121] (game_controller_interface) StdoutLine: {'line': b'-- Up-to-date: /home/booster/Workspace/Booster_T1_3v3_Demo/install/game_controller_interface/share/game_controller_interface/cmake/export_game_controller_interface__rosidl_typesupport_fastrtps_cppExport-noconfig.cmake\n'}
[3.897239] (game_controller_interface) StdoutLine: {'line': b'-- Up-to-date: /home/booster/Workspace/Booster_T1_3v3_Demo/install/game_controller_interface/share/game_controller_interface/cmake/game_controller_interface__rosidl_typesupport_introspection_cExport.cmake\n'}
[3.898209] (game_controller_interface) StdoutLine: {'line': b'-- Up-to-date: /home/booster/Workspace/Booster_T1_3v3_Demo/install/game_controller_interface/share/game_controller_interface/cmake/game_controller_interface__rosidl_typesupport_introspection_cExport-noconfig.cmake\n'}
[3.898328] (game_controller_interface) StdoutLine: {'line': b'-- Up-to-date: /home/booster/Workspace/Booster_T1_3v3_Demo/install/game_controller_interface/share/game_controller_interface/cmake/game_controller_interface__rosidl_typesupport_cExport.cmake\n'}
[3.898438] (game_controller_interface) StdoutLine: {'line': b'-- Up-to-date: /home/booster/Workspace/Booster_T1_3v3_Demo/install/game_controller_interface/share/game_controller_interface/cmake/game_controller_interface__rosidl_typesupport_cExport-noconfig.cmake\n'}
[3.898700] (game_controller_interface) StdoutLine: {'line': b'-- Up-to-date: /home/booster/Workspace/Booster_T1_3v3_Demo/install/game_controller_interface/share/game_controller_interface/cmake/game_controller_interface__rosidl_typesupport_introspection_cppExport.cmake\n'}
[3.902296] (game_controller_interface) StdoutLine: {'line': b'-- Up-to-date: /home/booster/Workspace/Booster_T1_3v3_Demo/install/game_controller_interface/share/game_controller_interface/cmake/game_controller_interface__rosidl_typesupport_introspection_cppExport-noconfig.cmake\n'}
[3.902644] (game_controller_interface) StdoutLine: {'line': b'-- Up-to-date: /home/booster/Workspace/Booster_T1_3v3_Demo/install/game_controller_interface/share/game_controller_interface/cmake/game_controller_interface__rosidl_typesupport_cppExport.cmake\n'}
[3.904997] (game_controller_interface) StdoutLine: {'line': b'-- Up-to-date: /home/booster/Workspace/Booster_T1_3v3_Demo/install/game_controller_interface/share/game_controller_interface/cmake/game_controller_interface__rosidl_typesupport_cppExport-noconfig.cmake\n'}
[3.905337] (game_controller_interface) StdoutLine: {'line': b'-- Up-to-date: /home/booster/Workspace/Booster_T1_3v3_Demo/install/game_controller_interface/share/game_controller_interface/cmake/export_game_controller_interface__rosidl_generator_pyExport.cmake\n'}
[3.905544] (game_controller_interface) StdoutLine: {'line': b'-- Up-to-date: /home/booster/Workspace/Booster_T1_3v3_Demo/install/game_controller_interface/share/game_controller_interface/cmake/export_game_controller_interface__rosidl_generator_pyExport-noconfig.cmake\n'}
[3.910337] (vision) StdoutLine: {'line': b'[ 42%] Built target booster_vision_base\n'}
[3.922736] (-) TimerEvent: {}
[3.981462] (booster_interface) JobEnded: {'identifier': 'booster_interface', 'rc': 0}
[3.985297] (booster_msgs) CommandEnded: {'returncode': 0}
[4.024754] (-) TimerEvent: {}
[4.044689] (vision) StdoutLine: {'line': b'[ 48%] Built target yolov8_seg\n'}
[4.073739] (sound_play) StdoutLine: {'line': b'running egg_info\n'}
[4.074154] (sound_play) StdoutLine: {'line': b'writing sound_play.egg-info/PKG-INFO\n'}
[4.074293] (sound_play) StdoutLine: {'line': b'writing dependency_links to sound_play.egg-info/dependency_links.txt\n'}
[4.074411] (sound_play) StdoutLine: {'line': b'writing entry points to sound_play.egg-info/entry_points.txt\n'}
[4.074519] (sound_play) StdoutLine: {'line': b'writing requirements to sound_play.egg-info/requires.txt\n'}
[4.074624] (sound_play) StdoutLine: {'line': b'writing top-level names to sound_play.egg-info/top_level.txt\n'}
[4.077631] (sound_play) StdoutLine: {'line': b"reading manifest file 'sound_play.egg-info/SOURCES.txt'\n"}
[4.079016] (sound_play) StdoutLine: {'line': b"writing manifest file 'sound_play.egg-info/SOURCES.txt'\n"}
[4.082574] (sound_play) StdoutLine: {'line': b'running build_ext\n'}
[4.083075] (sound_play) StdoutLine: {'line': b'Creating /home/booster/Workspace/Booster_T1_3v3_Demo/install/sound_play/lib/python3.10/site-packages/sound-play.egg-link (link to .)\n'}
[4.084700] (sound_play) StdoutLine: {'line': b'Installing sound_play_node script to /home/booster/Workspace/Booster_T1_3v3_Demo/install/sound_play/lib/sound_play\n'}
[4.085202] (sound_play) StdoutLine: {'line': b'\n'}
[4.085411] (sound_play) StdoutLine: {'line': b'Installed /home/booster/Workspace/Booster_T1_3v3_Demo/build/sound_play\n'}
[4.085795] (sound_play) StdoutLine: {'line': b'running symlink_data\n'}
[4.110318] (booster_msgs) JobEnded: {'identifier': 'booster_msgs', 'rc': 0}
[4.110982] (game_controller_interface) CommandEnded: {'returncode': 0}
[4.130624] (-) TimerEvent: {}
[4.179181] (vision) StdoutLine: {'line': b'[ 57%] Built target booster_vision_calibration\n'}
[4.231626] (-) TimerEvent: {}
[4.266217] (game_controller_interface) JobEnded: {'identifier': 'game_controller_interface', 'rc': 0}
[4.268062] (brain) JobStarted: {'identifier': 'brain'}
[4.269469] (vision) StdoutLine: {'line': b'[ 63%] Built target yolov8_det\n'}
[4.302879] (game_controller) JobStarted: {'identifier': 'game_controller'}
[4.312838] (sound_play) CommandEnded: {'returncode': 0}
[4.313444] (vision) StdoutLine: {'line': b'[ 72%] Built target yolov8_model\n'}
[4.331757] (-) TimerEvent: {}
[4.352355] (sound_play) JobEnded: {'identifier': 'sound_play', 'rc': 0}
[4.355868] (game_controller) JobProgress: {'identifier': 'game_controller', 'progress': 'cmake'}
[4.357143] (game_controller) JobProgress: {'identifier': 'game_controller', 'progress': 'build'}
[4.358074] (game_controller) Command: {'cmd': ['/usr/bin/cmake', '--build', '/home/booster/Workspace/Booster_T1_3v3_Demo/build/game_controller', '--', '-j5', '-l5'], 'cwd': '/home/booster/Workspace/Booster_T1_3v3_Demo/build/game_controller', 'env': OrderedDict([('SUDO_GID', '0'), ('LESSOPEN', '| /usr/bin/lesspipe %s'), ('PYTHONWARNINGS', 'ignore::DeprecationWarning,ignore::UserWarning,ignore::FutureWarning'), ('MAIL', '/var/mail/root'), ('USER', 'root'), ('SHLVL', '2'), ('LD_LIBRARY_PATH', '/home/booster/Workspace/Booster_T1_3v3_Demo/install/game_controller_interface/lib:/opt/ros/humble/opt/rviz_ogre_vendor/lib:/opt/ros/humble/lib/aarch64-linux-gnu:/opt/ros/humble/lib'), ('HOME', '/root'), ('OLDPWD', '/home/booster/Workspace/Booster_T1_3v3_Demo/scripts'), ('ROS_PYTHON_VERSION', '3'), ('COLORTERM', 'truecolor'), ('SUDO_UID', '0'), ('ROS_DISTRO', 'humble'), ('LOGNAME', 'root'), ('_', '/usr/bin/colcon'), ('ROS_VERSION', '2'), ('TERM', 'xterm-256color'), ('ROS_LOCALHOST_ONLY', '0'), ('PATH', '/opt/ros/humble/bin:/usr/local/sbin:/usr/local/bin:/usr/sbin:/usr/bin:/sbin:/bin:/usr/games:/usr/local/games:/snap/bin'), ('FASTRTPS_DEFAULT_PROFILES_FILE', '/opt/booster/BoosterRos2/fastdds_profile.xml'), ('LANG', 'en_US.UTF-8'), ('LS_COLORS', 'rs=0:di=01;34:ln=01;36:mh=00:pi=40;33:so=01;35:do=01;35:bd=40;33;01:cd=40;33;01:or=40;31;01:mi=00:su=37;41:sg=30;43:ca=30;41:tw=30;42:ow=34;42:st=37;44:ex=01;32:*.tar=01;31:*.tgz=01;31:*.arc=01;31:*.arj=01;31:*.taz=01;31:*.lha=01;31:*.lz4=01;31:*.lzh=01;31:*.lzma=01;31:*.tlz=01;31:*.txz=01;31:*.tzo=01;31:*.t7z=01;31:*.zip=01;31:*.z=01;31:*.dz=01;31:*.gz=01;31:*.lrz=01;31:*.lz=01;31:*.lzo=01;31:*.xz=01;31:*.zst=01;31:*.tzst=01;31:*.bz2=01;31:*.bz=01;31:*.tbz=01;31:*.tbz2=01;31:*.tz=01;31:*.deb=01;31:*.rpm=01;31:*.jar=01;31:*.war=01;31:*.ear=01;31:*.sar=01;31:*.rar=01;31:*.alz=01;31:*.ace=01;31:*.zoo=01;31:*.cpio=01;31:*.7z=01;31:*.rz=01;31:*.cab=01;31:*.wim=01;31:*.swm=01;31:*.dwm=01;31:*.esd=01;31:*.jpg=01;35:*.jpeg=01;35:*.mjpg=01;35:*.mjpeg=01;35:*.gif=01;35:*.bmp=01;35:*.pbm=01;35:*.pgm=01;35:*.ppm=01;35:*.tga=01;35:*.xbm=01;35:*.xpm=01;35:*.tif=01;35:*.tiff=01;35:*.png=01;35:*.svg=01;35:*.svgz=01;35:*.mng=01;35:*.pcx=01;35:*.mov=01;35:*.mpg=01;35:*.mpeg=01;35:*.m2v=01;35:*.mkv=01;35:*.webm=01;35:*.webp=01;35:*.ogm=01;35:*.mp4=01;35:*.m4v=01;35:*.mp4v=01;35:*.vob=01;35:*.qt=01;35:*.nuv=01;35:*.wmv=01;35:*.asf=01;35:*.rm=01;35:*.rmvb=01;35:*.flc=01;35:*.avi=01;35:*.fli=01;35:*.flv=01;35:*.gl=01;35:*.dl=01;35:*.xcf=01;35:*.xwd=01;35:*.yuv=01;35:*.cgm=01;35:*.emf=01;35:*.ogv=01;35:*.ogx=01;35:*.aac=00;36:*.au=00;36:*.flac=00;36:*.m4a=00;36:*.mid=00;36:*.midi=00;36:*.mka=00;36:*.mp3=00;36:*.mpc=00;36:*.ogg=00;36:*.ra=00;36:*.wav=00;36:*.oga=00;36:*.opus=00;36:*.spx=00;36:*.xspf=00;36:'), ('SUDO_COMMAND', '/usr/bin/su'), ('AMENT_PREFIX_PATH', '/home/booster/Workspace/Booster_T1_3v3_Demo/install/game_controller_interface:/opt/ros/humble'), ('SHELL', '/bin/bash'), ('SUDO_USER', 'root'), ('LESSCLOSE', '/usr/bin/lesspipe %s %s'), ('PWD', '/home/booster/Workspace/Booster_T1_3v3_Demo/build/game_controller'), ('PYTHONPATH', '/home/booster/Workspace/Booster_T1_3v3_Demo/install/game_controller_interface/local/lib/python3.10/dist-packages:/opt/ros/humble/lib/python3.10/site-packages:/opt/ros/humble/local/lib/python3.10/dist-packages'), ('COLCON', '1'), ('CMAKE_PREFIX_PATH', '/home/booster/Workspace/Booster_T1_3v3_Demo/install/game_controller_interface:/opt/ros/humble')]), 'shell': False}
[4.359860] (vision) StdoutLine: {'line': b'[ 78%] Built target booster_vision_pose_estimator\n'}
[4.374593] (brain) JobProgress: {'identifier': 'brain', 'progress': 'cmake'}
[4.377706] (brain) JobProgress: {'identifier': 'brain', 'progress': 'build'}
[4.377836] (brain) Command: {'cmd': ['/usr/bin/cmake', '--build', '/home/booster/Workspace/Booster_T1_3v3_Demo/build/brain', '--', '-j5', '-l5'], 'cwd': '/home/booster/Workspace/Booster_T1_3v3_Demo/build/brain', 'env': OrderedDict([('SUDO_GID', '0'), ('LESSOPEN', '| /usr/bin/lesspipe %s'), ('PYTHONWARNINGS', 'ignore::DeprecationWarning,ignore::UserWarning,ignore::FutureWarning'), ('MAIL', '/var/mail/root'), ('USER', 'root'), ('SHLVL', '2'), ('LD_LIBRARY_PATH', '/home/booster/Workspace/Booster_T1_3v3_Demo/install/vision_interface/lib:/home/booster/Workspace/Booster_T1_3v3_Demo/install/game_controller_interface/lib:/home/booster/Workspace/Booster_T1_3v3_Demo/install/booster_msgs/lib:/home/booster/Workspace/Booster_T1_3v3_Demo/install/booster_interface/lib:/opt/ros/humble/opt/rviz_ogre_vendor/lib:/opt/ros/humble/lib/aarch64-linux-gnu:/opt/ros/humble/lib'), ('HOME', '/root'), ('OLDPWD', '/home/booster/Workspace/Booster_T1_3v3_Demo/scripts'), ('ROS_PYTHON_VERSION', '3'), ('COLORTERM', 'truecolor'), ('SUDO_UID', '0'), ('ROS_DISTRO', 'humble'), ('LOGNAME', 'root'), ('_', '/usr/bin/colcon'), ('ROS_VERSION', '2'), ('TERM', 'xterm-256color'), ('ROS_LOCALHOST_ONLY', '0'), ('PATH', '/opt/ros/humble/bin:/usr/local/sbin:/usr/local/bin:/usr/sbin:/usr/bin:/sbin:/bin:/usr/games:/usr/local/games:/snap/bin'), ('FASTRTPS_DEFAULT_PROFILES_FILE', '/opt/booster/BoosterRos2/fastdds_profile.xml'), ('LANG', 'en_US.UTF-8'), ('LS_COLORS', 'rs=0:di=01;34:ln=01;36:mh=00:pi=40;33:so=01;35:do=01;35:bd=40;33;01:cd=40;33;01:or=40;31;01:mi=00:su=37;41:sg=30;43:ca=30;41:tw=30;42:ow=34;42:st=37;44:ex=01;32:*.tar=01;31:*.tgz=01;31:*.arc=01;31:*.arj=01;31:*.taz=01;31:*.lha=01;31:*.lz4=01;31:*.lzh=01;31:*.lzma=01;31:*.tlz=01;31:*.txz=01;31:*.tzo=01;31:*.t7z=01;31:*.zip=01;31:*.z=01;31:*.dz=01;31:*.gz=01;31:*.lrz=01;31:*.lz=01;31:*.lzo=01;31:*.xz=01;31:*.zst=01;31:*.tzst=01;31:*.bz2=01;31:*.bz=01;31:*.tbz=01;31:*.tbz2=01;31:*.tz=01;31:*.deb=01;31:*.rpm=01;31:*.jar=01;31:*.war=01;31:*.ear=01;31:*.sar=01;31:*.rar=01;31:*.alz=01;31:*.ace=01;31:*.zoo=01;31:*.cpio=01;31:*.7z=01;31:*.rz=01;31:*.cab=01;31:*.wim=01;31:*.swm=01;31:*.dwm=01;31:*.esd=01;31:*.jpg=01;35:*.jpeg=01;35:*.mjpg=01;35:*.mjpeg=01;35:*.gif=01;35:*.bmp=01;35:*.pbm=01;35:*.pgm=01;35:*.ppm=01;35:*.tga=01;35:*.xbm=01;35:*.xpm=01;35:*.tif=01;35:*.tiff=01;35:*.png=01;35:*.svg=01;35:*.svgz=01;35:*.mng=01;35:*.pcx=01;35:*.mov=01;35:*.mpg=01;35:*.mpeg=01;35:*.m2v=01;35:*.mkv=01;35:*.webm=01;35:*.webp=01;35:*.ogm=01;35:*.mp4=01;35:*.m4v=01;35:*.mp4v=01;35:*.vob=01;35:*.qt=01;35:*.nuv=01;35:*.wmv=01;35:*.asf=01;35:*.rm=01;35:*.rmvb=01;35:*.flc=01;35:*.avi=01;35:*.fli=01;35:*.flv=01;35:*.gl=01;35:*.dl=01;35:*.xcf=01;35:*.xwd=01;35:*.yuv=01;35:*.cgm=01;35:*.emf=01;35:*.ogv=01;35:*.ogx=01;35:*.aac=00;36:*.au=00;36:*.flac=00;36:*.m4a=00;36:*.mid=00;36:*.midi=00;36:*.mka=00;36:*.mp3=00;36:*.mpc=00;36:*.ogg=00;36:*.ra=00;36:*.wav=00;36:*.oga=00;36:*.opus=00;36:*.spx=00;36:*.xspf=00;36:'), ('SUDO_COMMAND', '/usr/bin/su'), ('AMENT_PREFIX_PATH', '/home/booster/Workspace/Booster_T1_3v3_Demo/install/vision_interface:/home/booster/Workspace/Booster_T1_3v3_Demo/install/game_controller_interface:/home/booster/Workspace/Booster_T1_3v3_Demo/install/booster_msgs:/home/booster/Workspace/Booster_T1_3v3_Demo/install/booster_interface:/opt/ros/humble'), ('SHELL', '/bin/bash'), ('SUDO_USER', 'root'), ('LESSCLOSE', '/usr/bin/lesspipe %s %s'), ('PWD', '/home/booster/Workspace/Booster_T1_3v3_Demo/build/brain'), ('PYTHONPATH', '/home/booster/Workspace/Booster_T1_3v3_Demo/install/vision_interface/local/lib/python3.10/dist-packages:/home/booster/Workspace/Booster_T1_3v3_Demo/install/game_controller_interface/local/lib/python3.10/dist-packages:/home/booster/Workspace/Booster_T1_3v3_Demo/install/booster_msgs/local/lib/python3.10/dist-packages:/home/booster/Workspace/Booster_T1_3v3_Demo/install/booster_interface/local/lib/python3.10/dist-packages:/opt/ros/humble/lib/python3.10/site-packages:/opt/ros/humble/local/lib/python3.10/dist-packages'), ('COLCON', '1'), ('CMAKE_PREFIX_PATH', '/home/booster/Workspace/Booster_T1_3v3_Demo/install/vision_interface:/home/booster/Workspace/Booster_T1_3v3_Demo/install/game_controller_interface:/home/booster/Workspace/Booster_T1_3v3_Demo/install/booster_msgs:/home/booster/Workspace/Booster_T1_3v3_Demo/install/booster_interface:/opt/ros/humble')]), 'shell': False}
[4.431918] (-) TimerEvent: {}
[4.495062] (vision) StdoutLine: {'line': b'[ 90%] Built target vision_node\n'}
[4.532079] (-) TimerEvent: {}
[4.544361] (game_controller) StdoutLine: {'line': b'[100%] Built target game_controller_node\n'}
[4.587354] (game_controller) CommandEnded: {'returncode': 0}
[4.588711] (game_controller) JobProgress: {'identifier': 'game_controller', 'progress': 'install'}
[4.590034] (game_controller) Command: {'cmd': ['/usr/bin/cmake', '--install', '/home/booster/Workspace/Booster_T1_3v3_Demo/build/game_controller'], 'cwd': '/home/booster/Workspace/Booster_T1_3v3_Demo/build/game_controller', 'env': OrderedDict([('SUDO_GID', '0'), ('LESSOPEN', '| /usr/bin/lesspipe %s'), ('PYTHONWARNINGS', 'ignore::DeprecationWarning,ignore::UserWarning,ignore::FutureWarning'), ('MAIL', '/var/mail/root'), ('USER', 'root'), ('SHLVL', '2'), ('LD_LIBRARY_PATH', '/home/booster/Workspace/Booster_T1_3v3_Demo/install/game_controller_interface/lib:/opt/ros/humble/opt/rviz_ogre_vendor/lib:/opt/ros/humble/lib/aarch64-linux-gnu:/opt/ros/humble/lib'), ('HOME', '/root'), ('OLDPWD', '/home/booster/Workspace/Booster_T1_3v3_Demo/scripts'), ('ROS_PYTHON_VERSION', '3'), ('COLORTERM', 'truecolor'), ('SUDO_UID', '0'), ('ROS_DISTRO', 'humble'), ('LOGNAME', 'root'), ('_', '/usr/bin/colcon'), ('ROS_VERSION', '2'), ('TERM', 'xterm-256color'), ('ROS_LOCALHOST_ONLY', '0'), ('PATH', '/opt/ros/humble/bin:/usr/local/sbin:/usr/local/bin:/usr/sbin:/usr/bin:/sbin:/bin:/usr/games:/usr/local/games:/snap/bin'), ('FASTRTPS_DEFAULT_PROFILES_FILE', '/opt/booster/BoosterRos2/fastdds_profile.xml'), ('LANG', 'en_US.UTF-8'), ('LS_COLORS', 'rs=0:di=01;34:ln=01;36:mh=00:pi=40;33:so=01;35:do=01;35:bd=40;33;01:cd=40;33;01:or=40;31;01:mi=00:su=37;41:sg=30;43:ca=30;41:tw=30;42:ow=34;42:st=37;44:ex=01;32:*.tar=01;31:*.tgz=01;31:*.arc=01;31:*.arj=01;31:*.taz=01;31:*.lha=01;31:*.lz4=01;31:*.lzh=01;31:*.lzma=01;31:*.tlz=01;31:*.txz=01;31:*.tzo=01;31:*.t7z=01;31:*.zip=01;31:*.z=01;31:*.dz=01;31:*.gz=01;31:*.lrz=01;31:*.lz=01;31:*.lzo=01;31:*.xz=01;31:*.zst=01;31:*.tzst=01;31:*.bz2=01;31:*.bz=01;31:*.tbz=01;31:*.tbz2=01;31:*.tz=01;31:*.deb=01;31:*.rpm=01;31:*.jar=01;31:*.war=01;31:*.ear=01;31:*.sar=01;31:*.rar=01;31:*.alz=01;31:*.ace=01;31:*.zoo=01;31:*.cpio=01;31:*.7z=01;31:*.rz=01;31:*.cab=01;31:*.wim=01;31:*.swm=01;31:*.dwm=01;31:*.esd=01;31:*.jpg=01;35:*.jpeg=01;35:*.mjpg=01;35:*.mjpeg=01;35:*.gif=01;35:*.bmp=01;35:*.pbm=01;35:*.pgm=01;35:*.ppm=01;35:*.tga=01;35:*.xbm=01;35:*.xpm=01;35:*.tif=01;35:*.tiff=01;35:*.png=01;35:*.svg=01;35:*.svgz=01;35:*.mng=01;35:*.pcx=01;35:*.mov=01;35:*.mpg=01;35:*.mpeg=01;35:*.m2v=01;35:*.mkv=01;35:*.webm=01;35:*.webp=01;35:*.ogm=01;35:*.mp4=01;35:*.m4v=01;35:*.mp4v=01;35:*.vob=01;35:*.qt=01;35:*.nuv=01;35:*.wmv=01;35:*.asf=01;35:*.rm=01;35:*.rmvb=01;35:*.flc=01;35:*.avi=01;35:*.fli=01;35:*.flv=01;35:*.gl=01;35:*.dl=01;35:*.xcf=01;35:*.xwd=01;35:*.yuv=01;35:*.cgm=01;35:*.emf=01;35:*.ogv=01;35:*.ogx=01;35:*.aac=00;36:*.au=00;36:*.flac=00;36:*.m4a=00;36:*.mid=00;36:*.midi=00;36:*.mka=00;36:*.mp3=00;36:*.mpc=00;36:*.ogg=00;36:*.ra=00;36:*.wav=00;36:*.oga=00;36:*.opus=00;36:*.spx=00;36:*.xspf=00;36:'), ('SUDO_COMMAND', '/usr/bin/su'), ('AMENT_PREFIX_PATH', '/home/booster/Workspace/Booster_T1_3v3_Demo/install/game_controller_interface:/opt/ros/humble'), ('SHELL', '/bin/bash'), ('SUDO_USER', 'root'), ('LESSCLOSE', '/usr/bin/lesspipe %s %s'), ('PWD', '/home/booster/Workspace/Booster_T1_3v3_Demo/build/game_controller'), ('PYTHONPATH', '/home/booster/Workspace/Booster_T1_3v3_Demo/install/game_controller_interface/local/lib/python3.10/dist-packages:/opt/ros/humble/lib/python3.10/site-packages:/opt/ros/humble/local/lib/python3.10/dist-packages'), ('COLCON', '1'), ('CMAKE_PREFIX_PATH', '/home/booster/Workspace/Booster_T1_3v3_Demo/install/game_controller_interface:/opt/ros/humble')]), 'shell': False}
[4.598978] (vision) StdoutLine: {'line': b'[100%] Built target calibration_node\n'}
[4.611452] (game_controller) StdoutLine: {'line': b'-- Install configuration: ""\n'}
[4.613353] (game_controller) StdoutLine: {'line': b'-- Execute custom install script\n'}
[4.613748] (game_controller) StdoutLine: {'line': b'-- Up-to-date symlink: /home/booster/Workspace/Booster_T1_3v3_Demo/install/game_controller/share/game_controller/launch/launch.py\n'}
[4.614046] (game_controller) StdoutLine: {'line': b'-- Up-to-date symlink: /home/booster/Workspace/Booster_T1_3v3_Demo/install/game_controller/lib/game_controller/game_controller_node\n'}
[4.614217] (game_controller) StdoutLine: {'line': b'-- Up-to-date symlink: /home/booster/Workspace/Booster_T1_3v3_Demo/install/game_controller/share/ament_index/resource_index/package_run_dependencies/game_controller\n'}
[4.618966] (game_controller) StdoutLine: {'line': b'-- Up-to-date symlink: /home/booster/Workspace/Booster_T1_3v3_Demo/install/game_controller/share/ament_index/resource_index/parent_prefix_path/game_controller\n'}
[4.619460] (game_controller) StdoutLine: {'line': b'-- Up-to-date symlink: /home/booster/Workspace/Booster_T1_3v3_Demo/install/game_controller/share/game_controller/environment/ament_prefix_path.sh\n'}
[4.619634] (game_controller) StdoutLine: {'line': b'-- Up-to-date symlink: /home/booster/Workspace/Booster_T1_3v3_Demo/install/game_controller/share/game_controller/environment/ament_prefix_path.dsv\n'}
[4.619756] (game_controller) StdoutLine: {'line': b'-- Up-to-date symlink: /home/booster/Workspace/Booster_T1_3v3_Demo/install/game_controller/share/game_controller/environment/path.sh\n'}
[4.619863] (game_controller) StdoutLine: {'line': b'-- Up-to-date symlink: /home/booster/Workspace/Booster_T1_3v3_Demo/install/game_controller/share/game_controller/environment/path.dsv\n'}
[4.619964] (game_controller) StdoutLine: {'line': b'-- Up-to-date symlink: /home/booster/Workspace/Booster_T1_3v3_Demo/install/game_controller/share/game_controller/local_setup.bash\n'}
[4.620066] (game_controller) StdoutLine: {'line': b'-- Up-to-date symlink: /home/booster/Workspace/Booster_T1_3v3_Demo/install/game_controller/share/game_controller/local_setup.sh\n'}
[4.620236] (game_controller) StdoutLine: {'line': b'-- Up-to-date symlink: /home/booster/Workspace/Booster_T1_3v3_Demo/install/game_controller/share/game_controller/local_setup.zsh\n'}
[4.626436] (game_controller) StdoutLine: {'line': b'-- Up-to-date symlink: /home/booster/Workspace/Booster_T1_3v3_Demo/install/game_controller/share/game_controller/local_setup.dsv\n'}
[4.627988] (game_controller) StdoutLine: {'line': b'-- Symlinking: /home/booster/Workspace/Booster_T1_3v3_Demo/install/game_controller/share/game_controller/package.dsv\n'}
[4.634396] (-) TimerEvent: {}
[4.642611] (vision) CommandEnded: {'returncode': 0}
[4.655088] (vision) JobProgress: {'identifier': 'vision', 'progress': 'install'}
[4.655248] (vision) Command: {'cmd': ['/usr/bin/cmake', '--install', '/home/booster/Workspace/Booster_T1_3v3_Demo/build/vision'], 'cwd': '/home/booster/Workspace/Booster_T1_3v3_Demo/build/vision', 'env': OrderedDict([('SUDO_GID', '0'), ('LESSOPEN', '| /usr/bin/lesspipe %s'), ('PYTHONWARNINGS', 'ignore::DeprecationWarning,ignore::UserWarning,ignore::FutureWarning'), ('MAIL', '/var/mail/root'), ('USER', 'root'), ('SHLVL', '2'), ('LD_LIBRARY_PATH', '/home/booster/Workspace/Booster_T1_3v3_Demo/install/vision_interface/lib:/opt/ros/humble/opt/rviz_ogre_vendor/lib:/opt/ros/humble/lib/aarch64-linux-gnu:/opt/ros/humble/lib'), ('HOME', '/root'), ('OLDPWD', '/home/booster/Workspace/Booster_T1_3v3_Demo/scripts'), ('ROS_PYTHON_VERSION', '3'), ('COLORTERM', 'truecolor'), ('SUDO_UID', '0'), ('ROS_DISTRO', 'humble'), ('LOGNAME', 'root'), ('_', '/usr/bin/colcon'), ('ROS_VERSION', '2'), ('TERM', 'xterm-256color'), ('ROS_LOCALHOST_ONLY', '0'), ('PATH', '/opt/ros/humble/bin:/usr/local/sbin:/usr/local/bin:/usr/sbin:/usr/bin:/sbin:/bin:/usr/games:/usr/local/games:/snap/bin'), ('FASTRTPS_DEFAULT_PROFILES_FILE', '/opt/booster/BoosterRos2/fastdds_profile.xml'), ('LANG', 'en_US.UTF-8'), ('LS_COLORS', 'rs=0:di=01;34:ln=01;36:mh=00:pi=40;33:so=01;35:do=01;35:bd=40;33;01:cd=40;33;01:or=40;31;01:mi=00:su=37;41:sg=30;43:ca=30;41:tw=30;42:ow=34;42:st=37;44:ex=01;32:*.tar=01;31:*.tgz=01;31:*.arc=01;31:*.arj=01;31:*.taz=01;31:*.lha=01;31:*.lz4=01;31:*.lzh=01;31:*.lzma=01;31:*.tlz=01;31:*.txz=01;31:*.tzo=01;31:*.t7z=01;31:*.zip=01;31:*.z=01;31:*.dz=01;31:*.gz=01;31:*.lrz=01;31:*.lz=01;31:*.lzo=01;31:*.xz=01;31:*.zst=01;31:*.tzst=01;31:*.bz2=01;31:*.bz=01;31:*.tbz=01;31:*.tbz2=01;31:*.tz=01;31:*.deb=01;31:*.rpm=01;31:*.jar=01;31:*.war=01;31:*.ear=01;31:*.sar=01;31:*.rar=01;31:*.alz=01;31:*.ace=01;31:*.zoo=01;31:*.cpio=01;31:*.7z=01;31:*.rz=01;31:*.cab=01;31:*.wim=01;31:*.swm=01;31:*.dwm=01;31:*.esd=01;31:*.jpg=01;35:*.jpeg=01;35:*.mjpg=01;35:*.mjpeg=01;35:*.gif=01;35:*.bmp=01;35:*.pbm=01;35:*.pgm=01;35:*.ppm=01;35:*.tga=01;35:*.xbm=01;35:*.xpm=01;35:*.tif=01;35:*.tiff=01;35:*.png=01;35:*.svg=01;35:*.svgz=01;35:*.mng=01;35:*.pcx=01;35:*.mov=01;35:*.mpg=01;35:*.mpeg=01;35:*.m2v=01;35:*.mkv=01;35:*.webm=01;35:*.webp=01;35:*.ogm=01;35:*.mp4=01;35:*.m4v=01;35:*.mp4v=01;35:*.vob=01;35:*.qt=01;35:*.nuv=01;35:*.wmv=01;35:*.asf=01;35:*.rm=01;35:*.rmvb=01;35:*.flc=01;35:*.avi=01;35:*.fli=01;35:*.flv=01;35:*.gl=01;35:*.dl=01;35:*.xcf=01;35:*.xwd=01;35:*.yuv=01;35:*.cgm=01;35:*.emf=01;35:*.ogv=01;35:*.ogx=01;35:*.aac=00;36:*.au=00;36:*.flac=00;36:*.m4a=00;36:*.mid=00;36:*.midi=00;36:*.mka=00;36:*.mp3=00;36:*.mpc=00;36:*.ogg=00;36:*.ra=00;36:*.wav=00;36:*.oga=00;36:*.opus=00;36:*.spx=00;36:*.xspf=00;36:'), ('SUDO_COMMAND', '/usr/bin/su'), ('AMENT_PREFIX_PATH', '/home/booster/Workspace/Booster_T1_3v3_Demo/install/vision_interface:/opt/ros/humble'), ('SHELL', '/bin/bash'), ('SUDO_USER', 'root'), ('LESSCLOSE', '/usr/bin/lesspipe %s %s'), ('PWD', '/home/booster/Workspace/Booster_T1_3v3_Demo/build/vision'), ('PYTHONPATH', '/home/booster/Workspace/Booster_T1_3v3_Demo/install/vision_interface/local/lib/python3.10/dist-packages:/opt/ros/humble/lib/python3.10/site-packages:/opt/ros/humble/local/lib/python3.10/dist-packages'), ('COLCON', '1'), ('CMAKE_PREFIX_PATH', '/home/booster/Workspace/Booster_T1_3v3_Demo/install/vision_interface:/opt/ros/humble')]), 'shell': False}
[4.659593] (game_controller) StdoutLine: {'line': b'-- Up-to-date symlink: /home/booster/Workspace/Booster_T1_3v3_Demo/install/game_controller/share/ament_index/resource_index/packages/game_controller\n'}
[4.660051] (game_controller) StdoutLine: {'line': b'-- Up-to-date symlink: /home/booster/Workspace/Booster_T1_3v3_Demo/install/game_controller/share/game_controller/cmake/game_controllerConfig.cmake\n'}
[4.660194] (game_controller) StdoutLine: {'line': b'-- Up-to-date symlink: /home/booster/Workspace/Booster_T1_3v3_Demo/install/game_controller/share/game_controller/cmake/game_controllerConfig-version.cmake\n'}
[4.660313] (game_controller) StdoutLine: {'line': b'-- Up-to-date symlink: /home/booster/Workspace/Booster_T1_3v3_Demo/install/game_controller/share/game_controller/package.xml\n'}
[4.665595] (game_controller) CommandEnded: {'returncode': 0}
[4.672887] (vision) StdoutLine: {'line': b'-- Install configuration: ""\n'}
[4.674742] (vision) StdoutLine: {'line': b'-- Execute custom install script\n'}
[4.696397] (vision) StdoutLine: {'line': b'-- Up-to-date symlink: /home/booster/Workspace/Booster_T1_3v3_Demo/install/vision/lib/libbooster_vision_base.so\n'}
[4.697693] (vision) StdoutLine: {'line': b'-- Up-to-date symlink: /home/booster/Workspace/Booster_T1_3v3_Demo/install/vision/lib/libyolov8_trt.so\n'}
[4.697929] (brain) StdoutLine: {'line': b'[  2%] Built target brain__cpp\n'}
[4.698797] (vision) StdoutLine: {'line': b'-- Up-to-date symlink: /home/booster/Workspace/Booster_T1_3v3_Demo/install/vision/lib/vision/yolov8_det\n'}
[4.698948] (vision) StdoutLine: {'line': b'-- Up-to-date symlink: /home/booster/Workspace/Booster_T1_3v3_Demo/install/vision/lib/vision/yolov8_seg\n'}
[4.699061] (vision) StdoutLine: {'line': b'-- Up-to-date symlink: /home/booster/Workspace/Booster_T1_3v3_Demo/install/vision/lib/libyolov8_model.so\n'}
[4.699168] (vision) StdoutLine: {'line': b'-- Up-to-date symlink: /home/booster/Workspace/Booster_T1_3v3_Demo/install/vision/lib/libbooster_vision_pose_estimator.so\n'}
[4.699271] (vision) StdoutLine: {'line': b'-- Up-to-date symlink: /home/booster/Workspace/Booster_T1_3v3_Demo/install/vision/lib/vision/calibration_node\n'}
[4.701296] (vision) StdoutLine: {'line': b'-- Up-to-date symlink: /home/booster/Workspace/Booster_T1_3v3_Demo/install/vision/lib/libbooster_vision_calibration.so\n'}
[4.705023] (vision) StdoutLine: {'line': b'-- Up-to-date symlink: /home/booster/Workspace/Booster_T1_3v3_Demo/install/vision/lib/vision/vision_node\n'}
[4.706714] (vision) StdoutLine: {'line': b'-- Up-to-date symlink: /home/booster/Workspace/Booster_T1_3v3_Demo/install/vision/share/vision/launch/launch.py\n'}
[4.706895] (vision) StdoutLine: {'line': b'-- Up-to-date symlink: /home/booster/Workspace/Booster_T1_3v3_Demo/install/vision/share/vision/config/field.yaml\n'}
[4.707006] (vision) StdoutLine: {'line': b'-- Up-to-date symlink: /home/booster/Workspace/Booster_T1_3v3_Demo/install/vision/share/vision/config/vision.yaml\n'}
[4.708159] (vision) StdoutLine: {'line': b'-- Up-to-date symlink: /home/booster/Workspace/Booster_T1_3v3_Demo/install/vision/share/vision/model/best_orin.engine\n'}
[4.711158] (vision) StdoutLine: {'line': b'-- Up-to-date symlink: /home/booster/Workspace/Booster_T1_3v3_Demo/install/vision/share/vision/model/best_orin_10.3.engine\n'}
[4.712538] (vision) StdoutLine: {'line': b'-- Up-to-date symlink: /home/booster/Workspace/Booster_T1_3v3_Demo/install/vision/share/vision/model/best_seg_orin.engine\n'}
[4.713812] (vision) StdoutLine: {'line': b'-- Up-to-date symlink: /home/booster/Workspace/Booster_T1_3v3_Demo/install/vision/share/vision/model/best_seg_orin_10.3.engine\n'}
[4.713952] (vision) StdoutLine: {'line': b'-- Up-to-date symlink: /home/booster/Workspace/Booster_T1_3v3_Demo/install/vision/share/ament_index/resource_index/package_run_dependencies/vision\n'}
[4.714106] (vision) StdoutLine: {'line': b'-- Up-to-date symlink: /home/booster/Workspace/Booster_T1_3v3_Demo/install/vision/share/ament_index/resource_index/parent_prefix_path/vision\n'}
[4.714260] (vision) StdoutLine: {'line': b'-- Up-to-date symlink: /home/booster/Workspace/Booster_T1_3v3_Demo/install/vision/share/vision/environment/ament_prefix_path.sh\n'}
[4.714491] (vision) StdoutLine: {'line': b'-- Up-to-date symlink: /home/booster/Workspace/Booster_T1_3v3_Demo/install/vision/share/vision/environment/ament_prefix_path.dsv\n'}
[4.716111] (vision) StdoutLine: {'line': b'-- Up-to-date symlink: /home/booster/Workspace/Booster_T1_3v3_Demo/install/vision/share/vision/environment/path.sh\n'}
[4.724671] (vision) StdoutLine: {'line': b'-- Up-to-date symlink: /home/booster/Workspace/Booster_T1_3v3_Demo/install/vision/share/vision/environment/path.dsv\n'}
[4.728888] (vision) StdoutLine: {'line': b'-- Up-to-date symlink: /home/booster/Workspace/Booster_T1_3v3_Demo/install/vision/share/vision/local_setup.bash\n'}
[4.729257] (vision) StdoutLine: {'line': b'-- Up-to-date symlink: /home/booster/Workspace/Booster_T1_3v3_Demo/install/vision/share/vision/local_setup.sh\n'}
[4.729408] (vision) StdoutLine: {'line': b'-- Up-to-date symlink: /home/booster/Workspace/Booster_T1_3v3_Demo/install/vision/share/vision/local_setup.zsh\n'}
[4.729514] (vision) StdoutLine: {'line': b'-- Up-to-date symlink: /home/booster/Workspace/Booster_T1_3v3_Demo/install/vision/share/vision/local_setup.dsv\n'}
[4.729652] (vision) StdoutLine: {'line': b'-- Symlinking: /home/booster/Workspace/Booster_T1_3v3_Demo/install/vision/share/vision/package.dsv\n'}
[4.730893] (vision) StdoutLine: {'line': b'-- Up-to-date symlink: /home/booster/Workspace/Booster_T1_3v3_Demo/install/vision/share/ament_index/resource_index/packages/vision\n'}
[4.731493] (vision) StdoutLine: {'line': b'-- Up-to-date symlink: /home/booster/Workspace/Booster_T1_3v3_Demo/install/vision/share/vision/cmake/ament_cmake_export_include_directories-extras.cmake\n'}
[4.731776] (vision) StdoutLine: {'line': b'-- Up-to-date symlink: /home/booster/Workspace/Booster_T1_3v3_Demo/install/vision/share/vision/cmake/visionConfig.cmake\n'}
[4.731940] (vision) StdoutLine: {'line': b'-- Up-to-date symlink: /home/booster/Workspace/Booster_T1_3v3_Demo/install/vision/share/vision/cmake/visionConfig-version.cmake\n'}
[4.732749] (vision) StdoutLine: {'line': b'-- Up-to-date symlink: /home/booster/Workspace/Booster_T1_3v3_Demo/install/vision/share/vision/package.xml\n'}
[4.734741] (-) TimerEvent: {}
[4.735527] (vision) StdoutLine: {'line': b'-- Up-to-date: /home/booster/Workspace/Booster_T1_3v3_Demo/install/vision/lib\n'}
[4.735821] (vision) StdoutLine: {'line': b'-- Up-to-date: /home/booster/Workspace/Booster_T1_3v3_Demo/install/vision/lib/libceres.so\n'}
[4.735956] (vision) StdoutLine: {'line': b'-- Up-to-date: /home/booster/Workspace/Booster_T1_3v3_Demo/install/vision/lib/cmake\n'}
[4.736177] (vision) StdoutLine: {'line': b'-- Up-to-date: /home/booster/Workspace/Booster_T1_3v3_Demo/install/vision/lib/cmake/Ceres\n'}
[4.736563] (vision) StdoutLine: {'line': b'-- Up-to-date: /home/booster/Workspace/Booster_T1_3v3_Demo/install/vision/lib/libceres.so.4\n'}
[4.736703] (vision) StdoutLine: {'line': b'-- Up-to-date: /home/booster/Workspace/Booster_T1_3v3_Demo/install/vision/lib/libceres.so.2.2.0\n'}
[4.741211] (brain) StdoutLine: {'line': b'[  2%] Built target ament_cmake_python_symlink_brain\n'}
[4.751532] (game_controller) JobEnded: {'identifier': 'game_controller', 'rc': 0}
[4.754982] (vision) CommandEnded: {'returncode': 0}
[4.802067] (brain) StdoutLine: {'line': b'[  9%] Built target brain__rosidl_typesupport_introspection_cpp\n'}
[4.812043] (vision) JobEnded: {'identifier': 'vision', 'rc': 0}
[4.834907] (-) TimerEvent: {}
[4.935865] (-) TimerEvent: {}
[5.036418] (-) TimerEvent: {}
[5.136955] (-) TimerEvent: {}
[5.237627] (-) TimerEvent: {}
[5.315792] (brain) StdoutLine: {'line': b'running egg_info\n'}
[5.319519] (brain) StdoutLine: {'line': b'writing brain.egg-info/PKG-INFO\n'}
[5.319877] (brain) StdoutLine: {'line': b'writing dependency_links to brain.egg-info/dependency_links.txt\n'}
[5.321074] (brain) StdoutLine: {'line': b'writing top-level names to brain.egg-info/top_level.txt\n'}
[5.322785] (brain) StdoutLine: {'line': b"reading manifest file 'brain.egg-info/SOURCES.txt'\n"}
[5.324117] (brain) StdoutLine: {'line': b"writing manifest file 'brain.egg-info/SOURCES.txt'\n"}
[5.337753] (-) TimerEvent: {}
[5.426056] (brain) StdoutLine: {'line': b'[  9%] Built target ament_cmake_python_build_brain_egg\n'}
[5.437956] (-) TimerEvent: {}
[5.470178] (brain) StdoutLine: {'line': b'[ 17%] Built target brain__rosidl_typesupport_fastrtps_cpp\n'}
[5.517691] (brain) StdoutLine: {'line': b'[ 24%] Built target brain__rosidl_typesupport_cpp\n'}
[5.538100] (-) TimerEvent: {}
[5.553511] (brain) StdoutLine: {'line': b'[ 31%] Built target brain__rosidl_generator_c\n'}
[5.593709] (brain) StdoutLine: {'line': b'\x1b[35m\x1b[1mConsolidate compiler generated dependencies of target brain_node\x1b[0m\n'}
[5.638279] (-) TimerEvent: {}
[5.733032] (brain) StdoutLine: {'line': b'[ 34%] \x1b[32mBuilding CXX object CMakeFiles/brain_node.dir/src/brain_tree.cpp.o\x1b[0m\n'}
[5.738460] (-) TimerEvent: {}
[5.838994] (-) TimerEvent: {}
[5.939550] (-) TimerEvent: {}
[6.040375] (-) TimerEvent: {}
[6.140963] (-) TimerEvent: {}
[6.241455] (-) TimerEvent: {}
[6.341947] (-) TimerEvent: {}
[6.442480] (-) TimerEvent: {}
[6.542954] (-) TimerEvent: {}
[6.644024] (-) TimerEvent: {}
[6.744786] (-) TimerEvent: {}
[6.845291] (-) TimerEvent: {}
[6.945868] (-) TimerEvent: {}
[7.046400] (-) TimerEvent: {}
[7.147017] (-) TimerEvent: {}
[7.247672] (-) TimerEvent: {}
[7.348583] (-) TimerEvent: {}
[7.449121] (-) TimerEvent: {}
[7.549643] (-) TimerEvent: {}
[7.650363] (-) TimerEvent: {}
[7.750848] (-) TimerEvent: {}
[7.852097] (-) TimerEvent: {}
[7.953078] (-) TimerEvent: {}
[8.054248] (-) TimerEvent: {}
[8.154852] (-) TimerEvent: {}
[8.255554] (-) TimerEvent: {}
[8.356697] (-) TimerEvent: {}
[8.457281] (-) TimerEvent: {}
[8.557907] (-) TimerEvent: {}
[8.659177] (-) TimerEvent: {}
[8.760129] (-) TimerEvent: {}
[8.860871] (-) TimerEvent: {}
[8.961535] (-) TimerEvent: {}
[9.062223] (-) TimerEvent: {}
[9.162914] (-) TimerEvent: {}
[9.263520] (-) TimerEvent: {}
[9.364547] (-) TimerEvent: {}
[9.465083] (-) TimerEvent: {}
[9.565732] (-) TimerEvent: {}
[9.666696] (-) TimerEvent: {}
[9.767436] (-) TimerEvent: {}
[9.869097] (-) TimerEvent: {}
[9.970461] (-) TimerEvent: {}
[10.071017] (-) TimerEvent: {}
[10.172928] (-) TimerEvent: {}
[10.274696] (-) TimerEvent: {}
[10.376117] (-) TimerEvent: {}
[10.476698] (-) TimerEvent: {}
[10.577364] (-) TimerEvent: {}
[10.677968] (-) TimerEvent: {}
[10.778589] (-) TimerEvent: {}
[10.879078] (-) TimerEvent: {}
[10.979969] (-) TimerEvent: {}
[11.080735] (-) TimerEvent: {}
[11.181199] (-) TimerEvent: {}
[11.281749] (-) TimerEvent: {}
[11.382269] (-) TimerEvent: {}
[11.482811] (-) TimerEvent: {}
[11.583407] (-) TimerEvent: {}
[11.684182] (-) TimerEvent: {}
[11.784987] (-) TimerEvent: {}
[11.885652] (-) TimerEvent: {}
[11.986157] (-) TimerEvent: {}
[12.086889] (-) TimerEvent: {}
[12.188095] (-) TimerEvent: {}
[12.288717] (-) TimerEvent: {}
[12.389432] (-) TimerEvent: {}
[12.490044] (-) TimerEvent: {}
[12.590635] (-) TimerEvent: {}
[12.691254] (-) TimerEvent: {}
[12.793099] (-) TimerEvent: {}
[12.893723] (-) TimerEvent: {}
[12.994290] (-) TimerEvent: {}
[13.094848] (-) TimerEvent: {}
[13.195815] (-) TimerEvent: {}
[13.296429] (-) TimerEvent: {}
[13.396971] (-) TimerEvent: {}
[13.497548] (-) TimerEvent: {}
[13.598147] (-) TimerEvent: {}
[13.699701] (-) TimerEvent: {}
[13.800272] (-) TimerEvent: {}
[13.903418] (-) TimerEvent: {}
[14.003886] (-) TimerEvent: {}
[14.104312] (-) TimerEvent: {}
[14.204846] (-) TimerEvent: {}
[14.305890] (-) TimerEvent: {}
[14.406386] (-) TimerEvent: {}
[14.507398] (-) TimerEvent: {}
[14.608371] (-) TimerEvent: {}
[14.709492] (-) TimerEvent: {}
[14.810119] (-) TimerEvent: {}
[14.911426] (-) TimerEvent: {}
[15.012130] (-) TimerEvent: {}
[15.113058] (-) TimerEvent: {}
[15.213982] (-) TimerEvent: {}
[15.314456] (-) TimerEvent: {}
[15.414895] (-) TimerEvent: {}
[15.515367] (-) TimerEvent: {}
[15.615865] (-) TimerEvent: {}
[15.716381] (-) TimerEvent: {}
[15.816858] (-) TimerEvent: {}
[15.917562] (-) TimerEvent: {}
[16.018108] (-) TimerEvent: {}
[16.119005] (-) TimerEvent: {}
[16.219621] (-) TimerEvent: {}
[16.320132] (-) TimerEvent: {}
[16.420928] (-) TimerEvent: {}
[16.522468] (-) TimerEvent: {}
[16.623019] (-) TimerEvent: {}
[16.723647] (-) TimerEvent: {}
[16.824167] (-) TimerEvent: {}
[16.926803] (-) TimerEvent: {}
[17.028142] (-) TimerEvent: {}
[17.128764] (-) TimerEvent: {}
[17.229364] (-) TimerEvent: {}
[17.329907] (-) TimerEvent: {}
[17.431425] (-) TimerEvent: {}
[17.532032] (-) TimerEvent: {}
[17.633351] (-) TimerEvent: {}
[17.734272] (-) TimerEvent: {}
[17.834831] (-) TimerEvent: {}
[17.935363] (-) TimerEvent: {}
[18.036692] (-) TimerEvent: {}
[18.137368] (-) TimerEvent: {}
[18.237893] (-) TimerEvent: {}
[18.338487] (-) TimerEvent: {}
[18.439092] (-) TimerEvent: {}
[18.539796] (-) TimerEvent: {}
[18.640248] (-) TimerEvent: {}
[18.741090] (-) TimerEvent: {}
[18.841831] (-) TimerEvent: {}
[18.942358] (-) TimerEvent: {}
[19.043623] (-) TimerEvent: {}
[19.145098] (-) TimerEvent: {}
[19.245594] (-) TimerEvent: {}
[19.346282] (-) TimerEvent: {}
[19.447001] (-) TimerEvent: {}
[19.548470] (-) TimerEvent: {}
[19.649005] (-) TimerEvent: {}
[19.749487] (-) TimerEvent: {}
[19.850024] (-) TimerEvent: {}
[19.950722] (-) TimerEvent: {}
[20.051380] (-) TimerEvent: {}
[20.152128] (-) TimerEvent: {}
[20.252723] (-) TimerEvent: {}
[20.353291] (-) TimerEvent: {}
[20.454780] (-) TimerEvent: {}
[20.555391] (-) TimerEvent: {}
[20.655900] (-) TimerEvent: {}
[20.757258] (-) TimerEvent: {}
[20.857869] (-) TimerEvent: {}
[20.958615] (-) TimerEvent: {}
[21.059144] (-) TimerEvent: {}
[21.160144] (-) TimerEvent: {}
[21.261020] (-) TimerEvent: {}
[21.361700] (-) TimerEvent: {}
[21.462290] (-) TimerEvent: {}
[21.562978] (-) TimerEvent: {}
[21.663561] (-) TimerEvent: {}
[21.764947] (-) TimerEvent: {}
[21.865604] (-) TimerEvent: {}
[21.966156] (-) TimerEvent: {}
[22.066695] (-) TimerEvent: {}
[22.095263] (brain) StderrLine: {'line': b'\x1b[01m\x1b[K/home/booster/Workspace/Booster_T1_3v3_Demo/src/brain/src/brain_tree.cpp:\x1b[m\x1b[K In member function \xe2\x80\x98\x1b[01m\x1b[Kvirtual BT::NodeStatus GoToReadyPosition::tick()\x1b[m\x1b[K\xe2\x80\x99:\n'}
[22.095814] (brain) StderrLine: {'line': b'\x1b[01m\x1b[K/home/booster/Workspace/Booster_T1_3v3_Demo/src/brain/src/brain_tree.cpp:2291:12:\x1b[m\x1b[K \x1b[01;35m\x1b[Kwarning: \x1b[m\x1b[Kvariable \xe2\x80\x98\x1b[01m\x1b[Ktx\x1b[m\x1b[K\xe2\x80\x99 set but not used [\x1b[01;35m\x1b[K\x1b]8;;https://gcc.gnu.org/onlinedocs/gcc/Warning-Options.html#index-Wunused-but-set-variable\x07-Wunused-but-set-variable\x1b]8;;\x07\x1b[m\x1b[K]\n'}
[22.096104] (brain) StderrLine: {'line': b' 2291 |     double \x1b[01;35m\x1b[Ktx\x1b[m\x1b[K = 0.0, ty = 0.0, ttheta = 0.0;\n'}
[22.096237] (brain) StderrLine: {'line': b'      |            \x1b[01;35m\x1b[K^~\x1b[m\x1b[K\n'}
[22.096347] (brain) StderrLine: {'line': b'\x1b[01m\x1b[K/home/booster/Workspace/Booster_T1_3v3_Demo/src/brain/src/brain_tree.cpp:2291:22:\x1b[m\x1b[K \x1b[01;35m\x1b[Kwarning: \x1b[m\x1b[Kvariable \xe2\x80\x98\x1b[01m\x1b[Kty\x1b[m\x1b[K\xe2\x80\x99 set but not used [\x1b[01;35m\x1b[K\x1b]8;;https://gcc.gnu.org/onlinedocs/gcc/Warning-Options.html#index-Wunused-but-set-variable\x07-Wunused-but-set-variable\x1b]8;;\x07\x1b[m\x1b[K]\n'}
[22.096461] (brain) StderrLine: {'line': b' 2291 |     double tx = 0.0, \x1b[01;35m\x1b[Kty\x1b[m\x1b[K = 0.0, ttheta = 0.0;\n'}
[22.096561] (brain) StderrLine: {'line': b'      |                      \x1b[01;35m\x1b[K^~\x1b[m\x1b[K\n'}
[22.113158] (brain) StderrLine: {'line': b'\x1b[01m\x1b[K/home/booster/Workspace/Booster_T1_3v3_Demo/src/brain/src/brain_tree.cpp:\x1b[m\x1b[K In member function \xe2\x80\x98\x1b[01m\x1b[Kvirtual BT::NodeStatus Y_Keeper::tick()\x1b[m\x1b[K\xe2\x80\x99:\n'}
[22.113477] (brain) StderrLine: {'line': b'\x1b[01m\x1b[K/home/booster/Workspace/Booster_T1_3v3_Demo/src/brain/src/brain_tree.cpp:2696:23:\x1b[m\x1b[K \x1b[01;35m\x1b[Kwarning: \x1b[m\x1b[Ksuggest parentheses around assignment used as truth value [\x1b[01;35m\x1b[K\x1b]8;;https://gcc.gnu.org/onlinedocs/gcc/Warning-Options.html#index-Wparentheses\x07-Wparentheses\x1b]8;;\x07\x1b[m\x1b[K]\n'}
[22.116861] (brain) StderrLine: {'line': b' 2696 |              if (\x1b[01;35m\x1b[KtmID = brain->config->playerId\x1b[m\x1b[K)\n'}
[22.117089] (brain) StderrLine: {'line': b'      |                  \x1b[01;35m\x1b[K~~~~~^~~~~~~~~~~~~~~~~~~~~~~~~\x1b[m\x1b[K\n'}
[22.166890] (-) TimerEvent: {}
[22.267456] (-) TimerEvent: {}
[22.368015] (-) TimerEvent: {}
[22.469674] (-) TimerEvent: {}
[22.571311] (-) TimerEvent: {}
[22.671846] (-) TimerEvent: {}
[22.772726] (-) TimerEvent: {}
[22.873274] (-) TimerEvent: {}
[22.973746] (-) TimerEvent: {}
[23.074237] (-) TimerEvent: {}
[23.174755] (-) TimerEvent: {}
[23.275369] (-) TimerEvent: {}
[23.369803] (brain) StderrLine: {'line': b'In file included from \x1b[01m\x1b[K/usr/include/c++/11/bits/stl_algobase.h:64\x1b[m\x1b[K,\n'}
[23.370196] (brain) StderrLine: {'line': b'                 from \x1b[01m\x1b[K/usr/include/c++/11/bits/specfun.h:45\x1b[m\x1b[K,\n'}
[23.370331] (brain) StderrLine: {'line': b'                 from \x1b[01m\x1b[K/usr/include/c++/11/cmath:1935\x1b[m\x1b[K,\n'}
[23.370476] (brain) StderrLine: {'line': b'                 from \x1b[01m\x1b[K/home/booster/Workspace/Booster_T1_3v3_Demo/src/brain/src/brain_tree.cpp:1\x1b[m\x1b[K:\n'}
[23.370586] (brain) StderrLine: {'line': b'/usr/include/c++/11/bits/stl_pair.h: In instantiation of \xe2\x80\x98\x1b[01m\x1b[Kconstexpr std::pair<typename std::__strip_reference_wrapper<typename std::decay<_Tp>::type>::__type, typename std::__strip_reference_wrapper<typename std::decay<_Tp2>::type>::__type> std::make_pair(_T1&&, _T2&&) [with _T1 = double; _T2 = const double&; typename std::__strip_reference_wrapper<typename std::decay<_Tp2>::type>::__type = double; typename std::decay<_Tp2>::type = double; typename std::__strip_reference_wrapper<typename std::decay<_Tp>::type>::__type = double; typename std::decay<_Tp>::type = double]\x1b[m\x1b[K\xe2\x80\x99:\n'}
[23.370698] (brain) StderrLine: {'line': b'\x1b[01m\x1b[K/home/booster/Workspace/Booster_T1_3v3_Demo/src/brain/src/brain_tree.cpp:2970:26:\x1b[m\x1b[K   required from here\n'}
[23.370800] (brain) StderrLine: {'line': b'\x1b[01m\x1b[K/usr/include/c++/11/bits/stl_pair.h:567:5:\x1b[m\x1b[K \x1b[01;36m\x1b[Knote: \x1b[m\x1b[Kparameter passing for argument of type \xe2\x80\x98\x1b[01m\x1b[Kstd::pair<double, double>\x1b[m\x1b[K\xe2\x80\x99 when C++17 is enabled changed to match C++14 \x1b]8;;https://gcc.gnu.org/gcc-10/changes.html#empty_base\x07in GCC 10.1\x1b]8;;\x07\n'}
[23.370905] (brain) StderrLine: {'line': b'  567 |     \x1b[01;36m\x1b[Kmake_pair\x1b[m\x1b[K(_T1&& __x, _T2&& __y)\n'}
[23.371008] (brain) StderrLine: {'line': b'      |     \x1b[01;36m\x1b[K^~~~~~~~~\x1b[m\x1b[K\n'}
[23.376264] (-) TimerEvent: {}
[23.476833] (-) TimerEvent: {}
[23.577332] (-) TimerEvent: {}
[23.679015] (-) TimerEvent: {}
[23.780258] (-) TimerEvent: {}
[23.880806] (-) TimerEvent: {}
[23.981302] (-) TimerEvent: {}
[24.082772] (-) TimerEvent: {}
[24.183234] (-) TimerEvent: {}
[24.283813] (-) TimerEvent: {}
[24.384333] (-) TimerEvent: {}
[24.485090] (-) TimerEvent: {}
[24.585581] (-) TimerEvent: {}
[24.686140] (-) TimerEvent: {}
[24.786734] (-) TimerEvent: {}
[24.887734] (-) TimerEvent: {}
[24.989027] (-) TimerEvent: {}
[25.090128] (-) TimerEvent: {}
[25.191049] (-) TimerEvent: {}
[25.291548] (-) TimerEvent: {}
[25.392127] (-) TimerEvent: {}
[25.492795] (-) TimerEvent: {}
[25.593338] (-) TimerEvent: {}
[25.694468] (-) TimerEvent: {}
[25.795906] (-) TimerEvent: {}
[25.896605] (-) TimerEvent: {}
[25.997665] (-) TimerEvent: {}
[26.098480] (-) TimerEvent: {}
[26.199864] (-) TimerEvent: {}
[26.300635] (-) TimerEvent: {}
[26.401167] (-) TimerEvent: {}
[26.501705] (-) TimerEvent: {}
[26.602685] (-) TimerEvent: {}
[26.703861] (-) TimerEvent: {}
[26.804497] (-) TimerEvent: {}
[26.905019] (-) TimerEvent: {}
[27.005798] (-) TimerEvent: {}
[27.106397] (-) TimerEvent: {}
[27.206894] (-) TimerEvent: {}
[27.307432] (-) TimerEvent: {}
[27.408011] (-) TimerEvent: {}
[27.508515] (-) TimerEvent: {}
[27.609065] (-) TimerEvent: {}
[27.709576] (-) TimerEvent: {}
[27.810073] (-) TimerEvent: {}
[27.910602] (-) TimerEvent: {}
[28.011827] (-) TimerEvent: {}
[28.112302] (-) TimerEvent: {}
[28.213931] (-) TimerEvent: {}
[28.314957] (-) TimerEvent: {}
[28.415448] (-) TimerEvent: {}
[28.516507] (-) TimerEvent: {}
[28.617075] (-) TimerEvent: {}
[28.717673] (-) TimerEvent: {}
[28.818894] (-) TimerEvent: {}
[28.919371] (-) TimerEvent: {}
[29.019832] (-) TimerEvent: {}
[29.120404] (-) TimerEvent: {}
[29.220948] (-) TimerEvent: {}
[29.321450] (-) TimerEvent: {}
[29.421938] (-) TimerEvent: {}
[29.523614] (-) TimerEvent: {}
[29.624110] (-) TimerEvent: {}
[29.726258] (-) TimerEvent: {}
[29.826864] (-) TimerEvent: {}
[29.927319] (-) TimerEvent: {}
[30.028514] (-) TimerEvent: {}
[30.129209] (-) TimerEvent: {}
[30.229927] (-) TimerEvent: {}
[30.330976] (-) TimerEvent: {}
[30.432766] (-) TimerEvent: {}
[30.533972] (-) TimerEvent: {}
[30.634547] (-) TimerEvent: {}
[30.735071] (-) TimerEvent: {}
[30.835533] (-) TimerEvent: {}
[30.936381] (-) TimerEvent: {}
[31.037224] (-) TimerEvent: {}
[31.137911] (-) TimerEvent: {}
[31.239220] (-) TimerEvent: {}
[31.340140] (-) TimerEvent: {}
[31.440680] (-) TimerEvent: {}
[31.541213] (-) TimerEvent: {}
[31.641756] (-) TimerEvent: {}
[31.742261] (-) TimerEvent: {}
[31.842774] (-) TimerEvent: {}
[31.943388] (-) TimerEvent: {}
[32.044896] (-) TimerEvent: {}
[32.145424] (-) TimerEvent: {}
[32.245994] (-) TimerEvent: {}
[32.346560] (-) TimerEvent: {}
[32.447131] (-) TimerEvent: {}
[32.547905] (-) TimerEvent: {}
[32.648390] (-) TimerEvent: {}
[32.748883] (-) TimerEvent: {}
[32.849367] (-) TimerEvent: {}
[32.949859] (-) TimerEvent: {}
[33.050412] (-) TimerEvent: {}
[33.150944] (-) TimerEvent: {}
[33.251450] (-) TimerEvent: {}
[33.351933] (-) TimerEvent: {}
[33.452417] (-) TimerEvent: {}
[33.554559] (-) TimerEvent: {}
[33.655018] (-) TimerEvent: {}
[33.756835] (-) TimerEvent: {}
[33.857351] (-) TimerEvent: {}
[33.957850] (-) TimerEvent: {}
[34.058348] (-) TimerEvent: {}
[34.158831] (-) TimerEvent: {}
[34.259402] (-) TimerEvent: {}
[34.360108] (-) TimerEvent: {}
[34.460889] (-) TimerEvent: {}
[34.561443] (-) TimerEvent: {}
[34.662130] (-) TimerEvent: {}
[34.762663] (-) TimerEvent: {}
[34.863271] (-) TimerEvent: {}
[34.963936] (-) TimerEvent: {}
[35.064580] (-) TimerEvent: {}
[35.165053] (-) TimerEvent: {}
[35.266133] (-) TimerEvent: {}
[35.366899] (-) TimerEvent: {}
[35.467417] (-) TimerEvent: {}
[35.567988] (-) TimerEvent: {}
[35.668613] (-) TimerEvent: {}
[35.769135] (-) TimerEvent: {}
[35.871434] (-) TimerEvent: {}
[35.972011] (-) TimerEvent: {}
[36.072677] (-) TimerEvent: {}
[36.173274] (-) TimerEvent: {}
[36.273724] (-) TimerEvent: {}
[36.376731] (-) TimerEvent: {}
[36.477252] (-) TimerEvent: {}
[36.577763] (-) TimerEvent: {}
[36.678272] (-) TimerEvent: {}
[36.779401] (-) TimerEvent: {}
[36.880354] (-) TimerEvent: {}
[36.980886] (-) TimerEvent: {}
[37.081369] (-) TimerEvent: {}
[37.181874] (-) TimerEvent: {}
[37.282635] (-) TimerEvent: {}
[37.383174] (-) TimerEvent: {}
[37.484256] (-) TimerEvent: {}
[37.585075] (-) TimerEvent: {}
[37.685597] (-) TimerEvent: {}
[37.787423] (-) TimerEvent: {}
[37.888011] (-) TimerEvent: {}
[37.988676] (-) TimerEvent: {}
[38.089571] (-) TimerEvent: {}
[38.190139] (-) TimerEvent: {}
[38.290628] (-) TimerEvent: {}
[38.391130] (-) TimerEvent: {}
[38.491657] (-) TimerEvent: {}
[38.592189] (-) TimerEvent: {}
[38.651191] (brain) StdoutLine: {'line': b'[ 36%] \x1b[32m\x1b[1mLinking CXX executable brain_node\x1b[0m\n'}
[38.692357] (-) TimerEvent: {}
[38.793993] (-) TimerEvent: {}
[38.894523] (-) TimerEvent: {}
[38.995021] (-) TimerEvent: {}
[39.097266] (-) TimerEvent: {}
[39.198141] (-) TimerEvent: {}
[39.298642] (-) TimerEvent: {}
[39.399138] (-) TimerEvent: {}
[39.499672] (-) TimerEvent: {}
[39.600256] (-) TimerEvent: {}
[39.700758] (-) TimerEvent: {}
[39.801273] (-) TimerEvent: {}
[39.901950] (-) TimerEvent: {}
[40.002518] (-) TimerEvent: {}
[40.103055] (-) TimerEvent: {}
[40.203637] (-) TimerEvent: {}
[40.304273] (-) TimerEvent: {}
[40.404810] (-) TimerEvent: {}
[40.505485] (-) TimerEvent: {}
[40.606258] (-) TimerEvent: {}
[40.707369] (-) TimerEvent: {}
[40.808043] (-) TimerEvent: {}
[40.909385] (-) TimerEvent: {}
[41.009955] (-) TimerEvent: {}
[41.110535] (-) TimerEvent: {}
[41.211065] (-) TimerEvent: {}
[41.312461] (-) TimerEvent: {}
[41.413000] (-) TimerEvent: {}
[41.513492] (-) TimerEvent: {}
[41.614030] (-) TimerEvent: {}
[41.714491] (-) TimerEvent: {}
[41.814958] (-) TimerEvent: {}
[41.915444] (-) TimerEvent: {}
[42.015988] (-) TimerEvent: {}
[42.116522] (-) TimerEvent: {}
[42.217253] (-) TimerEvent: {}
[42.317831] (-) TimerEvent: {}
[42.418618] (-) TimerEvent: {}
[42.520302] (-) TimerEvent: {}
[42.620824] (-) TimerEvent: {}
[42.721333] (-) TimerEvent: {}
[42.821953] (-) TimerEvent: {}
[42.922847] (-) TimerEvent: {}
[43.023443] (-) TimerEvent: {}
[43.124403] (-) TimerEvent: {}
[43.225117] (-) TimerEvent: {}
[43.325643] (-) TimerEvent: {}
[43.426196] (-) TimerEvent: {}
[43.526745] (-) TimerEvent: {}
[43.627239] (-) TimerEvent: {}
[43.727808] (-) TimerEvent: {}
[43.828323] (-) TimerEvent: {}
[43.928892] (-) TimerEvent: {}
[44.029408] (-) TimerEvent: {}
[44.131418] (-) TimerEvent: {}
[44.231900] (-) TimerEvent: {}
[44.333467] (-) TimerEvent: {}
[44.434024] (-) TimerEvent: {}
[44.534602] (-) TimerEvent: {}
[44.635232] (-) TimerEvent: {}
[44.735810] (-) TimerEvent: {}
[44.836351] (-) TimerEvent: {}
[44.936818] (-) TimerEvent: {}
[45.037312] (-) TimerEvent: {}
[45.138068] (-) TimerEvent: {}
[45.238597] (-) TimerEvent: {}
[45.339120] (-) TimerEvent: {}
[45.439683] (-) TimerEvent: {}
[45.540190] (-) TimerEvent: {}
[45.640665] (-) TimerEvent: {}
[45.741679] (-) TimerEvent: {}
[45.842284] (-) TimerEvent: {}
[45.942807] (-) TimerEvent: {}
[46.043425] (-) TimerEvent: {}
[46.144198] (-) TimerEvent: {}
[46.247412] (-) TimerEvent: {}
[46.347933] (-) TimerEvent: {}
[46.448500] (-) TimerEvent: {}
[46.549011] (-) TimerEvent: {}
[46.649534] (-) TimerEvent: {}
[46.750216] (-) TimerEvent: {}
[46.851345] (-) TimerEvent: {}
[46.951929] (-) TimerEvent: {}
[47.052442] (-) TimerEvent: {}
[47.152948] (-) TimerEvent: {}
[47.253406] (-) TimerEvent: {}
[47.354413] (-) TimerEvent: {}
[47.455277] (-) TimerEvent: {}
[47.556028] (-) TimerEvent: {}
[47.657942] (-) TimerEvent: {}
[47.758876] (-) TimerEvent: {}
[47.859374] (-) TimerEvent: {}
[47.960419] (-) TimerEvent: {}
[48.061121] (-) TimerEvent: {}
[48.161638] (-) TimerEvent: {}
[48.262138] (-) TimerEvent: {}
[48.362597] (-) TimerEvent: {}
[48.463090] (-) TimerEvent: {}
[48.563987] (-) TimerEvent: {}
[48.664542] (-) TimerEvent: {}
[48.765030] (-) TimerEvent: {}
[48.865882] (-) TimerEvent: {}
[48.966716] (-) TimerEvent: {}
[49.067214] (-) TimerEvent: {}
[49.167704] (-) TimerEvent: {}
[49.268328] (-) TimerEvent: {}
[49.370773] (-) TimerEvent: {}
[49.471226] (-) TimerEvent: {}
[49.571907] (-) TimerEvent: {}
[49.672823] (-) TimerEvent: {}
[49.773348] (-) TimerEvent: {}
[49.873910] (-) TimerEvent: {}
[49.974888] (-) TimerEvent: {}
[50.075579] (-) TimerEvent: {}
[50.176151] (-) TimerEvent: {}
[50.277041] (-) TimerEvent: {}
[50.377562] (-) TimerEvent: {}
[50.478132] (-) TimerEvent: {}
[50.578629] (-) TimerEvent: {}
[50.679132] (-) TimerEvent: {}
[50.781807] (-) TimerEvent: {}
[50.882797] (-) TimerEvent: {}
[50.983416] (-) TimerEvent: {}
[51.083939] (-) TimerEvent: {}
[51.184594] (-) TimerEvent: {}
[51.285270] (-) TimerEvent: {}
[51.385816] (-) TimerEvent: {}
[51.486745] (-) TimerEvent: {}
[51.587170] (-) TimerEvent: {}
[51.687634] (-) TimerEvent: {}
[51.788120] (-) TimerEvent: {}
[51.888643] (-) TimerEvent: {}
[51.989274] (-) TimerEvent: {}
[52.090777] (-) TimerEvent: {}
[52.191315] (-) TimerEvent: {}
[52.291819] (-) TimerEvent: {}
[52.392931] (-) TimerEvent: {}
[52.493418] (-) TimerEvent: {}
[52.593916] (-) TimerEvent: {}
[52.694417] (-) TimerEvent: {}
[52.795067] (-) TimerEvent: {}
[52.895561] (-) TimerEvent: {}
[52.921641] (brain) StdoutLine: {'line': b'[ 56%] Built target brain_node\n'}
[52.974112] (brain) StdoutLine: {'line': b'[ 63%] Built target brain__rosidl_typesupport_c\n'}
[52.995740] (-) TimerEvent: {}
[53.026903] (brain) StdoutLine: {'line': b'[ 70%] Built target brain__rosidl_typesupport_introspection_c\n'}
[53.087220] (brain) StdoutLine: {'line': b'[ 78%] Built target brain__rosidl_typesupport_fastrtps_c\n'}
[53.095869] (-) TimerEvent: {}
[53.129342] (brain) StdoutLine: {'line': b'[ 78%] Built target brain\n'}
[53.174793] (brain) StdoutLine: {'line': b'[ 80%] Built target brain__py\n'}
[53.196020] (-) TimerEvent: {}
[53.229704] (brain) StdoutLine: {'line': b'[ 85%] Built target brain__rosidl_generator_py\n'}
[53.283946] (brain) StdoutLine: {'line': b'[ 90%] Built target brain__rosidl_typesupport_fastrtps_c__pyext\n'}
[53.296189] (-) TimerEvent: {}
[53.325182] (brain) StdoutLine: {'line': b'[ 95%] Built target brain__rosidl_typesupport_c__pyext\n'}
[53.389689] (brain) StdoutLine: {'line': b'[100%] Built target brain__rosidl_typesupport_introspection_c__pyext\n'}
[53.396281] (-) TimerEvent: {}
[53.415632] (brain) CommandEnded: {'returncode': 0}
[53.416665] (brain) JobProgress: {'identifier': 'brain', 'progress': 'install'}
[53.416734] (brain) Command: {'cmd': ['/usr/bin/cmake', '--install', '/home/booster/Workspace/Booster_T1_3v3_Demo/build/brain'], 'cwd': '/home/booster/Workspace/Booster_T1_3v3_Demo/build/brain', 'env': OrderedDict([('SUDO_GID', '0'), ('LESSOPEN', '| /usr/bin/lesspipe %s'), ('PYTHONWARNINGS', 'ignore::DeprecationWarning,ignore::UserWarning,ignore::FutureWarning'), ('MAIL', '/var/mail/root'), ('USER', 'root'), ('SHLVL', '2'), ('LD_LIBRARY_PATH', '/home/booster/Workspace/Booster_T1_3v3_Demo/install/vision_interface/lib:/home/booster/Workspace/Booster_T1_3v3_Demo/install/game_controller_interface/lib:/home/booster/Workspace/Booster_T1_3v3_Demo/install/booster_msgs/lib:/home/booster/Workspace/Booster_T1_3v3_Demo/install/booster_interface/lib:/opt/ros/humble/opt/rviz_ogre_vendor/lib:/opt/ros/humble/lib/aarch64-linux-gnu:/opt/ros/humble/lib'), ('HOME', '/root'), ('OLDPWD', '/home/booster/Workspace/Booster_T1_3v3_Demo/scripts'), ('ROS_PYTHON_VERSION', '3'), ('COLORTERM', 'truecolor'), ('SUDO_UID', '0'), ('ROS_DISTRO', 'humble'), ('LOGNAME', 'root'), ('_', '/usr/bin/colcon'), ('ROS_VERSION', '2'), ('TERM', 'xterm-256color'), ('ROS_LOCALHOST_ONLY', '0'), ('PATH', '/opt/ros/humble/bin:/usr/local/sbin:/usr/local/bin:/usr/sbin:/usr/bin:/sbin:/bin:/usr/games:/usr/local/games:/snap/bin'), ('FASTRTPS_DEFAULT_PROFILES_FILE', '/opt/booster/BoosterRos2/fastdds_profile.xml'), ('LANG', 'en_US.UTF-8'), ('LS_COLORS', 'rs=0:di=01;34:ln=01;36:mh=00:pi=40;33:so=01;35:do=01;35:bd=40;33;01:cd=40;33;01:or=40;31;01:mi=00:su=37;41:sg=30;43:ca=30;41:tw=30;42:ow=34;42:st=37;44:ex=01;32:*.tar=01;31:*.tgz=01;31:*.arc=01;31:*.arj=01;31:*.taz=01;31:*.lha=01;31:*.lz4=01;31:*.lzh=01;31:*.lzma=01;31:*.tlz=01;31:*.txz=01;31:*.tzo=01;31:*.t7z=01;31:*.zip=01;31:*.z=01;31:*.dz=01;31:*.gz=01;31:*.lrz=01;31:*.lz=01;31:*.lzo=01;31:*.xz=01;31:*.zst=01;31:*.tzst=01;31:*.bz2=01;31:*.bz=01;31:*.tbz=01;31:*.tbz2=01;31:*.tz=01;31:*.deb=01;31:*.rpm=01;31:*.jar=01;31:*.war=01;31:*.ear=01;31:*.sar=01;31:*.rar=01;31:*.alz=01;31:*.ace=01;31:*.zoo=01;31:*.cpio=01;31:*.7z=01;31:*.rz=01;31:*.cab=01;31:*.wim=01;31:*.swm=01;31:*.dwm=01;31:*.esd=01;31:*.jpg=01;35:*.jpeg=01;35:*.mjpg=01;35:*.mjpeg=01;35:*.gif=01;35:*.bmp=01;35:*.pbm=01;35:*.pgm=01;35:*.ppm=01;35:*.tga=01;35:*.xbm=01;35:*.xpm=01;35:*.tif=01;35:*.tiff=01;35:*.png=01;35:*.svg=01;35:*.svgz=01;35:*.mng=01;35:*.pcx=01;35:*.mov=01;35:*.mpg=01;35:*.mpeg=01;35:*.m2v=01;35:*.mkv=01;35:*.webm=01;35:*.webp=01;35:*.ogm=01;35:*.mp4=01;35:*.m4v=01;35:*.mp4v=01;35:*.vob=01;35:*.qt=01;35:*.nuv=01;35:*.wmv=01;35:*.asf=01;35:*.rm=01;35:*.rmvb=01;35:*.flc=01;35:*.avi=01;35:*.fli=01;35:*.flv=01;35:*.gl=01;35:*.dl=01;35:*.xcf=01;35:*.xwd=01;35:*.yuv=01;35:*.cgm=01;35:*.emf=01;35:*.ogv=01;35:*.ogx=01;35:*.aac=00;36:*.au=00;36:*.flac=00;36:*.m4a=00;36:*.mid=00;36:*.midi=00;36:*.mka=00;36:*.mp3=00;36:*.mpc=00;36:*.ogg=00;36:*.ra=00;36:*.wav=00;36:*.oga=00;36:*.opus=00;36:*.spx=00;36:*.xspf=00;36:'), ('SUDO_COMMAND', '/usr/bin/su'), ('AMENT_PREFIX_PATH', '/home/booster/Workspace/Booster_T1_3v3_Demo/install/vision_interface:/home/booster/Workspace/Booster_T1_3v3_Demo/install/game_controller_interface:/home/booster/Workspace/Booster_T1_3v3_Demo/install/booster_msgs:/home/booster/Workspace/Booster_T1_3v3_Demo/install/booster_interface:/opt/ros/humble'), ('SHELL', '/bin/bash'), ('SUDO_USER', 'root'), ('LESSCLOSE', '/usr/bin/lesspipe %s %s'), ('PWD', '/home/booster/Workspace/Booster_T1_3v3_Demo/build/brain'), ('PYTHONPATH', '/home/booster/Workspace/Booster_T1_3v3_Demo/install/vision_interface/local/lib/python3.10/dist-packages:/home/booster/Workspace/Booster_T1_3v3_Demo/install/game_controller_interface/local/lib/python3.10/dist-packages:/home/booster/Workspace/Booster_T1_3v3_Demo/install/booster_msgs/local/lib/python3.10/dist-packages:/home/booster/Workspace/Booster_T1_3v3_Demo/install/booster_interface/local/lib/python3.10/dist-packages:/opt/ros/humble/lib/python3.10/site-packages:/opt/ros/humble/local/lib/python3.10/dist-packages'), ('COLCON', '1'), ('CMAKE_PREFIX_PATH', '/home/booster/Workspace/Booster_T1_3v3_Demo/install/vision_interface:/home/booster/Workspace/Booster_T1_3v3_Demo/install/game_controller_interface:/home/booster/Workspace/Booster_T1_3v3_Demo/install/booster_msgs:/home/booster/Workspace/Booster_T1_3v3_Demo/install/booster_interface:/opt/ros/humble')]), 'shell': False}
[53.436336] (brain) StdoutLine: {'line': b'-- Install configuration: ""\n'}
[53.437147] (brain) StdoutLine: {'line': b'-- Execute custom install script\n'}
[53.438283] (brain) StdoutLine: {'line': b'-- Up-to-date symlink: /home/booster/Workspace/Booster_T1_3v3_Demo/install/brain/share/ament_index/resource_index/rosidl_interfaces/brain\n'}
[53.438612] (brain) StdoutLine: {'line': b'-- Up-to-date symlink: /home/booster/Workspace/Booster_T1_3v3_Demo/install/brain/include/brain/brain/msg/detail/kick__functions.h\n'}
[53.438829] (brain) StdoutLine: {'line': b'-- Up-to-date symlink: /home/booster/Workspace/Booster_T1_3v3_Demo/install/brain/include/brain/brain/msg/detail/kick__struct.h\n'}
[53.439000] (brain) StdoutLine: {'line': b'-- Up-to-date symlink: /home/booster/Workspace/Booster_T1_3v3_Demo/install/brain/include/brain/brain/msg/detail/kick__type_support.h\n'}
[53.439157] (brain) StdoutLine: {'line': b'-- Up-to-date symlink: /home/booster/Workspace/Booster_T1_3v3_Demo/install/brain/include/brain/brain/msg/kick.h\n'}
[53.439345] (brain) StdoutLine: {'line': b'-- Up-to-date symlink: /home/booster/Workspace/Booster_T1_3v3_Demo/install/brain/include/brain/brain/msg/rosidl_generator_c__visibility_control.h\n'}
[53.439956] (brain) StdoutLine: {'line': b'-- Up-to-date symlink: /home/booster/Workspace/Booster_T1_3v3_Demo/install/brain/share/brain/environment/library_path.sh\n'}
[53.440264] (brain) StdoutLine: {'line': b'-- Up-to-date symlink: /home/booster/Workspace/Booster_T1_3v3_Demo/install/brain/share/brain/environment/library_path.dsv\n'}
[53.440867] (brain) StdoutLine: {'line': b'-- Up-to-date symlink: /home/booster/Workspace/Booster_T1_3v3_Demo/install/brain/include/brain/brain/msg/detail/kick__rosidl_typesupport_fastrtps_c.h\n'}
[53.441097] (brain) StdoutLine: {'line': b'-- Up-to-date symlink: /home/booster/Workspace/Booster_T1_3v3_Demo/install/brain/include/brain/brain/msg/rosidl_typesupport_fastrtps_c__visibility_control.h\n'}
[53.441676] (brain) StdoutLine: {'line': b'-- Up-to-date symlink: /home/booster/Workspace/Booster_T1_3v3_Demo/install/brain/include/brain/brain/msg/detail/kick__builder.hpp\n'}
[53.442016] (brain) StdoutLine: {'line': b'-- Up-to-date symlink: /home/booster/Workspace/Booster_T1_3v3_Demo/install/brain/include/brain/brain/msg/detail/kick__struct.hpp\n'}
[53.442345] (brain) StdoutLine: {'line': b'-- Up-to-date symlink: /home/booster/Workspace/Booster_T1_3v3_Demo/install/brain/include/brain/brain/msg/detail/kick__traits.hpp\n'}
[53.442702] (brain) StdoutLine: {'line': b'-- Up-to-date symlink: /home/booster/Workspace/Booster_T1_3v3_Demo/install/brain/include/brain/brain/msg/detail/kick__type_support.hpp\n'}
[53.442847] (brain) StdoutLine: {'line': b'-- Up-to-date symlink: /home/booster/Workspace/Booster_T1_3v3_Demo/install/brain/include/brain/brain/msg/kick.hpp\n'}
[53.442978] (brain) StdoutLine: {'line': b'-- Up-to-date symlink: /home/booster/Workspace/Booster_T1_3v3_Demo/install/brain/include/brain/brain/msg/rosidl_generator_cpp__visibility_control.hpp\n'}
[53.443808] (brain) StdoutLine: {'line': b'-- Up-to-date symlink: /home/booster/Workspace/Booster_T1_3v3_Demo/install/brain/include/brain/brain/msg/detail/kick__rosidl_typesupport_fastrtps_cpp.hpp\n'}
[53.444110] (brain) StdoutLine: {'line': b'-- Up-to-date symlink: /home/booster/Workspace/Booster_T1_3v3_Demo/install/brain/include/brain/brain/msg/rosidl_typesupport_fastrtps_cpp__visibility_control.h\n'}
[53.444932] (brain) StdoutLine: {'line': b'-- Up-to-date symlink: /home/booster/Workspace/Booster_T1_3v3_Demo/install/brain/include/brain/brain/msg/detail/kick__rosidl_typesupport_introspection_c.h\n'}
[53.445477] (brain) StdoutLine: {'line': b'-- Up-to-date symlink: /home/booster/Workspace/Booster_T1_3v3_Demo/install/brain/include/brain/brain/msg/rosidl_typesupport_introspection_c__visibility_control.h\n'}
[53.445659] (brain) StdoutLine: {'line': b'-- Up-to-date symlink: /home/booster/Workspace/Booster_T1_3v3_Demo/install/brain/include/brain/brain/msg/detail/kick__rosidl_typesupport_introspection_cpp.hpp\n'}
[53.446192] (brain) StdoutLine: {'line': b'-- Up-to-date symlink: /home/booster/Workspace/Booster_T1_3v3_Demo/install/brain/share/brain/environment/pythonpath.sh\n'}
[53.452525] (brain) StdoutLine: {'line': b'-- Up-to-date symlink: /home/booster/Workspace/Booster_T1_3v3_Demo/install/brain/share/brain/environment/pythonpath.dsv\n'}
[53.453750] (brain) StdoutLine: {'line': b'-- Up-to-date symlink: /home/booster/Workspace/Booster_T1_3v3_Demo/install/brain/local/lib/python3.10/dist-packages/brain-0.0.0-py3.10.egg-info/PKG-INFO\n'}
[53.453915] (brain) StdoutLine: {'line': b'-- Up-to-date symlink: /home/booster/Workspace/Booster_T1_3v3_Demo/install/brain/local/lib/python3.10/dist-packages/brain-0.0.0-py3.10.egg-info/SOURCES.txt\n'}
[53.454027] (brain) StdoutLine: {'line': b'-- Up-to-date symlink: /home/booster/Workspace/Booster_T1_3v3_Demo/install/brain/local/lib/python3.10/dist-packages/brain-0.0.0-py3.10.egg-info/dependency_links.txt\n'}
[53.454156] (brain) StdoutLine: {'line': b'-- Up-to-date symlink: /home/booster/Workspace/Booster_T1_3v3_Demo/install/brain/local/lib/python3.10/dist-packages/brain-0.0.0-py3.10.egg-info/top_level.txt\n'}
[53.455407] (brain) StdoutLine: {'line': b'-- Up-to-date symlink: /home/booster/Workspace/Booster_T1_3v3_Demo/install/brain/local/lib/python3.10/dist-packages/brain/__init__.py\n'}
[53.455629] (brain) StdoutLine: {'line': b'-- Up-to-date symlink: /home/booster/Workspace/Booster_T1_3v3_Demo/install/brain/local/lib/python3.10/dist-packages/brain/_brain_s.ep.rosidl_typesupport_c.c\n'}
[53.455743] (brain) StdoutLine: {'line': b'-- Up-to-date symlink: /home/booster/Workspace/Booster_T1_3v3_Demo/install/brain/local/lib/python3.10/dist-packages/brain/_brain_s.ep.rosidl_typesupport_fastrtps_c.c\n'}
[53.455861] (brain) StdoutLine: {'line': b'-- Up-to-date symlink: /home/booster/Workspace/Booster_T1_3v3_Demo/install/brain/local/lib/python3.10/dist-packages/brain/_brain_s.ep.rosidl_typesupport_introspection_c.c\n'}
[53.455969] (brain) StdoutLine: {'line': b'-- Up-to-date symlink: /home/booster/Workspace/Booster_T1_3v3_Demo/install/brain/local/lib/python3.10/dist-packages/brain/brain_s__rosidl_typesupport_c.cpython-310-aarch64-linux-gnu.so\n'}
[53.456070] (brain) StdoutLine: {'line': b'-- Up-to-date symlink: /home/booster/Workspace/Booster_T1_3v3_Demo/install/brain/local/lib/python3.10/dist-packages/brain/brain_s__rosidl_typesupport_fastrtps_c.cpython-310-aarch64-linux-gnu.so\n'}
[53.456208] (brain) StdoutLine: {'line': b'-- Up-to-date symlink: /home/booster/Workspace/Booster_T1_3v3_Demo/install/brain/local/lib/python3.10/dist-packages/brain/brain_s__rosidl_typesupport_introspection_c.cpython-310-aarch64-linux-gnu.so\n'}
[53.456353] (brain) StdoutLine: {'line': b'-- Up-to-date symlink: /home/booster/Workspace/Booster_T1_3v3_Demo/install/brain/local/lib/python3.10/dist-packages/brain/libbrain__rosidl_generator_py.so\n'}
[53.456454] (brain) StdoutLine: {'line': b'-- Up-to-date symlink: /home/booster/Workspace/Booster_T1_3v3_Demo/install/brain/local/lib/python3.10/dist-packages/brain/msg/__init__.py\n'}
[53.456553] (brain) StdoutLine: {'line': b'-- Up-to-date symlink: /home/booster/Workspace/Booster_T1_3v3_Demo/install/brain/local/lib/python3.10/dist-packages/brain/msg/_kick.py\n'}
[53.456732] (brain) StdoutLine: {'line': b'-- Up-to-date symlink: /home/booster/Workspace/Booster_T1_3v3_Demo/install/brain/local/lib/python3.10/dist-packages/brain/msg/_kick_s.c\n'}
[53.456836] (brain) StdoutLine: {'line': b'-- Up-to-date symlink: /home/booster/Workspace/Booster_T1_3v3_Demo/install/brain/local/lib/python3.10/dist-packages/brain/brain_s__rosidl_typesupport_fastrtps_c.cpython-310-aarch64-linux-gnu.so\n'}
[53.456934] (brain) StdoutLine: {'line': b'-- Up-to-date symlink: /home/booster/Workspace/Booster_T1_3v3_Demo/install/brain/local/lib/python3.10/dist-packages/brain/brain_s__rosidl_typesupport_introspection_c.cpython-310-aarch64-linux-gnu.so\n'}
[53.457029] (brain) StdoutLine: {'line': b'-- Up-to-date symlink: /home/booster/Workspace/Booster_T1_3v3_Demo/install/brain/local/lib/python3.10/dist-packages/brain/brain_s__rosidl_typesupport_c.cpython-310-aarch64-linux-gnu.so\n'}
[53.457152] (brain) StdoutLine: {'line': b'-- Up-to-date symlink: /home/booster/Workspace/Booster_T1_3v3_Demo/install/brain/share/brain/msg/Kick.idl\n'}
[53.459647] (brain) StdoutLine: {'line': b'-- Up-to-date symlink: /home/booster/Workspace/Booster_T1_3v3_Demo/install/brain/share/brain/msg/Kick.msg\n'}
[53.461548] (brain) StdoutLine: {'line': b'-- Up-to-date symlink: /home/booster/Workspace/Booster_T1_3v3_Demo/install/brain/lib/brain/brain_node\n'}
[53.462152] (brain) StdoutLine: {'line': b'-- Up-to-date symlink: /home/booster/Workspace/Booster_T1_3v3_Demo/install/brain/share/brain/launch/launch.py\n'}
[53.462813] (brain) StdoutLine: {'line': b'-- Up-to-date symlink: /home/booster/Workspace/Booster_T1_3v3_Demo/install/brain/share/brain/config/config.yaml\n'}
[53.463164] (brain) StdoutLine: {'line': b'-- Up-to-date symlink: /home/booster/Workspace/Booster_T1_3v3_Demo/install/brain/share/brain/behavior_trees/assist.xml\n'}
[53.463350] (brain) StdoutLine: {'line': b'-- Up-to-date symlink: /home/booster/Workspace/Booster_T1_3v3_Demo/install/brain/share/brain/behavior_trees/chase.xml\n'}
[53.463526] (brain) StdoutLine: {'line': b'-- Up-to-date symlink: /home/booster/Workspace/Booster_T1_3v3_Demo/install/brain/share/brain/behavior_trees/game.xml\n'}
[53.463682] (brain) StdoutLine: {'line': b'-- Up-to-date symlink: /home/booster/Workspace/Booster_T1_3v3_Demo/install/brain/share/brain/behavior_trees/subtrees/defender.xml\n'}
[53.463875] (brain) StdoutLine: {'line': b'-- Up-to-date symlink: /home/booster/Workspace/Booster_T1_3v3_Demo/install/brain/share/brain/behavior_trees/subtrees/goalie.xml\n'}
[53.465340] (brain) StdoutLine: {'line': b'-- Up-to-date symlink: /home/booster/Workspace/Booster_T1_3v3_Demo/install/brain/share/brain/behavior_trees/subtrees/subtree_auto_standup_and_locate.xml\n'}
[53.465540] (brain) StdoutLine: {'line': b'-- Up-to-date symlink: /home/booster/Workspace/Booster_T1_3v3_Demo/install/brain/share/brain/behavior_trees/subtrees/subtree_cam_find_and_track_ball.xml\n'}
[53.466334] (brain) StdoutLine: {'line': b'-- Up-to-date symlink: /home/booster/Workspace/Booster_T1_3v3_Demo/install/brain/share/brain/behavior_trees/subtrees/subtree_defender_freekick.xml\n'}
[53.467131] (brain) StdoutLine: {'line': b'-- Up-to-date symlink: /home/booster/Workspace/Booster_T1_3v3_Demo/install/brain/share/brain/behavior_trees/subtrees/subtree_find_ball.xml\n'}
[53.467336] (brain) StdoutLine: {'line': b'-- Up-to-date symlink: /home/booster/Workspace/Booster_T1_3v3_Demo/install/brain/share/brain/behavior_trees/subtrees/subtree_goal_keeper_freekick.xml\n'}
[53.467469] (brain) StdoutLine: {'line': b'-- Up-to-date symlink: /home/booster/Workspace/Booster_T1_3v3_Demo/install/brain/share/brain/behavior_trees/subtrees/subtree_goal_keeper_play.xml\n'}
[53.468990] (brain) StdoutLine: {'line': b'-- Up-to-date symlink: /home/booster/Workspace/Booster_T1_3v3_Demo/install/brain/share/brain/behavior_trees/subtrees/subtree_locate.xml\n'}
[53.469118] (brain) StdoutLine: {'line': b'-- Up-to-date symlink: /home/booster/Workspace/Booster_T1_3v3_Demo/install/brain/share/brain/behavior_trees/subtrees/subtree_striker_freekick.xml\n'}
[53.469225] (brain) StdoutLine: {'line': b'-- Up-to-date symlink: /home/booster/Workspace/Booster_T1_3v3_Demo/install/brain/share/brain/behavior_trees/subtrees/subtree_striker_play.xml\n'}
[53.469333] (brain) StdoutLine: {'line': b'-- Up-to-date symlink: /home/booster/Workspace/Booster_T1_3v3_Demo/install/brain/share/brain/behavior_trees/test_adjust.xml\n'}
[53.469440] (brain) StdoutLine: {'line': b'-- Up-to-date symlink: /home/booster/Workspace/Booster_T1_3v3_Demo/install/brain/share/ament_index/resource_index/package_run_dependencies/brain\n'}
[53.469542] (brain) StdoutLine: {'line': b'-- Up-to-date symlink: /home/booster/Workspace/Booster_T1_3v3_Demo/install/brain/share/ament_index/resource_index/parent_prefix_path/brain\n'}
[53.469640] (brain) StdoutLine: {'line': b'-- Up-to-date symlink: /home/booster/Workspace/Booster_T1_3v3_Demo/install/brain/share/brain/environment/ament_prefix_path.sh\n'}
[53.479742] (brain) StdoutLine: {'line': b'-- Up-to-date symlink: /home/booster/Workspace/Booster_T1_3v3_Demo/install/brain/share/brain/environment/ament_prefix_path.dsv\n'}
[53.479931] (brain) StdoutLine: {'line': b'-- Up-to-date symlink: /home/booster/Workspace/Booster_T1_3v3_Demo/install/brain/share/brain/environment/path.sh\n'}
[53.480060] (brain) StdoutLine: {'line': b'-- Up-to-date symlink: /home/booster/Workspace/Booster_T1_3v3_Demo/install/brain/share/brain/environment/path.dsv\n'}
[53.486694] (brain) StdoutLine: {'line': b'-- Up-to-date symlink: /home/booster/Workspace/Booster_T1_3v3_Demo/install/brain/share/brain/local_setup.bash\n'}
[53.486943] (brain) StdoutLine: {'line': b'-- Up-to-date symlink: /home/booster/Workspace/Booster_T1_3v3_Demo/install/brain/share/brain/local_setup.sh\n'}
[53.487064] (brain) StdoutLine: {'line': b'-- Up-to-date symlink: /home/booster/Workspace/Booster_T1_3v3_Demo/install/brain/share/brain/local_setup.zsh\n'}
[53.487169] (brain) StdoutLine: {'line': b'-- Up-to-date symlink: /home/booster/Workspace/Booster_T1_3v3_Demo/install/brain/share/brain/local_setup.dsv\n'}
[53.487277] (brain) StdoutLine: {'line': b'-- Symlinking: /home/booster/Workspace/Booster_T1_3v3_Demo/install/brain/share/brain/package.dsv\n'}
[53.495355] (brain) StdoutLine: {'line': b'-- Up-to-date symlink: /home/booster/Workspace/Booster_T1_3v3_Demo/install/brain/share/ament_index/resource_index/packages/brain\n'}
[53.495755] (brain) StdoutLine: {'line': b'-- Up-to-date symlink: /home/booster/Workspace/Booster_T1_3v3_Demo/install/brain/share/brain/cmake/rosidl_cmake-extras.cmake\n'}
[53.496507] (-) TimerEvent: {}
[53.496833] (brain) StdoutLine: {'line': b'-- Up-to-date symlink: /home/booster/Workspace/Booster_T1_3v3_Demo/install/brain/share/brain/cmake/ament_cmake_export_dependencies-extras.cmake\n'}
[53.496999] (brain) StdoutLine: {'line': b'-- Up-to-date symlink: /home/booster/Workspace/Booster_T1_3v3_Demo/install/brain/share/brain/cmake/ament_cmake_export_include_directories-extras.cmake\n'}
[53.497123] (brain) StdoutLine: {'line': b'-- Up-to-date symlink: /home/booster/Workspace/Booster_T1_3v3_Demo/install/brain/share/brain/cmake/ament_cmake_export_libraries-extras.cmake\n'}
[53.497439] (brain) StdoutLine: {'line': b'-- Up-to-date symlink: /home/booster/Workspace/Booster_T1_3v3_Demo/install/brain/share/brain/cmake/ament_cmake_export_targets-extras.cmake\n'}
[53.497586] (brain) StdoutLine: {'line': b'-- Up-to-date symlink: /home/booster/Workspace/Booster_T1_3v3_Demo/install/brain/share/brain/cmake/rosidl_cmake_export_typesupport_targets-extras.cmake\n'}
[53.497754] (brain) StdoutLine: {'line': b'-- Up-to-date symlink: /home/booster/Workspace/Booster_T1_3v3_Demo/install/brain/share/brain/cmake/rosidl_cmake_export_typesupport_libraries-extras.cmake\n'}
[53.498055] (brain) StdoutLine: {'line': b'-- Up-to-date symlink: /home/booster/Workspace/Booster_T1_3v3_Demo/install/brain/share/brain/cmake/brainConfig.cmake\n'}
[53.498250] (brain) StdoutLine: {'line': b'-- Up-to-date symlink: /home/booster/Workspace/Booster_T1_3v3_Demo/install/brain/share/brain/cmake/brainConfig-version.cmake\n'}
[53.498623] (brain) StdoutLine: {'line': b'-- Up-to-date symlink: /home/booster/Workspace/Booster_T1_3v3_Demo/install/brain/share/brain/package.xml\n'}
[53.498839] (brain) StdoutLine: {'line': b'-- Up-to-date: /home/booster/Workspace/Booster_T1_3v3_Demo/install/brain/lib/libbrain__rosidl_generator_c.so\n'}
[53.501523] (brain) StdoutLine: {'line': b'-- Up-to-date: /home/booster/Workspace/Booster_T1_3v3_Demo/install/brain/lib/libbrain__rosidl_typesupport_fastrtps_c.so\n'}
[53.501813] (brain) StdoutLine: {'line': b'-- Up-to-date: /home/booster/Workspace/Booster_T1_3v3_Demo/install/brain/lib/libbrain__rosidl_typesupport_fastrtps_cpp.so\n'}
[53.502042] (brain) StdoutLine: {'line': b'-- Up-to-date: /home/booster/Workspace/Booster_T1_3v3_Demo/install/brain/lib/libbrain__rosidl_typesupport_introspection_c.so\n'}
[53.502295] (brain) StdoutLine: {'line': b'-- Up-to-date: /home/booster/Workspace/Booster_T1_3v3_Demo/install/brain/lib/libbrain__rosidl_typesupport_c.so\n'}
[53.503076] (brain) StdoutLine: {'line': b'-- Up-to-date: /home/booster/Workspace/Booster_T1_3v3_Demo/install/brain/lib/libbrain__rosidl_typesupport_introspection_cpp.so\n'}
[53.503277] (brain) StdoutLine: {'line': b'-- Up-to-date: /home/booster/Workspace/Booster_T1_3v3_Demo/install/brain/lib/libbrain__rosidl_typesupport_cpp.so\n'}
[53.585247] (brain) StdoutLine: {'line': b"Listing '/home/booster/Workspace/Booster_T1_3v3_Demo/install/brain/local/lib/python3.10/dist-packages/brain'...\n"}
[53.588766] (brain) StdoutLine: {'line': b"Listing '/home/booster/Workspace/Booster_T1_3v3_Demo/install/brain/local/lib/python3.10/dist-packages/brain/msg'...\n"}
[53.596693] (-) TimerEvent: {}
[53.610609] (brain) StdoutLine: {'line': b'-- Up-to-date: /home/booster/Workspace/Booster_T1_3v3_Demo/install/brain/lib/libbrain__rosidl_generator_py.so\n'}
[53.612935] (brain) StdoutLine: {'line': b'-- Up-to-date: /home/booster/Workspace/Booster_T1_3v3_Demo/install/brain/share/brain/cmake/export_brain__rosidl_generator_cExport.cmake\n'}
[53.613188] (brain) StdoutLine: {'line': b'-- Up-to-date: /home/booster/Workspace/Booster_T1_3v3_Demo/install/brain/share/brain/cmake/export_brain__rosidl_generator_cExport-noconfig.cmake\n'}
[53.613317] (brain) StdoutLine: {'line': b'-- Up-to-date: /home/booster/Workspace/Booster_T1_3v3_Demo/install/brain/share/brain/cmake/export_brain__rosidl_typesupport_fastrtps_cExport.cmake\n'}
[53.613433] (brain) StdoutLine: {'line': b'-- Up-to-date: /home/booster/Workspace/Booster_T1_3v3_Demo/install/brain/share/brain/cmake/export_brain__rosidl_typesupport_fastrtps_cExport-noconfig.cmake\n'}
[53.613539] (brain) StdoutLine: {'line': b'-- Up-to-date: /home/booster/Workspace/Booster_T1_3v3_Demo/install/brain/share/brain/cmake/export_brain__rosidl_generator_cppExport.cmake\n'}
[53.613654] (brain) StdoutLine: {'line': b'-- Up-to-date: /home/booster/Workspace/Booster_T1_3v3_Demo/install/brain/share/brain/cmake/export_brain__rosidl_typesupport_fastrtps_cppExport.cmake\n'}
[53.613759] (brain) StdoutLine: {'line': b'-- Up-to-date: /home/booster/Workspace/Booster_T1_3v3_Demo/install/brain/share/brain/cmake/export_brain__rosidl_typesupport_fastrtps_cppExport-noconfig.cmake\n'}
[53.613855] (brain) StdoutLine: {'line': b'-- Up-to-date: /home/booster/Workspace/Booster_T1_3v3_Demo/install/brain/share/brain/cmake/brain__rosidl_typesupport_introspection_cExport.cmake\n'}
[53.613950] (brain) StdoutLine: {'line': b'-- Up-to-date: /home/booster/Workspace/Booster_T1_3v3_Demo/install/brain/share/brain/cmake/brain__rosidl_typesupport_introspection_cExport-noconfig.cmake\n'}
[53.614082] (brain) StdoutLine: {'line': b'-- Up-to-date: /home/booster/Workspace/Booster_T1_3v3_Demo/install/brain/share/brain/cmake/brain__rosidl_typesupport_cExport.cmake\n'}
[53.617050] (brain) StdoutLine: {'line': b'-- Up-to-date: /home/booster/Workspace/Booster_T1_3v3_Demo/install/brain/share/brain/cmake/brain__rosidl_typesupport_cExport-noconfig.cmake\n'}
[53.618113] (brain) StdoutLine: {'line': b'-- Up-to-date: /home/booster/Workspace/Booster_T1_3v3_Demo/install/brain/share/brain/cmake/brain__rosidl_typesupport_introspection_cppExport.cmake\n'}
[53.618377] (brain) StdoutLine: {'line': b'-- Up-to-date: /home/booster/Workspace/Booster_T1_3v3_Demo/install/brain/share/brain/cmake/brain__rosidl_typesupport_introspection_cppExport-noconfig.cmake\n'}
[53.618532] (brain) StdoutLine: {'line': b'-- Up-to-date: /home/booster/Workspace/Booster_T1_3v3_Demo/install/brain/share/brain/cmake/brain__rosidl_typesupport_cppExport.cmake\n'}
[53.618999] (brain) StdoutLine: {'line': b'-- Up-to-date: /home/booster/Workspace/Booster_T1_3v3_Demo/install/brain/share/brain/cmake/brain__rosidl_typesupport_cppExport-noconfig.cmake\n'}
[53.619531] (brain) StdoutLine: {'line': b'-- Up-to-date: /home/booster/Workspace/Booster_T1_3v3_Demo/install/brain/share/brain/cmake/export_brain__rosidl_generator_pyExport.cmake\n'}
[53.619688] (brain) StdoutLine: {'line': b'-- Up-to-date: /home/booster/Workspace/Booster_T1_3v3_Demo/install/brain/share/brain/cmake/export_brain__rosidl_generator_pyExport-noconfig.cmake\n'}
[53.619868] (brain) CommandEnded: {'returncode': 0}
[53.664574] (brain) JobEnded: {'identifier': 'brain', 'rc': 0}
[53.666761] (-) EventReactorShutdown: {}
